head_dim,query_len,kv_len,k_chunk,data_seed,round,order_position,dataflow,elapsed_ms,gflops,reference_error,max_abs_error,correct,query_tile,kv_tile,order_seed
64,64,2048,32,11,0,0,ikj,0.219642,76.38437093,1.192092896e-07,0,true,64,64,20260814
64,64,2048,32,11,0,1,kij,0.220083,76.23131273,1.192092896e-07,0,true,64,64,20260814
64,64,2048,32,11,0,2,pace_fullk,0.211971,79.14863826,0,0,true,64,64,20260814
64,64,2048,32,11,1,0,pace_fullk,0.211931,79.16357682,0,0,true,64,64,20260814
64,64,2048,32,11,1,1,kij,0.220093,76.22784914,1.192092896e-07,0,true,64,64,20260814
64,64,2048,32,11,1,2,ikj,0.220043,76.24517026,1.192092896e-07,0,true,64,64,20260814
64,64,2048,32,11,2,0,pace_fullk,0.212271,79.03677846,0,0,true,64,64,20260814
64,64,2048,32,11,2,1,ikj,0.220263,76.16901613,1.192092896e-07,0,true,64,64,20260814
64,64,2048,32,11,2,2,kij,0.220373,76.13099608,1.192092896e-07,0,true,64,64,20260814
64,64,2048,32,11,3,0,pace_fullk,0.212051,79.11877803,0,0,true,64,64,20260814
64,64,2048,32,11,3,1,kij,0.231089,72.60066901,1.192092896e-07,0,true,64,64,20260814
64,64,2048,32,11,3,2,ikj,0.219913,76.29024205,1.192092896e-07,0,true,64,64,20260814
64,64,2048,32,11,4,0,pace_fullk,0.21213,79.08931316,0,0,true,64,64,20260814
64,64,2048,32,11,4,1,ikj,0.240924,69.63696435,1.192092896e-07,0,true,64,64,20260814
64,64,2048,32,11,4,2,kij,0.219792,76.33224139,1.192092896e-07,0,true,64,64,20260814
64,64,2048,32,11,5,0,kij,0.219952,76.27671492,1.192092896e-07,0,true,64,64,20260814
64,64,2048,32,11,5,1,ikj,0.235086,71.36629148,1.192092896e-07,0,true,64,64,20260814
64,64,2048,32,11,5,2,pace_fullk,0.15167,110.6165755,0,0,true,64,64,20260814
64,64,2048,32,11,6,0,pace_fullk,0.151689,110.60272,0,0,true,64,64,20260814
64,64,2048,32,11,6,1,ikj,0.157438,106.5639553,1.192092896e-07,0,true,64,64,20260814
64,64,2048,32,11,6,2,kij,0.157108,106.7877893,1.192092896e-07,0,true,64,64,20260814
64,64,2048,32,11,7,0,ikj,0.080853,207.5027024,1.192092896e-07,0,true,64,64,20260814
64,64,2048,32,11,7,1,pace_fullk,0.077908,215.3465113,0,0,true,64,64,20260814
64,64,2048,32,11,7,2,kij,0.080823,207.5797236,1.192092896e-07,0,true,64,64,20260814
64,64,2048,32,11,8,0,kij,0.080972,207.1977474,1.192092896e-07,0,true,64,64,20260814
64,64,2048,32,11,8,1,pace_fullk,0.077918,215.3188737,0,0,true,64,64,20260814
64,64,2048,32,11,8,2,ikj,0.081113,206.8375723,1.192092896e-07,0,true,64,64,20260814
64,64,2048,32,11,9,0,pace_fullk,0.078068,214.9051596,0,0,true,64,64,20260814
64,64,2048,32,11,9,1,ikj,0.080702,207.8909569,1.192092896e-07,0,true,64,64,20260814
64,64,2048,32,11,9,2,kij,0.080752,207.762235,1.192092896e-07,0,true,64,64,20260814
64,64,2048,32,11,10,0,kij,0.080942,207.2745423,1.192092896e-07,0,true,64,64,20260814
64,64,2048,32,11,10,1,pace_fullk,0.078058,214.9326911,0,0,true,64,64,20260814
64,64,2048,32,11,10,2,ikj,0.081193,206.6337738,1.192092896e-07,0,true,64,64,20260814
64,64,2048,32,11,11,0,pace_fullk,0.077928,215.2912432,0,0,true,64,64,20260814
64,64,2048,32,11,11,1,ikj,0.080842,207.5309369,1.192092896e-07,0,true,64,64,20260814
64,64,2048,32,11,11,2,kij,0.080702,207.8909569,1.192092896e-07,0,true,64,64,20260814
64,64,2048,32,11,12,0,pace_fullk,0.083446,201.054766,0,0,true,64,64,20260814
64,64,2048,32,11,12,1,kij,0.080662,207.9940492,1.192092896e-07,0,true,64,64,20260814
64,64,2048,32,11,12,2,ikj,0.080612,208.1230586,1.192092896e-07,0,true,64,64,20260814
64,64,2048,32,11,13,0,kij,0.085048,197.2676136,1.192092896e-07,0,true,64,64,20260814
64,64,2048,32,11,13,1,pace_fullk,0.077938,215.2636198,0,0,true,64,64,20260814
64,64,2048,32,11,13,2,ikj,0.080762,207.7365097,1.192092896e-07,0,true,64,64,20260814
64,64,2048,32,11,14,0,pace_fullk,0.077837,215.5429423,0,0,true,64,64,20260814
64,64,2048,32,11,14,1,kij,0.081053,206.9906851,1.192092896e-07,0,true,64,64,20260814
64,64,2048,32,11,14,2,ikj,0.080952,207.2489376,1.192092896e-07,0,true,64,64,20260814
64,64,2048,32,11,15,0,kij,0.080742,207.7879666,1.192092896e-07,0,true,64,64,20260814
64,64,2048,32,11,15,1,pace_fullk,0.078459,213.8341809,0,0,true,64,64,20260814
64,64,2048,32,11,15,2,ikj,0.081192,206.6363188,1.192092896e-07,0,true,64,64,20260814
64,64,2048,32,11,16,0,ikj,0.080552,208.2780812,1.192092896e-07,0,true,64,64,20260814
64,64,2048,32,11,16,1,kij,0.080853,207.5027024,1.192092896e-07,0,true,64,64,20260814
64,64,2048,32,11,16,2,pace_fullk,0.078989,212.3993974,0,0,true,64,64,20260814
64,64,2048,32,11,17,0,ikj,0.081363,206.2020329,1.192092896e-07,0,true,64,64,20260814
64,64,2048,32,11,17,1,kij,0.081013,207.0928863,1.192092896e-07,0,true,64,64,20260814
64,64,2048,32,11,17,2,pace_fullk,0.077918,215.3188737,0,0,true,64,64,20260814
64,64,2048,32,11,18,0,pace_fullk,0.077978,215.1531971,0,0,true,64,64,20260814
64,64,2048,32,11,18,1,ikj,0.080732,207.8137046,1.192092896e-07,0,true,64,64,20260814
64,64,2048,32,11,18,2,kij,0.080531,208.3323937,1.192092896e-07,0,true,64,64,20260814
64,64,2048,32,11,19,0,ikj,0.080562,208.2522281,1.192092896e-07,0,true,64,64,20260814
64,64,2048,32,11,19,1,pace_fullk,0.077868,215.4571326,0,0,true,64,64,20260814
64,64,2048,32,11,19,2,kij,0.080852,207.5052689,1.192092896e-07,0,true,64,64,20260814
64,64,2048,32,29,0,0,ikj,0.07964,210.6631843,5.960464478e-08,0,true,64,64,20260814
64,64,2048,32,29,0,1,kij,0.07977,210.3198696,5.960464478e-08,0,true,64,64,20260814
64,64,2048,32,29,0,2,pace_fullk,0.076636,218.9208205,0,0,true,64,64,20260814
64,64,2048,32,29,1,0,ikj,0.079701,210.501951,5.960464478e-08,0,true,64,64,20260814
64,64,2048,32,29,1,1,kij,0.079691,210.5283658,5.960464478e-08,0,true,64,64,20260814
64,64,2048,32,29,1,2,pace_fullk,0.076736,218.6355296,0,0,true,64,64,20260814
64,64,2048,32,29,2,0,ikj,0.079891,210.0013268,5.960464478e-08,0,true,64,64,20260814
64,64,2048,32,29,2,1,pace_fullk,0.076326,219.809973,0,0,true,64,64,20260814
64,64,2048,32,29,2,2,kij,0.079741,210.3963582,5.960464478e-08,0,true,64,64,20260814
64,64,2048,32,29,3,0,pace_fullk,0.076807,218.433424,0,0,true,64,64,20260814
64,64,2048,32,29,3,1,kij,0.07979,210.2671513,5.960464478e-08,0,true,64,64,20260814
64,64,2048,32,29,3,2,ikj,0.079711,210.4755429,5.960464478e-08,0,true,64,64,20260814
64,64,2048,32,29,4,0,ikj,0.07938,211.3531872,5.960464478e-08,0,true,64,64,20260814
64,64,2048,32,29,4,1,kij,0.079831,210.1591612,5.960464478e-08,0,true,64,64,20260814
64,64,2048,32,29,4,2,pace_fullk,0.076816,218.4078317,0,0,true,64,64,20260814
64,64,2048,32,29,5,0,ikj,0.079961,209.817486,5.960464478e-08,0,true,64,64,20260814
64,64,2048,32,29,5,1,kij,0.079831,210.1591612,5.960464478e-08,0,true,64,64,20260814
64,64,2048,32,29,5,2,pace_fullk,0.076406,219.5798236,0,0,true,64,64,20260814
64,64,2048,32,29,6,0,kij,0.080061,209.555414,5.960464478e-08,0,true,64,64,20260814
64,64,2048,32,29,6,1,pace_fullk,0.076365,219.6977149,0,0,true,64,64,20260814
64,64,2048,32,29,6,2,ikj,0.079871,210.0539119,5.960464478e-08,0,true,64,64,20260814
64,64,2048,32,29,7,0,pace_fullk,0.076396,219.6085659,0,0,true,64,64,20260814
64,64,2048,32,29,7,1,ikj,0.079891,210.0013268,5.960464478e-08,0,true,64,64,20260814
64,64,2048,32,29,7,2,kij,0.07953,210.954558,5.960464478e-08,0,true,64,64,20260814
64,64,2048,32,29,8,0,ikj,0.080471,208.4877285,5.960464478e-08,0,true,64,64,20260814
64,64,2048,32,29,8,1,kij,0.079681,210.5547872,5.960464478e-08,0,true,64,64,20260814
64,64,2048,32,29,8,2,pace_fullk,0.076545,219.181083,0,0,true,64,64,20260814
64,64,2048,32,29,9,0,kij,0.079801,210.2381674,5.960464478e-08,0,true,64,64,20260814
64,64,2048,32,29,9,1,ikj,0.079751,210.3699766,5.960464478e-08,0,true,64,64,20260814
64,64,2048,32,29,9,2,pace_fullk,0.076336,219.781178,0,0,true,64,64,20260814
64,64,2048,32,29,10,0,kij,0.079981,209.7650192,5.960464478e-08,0,true,64,64,20260814
64,64,2048,32,29,10,1,pace_fullk,0.083036,202.0474975,0,0,true,64,64,20260814
64,64,2048,32,29,10,2,ikj,0.07957,210.8485107,5.960464478e-08,0,true,64,64,20260814
64,64,2048,32,29,11,0,ikj,0.079981,209.7650192,5.960464478e-08,0,true,64,64,20260814
64,64,2048,32,29,11,1,pace_fullk,0.076386,219.6373157,0,0,true,64,64,20260814
64,64,2048,32,29,11,2,kij,0.080382,208.7185688,5.960464478e-08,0,true,64,64,20260814
64,64,2048,32,29,12,0,pace_fullk,0.076235,220.0723552,0,0,true,64,64,20260814
64,64,2048,32,29,12,1,kij,0.080492,208.433335,5.960464478e-08,0,true,64,64,20260814
64,64,2048,32,29,12,2,ikj,0.079631,210.6869938,5.960464478e-08,0,true,64,64,20260814
64,64,2048,32,29,13,0,ikj,0.07976,210.3462387,5.960464478e-08,0,true,64,64,20260814
64,64,2048,32,29,13,1,kij,0.079851,210.1065234,5.960464478e-08,0,true,64,64,20260814
64,64,2048,32,29,13,2,pace_fullk,0.076936,218.0671727,0,0,true,64,64,20260814
64,64,2048,32,29,14,0,pace_fullk,0.076325,219.8128529,0,0,true,64,64,20260814
64,64,2048,32,29,14,1,kij,0.0796,210.7690452,5.960464478e-08,0,true,64,64,20260814
64,64,2048,32,29,14,2,ikj,0.079881,210.0276161,5.960464478e-08,0,true,64,64,20260814
64,64,2048,32,29,15,0,kij,0.07963,210.6896396,5.960464478e-08,0,true,64,64,20260814
64,64,2048,32,29,15,1,pace_fullk,0.076365,219.6977149,0,0,true,64,64,20260814
64,64,2048,32,29,15,2,ikj,0.080421,208.6173512,5.960464478e-08,0,true,64,64,20260814
64,64,2048,32,29,16,0,kij,0.079711,210.4755429,5.960464478e-08,0,true,64,64,20260814
64,64,2048,32,29,16,1,ikj,0.07967,210.5838584,5.960464478e-08,0,true,64,64,20260814
64,64,2048,32,29,16,2,pace_fullk,0.076746,218.6070414,0,0,true,64,64,20260814
64,64,2048,32,29,17,0,kij,0.079881,210.0276161,5.960464478e-08,0,true,64,64,20260814
64,64,2048,32,29,17,1,ikj,0.079751,210.3699766,5.960464478e-08,0,true,64,64,20260814
64,64,2048,32,29,17,2,pace_fullk,0.076466,219.4075275,0,0,true,64,64,20260814
64,64,2048,32,29,18,0,ikj,0.079781,210.2908713,5.960464478e-08,0,true,64,64,20260814
64,64,2048,32,29,18,1,pace_fullk,0.076486,219.3501556,0,0,true,64,64,20260814
64,64,2048,32,29,18,2,kij,0.087532,191.6695151,5.960464478e-08,0,true,64,64,20260814
64,64,2048,32,29,19,0,ikj,0.080011,209.6863681,5.960464478e-08,0,true,64,64,20260814
64,64,2048,32,29,19,1,kij,0.079741,210.3963582,5.960464478e-08,0,true,64,64,20260814
64,64,2048,32,29,19,2,pace_fullk,0.076416,219.5510888,0,0,true,64,64,20260814
64,64,2048,32,47,0,0,ikj,0.080352,208.7964954,1.192092896e-07,0,true,64,64,20260814
64,64,2048,32,47,0,1,pace_fullk,0.076536,219.2068569,0,0,true,64,64,20260814
64,64,2048,32,47,0,2,kij,0.079891,210.0013268,1.192092896e-07,0,true,64,64,20260814
64,64,2048,32,47,1,0,ikj,0.079561,210.8723621,1.192092896e-07,0,true,64,64,20260814
64,64,2048,32,47,1,1,pace_fullk,0.076455,219.4390949,0,0,true,64,64,20260814
64,64,2048,32,47,1,2,kij,0.079611,210.7399229,1.192092896e-07,0,true,64,64,20260814
64,64,2048,32,47,2,0,kij,0.07991,209.9513953,1.192092896e-07,0,true,64,64,20260814
64,64,2048,32,47,2,1,ikj,0.07962,210.7161015,1.192092896e-07,0,true,64,64,20260814
64,64,2048,32,47,2,2,pace_fullk,0.076536,219.2068569,0,0,true,64,64,20260814
64,64,2048,32,47,3,0,ikj,0.079761,210.3436015,1.192092896e-07,0,true,64,64,20260814
64,64,2048,32,47,3,1,pace_fullk,0.082995,202.1473101,0,0,true,64,64,20260814
64,64,2048,32,47,3,2,kij,0.079771,210.3172331,1.192092896e-07,0,true,64,64,20260814
64,64,2048,32,47,4,0,pace_fullk,0.076626,218.9493905,0,0,true,64,64,20260814
64,64,2048,32,47,4,1,ikj,0.080311,208.9030892,1.192092896e-07,0,true,64,64,20260814
64,64,2048,32,47,4,2,kij,0.079841,210.132839,1.192092896e-07,0,true,64,64,20260814
64,64,2048,32,47,5,0,pace_fullk,0.076817,218.4049885,0,0,true,64,64,20260814
64,64,2048,32,47,5,1,kij,0.0795,211.0341635,1.192092896e-07,0,true,64,64,20260814
64,64,2048,32,47,5,2,ikj,0.079811,210.2118254,1.192092896e-07,0,true,64,64,20260814
64,64,2048,32,47,6,0,ikj,0.080021,209.6601642,1.192092896e-07,0,true,64,64,20260814
64,64,2048,32,47,6,1,kij,0.079831,210.1591612,1.192092896e-07,0,true,64,64,20260814
64,64,2048,32,47,6,2,pace_fullk,0.076906,218.1522378,0,0,true,64,64,20260814
64,64,2048,32,47,7,0,pace_fullk,0.076436,219.4936417,0,0,true,64,64,20260814
64,64,2048,32,47,7,1,ikj,0.080191,209.2156975,1.192092896e-07,0,true,64,64,20260814
64,64,2048,32,47,7,2,kij,0.0797,210.5045922,1.192092896e-07,0,true,64,64,20260814
64,64,2048,32,47,8,0,ikj,0.080181,209.2417904,1.192092896e-07,0,true,64,64,20260814
64,64,2048,32,47,8,1,kij,0.07973,210.4253857,1.192092896e-07,0,true,64,64,20260814
64,64,2048,32,47,8,2,pace_fullk,0.076666,218.8351551,0,0,true,64,64,20260814
64,64,2048,32,47,9,0,ikj,0.080101,209.4507684,1.192092896e-07,0,true,64,64,20260814
64,64,2048,32,47,9,1,pace_fullk,0.076466,219.4075275,0,0,true,64,64,20260814
64,64,2048,32,47,9,2,kij,0.080161,209.2939958,1.192092896e-07,0,true,64,64,20260814
64,64,2048,32,47,10,0,ikj,0.079901,209.9750441,1.192092896e-07,0,true,64,64,20260814
64,64,2048,32,47,10,1,kij,0.07977,210.3198696,1.192092896e-07,0,true,64,64,20260814
64,64,2048,32,47,10,2,pace_fullk,0.076486,219.3501556,0,0,true,64,64,20260814
64,64,2048,32,47,11,0,kij,0.080491,208.4359245,1.192092896e-07,0,true,64,64,20260814
64,64,2048,32,47,11,1,ikj,0.07988,210.0302454,1.192092896e-07,0,true,64,64,20260814
64,64,2048,32,47,11,2,pace_fullk,0.076316,219.8387756,0,0,true,64,64,20260814
64,64,2048,32,47,12,0,kij,0.079801,210.2381674,1.192092896e-07,0,true,64,64,20260814
64,64,2048,32,47,12,1,pace_fullk,0.076255,220.0146351,0,0,true,64,64,20260814
64,64,2048,32,47,12,2,ikj,0.079771,210.3172331,1.192092896e-07,0,true,64,64,20260814
64,64,2048,32,47,13,0,kij,0.079561,210.8723621,1.192092896e-07,0,true,64,64,20260814
64,64,2048,32,47,13,1,ikj,0.079861,210.0802144,1.192092896e-07,0,true,64,64,20260814
64,64,2048,32,47,13,2,pace_fullk,0.076496,219.3214809,0,0,true,64,64,20260814
64,64,2048,32,47,14,0,pace_fullk,0.076445,219.4678004,0,0,true,64,64,20260814
64,64,2048,32,47,14,1,ikj,0.079911,209.948768,1.192092896e-07,0,true,64,64,20260814
64,64,2048,32,47,14,2,kij,0.079691,210.5283658,1.192092896e-07,0,true,64,64,20260814
64,64,2048,32,47,15,0,pace_fullk,0.076375,219.6689493,0,0,true,64,64,20260814
64,64,2048,32,47,15,1,kij,0.0797,210.5045922,1.192092896e-07,0,true,64,64,20260814
64,64,2048,32,47,15,2,ikj,0.081192,206.6363188,1.192092896e-07,0,true,64,64,20260814
64,64,2048,32,47,16,0,pace_fullk,0.076536,219.2068569,0,0,true,64,64,20260814
64,64,2048,32,47,16,1,kij,0.079651,210.6340912,1.192092896e-07,0,true,64,64,20260814
64,64,2048,32,47,16,2,ikj,0.07978,210.2935071,1.192092896e-07,0,true,64,64,20260814
64,64,2048,32,47,17,0,ikj,0.082445,203.4958578,1.192092896e-07,0,true,64,64,20260814
64,64,2048,32,47,17,1,kij,0.08564,195.9039701,1.192092896e-07,0,true,64,64,20260814
64,64,2048,32,47,17,2,pace_fullk,0.076706,218.7210388,0,0,true,64,64,20260814
64,64,2048,32,47,18,0,ikj,0.07967,210.5838584,1.192092896e-07,0,true,64,64,20260814
64,64,2048,32,47,18,1,pace_fullk,0.076366,219.694838,0,0,true,64,64,20260814
64,64,2048,32,47,18,2,kij,0.079911,209.948768,1.192092896e-07,0,true,64,64,20260814
64,64,2048,32,47,19,0,ikj,0.079761,210.3436015,1.192092896e-07,0,true,64,64,20260814
64,64,2048,32,47,19,1,pace_fullk,0.076415,219.5539619,0,0,true,64,64,20260814
64,64,2048,32,47,19,2,kij,0.079581,210.8193664,1.192092896e-07,0,true,64,64,20260814
64,64,8192,32,11,0,0,pace_fullk,0.311171,215.6655472,0,0,true,64,64,20260814
64,64,8192,32,11,0,1,ikj,0.325422,206.2210422,1.192092896e-07,0,true,64,64,20260814
64,64,8192,32,11,0,2,kij,0.324721,206.6662273,1.192092896e-07,0,true,64,64,20260814
64,64,8192,32,11,1,0,kij,0.325342,206.271751,1.192092896e-07,0,true,64,64,20260814
64,64,8192,32,11,1,1,ikj,0.324541,206.7808505,1.192092896e-07,0,true,64,64,20260814
64,64,8192,32,11,1,2,pace_fullk,0.319503,210.0414206,0,0,true,64,64,20260814
64,64,8192,32,11,2,0,ikj,0.325201,206.3611859,1.192092896e-07,0,true,64,64,20260814
64,64,8192,32,11,2,1,kij,0.331992,202.1400034,1.192092896e-07,0,true,64,64,20260814
64,64,8192,32,11,2,2,pace_fullk,0.312873,214.4923467,0,0,true,64,64,20260814
64,64,8192,32,11,3,0,pace_fullk,0.311461,215.464742,0,0,true,64,64,20260814
64,64,8192,32,11,3,1,kij,0.325643,206.0810888,1.192092896e-07,0,true,64,64,20260814
64,64,8192,32,11,3,2,ikj,0.324991,206.4945306,1.192092896e-07,0,true,64,64,20260814
64,64,8192,32,11,4,0,kij,0.324621,206.7298912,1.192092896e-07,0,true,64,64,20260814
64,64,8192,32,11,4,1,ikj,0.325522,206.1576913,1.192092896e-07,0,true,64,64,20260814
64,64,8192,32,11,4,2,pace_fullk,0.314596,213.317601,0,0,true,64,64,20260814
64,64,8192,32,11,5,0,kij,0.325121,206.4119635,1.192092896e-07,0,true,64,64,20260814
64,64,8192,32,11,5,1,ikj,0.32389,207.1964679,1.192092896e-07,0,true,64,64,20260814
64,64,8192,32,11,5,2,pace_fullk,0.312693,214.6158181,0,0,true,64,64,20260814
64,64,8192,32,11,6,0,ikj,0.325412,206.2273794,1.192092896e-07,0,true,64,64,20260814
64,64,8192,32,11,6,1,kij,0.32389,207.1964679,1.192092896e-07,0,true,64,64,20260814
64,64,8192,32,11,6,2,pace_fullk,0.312843,214.5129154,0,0,true,64,64,20260814
64,64,8192,32,11,7,0,pace_fullk,0.3113,215.5761773,0,0,true,64,64,20260814
64,64,8192,32,11,7,1,ikj,0.325813,205.9735615,1.192092896e-07,0,true,64,64,20260814
64,64,8192,32,11,7,2,kij,0.324821,206.6026027,1.192092896e-07,0,true,64,64,20260814
64,64,8192,32,11,8,0,pace_fullk,0.313514,214.053803,0,0,true,64,64,20260814
64,64,8192,32,11,8,1,kij,0.335057,200.2908878,1.192092896e-07,0,true,64,64,20260814
64,64,8192,32,11,8,2,ikj,0.324291,206.9402604,1.192092896e-07,0,true,64,64,20260814
64,64,8192,32,11,9,0,ikj,0.32441,206.8643507,1.192092896e-07,0,true,64,64,20260814
64,64,8192,32,11,9,1,pace_fullk,0.321476,208.7523299,0,0,true,64,64,20260814
64,64,8192,32,11,9,2,kij,0.325332,206.2780913,1.192092896e-07,0,true,64,64,20260814
64,64,8192,32,11,10,0,pace_fullk,0.317831,211.1463765,0,0,true,64,64,20260814
64,64,8192,32,11,10,1,ikj,0.325372,206.2527323,1.192092896e-07,0,true,64,64,20260814
64,64,8192,32,11,10,2,kij,0.324732,206.6592267,1.192092896e-07,0,true,64,64,20260814
64,64,8192,32,11,11,0,kij,0.324511,206.7999667,1.192092896e-07,0,true,64,64,20260814
64,64,8192,32,11,11,1,pace_fullk,0.312873,214.4923467,0,0,true,64,64,20260814
64,64,8192,32,11,11,2,ikj,0.324892,206.5574529,1.192092896e-07,0,true,64,64,20260814
64,64,8192,32,11,12,0,ikj,0.324811,206.6089634,1.192092896e-07,0,true,64,64,20260814
64,64,8192,32,11,12,1,pace_fullk,0.313093,214.3416301,0,0,true,64,64,20260814
64,64,8192,32,11,12,2,kij,0.325432,206.2147054,1.192092896e-07,0,true,64,64,20260814
64,64,8192,32,11,13,0,kij,0.323659,207.344347,1.192092896e-07,0,true,64,64,20260814
64,64,8192,32,11,13,1,ikj,0.324721,206.6662273,1.192092896e-07,0,true,64,64,20260814
64,64,8192,32,11,13,2,pace_fullk,0.313514,214.053803,0,0,true,64,64,20260814
64,64,8192,32,11,14,0,pace_fullk,0.312362,214.8432396,0,0,true,64,64,20260814
64,64,8192,32,11,14,1,kij,0.325002,206.4875416,1.192092896e-07,0,true,64,64,20260814
64,64,8192,32,11,14,2,ikj,0.324321,206.9211183,1.192092896e-07,0,true,64,64,20260814
64,64,8192,32,11,15,0,pace_fullk,0.312914,214.4642426,0,0,true,64,64,20260814
64,64,8192,32,11,15,1,ikj,0.326063,205.8156369,1.192092896e-07,0,true,64,64,20260814
64,64,8192,32,11,15,2,kij,0.325322,206.284432,1.192092896e-07,0,true,64,64,20260814
64,64,8192,32,11,16,0,pace_fullk,0.312303,214.8838276,0,0,true,64,64,20260814
64,64,8192,32,11,16,1,ikj,0.324541,206.7808505,1.192092896e-07,0,true,64,64,20260814
64,64,8192,32,11,16,2,kij,0.324761,206.6407728,1.192092896e-07,0,true,64,64,20260814
64,64,8192,32,11,17,0,kij,0.332363,201.9143647,1.192092896e-07,0,true,64,64,20260814
64,64,8192,32,11,17,1,pace_fullk,0.312463,214.773794,0,0,true,64,64,20260814
64,64,8192,32,11,17,2,ikj,0.325783,205.9925288,1.192092896e-07,0,true,64,64,20260814
64,64,8192,32,11,18,0,ikj,0.32461,206.7368966,1.192092896e-07,0,true,64,64,20260814
64,64,8192,32,11,18,1,pace_fullk,0.312543,214.7188195,0,0,true,64,64,20260814
64,64,8192,32,11,18,2,kij,0.325602,206.1070387,1.192092896e-07,0,true,64,64,20260814
64,64,8192,32,11,19,0,pace_fullk,0.312302,214.8845156,0,0,true,64,64,20260814
64,64,8192,32,11,19,1,kij,0.325643,206.0810888,1.192092896e-07,0,true,64,64,20260814
64,64,8192,32,11,19,2,ikj,0.32422,206.9855777,1.192092896e-07,0,true,64,64,20260814
64,64,8192,32,29,0,0,pace_fullk,0.305922,219.3659299,0,0,true,64,64,20260814
64,64,8192,32,29,0,1,ikj,0.323048,207.7365097,1.192092896e-07,0,true,64,64,20260814
64,64,8192,32,29,0,2,kij,0.319272,210.19339,1.192092896e-07,0,true,64,64,20260814
64,64,8192,32,29,1,0,kij,0.319814,209.8371679,1.192092896e-07,0,true,64,64,20260814
64,64,8192,32,29,1,1,ikj,0.320084,209.6601642,1.192092896e-07,0,true,64,64,20260814
64,64,8192,32,29,1,2,pace_fullk,0.308346,217.6414288,0,0,true,64,64,20260814
64,64,8192,32,29,2,0,pace_fullk,0.306574,218.8993979,0,0,true,64,64,20260814
64,64,8192,32,29,2,1,ikj,0.320645,209.2933431,1.192092896e-07,0,true,64,64,20260814
64,64,8192,32,29,2,2,kij,0.319082,210.3185513,1.192092896e-07,0,true,64,64,20260814
64,64,8192,32,29,3,0,ikj,0.319563,210.001984,1.192092896e-07,0,true,64,64,20260814
64,64,8192,32,29,3,1,kij,0.320074,209.6667146,1.192092896e-07,0,true,64,64,20260814
64,64,8192,32,29,3,2,pace_fullk,0.308657,217.4221353,0,0,true,64,64,20260814
64,64,8192,32,29,4,0,pace_fullk,0.306543,218.9215347,0,0,true,64,64,20260814
64,64,8192,32,29,4,1,ikj,0.320725,209.241138,1.192092896e-07,0,true,64,64,20260814
64,64,8192,32,29,4,2,kij,0.318571,210.6559103,1.192092896e-07,0,true,64,64,20260814
64,64,8192,32,29,5,0,ikj,0.319933,209.7591183,1.192092896e-07,0,true,64,64,20260814
64,64,8192,32,29,5,1,kij,0.319152,210.2724219,1.192092896e-07,0,true,64,64,20260814
64,64,8192,32,29,5,2,pace_fullk,0.308386,217.613199,0,0,true,64,64,20260814
64,64,8192,32,29,6,0,ikj,0.320194,209.5881372,1.192092896e-07,0,true,64,64,20260814
64,64,8192,32,29,6,1,pace_fullk,0.311962,215.1187132,0,0,true,64,64,20260814
64,64,8192,32,29,6,2,kij,0.319574,209.9947555,1.192092896e-07,0,true,64,64,20260814
64,64,8192,32,29,7,0,kij,0.325722,206.0311063,1.192092896e-07,0,true,64,64,20260814
64,64,8192,32,29,7,1,pace_fullk,0.307164,218.4789363,0,0,true,64,64,20260814
64,64,8192,32,29,7,2,ikj,0.320424,209.4376951,1.192092896e-07,0,true,64,64,20260814
64,64,8192,32,29,8,0,pace_fullk,0.306644,218.849428,0,0,true,64,64,20260814
64,64,8192,32,29,8,1,ikj,0.320995,209.0651381,1.192092896e-07,0,true,64,64,20260814
64,64,8192,32,29,8,2,kij,0.320164,209.607776,1.192092896e-07,0,true,64,64,20260814
64,64,8192,32,29,9,0,kij,0.319523,210.0282734,1.192092896e-07,0,true,64,64,20260814
64,64,8192,32,29,9,1,ikj,0.319653,209.9428568,1.192092896e-07,0,true,64,64,20260814
64,64,8192,32,29,9,2,pace_fullk,0.308837,217.2954147,0,0,true,64,64,20260814
64,64,8192,32,29,10,0,pace_fullk,0.306404,219.0208483,0,0,true,64,64,20260814
64,64,8192,32,29,10,1,ikj,0.339804,197.4928606,1.192092896e-07,0,true,64,64,20260814
64,64,8192,32,29,10,2,kij,0.319153,210.2717631,1.192092896e-07,0,true,64,64,20260814
64,64,8192,32,29,11,0,kij,0.319193,210.2454127,1.192092896e-07,0,true,64,64,20260814
64,64,8192,32,29,11,1,ikj,0.319613,209.9691314,1.192092896e-07,0,true,64,64,20260814
64,64,8192,32,29,11,2,pace_fullk,0.308807,217.3165246,0,0,true,64,64,20260814
64,64,8192,32,29,12,0,pace_fullk,0.306153,219.2004129,0,0,true,64,64,20260814
64,64,8192,32,29,12,1,ikj,0.320855,209.1563603,1.192092896e-07,0,true,64,64,20260814
64,64,8192,32,29,12,2,kij,0.319404,210.1065234,1.192092896e-07,0,true,64,64,20260814
64,64,8192,32,29,13,0,ikj,0.318702,210.5693218,1.192092896e-07,0,true,64,64,20260814
64,64,8192,32,29,13,1,pace_fullk,0.314225,213.5694614,0,0,true,64,64,20260814
64,64,8192,32,29,13,2,kij,0.321016,209.0514616,1.192092896e-07,0,true,64,64,20260814
64,64,8192,32,29,14,0,kij,0.326634,205.4558435,1.192092896e-07,0,true,64,64,20260814
64,64,8192,32,29,14,1,pace_fullk,0.307235,218.4284473,0,0,true,64,64,20260814
64,64,8192,32,29,14,2,ikj,0.319783,209.8575096,1.192092896e-07,0,true,64,64,20260814
64,64,8192,32,29,15,0,ikj,0.320785,209.2020013,1.192092896e-07,0,true,64,64,20260814
64,64,8192,32,29,15,1,kij,0.319012,210.364701,1.192092896e-07,0,true,64,64,20260814
64,64,8192,32,29,15,2,pace_fullk,0.307535,218.2153706,0,0,true,64,64,20260814
64,64,8192,32,29,16,0,ikj,0.319393,210.1137595,1.192092896e-07,0,true,64,64,20260814
64,64,8192,32,29,16,1,pace_fullk,0.306633,218.8572789,0,0,true,64,64,20260814
64,64,8192,32,29,16,2,kij,0.319033,210.350854,1.192092896e-07,0,true,64,64,20260814
64,64,8192,32,29,17,0,ikj,0.320144,209.6208706,1.192092896e-07,0,true,64,64,20260814
64,64,8192,32,29,17,1,kij,0.319493,210.0479948,1.192092896e-07,0,true,64,64,20260814
64,64,8192,32,29,17,2,pace_fullk,0.308687,217.4010049,0,0,true,64,64,20260814
64,64,8192,32,29,18,0,pace_fullk,0.306914,218.6569006,0,0,true,64,64,20260814
64,64,8192,32,29,18,1,kij,0.321126,208.9798521,1.192092896e-07,0,true,64,64,20260814
64,64,8192,32,29,18,2,ikj,0.319323,210.1598194,1.192092896e-07,0,true,64,64,20260814
64,64,8192,32,29,19,0,ikj,0.319353,210.140077,1.192092896e-07,0,true,64,64,20260814
64,64,8192,32,29,19,1,kij,0.319984,209.7256863,1.192092896e-07,0,true,64,64,20260814
64,64,8192,32,29,19,2,pace_fullk,0.309659,216.7185969,0,0,true,64,64,20260814
64,64,8192,32,47,0,0,pace_fullk,0.306453,218.9858282,0,0,true,64,64,20260814
64,64,8192,32,47,0,1,kij,0.320004,209.7125786,1.192092896e-07,0,true,64,64,20260814
64,64,8192,32,47,0,2,ikj,0.318491,210.7088238,1.192092896e-07,0,true,64,64,20260814
64,64,8192,32,47,1,0,ikj,0.318562,210.6618617,1.192092896e-07,0,true,64,64,20260814
64,64,8192,32,47,1,1,pace_fullk,0.306534,218.9279623,0,0,true,64,64,20260814
64,64,8192,32,47,1,2,kij,0.318391,210.7750031,1.192092896e-07,0,true,64,64,20260814
64,64,8192,32,47,2,0,ikj,0.318301,210.8346,1.192092896e-07,0,true,64,64,20260814
64,64,8192,32,47,2,1,pace_fullk,0.306824,218.7210388,0,0,true,64,64,20260814
64,64,8192,32,47,2,2,kij,0.319043,210.3442608,1.192092896e-07,0,true,64,64,20260814
64,64,8192,32,47,3,0,kij,0.319343,210.1466574,1.192092896e-07,0,true,64,64,20260814
64,64,8192,32,47,3,1,pace_fullk,0.307495,218.2437568,0,0,true,64,64,20260814
64,64,8192,32,47,3,2,ikj,0.319213,210.2322399,1.192092896e-07,0,true,64,64,20260814
64,64,8192,32,47,4,0,pace_fullk,0.307094,218.5287371,0,0,true,64,64,20260814
64,64,8192,32,47,4,1,kij,0.319143,210.2783517,1.192092896e-07,0,true,64,64,20260814
64,64,8192,32,47,4,2,ikj,0.318451,210.7352905,1.192092896e-07,0,true,64,64,20260814
64,64,8192,32,47,5,0,ikj,0.32407,207.0813837,1.192092896e-07,0,true,64,64,20260814
64,64,8192,32,47,5,1,pace_fullk,0.307455,218.2721504,0,0,true,64,64,20260814
64,64,8192,32,47,5,2,kij,0.319413,210.1006033,1.192092896e-07,0,true,64,64,20260814
64,64,8192,32,47,6,0,pace_fullk,0.307005,218.5920881,0,0,true,64,64,20260814
64,64,8192,32,47,6,1,kij,0.319714,209.9028006,1.192092896e-07,0,true,64,64,20260814
64,64,8192,32,47,6,2,ikj,0.318461,210.7286732,1.192092896e-07,0,true,64,64,20260814
64,64,8192,32,47,7,0,pace_fullk,0.306303,219.093068,0,0,true,64,64,20260814
64,64,8192,32,47,7,1,kij,0.319052,210.3383273,1.192092896e-07,0,true,64,64,20260814
64,64,8192,32,47,7,2,ikj,0.318151,210.934003,1.192092896e-07,0,true,64,64,20260814
64,64,8192,32,47,8,0,kij,0.318872,210.4570611,1.192092896e-07,0,true,64,64,20260814
64,64,8192,32,47,8,1,pace_fullk,0.307625,218.1515286,0,0,true,64,64,20260814
64,64,8192,32,47,8,2,ikj,0.319133,210.2849408,1.192092896e-07,0,true,64,64,20260814
64,64,8192,32,47,9,0,ikj,0.319283,210.1861483,1.192092896e-07,0,true,64,64,20260814
64,64,8192,32,47,9,1,pace_fullk,0.307966,217.9099771,0,0,true,64,64,20260814
64,64,8192,32,47,9,2,kij,0.319583,209.9888417,1.192092896e-07,0,true,64,64,20260814
64,64,8192,32,47,10,0,ikj,0.318692,210.5759291,1.192092896e-07,0,true,64,64,20260814
64,64,8192,32,47,10,1,kij,0.318672,210.589145,1.192092896e-07,0,true,64,64,20260814
64,64,8192,32,47,10,2,pace_fullk,0.308267,217.697204,0,0,true,64,64,20260814
64,64,8192,32,47,11,0,pace_fullk,0.305963,219.3365342,0,0,true,64,64,20260814
64,64,8192,32,47,11,1,kij,0.318621,210.6228529,1.192092896e-07,0,true,64,64,20260814
64,64,8192,32,47,11,2,ikj,0.31761,211.2932968,1.192092896e-07,0,true,64,64,20260814
64,64,8192,32,47,12,0,kij,0.326003,205.8535167,1.192092896e-07,0,true,64,64,20260814
64,64,8192,32,47,12,1,pace_fullk,0.307425,218.2934504,0,0,true,64,64,20260814
64,64,8192,32,47,12,2,ikj,0.329328,203.7751543,1.192092896e-07,0,true,64,64,20260814
64,64,8192,32,47,13,0,pace_fullk,0.305993,219.3150301,0,0,true,64,64,20260814
64,64,8192,32,47,13,1,kij,0.320454,209.4180881,1.192092896e-07,0,true,64,64,20260814
64,64,8192,32,47,13,2,ikj,0.319453,210.0742957,1.192092896e-07,0,true,64,64,20260814
64,64,8192,32,47,14,0,ikj,0.318461,210.7286732,1.192092896e-07,0,true,64,64,20260814
64,64,8192,32,47,14,1,kij,0.319322,210.1604775,1.192092896e-07,0,true,64,64,20260814
64,64,8192,32,47,14,2,pace_fullk,0.307825,218.0097913,0,0,true,64,64,20260814
64,64,8192,32,47,15,0,ikj,0.319713,209.9034572,1.192092896e-07,0,true,64,64,20260814
64,64,8192,32,47,15,1,pace_fullk,0.306364,219.0494445,0,0,true,64,64,20260814
64,64,8192,32,47,15,2,kij,0.318822,210.4900666,1.192092896e-07,0,true,64,64,20260814
64,64,8192,32,47,16,0,ikj,0.320345,209.4893443,1.192092896e-07,0,true,64,64,20260814
64,64,8192,32,47,16,1,pace_fullk,0.307816,218.0161655,0,0,true,64,64,20260814
64,64,8192,32,47,16,2,kij,0.318782,210.5164783,1.192092896e-07,0,true,64,64,20260814
64,64,8192,32,47,17,0,ikj,0.318962,210.3976775,1.192092896e-07,0,true,64,64,20260814
64,64,8192,32,47,17,1,pace_fullk,0.307155,218.485338,0,0,true,64,64,20260814
64,64,8192,32,47,17,2,kij,0.319974,209.7322407,1.192092896e-07,0,true,64,64,20260814
64,64,8192,32,47,18,0,ikj,0.318331,210.8147306,1.192092896e-07,0,true,64,64,20260814
64,64,8192,32,47,18,1,pace_fullk,0.307164,218.4789363,0,0,true,64,64,20260814
64,64,8192,32,47,18,2,kij,0.318902,210.4372629,1.192092896e-07,0,true,64,64,20260814
64,64,8192,32,47,19,0,pace_fullk,0.312683,214.6226818,0,0,true,64,64,20260814
64,64,8192,32,47,19,1,ikj,0.319373,210.1269174,1.192092896e-07,0,true,64,64,20260814
64,64,8192,32,47,19,2,kij,0.318582,210.6486368,1.192092896e-07,0,true,64,64,20260814
64,64,16384,32,11,0,0,kij,0.651245,206.0940629,1.192092896e-07,0,true,64,64,20260814
64,64,16384,32,11,0,1,pace_fullk,0.627439,213.9135884,0,0,true,64,64,20260814
64,64,16384,32,11,0,2,ikj,0.65435,205.1161122,1.192092896e-07,0,true,64,64,20260814
64,64,16384,32,11,1,0,pace_fullk,0.626287,214.3070637,0,0,true,64,64,20260814
64,64,16384,32,11,1,1,ikj,0.654049,205.2105087,1.192092896e-07,0,true,64,64,20260814
64,64,16384,32,11,1,2,kij,0.651716,205.9451172,1.192092896e-07,0,true,64,64,20260814
64,64,16384,32,11,2,0,ikj,0.652217,205.7869206,1.192092896e-07,0,true,64,64,20260814
64,64,16384,32,11,2,1,pace_fullk,0.627829,213.7807078,0,0,true,64,64,20260814
64,64,16384,32,11,2,2,kij,0.65423,205.1537349,1.192092896e-07,0,true,64,64,20260814
64,64,16384,32,11,3,0,kij,0.663033,202.4299364,1.192092896e-07,0,true,64,64,20260814
64,64,16384,32,11,3,1,ikj,0.655912,204.6276452,1.192092896e-07,0,true,64,64,20260814
64,64,16384,32,11,3,2,pace_fullk,0.637514,210.5329891,0,0,true,64,64,20260814
64,64,16384,32,11,4,0,ikj,0.658907,203.6975294,1.192092896e-07,0,true,64,64,20260814
64,64,16384,32,11,4,1,pace_fullk,0.625676,214.5163439,0,0,true,64,64,20260814
64,64,16384,32,11,4,2,kij,0.653909,205.2544437,1.192092896e-07,0,true,64,64,20260814
64,64,16384,32,11,5,0,pace_fullk,0.626578,214.2075336,0,0,true,64,64,20260814
64,64,16384,32,11,5,1,kij,0.655081,204.8872246,1.192092896e-07,0,true,64,64,20260814
64,64,16384,32,11,5,2,ikj,0.652327,205.7522194,1.192092896e-07,0,true,64,64,20260814
64,64,16384,32,11,6,0,ikj,0.652237,205.7806104,1.192092896e-07,0,true,64,64,20260814
64,64,16384,32,11,6,1,kij,0.651366,206.0557782,1.192092896e-07,0,true,64,64,20260814
64,64,16384,32,11,6,2,pace_fullk,0.62812,213.6816659,0,0,true,64,64,20260814
64,64,16384,32,11,7,0,kij,0.65472,205.0001955,1.192092896e-07,0,true,64,64,20260814
64,64,16384,32,11,7,1,pace_fullk,0.625165,214.6916862,0,0,true,64,64,20260814
64,64,16384,32,11,7,2,ikj,0.65466,205.0189839,1.192092896e-07,0,true,64,64,20260814
64,64,16384,32,11,8,0,ikj,0.651195,206.1098872,1.192092896e-07,0,true,64,64,20260814
64,64,16384,32,11,8,1,kij,0.651405,206.0434415,1.192092896e-07,0,true,64,64,20260814
64,64,16384,32,11,8,2,pace_fullk,0.629622,213.1719158,0,0,true,64,64,20260814
64,64,16384,32,11,9,0,ikj,0.654921,204.9372795,1.192092896e-07,0,true,64,64,20260814
64,64,16384,32,11,9,1,kij,0.651696,205.9514375,1.192092896e-07,0,true,64,64,20260814
64,64,16384,32,11,9,2,pace_fullk,0.626948,214.0811168,0,0,true,64,64,20260814
64,64,16384,32,11,10,0,kij,0.663413,202.3139854,1.192092896e-07,0,true,64,64,20260814
64,64,16384,32,11,10,1,ikj,0.663533,202.2773969,1.192092896e-07,0,true,64,64,20260814
64,64,16384,32,11,10,2,pace_fullk,0.635331,211.2563813,0,0,true,64,64,20260814
64,64,16384,32,11,11,0,kij,0.664996,201.832384,1.192092896e-07,0,true,64,64,20260814
64,64,16384,32,11,11,1,pace_fullk,0.633267,211.9449269,0,0,true,64,64,20260814
64,64,16384,32,11,11,2,ikj,0.65472,205.0001955,1.192092896e-07,0,true,64,64,20260814
64,64,16384,32,11,12,0,ikj,0.651325,206.0687491,1.192092896e-07,0,true,64,64,20260814
64,64,16384,32,11,12,1,kij,0.652577,205.6733964,1.192092896e-07,0,true,64,64,20260814
64,64,16384,32,11,12,2,pace_fullk,0.630984,212.7117772,0,0,true,64,64,20260814
64,64,16384,32,11,13,0,kij,0.65482,204.9688892,1.192092896e-07,0,true,64,64,20260814
64,64,16384,32,11,13,1,pace_fullk,0.626387,214.2728505,0,0,true,64,64,20260814
64,64,16384,32,11,13,2,ikj,0.655962,204.6120476,1.192092896e-07,0,true,64,64,20260814
64,64,16384,32,11,14,0,pace_fullk,0.625707,214.5057159,0,0,true,64,64,20260814
64,64,16384,32,11,14,1,kij,0.655912,204.6276452,1.192092896e-07,0,true,64,64,20260814
64,64,16384,32,11,14,2,ikj,0.651535,206.0023299,1.192092896e-07,0,true,64,64,20260814
64,64,16384,32,11,15,0,kij,0.650965,206.1827103,1.192092896e-07,0,true,64,64,20260814
64,64,16384,32,11,15,1,pace_fullk,0.629102,213.3481184,0,0,true,64,64,20260814
64,64,16384,32,11,15,2,ikj,0.65438,205.1067086,1.192092896e-07,0,true,64,64,20260814
64,64,16384,32,11,16,0,kij,0.651435,206.0339527,1.192092896e-07,0,true,64,64,20260814
64,64,16384,32,11,16,1,ikj,0.651575,205.9896835,1.192092896e-07,0,true,64,64,20260814
64,64,16384,32,11,16,2,pace_fullk,0.62796,213.7361106,0,0,true,64,64,20260814
64,64,16384,32,11,17,0,kij,0.65482,204.9688892,1.192092896e-07,0,true,64,64,20260814
64,64,16384,32,11,17,1,ikj,0.652627,205.657639,1.192092896e-07,0,true,64,64,20260814
64,64,16384,32,11,17,2,pace_fullk,0.630774,212.7825941,0,0,true,64,64,20260814
64,64,16384,32,11,18,0,kij,0.659828,203.4132047,1.192092896e-07,0,true,64,64,20260814
64,64,16384,32,11,18,1,ikj,0.656333,204.4963883,1.192092896e-07,0,true,64,64,20260814
64,64,16384,32,11,18,2,pace_fullk,0.634329,211.5900865,0,0,true,64,64,20260814
64,64,16384,32,11,19,0,kij,0.66115,203.0064705,1.192092896e-07,0,true,64,64,20260814
64,64,16384,32,11,19,1,ikj,0.651565,205.9928449,1.192092896e-07,0,true,64,64,20260814
64,64,16384,32,11,19,2,pace_fullk,0.627619,213.8522384,0,0,true,64,64,20260814
64,64,16384,32,29,0,0,ikj,0.639317,209.9392445,1.192092896e-07,0,true,64,64,20260814
64,64,16384,32,29,0,1,kij,0.640068,209.6929201,1.192092896e-07,0,true,64,64,20260814
64,64,16384,32,29,0,2,pace_fullk,0.620379,216.347955,0,0,true,64,64,20260814
64,64,16384,32,29,1,0,ikj,0.645456,207.9424903,1.192092896e-07,0,true,64,64,20260814
64,64,16384,32,29,1,1,kij,0.639988,209.7191322,1.192092896e-07,0,true,64,64,20260814
64,64,16384,32,29,1,2,pace_fullk,0.619497,216.6559773,0,0,true,64,64,20260814
64,64,16384,32,29,2,0,kij,0.641911,209.0908677,1.192092896e-07,0,true,64,64,20260814
64,64,16384,32,29,2,1,ikj,0.640399,209.5845371,1.192092896e-07,0,true,64,64,20260814
64,64,16384,32,29,2,2,pace_fullk,0.618164,217.1231712,0,0,true,64,64,20260814
64,64,16384,32,29,3,0,kij,0.643603,208.5411783,1.192092896e-07,0,true,64,64,20260814
64,64,16384,32,29,3,1,ikj,0.640398,209.5848644,1.192092896e-07,0,true,64,64,20260814
64,64,16384,32,29,3,2,pace_fullk,0.626287,214.3070637,0,0,true,64,64,20260814
64,64,16384,32,29,4,0,kij,0.650364,206.3732433,1.192092896e-07,0,true,64,64,20260814
64,64,16384,32,29,4,1,ikj,0.645927,207.7908618,1.192092896e-07,0,true,64,64,20260814
64,64,16384,32,29,4,2,pace_fullk,0.617294,217.4291796,0,0,true,64,64,20260814
64,64,16384,32,29,5,0,kij,0.642742,208.8205345,1.192092896e-07,0,true,64,64,20260814
64,64,16384,32,29,5,1,ikj,0.639427,209.9031289,1.192092896e-07,0,true,64,64,20260814
64,64,16384,32,29,5,2,pace_fullk,0.618736,216.9224483,0,0,true,64,64,20260814
64,64,16384,32,29,6,0,pace_fullk,0.613448,218.7923475,0,0,true,64,64,20260814
64,64,16384,32,29,6,1,kij,0.644695,208.1879462,1.192092896e-07,0,true,64,64,20260814
64,64,16384,32,29,6,2,ikj,0.639627,209.8374959,1.192092896e-07,0,true,64,64,20260814
64,64,16384,32,29,7,0,pace_fullk,0.617865,217.2282424,0,0,true,64,64,20260814
64,64,16384,32,29,7,1,kij,0.642161,209.0094665,1.192092896e-07,0,true,64,64,20260814
64,64,16384,32,29,7,2,ikj,0.640549,209.5354579,1.192092896e-07,0,true,64,64,20260814
64,64,16384,32,29,8,0,kij,0.640098,209.6830923,1.192092896e-07,0,true,64,64,20260814
64,64,16384,32,29,8,1,pace_fullk,0.621179,216.0693262,0,0,true,64,64,20260814
64,64,16384,32,29,8,2,ikj,0.643403,208.6060028,1.192092896e-07,0,true,64,64,20260814
64,64,16384,32,29,9,0,ikj,0.640589,209.5223739,1.192092896e-07,0,true,64,64,20260814
64,64,16384,32,29,9,1,kij,0.638386,210.2454127,1.192092896e-07,0,true,64,64,20260814
64,64,16384,32,29,9,2,pace_fullk,0.619216,216.7542958,0,0,true,64,64,20260814
64,64,16384,32,29,10,0,pace_fullk,0.613949,218.6138067,0,0,true,64,64,20260814
64,64,16384,32,29,10,1,kij,0.644976,208.0972439,1.192092896e-07,0,true,64,64,20260814
64,64,16384,32,29,10,2,ikj,0.649402,206.6789569,1.192092896e-07,0,true,64,64,20260814
64,64,16384,32,29,11,0,pace_fullk,0.628611,213.5147619,0,0,true,64,64,20260814
64,64,16384,32,29,11,1,kij,0.665907,201.5562654,1.192092896e-07,0,true,64,64,20260814
64,64,16384,32,29,11,2,ikj,0.639727,209.8046948,1.192092896e-07,0,true,64,64,20260814
64,64,16384,32,29,12,0,kij,0.639777,209.7882981,1.192092896e-07,0,true,64,64,20260814
64,64,16384,32,29,12,1,ikj,0.639518,209.8732608,1.192092896e-07,0,true,64,64,20260814
64,64,16384,32,29,12,2,pace_fullk,0.619517,216.648983,0,0,true,64,64,20260814
64,64,16384,32,29,13,0,ikj,0.643043,208.7227884,1.192092896e-07,0,true,64,64,20260814
64,64,16384,32,29,13,1,kij,0.640769,209.4635165,1.192092896e-07,0,true,64,64,20260814
64,64,16384,32,29,13,2,pace_fullk,0.618646,216.954006,0,0,true,64,64,20260814
64,64,16384,32,29,14,0,kij,0.640939,209.4079593,1.192092896e-07,0,true,64,64,20260814
64,64,16384,32,29,14,1,ikj,0.650043,206.4751532,1.192092896e-07,0,true,64,64,20260814
64,64,16384,32,29,14,2,pace_fullk,0.618395,217.0420653,0,0,true,64,64,20260814
64,64,16384,32,29,15,0,kij,0.642171,209.0062117,1.192092896e-07,0,true,64,64,20260814
64,64,16384,32,29,15,1,pace_fullk,0.616783,217.609318,0,0,true,64,64,20260814
64,64,16384,32,29,15,2,ikj,0.643092,208.7068849,1.192092896e-07,0,true,64,64,20260814
64,64,16384,32,29,16,0,ikj,0.639687,209.817814,1.192092896e-07,0,true,64,64,20260814
64,64,16384,32,29,16,1,pace_fullk,0.617944,217.2004712,0,0,true,64,64,20260814
64,64,16384,32,29,16,2,kij,0.642632,208.8562786,1.192092896e-07,0,true,64,64,20260814
64,64,16384,32,29,17,0,kij,0.639507,209.8768708,1.192092896e-07,0,true,64,64,20260814
64,64,16384,32,29,17,1,pace_fullk,0.617935,217.2036347,0,0,true,64,64,20260814
64,64,16384,32,29,17,2,ikj,0.651165,206.119383,1.192092896e-07,0,true,64,64,20260814
64,64,16384,32,29,18,0,ikj,0.646778,207.5174604,1.192092896e-07,0,true,64,64,20260814
64,64,16384,32,29,18,1,pace_fullk,0.625156,214.694777,0,0,true,64,64,20260814
64,64,16384,32,29,18,2,kij,0.650204,206.4240269,1.192092896e-07,0,true,64,64,20260814
64,64,16384,32,29,19,0,pace_fullk,0.61553,218.0522931,0,0,true,64,64,20260814
64,64,16384,32,29,19,1,ikj,0.642722,208.8270325,1.192092896e-07,0,true,64,64,20260814
64,64,16384,32,29,19,2,kij,0.640449,209.5681748,1.192092896e-07,0,true,64,64,20260814
64,64,16384,32,47,0,0,pace_fullk,0.616953,217.5493563,0,0,true,64,64,20260814
64,64,16384,32,47,0,1,kij,0.644745,208.1718013,1.192092896e-07,0,true,64,64,20260814
64,64,16384,32,47,0,2,ikj,0.638786,210.1137595,1.192092896e-07,0,true,64,64,20260814
64,64,16384,32,47,1,0,pace_fullk,0.619417,216.6839593,0,0,true,64,64,20260814
64,64,16384,32,47,1,1,ikj,0.641179,209.3295757,1.192092896e-07,0,true,64,64,20260814
64,64,16384,32,47,1,2,kij,0.640869,209.4308322,1.192092896e-07,0,true,64,64,20260814
64,64,16384,32,47,2,0,pace_fullk,0.617895,217.2176956,0,0,true,64,64,20260814
64,64,16384,32,47,2,1,kij,0.643473,208.5833096,1.192092896e-07,0,true,64,64,20260814
64,64,16384,32,47,2,2,ikj,0.640889,209.4242966,1.192092896e-07,0,true,64,64,20260814
64,64,16384,32,47,3,0,pace_fullk,0.62838,213.5932525,0,0,true,64,64,20260814
64,64,16384,32,47,3,1,kij,0.650003,206.4878593,1.192092896e-07,0,true,64,64,20260814
64,64,16384,32,47,3,2,ikj,0.645126,208.0488587,1.192092896e-07,0,true,64,64,20260814
64,64,16384,32,47,4,0,pace_fullk,0.618486,217.0101312,0,0,true,64,64,20260814
64,64,16384,32,47,4,1,ikj,0.64131,209.286816,1.192092896e-07,0,true,64,64,20260814
64,64,16384,32,47,4,2,kij,0.639667,209.8243742,1.192092896e-07,0,true,64,64,20260814
64,64,16384,32,47,5,0,kij,0.638836,210.0973145,1.192092896e-07,0,true,64,64,20260814
64,64,16384,32,47,5,1,pace_fullk,0.623543,215.250156,0,0,true,64,64,20260814
64,64,16384,32,47,5,2,ikj,0.643192,208.6744362,1.192092896e-07,0,true,64,64,20260814
64,64,16384,32,47,6,0,pace_fullk,0.615911,217.9174069,0,0,true,64,64,20260814
64,64,16384,32,47,6,1,ikj,0.643853,208.4602044,1.192092896e-07,0,true,64,64,20260814
64,64,16384,32,47,6,2,kij,0.640358,209.5979561,1.192092896e-07,0,true,64,64,20260814
64,64,16384,32,47,7,0,ikj,0.639447,209.8965637,1.192092896e-07,0,true,64,64,20260814
64,64,16384,32,47,7,1,pace_fullk,0.619978,216.4878883,0,0,true,64,64,20260814
64,64,16384,32,47,7,2,kij,0.645897,207.8005131,1.192092896e-07,0,true,64,64,20260814
64,64,16384,32,47,8,0,ikj,0.638996,210.0447076,1.192092896e-07,0,true,64,64,20260814
64,64,16384,32,47,8,1,pace_fullk,0.618666,216.9469924,0,0,true,64,64,20260814
64,64,16384,32,47,8,2,kij,0.64173,209.1498418,1.192092896e-07,0,true,64,64,20260814
64,64,16384,32,47,9,0,kij,0.640098,209.6830923,1.192092896e-07,0,true,64,64,20260814
64,64,16384,32,47,9,1,ikj,0.640388,209.5881372,1.192092896e-07,0,true,64,64,20260814
64,64,16384,32,47,9,2,pace_fullk,0.619938,216.5018566,0,0,true,64,64,20260814
64,64,16384,32,47,10,0,pace_fullk,0.631154,212.6544837,0,0,true,64,64,20260814
64,64,16384,32,47,10,1,kij,0.651946,205.8724618,1.192092896e-07,0,true,64,64,20260814
64,64,16384,32,47,10,2,ikj,0.646318,207.6651555,1.192092896e-07,0,true,64,64,20260814
64,64,16384,32,47,11,0,ikj,0.639947,209.7325685,1.192092896e-07,0,true,64,64,20260814
64,64,16384,32,47,11,1,pace_fullk,0.619697,216.5860542,0,0,true,64,64,20260814
64,64,16384,32,47,11,2,kij,0.644114,208.3757347,1.192092896e-07,0,true,64,64,20260814
64,64,16384,32,47,12,0,kij,0.640379,209.5910828,1.192092896e-07,0,true,64,64,20260814
64,64,16384,32,47,12,1,pace_fullk,0.618265,217.0877019,0,0,true,64,64,20260814
64,64,16384,32,47,12,2,ikj,0.643183,208.6773562,1.192092896e-07,0,true,64,64,20260814
64,64,16384,32,47,13,0,ikj,0.639958,209.7289635,1.192092896e-07,0,true,64,64,20260814
64,64,16384,32,47,13,1,pace_fullk,0.618065,217.1579494,0,0,true,64,64,20260814
64,64,16384,32,47,13,2,kij,0.643102,208.7036395,1.192092896e-07,0,true,64,64,20260814
64,64,16384,32,47,14,0,kij,0.642231,208.9866855,1.192092896e-07,0,true,64,64,20260814
64,64,16384,32,47,14,1,pace_fullk,0.618375,217.0490851,0,0,true,64,64,20260814
64,64,16384,32,47,14,2,ikj,0.642241,208.9834315,1.192092896e-07,0,true,64,64,20260814
64,64,16384,32,47,15,0,kij,0.64176,209.1400648,1.192092896e-07,0,true,64,64,20260814
64,64,16384,32,47,15,1,ikj,0.639297,209.9458124,1.192092896e-07,0,true,64,64,20260814
64,64,16384,32,47,15,2,pace_fullk,0.619868,216.5263056,0,0,true,64,64,20260814
64,64,16384,32,47,16,0,kij,0.64137,209.2672373,1.192092896e-07,0,true,64,64,20260814
64,64,16384,32,47,16,1,pace_fullk,0.617313,217.4224875,0,0,true,64,64,20260814
64,64,16384,32,47,16,2,ikj,0.642972,208.7458365,1.192092896e-07,0,true,64,64,20260814
64,64,16384,32,47,17,0,kij,0.640508,209.5488706,1.192092896e-07,0,true,64,64,20260814
64,64,16384,32,47,17,1,pace_fullk,0.626678,214.1733522,0,0,true,64,64,20260814
64,64,16384,32,47,17,2,ikj,0.648671,206.9118675,1.192092896e-07,0,true,64,64,20260814
64,64,16384,32,47,18,0,ikj,0.662542,202.5799542,1.192092896e-07,0,true,64,64,20260814
64,64,16384,32,47,18,1,kij,0.638686,210.1466574,1.192092896e-07,0,true,64,64,20260814
64,64,16384,32,47,18,2,pace_fullk,0.619978,216.4878883,0,0,true,64,64,20260814
64,64,16384,32,47,19,0,kij,0.643814,208.4728322,1.192092896e-07,0,true,64,64,20260814
64,64,16384,32,47,19,1,pace_fullk,0.617303,217.4260096,0,0,true,64,64,20260814
64,64,16384,32,47,19,2,ikj,0.641931,209.0843533,1.192092896e-07,0,true,64,64,20260814
64,128,2048,32,11,0,0,pace_fullk,0.153262,218.9351046,0,0,true,64,64,20260814
64,128,2048,32,11,0,1,kij,0.160163,209.5017701,1.192092896e-07,0,true,64,64,20260814
64,128,2048,32,11,0,2,ikj,0.159532,210.3304165,1.192092896e-07,0,true,64,64,20260814
64,128,2048,32,11,1,0,pace_fullk,0.153612,218.436268,0,0,true,64,64,20260814
64,128,2048,32,11,1,1,kij,0.167754,200.0216508,1.192092896e-07,0,true,64,64,20260814
64,128,2048,32,11,1,2,ikj,0.159481,210.3976775,1.192092896e-07,0,true,64,64,20260814
64,128,2048,32,11,2,0,ikj,0.159641,210.1868066,1.192092896e-07,0,true,64,64,20260814
64,128,2048,32,11,2,1,kij,0.159622,210.2118254,1.192092896e-07,0,true,64,64,20260814
64,128,2048,32,11,2,2,pace_fullk,0.153753,218.2359499,0,0,true,64,64,20260814
64,128,2048,32,11,3,0,pace_fullk,0.153262,218.9351046,0,0,true,64,64,20260814
64,128,2048,32,11,3,1,kij,0.160172,209.4899983,1.192092896e-07,0,true,64,64,20260814
64,128,2048,32,11,3,2,ikj,0.159441,210.4504613,1.192092896e-07,0,true,64,64,20260814
64,128,2048,32,11,4,0,pace_fullk,0.152861,219.5094367,0,0,true,64,64,20260814
64,128,2048,32,11,4,1,ikj,0.159882,209.8699791,1.192092896e-07,0,true,64,64,20260814
64,128,2048,32,11,4,2,kij,0.159461,210.4240661,1.192092896e-07,0,true,64,64,20260814
64,128,2048,32,11,5,0,ikj,0.159241,210.7147782,1.192092896e-07,0,true,64,64,20260814
64,128,2048,32,11,5,1,kij,0.160022,209.6863681,1.192092896e-07,0,true,64,64,20260814
64,128,2048,32,11,5,2,pace_fullk,0.153152,219.0923527,0,0,true,64,64,20260814
64,128,2048,32,11,6,0,kij,0.160052,209.6470647,1.192092896e-07,0,true,64,64,20260814
64,128,2048,32,11,6,1,pace_fullk,0.153332,218.8351551,0,0,true,64,64,20260814
64,128,2048,32,11,6,2,ikj,0.159381,210.5296867,1.192092896e-07,0,true,64,64,20260814
64,128,2048,32,11,7,0,pace_fullk,0.153091,219.1796513,0,0,true,64,64,20260814
64,128,2048,32,11,7,1,ikj,0.159652,210.1723248,1.192092896e-07,0,true,64,64,20260814
64,128,2048,32,11,7,2,kij,0.159391,210.5164783,1.192092896e-07,0,true,64,64,20260814
64,128,2048,32,11,8,0,ikj,0.159612,210.2249956,1.192092896e-07,0,true,64,64,20260814
64,128,2048,32,11,8,1,pace_fullk,0.157468,213.0873066,0,0,true,64,64,20260814
64,128,2048,32,11,8,2,kij,0.159311,210.6221918,1.192092896e-07,0,true,64,64,20260814
64,128,2048,32,11,9,0,kij,0.160312,209.3070513,1.192092896e-07,0,true,64,64,20260814
64,128,2048,32,11,9,1,ikj,0.160362,209.2417904,1.192092896e-07,0,true,64,64,20260814
64,128,2048,32,11,9,2,pace_fullk,0.153221,218.9936889,0,0,true,64,64,20260814
64,128,2048,32,11,10,0,ikj,0.159351,210.5693218,1.192092896e-07,0,true,64,64,20260814
64,128,2048,32,11,10,1,kij,0.159401,210.5032716,1.192092896e-07,0,true,64,64,20260814
64,128,2048,32,11,10,2,pace_fullk,0.153062,219.2211783,0,0,true,64,64,20260814
64,128,2048,32,11,11,0,ikj,0.160212,209.4376951,1.192092896e-07,0,true,64,64,20260814
64,128,2048,32,11,11,1,kij,0.159852,209.9093662,1.192092896e-07,0,true,64,64,20260814
64,128,2048,32,11,11,2,pace_fullk,0.153392,218.7495567,0,0,true,64,64,20260814
64,128,2048,32,11,12,0,ikj,0.160093,209.5933739,1.192092896e-07,0,true,64,64,20260814
64,128,2048,32,11,12,1,kij,0.160082,209.607776,1.192092896e-07,0,true,64,64,20260814
64,128,2048,32,11,12,2,pace_fullk,0.153242,218.9636784,0,0,true,64,64,20260814
64,128,2048,32,11,13,0,ikj,0.159842,209.9224985,1.192092896e-07,0,true,64,64,20260814
64,128,2048,32,11,13,1,kij,0.159682,210.132839,1.192092896e-07,0,true,64,64,20260814
64,128,2048,32,11,13,2,pace_fullk,0.153472,218.6355296,0,0,true,64,64,20260814
64,128,2048,32,11,14,0,pace_fullk,0.152792,219.6085659,0,0,true,64,64,20260814
64,128,2048,32,11,14,1,ikj,0.159572,210.2776928,1.192092896e-07,0,true,64,64,20260814
64,128,2048,32,11,14,2,kij,0.159471,210.4108709,1.192092896e-07,0,true,64,64,20260814
64,128,2048,32,11,15,0,ikj,0.160343,209.2665848,1.192092896e-07,0,true,64,64,20260814
64,128,2048,32,11,15,1,pace_fullk,0.153082,219.1925373,0,0,true,64,64,20260814
64,128,2048,32,11,15,2,kij,0.160012,209.6994725,1.192092896e-07,0,true,64,64,20260814
64,128,2048,32,11,16,0,kij,0.159862,209.8962355,1.192092896e-07,0,true,64,64,20260814
64,128,2048,32,11,16,1,pace_fullk,0.153212,219.006553,0,0,true,64,64,20260814
64,128,2048,32,11,16,2,ikj,0.159752,210.0407632,1.192092896e-07,0,true,64,64,20260814
64,128,2048,32,11,17,0,pace_fullk,0.153252,218.9493905,0,0,true,64,64,20260814
64,128,2048,32,11,17,1,kij,0.160402,209.1896111,1.192092896e-07,0,true,64,64,20260814
64,128,2048,32,11,17,2,ikj,0.159792,209.9881846,1.192092896e-07,0,true,64,64,20260814
64,128,2048,32,11,18,0,kij,0.159591,210.2526584,1.192092896e-07,0,true,64,64,20260814
64,128,2048,32,11,18,1,pace_fullk,0.153712,218.2941605,0,0,true,64,64,20260814
64,128,2048,32,11,18,2,ikj,0.160233,209.4102463,1.192092896e-07,0,true,64,64,20260814
64,128,2048,32,11,19,0,ikj,0.159341,210.5825368,1.192092896e-07,0,true,64,64,20260814
64,128,2048,32,11,19,1,pace_fullk,0.152961,219.3659299,0,0,true,64,64,20260814
64,128,2048,32,11,19,2,kij,0.160162,209.5030781,1.192092896e-07,0,true,64,64,20260814
64,128,2048,32,29,0,0,kij,0.160333,209.2796368,1.192092896e-07,0,true,64,64,20260814
64,128,2048,32,29,0,1,ikj,0.159451,210.4372629,1.192092896e-07,0,true,64,64,20260814
64,128,2048,32,29,0,2,pace_fullk,0.153492,218.6070414,0,0,true,64,64,20260814
64,128,2048,32,29,1,0,pace_fullk,0.152941,219.3946162,0,0,true,64,64,20260814
64,128,2048,32,29,1,1,ikj,0.160193,209.4625358,1.192092896e-07,0,true,64,64,20260814
64,128,2048,32,29,1,2,kij,0.15899,211.0474369,1.192092896e-07,0,true,64,64,20260814
64,128,2048,32,29,2,0,ikj,0.159801,209.9763581,1.192092896e-07,0,true,64,64,20260814
64,128,2048,32,29,2,1,kij,0.159422,210.4755429,1.192092896e-07,0,true,64,64,20260814
64,128,2048,32,29,2,2,pace_fullk,0.153602,218.4504889,0,0,true,64,64,20260814
64,128,2048,32,29,3,0,pace_fullk,0.153032,219.2641539,0,0,true,64,64,20260814
64,128,2048,32,29,3,1,kij,0.160142,209.5292428,1.192092896e-07,0,true,64,64,20260814
64,128,2048,32,29,3,2,ikj,0.159191,210.7809612,1.192092896e-07,0,true,64,64,20260814
64,128,2048,32,29,4,0,ikj,0.159071,210.9399702,1.192092896e-07,0,true,64,64,20260814
64,128,2048,32,29,4,1,pace_fullk,0.153642,218.3936163,0,0,true,64,64,20260814
64,128,2048,32,29,4,2,kij,0.159611,210.2263127,1.192092896e-07,0,true,64,64,20260814
64,128,2048,32,29,5,0,pace_fullk,0.153062,219.2211783,0,0,true,64,64,20260814
64,128,2048,32,29,5,1,ikj,0.159171,210.8074461,1.192092896e-07,0,true,64,64,20260814
64,128,2048,32,29,5,2,kij,0.159331,210.5957535,1.192092896e-07,0,true,64,64,20260814
64,128,2048,32,29,6,0,kij,0.160293,209.331861,1.192092896e-07,0,true,64,64,20260814
64,128,2048,32,29,6,1,ikj,0.16548,202.7703167,1.192092896e-07,0,true,64,64,20260814
64,128,2048,32,29,6,2,pace_fullk,0.153052,219.2355017,0,0,true,64,64,20260814
64,128,2048,32,29,7,0,pace_fullk,0.153292,218.8922579,0,0,true,64,64,20260814
64,128,2048,32,29,7,1,kij,0.160142,209.5292428,1.192092896e-07,0,true,64,64,20260814
64,128,2048,32,29,7,2,ikj,0.159692,210.1196804,1.192092896e-07,0,true,64,64,20260814
64,128,2048,32,29,8,0,ikj,0.159461,210.4240661,1.192092896e-07,0,true,64,64,20260814
64,128,2048,32,29,8,1,kij,0.159792,209.9881846,1.192092896e-07,0,true,64,64,20260814
64,128,2048,32,29,8,2,pace_fullk,0.153972,217.9255449,0,0,true,64,64,20260814
64,128,2048,32,29,9,0,ikj,0.159831,209.9369459,1.192092896e-07,0,true,64,64,20260814
64,128,2048,32,29,9,1,pace_fullk,0.153131,219.1223985,0,0,true,64,64,20260814
64,128,2048,32,29,9,2,kij,0.159942,209.7912493,1.192092896e-07,0,true,64,64,20260814
64,128,2048,32,29,10,0,kij,0.160022,209.6863681,1.192092896e-07,0,true,64,64,20260814
64,128,2048,32,29,10,1,pace_fullk,0.152961,219.3659299,0,0,true,64,64,20260814
64,128,2048,32,29,10,2,ikj,0.159692,210.1196804,1.192092896e-07,0,true,64,64,20260814
64,128,2048,32,29,11,0,kij,0.15916,210.8220156,1.192092896e-07,0,true,64,64,20260814
64,128,2048,32,29,11,1,pace_fullk,0.152851,219.5237977,0,0,true,64,64,20260814
64,128,2048,32,29,11,2,ikj,0.1653,202.9911192,1.192092896e-07,0,true,64,64,20260814
64,128,2048,32,29,12,0,ikj,0.159661,210.1604775,1.192092896e-07,0,true,64,64,20260814
64,128,2048,32,29,12,1,kij,0.159501,210.3712955,1.192092896e-07,0,true,64,64,20260814
64,128,2048,32,29,12,2,pace_fullk,0.153883,218.0515846,0,0,true,64,64,20260814
64,128,2048,32,29,13,0,ikj,0.159592,210.2513409,1.192092896e-07,0,true,64,64,20260814
64,128,2048,32,29,13,1,kij,0.16493,203.4465046,1.192092896e-07,0,true,64,64,20260814
64,128,2048,32,29,13,2,pace_fullk,0.152811,219.5812605,0,0,true,64,64,20260814
64,128,2048,32,29,14,0,ikj,0.159231,210.7280115,1.192092896e-07,0,true,64,64,20260814
64,128,2048,32,29,14,1,pace_fullk,0.152831,219.5525253,0,0,true,64,64,20260814
64,128,2048,32,29,14,2,kij,0.159872,209.8831065,1.192092896e-07,0,true,64,64,20260814
64,128,2048,32,29,15,0,ikj,0.159371,210.5428968,1.192092896e-07,0,true,64,64,20260814
64,128,2048,32,29,15,1,kij,0.159271,210.6750884,1.192092896e-07,0,true,64,64,20260814
64,128,2048,32,29,15,2,pace_fullk,0.153492,218.6070414,0,0,true,64,64,20260814
64,128,2048,32,29,16,0,pace_fullk,0.152771,219.6387534,0,0,true,64,64,20260814
64,128,2048,32,29,16,1,kij,0.159602,210.2381674,1.192092896e-07,0,true,64,64,20260814
64,128,2048,32,29,16,2,ikj,0.159001,211.0328363,1.192092896e-07,0,true,64,64,20260814
64,128,2048,32,29,17,0,ikj,0.159231,210.7280115,1.192092896e-07,0,true,64,64,20260814
64,128,2048,32,29,17,1,pace_fullk,0.152982,219.3358173,0,0,true,64,64,20260814
64,128,2048,32,29,17,2,kij,0.160072,209.6208706,1.192092896e-07,0,true,64,64,20260814
64,128,2048,32,29,18,0,ikj,0.159732,210.0670623,1.192092896e-07,0,true,64,64,20260814
64,128,2048,32,29,18,1,kij,0.159891,209.8581659,1.192092896e-07,0,true,64,64,20260814
64,128,2048,32,29,18,2,pace_fullk,0.153733,218.2643414,0,0,true,64,64,20260814
64,128,2048,32,29,19,0,kij,0.160082,209.607776,1.192092896e-07,0,true,64,64,20260814
64,128,2048,32,29,19,1,ikj,0.159772,210.0144706,1.192092896e-07,0,true,64,64,20260814
64,128,2048,32,29,19,2,pace_fullk,0.153132,219.1209675,0,0,true,64,64,20260814
64,128,2048,32,47,0,0,kij,0.159982,209.7387956,1.192092896e-07,0,true,64,64,20260814
64,128,2048,32,47,0,1,ikj,0.159402,210.501951,1.192092896e-07,0,true,64,64,20260814
64,128,2048,32,47,0,2,pace_fullk,0.153392,218.7495567,0,0,true,64,64,20260814
64,128,2048,32,47,1,0,pace_fullk,0.152862,219.5080007,0,0,true,64,64,20260814
64,128,2048,32,47,1,1,ikj,0.159721,210.0815297,1.192092896e-07,0,true,64,64,20260814
64,128,2048,32,47,1,2,kij,0.160272,209.3592892,1.192092896e-07,0,true,64,64,20260814
64,128,2048,32,47,2,0,kij,0.159621,210.2131424,1.192092896e-07,0,true,64,64,20260814
64,128,2048,32,47,2,1,ikj,0.168425,199.2247707,1.192092896e-07,0,true,64,64,20260814
64,128,2048,32,47,2,2,pace_fullk,0.153192,219.0351454,0,0,true,64,64,20260814
64,128,2048,32,47,3,0,kij,0.165861,202.3045321,1.192092896e-07,0,true,64,64,20260814
64,128,2048,32,47,3,1,ikj,0.159802,209.9750441,1.192092896e-07,0,true,64,64,20260814
64,128,2048,32,47,3,2,pace_fullk,0.153111,219.1510212,0,0,true,64,64,20260814
64,128,2048,32,47,4,0,pace_fullk,0.152822,219.5654552,0,0,true,64,64,20260814
64,128,2048,32,47,4,1,kij,0.160002,209.7125786,1.192092896e-07,0,true,64,64,20260814
64,128,2048,32,47,4,2,ikj,0.159321,210.6089718,1.192092896e-07,0,true,64,64,20260814
64,128,2048,32,47,5,0,pace_fullk,0.152942,219.3931817,0,0,true,64,64,20260814
64,128,2048,32,47,5,1,ikj,0.160302,209.3201083,1.192092896e-07,0,true,64,64,20260814
64,128,2048,32,47,5,2,kij,0.159912,209.8306068,1.192092896e-07,0,true,64,64,20260814
64,128,2048,32,47,6,0,kij,0.159581,210.2658337,1.192092896e-07,0,true,64,64,20260814
64,128,2048,32,47,6,1,pace_fullk,0.153352,218.8066148,0,0,true,64,64,20260814
64,128,2048,32,47,6,2,ikj,0.159462,210.4227465,1.192092896e-07,0,true,64,64,20260814
64,128,2048,32,47,7,0,kij,0.15917,210.8087705,1.192092896e-07,0,true,64,64,20260814
64,128,2048,32,47,7,1,ikj,0.159902,209.8437293,1.192092896e-07,0,true,64,64,20260814
64,128,2048,32,47,7,2,pace_fullk,0.153172,219.0637453,0,0,true,64,64,20260814
64,128,2048,32,47,8,0,kij,0.159841,209.9238118,1.192092896e-07,0,true,64,64,20260814
64,128,2048,32,47,8,1,pace_fullk,0.153032,219.2641539,0,0,true,64,64,20260814
64,128,2048,32,47,8,2,ikj,0.159341,210.5825368,1.192092896e-07,0,true,64,64,20260814
64,128,2048,32,47,9,0,kij,0.159591,210.2526584,1.192092896e-07,0,true,64,64,20260814
64,128,2048,32,47,9,1,pace_fullk,0.152881,219.4807203,0,0,true,64,64,20260814
64,128,2048,32,47,9,2,ikj,0.159831,209.9369459,1.192092896e-07,0,true,64,64,20260814
64,128,2048,32,47,10,0,pace_fullk,0.158129,212.1965737,0,0,true,64,64,20260814
64,128,2048,32,47,10,1,kij,0.159712,210.0933681,1.192092896e-07,0,true,64,64,20260814
64,128,2048,32,47,10,2,ikj,0.159591,210.2526584,1.192092896e-07,0,true,64,64,20260814
64,128,2048,32,47,11,0,kij,0.159822,209.948768,1.192092896e-07,0,true,64,64,20260814
64,128,2048,32,47,11,1,ikj,0.159732,210.0670623,1.192092896e-07,0,true,64,64,20260814
64,128,2048,32,47,11,2,pace_fullk,0.153803,218.1650033,0,0,true,64,64,20260814
64,128,2048,32,47,12,0,kij,0.159361,210.5561085,1.192092896e-07,0,true,64,64,20260814
64,128,2048,32,47,12,1,pace_fullk,0.152922,219.4218752,0,0,true,64,64,20260814
64,128,2048,32,47,12,2,ikj,0.159732,210.0670623,1.192092896e-07,0,true,64,64,20260814
64,128,2048,32,47,13,0,ikj,0.159691,210.1209962,1.192092896e-07,0,true,64,64,20260814
64,128,2048,32,47,13,1,kij,0.160522,209.0332291,1.192092896e-07,0,true,64,64,20260814
64,128,2048,32,47,13,2,pace_fullk,0.153252,218.9493905,0,0,true,64,64,20260814
64,128,2048,32,47,14,0,kij,0.159631,210.1999737,1.192092896e-07,0,true,64,64,20260814
64,128,2048,32,47,14,1,ikj,0.160082,209.607776,1.192092896e-07,0,true,64,64,20260814
64,128,2048,32,47,14,2,pace_fullk,0.15829,211.9807442,0,0,true,64,64,20260814
64,128,2048,32,47,15,0,pace_fullk,0.153021,219.2799158,0,0,true,64,64,20260814
64,128,2048,32,47,15,1,kij,0.160353,209.2535344,1.192092896e-07,0,true,64,64,20260814
64,128,2048,32,47,15,2,ikj,0.160222,209.4246233,1.192092896e-07,0,true,64,64,20260814
64,128,2048,32,47,16,0,kij,0.159661,210.1604775,1.192092896e-07,0,true,64,64,20260814
64,128,2048,32,47,16,1,pace_fullk,0.153192,219.0351454,0,0,true,64,64,20260814
64,128,2048,32,47,16,2,ikj,0.159311,210.6221918,1.192092896e-07,0,true,64,64,20260814
64,128,2048,32,47,17,0,ikj,0.15888,211.1935549,1.192092896e-07,0,true,64,64,20260814
64,128,2048,32,47,17,1,pace_fullk,0.152891,219.4663649,0,0,true,64,64,20260814
64,128,2048,32,47,17,2,kij,0.159621,210.2131424,1.192092896e-07,0,true,64,64,20260814
64,128,2048,32,47,18,0,ikj,0.159421,210.4768631,1.192092896e-07,0,true,64,64,20260814
64,128,2048,32,47,18,1,kij,0.159722,210.0802144,1.192092896e-07,0,true,64,64,20260814
64,128,2048,32,47,18,2,pace_fullk,0.153141,219.1080899,0,0,true,64,64,20260814
64,128,2048,32,47,19,0,pace_fullk,0.153281,218.9079664,0,0,true,64,64,20260814
64,128,2048,32,47,19,1,ikj,0.159431,210.4636614,1.192092896e-07,0,true,64,64,20260814
64,128,2048,32,47,19,2,kij,0.16543,202.8316025,1.192092896e-07,0,true,64,64,20260814
64,128,8192,32,11,0,0,pace_fullk,0.613177,218.8890451,0,0,true,64,64,20260814
64,128,8192,32,11,0,1,ikj,0.646808,207.5078354,1.192092896e-07,0,true,64,64,20260814
64,128,8192,32,11,0,2,kij,0.644354,208.2981218,1.192092896e-07,0,true,64,64,20260814
64,128,8192,32,11,1,0,ikj,0.645657,207.8777555,1.192092896e-07,0,true,64,64,20260814
64,128,8192,32,11,1,1,kij,0.638436,210.228947,1.192092896e-07,0,true,64,64,20260814
64,128,8192,32,11,1,2,pace_fullk,0.615972,217.8958264,0,0,true,64,64,20260814
64,128,8192,32,11,2,0,ikj,0.639668,209.8240462,1.192092896e-07,0,true,64,64,20260814
64,128,8192,32,11,2,1,pace_fullk,0.614069,218.5710857,0,0,true,64,64,20260814
64,128,8192,32,11,2,2,kij,0.639978,209.7224092,1.192092896e-07,0,true,64,64,20260814
64,128,8192,32,11,3,0,pace_fullk,0.612956,218.9679651,0,0,true,64,64,20260814
64,128,8192,32,11,3,1,kij,0.639147,209.9950841,1.192092896e-07,0,true,64,64,20260814
64,128,8192,32,11,3,2,ikj,0.638596,210.1762742,1.192092896e-07,0,true,64,64,20260814
64,128,8192,32,11,4,0,kij,0.639487,209.8834347,1.192092896e-07,0,true,64,64,20260814
64,128,8192,32,11,4,1,ikj,0.637564,210.5164783,1.192092896e-07,0,true,64,64,20260814
64,128,8192,32,11,4,2,pace_fullk,0.616082,217.8569216,0,0,true,64,64,20260814
64,128,8192,32,11,5,0,pace_fullk,0.625646,214.5266301,0,0,true,64,64,20260814
64,128,8192,32,11,5,1,kij,0.64119,209.3259845,1.192092896e-07,0,true,64,64,20260814
64,128,8192,32,11,5,2,ikj,0.638125,210.3314053,1.192092896e-07,0,true,64,64,20260814
64,128,8192,32,11,6,0,kij,0.637454,210.5528054,1.192092896e-07,0,true,64,64,20260814
64,128,8192,32,11,6,1,pace_fullk,0.616161,217.8289895,0,0,true,64,64,20260814
64,128,8192,32,11,6,2,ikj,0.638757,210.1232988,1.192092896e-07,0,true,64,64,20260814
64,128,8192,32,11,7,0,kij,0.637584,210.5098748,1.192092896e-07,0,true,64,64,20260814
64,128,8192,32,11,7,1,pace_fullk,0.621219,216.0554136,0,0,true,64,64,20260814
64,128,8192,32,11,7,2,ikj,0.646198,207.7037193,1.192092896e-07,0,true,64,64,20260814
64,128,8192,32,11,8,0,ikj,0.646177,207.7104694,1.192092896e-07,0,true,64,64,20260814
64,128,8192,32,11,8,1,pace_fullk,0.61491,218.2721504,0,0,true,64,64,20260814
64,128,8192,32,11,8,2,kij,0.640118,209.6765409,1.192092896e-07,0,true,64,64,20260814
64,128,8192,32,11,9,0,pace_fullk,0.613197,218.8819058,0,0,true,64,64,20260814
64,128,8192,32,11,9,1,ikj,0.638135,210.3281093,1.192092896e-07,0,true,64,64,20260814
64,128,8192,32,11,9,2,kij,0.638105,210.3379977,1.192092896e-07,0,true,64,64,20260814
64,128,8192,32,11,10,0,ikj,0.637494,210.5395941,1.192092896e-07,0,true,64,64,20260814
64,128,8192,32,11,10,1,kij,0.639637,209.8342153,1.192092896e-07,0,true,64,64,20260814
64,128,8192,32,11,10,2,pace_fullk,0.616101,217.8502031,0,0,true,64,64,20260814
64,128,8192,32,11,11,0,pace_fullk,0.612847,219.0069104,0,0,true,64,64,20260814
64,128,8192,32,11,11,1,ikj,0.64121,209.3194554,1.192092896e-07,0,true,64,64,20260814
64,128,8192,32,11,11,2,kij,0.637925,210.3973477,1.192092896e-07,0,true,64,64,20260814
64,128,8192,32,11,12,0,ikj,0.637804,210.4372629,1.192092896e-07,0,true,64,64,20260814
64,128,8192,32,11,12,1,kij,0.637965,210.3841559,1.192092896e-07,0,true,64,64,20260814
64,128,8192,32,11,12,2,pace_fullk,0.615791,217.9598727,0,0,true,64,64,20260814
64,128,8192,32,11,13,0,ikj,0.639467,209.889999,1.192092896e-07,0,true,64,64,20260814
64,128,8192,32,11,13,1,pace_fullk,0.614429,218.4430227,0,0,true,64,64,20260814
64,128,8192,32,11,13,2,kij,0.638526,210.1993153,1.192092896e-07,0,true,64,64,20260814
64,128,8192,32,11,14,0,pace_fullk,0.619467,216.6664697,0,0,true,64,64,20260814
64,128,8192,32,11,14,1,kij,0.649973,206.4973899,1.192092896e-07,0,true,64,64,20260814
64,128,8192,32,11,14,2,ikj,0.642041,209.0485312,1.192092896e-07,0,true,64,64,20260814
64,128,8192,32,11,15,0,ikj,0.644044,208.3983827,1.192092896e-07,0,true,64,64,20260814
64,128,8192,32,11,15,1,pace_fullk,0.616022,217.8781407,0,0,true,64,64,20260814
64,128,8192,32,11,15,2,kij,0.639688,209.817486,1.192092896e-07,0,true,64,64,20260814
64,128,8192,32,11,16,0,ikj,0.639637,209.8342153,1.192092896e-07,0,true,64,64,20260814
64,128,8192,32,11,16,1,pace_fullk,0.613849,218.6494203,0,0,true,64,64,20260814
64,128,8192,32,11,16,2,kij,0.638375,210.2490354,1.192092896e-07,0,true,64,64,20260814
64,128,8192,32,11,17,0,kij,0.637665,210.4831346,1.192092896e-07,0,true,64,64,20260814
64,128,8192,32,11,17,1,pace_fullk,0.614519,218.4110304,0,0,true,64,64,20260814
64,128,8192,32,11,17,2,ikj,0.639808,209.7781334,1.192092896e-07,0,true,64,64,20260814
64,128,8192,32,11,18,0,pace_fullk,0.62825,213.6374501,0,0,true,64,64,20260814
64,128,8192,32,11,18,1,kij,0.640859,209.4341002,1.192092896e-07,0,true,64,64,20260814
64,128,8192,32,11,18,2,ikj,0.638185,210.3116306,1.192092896e-07,0,true,64,64,20260814
64,128,8192,32,11,19,0,pace_fullk,0.614289,218.4928071,0,0,true,64,64,20260814
64,128,8192,32,11,19,1,kij,0.640289,209.6205432,1.192092896e-07,0,true,64,64,20260814
64,128,8192,32,11,19,2,ikj,0.637855,210.4204372,1.192092896e-07,0,true,64,64,20260814
64,128,8192,32,29,0,0,pace_fullk,0.615541,218.0483965,0,0,true,64,64,20260814
64,128,8192,32,29,0,1,ikj,0.639828,209.7715761,1.192092896e-07,0,true,64,64,20260814
64,128,8192,32,29,0,2,kij,0.638846,210.0940258,1.192092896e-07,0,true,64,64,20260814
64,128,8192,32,29,1,0,kij,0.638426,210.2322399,1.192092896e-07,0,true,64,64,20260814
64,128,8192,32,29,1,1,pace_fullk,0.615541,218.0483965,0,0,true,64,64,20260814
64,128,8192,32,29,1,2,ikj,0.640769,209.4635165,1.192092896e-07,0,true,64,64,20260814
64,128,8192,32,29,2,0,pace_fullk,0.612837,219.010484,0,0,true,64,64,20260814
64,128,8192,32,29,2,1,ikj,0.639998,209.7158554,1.192092896e-07,0,true,64,64,20260814
64,128,8192,32,29,2,2,kij,0.638987,210.0476661,1.192092896e-07,0,true,64,64,20260814
64,128,8192,32,29,3,0,kij,0.638746,210.1269174,1.192092896e-07,0,true,64,64,20260814
64,128,8192,32,29,3,1,pace_fullk,0.622492,215.613579,0,0,true,64,64,20260814
64,128,8192,32,29,3,2,ikj,0.647199,207.3824712,1.192092896e-07,0,true,64,64,20260814
64,128,8192,32,29,4,0,ikj,0.644545,208.2363962,1.192092896e-07,0,true,64,64,20260814
64,128,8192,32,29,4,1,pace_fullk,0.619657,216.6000352,0,0,true,64,64,20260814
64,128,8192,32,29,4,2,kij,0.642432,208.9212991,1.192092896e-07,0,true,64,64,20260814
64,128,8192,32,29,5,0,kij,0.639337,209.9326771,1.192092896e-07,0,true,64,64,20260814
64,128,8192,32,29,5,1,pace_fullk,0.614169,218.5354976,0,0,true,64,64,20260814
64,128,8192,32,29,5,2,ikj,0.640208,209.6470647,1.192092896e-07,0,true,64,64,20260814
64,128,8192,32,29,6,0,pace_fullk,0.612687,219.0641029,0,0,true,64,64,20260814
64,128,8192,32,29,6,1,kij,0.640118,209.6765409,1.192092896e-07,0,true,64,64,20260814
64,128,8192,32,29,6,2,ikj,0.638856,210.0907372,1.192092896e-07,0,true,64,64,20260814
64,128,8192,32,29,7,0,ikj,0.639877,209.7555124,1.192092896e-07,0,true,64,64,20260814
64,128,8192,32,29,7,1,pace_fullk,0.618024,217.1723558,0,0,true,64,64,20260814
64,128,8192,32,29,7,2,kij,0.640078,209.6896441,1.192092896e-07,0,true,64,64,20260814
64,128,8192,32,29,8,0,pace_fullk,0.613769,218.6779195,0,0,true,64,64,20260814
64,128,8192,32,29,8,1,kij,0.639948,209.7322407,1.192092896e-07,0,true,64,64,20260814
64,128,8192,32,29,8,2,ikj,0.639006,210.0414206,1.192092896e-07,0,true,64,64,20260814
64,128,8192,32,29,9,0,ikj,0.638746,210.1269174,1.192092896e-07,0,true,64,64,20260814
64,128,8192,32,29,9,1,pace_fullk,0.615821,217.9492547,0,0,true,64,64,20260814
64,128,8192,32,29,9,2,kij,0.640319,209.6107222,1.192092896e-07,0,true,64,64,20260814
64,128,8192,32,29,10,0,ikj,0.638425,210.2325692,1.192092896e-07,0,true,64,64,20260814
64,128,8192,32,29,10,1,pace_fullk,0.6211,216.0968089,0,0,true,64,64,20260814
64,128,8192,32,29,10,2,kij,0.657554,204.1166627,1.192092896e-07,0,true,64,64,20260814
64,128,8192,32,29,11,0,pace_fullk,0.619928,216.505349,0,0,true,64,64,20260814
64,128,8192,32,29,11,1,kij,0.655711,204.6903712,1.192092896e-07,0,true,64,64,20260814
64,128,8192,32,29,11,2,ikj,0.639697,209.8145341,1.192092896e-07,0,true,64,64,20260814
64,128,8192,32,29,12,0,pace_fullk,0.614259,218.5034782,0,0,true,64,64,20260814
64,128,8192,32,29,12,1,kij,0.640499,209.5518151,1.192092896e-07,0,true,64,64,20260814
64,128,8192,32,29,12,2,ikj,0.639027,210.0345181,1.192092896e-07,0,true,64,64,20260814
64,128,8192,32,29,13,0,pace_fullk,0.612957,218.9676078,0,0,true,64,64,20260814
64,128,8192,32,29,13,1,kij,0.640518,209.545599,1.192092896e-07,0,true,64,64,20260814
64,128,8192,32,29,13,2,ikj,0.639547,209.8637442,1.192092896e-07,0,true,64,64,20260814
64,128,8192,32,29,14,0,kij,0.638576,210.1828569,1.192092896e-07,0,true,64,64,20260814
64,128,8192,32,29,14,1,ikj,0.639717,209.8079745,1.192092896e-07,0,true,64,64,20260814
64,128,8192,32,29,14,2,pace_fullk,0.617594,217.3235621,0,0,true,64,64,20260814
64,128,8192,32,29,15,0,kij,0.640449,209.5681748,1.192092896e-07,0,true,64,64,20260814
64,128,8192,32,29,15,1,pace_fullk,0.612727,219.049802,0,0,true,64,64,20260814
64,128,8192,32,29,15,2,ikj,0.639737,209.8014153,1.192092896e-07,0,true,64,64,20260814
64,128,8192,32,29,16,0,pace_fullk,0.613928,218.6212846,0,0,true,64,64,20260814
64,128,8192,32,29,16,1,ikj,0.640058,209.6961963,1.192092896e-07,0,true,64,64,20260814
64,128,8192,32,29,16,2,kij,0.639047,210.0279447,1.192092896e-07,0,true,64,64,20260814
64,128,8192,32,29,17,0,ikj,0.638786,210.1137595,1.192092896e-07,0,true,64,64,20260814
64,128,8192,32,29,17,1,kij,0.656724,204.3746353,1.192092896e-07,0,true,64,64,20260814
64,128,8192,32,29,17,2,pace_fullk,0.624374,214.9636724,0,0,true,64,64,20260814
64,128,8192,32,29,18,0,ikj,0.649211,206.7397626,1.192092896e-07,0,true,64,64,20260814
64,128,8192,32,29,18,1,kij,0.644845,208.1395188,1.192092896e-07,0,true,64,64,20260814
64,128,8192,32,29,18,2,pace_fullk,0.61549,218.0664641,0,0,true,64,64,20260814
64,128,8192,32,29,19,0,kij,0.640038,209.7027489,1.192092896e-07,0,true,64,64,20260814
64,128,8192,32,29,19,1,ikj,0.638145,210.3248133,1.192092896e-07,0,true,64,64,20260814
64,128,8192,32,29,19,2,pace_fullk,0.614699,218.3470739,0,0,true,64,64,20260814
64,128,8192,32,47,0,0,kij,0.642532,208.8887837,1.192092896e-07,0,true,64,64,20260814
64,128,8192,32,47,0,1,ikj,0.642601,208.8663541,1.192092896e-07,0,true,64,64,20260814
64,128,8192,32,47,0,2,pace_fullk,0.619768,216.5612423,0,0,true,64,64,20260814
64,128,8192,32,47,1,0,kij,0.640959,209.4014251,1.192092896e-07,0,true,64,64,20260814
64,128,8192,32,47,1,1,pace_fullk,0.612406,219.1646195,0,0,true,64,64,20260814
64,128,8192,32,47,1,2,ikj,0.639898,209.7486287,1.192092896e-07,0,true,64,64,20260814
64,128,8192,32,47,2,0,ikj,0.638346,210.258587,1.192092896e-07,0,true,64,64,20260814
64,128,8192,32,47,2,1,pace_fullk,0.6147,218.3467187,0,0,true,64,64,20260814
64,128,8192,32,47,2,2,kij,0.640148,209.6667146,1.192092896e-07,0,true,64,64,20260814
64,128,8192,32,47,3,0,ikj,0.637975,210.3808582,1.192092896e-07,0,true,64,64,20260814
64,128,8192,32,47,3,1,pace_fullk,0.619457,216.6699674,0,0,true,64,64,20260814
64,128,8192,32,47,3,2,kij,0.638456,210.2223614,1.192092896e-07,0,true,64,64,20260814
64,128,8192,32,47,4,0,ikj,0.638095,210.341294,1.192092896e-07,0,true,64,64,20260814
64,128,8192,32,47,4,1,pace_fullk,0.613688,218.7067826,0,0,true,64,64,20260814
64,128,8192,32,47,4,2,kij,0.640229,209.6401881,1.192092896e-07,0,true,64,64,20260814
64,128,8192,32,47,5,0,pace_fullk,0.614109,218.556849,0,0,true,64,64,20260814
64,128,8192,32,47,5,1,kij,0.639467,209.889999,1.192092896e-07,0,true,64,64,20260814
64,128,8192,32,47,5,2,ikj,0.637905,210.4039442,1.192092896e-07,0,true,64,64,20260814
64,128,8192,32,47,6,0,kij,0.639177,209.9852279,1.192092896e-07,0,true,64,64,20260814
64,128,8192,32,47,6,1,ikj,0.637174,210.6453308,1.192092896e-07,0,true,64,64,20260814
64,128,8192,32,47,6,2,pace_fullk,0.622722,215.5339429,0,0,true,64,64,20260814
64,128,8192,32,47,7,0,kij,0.64793,207.1485006,1.192092896e-07,0,true,64,64,20260814
64,128,8192,32,47,7,1,ikj,0.644274,208.3239864,1.192092896e-07,0,true,64,64,20260814
64,128,8192,32,47,7,2,pace_fullk,0.618706,216.9329665,0,0,true,64,64,20260814
64,128,8192,32,47,8,0,ikj,0.641109,209.3524315,1.192092896e-07,0,true,64,64,20260814
64,128,8192,32,47,8,1,pace_fullk,0.613768,218.6782758,0,0,true,64,64,20260814
64,128,8192,32,47,8,2,kij,0.640098,209.6830923,1.192092896e-07,0,true,64,64,20260814
64,128,8192,32,47,9,0,ikj,0.637825,210.4303343,1.192092896e-07,0,true,64,64,20260814
64,128,8192,32,47,9,1,kij,0.639467,209.889999,1.192092896e-07,0,true,64,64,20260814
64,128,8192,32,47,9,2,pace_fullk,0.616212,217.8109612,0,0,true,64,64,20260814
64,128,8192,32,47,10,0,pace_fullk,0.619698,216.5857046,0,0,true,64,64,20260814
64,128,8192,32,47,10,1,ikj,0.6414,209.2574493,1.192092896e-07,0,true,64,64,20260814
64,128,8192,32,47,10,2,kij,0.638476,210.2157763,1.192092896e-07,0,true,64,64,20260814
64,128,8192,32,47,11,0,pace_fullk,0.61458,218.3893521,0,0,true,64,64,20260814
64,128,8192,32,47,11,1,ikj,0.639437,209.8998463,1.192092896e-07,0,true,64,64,20260814
64,128,8192,32,47,11,2,kij,0.640458,209.5652299,1.192092896e-07,0,true,64,64,20260814
64,128,8192,32,47,12,0,kij,0.639317,209.9392445,1.192092896e-07,0,true,64,64,20260814
64,128,8192,32,47,12,1,pace_fullk,0.620869,216.1772097,0,0,true,64,64,20260814
64,128,8192,32,47,12,2,ikj,0.639557,209.8604628,1.192092896e-07,0,true,64,64,20260814
64,128,8192,32,47,13,0,ikj,0.638015,210.3676685,1.192092896e-07,0,true,64,64,20260814
64,128,8192,32,47,13,1,pace_fullk,0.615541,218.0483965,0,0,true,64,64,20260814
64,128,8192,32,47,13,2,kij,0.639717,209.8079745,1.192092896e-07,0,true,64,64,20260814
64,128,8192,32,47,14,0,pace_fullk,0.620308,216.3727181,0,0,true,64,64,20260814
64,128,8192,32,47,14,1,ikj,0.650213,206.4211697,1.192092896e-07,0,true,64,64,20260814
64,128,8192,32,47,14,2,kij,0.644805,208.1524306,1.192092896e-07,0,true,64,64,20260814
64,128,8192,32,47,15,0,pace_fullk,0.614289,218.4928071,0,0,true,64,64,20260814
64,128,8192,32,47,15,1,kij,0.640478,209.5586859,1.192092896e-07,0,true,64,64,20260814
64,128,8192,32,47,15,2,ikj,0.637574,210.5131765,1.192092896e-07,0,true,64,64,20260814
64,128,8192,32,47,16,0,ikj,0.636843,210.754814,1.192092896e-07,0,true,64,64,20260814
64,128,8192,32,47,16,1,pace_fullk,0.61477,218.321857,0,0,true,64,64,20260814
64,128,8192,32,47,16,2,kij,0.639157,209.9917986,1.192092896e-07,0,true,64,64,20260814
64,128,8192,32,47,17,0,pace_fullk,0.61477,218.321857,0,0,true,64,64,20260814
64,128,8192,32,47,17,1,ikj,0.640779,209.4602476,1.192092896e-07,0,true,64,64,20260814
64,128,8192,32,47,17,2,kij,0.636713,210.7978446,1.192092896e-07,0,true,64,64,20260814
64,128,8192,32,47,18,0,kij,0.639528,209.8699791,1.192092896e-07,0,true,64,64,20260814
64,128,8192,32,47,18,1,pace_fullk,0.6148,218.3112036,0,0,true,64,64,20260814
64,128,8192,32,47,18,2,ikj,0.639037,210.0312314,1.192092896e-07,0,true,64,64,20260814
64,128,8192,32,47,19,0,ikj,0.639838,209.7682976,1.192092896e-07,0,true,64,64,20260814
64,128,8192,32,47,19,1,kij,0.640509,209.5485434,1.192092896e-07,0,true,64,64,20260814
64,128,8192,32,47,19,2,pace_fullk,0.615471,218.073196,0,0,true,64,64,20260814
64,128,16384,32,11,0,0,pace_fullk,1.260235,213.0042857,0,0,true,64,64,20260814
64,128,16384,32,11,0,1,ikj,1.311734,204.641685,1.192092896e-07,0,true,64,64,20260814
64,128,16384,32,11,0,2,kij,1.306195,205.5094806,1.192092896e-07,0,true,64,64,20260814
64,128,16384,32,11,1,0,kij,1.3288,202.0134377,1.192092896e-07,0,true,64,64,20260814
64,128,16384,32,11,1,1,ikj,1.3092,205.0377757,1.192092896e-07,0,true,64,64,20260814
64,128,16384,32,11,1,2,pace_fullk,1.272925,210.8808107,0,0,true,64,64,20260814
64,128,16384,32,11,2,0,kij,1.325965,202.4453556,1.192092896e-07,0,true,64,64,20260814
64,128,16384,32,11,2,1,ikj,1.304994,205.6986132,1.192092896e-07,0,true,64,64,20260814
64,128,16384,32,11,2,2,pace_fullk,1.258834,213.2413456,0,0,true,64,64,20260814
64,128,16384,32,11,3,0,pace_fullk,1.24964,214.8102301,0,0,true,64,64,20260814
64,128,16384,32,11,3,1,ikj,1.319386,203.4548313,1.192092896e-07,0,true,64,64,20260814
64,128,16384,32,11,3,2,kij,1.307938,205.2356121,1.192092896e-07,0,true,64,64,20260814
64,128,16384,32,11,4,0,kij,1.306987,205.3849472,1.192092896e-07,0,true,64,64,20260814
64,128,16384,32,11,4,1,pace_fullk,1.260527,212.9549434,0,0,true,64,64,20260814
64,128,16384,32,11,4,2,ikj,1.313977,204.2923552,1.192092896e-07,0,true,64,64,20260814
64,128,16384,32,11,5,0,kij,1.311864,204.6214059,1.192092896e-07,0,true,64,64,20260814
64,128,16384,32,11,5,1,pace_fullk,1.270461,211.2898043,0,0,true,64,64,20260814
64,128,16384,32,11,5,2,ikj,1.318034,203.6635292,1.192092896e-07,0,true,64,64,20260814
64,128,16384,32,11,6,0,ikj,1.308359,205.169572,1.192092896e-07,0,true,64,64,20260814
64,128,16384,32,11,6,1,kij,1.307848,205.2497354,1.192092896e-07,0,true,64,64,20260814
64,128,16384,32,11,6,2,pace_fullk,1.259395,213.1463568,0,0,true,64,64,20260814
64,128,16384,32,11,7,0,ikj,1.318113,203.6513228,1.192092896e-07,0,true,64,64,20260814
64,128,16384,32,11,7,1,pace_fullk,1.253045,214.226509,0,0,true,64,64,20260814
64,128,16384,32,11,7,2,kij,1.312946,204.4527772,1.192092896e-07,0,true,64,64,20260814
64,128,16384,32,11,8,0,pace_fullk,1.255429,213.8197031,0,0,true,64,64,20260814
64,128,16384,32,11,8,1,kij,1.314438,204.2207057,1.192092896e-07,0,true,64,64,20260814
64,128,16384,32,11,8,2,ikj,1.30938,205.0095893,1.192092896e-07,0,true,64,64,20260814
64,128,16384,32,11,9,0,kij,1.314868,204.1539196,1.192092896e-07,0,true,64,64,20260814
64,128,16384,32,11,9,1,ikj,1.308689,205.1178362,1.192092896e-07,0,true,64,64,20260814
64,128,16384,32,11,9,2,pace_fullk,1.270882,211.2198111,0,0,true,64,64,20260814
64,128,16384,32,11,10,0,ikj,1.314257,204.2488311,1.192092896e-07,0,true,64,64,20260814
64,128,16384,32,11,10,1,pace_fullk,1.253396,214.1665172,0,0,true,64,64,20260814
64,128,16384,32,11,10,2,kij,1.313837,204.3141242,1.192092896e-07,0,true,64,64,20260814
64,128,16384,32,11,11,0,pace_fullk,1.254627,213.9563838,0,0,true,64,64,20260814
64,128,16384,32,11,11,1,ikj,1.313607,204.3498976,1.192092896e-07,0,true,64,64,20260814
64,128,16384,32,11,11,2,kij,1.306126,205.5203372,1.192092896e-07,0,true,64,64,20260814
64,128,16384,32,11,12,0,ikj,1.305795,205.5724337,1.192092896e-07,0,true,64,64,20260814
64,128,16384,32,11,12,1,kij,1.311844,204.6245255,1.192092896e-07,0,true,64,64,20260814
64,128,16384,32,11,12,2,pace_fullk,1.276541,210.2834582,0,0,true,64,64,20260814
64,128,16384,32,11,13,0,ikj,1.321969,203.0573001,1.192092896e-07,0,true,64,64,20260814
64,128,16384,32,11,13,1,kij,1.312625,204.5027757,1.192092896e-07,0,true,64,64,20260814
64,128,16384,32,11,13,2,pace_fullk,1.257372,213.4892904,0,0,true,64,64,20260814
64,128,16384,32,11,14,0,kij,1.311304,204.7087906,1.192092896e-07,0,true,64,64,20260814
64,128,16384,32,11,14,1,pace_fullk,1.254477,213.981967,0,0,true,64,64,20260814
64,128,16384,32,11,14,2,ikj,1.312856,204.466793,1.192092896e-07,0,true,64,64,20260814
64,128,16384,32,11,15,0,kij,1.305855,205.5629882,1.192092896e-07,0,true,64,64,20260814
64,128,16384,32,11,15,1,ikj,1.305364,205.6403088,1.192092896e-07,0,true,64,64,20260814
64,128,16384,32,11,15,2,pace_fullk,1.26268,212.5918332,0,0,true,64,64,20260814
64,128,16384,32,11,16,0,kij,1.330682,201.7277276,1.192092896e-07,0,true,64,64,20260814
64,128,16384,32,11,16,1,ikj,1.311823,204.6278012,1.192092896e-07,0,true,64,64,20260814
64,128,16384,32,11,16,2,pace_fullk,1.262409,212.6374701,0,0,true,64,64,20260814
64,128,16384,32,11,17,0,kij,1.319525,203.4333991,1.192092896e-07,0,true,64,64,20260814
64,128,16384,32,11,17,1,ikj,1.310101,204.8967644,1.192092896e-07,0,true,64,64,20260814
64,128,16384,32,11,17,2,pace_fullk,1.254898,213.9101792,0,0,true,64,64,20260814
64,128,16384,32,11,18,0,pace_fullk,1.2498,214.78273,0,0,true,64,64,20260814
64,128,16384,32,11,18,1,ikj,1.321458,203.1358212,1.192092896e-07,0,true,64,64,20260814
64,128,16384,32,11,18,2,kij,1.305824,205.5678683,1.192092896e-07,0,true,64,64,20260814
64,128,16384,32,11,19,0,kij,1.30912,205.0503055,1.192092896e-07,0,true,64,64,20260814
64,128,16384,32,11,19,1,ikj,1.304844,205.7222595,1.192092896e-07,0,true,64,64,20260814
64,128,16384,32,11,19,2,pace_fullk,1.265674,212.0889392,0,0,true,64,64,20260814
64,128,16384,32,29,0,0,ikj,1.305945,205.5488217,1.192092896e-07,0,true,64,64,20260814
64,128,16384,32,29,0,1,kij,1.281648,209.4455389,1.192092896e-07,0,true,64,64,20260814
64,128,16384,32,29,0,2,pace_fullk,1.244112,215.7647029,0,0,true,64,64,20260814
64,128,16384,32,29,1,0,kij,1.294338,207.3920846,1.192092896e-07,0,true,64,64,20260814
64,128,16384,32,29,1,1,pace_fullk,1.239745,216.5247337,0,0,true,64,64,20260814
64,128,16384,32,29,1,2,ikj,1.308289,205.1805496,1.192092896e-07,0,true,64,64,20260814
64,128,16384,32,29,2,0,pace_fullk,1.234737,217.4029417,0,0,true,64,64,20260814
64,128,16384,32,29,2,1,ikj,1.288479,208.3351424,1.192092896e-07,0,true,64,64,20260814
64,128,16384,32,29,2,2,kij,1.286776,208.6108662,1.192092896e-07,0,true,64,64,20260814
64,128,16384,32,29,3,0,pace_fullk,1.251783,214.442484,0,0,true,64,64,20260814
64,128,16384,32,29,3,1,kij,1.288899,208.2672545,1.192092896e-07,0,true,64,64,20260814
64,128,16384,32,29,3,2,ikj,1.280717,209.5977925,1.192092896e-07,0,true,64,64,20260814
64,128,16384,32,29,4,0,pace_fullk,1.239264,216.6087742,0,0,true,64,64,20260814
64,128,16384,32,29,4,1,ikj,1.293376,207.5463407,1.192092896e-07,0,true,64,64,20260814
64,128,16384,32,29,4,2,kij,1.288368,208.3530917,1.192092896e-07,0,true,64,64,20260814
64,128,16384,32,29,5,0,ikj,1.290642,207.9859915,1.192092896e-07,0,true,64,64,20260814
64,128,16384,32,29,5,1,kij,1.282289,209.3408397,1.192092896e-07,0,true,64,64,20260814
64,128,16384,32,29,5,2,pace_fullk,1.243801,215.8186527,0,0,true,64,64,20260814
64,128,16384,32,29,6,0,pace_fullk,1.229029,218.4126298,0,0,true,64,64,20260814
64,128,16384,32,29,6,1,ikj,1.301609,206.2335586,1.192092896e-07,0,true,64,64,20260814
64,128,16384,32,29,6,2,kij,1.283051,209.2165128,1.192092896e-07,0,true,64,64,20260814
64,128,16384,32,29,7,0,ikj,1.28274,209.2672373,1.192092896e-07,0,true,64,64,20260814
64,128,16384,32,29,7,1,kij,1.28311,209.2068926,1.192092896e-07,0,true,64,64,20260814
64,128,16384,32,29,7,2,pace_fullk,1.24334,215.8986729,0,0,true,64,64,20260814
64,128,16384,32,29,8,0,kij,1.293216,207.5720189,1.192092896e-07,0,true,64,64,20260814
64,128,16384,32,29,8,1,pace_fullk,1.238403,216.7593715,0,0,true,64,64,20260814
64,128,16384,32,29,8,2,ikj,1.295579,207.1934293,1.192092896e-07,0,true,64,64,20260814
64,128,16384,32,29,9,0,ikj,1.28324,209.1856987,1.192092896e-07,0,true,64,64,20260814
64,128,16384,32,29,9,1,kij,1.283231,209.1871658,1.192092896e-07,0,true,64,64,20260814
64,128,16384,32,29,9,2,pace_fullk,1.241308,216.2520954,0,0,true,64,64,20260814
64,128,16384,32,29,10,0,pace_fullk,1.231853,217.9119229,0,0,true,64,64,20260814
64,128,16384,32,29,10,1,kij,1.299025,206.6437952,1.192092896e-07,0,true,64,64,20260814
64,128,16384,32,29,10,2,ikj,1.283721,209.1073185,1.192092896e-07,0,true,64,64,20260814
64,128,16384,32,29,11,0,kij,1.281398,209.4864016,1.192092896e-07,0,true,64,64,20260814
64,128,16384,32,29,11,1,ikj,1.281398,209.4864016,1.192092896e-07,0,true,64,64,20260814
64,128,16384,32,29,11,2,pace_fullk,1.250541,214.6554619,0,0,true,64,64,20260814
64,128,16384,32,29,12,0,kij,1.29595,207.1341147,1.192092896e-07,0,true,64,64,20260814
64,128,16384,32,29,12,1,ikj,1.288939,208.2607912,1.192092896e-07,0,true,64,64,20260814
64,128,16384,32,29,12,2,pace_fullk,1.23649,217.0947246,0,0,true,64,64,20260814
64,128,16384,32,29,13,0,ikj,1.308399,205.1632996,1.192092896e-07,0,true,64,64,20260814
64,128,16384,32,29,13,1,pace_fullk,1.231593,217.957926,0,0,true,64,64,20260814
64,128,16384,32,29,13,2,kij,1.290923,207.9407184,1.192092896e-07,0,true,64,64,20260814
64,128,16384,32,29,14,0,ikj,1.284473,208.9848958,1.192092896e-07,0,true,64,64,20260814
64,128,16384,32,29,14,1,pace_fullk,1.237471,216.9226236,0,0,true,64,64,20260814
64,128,16384,32,29,14,2,kij,1.290932,207.9392687,1.192092896e-07,0,true,64,64,20260814
64,128,16384,32,29,15,0,ikj,1.279776,209.7519066,1.192092896e-07,0,true,64,64,20260814
64,128,16384,32,29,15,1,kij,1.287968,208.4177992,1.192092896e-07,0,true,64,64,20260814
64,128,16384,32,29,15,2,pace_fullk,1.245263,215.565271,0,0,true,64,64,20260814
64,128,16384,32,29,16,0,kij,1.295369,207.2270187,1.192092896e-07,0,true,64,64,20260814
64,128,16384,32,29,16,1,pace_fullk,1.232484,217.8003577,0,0,true,64,64,20260814
64,128,16384,32,29,16,2,ikj,1.288509,208.3302918,1.192092896e-07,0,true,64,64,20260814
64,128,16384,32,29,17,0,ikj,1.281418,209.483132,1.192092896e-07,0,true,64,64,20260814
64,128,16384,32,29,17,1,pace_fullk,1.238543,216.7348699,0,0,true,64,64,20260814
64,128,16384,32,29,17,2,kij,1.28951,208.1685726,1.192092896e-07,0,true,64,64,20260814
64,128,16384,32,29,18,0,ikj,1.280456,209.6405156,1.192092896e-07,0,true,64,64,20260814
64,128,16384,32,29,18,1,kij,1.283311,209.1741254,1.192092896e-07,0,true,64,64,20260814
64,128,16384,32,29,18,2,pace_fullk,1.241929,216.1439631,0,0,true,64,64,20260814
64,128,16384,32,29,19,0,ikj,1.293627,207.5060709,1.192092896e-07,0,true,64,64,20260814
64,128,16384,32,29,19,1,kij,1.288228,208.3757347,1.192092896e-07,0,true,64,64,20260814
64,128,16384,32,29,19,2,pace_fullk,1.245534,215.5183688,0,0,true,64,64,20260814
64,128,16384,32,47,0,0,kij,1.299966,206.4942129,1.192092896e-07,0,true,64,64,20260814
64,128,16384,32,47,0,1,ikj,1.281838,209.4144939,1.192092896e-07,0,true,64,64,20260814
64,128,16384,32,47,0,2,pace_fullk,1.238954,216.6629722,0,0,true,64,64,20260814
64,128,16384,32,47,1,0,pace_fullk,1.23003,218.2348853,0,0,true,64,64,20260814
64,128,16384,32,47,1,1,ikj,1.295188,207.2559783,1.192092896e-07,0,true,64,64,20260814
64,128,16384,32,47,1,2,kij,1.283311,209.1741254,1.192092896e-07,0,true,64,64,20260814
64,128,16384,32,47,2,0,pace_fullk,1.239024,216.6507315,0,0,true,64,64,20260814
64,128,16384,32,47,2,1,ikj,1.296401,207.0620556,1.192092896e-07,0,true,64,64,20260814
64,128,16384,32,47,2,2,kij,1.294347,207.3906425,1.192092896e-07,0,true,64,64,20260814
64,128,16384,32,47,3,0,kij,1.290251,208.0490199,1.192092896e-07,0,true,64,64,20260814
64,128,16384,32,47,3,1,ikj,1.288719,208.2963439,1.192092896e-07,0,true,64,64,20260814
64,128,16384,32,47,3,2,pace_fullk,1.252454,214.3275969,0,0,true,64,64,20260814
64,128,16384,32,47,4,0,pace_fullk,1.228918,218.4323576,0,0,true,64,64,20260814
64,128,16384,32,47,4,1,ikj,1.299475,206.5722357,1.192092896e-07,0,true,64,64,20260814
64,128,16384,32,47,4,2,kij,1.286235,208.6986095,1.192092896e-07,0,true,64,64,20260814
64,128,16384,32,47,5,0,kij,1.282429,209.3179864,1.192092896e-07,0,true,64,64,20260814
64,128,16384,32,47,5,1,pace_fullk,1.242079,216.1178605,0,0,true,64,64,20260814
64,128,16384,32,47,5,2,ikj,1.288058,208.4032365,1.192092896e-07,0,true,64,64,20260814
64,128,16384,32,47,6,0,pace_fullk,1.237692,216.8838903,0,0,true,64,64,20260814
64,128,16384,32,47,6,1,kij,1.295649,207.1822353,1.192092896e-07,0,true,64,64,20260814
64,128,16384,32,47,6,2,ikj,1.288238,208.3741172,1.192092896e-07,0,true,64,64,20260814
64,128,16384,32,47,7,0,kij,1.35561,198.0182029,1.192092896e-07,0,true,64,64,20260814
64,128,16384,32,47,7,1,ikj,1.28939,208.1879462,1.192092896e-07,0,true,64,64,20260814
64,128,16384,32,47,7,2,pace_fullk,1.244542,215.6901543,0,0,true,64,64,20260814
64,128,16384,32,47,8,0,ikj,1.290852,207.9521556,1.192092896e-07,0,true,64,64,20260814
64,128,16384,32,47,8,1,kij,1.286105,208.7197048,1.192092896e-07,0,true,64,64,20260814
64,128,16384,32,47,8,2,pace_fullk,1.238703,216.7068749,0,0,true,64,64,20260814
64,128,16384,32,47,9,0,kij,1.287557,208.4843281,1.192092896e-07,0,true,64,64,20260814
64,128,16384,32,47,9,1,pace_fullk,1.233385,217.6412523,0,0,true,64,64,20260814
64,128,16384,32,47,9,2,ikj,1.287818,208.4420749,1.192092896e-07,0,true,64,64,20260814
64,128,16384,32,47,10,0,ikj,1.293125,207.5866262,1.192092896e-07,0,true,64,64,20260814
64,128,16384,32,47,10,1,pace_fullk,1.243261,215.9123917,0,0,true,64,64,20260814
64,128,16384,32,47,10,2,kij,1.300236,206.4513335,1.192092896e-07,0,true,64,64,20260814
64,128,16384,32,47,11,0,pace_fullk,1.236821,217.0366253,0,0,true,64,64,20260814
64,128,16384,32,47,11,1,kij,1.291963,207.773331,1.192092896e-07,0,true,64,64,20260814
64,128,16384,32,47,11,2,ikj,1.281538,209.4635165,1.192092896e-07,0,true,64,64,20260814
64,128,16384,32,47,12,0,kij,1.284673,208.9523606,1.192092896e-07,0,true,64,64,20260814
64,128,16384,32,47,12,1,pace_fullk,1.242449,216.0535008,0,0,true,64,64,20260814
64,128,16384,32,47,12,2,ikj,1.28934,208.1960197,1.192092896e-07,0,true,64,64,20260814
64,128,16384,32,47,13,0,pace_fullk,1.234988,217.3587565,0,0,true,64,64,20260814
64,128,16384,32,47,13,1,kij,1.28933,208.1976344,1.192092896e-07,0,true,64,64,20260814
64,128,16384,32,47,13,2,ikj,1.289069,208.2397886,1.192092896e-07,0,true,64,64,20260814
64,128,16384,32,47,14,0,pace_fullk,1.24284,215.9855299,0,0,true,64,64,20260814
64,128,16384,32,47,14,1,ikj,1.294458,207.3728588,1.192092896e-07,0,true,64,64,20260814
64,128,16384,32,47,14,2,kij,1.283551,209.1350137,1.192092896e-07,0,true,64,64,20260814
64,128,16384,32,47,15,0,ikj,1.282129,209.3669639,1.192092896e-07,0,true,64,64,20260814
64,128,16384,32,47,15,1,kij,1.299716,206.533932,1.192092896e-07,0,true,64,64,20260814
64,128,16384,32,47,15,2,pace_fullk,1.246105,215.4196123,0,0,true,64,64,20260814
64,128,16384,32,47,16,0,ikj,1.293526,207.5222732,1.192092896e-07,0,true,64,64,20260814
64,128,16384,32,47,16,1,pace_fullk,1.235729,217.2284182,0,0,true,64,64,20260814
64,128,16384,32,47,16,2,kij,1.287968,208.4177992,1.192092896e-07,0,true,64,64,20260814
64,128,16384,32,47,17,0,ikj,1.281579,209.4568154,1.192092896e-07,0,true,64,64,20260814
64,128,16384,32,47,17,1,pace_fullk,1.244632,215.6745576,0,0,true,64,64,20260814
64,128,16384,32,47,17,2,kij,1.295409,207.2206199,1.192092896e-07,0,true,64,64,20260814
64,128,16384,32,47,18,0,ikj,1.288198,208.3805875,1.192092896e-07,0,true,64,64,20260814
64,128,16384,32,47,18,1,pace_fullk,1.238353,216.7681235,0,0,true,64,64,20260814
64,128,16384,32,47,18,2,kij,1.300477,206.4130746,1.192092896e-07,0,true,64,64,20260814
64,128,16384,32,47,19,0,kij,1.283661,209.1170924,1.192092896e-07,0,true,64,64,20260814
64,128,16384,32,47,19,1,pace_fullk,1.238534,216.7364449,0,0,true,64,64,20260814
64,128,16384,32,47,19,2,ikj,1.28908,208.2380116,1.192092896e-07,0,true,64,64,20260814
64,256,2048,32,11,0,0,kij,0.319103,210.3047104,1.192092896e-07,0,true,64,64,20260814
64,256,2048,32,11,0,1,ikj,0.318221,210.8876033,1.192092896e-07,0,true,64,64,20260814
64,256,2048,32,11,0,2,pace_fullk,0.306554,218.9136792,0,0,true,64,64,20260814
64,256,2048,32,11,1,0,pace_fullk,0.305572,219.6171901,0,0,true,64,64,20260814
64,256,2048,32,11,1,1,ikj,0.318742,210.5428968,1.192092896e-07,0,true,64,64,20260814
64,256,2048,32,11,1,2,kij,0.318191,210.9074864,1.192092896e-07,0,true,64,64,20260814
64,256,2048,32,11,2,0,ikj,0.319173,210.258587,1.192092896e-07,0,true,64,64,20260814
64,256,2048,32,11,2,1,kij,0.319072,210.3251429,1.192092896e-07,0,true,64,64,20260814
64,256,2048,32,11,2,2,pace_fullk,0.306534,218.9279623,0,0,true,64,64,20260814
64,256,2048,32,11,3,0,kij,0.318762,210.5296867,1.192092896e-07,0,true,64,64,20260814
64,256,2048,32,11,3,1,ikj,0.319623,209.9625621,1.192092896e-07,0,true,64,64,20260814
64,256,2048,32,11,3,2,pace_fullk,0.305553,219.6308464,0,0,true,64,64,20260814
64,256,2048,32,11,4,0,kij,0.319954,209.7453509,1.192092896e-07,0,true,64,64,20260814
64,256,2048,32,11,4,1,ikj,0.319383,210.1203383,1.192092896e-07,0,true,64,64,20260814
64,256,2048,32,11,4,2,pace_fullk,0.306324,219.0780481,0,0,true,64,64,20260814
64,256,2048,32,11,5,0,kij,0.320004,209.7125786,1.192092896e-07,0,true,64,64,20260814
64,256,2048,32,11,5,1,pace_fullk,0.313625,213.9780438,0,0,true,64,64,20260814
64,256,2048,32,11,5,2,ikj,0.318402,210.7677213,1.192092896e-07,0,true,64,64,20260814
64,256,2048,32,11,6,0,pace_fullk,0.305883,219.393899,0,0,true,64,64,20260814
64,256,2048,32,11,6,1,kij,0.319332,210.1538963,1.192092896e-07,0,true,64,64,20260814
64,256,2048,32,11,6,2,ikj,0.318512,210.6949314,1.192092896e-07,0,true,64,64,20260814
64,256,2048,32,11,7,0,ikj,0.318371,210.7882439,1.192092896e-07,0,true,64,64,20260814
64,256,2048,32,11,7,1,kij,0.318952,210.404274,1.192092896e-07,0,true,64,64,20260814
64,256,2048,32,11,7,2,pace_fullk,0.307215,218.4426672,0,0,true,64,64,20260814
64,256,2048,32,11,8,0,ikj,0.319032,210.3515133,1.192092896e-07,0,true,64,64,20260814
64,256,2048,32,11,8,1,pace_fullk,0.306423,219.0072677,0,0,true,64,64,20260814
64,256,2048,32,11,8,2,kij,0.320104,209.6470647,1.192092896e-07,0,true,64,64,20260814
64,256,2048,32,11,9,0,pace_fullk,0.305983,219.3221976,0,0,true,64,64,20260814
64,256,2048,32,11,9,1,kij,0.320625,209.3063984,1.192092896e-07,0,true,64,64,20260814
64,256,2048,32,11,9,2,ikj,0.318692,210.5759291,1.192092896e-07,0,true,64,64,20260814
64,256,2048,32,11,10,0,pace_fullk,0.305532,219.6459422,0,0,true,64,64,20260814
64,256,2048,32,11,10,1,kij,0.326984,205.2359259,1.192092896e-07,0,true,64,64,20260814
64,256,2048,32,11,10,2,ikj,0.328316,204.40327,1.192092896e-07,0,true,64,64,20260814
64,256,2048,32,11,11,0,ikj,0.318301,210.8346,1.192092896e-07,0,true,64,64,20260814
64,256,2048,32,11,11,1,pace_fullk,0.306123,219.2218945,0,0,true,64,64,20260814
64,256,2048,32,11,11,2,kij,0.318592,210.6420249,1.192092896e-07,0,true,64,64,20260814
64,256,2048,32,11,12,0,ikj,0.318612,210.6288024,1.192092896e-07,0,true,64,64,20260814
64,256,2048,32,11,12,1,pace_fullk,0.313574,214.0128455,0,0,true,64,64,20260814
64,256,2048,32,11,12,2,kij,0.318472,210.7213947,1.192092896e-07,0,true,64,64,20260814
64,256,2048,32,11,13,0,kij,0.329448,203.70093,1.192092896e-07,0,true,64,64,20260814
64,256,2048,32,11,13,1,ikj,0.318662,210.5957535,1.192092896e-07,0,true,64,64,20260814
64,256,2048,32,11,13,2,pace_fullk,0.306383,219.0358603,0,0,true,64,64,20260814
64,256,2048,32,11,14,0,ikj,0.318792,210.5098748,1.192092896e-07,0,true,64,64,20260814
64,256,2048,32,11,14,1,kij,0.319142,210.2790106,1.192092896e-07,0,true,64,64,20260814
64,256,2048,32,11,14,2,pace_fullk,0.306224,219.1495898,0,0,true,64,64,20260814
64,256,2048,32,11,15,0,kij,0.318672,210.589145,1.192092896e-07,0,true,64,64,20260814
64,256,2048,32,11,15,1,ikj,0.318201,210.9008583,1.192092896e-07,0,true,64,64,20260814
64,256,2048,32,11,15,2,pace_fullk,0.305552,219.6315652,0,0,true,64,64,20260814
64,256,2048,32,11,16,0,ikj,0.318452,210.7346288,1.192092896e-07,0,true,64,64,20260814
64,256,2048,32,11,16,1,pace_fullk,0.305492,219.6747018,0,0,true,64,64,20260814
64,256,2048,32,11,16,2,kij,0.319764,209.8699791,1.192092896e-07,0,true,64,64,20260814
64,256,2048,32,11,17,0,ikj,0.318141,210.9406332,1.192092896e-07,0,true,64,64,20260814
64,256,2048,32,11,17,1,kij,0.318482,210.7147782,1.192092896e-07,0,true,64,64,20260814
64,256,2048,32,11,17,2,pace_fullk,0.305803,219.4512938,0,0,true,64,64,20260814
64,256,2048,32,11,18,0,pace_fullk,0.305381,219.7545492,0,0,true,64,64,20260814
64,256,2048,32,11,18,1,ikj,0.319733,209.8903272,1.192092896e-07,0,true,64,64,20260814
64,256,2048,32,11,18,2,kij,0.319293,210.1795655,1.192092896e-07,0,true,64,64,20260814
64,256,2048,32,11,19,0,ikj,0.319042,210.3449201,1.192092896e-07,0,true,64,64,20260814
64,256,2048,32,11,19,1,kij,0.326814,205.3426842,1.192092896e-07,0,true,64,64,20260814
64,256,2048,32,11,19,2,pace_fullk,0.305873,219.4010717,0,0,true,64,64,20260814
64,256,2048,32,29,0,0,pace_fullk,0.306203,219.1646195,0,0,true,64,64,20260814
64,256,2048,32,29,0,1,ikj,0.318591,210.6426861,1.192092896e-07,0,true,64,64,20260814
64,256,2048,32,29,0,2,kij,0.326103,205.7903914,1.192092896e-07,0,true,64,64,20260814
64,256,2048,32,29,1,0,kij,0.318872,210.4570611,1.192092896e-07,0,true,64,64,20260814
64,256,2048,32,29,1,1,pace_fullk,0.306003,219.307863,0,0,true,64,64,20260814
64,256,2048,32,29,1,2,ikj,0.319363,210.133497,1.192092896e-07,0,true,64,64,20260814
64,256,2048,32,29,2,0,ikj,0.3175,211.3665008,1.192092896e-07,0,true,64,64,20260814
64,256,2048,32,29,2,1,pace_fullk,0.305623,219.580542,0,0,true,64,64,20260814
64,256,2048,32,29,2,2,kij,0.319253,210.2058994,1.192092896e-07,0,true,64,64,20260814
64,256,2048,32,29,3,0,kij,0.318412,210.761102,1.192092896e-07,0,true,64,64,20260814
64,256,2048,32,29,3,1,pace_fullk,0.305452,219.703469,0,0,true,64,64,20260814
64,256,2048,32,29,3,2,ikj,0.318912,210.4306643,1.192092896e-07,0,true,64,64,20260814
64,256,2048,32,29,4,0,ikj,0.318071,210.9870563,1.192092896e-07,0,true,64,64,20260814
64,256,2048,32,29,4,1,kij,0.319463,210.0677199,1.192092896e-07,0,true,64,64,20260814
64,256,2048,32,29,4,2,pace_fullk,0.306624,218.8637028,0,0,true,64,64,20260814
64,256,2048,32,29,5,0,ikj,0.318372,210.7875818,1.192092896e-07,0,true,64,64,20260814
64,256,2048,32,29,5,1,pace_fullk,0.306033,219.2863645,0,0,true,64,64,20260814
64,256,2048,32,29,5,2,kij,0.319934,209.7584627,1.192092896e-07,0,true,64,64,20260814
64,256,2048,32,29,6,0,pace_fullk,0.305662,219.5525253,0,0,true,64,64,20260814
64,256,2048,32,29,6,1,ikj,0.319072,210.3251429,1.192092896e-07,0,true,64,64,20260814
64,256,2048,32,29,6,2,kij,0.317921,211.0866033,1.192092896e-07,0,true,64,64,20260814
64,256,2048,32,29,7,0,pace_fullk,0.309759,216.6486333,0,0,true,64,64,20260814
64,256,2048,32,29,7,1,kij,0.319533,210.0217004,1.192092896e-07,0,true,64,64,20260814
64,256,2048,32,29,7,2,ikj,0.327375,204.9908026,1.192092896e-07,0,true,64,64,20260814
64,256,2048,32,29,8,0,pace_fullk,0.306223,219.1503055,0,0,true,64,64,20260814
64,256,2048,32,29,8,1,ikj,0.319213,210.2322399,1.192092896e-07,0,true,64,64,20260814
64,256,2048,32,29,8,2,kij,0.319574,209.9947555,1.192092896e-07,0,true,64,64,20260814
64,256,2048,32,29,9,0,ikj,0.318371,210.7882439,1.192092896e-07,0,true,64,64,20260814
64,256,2048,32,29,9,1,pace_fullk,0.305913,219.3723837,0,0,true,64,64,20260814
64,256,2048,32,29,9,2,kij,0.320575,209.3390439,1.192092896e-07,0,true,64,64,20260814
64,256,2048,32,29,10,0,pace_fullk,0.305582,219.6100032,0,0,true,64,64,20260814
64,256,2048,32,29,10,1,ikj,0.318883,210.4498013,1.192092896e-07,0,true,64,64,20260814
64,256,2048,32,29,10,2,kij,0.320265,209.5416733,1.192092896e-07,0,true,64,64,20260814
64,256,2048,32,29,11,0,ikj,0.317881,211.113165,1.192092896e-07,0,true,64,64,20260814
64,256,2048,32,29,11,1,pace_fullk,0.306614,218.8708409,0,0,true,64,64,20260814
64,256,2048,32,29,11,2,kij,0.319593,209.9822712,1.192092896e-07,0,true,64,64,20260814
64,256,2048,32,29,12,0,kij,0.319113,210.2981201,1.192092896e-07,0,true,64,64,20260814
64,256,2048,32,29,12,1,ikj,0.318651,210.6030234,1.192092896e-07,0,true,64,64,20260814
64,256,2048,32,29,12,2,pace_fullk,0.306324,219.0780481,0,0,true,64,64,20260814
64,256,2048,32,29,13,0,ikj,0.318131,210.9472639,1.192092896e-07,0,true,64,64,20260814
64,256,2048,32,29,13,1,kij,0.319603,209.9757011,1.192092896e-07,0,true,64,64,20260814
64,256,2048,32,29,13,2,pace_fullk,0.306274,219.1138131,0,0,true,64,64,20260814
64,256,2048,32,29,14,0,kij,0.319493,210.0479948,1.192092896e-07,0,true,64,64,20260814
64,256,2048,32,29,14,1,ikj,0.320024,209.6994725,1.192092896e-07,0,true,64,64,20260814
64,256,2048,32,29,14,2,pace_fullk,0.311762,215.2567151,0,0,true,64,64,20260814
64,256,2048,32,29,15,0,kij,0.320144,209.6208706,1.192092896e-07,0,true,64,64,20260814
64,256,2048,32,29,15,1,pace_fullk,0.311731,215.2781212,0,0,true,64,64,20260814
64,256,2048,32,29,15,2,ikj,0.318952,210.404274,1.192092896e-07,0,true,64,64,20260814
64,256,2048,32,29,16,0,pace_fullk,0.305411,219.7329631,0,0,true,64,64,20260814
64,256,2048,32,29,16,1,ikj,0.318702,210.5693218,1.192092896e-07,0,true,64,64,20260814
64,256,2048,32,29,16,2,kij,0.318521,210.6889781,1.192092896e-07,0,true,64,64,20260814
64,256,2048,32,29,17,0,kij,0.318502,210.7015466,1.192092896e-07,0,true,64,64,20260814
64,256,2048,32,29,17,1,ikj,0.318352,210.8008242,1.192092896e-07,0,true,64,64,20260814
64,256,2048,32,29,17,2,pace_fullk,0.306123,219.2218945,0,0,true,64,64,20260814
64,256,2048,32,29,18,0,kij,0.320315,209.5089646,1.192092896e-07,0,true,64,64,20260814
64,256,2048,32,29,18,1,ikj,0.318251,210.8677239,1.192092896e-07,0,true,64,64,20260814
64,256,2048,32,29,18,2,pace_fullk,0.306284,219.1066592,0,0,true,64,64,20260814
64,256,2048,32,29,19,0,pace_fullk,0.305682,219.5381606,0,0,true,64,64,20260814
64,256,2048,32,29,19,1,ikj,0.318582,210.6486368,1.192092896e-07,0,true,64,64,20260814
64,256,2048,32,29,19,2,kij,0.319203,210.2388261,1.192092896e-07,0,true,64,64,20260814
64,256,2048,32,47,0,0,kij,0.318712,210.5627149,1.192092896e-07,0,true,64,64,20260814
64,256,2048,32,47,0,1,pace_fullk,0.306113,219.2290559,0,0,true,64,64,20260814
64,256,2048,32,47,0,2,ikj,0.318672,210.589145,1.192092896e-07,0,true,64,64,20260814
64,256,2048,32,47,1,0,ikj,0.317981,211.0467732,1.192092896e-07,0,true,64,64,20260814
64,256,2048,32,47,1,1,pace_fullk,0.305763,219.4800025,0,0,true,64,64,20260814
64,256,2048,32,47,1,2,kij,0.318922,210.4240661,1.192092896e-07,0,true,64,64,20260814
64,256,2048,32,47,2,0,pace_fullk,0.305613,219.587727,0,0,true,64,64,20260814
64,256,2048,32,47,2,1,ikj,0.319113,210.2981201,1.192092896e-07,0,true,64,64,20260814
64,256,2048,32,47,2,2,kij,0.318892,210.4438619,1.192092896e-07,0,true,64,64,20260814
64,256,2048,32,47,3,0,ikj,0.324782,206.6274116,1.192092896e-07,0,true,64,64,20260814
64,256,2048,32,47,3,1,kij,0.319524,210.0276161,1.192092896e-07,0,true,64,64,20260814
64,256,2048,32,47,3,2,pace_fullk,0.316389,212.1087143,0,0,true,64,64,20260814
64,256,2048,32,47,4,0,ikj,0.318772,210.5230823,1.192092896e-07,0,true,64,64,20260814
64,256,2048,32,47,4,1,kij,0.319232,210.2197273,1.192092896e-07,0,true,64,64,20260814
64,256,2048,32,47,4,2,pace_fullk,0.306103,219.2362179,0,0,true,64,64,20260814
64,256,2048,32,47,5,0,kij,0.319343,210.1466574,1.192092896e-07,0,true,64,64,20260814
64,256,2048,32,47,5,1,ikj,0.318772,210.5230823,1.192092896e-07,0,true,64,64,20260814
64,256,2048,32,47,5,2,pace_fullk,0.306253,219.1288379,0,0,true,64,64,20260814
64,256,2048,32,47,6,0,ikj,0.319002,210.3712955,1.192092896e-07,0,true,64,64,20260814
64,256,2048,32,47,6,1,pace_fullk,0.306083,219.2505432,0,0,true,64,64,20260814
64,256,2048,32,47,6,2,kij,0.320104,209.6470647,1.192092896e-07,0,true,64,64,20260814
64,256,2048,32,47,7,0,ikj,0.319193,210.2454127,1.192092896e-07,0,true,64,64,20260814
64,256,2048,32,47,7,1,kij,0.320184,209.5946831,1.192092896e-07,0,true,64,64,20260814
64,256,2048,32,47,7,2,pace_fullk,0.306203,219.1646195,0,0,true,64,64,20260814
64,256,2048,32,47,8,0,kij,0.319433,210.0874487,1.192092896e-07,0,true,64,64,20260814
64,256,2048,32,47,8,1,pace_fullk,0.305352,219.7754198,0,0,true,64,64,20260814
64,256,2048,32,47,8,2,ikj,0.317831,211.1463765,1.192092896e-07,0,true,64,64,20260814
64,256,2048,32,47,9,0,ikj,0.319183,210.2519996,1.192092896e-07,0,true,64,64,20260814
64,256,2048,32,47,9,1,kij,0.318842,210.4768631,1.192092896e-07,0,true,64,64,20260814
64,256,2048,32,47,9,2,pace_fullk,0.306223,219.1503055,0,0,true,64,64,20260814
64,256,2048,32,47,10,0,kij,0.323079,207.7165771,1.192092896e-07,0,true,64,64,20260814
64,256,2048,32,47,10,1,ikj,0.318181,210.9141149,1.192092896e-07,0,true,64,64,20260814
64,256,2048,32,47,10,2,pace_fullk,0.312422,214.8019794,0,0,true,64,64,20260814
64,256,2048,32,47,11,0,ikj,0.31776,211.1935549,1.192092896e-07,0,true,64,64,20260814
64,256,2048,32,47,11,1,kij,0.320214,209.5750467,1.192092896e-07,0,true,64,64,20260814
64,256,2048,32,47,11,2,pace_fullk,0.306513,218.9429616,0,0,true,64,64,20260814
64,256,2048,32,47,12,0,ikj,0.319233,210.2190688,1.192092896e-07,0,true,64,64,20260814
64,256,2048,32,47,12,1,pace_fullk,0.305672,219.5453427,0,0,true,64,64,20260814
64,256,2048,32,47,12,2,kij,0.319614,209.9684745,1.192092896e-07,0,true,64,64,20260814
64,256,2048,32,47,13,0,pace_fullk,0.305903,219.379555,0,0,true,64,64,20260814
64,256,2048,32,47,13,1,kij,0.319563,210.001984,1.192092896e-07,0,true,64,64,20260814
64,256,2048,32,47,13,2,ikj,0.320825,209.1759183,1.192092896e-07,0,true,64,64,20260814
64,256,2048,32,47,14,0,pace_fullk,0.305953,219.3437031,0,0,true,64,64,20260814
64,256,2048,32,47,14,1,kij,0.318732,210.5495024,1.192092896e-07,0,true,64,64,20260814
64,256,2048,32,47,14,2,ikj,0.318122,210.9532318,1.192092896e-07,0,true,64,64,20260814
64,256,2048,32,47,15,0,pace_fullk,0.306804,218.7352968,0,0,true,64,64,20260814
64,256,2048,32,47,15,1,kij,0.318752,210.5362915,1.192092896e-07,0,true,64,64,20260814
64,256,2048,32,47,15,2,ikj,0.318271,210.8544731,1.192092896e-07,0,true,64,64,20260814
64,256,2048,32,47,16,0,pace_fullk,0.305943,219.3508725,0,0,true,64,64,20260814
64,256,2048,32,47,16,1,kij,0.319624,209.9619052,1.192092896e-07,0,true,64,64,20260814
64,256,2048,32,47,16,2,ikj,0.326574,205.493591,1.192092896e-07,0,true,64,64,20260814
64,256,2048,32,47,17,0,ikj,0.324671,206.6980543,1.192092896e-07,0,true,64,64,20260814
64,256,2048,32,47,17,1,kij,0.319383,210.1203383,1.192092896e-07,0,true,64,64,20260814
64,256,2048,32,47,17,2,pace_fullk,0.311331,215.5547119,0,0,true,64,64,20260814
64,256,2048,32,47,18,0,kij,0.319032,210.3515133,1.192092896e-07,0,true,64,64,20260814
64,256,2048,32,47,18,1,pace_fullk,0.305822,219.4376598,0,0,true,64,64,20260814
64,256,2048,32,47,18,2,ikj,0.318602,210.6354135,1.192092896e-07,0,true,64,64,20260814
64,256,2048,32,47,19,0,kij,0.318342,210.8074461,1.192092896e-07,0,true,64,64,20260814
64,256,2048,32,47,19,1,ikj,0.31761,211.2932968,1.192092896e-07,0,true,64,64,20260814
64,256,2048,32,47,19,2,pace_fullk,0.306714,218.7994809,0,0,true,64,64,20260814
64,256,8192,32,11,0,0,pace_fullk,1.239525,216.5631641,0,0,true,64,64,20260814
64,256,8192,32,11,0,1,ikj,1.281578,209.4569788,1.192092896e-07,0,true,64,64,20260814
64,256,8192,32,11,0,2,kij,1.280587,209.61907,1.192092896e-07,0,true,64,64,20260814
64,256,8192,32,11,1,0,ikj,1.277282,210.1614647,1.192092896e-07,0,true,64,64,20260814
64,256,8192,32,11,1,1,kij,1.278594,209.9458124,1.192092896e-07,0,true,64,64,20260814
64,256,8192,32,11,1,2,pace_fullk,1.232754,217.7526546,0,0,true,64,64,20260814
64,256,8192,32,11,2,0,kij,1.285313,208.8483163,1.192092896e-07,0,true,64,64,20260814
64,256,8192,32,11,2,1,ikj,1.276701,210.2571048,1.192092896e-07,0,true,64,64,20260814
64,256,8192,32,11,2,2,pace_fullk,1.230541,218.1442601,0,0,true,64,64,20260814
64,256,8192,32,11,3,0,kij,1.28944,208.1798734,1.192092896e-07,0,true,64,64,20260814
64,256,8192,32,11,3,1,pace_fullk,1.233626,217.5987341,0,0,true,64,64,20260814
64,256,8192,32,11,3,2,ikj,1.287507,208.4924245,1.192092896e-07,0,true,64,64,20260814
64,256,8192,32,11,4,0,kij,1.278453,209.9689672,1.192092896e-07,0,true,64,64,20260814
64,256,8192,32,11,4,1,pace_fullk,1.23009,218.2242405,0,0,true,64,64,20260814
64,256,8192,32,11,4,2,ikj,1.280487,209.6354403,1.192092896e-07,0,true,64,64,20260814
64,256,8192,32,11,5,0,kij,1.277101,210.1912503,1.192092896e-07,0,true,64,64,20260814
64,256,8192,32,11,5,1,pace_fullk,1.228608,218.487472,0,0,true,64,64,20260814
64,256,8192,32,11,5,2,ikj,1.281047,209.5437997,1.192092896e-07,0,true,64,64,20260814
64,256,8192,32,11,6,0,ikj,1.275178,210.5082239,1.192092896e-07,0,true,64,64,20260814
64,256,8192,32,11,6,1,pace_fullk,1.238023,216.8259039,0,0,true,64,64,20260814
64,256,8192,32,11,6,2,kij,1.290562,207.9988842,1.192092896e-07,0,true,64,64,20260814
64,256,8192,32,11,7,0,pace_fullk,1.239174,216.6245063,0,0,true,64,64,20260814
64,256,8192,32,11,7,1,ikj,1.288268,208.3692648,1.192092896e-07,0,true,64,64,20260814
64,256,8192,32,11,7,2,kij,1.279034,209.873589,1.192092896e-07,0,true,64,64,20260814
64,256,8192,32,11,8,0,ikj,1.278093,210.0281091,1.192092896e-07,0,true,64,64,20260814
64,256,8192,32,11,8,1,kij,1.279154,209.8539003,1.192092896e-07,0,true,64,64,20260814
64,256,8192,32,11,8,2,pace_fullk,1.232904,217.726162,0,0,true,64,64,20260814
64,256,8192,32,11,9,0,pace_fullk,1.224662,219.1914634,0,0,true,64,64,20260814
64,256,8192,32,11,9,1,ikj,1.286886,208.5930347,1.192092896e-07,0,true,64,64,20260814
64,256,8192,32,11,9,2,kij,1.304643,205.7539541,1.192092896e-07,0,true,64,64,20260814
64,256,8192,32,11,10,0,pace_fullk,1.23676,217.0473301,0,0,true,64,64,20260814
64,256,8192,32,11,10,1,ikj,1.286435,208.6661635,1.192092896e-07,0,true,64,64,20260814
64,256,8192,32,11,10,2,kij,1.287567,208.4827089,1.192092896e-07,0,true,64,64,20260814
64,256,8192,32,11,11,0,kij,1.3162,203.947315,1.192092896e-07,0,true,64,64,20260814
64,256,8192,32,11,11,1,ikj,1.277081,210.1945421,1.192092896e-07,0,true,64,64,20260814
64,256,8192,32,11,11,2,pace_fullk,1.234507,217.4434458,0,0,true,64,64,20260814
64,256,8192,32,11,12,0,pace_fullk,1.235649,217.2424823,0,0,true,64,64,20260814
64,256,8192,32,11,12,1,ikj,1.286445,208.6645414,1.192092896e-07,0,true,64,64,20260814
64,256,8192,32,11,12,2,kij,1.279775,209.7520705,1.192092896e-07,0,true,64,64,20260814
64,256,8192,32,11,13,0,ikj,1.278764,209.917902,1.192092896e-07,0,true,64,64,20260814
64,256,8192,32,11,13,1,pace_fullk,1.231612,217.9545636,0,0,true,64,64,20260814
64,256,8192,32,11,13,2,kij,1.309871,204.9327422,1.192092896e-07,0,true,64,64,20260814
64,256,8192,32,11,14,0,kij,1.285063,208.8889463,1.192092896e-07,0,true,64,64,20260814
64,256,8192,32,11,14,1,ikj,1.292144,207.7442266,1.192092896e-07,0,true,64,64,20260814
64,256,8192,32,11,14,2,pace_fullk,1.231903,217.9030784,0,0,true,64,64,20260814
64,256,8192,32,11,15,0,kij,1.283401,209.1594568,1.192092896e-07,0,true,64,64,20260814
64,256,8192,32,11,15,1,pace_fullk,1.23004,218.2331111,0,0,true,64,64,20260814
64,256,8192,32,11,15,2,ikj,1.281438,209.4798625,1.192092896e-07,0,true,64,64,20260814
64,256,8192,32,11,16,0,ikj,1.279125,209.8586581,1.192092896e-07,0,true,64,64,20260814
64,256,8192,32,11,16,1,pace_fullk,1.22976,218.2827999,0,0,true,64,64,20260814
64,256,8192,32,11,16,2,kij,1.284402,208.9964482,1.192092896e-07,0,true,64,64,20260814
64,256,8192,32,11,17,0,ikj,1.283821,209.0910306,1.192092896e-07,0,true,64,64,20260814
64,256,8192,32,11,17,1,kij,1.283361,209.1659759,1.192092896e-07,0,true,64,64,20260814
64,256,8192,32,11,17,2,pace_fullk,1.241117,216.2853752,0,0,true,64,64,20260814
64,256,8192,32,11,18,0,pace_fullk,1.231522,217.9704918,0,0,true,64,64,20260814
64,256,8192,32,11,18,1,kij,1.288519,208.328675,1.192092896e-07,0,true,64,64,20260814
64,256,8192,32,11,18,2,ikj,1.27666,210.2638573,1.192092896e-07,0,true,64,64,20260814
64,256,8192,32,11,19,0,kij,1.279385,209.81601,1.192092896e-07,0,true,64,64,20260814
64,256,8192,32,11,19,1,ikj,1.278774,209.9162604,1.192092896e-07,0,true,64,64,20260814
64,256,8192,32,11,19,2,pace_fullk,1.233445,217.6306653,0,0,true,64,64,20260814
64,256,8192,32,29,0,0,kij,1.286065,208.7261966,1.192092896e-07,0,true,64,64,20260814
64,256,8192,32,29,0,1,ikj,1.279425,209.8094503,1.192092896e-07,0,true,64,64,20260814
64,256,8192,32,29,0,2,pace_fullk,1.233886,217.5528825,0,0,true,64,64,20260814
64,256,8192,32,29,1,0,pace_fullk,1.228078,218.5817644,0,0,true,64,64,20260814
64,256,8192,32,29,1,1,kij,1.284513,208.9783879,1.192092896e-07,0,true,64,64,20260814
64,256,8192,32,29,1,2,ikj,1.280326,209.6618018,1.192092896e-07,0,true,64,64,20260814
64,256,8192,32,29,2,0,ikj,1.279875,209.735682,1.192092896e-07,0,true,64,64,20260814
64,256,8192,32,29,2,1,pace_fullk,1.230231,218.1992293,0,0,true,64,64,20260814
64,256,8192,32,29,2,2,kij,1.281338,209.496211,1.192092896e-07,0,true,64,64,20260814
64,256,8192,32,29,3,0,kij,1.284713,208.9458548,1.192092896e-07,0,true,64,64,20260814
64,256,8192,32,29,3,1,ikj,1.284182,209.0322524,1.192092896e-07,0,true,64,64,20260814
64,256,8192,32,29,3,2,pace_fullk,1.239434,216.5790643,0,0,true,64,64,20260814
64,256,8192,32,29,4,0,pace_fullk,1.227787,218.6335708,0,0,true,64,64,20260814
64,256,8192,32,29,4,1,ikj,1.286335,208.6823852,1.192092896e-07,0,true,64,64,20260814
64,256,8192,32,29,4,2,kij,1.29666,207.0206963,1.192092896e-07,0,true,64,64,20260814
64,256,8192,32,29,5,0,pace_fullk,1.23058,218.1373466,0,0,true,64,64,20260814
64,256,8192,32,29,5,1,ikj,1.28255,209.2982387,1.192092896e-07,0,true,64,64,20260814
64,256,8192,32,29,5,2,kij,1.279926,209.7273249,1.192092896e-07,0,true,64,64,20260814
64,256,8192,32,29,6,0,kij,1.278804,209.9113359,1.192092896e-07,0,true,64,64,20260814
64,256,8192,32,29,6,1,pace_fullk,1.242109,216.1126407,0,0,true,64,64,20260814
64,256,8192,32,29,6,2,ikj,1.286666,208.6287008,1.192092896e-07,0,true,64,64,20260814
64,256,8192,32,29,7,0,pace_fullk,1.287557,208.4843281,0,0,true,64,64,20260814
64,256,8192,32,29,7,1,ikj,1.290462,208.0150024,1.192092896e-07,0,true,64,64,20260814
64,256,8192,32,29,7,2,kij,1.281468,209.4749584,1.192092896e-07,0,true,64,64,20260814
64,256,8192,32,29,8,0,ikj,1.279625,209.776658,1.192092896e-07,0,true,64,64,20260814
64,256,8192,32,29,8,1,kij,1.279214,209.8440574,1.192092896e-07,0,true,64,64,20260814
64,256,8192,32,29,8,2,pace_fullk,1.231522,217.9704918,0,0,true,64,64,20260814
64,256,8192,32,29,9,0,kij,1.284503,208.9800148,1.192092896e-07,0,true,64,64,20260814
64,256,8192,32,29,9,1,ikj,1.277432,210.1367869,1.192092896e-07,0,true,64,64,20260814
64,256,8192,32,29,9,2,pace_fullk,1.22976,218.2827999,0,0,true,64,64,20260814
64,256,8192,32,29,10,0,kij,1.292816,207.6362421,1.192092896e-07,0,true,64,64,20260814
64,256,8192,32,29,10,1,pace_fullk,1.235719,217.2301761,0,0,true,64,64,20260814
64,256,8192,32,29,10,2,ikj,1.289761,208.1280609,1.192092896e-07,0,true,64,64,20260814
64,256,8192,32,29,11,0,ikj,1.286165,208.709968,1.192092896e-07,0,true,64,64,20260814
64,256,8192,32,29,11,1,pace_fullk,1.231773,217.9260757,0,0,true,64,64,20260814
64,256,8192,32,29,11,2,kij,1.283391,209.1610865,1.192092896e-07,0,true,64,64,20260814
64,256,8192,32,29,12,0,pace_fullk,1.231122,218.0413119,0,0,true,64,64,20260814
64,256,8192,32,29,12,1,kij,1.282279,209.3424723,1.192092896e-07,0,true,64,64,20260814
64,256,8192,32,29,12,2,ikj,1.278624,209.9408865,1.192092896e-07,0,true,64,64,20260814
64,256,8192,32,29,13,0,pace_fullk,1.230581,218.1371694,0,0,true,64,64,20260814
64,256,8192,32,29,13,1,kij,1.280617,209.6141594,1.192092896e-07,0,true,64,64,20260814
64,256,8192,32,29,13,2,ikj,1.284293,209.014186,1.192092896e-07,0,true,64,64,20260814
64,256,8192,32,29,14,0,ikj,1.282429,209.3179864,1.192092896e-07,0,true,64,64,20260814
64,256,8192,32,29,14,1,pace_fullk,1.240947,216.3150046,0,0,true,64,64,20260814
64,256,8192,32,29,14,2,kij,1.290231,208.0522449,1.192092896e-07,0,true,64,64,20260814
64,256,8192,32,29,15,0,pace_fullk,1.2301,218.2224665,0,0,true,64,64,20260814
64,256,8192,32,29,15,1,kij,1.281839,209.4143305,1.192092896e-07,0,true,64,64,20260814
64,256,8192,32,29,15,2,ikj,1.278704,209.9277518,1.192092896e-07,0,true,64,64,20260814
64,256,8192,32,29,16,0,kij,1.278854,209.9031289,1.192092896e-07,0,true,64,64,20260814
64,256,8192,32,29,16,1,ikj,1.281769,209.425767,1.192092896e-07,0,true,64,64,20260814
64,256,8192,32,29,16,2,pace_fullk,1.231712,217.9368684,0,0,true,64,64,20260814
64,256,8192,32,29,17,0,kij,1.281789,209.4224993,1.192092896e-07,0,true,64,64,20260814
64,256,8192,32,29,17,1,ikj,1.286075,208.7245736,1.192092896e-07,0,true,64,64,20260814
64,256,8192,32,29,17,2,pace_fullk,1.239915,216.4950468,0,0,true,64,64,20260814
64,256,8192,32,29,18,0,pace_fullk,1.237111,216.9857482,0,0,true,64,64,20260814
64,256,8192,32,29,18,1,ikj,1.284693,208.9491077,1.192092896e-07,0,true,64,64,20260814
64,256,8192,32,29,18,2,kij,1.279866,209.7371569,1.192092896e-07,0,true,64,64,20260814
64,256,8192,32,29,19,0,ikj,1.281618,209.4504416,1.192092896e-07,0,true,64,64,20260814
64,256,8192,32,29,19,1,kij,1.297662,206.8608436,1.192092896e-07,0,true,64,64,20260814
64,256,8192,32,29,19,2,pace_fullk,1.232924,217.7226301,0,0,true,64,64,20260814
64,256,8192,32,47,0,0,kij,1.292194,207.7361882,1.192092896e-07,0,true,64,64,20260814
64,256,8192,32,47,0,1,pace_fullk,1.236499,217.0931444,0,0,true,64,64,20260814
64,256,8192,32,47,0,2,ikj,1.280617,209.6141594,1.192092896e-07,0,true,64,64,20260814
64,256,8192,32,47,1,0,kij,1.279124,209.8588221,1.192092896e-07,0,true,64,64,20260814
64,256,8192,32,47,1,1,ikj,1.27662,210.2704454,1.192092896e-07,0,true,64,64,20260814
64,256,8192,32,47,1,2,pace_fullk,1.233135,217.6853759,0,0,true,64,64,20260814
64,256,8192,32,47,2,0,pace_fullk,1.225153,219.1036189,0,0,true,64,64,20260814
64,256,8192,32,47,2,1,kij,1.285975,208.7408044,1.192092896e-07,0,true,64,64,20260814
64,256,8192,32,47,2,2,ikj,1.278764,209.917902,1.192092896e-07,0,true,64,64,20260814
64,256,8192,32,47,3,0,ikj,1.283761,209.100803,1.192092896e-07,0,true,64,64,20260814
64,256,8192,32,47,3,1,pace_fullk,1.235989,217.1827225,0,0,true,64,64,20260814
64,256,8192,32,47,3,2,kij,1.290782,207.963433,1.192092896e-07,0,true,64,64,20260814
64,256,8192,32,47,4,0,ikj,1.285755,208.7765212,1.192092896e-07,0,true,64,64,20260814
64,256,8192,32,47,4,1,kij,1.277702,210.0923815,1.192092896e-07,0,true,64,64,20260814
64,256,8192,32,47,4,2,pace_fullk,1.233025,217.7047959,0,0,true,64,64,20260814
64,256,8192,32,47,5,0,ikj,1.283151,209.2002079,1.192092896e-07,0,true,64,64,20260814
64,256,8192,32,47,5,1,pace_fullk,1.228258,218.5497314,0,0,true,64,64,20260814
64,256,8192,32,47,5,2,kij,1.282319,209.3359421,1.192092896e-07,0,true,64,64,20260814
64,256,8192,32,47,6,0,pace_fullk,1.227447,218.6941318,0,0,true,64,64,20260814
64,256,8192,32,47,6,1,ikj,1.281288,209.5043862,1.192092896e-07,0,true,64,64,20260814
64,256,8192,32,47,6,2,kij,1.288709,208.2979602,1.192092896e-07,0,true,64,64,20260814
64,256,8192,32,47,7,0,ikj,1.28301,209.2231986,1.192092896e-07,0,true,64,64,20260814
64,256,8192,32,47,7,1,pace_fullk,1.23666,217.0648812,0,0,true,64,64,20260814
64,256,8192,32,47,7,2,kij,1.28254,209.2998706,1.192092896e-07,0,true,64,64,20260814
64,256,8192,32,47,8,0,kij,1.277122,210.1877941,1.192092896e-07,0,true,64,64,20260814
64,256,8192,32,47,8,1,ikj,1.279755,209.7553485,1.192092896e-07,0,true,64,64,20260814
64,256,8192,32,47,8,2,pace_fullk,1.232555,217.7878115,0,0,true,64,64,20260814
64,256,8192,32,47,9,0,kij,1.28306,209.2150453,1.192092896e-07,0,true,64,64,20260814
64,256,8192,32,47,9,1,ikj,1.278584,209.9474544,1.192092896e-07,0,true,64,64,20260814
64,256,8192,32,47,9,2,pace_fullk,1.229729,218.2883025,0,0,true,64,64,20260814
64,256,8192,32,47,10,0,kij,1.28306,209.2150453,1.192092896e-07,0,true,64,64,20260814
64,256,8192,32,47,10,1,pace_fullk,1.231693,217.9402302,0,0,true,64,64,20260814
64,256,8192,32,47,10,2,ikj,1.299135,206.6262983,1.192092896e-07,0,true,64,64,20260814
64,256,8192,32,47,11,0,pace_fullk,1.233826,217.5634619,0,0,true,64,64,20260814
64,256,8192,32,47,11,1,ikj,1.290081,208.0764355,1.192092896e-07,0,true,64,64,20260814
64,256,8192,32,47,11,2,kij,1.285905,208.7521675,1.192092896e-07,0,true,64,64,20260814
64,256,8192,32,47,12,0,ikj,1.287527,208.4891859,1.192092896e-07,0,true,64,64,20260814
64,256,8192,32,47,12,1,pace_fullk,1.231763,217.9278449,0,0,true,64,64,20260814
64,256,8192,32,47,12,2,kij,1.285144,208.8757805,1.192092896e-07,0,true,64,64,20260814
64,256,8192,32,47,13,0,pace_fullk,1.227557,218.6745349,0,0,true,64,64,20260814
64,256,8192,32,47,13,1,ikj,1.281188,209.5207386,1.192092896e-07,0,true,64,64,20260814
64,256,8192,32,47,13,2,kij,1.278994,209.8801527,1.192092896e-07,0,true,64,64,20260814
64,256,8192,32,47,14,0,kij,1.280757,209.5912464,1.192092896e-07,0,true,64,64,20260814
64,256,8192,32,47,14,1,ikj,1.282039,209.3816616,1.192092896e-07,0,true,64,64,20260814
64,256,8192,32,47,14,2,pace_fullk,1.238593,216.7261207,0,0,true,64,64,20260814
64,256,8192,32,47,15,0,ikj,1.292134,207.7458344,1.192092896e-07,0,true,64,64,20260814
64,256,8192,32,47,15,1,kij,1.279975,209.7192961,1.192092896e-07,0,true,64,64,20260814
64,256,8192,32,47,15,2,pace_fullk,1.230851,218.0893187,0,0,true,64,64,20260814
64,256,8192,32,47,16,0,ikj,1.281898,209.4046921,1.192092896e-07,0,true,64,64,20260814
64,256,8192,32,47,16,1,pace_fullk,1.229209,218.3806464,0,0,true,64,64,20260814
64,256,8192,32,47,16,2,kij,1.28269,209.2753947,1.192092896e-07,0,true,64,64,20260814
64,256,8192,32,47,17,0,pace_fullk,1.22985,218.266826,0,0,true,64,64,20260814
64,256,8192,32,47,17,1,ikj,1.28238,209.3259845,1.192092896e-07,0,true,64,64,20260814
64,256,8192,32,47,17,2,kij,1.28266,209.2802894,1.192092896e-07,0,true,64,64,20260814
64,256,8192,32,47,18,0,pace_fullk,1.23636,217.1175515,0,0,true,64,64,20260814
64,256,8192,32,47,18,1,kij,1.291504,207.8471735,1.192092896e-07,0,true,64,64,20260814
64,256,8192,32,47,18,2,ikj,1.286586,208.6416734,1.192092896e-07,0,true,64,64,20260814
64,256,8192,32,47,19,0,ikj,1.278363,209.9837495,1.192092896e-07,0,true,64,64,20260814
64,256,8192,32,47,19,1,kij,1.280537,209.6272548,1.192092896e-07,0,true,64,64,20260814
64,256,8192,32,47,19,2,pace_fullk,1.234527,217.4399231,0,0,true,64,64,20260814
64,256,16384,32,11,0,0,pace_fullk,2.512439,213.685153,0,0,true,64,64,20260814
64,256,16384,32,11,0,1,ikj,2.679372,200.37192,1.192092896e-07,0,true,64,64,20260814
64,256,16384,32,11,0,2,kij,2.681305,200.2274683,1.192092896e-07,0,true,64,64,20260814
64,256,16384,32,11,1,0,ikj,2.654655,202.2375457,1.192092896e-07,0,true,64,64,20260814
64,256,16384,32,11,1,1,kij,2.654975,202.2131704,1.192092896e-07,0,true,64,64,20260814
64,256,16384,32,11,1,2,pace_fullk,2.524027,212.7041082,0,0,true,64,64,20260814
64,256,16384,32,11,2,0,ikj,2.667575,201.2580385,1.192092896e-07,0,true,64,64,20260814
64,256,16384,32,11,2,1,kij,2.66506,201.4479644,1.192092896e-07,0,true,64,64,20260814
64,256,16384,32,11,2,2,pace_fullk,2.528284,212.3459675,0,0,true,64,64,20260814
64,256,16384,32,11,3,0,ikj,2.666913,201.3079962,1.192092896e-07,0,true,64,64,20260814
64,256,16384,32,11,3,1,pace_fullk,2.523657,212.7352933,0,0,true,64,64,20260814
64,256,16384,32,11,3,2,kij,2.68474,199.9712866,1.192092896e-07,0,true,64,64,20260814
64,256,16384,32,11,4,0,kij,2.654674,202.2360983,1.192092896e-07,0,true,64,64,20260814
64,256,16384,32,11,4,1,ikj,2.661525,201.7155247,1.192092896e-07,0,true,64,64,20260814
64,256,16384,32,11,4,2,pace_fullk,2.536195,211.6836095,0,0,true,64,64,20260814
64,256,16384,32,11,5,0,ikj,2.687765,199.7462248,1.192092896e-07,0,true,64,64,20260814
64,256,16384,32,11,5,1,kij,2.657949,201.9869125,1.192092896e-07,0,true,64,64,20260814
64,256,16384,32,11,5,2,pace_fullk,2.520782,212.9779219,0,0,true,64,64,20260814
64,256,16384,32,11,6,0,kij,2.668305,201.2029779,1.192092896e-07,0,true,64,64,20260814
64,256,16384,32,11,6,1,ikj,2.646002,202.8989064,1.192092896e-07,0,true,64,64,20260814
64,256,16384,32,11,6,2,pace_fullk,2.52623,212.5186194,0,0,true,64,64,20260814
64,256,16384,32,11,7,0,pace_fullk,2.509175,213.9631201,0,0,true,64,64,20260814
64,256,16384,32,11,7,1,kij,2.725913,196.9508609,1.192092896e-07,0,true,64,64,20260814
64,256,16384,32,11,7,2,ikj,2.654295,202.2649751,1.192092896e-07,0,true,64,64,20260814
64,256,16384,32,11,8,0,kij,2.661946,201.6836224,1.192092896e-07,0,true,64,64,20260814
64,256,16384,32,11,8,1,ikj,2.6451,202.9680965,1.192092896e-07,0,true,64,64,20260814
64,256,16384,32,11,8,2,pace_fullk,2.532099,212.0260353,0,0,true,64,64,20260814
64,256,16384,32,11,9,0,ikj,2.663558,201.5615624,1.192092896e-07,0,true,64,64,20260814
64,256,16384,32,11,9,1,kij,2.680724,200.2708641,1.192092896e-07,0,true,64,64,20260814
64,256,16384,32,11,9,2,pace_fullk,2.528023,212.3678906,0,0,true,64,64,20260814
64,256,16384,32,11,10,0,kij,2.674775,200.716289,1.192092896e-07,0,true,64,64,20260814
64,256,16384,32,11,10,1,pace_fullk,2.515043,213.4639098,0,0,true,64,64,20260814
64,256,16384,32,11,10,2,ikj,2.669537,201.1101221,1.192092896e-07,0,true,64,64,20260814
64,256,16384,32,11,11,0,kij,2.662857,201.6146237,1.192092896e-07,0,true,64,64,20260814
64,256,16384,32,11,11,1,pace_fullk,2.528454,212.3316904,0,0,true,64,64,20260814
64,256,16384,32,11,11,2,ikj,2.669558,201.1085401,1.192092896e-07,0,true,64,64,20260814
64,256,16384,32,11,12,0,pace_fullk,2.516035,213.3797471,0,0,true,64,64,20260814
64,256,16384,32,11,12,1,kij,2.669077,201.1447823,1.192092896e-07,0,true,64,64,20260814
64,256,16384,32,11,12,2,ikj,2.645511,202.9365639,1.192092896e-07,0,true,64,64,20260814
64,256,16384,32,11,13,0,pace_fullk,2.531038,212.1149157,0,0,true,64,64,20260814
64,256,16384,32,11,13,1,ikj,2.669497,201.1131355,1.192092896e-07,0,true,64,64,20260814
64,256,16384,32,11,13,2,kij,2.671741,200.9442203,1.192092896e-07,0,true,64,64,20260814
64,256,16384,32,11,14,0,pace_fullk,2.53922,211.4314285,0,0,true,64,64,20260814
64,256,16384,32,11,14,1,ikj,2.662056,201.6752886,1.192092896e-07,0,true,64,64,20260814
64,256,16384,32,11,14,2,kij,2.649076,202.6634615,1.192092896e-07,0,true,64,64,20260814
64,256,16384,32,11,15,0,pace_fullk,2.536977,211.61836,0,0,true,64,64,20260814
64,256,16384,32,11,15,1,ikj,2.667274,201.2807503,1.192092896e-07,0,true,64,64,20260814
64,256,16384,32,11,15,2,kij,2.718872,197.4609,1.192092896e-07,0,true,64,64,20260814
64,256,16384,32,11,16,0,ikj,2.645741,202.9189221,1.192092896e-07,0,true,64,64,20260814
64,256,16384,32,11,16,1,kij,2.655967,202.137644,1.192092896e-07,0,true,64,64,20260814
64,256,16384,32,11,16,2,pace_fullk,2.522415,212.840041,0,0,true,64,64,20260814
64,256,16384,32,11,17,0,ikj,2.6714,200.9698705,1.192092896e-07,0,true,64,64,20260814
64,256,16384,32,11,17,1,kij,2.669577,201.1071087,1.192092896e-07,0,true,64,64,20260814
64,256,16384,32,11,17,2,pace_fullk,2.526581,212.4890957,0,0,true,64,64,20260814
64,256,16384,32,11,18,0,kij,2.679693,200.3479175,1.192092896e-07,0,true,64,64,20260814
64,256,16384,32,11,18,1,ikj,2.649547,202.6274348,1.192092896e-07,0,true,64,64,20260814
64,256,16384,32,11,18,2,pace_fullk,2.522905,212.7987031,0,0,true,64,64,20260814
64,256,16384,32,11,19,0,ikj,2.677008,200.5488635,1.192092896e-07,0,true,64,64,20260814
64,256,16384,32,11,19,1,kij,2.6649,201.4600593,1.192092896e-07,0,true,64,64,20260814
64,256,16384,32,11,19,2,pace_fullk,2.527262,212.4318381,0,0,true,64,64,20260814
64,256,16384,32,29,0,0,pace_fullk,2.48603,215.955122,0,0,true,64,64,20260814
64,256,16384,32,29,0,1,ikj,2.609406,205.744492,1.192092896e-07,0,true,64,64,20260814
64,256,16384,32,29,0,2,kij,2.596718,206.7497942,1.192092896e-07,0,true,64,64,20260814
64,256,16384,32,29,1,0,ikj,2.602165,206.3170137,1.192092896e-07,0,true,64,64,20260814
64,256,16384,32,29,1,1,pace_fullk,2.487412,215.8351379,0,0,true,64,64,20260814
64,256,16384,32,29,1,2,kij,2.623247,204.6589254,1.192092896e-07,0,true,64,64,20260814
64,256,16384,32,29,2,0,pace_fullk,2.479931,216.4862297,0,0,true,64,64,20260814
64,256,16384,32,29,2,1,ikj,2.608785,205.7934678,1.192092896e-07,0,true,64,64,20260814
64,256,16384,32,29,2,2,kij,2.614073,205.3771689,1.192092896e-07,0,true,64,64,20260814
64,256,16384,32,29,3,0,pace_fullk,2.487062,215.865512,0,0,true,64,64,20260814
64,256,16384,32,29,3,1,ikj,2.615084,205.2977694,1.192092896e-07,0,true,64,64,20260814
64,256,16384,32,29,3,2,kij,2.604999,206.0925597,1.192092896e-07,0,true,64,64,20260814
64,256,16384,32,29,4,0,ikj,2.601574,206.3638828,1.192092896e-07,0,true,64,64,20260814
64,256,16384,32,29,4,1,pace_fullk,2.483947,216.1362187,0,0,true,64,64,20260814
64,256,16384,32,29,4,2,kij,2.617128,205.13743,1.192092896e-07,0,true,64,64,20260814
64,256,16384,32,29,5,0,pace_fullk,2.482945,216.2234411,0,0,true,64,64,20260814
64,256,16384,32,29,5,1,kij,2.626102,204.4364278,1.192092896e-07,0,true,64,64,20260814
64,256,16384,32,29,5,2,ikj,2.607072,205.9286863,1.192092896e-07,0,true,64,64,20260814
64,256,16384,32,29,6,0,pace_fullk,2.493171,215.3365782,0,0,true,64,64,20260814
64,256,16384,32,29,6,1,ikj,2.607844,205.8677252,1.192092896e-07,0,true,64,64,20260814
64,256,16384,32,29,6,2,kij,2.599031,206.5657978,1.192092896e-07,0,true,64,64,20260814
64,256,16384,32,29,7,0,ikj,2.595285,206.8639521,1.192092896e-07,0,true,64,64,20260814
64,256,16384,32,29,7,1,pace_fullk,2.490346,215.5808518,0,0,true,64,64,20260814
64,256,16384,32,29,7,2,kij,2.634294,203.8006813,1.192092896e-07,0,true,64,64,20260814
64,256,16384,32,29,8,0,kij,2.611159,205.6063656,1.192092896e-07,0,true,64,64,20260814
64,256,16384,32,29,8,1,pace_fullk,2.49277,215.3712184,0,0,true,64,64,20260814
64,256,16384,32,29,8,2,ikj,2.610758,205.6379458,1.192092896e-07,0,true,64,64,20260814
64,256,16384,32,29,9,0,pace_fullk,2.481323,216.3647828,0,0,true,64,64,20260814
64,256,16384,32,29,9,1,ikj,2.614815,205.3188895,1.192092896e-07,0,true,64,64,20260814
64,256,16384,32,29,9,2,kij,2.616257,205.2057241,1.192092896e-07,0,true,64,64,20260814
64,256,16384,32,29,10,0,kij,2.612852,205.4731428,1.192092896e-07,0,true,64,64,20260814
64,256,16384,32,29,10,1,ikj,2.590878,207.215821,1.192092896e-07,0,true,64,64,20260814
64,256,16384,32,29,10,2,pace_fullk,2.481452,216.3535349,0,0,true,64,64,20260814
64,256,16384,32,29,11,0,ikj,2.615635,205.2545221,1.192092896e-07,0,true,64,64,20260814
64,256,16384,32,29,11,1,pace_fullk,2.484657,216.074457,0,0,true,64,64,20260814
64,256,16384,32,29,11,2,kij,2.625891,204.452855,1.192092896e-07,0,true,64,64,20260814
64,256,16384,32,29,12,0,pace_fullk,2.478348,216.6245063,0,0,true,64,64,20260814
64,256,16384,32,29,12,1,kij,2.612381,205.5101886,1.192092896e-07,0,true,64,64,20260814
64,256,16384,32,29,12,2,ikj,2.591719,207.1485805,1.192092896e-07,0,true,64,64,20260814
64,256,16384,32,29,13,0,kij,2.610829,205.6323536,1.192092896e-07,0,true,64,64,20260814
64,256,16384,32,29,13,1,ikj,2.599571,206.5228886,1.192092896e-07,0,true,64,64,20260814
64,256,16384,32,29,13,2,pace_fullk,2.495695,215.1187994,0,0,true,64,64,20260814
64,256,16384,32,29,14,0,pace_fullk,2.476164,216.8155712,0,0,true,64,64,20260814
64,256,16384,32,29,14,1,ikj,2.619672,204.9382182,1.192092896e-07,0,true,64,64,20260814
64,256,16384,32,29,14,2,kij,2.600052,206.4846826,1.192092896e-07,0,true,64,64,20260814
64,256,16384,32,29,15,0,kij,2.686894,199.8109758,1.192092896e-07,0,true,64,64,20260814
64,256,16384,32,29,15,1,pace_fullk,2.495294,215.1533695,0,0,true,64,64,20260814
64,256,16384,32,29,15,2,ikj,2.636247,203.6497005,1.192092896e-07,0,true,64,64,20260814
64,256,16384,32,29,16,0,kij,2.607895,205.8636993,1.192092896e-07,0,true,64,64,20260814
64,256,16384,32,29,16,1,ikj,2.593222,207.0285197,1.192092896e-07,0,true,64,64,20260814
64,256,16384,32,29,16,2,pace_fullk,2.485249,216.0229868,0,0,true,64,64,20260814
64,256,16384,32,29,17,0,kij,2.62445,204.5651135,1.192092896e-07,0,true,64,64,20260814
64,256,16384,32,29,17,1,ikj,2.602035,206.3273215,1.192092896e-07,0,true,64,64,20260814
64,256,16384,32,29,17,2,pace_fullk,2.487522,215.8255935,0,0,true,64,64,20260814
64,256,16384,32,29,18,0,pace_fullk,2.470076,217.3499568,0,0,true,64,64,20260814
64,256,16384,32,29,18,1,ikj,2.619051,204.9868109,1.192092896e-07,0,true,64,64,20260814
64,256,16384,32,29,18,2,kij,2.603498,206.2113787,1.192092896e-07,0,true,64,64,20260814
64,256,16384,32,29,19,0,kij,2.608715,205.7989899,1.192092896e-07,0,true,64,64,20260814
64,256,16384,32,29,19,1,ikj,2.602015,206.3289074,1.192092896e-07,0,true,64,64,20260814
64,256,16384,32,29,19,2,pace_fullk,2.500482,214.7069693,0,0,true,64,64,20260814
64,256,16384,32,47,0,0,pace_fullk,2.476866,216.7541207,0,0,true,64,64,20260814
64,256,16384,32,47,0,1,ikj,2.614053,205.3787402,1.788139343e-07,0,true,64,64,20260814
64,256,16384,32,47,0,2,kij,2.60563,206.0426507,1.788139343e-07,0,true,64,64,20260814
64,256,16384,32,47,1,0,ikj,2.594163,206.9534227,1.788139343e-07,0,true,64,64,20260814
64,256,16384,32,47,1,1,kij,2.606682,205.9594964,1.788139343e-07,0,true,64,64,20260814
64,256,16384,32,47,1,2,pace_fullk,2.481923,216.3124771,0,0,true,64,64,20260814
64,256,16384,32,47,2,0,kij,2.611649,205.5677895,1.788139343e-07,0,true,64,64,20260814
64,256,16384,32,47,2,1,pace_fullk,2.472099,217.1720922,0,0,true,64,64,20260814
64,256,16384,32,47,2,2,ikj,2.630608,204.0862462,1.788139343e-07,0,true,64,64,20260814
64,256,16384,32,47,3,0,kij,2.606852,205.9460652,1.788139343e-07,0,true,64,64,20260814
64,256,16384,32,47,3,1,pace_fullk,2.496826,215.0213559,0,0,true,64,64,20260814
64,256,16384,32,47,3,2,ikj,2.606082,206.0069146,1.788139343e-07,0,true,64,64,20260814
64,256,16384,32,47,4,0,pace_fullk,2.472429,217.1431058,0,0,true,64,64,20260814
64,256,16384,32,47,4,1,ikj,2.619061,204.9860282,1.788139343e-07,0,true,64,64,20260814
64,256,16384,32,47,4,2,kij,2.599521,206.5268609,1.788139343e-07,0,true,64,64,20260814
64,256,16384,32,47,5,0,pace_fullk,2.491839,215.4516853,0,0,true,64,64,20260814
64,256,16384,32,47,5,1,ikj,2.612791,205.4779399,1.788139343e-07,0,true,64,64,20260814
64,256,16384,32,47,5,2,kij,2.599352,206.5402885,1.788139343e-07,0,true,64,64,20260814
64,256,16384,32,47,6,0,ikj,2.590428,207.2518178,1.788139343e-07,0,true,64,64,20260814
64,256,16384,32,47,6,1,pace_fullk,2.488743,215.7197075,0,0,true,64,64,20260814
64,256,16384,32,47,6,2,kij,2.621184,204.820002,1.788139343e-07,0,true,64,64,20260814
64,256,16384,32,47,7,0,ikj,2.596697,206.7514662,1.788139343e-07,0,true,64,64,20260814
64,256,16384,32,47,7,1,pace_fullk,2.536196,211.683526,0,0,true,64,64,20260814
64,256,16384,32,47,7,2,kij,2.614564,205.3386002,1.788139343e-07,0,true,64,64,20260814
64,256,16384,32,47,8,0,ikj,2.589857,207.2975118,1.788139343e-07,0,true,64,64,20260814
64,256,16384,32,47,8,1,kij,2.600483,206.4504602,1.788139343e-07,0,true,64,64,20260814
64,256,16384,32,47,8,2,pace_fullk,2.491397,215.4899087,0,0,true,64,64,20260814
64,256,16384,32,47,9,0,ikj,2.636076,203.6629111,1.788139343e-07,0,true,64,64,20260814
64,256,16384,32,47,9,1,kij,2.611149,205.607153,1.788139343e-07,0,true,64,64,20260814
64,256,16384,32,47,9,2,pace_fullk,2.475964,216.8330848,0,0,true,64,64,20260814
64,256,16384,32,47,10,0,kij,2.615866,205.2363967,1.788139343e-07,0,true,64,64,20260814
64,256,16384,32,47,10,1,pace_fullk,2.479099,216.5588837,0,0,true,64,64,20260814
64,256,16384,32,47,10,2,ikj,2.61857,205.0244645,1.788139343e-07,0,true,64,64,20260814
64,256,16384,32,47,11,0,kij,2.601544,206.3662625,1.788139343e-07,0,true,64,64,20260814
64,256,16384,32,47,11,1,ikj,2.597178,206.7131756,1.788139343e-07,0,true,64,64,20260814
64,256,16384,32,47,11,2,pace_fullk,2.479139,216.5553896,0,0,true,64,64,20260814
64,256,16384,32,47,12,0,kij,2.610108,205.6891562,1.788139343e-07,0,true,64,64,20260814
64,256,16384,32,47,12,1,pace_fullk,2.481633,216.337755,0,0,true,64,64,20260814
64,256,16384,32,47,12,2,ikj,2.610789,205.6355041,1.788139343e-07,0,true,64,64,20260814
64,256,16384,32,47,13,0,ikj,2.601163,206.3964896,1.788139343e-07,0,true,64,64,20260814
64,256,16384,32,47,13,1,pace_fullk,2.491208,215.5062572,0,0,true,64,64,20260814
64,256,16384,32,47,13,2,kij,2.615626,205.2552284,1.788139343e-07,0,true,64,64,20260814
64,256,16384,32,47,14,0,ikj,2.59169,207.1508984,1.788139343e-07,0,true,64,64,20260814
64,256,16384,32,47,14,1,pace_fullk,2.483877,216.1423098,0,0,true,64,64,20260814
64,256,16384,32,47,14,2,kij,2.634064,203.8184767,1.788139343e-07,0,true,64,64,20260814
64,256,16384,32,47,15,0,pace_fullk,2.478398,216.6201361,0,0,true,64,64,20260814
64,256,16384,32,47,15,1,kij,2.628615,204.2409832,1.788139343e-07,0,true,64,64,20260814
64,256,16384,32,47,15,2,ikj,2.590788,207.2230194,1.788139343e-07,0,true,64,64,20260814
64,256,16384,32,47,16,0,ikj,2.595004,206.8863524,1.788139343e-07,0,true,64,64,20260814
64,256,16384,32,47,16,1,pace_fullk,2.491017,215.5227813,0,0,true,64,64,20260814
64,256,16384,32,47,16,2,kij,2.622987,204.6792119,1.788139343e-07,0,true,64,64,20260814
64,256,16384,32,47,17,0,pace_fullk,2.47954,216.5203675,0,0,true,64,64,20260814
64,256,16384,32,47,17,1,ikj,2.607413,205.9017547,1.788139343e-07,0,true,64,64,20260814
64,256,16384,32,47,17,2,kij,2.597708,206.6710007,1.788139343e-07,0,true,64,64,20260814
64,256,16384,32,47,18,0,ikj,2.592691,207.0709205,1.788139343e-07,0,true,64,64,20260814
64,256,16384,32,47,18,1,pace_fullk,2.484577,216.0814143,0,0,true,64,64,20260814
64,256,16384,32,47,18,2,kij,2.616207,205.2096459,1.788139343e-07,0,true,64,64,20260814
64,256,16384,32,47,19,0,kij,2.60527,206.071122,1.788139343e-07,0,true,64,64,20260814
64,256,16384,32,47,19,1,ikj,2.596137,206.7960635,1.788139343e-07,0,true,64,64,20260814
64,256,16384,32,47,19,2,pace_fullk,2.489915,215.6181685,0,0,true,64,64,20260814
64,512,2048,32,11,0,0,kij,0.639007,210.0410919,1.192092896e-07,0,true,64,64,20260814
64,512,2048,32,11,0,1,pace_fullk,0.612436,219.1538838,0,0,true,64,64,20260814
64,512,2048,32,11,0,2,ikj,0.637764,210.4504613,1.192092896e-07,0,true,64,64,20260814
64,512,2048,32,11,1,0,ikj,0.637133,210.658886,1.192092896e-07,0,true,64,64,20260814
64,512,2048,32,11,1,1,pace_fullk,0.612225,219.229414,0,0,true,64,64,20260814
64,512,2048,32,11,1,2,kij,0.638706,210.140077,1.192092896e-07,0,true,64,64,20260814
64,512,2048,32,11,2,0,ikj,0.636773,210.7779821,1.192092896e-07,0,true,64,64,20260814
64,512,2048,32,11,2,1,pace_fullk,0.612096,219.2756169,0,0,true,64,64,20260814
64,512,2048,32,11,2,2,kij,0.638756,210.1236278,1.192092896e-07,0,true,64,64,20260814
64,512,2048,32,11,3,0,pace_fullk,0.612106,219.2720346,0,0,true,64,64,20260814
64,512,2048,32,11,3,1,kij,0.638196,210.3080057,1.192092896e-07,0,true,64,64,20260814
64,512,2048,32,11,3,2,ikj,0.637354,210.5858408,1.192092896e-07,0,true,64,64,20260814
64,512,2048,32,11,4,0,ikj,0.637724,210.4636614,1.192092896e-07,0,true,64,64,20260814
64,512,2048,32,11,4,1,pace_fullk,0.612837,219.010484,0,0,true,64,64,20260814
64,512,2048,32,11,4,2,kij,0.638917,210.070679,1.192092896e-07,0,true,64,64,20260814
64,512,2048,32,11,5,0,kij,0.638335,210.2622103,1.192092896e-07,0,true,64,64,20260814
64,512,2048,32,11,5,1,pace_fullk,0.611916,219.3401186,0,0,true,64,64,20260814
64,512,2048,32,11,5,2,ikj,0.642171,209.0062117,1.192092896e-07,0,true,64,64,20260814
64,512,2048,32,11,6,0,ikj,0.647088,207.4180451,1.192092896e-07,0,true,64,64,20260814
64,512,2048,32,11,6,1,pace_fullk,0.619046,216.81382,0,0,true,64,64,20260814
64,512,2048,32,11,6,2,kij,0.639046,210.0282734,1.192092896e-07,0,true,64,64,20260814
64,512,2048,32,11,7,0,ikj,0.636453,210.8839584,1.192092896e-07,0,true,64,64,20260814
64,512,2048,32,11,7,1,kij,0.638685,210.1469864,1.192092896e-07,0,true,64,64,20260814
64,512,2048,32,11,7,2,pace_fullk,0.612676,219.068036,0,0,true,64,64,20260814
64,512,2048,32,11,8,0,kij,0.638726,210.133497,1.192092896e-07,0,true,64,64,20260814
64,512,2048,32,11,8,1,pace_fullk,0.612095,219.2759751,0,0,true,64,64,20260814
64,512,2048,32,11,8,2,ikj,0.638546,210.1927316,1.192092896e-07,0,true,64,64,20260814
64,512,2048,32,11,9,0,pace_fullk,0.612967,218.9640356,0,0,true,64,64,20260814
64,512,2048,32,11,9,1,kij,0.639266,209.9559933,1.192092896e-07,0,true,64,64,20260814
64,512,2048,32,11,9,2,ikj,0.637534,210.5263845,1.192092896e-07,0,true,64,64,20260814
64,512,2048,32,11,10,0,ikj,0.636182,210.9737905,1.192092896e-07,0,true,64,64,20260814
64,512,2048,32,11,10,1,kij,0.637555,210.5194501,1.192092896e-07,0,true,64,64,20260814
64,512,2048,32,11,10,2,pace_fullk,0.624785,214.8222637,0,0,true,64,64,20260814
64,512,2048,32,11,11,0,ikj,0.637074,210.6783953,1.192092896e-07,0,true,64,64,20260814
64,512,2048,32,11,11,1,kij,0.642222,208.9896142,1.192092896e-07,0,true,64,64,20260814
64,512,2048,32,11,11,2,pace_fullk,0.612346,219.1860941,0,0,true,64,64,20260814
64,512,2048,32,11,12,0,pace_fullk,0.612046,219.2935302,0,0,true,64,64,20260814
64,512,2048,32,11,12,1,kij,0.645577,207.9035158,1.192092896e-07,0,true,64,64,20260814
64,512,2048,32,11,12,2,ikj,0.678827,197.7200789,1.192092896e-07,0,true,64,64,20260814
64,512,2048,32,11,13,0,pace_fullk,0.619758,216.5647366,0,0,true,64,64,20260814
64,512,2048,32,11,13,1,kij,0.648311,207.0267634,1.192092896e-07,0,true,64,64,20260814
64,512,2048,32,11,13,2,ikj,0.636322,210.9273732,1.192092896e-07,0,true,64,64,20260814
64,512,2048,32,11,14,0,ikj,0.636844,210.754483,1.192092896e-07,0,true,64,64,20260814
64,512,2048,32,11,14,1,kij,0.638135,210.3281093,1.192092896e-07,0,true,64,64,20260814
64,512,2048,32,11,14,2,pace_fullk,0.613538,218.7602528,0,0,true,64,64,20260814
64,512,2048,32,11,15,0,pace_fullk,0.612265,219.2150915,0,0,true,64,64,20260814
64,512,2048,32,11,15,1,kij,0.639267,209.9556648,1.192092896e-07,0,true,64,64,20260814
64,512,2048,32,11,15,2,ikj,0.637123,210.6621924,1.192092896e-07,0,true,64,64,20260814
64,512,2048,32,11,16,0,pace_fullk,0.612426,219.1574623,0,0,true,64,64,20260814
64,512,2048,32,11,16,1,ikj,0.638496,210.2091916,1.192092896e-07,0,true,64,64,20260814
64,512,2048,32,11,16,2,kij,0.639747,209.7981358,1.192092896e-07,0,true,64,64,20260814
64,512,2048,32,11,17,0,ikj,0.637123,210.6621924,1.192092896e-07,0,true,64,64,20260814
64,512,2048,32,11,17,1,kij,0.637945,210.3907516,1.192092896e-07,0,true,64,64,20260814
64,512,2048,32,11,17,2,pace_fullk,0.612676,219.068036,0,0,true,64,64,20260814
64,512,2048,32,11,18,0,kij,0.638856,210.0907372,1.192092896e-07,0,true,64,64,20260814
64,512,2048,32,11,18,1,ikj,0.636683,210.8077772,1.192092896e-07,0,true,64,64,20260814
64,512,2048,32,11,18,2,pace_fullk,0.613809,218.663669,0,0,true,64,64,20260814
64,512,2048,32,11,19,0,ikj,0.637574,210.5131765,1.192092896e-07,0,true,64,64,20260814
64,512,2048,32,11,19,1,kij,0.638556,210.1894399,1.192092896e-07,0,true,64,64,20260814
64,512,2048,32,11,19,2,pace_fullk,0.617915,217.2106649,0,0,true,64,64,20260814
64,512,2048,32,29,0,0,kij,0.638245,210.2918597,1.192092896e-07,0,true,64,64,20260814
64,512,2048,32,29,0,1,ikj,0.642602,208.8660291,1.192092896e-07,0,true,64,64,20260814
64,512,2048,32,29,0,2,pace_fullk,0.62109,216.1002882,0,0,true,64,64,20260814
64,512,2048,32,29,1,0,ikj,0.673548,199.2697298,1.192092896e-07,0,true,64,64,20260814
64,512,2048,32,29,1,1,pace_fullk,0.611485,219.4947186,0,0,true,64,64,20260814
64,512,2048,32,29,1,2,kij,0.638496,210.2091916,1.192092896e-07,0,true,64,64,20260814
64,512,2048,32,29,2,0,ikj,0.635161,211.3129238,1.192092896e-07,0,true,64,64,20260814
64,512,2048,32,29,2,1,pace_fullk,0.612296,219.2039928,0,0,true,64,64,20260814
64,512,2048,32,29,2,2,kij,0.640659,209.499481,1.192092896e-07,0,true,64,64,20260814
64,512,2048,32,29,3,0,pace_fullk,0.612827,219.0140578,0,0,true,64,64,20260814
64,512,2048,32,29,3,1,ikj,0.637985,210.3775606,1.192092896e-07,0,true,64,64,20260814
64,512,2048,32,29,3,2,kij,0.638105,210.3379977,1.192092896e-07,0,true,64,64,20260814
64,512,2048,32,29,4,0,ikj,0.636602,210.8346,1.192092896e-07,0,true,64,64,20260814
64,512,2048,32,29,4,1,pace_fullk,0.613708,218.6996552,0,0,true,64,64,20260814
64,512,2048,32,29,4,2,kij,0.638015,210.3676685,1.192092896e-07,0,true,64,64,20260814
64,512,2048,32,29,5,0,pace_fullk,0.611855,219.3619861,0,0,true,64,64,20260814
64,512,2048,32,29,5,1,ikj,0.636733,210.7912233,1.192092896e-07,0,true,64,64,20260814
64,512,2048,32,29,5,2,kij,0.638877,210.0838315,1.192092896e-07,0,true,64,64,20260814
64,512,2048,32,29,6,0,ikj,0.636593,210.8375807,1.192092896e-07,0,true,64,64,20260814
64,512,2048,32,29,6,1,kij,0.638486,210.2124839,1.192092896e-07,0,true,64,64,20260814
64,512,2048,32,29,6,2,pace_fullk,0.614279,218.496364,0,0,true,64,64,20260814
64,512,2048,32,29,7,0,ikj,0.638035,210.3610742,1.192092896e-07,0,true,64,64,20260814
64,512,2048,32,29,7,1,kij,0.651014,206.1671915,1.192092896e-07,0,true,64,64,20260814
64,512,2048,32,29,7,2,pace_fullk,0.618395,217.0420653,0,0,true,64,64,20260814
64,512,2048,32,29,8,0,ikj,0.642742,208.8205345,1.192092896e-07,0,true,64,64,20260814
64,512,2048,32,29,8,1,pace_fullk,0.611415,219.5198482,0,0,true,64,64,20260814
64,512,2048,32,29,8,2,kij,0.639577,209.8539003,1.192092896e-07,0,true,64,64,20260814
64,512,2048,32,29,9,0,kij,0.638686,210.1466574,1.192092896e-07,0,true,64,64,20260814
64,512,2048,32,29,9,1,ikj,0.636242,210.9538949,1.192092896e-07,0,true,64,64,20260814
64,512,2048,32,29,9,2,pace_fullk,0.612747,219.0426522,0,0,true,64,64,20260814
64,512,2048,32,29,10,0,pace_fullk,0.611845,219.3655713,0,0,true,64,64,20260814
64,512,2048,32,29,10,1,kij,0.639697,209.8145341,1.192092896e-07,0,true,64,64,20260814
64,512,2048,32,29,10,2,ikj,0.639096,210.0118417,1.192092896e-07,0,true,64,64,20260814
64,512,2048,32,29,11,0,ikj,0.636593,210.8375807,1.192092896e-07,0,true,64,64,20260814
64,512,2048,32,29,11,1,kij,0.638175,210.3149262,1.192092896e-07,0,true,64,64,20260814
64,512,2048,32,29,11,2,pace_fullk,0.613468,218.7852146,0,0,true,64,64,20260814
64,512,2048,32,29,12,0,ikj,0.636452,210.8842898,1.192092896e-07,0,true,64,64,20260814
64,512,2048,32,29,12,1,kij,0.638446,210.2256542,1.192092896e-07,0,true,64,64,20260814
64,512,2048,32,29,12,2,pace_fullk,0.611955,219.32614,0,0,true,64,64,20260814
64,512,2048,32,29,13,0,kij,0.640729,209.4765931,1.192092896e-07,0,true,64,64,20260814
64,512,2048,32,29,13,1,pace_fullk,0.612346,219.1860941,0,0,true,64,64,20260814
64,512,2048,32,29,13,2,ikj,0.636914,210.7313201,1.192092896e-07,0,true,64,64,20260814
64,512,2048,32,29,14,0,kij,0.651966,205.8661464,1.192092896e-07,0,true,64,64,20260814
64,512,2048,32,29,14,1,ikj,0.641671,209.1690726,1.192092896e-07,0,true,64,64,20260814
64,512,2048,32,29,14,2,pace_fullk,0.618855,216.8807362,0,0,true,64,64,20260814
64,512,2048,32,29,15,0,pace_fullk,0.650284,206.398632,0,0,true,64,64,20260814
64,512,2048,32,29,15,1,ikj,0.637695,210.4732325,1.192092896e-07,0,true,64,64,20260814
64,512,2048,32,29,15,2,kij,0.638786,210.1137595,1.192092896e-07,0,true,64,64,20260814
64,512,2048,32,29,16,0,pace_fullk,0.612116,219.2684524,0,0,true,64,64,20260814
64,512,2048,32,29,16,1,ikj,0.636302,210.934003,1.192092896e-07,0,true,64,64,20260814
64,512,2048,32,29,16,2,kij,0.637644,210.4900666,1.192092896e-07,0,true,64,64,20260814
64,512,2048,32,29,17,0,kij,0.638236,210.2948251,1.192092896e-07,0,true,64,64,20260814
64,512,2048,32,29,17,1,ikj,0.636632,210.8246648,1.192092896e-07,0,true,64,64,20260814
64,512,2048,32,29,17,2,pace_fullk,0.613918,218.6248457,0,0,true,64,64,20260814
64,512,2048,32,29,18,0,pace_fullk,0.612326,219.1932533,0,0,true,64,64,20260814
64,512,2048,32,29,18,1,ikj,0.636753,210.7846025,1.192092896e-07,0,true,64,64,20260814
64,512,2048,32,29,18,2,kij,0.638686,210.1466574,1.192092896e-07,0,true,64,64,20260814
64,512,2048,32,29,19,0,ikj,0.637474,210.5461995,1.192092896e-07,0,true,64,64,20260814
64,512,2048,32,29,19,1,kij,0.638506,210.2058994,1.192092896e-07,0,true,64,64,20260814
64,512,2048,32,29,19,2,pace_fullk,0.612646,219.0787633,0,0,true,64,64,20260814
64,512,2048,32,47,0,0,kij,0.638936,210.0644321,1.192092896e-07,0,true,64,64,20260814
64,512,2048,32,47,0,1,ikj,0.638095,210.341294,1.192092896e-07,0,true,64,64,20260814
64,512,2048,32,47,0,2,pace_fullk,0.612977,218.9604634,0,0,true,64,64,20260814
64,512,2048,32,47,1,0,pace_fullk,0.611965,219.322556,0,0,true,64,64,20260814
64,512,2048,32,47,1,1,ikj,0.636313,210.9303566,1.192092896e-07,0,true,64,64,20260814
64,512,2048,32,47,1,2,kij,0.638155,210.3215175,1.192092896e-07,0,true,64,64,20260814
64,512,2048,32,47,2,0,pace_fullk,0.617654,217.3024509,0,0,true,64,64,20260814
64,512,2048,32,47,2,1,kij,0.646218,207.697291,1.192092896e-07,0,true,64,64,20260814
64,512,2048,32,47,2,2,ikj,0.641921,209.0876105,1.192092896e-07,0,true,64,64,20260814
64,512,2048,32,47,3,0,kij,0.638165,210.3182218,1.192092896e-07,0,true,64,64,20260814
64,512,2048,32,47,3,1,pace_fullk,0.612887,218.9926169,0,0,true,64,64,20260814
64,512,2048,32,47,3,2,ikj,0.637144,210.655249,1.192092896e-07,0,true,64,64,20260814
64,512,2048,32,47,4,0,ikj,0.636593,210.8375807,1.192092896e-07,0,true,64,64,20260814
64,512,2048,32,47,4,1,pace_fullk,0.611985,219.3153884,0,0,true,64,64,20260814
64,512,2048,32,47,4,2,kij,0.638545,210.1930608,1.192092896e-07,0,true,64,64,20260814
64,512,2048,32,47,5,0,kij,0.638916,210.0710078,1.192092896e-07,0,true,64,64,20260814
64,512,2048,32,47,5,1,ikj,0.636943,210.7217255,1.192092896e-07,0,true,64,64,20260814
64,512,2048,32,47,5,2,pace_fullk,0.612957,218.9676078,0,0,true,64,64,20260814
64,512,2048,32,47,6,0,pace_fullk,0.611355,219.5413925,0,0,true,64,64,20260814
64,512,2048,32,47,6,1,kij,0.641099,209.355697,1.192092896e-07,0,true,64,64,20260814
64,512,2048,32,47,6,2,ikj,0.637113,210.6654989,1.192092896e-07,0,true,64,64,20260814
64,512,2048,32,47,7,0,ikj,0.639037,210.0312314,1.192092896e-07,0,true,64,64,20260814
64,512,2048,32,47,7,1,kij,0.654941,204.9310213,1.192092896e-07,0,true,64,64,20260814
64,512,2048,32,47,7,2,pace_fullk,0.613468,218.7852146,0,0,true,64,64,20260814
64,512,2048,32,47,8,0,kij,0.639608,209.8437293,1.192092896e-07,0,true,64,64,20260814
64,512,2048,32,47,8,1,pace_fullk,0.612346,219.1860941,0,0,true,64,64,20260814
64,512,2048,32,47,8,2,ikj,0.636403,210.9005269,1.192092896e-07,0,true,64,64,20260814
64,512,2048,32,47,9,0,pace_fullk,0.652026,205.8472024,0,0,true,64,64,20260814
64,512,2048,32,47,9,1,ikj,0.642882,208.7750598,1.192092896e-07,0,true,64,64,20260814
64,512,2048,32,47,9,2,kij,0.647068,207.4244562,1.192092896e-07,0,true,64,64,20260814
64,512,2048,32,47,10,0,kij,0.638595,210.1766033,1.192092896e-07,0,true,64,64,20260814
64,512,2048,32,47,10,1,ikj,0.637684,210.4768631,1.192092896e-07,0,true,64,64,20260814
64,512,2048,32,47,10,2,pace_fullk,0.61511,218.2011803,0,0,true,64,64,20260814
64,512,2048,32,47,11,0,kij,0.638386,210.2454127,1.192092896e-07,0,true,64,64,20260814
64,512,2048,32,47,11,1,pace_fullk,0.611865,219.358401,0,0,true,64,64,20260814
64,512,2048,32,47,11,2,ikj,0.637314,210.5990579,1.192092896e-07,0,true,64,64,20260814
64,512,2048,32,47,12,0,ikj,0.637825,210.4303343,1.192092896e-07,0,true,64,64,20260814
64,512,2048,32,47,12,1,pace_fullk,0.612356,219.1825147,0,0,true,64,64,20260814
64,512,2048,32,47,12,2,kij,0.638916,210.0710078,1.192092896e-07,0,true,64,64,20260814
64,512,2048,32,47,13,0,pace_fullk,0.612065,219.2867228,0,0,true,64,64,20260814
64,512,2048,32,47,13,1,kij,0.639036,210.03156,1.192092896e-07,0,true,64,64,20260814
64,512,2048,32,47,13,2,ikj,0.638255,210.2885649,1.192092896e-07,0,true,64,64,20260814
64,512,2048,32,47,14,0,pace_fullk,0.613218,218.8744101,0,0,true,64,64,20260814
64,512,2048,32,47,14,1,kij,0.638646,210.1598194,1.192092896e-07,0,true,64,64,20260814
64,512,2048,32,47,14,2,ikj,0.637064,210.6817023,1.192092896e-07,0,true,64,64,20260814
64,512,2048,32,47,15,0,pace_fullk,0.612437,219.153526,0,0,true,64,64,20260814
64,512,2048,32,47,15,1,ikj,0.636933,210.7250339,1.192092896e-07,0,true,64,64,20260814
64,512,2048,32,47,15,2,kij,0.639057,210.0246582,1.192092896e-07,0,true,64,64,20260814
64,512,2048,32,47,16,0,ikj,0.646438,207.6266061,1.192092896e-07,0,true,64,64,20260814
64,512,2048,32,47,16,1,pace_fullk,0.618776,216.9084257,0,0,true,64,64,20260814
64,512,2048,32,47,16,2,kij,0.643874,208.4534055,1.192092896e-07,0,true,64,64,20260814
64,512,2048,32,47,17,0,kij,0.639437,209.8998463,1.192092896e-07,0,true,64,64,20260814
64,512,2048,32,47,17,1,ikj,0.636422,210.8942306,1.192092896e-07,0,true,64,64,20260814
64,512,2048,32,47,17,2,pace_fullk,0.612647,219.0784057,0,0,true,64,64,20260814
64,512,2048,32,47,18,0,ikj,0.638736,210.1302072,1.192092896e-07,0,true,64,64,20260814
64,512,2048,32,47,18,1,pace_fullk,0.611995,219.3118048,0,0,true,64,64,20260814
64,512,2048,32,47,18,2,kij,0.639647,209.8309349,1.192092896e-07,0,true,64,64,20260814
64,512,2048,32,47,19,0,kij,0.637824,210.4306643,1.192092896e-07,0,true,64,64,20260814
64,512,2048,32,47,19,1,pace_fullk,0.612606,219.093068,0,0,true,64,64,20260814
64,512,2048,32,47,19,2,ikj,0.637565,210.5161482,1.192092896e-07,0,true,64,64,20260814
64,512,8192,32,11,0,0,ikj,2.579721,208.1120059,1.192092896e-07,0,true,64,64,20260814
64,512,8192,32,11,0,1,pace_fullk,2.47317,217.0780464,0,0,true,64,64,20260814
64,512,8192,32,11,0,2,kij,2.604088,206.164658,1.192092896e-07,0,true,64,64,20260814
64,512,8192,32,11,1,0,kij,2.595175,206.8727203,1.192092896e-07,0,true,64,64,20260814
64,512,8192,32,11,1,1,ikj,2.583186,207.8328514,1.192092896e-07,0,true,64,64,20260814
64,512,8192,32,11,1,2,pace_fullk,2.46616,217.6950855,0,0,true,64,64,20260814
64,512,8192,32,11,2,0,kij,2.598089,206.6406932,1.192092896e-07,0,true,64,64,20260814
64,512,8192,32,11,2,1,pace_fullk,2.471738,217.2038104,0,0,true,64,64,20260814
64,512,8192,32,11,2,2,ikj,2.592792,207.0628543,1.192092896e-07,0,true,64,64,20260814
64,512,8192,32,11,3,0,kij,2.598771,206.5864641,1.192092896e-07,0,true,64,64,20260814
64,512,8192,32,11,3,1,ikj,2.577227,208.3133973,1.192092896e-07,0,true,64,64,20260814
64,512,8192,32,11,3,2,pace_fullk,2.464527,217.8393306,0,0,true,64,64,20260814
64,512,8192,32,11,4,0,ikj,2.592741,207.0669272,1.192092896e-07,0,true,64,64,20260814
64,512,8192,32,11,4,1,kij,2.61864,205.0189839,1.192092896e-07,0,true,64,64,20260814
64,512,8192,32,11,4,2,pace_fullk,2.484597,216.0796749,0,0,true,64,64,20260814
64,512,8192,32,11,5,0,pace_fullk,2.535254,211.7621793,0,0,true,64,64,20260814
64,512,8192,32,11,5,1,ikj,2.588565,207.4009778,1.192092896e-07,0,true,64,64,20260814
64,512,8192,32,11,5,2,kij,2.592261,207.1052691,1.192092896e-07,0,true,64,64,20260814
64,512,8192,32,11,6,0,kij,2.59148,207.1676849,1.192092896e-07,0,true,64,64,20260814
64,512,8192,32,11,6,1,pace_fullk,2.489034,215.6944871,0,0,true,64,64,20260814
64,512,8192,32,11,6,2,ikj,2.594324,206.9405795,1.192092896e-07,0,true,64,64,20260814
64,512,8192,32,11,7,0,ikj,2.586151,207.5945728,1.192092896e-07,0,true,64,64,20260814
64,512,8192,32,11,7,1,kij,2.587673,207.4724712,1.192092896e-07,0,true,64,64,20260814
64,512,8192,32,11,7,2,pace_fullk,2.464877,217.8083986,0,0,true,64,64,20260814
64,512,8192,32,11,8,0,ikj,2.597749,206.6677389,1.192092896e-07,0,true,64,64,20260814
64,512,8192,32,11,8,1,kij,2.6121,205.5322966,1.192092896e-07,0,true,64,64,20260814
64,512,8192,32,11,8,2,pace_fullk,2.471799,217.1984502,0,0,true,64,64,20260814
64,512,8192,32,11,9,0,kij,2.599371,206.5387788,1.192092896e-07,0,true,64,64,20260814
64,512,8192,32,11,9,1,pace_fullk,2.45965,218.271263,0,0,true,64,64,20260814
64,512,8192,32,11,9,2,ikj,2.591038,207.2030252,1.192092896e-07,0,true,64,64,20260814
64,512,8192,32,11,10,0,ikj,2.588104,207.4379206,1.192092896e-07,0,true,64,64,20260814
64,512,8192,32,11,10,1,kij,2.588855,207.377745,1.192092896e-07,0,true,64,64,20260814
64,512,8192,32,11,10,2,pace_fullk,2.47279,217.1114053,0,0,true,64,64,20260814
64,512,8192,32,11,11,0,kij,2.593152,207.0341083,1.192092896e-07,0,true,64,64,20260814
64,512,8192,32,11,11,1,pace_fullk,2.458839,218.3432555,0,0,true,64,64,20260814
64,512,8192,32,11,11,2,ikj,2.593102,207.0381003,1.192092896e-07,0,true,64,64,20260814
64,512,8192,32,11,12,0,kij,2.594233,206.9478385,1.192092896e-07,0,true,64,64,20260814
64,512,8192,32,11,12,1,ikj,2.5852,207.6709392,1.192092896e-07,0,true,64,64,20260814
64,512,8192,32,11,12,2,pace_fullk,2.471989,217.1817561,0,0,true,64,64,20260814
64,512,8192,32,11,13,0,kij,2.596707,206.75067,1.192092896e-07,0,true,64,64,20260814
64,512,8192,32,11,13,1,pace_fullk,2.460681,218.1798096,0,0,true,64,64,20260814
64,512,8192,32,11,13,2,ikj,2.594093,206.9590073,1.192092896e-07,0,true,64,64,20260814
64,512,8192,32,11,14,0,ikj,2.582826,207.8618196,1.192092896e-07,0,true,64,64,20260814
64,512,8192,32,11,14,1,kij,2.592861,207.057344,1.192092896e-07,0,true,64,64,20260814
64,512,8192,32,11,14,2,pace_fullk,2.477858,216.6673441,0,0,true,64,64,20260814
64,512,8192,32,11,15,0,pace_fullk,2.456916,218.5141503,0,0,true,64,64,20260814
64,512,8192,32,11,15,1,ikj,2.613151,205.4496323,1.192092896e-07,0,true,64,64,20260814
64,512,8192,32,11,15,2,kij,2.596387,206.7761516,1.192092896e-07,0,true,64,64,20260814
64,512,8192,32,11,16,0,pace_fullk,2.477156,216.7287454,0,0,true,64,64,20260814
64,512,8192,32,11,16,1,ikj,2.589376,207.3360192,1.192092896e-07,0,true,64,64,20260814
64,512,8192,32,11,16,2,kij,2.594002,206.9662676,1.192092896e-07,0,true,64,64,20260814
64,512,8192,32,11,17,0,ikj,2.58548,207.648449,1.192092896e-07,0,true,64,64,20260814
64,512,8192,32,11,17,1,kij,2.591479,207.1677648,1.192092896e-07,0,true,64,64,20260814
64,512,8192,32,11,17,2,pace_fullk,2.47279,217.1114053,0,0,true,64,64,20260814
64,512,8192,32,11,18,0,pace_fullk,2.462974,217.9766867,0,0,true,64,64,20260814
64,512,8192,32,11,18,1,ikj,2.601354,206.3813353,1.192092896e-07,0,true,64,64,20260814
64,512,8192,32,11,18,2,kij,2.59214,207.1149367,1.192092896e-07,0,true,64,64,20260814
64,512,8192,32,11,19,0,ikj,2.576387,208.3813154,1.192092896e-07,0,true,64,64,20260814
64,512,8192,32,11,19,1,kij,2.587633,207.4756784,1.192092896e-07,0,true,64,64,20260814
64,512,8192,32,11,19,2,pace_fullk,2.523276,212.7674151,0,0,true,64,64,20260814
64,512,8192,32,29,0,0,ikj,2.575065,208.4882952,1.192092896e-07,0,true,64,64,20260814
64,512,8192,32,29,0,1,pace_fullk,2.470857,217.2812559,0,0,true,64,64,20260814
64,512,8192,32,29,0,2,kij,2.620013,204.9115451,1.192092896e-07,0,true,64,64,20260814
64,512,8192,32,29,1,0,pace_fullk,2.471378,217.23545,0,0,true,64,64,20260814
64,512,8192,32,29,1,1,ikj,2.589687,207.3111198,1.192092896e-07,0,true,64,64,20260814
64,512,8192,32,29,1,2,kij,2.586932,207.5318996,1.192092896e-07,0,true,64,64,20260814
64,512,8192,32,29,2,0,pace_fullk,2.459229,218.3086292,0,0,true,64,64,20260814
64,512,8192,32,29,2,1,ikj,2.589427,207.3319356,1.192092896e-07,0,true,64,64,20260814
64,512,8192,32,29,2,2,kij,2.590708,207.2294184,1.192092896e-07,0,true,64,64,20260814
64,512,8192,32,29,3,0,pace_fullk,2.469214,217.4258335,0,0,true,64,64,20260814
64,512,8192,32,29,3,1,ikj,2.57886,208.1814879,1.192092896e-07,0,true,64,64,20260814
64,512,8192,32,29,3,2,kij,2.586341,207.5793223,1.192092896e-07,0,true,64,64,20260814
64,512,8192,32,29,4,0,pace_fullk,2.463986,217.8871601,0,0,true,64,64,20260814
64,512,8192,32,29,4,1,ikj,2.587033,207.5237973,1.192092896e-07,0,true,64,64,20260814
64,512,8192,32,29,4,2,kij,2.591089,207.1989469,1.192092896e-07,0,true,64,64,20260814
64,512,8192,32,29,5,0,ikj,2.582225,207.9101984,1.192092896e-07,0,true,64,64,20260814
64,512,8192,32,29,5,1,pace_fullk,2.463706,217.9119229,0,0,true,64,64,20260814
64,512,8192,32,29,5,2,kij,2.588284,207.4234945,1.192092896e-07,0,true,64,64,20260814
64,512,8192,32,29,6,0,pace_fullk,2.464196,217.8685916,0,0,true,64,64,20260814
64,512,8192,32,29,6,1,kij,2.642376,203.1773343,1.192092896e-07,0,true,64,64,20260814
64,512,8192,32,29,6,2,ikj,2.587844,207.4587618,1.192092896e-07,0,true,64,64,20260814
64,512,8192,32,29,7,0,pace_fullk,2.473912,217.0129382,0,0,true,64,64,20260814
64,512,8192,32,29,7,1,kij,2.591058,207.2014258,1.192092896e-07,0,true,64,64,20260814
64,512,8192,32,29,7,2,ikj,2.574755,208.5133972,1.192092896e-07,0,true,64,64,20260814
64,512,8192,32,29,8,0,kij,2.592561,207.0813038,1.192092896e-07,0,true,64,64,20260814
64,512,8192,32,29,8,1,ikj,2.583237,207.8287482,1.192092896e-07,0,true,64,64,20260814
64,512,8192,32,29,8,2,pace_fullk,2.470496,217.313006,0,0,true,64,64,20260814
64,512,8192,32,29,9,0,pace_fullk,2.462344,218.0324569,0,0,true,64,64,20260814
64,512,8192,32,29,9,1,kij,2.59917,206.5547509,1.192092896e-07,0,true,64,64,20260814
64,512,8192,32,29,9,2,ikj,2.579141,208.1588064,1.192092896e-07,0,true,64,64,20260814
64,512,8192,32,29,10,0,pace_fullk,2.474863,216.929548,0,0,true,64,64,20260814
64,512,8192,32,29,10,1,ikj,2.592251,207.106068,1.192092896e-07,0,true,64,64,20260814
64,512,8192,32,29,10,2,kij,2.655656,202.1613161,1.192092896e-07,0,true,64,64,20260814
64,512,8192,32,29,11,0,kij,2.591209,207.1893514,1.192092896e-07,0,true,64,64,20260814
64,512,8192,32,29,11,1,ikj,2.576416,208.3789699,1.192092896e-07,0,true,64,64,20260814
64,512,8192,32,29,11,2,pace_fullk,2.467802,217.5502378,0,0,true,64,64,20260814
64,512,8192,32,29,12,0,kij,2.605971,206.0156894,1.192092896e-07,0,true,64,64,20260814
64,512,8192,32,29,12,1,ikj,2.58546,207.6500553,1.192092896e-07,0,true,64,64,20260814
64,512,8192,32,29,12,2,pace_fullk,2.468493,217.4893394,0,0,true,64,64,20260814
64,512,8192,32,29,13,0,kij,2.604049,206.1677457,1.192092896e-07,0,true,64,64,20260814
64,512,8192,32,29,13,1,ikj,2.573231,208.6368896,1.192092896e-07,0,true,64,64,20260814
64,512,8192,32,29,13,2,pace_fullk,2.463096,217.9658901,0,0,true,64,64,20260814
64,512,8192,32,29,14,0,pace_fullk,2.463235,217.9535903,0,0,true,64,64,20260814
64,512,8192,32,29,14,1,ikj,2.596737,206.7482814,1.192092896e-07,0,true,64,64,20260814
64,512,8192,32,29,14,2,kij,2.594523,206.9247072,1.192092896e-07,0,true,64,64,20260814
64,512,8192,32,29,15,0,ikj,2.574183,208.5597302,1.192092896e-07,0,true,64,64,20260814
64,512,8192,32,29,15,1,kij,2.58534,207.6596935,1.192092896e-07,0,true,64,64,20260814
64,512,8192,32,29,15,2,pace_fullk,2.476946,216.74712,0,0,true,64,64,20260814
64,512,8192,32,29,16,0,ikj,2.609086,205.7697263,1.192092896e-07,0,true,64,64,20260814
64,512,8192,32,29,16,1,pace_fullk,2.464917,217.804864,0,0,true,64,64,20260814
64,512,8192,32,29,16,2,kij,2.6052,206.076659,1.192092896e-07,0,true,64,64,20260814
64,512,8192,32,29,17,0,pace_fullk,2.458267,218.3940605,0,0,true,64,64,20260814
64,512,8192,32,29,17,1,ikj,2.584709,207.7103891,1.192092896e-07,0,true,64,64,20260814
64,512,8192,32,29,17,2,kij,2.61234,205.513414,1.192092896e-07,0,true,64,64,20260814
64,512,8192,32,29,18,0,pace_fullk,2.471528,217.2222657,0,0,true,64,64,20260814
64,512,8192,32,29,18,1,ikj,2.587464,207.4892296,1.192092896e-07,0,true,64,64,20260814
64,512,8192,32,29,18,2,kij,2.589676,207.3120004,1.192092896e-07,0,true,64,64,20260814
64,512,8192,32,29,19,0,pace_fullk,2.462914,217.9819969,0,0,true,64,64,20260814
64,512,8192,32,29,19,1,kij,2.596006,206.8064989,1.192092896e-07,0,true,64,64,20260814
64,512,8192,32,29,19,2,ikj,2.580071,208.0837744,1.192092896e-07,0,true,64,64,20260814
64,512,8192,32,47,0,0,pace_fullk,2.460301,218.213508,0,0,true,64,64,20260814
64,512,8192,32,47,0,1,kij,2.638981,203.4387182,1.192092896e-07,0,true,64,64,20260814
64,512,8192,32,47,0,2,ikj,2.586912,207.533504,1.192092896e-07,0,true,64,64,20260814
64,512,8192,32,47,1,0,pace_fullk,2.471067,217.2627905,0,0,true,64,64,20260814
64,512,8192,32,47,1,1,kij,2.616907,205.1547541,1.192092896e-07,0,true,64,64,20260814
64,512,8192,32,47,1,2,ikj,2.576987,208.332798,1.192092896e-07,0,true,64,64,20260814
64,512,8192,32,47,2,0,ikj,2.580403,208.0570019,1.192092896e-07,0,true,64,64,20260814
64,512,8192,32,47,2,1,kij,2.591108,207.1974275,1.192092896e-07,0,true,64,64,20260814
64,512,8192,32,47,2,2,pace_fullk,2.476375,216.7970974,0,0,true,64,64,20260814
64,512,8192,32,47,3,0,kij,2.62482,204.5362775,1.192092896e-07,0,true,64,64,20260814
64,512,8192,32,47,3,1,pace_fullk,2.465489,217.7543327,0,0,true,64,64,20260814
64,512,8192,32,47,3,2,ikj,2.57867,208.196827,1.192092896e-07,0,true,64,64,20260814
64,512,8192,32,47,4,0,ikj,2.575945,208.417071,1.192092896e-07,0,true,64,64,20260814
64,512,8192,32,47,4,1,pace_fullk,2.478148,216.6419891,0,0,true,64,64,20260814
64,512,8192,32,47,4,2,kij,2.60531,206.0679581,1.192092896e-07,0,true,64,64,20260814
64,512,8192,32,47,5,0,kij,2.592801,207.0621355,1.192092896e-07,0,true,64,64,20260814
64,512,8192,32,47,5,1,pace_fullk,2.47317,217.0780464,0,0,true,64,64,20260814
64,512,8192,32,47,5,2,ikj,2.58551,207.6460397,1.192092896e-07,0,true,64,64,20260814
64,512,8192,32,47,6,0,kij,2.582345,207.9005369,1.192092896e-07,0,true,64,64,20260814
64,512,8192,32,47,6,1,ikj,2.582215,207.9110035,1.192092896e-07,0,true,64,64,20260814
64,512,8192,32,47,6,2,pace_fullk,2.478849,216.5807244,0,0,true,64,64,20260814
64,512,8192,32,47,7,0,ikj,2.599571,206.5228886,1.192092896e-07,0,true,64,64,20260814
64,512,8192,32,47,7,1,kij,2.591129,207.1957483,1.192092896e-07,0,true,64,64,20260814
64,512,8192,32,47,7,2,pace_fullk,2.463005,217.9739432,0,0,true,64,64,20260814
64,512,8192,32,47,8,0,pace_fullk,2.454502,218.7290587,0,0,true,64,64,20260814
64,512,8192,32,47,8,1,kij,2.605381,206.0623425,1.192092896e-07,0,true,64,64,20260814
64,512,8192,32,47,8,2,ikj,2.638611,203.4672455,1.192092896e-07,0,true,64,64,20260814
64,512,8192,32,47,9,0,pace_fullk,2.476425,216.7927202,0,0,true,64,64,20260814
64,512,8192,32,47,9,1,kij,2.591249,207.1861531,1.192092896e-07,0,true,64,64,20260814
64,512,8192,32,47,9,2,ikj,2.575414,208.4600425,1.192092896e-07,0,true,64,64,20260814
64,512,8192,32,47,10,0,ikj,2.574654,208.5215769,1.192092896e-07,0,true,64,64,20260814
64,512,8192,32,47,10,1,kij,2.596607,206.7586323,1.192092896e-07,0,true,64,64,20260814
64,512,8192,32,47,10,2,pace_fullk,2.470456,217.3165246,0,0,true,64,64,20260814
64,512,8192,32,47,11,0,ikj,2.597398,206.695667,1.192092896e-07,0,true,64,64,20260814
64,512,8192,32,47,11,1,pace_fullk,2.462194,218.0457397,0,0,true,64,64,20260814
64,512,8192,32,47,11,2,kij,2.59212,207.1165347,1.192092896e-07,0,true,64,64,20260814
64,512,8192,32,47,12,0,kij,2.591879,207.135793,1.192092896e-07,0,true,64,64,20260814
64,512,8192,32,47,12,1,pace_fullk,2.472899,217.1018355,0,0,true,64,64,20260814
64,512,8192,32,47,12,2,ikj,2.59221,207.1093438,1.192092896e-07,0,true,64,64,20260814
64,512,8192,32,47,13,0,pace_fullk,2.467571,217.5706036,0,0,true,64,64,20260814
64,512,8192,32,47,13,1,ikj,2.582867,207.85852,1.192092896e-07,0,true,64,64,20260814
64,512,8192,32,47,13,2,kij,2.588404,207.4138782,1.192092896e-07,0,true,64,64,20260814
64,512,8192,32,47,14,0,kij,2.592661,207.0733166,1.192092896e-07,0,true,64,64,20260814
64,512,8192,32,47,14,1,pace_fullk,2.484908,216.0526313,0,0,true,64,64,20260814
64,512,8192,32,47,14,2,ikj,2.591981,207.1276418,1.192092896e-07,0,true,64,64,20260814
64,512,8192,32,47,15,0,pace_fullk,2.476275,216.8058523,0,0,true,64,64,20260814
64,512,8192,32,47,15,1,ikj,2.587874,207.4563568,1.192092896e-07,0,true,64,64,20260814
64,512,8192,32,47,15,2,kij,2.585039,207.6838732,1.192092896e-07,0,true,64,64,20260814
64,512,8192,32,47,16,0,pace_fullk,2.471689,217.2081164,0,0,true,64,64,20260814
64,512,8192,32,47,16,1,kij,2.637398,203.5608247,1.192092896e-07,0,true,64,64,20260814
64,512,8192,32,47,16,2,ikj,2.596186,206.7921605,1.192092896e-07,0,true,64,64,20260814
64,512,8192,32,47,17,0,ikj,2.637109,203.5831329,1.192092896e-07,0,true,64,64,20260814
64,512,8192,32,47,17,1,pace_fullk,2.464277,217.8614304,0,0,true,64,64,20260814
64,512,8192,32,47,17,2,kij,2.600483,206.4504602,1.192092896e-07,0,true,64,64,20260814
64,512,8192,32,47,18,0,ikj,2.582225,207.9101984,1.192092896e-07,0,true,64,64,20260814
64,512,8192,32,47,18,1,kij,2.588574,207.4002567,1.192092896e-07,0,true,64,64,20260814
64,512,8192,32,47,18,2,pace_fullk,2.47968,216.508143,0,0,true,64,64,20260814
64,512,8192,32,47,19,0,kij,2.595866,206.8176524,1.192092896e-07,0,true,64,64,20260814
64,512,8192,32,47,19,1,ikj,2.579742,208.1103118,1.192092896e-07,0,true,64,64,20260814
64,512,8192,32,47,19,2,pace_fullk,2.465529,217.7507999,0,0,true,64,64,20260814
64,512,16384,32,11,0,0,ikj,6.020605,178.3445059,1.788139343e-07,0,true,64,64,20260814
64,512,16384,32,11,0,1,pace_fullk,5.297081,202.7044374,0,0,true,64,64,20260814
64,512,16384,32,11,0,2,kij,6.50002,165.1905416,1.788139343e-07,0,true,64,64,20260814
64,512,16384,32,11,1,0,kij,6.483054,165.6228413,1.788139343e-07,0,true,64,64,20260814
64,512,16384,32,11,1,1,pace_fullk,5.292855,202.8662837,0,0,true,64,64,20260814
64,512,16384,32,11,1,2,ikj,6.013424,178.5574781,1.788139343e-07,0,true,64,64,20260814
64,512,16384,32,11,2,0,pace_fullk,5.240736,204.8837843,0,0,true,64,64,20260814
64,512,16384,32,11,2,1,ikj,6.001467,178.9132264,1.788139343e-07,0,true,64,64,20260814
64,512,16384,32,11,2,2,kij,6.306618,170.2563599,1.788139343e-07,0,true,64,64,20260814
64,512,16384,32,11,3,0,ikj,6.213918,172.7962654,1.788139343e-07,0,true,64,64,20260814
64,512,16384,32,11,3,1,pace_fullk,5.307347,202.3123463,0,0,true,64,64,20260814
64,512,16384,32,11,3,2,kij,6.535484,164.2941554,1.788139343e-07,0,true,64,64,20260814
64,512,16384,32,11,4,0,pace_fullk,5.286945,203.0930573,0,0,true,64,64,20260814
64,512,16384,32,11,4,1,ikj,6.277994,171.0326298,1.788139343e-07,0,true,64,64,20260814
64,512,16384,32,11,4,2,kij,6.324164,169.7839942,1.788139343e-07,0,true,64,64,20260814
64,512,16384,32,11,5,0,ikj,6.138653,174.9148916,1.788139343e-07,0,true,64,64,20260814
64,512,16384,32,11,5,1,kij,6.273497,171.1552303,1.788139343e-07,0,true,64,64,20260814
64,512,16384,32,11,5,2,pace_fullk,5.295699,202.7573365,0,0,true,64,64,20260814
64,512,16384,32,11,6,0,kij,6.589625,162.9442987,1.788139343e-07,0,true,64,64,20260814
64,512,16384,32,11,6,1,pace_fullk,5.257231,204.2409443,0,0,true,64,64,20260814
64,512,16384,32,11,6,2,ikj,6.326508,169.7210885,1.788139343e-07,0,true,64,64,20260814
64,512,16384,32,11,7,0,kij,6.484507,165.5857298,1.788139343e-07,0,true,64,64,20260814
64,512,16384,32,11,7,1,pace_fullk,5.292204,202.8912385,0,0,true,64,64,20260814
64,512,16384,32,11,7,2,ikj,6.260017,171.5237872,1.788139343e-07,0,true,64,64,20260814
64,512,16384,32,11,8,0,pace_fullk,5.285093,203.1642251,0,0,true,64,64,20260814
64,512,16384,32,11,8,1,kij,6.520731,164.6658671,1.788139343e-07,0,true,64,64,20260814
64,512,16384,32,11,8,2,ikj,6.260868,171.5004731,1.788139343e-07,0,true,64,64,20260814
64,512,16384,32,11,9,0,pace_fullk,5.298894,202.6350827,0,0,true,64,64,20260814
64,512,16384,32,11,9,1,kij,6.500621,165.1752693,1.788139343e-07,0,true,64,64,20260814
64,512,16384,32,11,9,2,ikj,6.154427,174.4665789,1.788139343e-07,0,true,64,64,20260814
64,512,16384,32,11,10,0,pace_fullk,5.242138,204.8289885,0,0,true,64,64,20260814
64,512,16384,32,11,10,1,kij,6.443725,166.6337133,1.788139343e-07,0,true,64,64,20260814
64,512,16384,32,11,10,2,ikj,6.091682,176.263604,1.788139343e-07,0,true,64,64,20260814
64,512,16384,32,11,11,0,pace_fullk,5.281477,203.3033229,0,0,true,64,64,20260814
64,512,16384,32,11,11,1,kij,6.528713,164.4645467,1.788139343e-07,0,true,64,64,20260814
64,512,16384,32,11,11,2,ikj,6.246927,171.8832034,1.788139343e-07,0,true,64,64,20260814
64,512,16384,32,11,12,0,pace_fullk,5.272153,203.6628725,0,0,true,64,64,20260814
64,512,16384,32,11,12,1,kij,6.536345,164.2725138,1.788139343e-07,0,true,64,64,20260814
64,512,16384,32,11,12,2,ikj,6.234559,172.224182,1.788139343e-07,0,true,64,64,20260814
64,512,16384,32,11,13,0,pace_fullk,5.282218,203.2748031,0,0,true,64,64,20260814
64,512,16384,32,11,13,1,ikj,6.005552,178.7915289,1.788139343e-07,0,true,64,64,20260814
64,512,16384,32,11,13,2,kij,6.401581,167.7307253,1.788139343e-07,0,true,64,64,20260814
64,512,16384,32,11,14,0,pace_fullk,5.291142,202.9319614,0,0,true,64,64,20260814
64,512,16384,32,11,14,1,ikj,6.307609,170.2296106,1.788139343e-07,0,true,64,64,20260814
64,512,16384,32,11,14,2,kij,6.427911,167.0436669,1.788139343e-07,0,true,64,64,20260814
64,512,16384,32,11,15,0,kij,6.455873,166.320159,1.788139343e-07,0,true,64,64,20260814
64,512,16384,32,11,15,1,pace_fullk,5.293035,202.8593848,0,0,true,64,64,20260814
64,512,16384,32,11,15,2,ikj,6.322642,169.824865,1.788139343e-07,0,true,64,64,20260814
64,512,16384,32,11,16,0,pace_fullk,5.258182,204.2040051,0,0,true,64,64,20260814
64,512,16384,32,11,16,1,ikj,6.297534,170.5019495,1.788139343e-07,0,true,64,64,20260814
64,512,16384,32,11,16,2,kij,6.448713,166.5048241,1.788139343e-07,0,true,64,64,20260814
64,512,16384,32,11,17,0,ikj,6.251945,171.7452447,1.788139343e-07,0,true,64,64,20260814
64,512,16384,32,11,17,1,kij,6.429994,166.989553,1.788139343e-07,0,true,64,64,20260814
64,512,16384,32,11,17,2,pace_fullk,5.294367,202.8083478,0,0,true,64,64,20260814
64,512,16384,32,11,18,0,pace_fullk,5.240976,204.874402,0,0,true,64,64,20260814
64,512,16384,32,11,18,1,kij,6.524076,164.5814402,1.788139343e-07,0,true,64,64,20260814
64,512,16384,32,11,18,2,ikj,6.292397,170.6411442,1.788139343e-07,0,true,64,64,20260814
64,512,16384,32,11,19,0,pace_fullk,5.290892,202.9415501,0,0,true,64,64,20260814
64,512,16384,32,11,19,1,kij,6.49992,165.193083,1.788139343e-07,0,true,64,64,20260814
64,512,16384,32,11,19,2,ikj,6.150571,174.5759579,1.788139343e-07,0,true,64,64,20260814
64,512,16384,32,29,0,0,kij,6.477025,165.7770078,1.192092896e-07,0,true,64,64,20260814
64,512,16384,32,29,0,1,pace_fullk,5.325554,201.620681,0,0,true,64,64,20260814
64,512,16384,32,29,0,2,ikj,6.25539,171.6506603,1.192092896e-07,0,true,64,64,20260814
64,512,16384,32,29,1,0,kij,6.396133,167.8735924,1.192092896e-07,0,true,64,64,20260814
64,512,16384,32,29,1,1,ikj,6.128027,175.218194,1.192092896e-07,0,true,64,64,20260814
64,512,16384,32,29,1,2,pace_fullk,5.288137,203.0472781,0,0,true,64,64,20260814
64,512,16384,32,29,2,0,kij,6.3348,169.4989304,1.192092896e-07,0,true,64,64,20260814
64,512,16384,32,29,2,1,pace_fullk,5.199733,206.4994153,0,0,true,64,64,20260814
64,512,16384,32,29,2,2,ikj,6.018722,178.4003023,1.192092896e-07,0,true,64,64,20260814
64,512,16384,32,29,3,0,pace_fullk,5.27031,203.7340923,0,0,true,64,64,20260814
64,512,16384,32,29,3,1,ikj,6.173987,173.9138459,1.192092896e-07,0,true,64,64,20260814
64,512,16384,32,29,3,2,kij,6.450025,166.4709554,1.192092896e-07,0,true,64,64,20260814
64,512,16384,32,29,4,0,kij,6.481842,165.6538101,1.192092896e-07,0,true,64,64,20260814
64,512,16384,32,29,4,1,ikj,6.23584,172.1888028,1.192092896e-07,0,true,64,64,20260814
64,512,16384,32,29,4,2,pace_fullk,5.312324,202.1228043,0,0,true,64,64,20260814
64,512,16384,32,29,5,0,kij,6.544377,164.0708999,1.192092896e-07,0,true,64,64,20260814
64,512,16384,32,29,5,1,pace_fullk,5.308778,202.2578122,0,0,true,64,64,20260814
64,512,16384,32,29,5,2,ikj,5.977009,179.6453417,1.192092896e-07,0,true,64,64,20260814
64,512,16384,32,29,6,0,ikj,5.998502,179.0016614,1.192092896e-07,0,true,64,64,20260814
64,512,16384,32,29,6,1,pace_fullk,5.275799,203.5221251,0,0,true,64,64,20260814
64,512,16384,32,29,6,2,kij,6.515704,164.7929102,1.192092896e-07,0,true,64,64,20260814
64,512,16384,32,29,7,0,pace_fullk,5.287136,203.0857205,0,0,true,64,64,20260814
64,512,16384,32,29,7,1,ikj,6.280579,170.9622352,1.192092896e-07,0,true,64,64,20260814
64,512,16384,32,29,7,2,kij,6.428232,167.0353254,1.192092896e-07,0,true,64,64,20260814
64,512,16384,32,29,8,0,pace_fullk,5.297863,202.6745169,0,0,true,64,64,20260814
64,512,16384,32,29,8,1,kij,6.536365,164.2720111,1.192092896e-07,0,true,64,64,20260814
64,512,16384,32,29,8,2,ikj,6.161248,174.2734303,1.192092896e-07,0,true,64,64,20260814
64,512,16384,32,29,9,0,kij,6.353168,169.0088825,1.192092896e-07,0,true,64,64,20260814
64,512,16384,32,29,9,1,ikj,6.269682,171.2593755,1.192092896e-07,0,true,64,64,20260814
64,512,16384,32,29,9,2,pace_fullk,5.284963,203.1692226,0,0,true,64,64,20260814
64,512,16384,32,29,10,0,kij,6.547361,163.9961236,1.192092896e-07,0,true,64,64,20260814
64,512,16384,32,29,10,1,ikj,6.072053,176.8334077,1.192092896e-07,0,true,64,64,20260814
64,512,16384,32,29,10,2,pace_fullk,5.300596,202.5700174,0,0,true,64,64,20260814
64,512,16384,32,29,11,0,pace_fullk,5.261828,204.0625091,0,0,true,64,64,20260814
64,512,16384,32,29,11,1,ikj,6.307409,170.2350084,1.192092896e-07,0,true,64,64,20260814
64,512,16384,32,29,11,2,kij,6.459409,166.2291123,1.192092896e-07,0,true,64,64,20260814
64,512,16384,32,29,12,0,pace_fullk,5.290602,202.9526742,0,0,true,64,64,20260814
64,512,16384,32,29,12,1,ikj,6.266507,171.3461461,1.192092896e-07,0,true,64,64,20260814
64,512,16384,32,29,12,2,kij,6.24838,171.8432336,1.192092896e-07,0,true,64,64,20260814
64,512,16384,32,29,13,0,ikj,6.250473,171.7856911,1.192092896e-07,0,true,64,64,20260814
64,512,16384,32,29,13,1,pace_fullk,5.270622,203.722032,0,0,true,64,64,20260814
64,512,16384,32,29,13,2,kij,6.52616,164.5288844,1.192092896e-07,0,true,64,64,20260814
64,512,16384,32,29,14,0,ikj,6.298035,170.4883863,1.192092896e-07,0,true,64,64,20260814
64,512,16384,32,29,14,1,pace_fullk,5.268958,203.7863699,0,0,true,64,64,20260814
64,512,16384,32,29,14,2,kij,6.520722,164.6660943,1.192092896e-07,0,true,64,64,20260814
64,512,16384,32,29,15,0,ikj,6.272346,171.186638,1.192092896e-07,0,true,64,64,20260814
64,512,16384,32,29,15,1,kij,6.444556,166.6122265,1.192092896e-07,0,true,64,64,20260814
64,512,16384,32,29,15,2,pace_fullk,5.313266,202.0869695,0,0,true,64,64,20260814
64,512,16384,32,29,16,0,ikj,6.259356,171.5419005,1.192092896e-07,0,true,64,64,20260814
64,512,16384,32,29,16,1,pace_fullk,5.273165,203.6237865,0,0,true,64,64,20260814
64,512,16384,32,29,16,2,kij,6.542834,164.1095929,1.192092896e-07,0,true,64,64,20260814
64,512,16384,32,29,17,0,kij,6.479809,165.705783,1.192092896e-07,0,true,64,64,20260814
64,512,16384,32,29,17,1,ikj,6.253156,171.7119842,1.192092896e-07,0,true,64,64,20260814
64,512,16384,32,29,17,2,pace_fullk,5.277561,203.4541759,0,0,true,64,64,20260814
64,512,16384,32,29,18,0,ikj,6.016149,178.4766009,1.192092896e-07,0,true,64,64,20260814
64,512,16384,32,29,18,1,pace_fullk,5.286615,203.1057348,0,0,true,64,64,20260814
64,512,16384,32,29,18,2,kij,6.45975,166.2203373,1.192092896e-07,0,true,64,64,20260814
64,512,16384,32,29,19,0,ikj,5.99743,179.0336567,1.192092896e-07,0,true,64,64,20260814
64,512,16384,32,29,19,1,kij,6.42658,167.0782631,1.192092896e-07,0,true,64,64,20260814
64,512,16384,32,29,19,2,pace_fullk,5.292043,202.8974111,0,0,true,64,64,20260814
64,512,16384,32,47,0,0,pace_fullk,5.272473,203.6505116,0,0,true,64,64,20260814
64,512,16384,32,47,0,1,ikj,6.357154,168.9029122,1.788139343e-07,0,true,64,64,20260814
64,512,16384,32,47,0,2,kij,6.468012,166.0080136,1.788139343e-07,0,true,64,64,20260814
64,512,16384,32,47,1,0,ikj,6.239185,172.0964876,1.788139343e-07,0,true,64,64,20260814
64,512,16384,32,47,1,1,kij,6.481142,165.6717017,1.788139343e-07,0,true,64,64,20260814
64,512,16384,32,47,1,2,pace_fullk,5.297621,202.6837752,0,0,true,64,64,20260814
64,512,16384,32,47,2,0,pace_fullk,5.276269,203.5039957,0,0,true,64,64,20260814
64,512,16384,32,47,2,1,kij,6.526871,164.5109615,1.788139343e-07,0,true,64,64,20260814
64,512,16384,32,47,2,2,ikj,6.272376,171.1858192,1.788139343e-07,0,true,64,64,20260814
64,512,16384,32,47,3,0,ikj,6.238805,172.1069698,1.788139343e-07,0,true,64,64,20260814
64,512,16384,32,47,3,1,kij,6.419318,167.2672742,1.788139343e-07,0,true,64,64,20260814
64,512,16384,32,47,3,2,pace_fullk,5.325354,201.6282531,0,0,true,64,64,20260814
64,512,16384,32,47,4,0,ikj,6.262601,171.4530151,1.788139343e-07,0,true,64,64,20260814
64,512,16384,32,47,4,1,kij,6.40061,167.7561707,1.788139343e-07,0,true,64,64,20260814
64,512,16384,32,47,4,2,pace_fullk,5.302499,202.4973176,0,0,true,64,64,20260814
64,512,16384,32,47,5,0,kij,6.333118,169.5439472,1.788139343e-07,0,true,64,64,20260814
64,512,16384,32,47,5,1,pace_fullk,5.303911,202.443409,0,0,true,64,64,20260814
64,512,16384,32,47,5,2,ikj,6.153906,174.4813496,1.788139343e-07,0,true,64,64,20260814
64,512,16384,32,47,6,0,pace_fullk,5.320516,201.8115957,0,0,true,64,64,20260814
64,512,16384,32,47,6,1,kij,6.338876,169.3899398,1.788139343e-07,0,true,64,64,20260814
64,512,16384,32,47,6,2,ikj,6.125374,175.2940839,1.788139343e-07,0,true,64,64,20260814
64,512,16384,32,47,7,0,pace_fullk,5.278012,203.436791,0,0,true,64,64,20260814
64,512,16384,32,47,7,1,ikj,6.053966,177.3617202,1.788139343e-07,0,true,64,64,20260814
64,512,16384,32,47,7,2,kij,6.032944,177.9797432,1.788139343e-07,0,true,64,64,20260814
64,512,16384,32,47,8,0,kij,6.478248,165.7457115,1.788139343e-07,0,true,64,64,20260814
64,512,16384,32,47,8,1,pace_fullk,5.277391,203.4607297,0,0,true,64,64,20260814
64,512,16384,32,47,8,2,ikj,6.316333,169.9944927,1.788139343e-07,0,true,64,64,20260814
64,512,16384,32,47,9,0,ikj,6.175149,173.88112,1.788139343e-07,0,true,64,64,20260814
64,512,16384,32,47,9,1,kij,6.435573,166.8447897,1.788139343e-07,0,true,64,64,20260814
64,512,16384,32,47,9,2,pace_fullk,5.315589,201.9986541,0,0,true,64,64,20260814
64,512,16384,32,47,10,0,pace_fullk,5.264381,203.9635475,0,0,true,64,64,20260814
64,512,16384,32,47,10,1,kij,6.536395,164.2712572,1.788139343e-07,0,true,64,64,20260814
64,512,16384,32,47,10,2,ikj,6.271234,171.2169924,1.788139343e-07,0,true,64,64,20260814
64,512,16384,32,47,11,0,kij,6.434321,166.8772546,1.788139343e-07,0,true,64,64,20260814
64,512,16384,32,47,11,1,pace_fullk,5.284411,203.1904453,0,0,true,64,64,20260814
64,512,16384,32,47,11,2,ikj,6.29472,170.5781709,1.788139343e-07,0,true,64,64,20260814
64,512,16384,32,47,12,0,pace_fullk,5.271543,203.6864394,0,0,true,64,64,20260814
64,512,16384,32,47,12,1,kij,6.509085,164.9604858,1.788139343e-07,0,true,64,64,20260814
64,512,16384,32,47,12,2,ikj,5.984581,179.4180451,1.788139343e-07,0,true,64,64,20260814
64,512,16384,32,47,13,0,kij,6.449384,166.4875008,1.788139343e-07,0,true,64,64,20260814
64,512,16384,32,47,13,1,ikj,6.14989,174.5952893,1.788139343e-07,0,true,64,64,20260814
64,512,16384,32,47,13,2,pace_fullk,5.283259,203.2347504,0,0,true,64,64,20260814
64,512,16384,32,47,14,0,ikj,6.200087,173.181735,1.788139343e-07,0,true,64,64,20260814
64,512,16384,32,47,14,1,pace_fullk,5.266054,203.8987492,0,0,true,64,64,20260814
64,512,16384,32,47,14,2,kij,6.464747,166.0918554,1.788139343e-07,0,true,64,64,20260814
64,512,16384,32,47,15,0,kij,6.494862,165.3217303,1.788139343e-07,0,true,64,64,20260814
64,512,16384,32,47,15,1,pace_fullk,5.294958,202.7857112,0,0,true,64,64,20260814
64,512,16384,32,47,15,2,ikj,6.272757,171.1754216,1.788139343e-07,0,true,64,64,20260814
64,512,16384,32,47,16,0,pace_fullk,5.281999,203.2832312,0,0,true,64,64,20260814
64,512,16384,32,47,16,1,kij,6.563877,163.5834773,1.788139343e-07,0,true,64,64,20260814
64,512,16384,32,47,16,2,ikj,6.278875,171.008632,1.788139343e-07,0,true,64,64,20260814
64,512,16384,32,47,17,0,kij,6.455322,166.3343554,1.788139343e-07,0,true,64,64,20260814
64,512,16384,32,47,17,1,pace_fullk,5.28942,202.998027,0,0,true,64,64,20260814
64,512,16384,32,47,17,2,ikj,6.163481,174.2102919,1.788139343e-07,0,true,64,64,20260814
64,512,16384,32,47,18,0,kij,6.390524,168.020936,1.788139343e-07,0,true,64,64,20260814
64,512,16384,32,47,18,1,ikj,6.138213,174.9274299,1.788139343e-07,0,true,64,64,20260814
64,512,16384,32,47,18,2,pace_fullk,5.311613,202.1498599,0,0,true,64,64,20260814
64,512,16384,32,47,19,0,kij,6.534713,164.3135397,1.788139343e-07,0,true,64,64,20260814
64,512,16384,32,47,19,1,ikj,6.258436,171.5671174,1.788139343e-07,0,true,64,64,20260814
64,512,16384,32,47,19,2,pace_fullk,5.30964,202.2249765,0,0,true,64,64,20260814
128,64,2048,32,11,0,0,pace_fullk,0.148414,226.0867034,0,0,true,64,64,20260814
128,64,2048,32,11,0,1,kij,0.159311,210.6221918,1.788139343e-07,0,true,64,64,20260814
128,64,2048,32,11,0,2,ikj,0.159441,210.4504613,1.788139343e-07,0,true,64,64,20260814
128,64,2048,32,11,1,0,ikj,0.159401,210.5032716,1.788139343e-07,0,true,64,64,20260814
128,64,2048,32,11,1,1,pace_fullk,0.148685,225.6746276,0,0,true,64,64,20260814
128,64,2048,32,11,1,2,kij,0.160553,208.9928684,1.788139343e-07,0,true,64,64,20260814
128,64,2048,32,11,2,0,ikj,0.158911,211.1523557,1.788139343e-07,0,true,64,64,20260814
128,64,2048,32,11,2,1,pace_fullk,0.147984,226.743648,0,0,true,64,64,20260814
128,64,2048,32,11,2,2,kij,0.159982,209.7387956,1.788139343e-07,0,true,64,64,20260814
128,64,2048,32,11,3,0,pace_fullk,0.147793,227.0366797,0,0,true,64,64,20260814
128,64,2048,32,11,3,1,kij,0.159381,210.5296867,1.788139343e-07,0,true,64,64,20260814
128,64,2048,32,11,3,2,ikj,0.15933,210.5970753,1.788139343e-07,0,true,64,64,20260814
128,64,2048,32,11,4,0,kij,0.159331,210.5957535,1.788139343e-07,0,true,64,64,20260814
128,64,2048,32,11,4,1,ikj,0.15883,211.260039,1.788139343e-07,0,true,64,64,20260814
128,64,2048,32,11,4,2,pace_fullk,0.148034,226.667063,0,0,true,64,64,20260814
128,64,2048,32,11,5,0,ikj,0.158971,211.0726611,1.788139343e-07,0,true,64,64,20260814
128,64,2048,32,11,5,1,kij,0.159872,209.8831065,1.788139343e-07,0,true,64,64,20260814
128,64,2048,32,11,5,2,pace_fullk,0.147593,227.344332,0,0,true,64,64,20260814
128,64,2048,32,11,6,0,kij,0.1591,210.9015211,1.788139343e-07,0,true,64,64,20260814
128,64,2048,32,11,6,1,pace_fullk,0.148074,226.6058322,0,0,true,64,64,20260814
128,64,2048,32,11,6,2,ikj,0.159712,210.0933681,1.788139343e-07,0,true,64,64,20260814
128,64,2048,32,11,7,0,ikj,0.159331,210.5957535,1.788139343e-07,0,true,64,64,20260814
128,64,2048,32,11,7,1,pace_fullk,0.147664,227.23502,0,0,true,64,64,20260814
128,64,2048,32,11,7,2,kij,0.159922,209.817486,1.788139343e-07,0,true,64,64,20260814
128,64,2048,32,11,8,0,kij,0.15906,210.954558,1.788139343e-07,0,true,64,64,20260814
128,64,2048,32,11,8,1,ikj,0.159361,210.5561085,1.788139343e-07,0,true,64,64,20260814
128,64,2048,32,11,8,2,pace_fullk,0.147573,227.3751431,0,0,true,64,64,20260814
128,64,2048,32,11,9,0,pace_fullk,0.147794,227.0351435,0,0,true,64,64,20260814
128,64,2048,32,11,9,1,ikj,0.159091,210.913452,1.788139343e-07,0,true,64,64,20260814
128,64,2048,32,11,9,2,kij,0.159411,210.4900666,1.788139343e-07,0,true,64,64,20260814
128,64,2048,32,11,10,0,pace_fullk,0.147734,227.1273505,0,0,true,64,64,20260814
128,64,2048,32,11,10,1,kij,0.159071,210.9399702,1.788139343e-07,0,true,64,64,20260814
128,64,2048,32,11,10,2,ikj,0.168595,199.0238856,1.788139343e-07,0,true,64,64,20260814
128,64,2048,32,11,11,0,kij,0.159601,210.2394847,1.788139343e-07,0,true,64,64,20260814
128,64,2048,32,11,11,1,pace_fullk,0.148094,226.5752292,0,0,true,64,64,20260814
128,64,2048,32,11,11,2,ikj,0.160553,208.9928684,1.788139343e-07,0,true,64,64,20260814
128,64,2048,32,11,12,0,kij,0.160062,209.6339668,1.788139343e-07,0,true,64,64,20260814
128,64,2048,32,11,12,1,ikj,0.15903,210.9943533,1.788139343e-07,0,true,64,64,20260814
128,64,2048,32,11,12,2,pace_fullk,0.148054,226.6364435,0,0,true,64,64,20260814
128,64,2048,32,11,13,0,pace_fullk,0.147312,227.777995,0,0,true,64,64,20260814
128,64,2048,32,11,13,1,ikj,0.159832,209.9356324,1.788139343e-07,0,true,64,64,20260814
128,64,2048,32,11,13,2,kij,0.159422,210.4755429,1.788139343e-07,0,true,64,64,20260814
128,64,2048,32,11,14,0,pace_fullk,0.147754,227.0966065,0,0,true,64,64,20260814
128,64,2048,32,11,14,1,ikj,0.159321,210.6089718,1.788139343e-07,0,true,64,64,20260814
128,64,2048,32,11,14,2,kij,0.159602,210.2381674,1.788139343e-07,0,true,64,64,20260814
128,64,2048,32,11,15,0,pace_fullk,0.147824,226.9890681,0,0,true,64,64,20260814
128,64,2048,32,11,15,1,kij,0.159021,211.0062948,1.788139343e-07,0,true,64,64,20260814
128,64,2048,32,11,15,2,ikj,0.159171,210.8074461,1.788139343e-07,0,true,64,64,20260814
128,64,2048,32,11,16,0,pace_fullk,0.147653,227.2519488,0,0,true,64,64,20260814
128,64,2048,32,11,16,1,kij,0.159481,210.3976775,1.788139343e-07,0,true,64,64,20260814
128,64,2048,32,11,16,2,ikj,0.159271,210.6750884,1.788139343e-07,0,true,64,64,20260814
128,64,2048,32,11,17,0,ikj,0.158981,211.0593845,1.788139343e-07,0,true,64,64,20260814
128,64,2048,32,11,17,1,pace_fullk,0.147954,226.7896238,0,0,true,64,64,20260814
128,64,2048,32,11,17,2,kij,0.15879,211.3132565,1.788139343e-07,0,true,64,64,20260814
128,64,2048,32,11,18,0,kij,0.159281,210.6618617,1.788139343e-07,0,true,64,64,20260814
128,64,2048,32,11,18,1,pace_fullk,0.147853,226.9445463,0,0,true,64,64,20260814
128,64,2048,32,11,18,2,ikj,0.159491,210.3844856,1.788139343e-07,0,true,64,64,20260814
128,64,2048,32,11,19,0,pace_fullk,0.147694,227.1888635,0,0,true,64,64,20260814
128,64,2048,32,11,19,1,ikj,0.159341,210.5825368,1.788139343e-07,0,true,64,64,20260814
128,64,2048,32,11,19,2,kij,0.160522,209.0332291,1.788139343e-07,0,true,64,64,20260814
128,64,2048,32,29,0,0,pace_fullk,0.147924,226.8356183,0,0,true,64,64,20260814
128,64,2048,32,29,0,1,ikj,0.159441,210.4504613,2.384185791e-07,0,true,64,64,20260814
128,64,2048,32,29,0,2,kij,0.159391,210.5164783,2.384185791e-07,0,true,64,64,20260814
128,64,2048,32,29,1,0,ikj,0.159031,210.9930265,2.384185791e-07,0,true,64,64,20260814
128,64,2048,32,29,1,1,pace_fullk,0.147543,227.4213755,0,0,true,64,64,20260814
128,64,2048,32,29,1,2,kij,0.159391,210.5164783,2.384185791e-07,0,true,64,64,20260814
128,64,2048,32,29,2,0,ikj,0.159511,210.358107,2.384185791e-07,0,true,64,64,20260814
128,64,2048,32,29,2,1,pace_fullk,0.147564,227.3890109,0,0,true,64,64,20260814
128,64,2048,32,29,2,2,kij,0.15909,210.9147778,2.384185791e-07,0,true,64,64,20260814
128,64,2048,32,29,3,0,kij,0.159321,210.6089718,2.384185791e-07,0,true,64,64,20260814
128,64,2048,32,29,3,1,ikj,0.158931,211.1257841,2.384185791e-07,0,true,64,64,20260814
128,64,2048,32,29,3,2,pace_fullk,0.147923,226.8371518,0,0,true,64,64,20260814
128,64,2048,32,29,4,0,kij,0.168935,198.6233285,2.384185791e-07,0,true,64,64,20260814
128,64,2048,32,29,4,1,pace_fullk,0.147583,227.3597366,0,0,true,64,64,20260814
128,64,2048,32,29,4,2,ikj,0.159742,210.0539119,2.384185791e-07,0,true,64,64,20260814
128,64,2048,32,29,5,0,kij,0.15908,210.9280362,2.384185791e-07,0,true,64,64,20260814
128,64,2048,32,29,5,1,ikj,0.15883,211.260039,2.384185791e-07,0,true,64,64,20260814
128,64,2048,32,29,5,2,pace_fullk,0.147904,226.8662916,0,0,true,64,64,20260814
128,64,2048,32,29,6,0,pace_fullk,0.147663,227.2365589,0,0,true,64,64,20260814
128,64,2048,32,29,6,1,ikj,0.159821,209.9500817,2.384185791e-07,0,true,64,64,20260814
128,64,2048,32,29,6,2,kij,0.172471,194.5511535,2.384185791e-07,0,true,64,64,20260814
128,64,2048,32,29,7,0,pace_fullk,0.147944,226.8049532,0,0,true,64,64,20260814
128,64,2048,32,29,7,1,ikj,0.159682,210.132839,2.384185791e-07,0,true,64,64,20260814
128,64,2048,32,29,7,2,kij,0.159601,210.2394847,2.384185791e-07,0,true,64,64,20260814
128,64,2048,32,29,8,0,kij,0.159441,210.4504613,2.384185791e-07,0,true,64,64,20260814
128,64,2048,32,29,8,1,ikj,0.15918,210.7955271,2.384185791e-07,0,true,64,64,20260814
128,64,2048,32,29,8,2,pace_fullk,0.147883,226.8985076,0,0,true,64,64,20260814
128,64,2048,32,29,9,0,kij,0.168585,199.0356912,2.384185791e-07,0,true,64,64,20260814
128,64,2048,32,29,9,1,pace_fullk,0.147713,227.1596407,0,0,true,64,64,20260814
128,64,2048,32,29,9,2,ikj,0.159692,210.1196804,2.384185791e-07,0,true,64,64,20260814
128,64,2048,32,29,10,0,pace_fullk,0.147773,227.0674074,0,0,true,64,64,20260814
128,64,2048,32,29,10,1,ikj,0.159021,211.0062948,2.384185791e-07,0,true,64,64,20260814
128,64,2048,32,29,10,2,kij,0.158981,211.0593845,2.384185791e-07,0,true,64,64,20260814
128,64,2048,32,29,11,0,kij,0.159441,210.4504613,2.384185791e-07,0,true,64,64,20260814
128,64,2048,32,29,11,1,ikj,0.159291,210.6486368,2.384185791e-07,0,true,64,64,20260814
128,64,2048,32,29,11,2,pace_fullk,0.147463,227.5447536,0,0,true,64,64,20260814
128,64,2048,32,29,12,0,ikj,0.159511,210.358107,2.384185791e-07,0,true,64,64,20260814
128,64,2048,32,29,12,1,pace_fullk,0.147593,227.344332,0,0,true,64,64,20260814
128,64,2048,32,29,12,2,kij,0.15898,211.060712,2.384185791e-07,0,true,64,64,20260814
128,64,2048,32,29,13,0,pace_fullk,0.147523,227.4522075,0,0,true,64,64,20260814
128,64,2048,32,29,13,1,ikj,0.159381,210.5296867,2.384185791e-07,0,true,64,64,20260814
128,64,2048,32,29,13,2,kij,0.159091,210.913452,2.384185791e-07,0,true,64,64,20260814
128,64,2048,32,29,14,0,pace_fullk,0.147423,227.6064929,0,0,true,64,64,20260814
128,64,2048,32,29,14,1,ikj,0.159281,210.6618617,2.384185791e-07,0,true,64,64,20260814
128,64,2048,32,29,14,2,kij,0.159241,210.7147782,2.384185791e-07,0,true,64,64,20260814
128,64,2048,32,29,15,0,kij,0.159221,210.7412464,2.384185791e-07,0,true,64,64,20260814
128,64,2048,32,29,15,1,ikj,0.15907,210.9412963,2.384185791e-07,0,true,64,64,20260814
128,64,2048,32,29,15,2,pace_fullk,0.147914,226.8509539,0,0,true,64,64,20260814
128,64,2048,32,29,16,0,ikj,0.159201,210.7677213,2.384185791e-07,0,true,64,64,20260814
128,64,2048,32,29,16,1,pace_fullk,0.149827,223.9545075,0,0,true,64,64,20260814
128,64,2048,32,29,16,2,kij,0.159391,210.5164783,2.384185791e-07,0,true,64,64,20260814
128,64,2048,32,29,17,0,pace_fullk,0.147623,227.2981311,0,0,true,64,64,20260814
128,64,2048,32,29,17,1,kij,0.159211,210.754483,2.384185791e-07,0,true,64,64,20260814
128,64,2048,32,29,17,2,ikj,0.15892,211.1403977,2.384185791e-07,0,true,64,64,20260814
128,64,2048,32,29,18,0,pace_fullk,0.147483,227.5138965,0,0,true,64,64,20260814
128,64,2048,32,29,18,1,kij,0.159121,210.8736873,2.384185791e-07,0,true,64,64,20260814
128,64,2048,32,29,18,2,ikj,0.168095,199.6158839,2.384185791e-07,0,true,64,64,20260814
128,64,2048,32,29,19,0,pace_fullk,0.147994,226.7283268,0,0,true,64,64,20260814
128,64,2048,32,29,19,1,kij,0.159472,210.4095515,2.384185791e-07,0,true,64,64,20260814
128,64,2048,32,29,19,2,ikj,0.15879,211.3132565,2.384185791e-07,0,true,64,64,20260814
128,64,2048,32,47,0,0,ikj,0.160222,209.4246233,2.384185791e-07,0,true,64,64,20260814
128,64,2048,32,47,0,1,kij,0.15868,211.4597429,2.384185791e-07,0,true,64,64,20260814
128,64,2048,32,47,0,2,pace_fullk,0.147854,226.9430113,0,0,true,64,64,20260814
128,64,2048,32,47,1,0,kij,0.159541,210.3185513,2.384185791e-07,0,true,64,64,20260814
128,64,2048,32,47,1,1,pace_fullk,0.147633,227.2827349,0,0,true,64,64,20260814
128,64,2048,32,47,1,2,ikj,0.159121,210.8736873,2.384185791e-07,0,true,64,64,20260814
128,64,2048,32,47,2,0,pace_fullk,0.147573,227.3751431,0,0,true,64,64,20260814
128,64,2048,32,47,2,1,kij,0.159111,210.8869406,2.384185791e-07,0,true,64,64,20260814
128,64,2048,32,47,2,2,ikj,0.160643,208.8757805,2.384185791e-07,0,true,64,64,20260814
128,64,2048,32,47,3,0,pace_fullk,0.147484,227.5123539,0,0,true,64,64,20260814
128,64,2048,32,47,3,1,ikj,0.159261,210.6883167,2.384185791e-07,0,true,64,64,20260814
128,64,2048,32,47,3,2,kij,0.15878,211.3265651,2.384185791e-07,0,true,64,64,20260814
128,64,2048,32,47,4,0,pace_fullk,0.152891,219.4663649,0,0,true,64,64,20260814
128,64,2048,32,47,4,1,ikj,0.159311,210.6221918,2.384185791e-07,0,true,64,64,20260814
128,64,2048,32,47,4,2,kij,0.159301,210.6354135,2.384185791e-07,0,true,64,64,20260814
128,64,2048,32,47,5,0,kij,0.166081,202.0365484,2.384185791e-07,0,true,64,64,20260814
128,64,2048,32,47,5,1,ikj,0.159161,210.820691,2.384185791e-07,0,true,64,64,20260814
128,64,2048,32,47,5,2,pace_fullk,0.148164,226.4681839,0,0,true,64,64,20260814
128,64,2048,32,47,6,0,pace_fullk,0.147653,227.2519488,0,0,true,64,64,20260814
128,64,2048,32,47,6,1,kij,0.160172,209.4899983,2.384185791e-07,0,true,64,64,20260814
128,64,2048,32,47,6,2,ikj,0.159672,210.1459993,2.384185791e-07,0,true,64,64,20260814
128,64,2048,32,47,7,0,kij,0.159191,210.7809612,2.384185791e-07,0,true,64,64,20260814
128,64,2048,32,47,7,1,ikj,0.15877,211.3398753,2.384185791e-07,0,true,64,64,20260814
128,64,2048,32,47,7,2,pace_fullk,0.147664,227.23502,0,0,true,64,64,20260814
128,64,2048,32,47,8,0,kij,0.15903,210.9943533,2.384185791e-07,0,true,64,64,20260814
128,64,2048,32,47,8,1,pace_fullk,0.147513,227.4676266,0,0,true,64,64,20260814
128,64,2048,32,47,8,2,ikj,0.159081,210.9267103,2.384185791e-07,0,true,64,64,20260814
128,64,2048,32,47,9,0,ikj,0.159241,210.7147782,2.384185791e-07,0,true,64,64,20260814
128,64,2048,32,47,9,1,pace_fullk,0.147473,227.529324,0,0,true,64,64,20260814
128,64,2048,32,47,9,2,kij,0.159431,210.4636614,2.384185791e-07,0,true,64,64,20260814
128,64,2048,32,47,10,0,kij,0.15908,210.9280362,2.384185791e-07,0,true,64,64,20260814
128,64,2048,32,47,10,1,ikj,0.159431,210.4636614,2.384185791e-07,0,true,64,64,20260814
128,64,2048,32,47,10,2,pace_fullk,0.148154,226.4834699,0,0,true,64,64,20260814
128,64,2048,32,47,11,0,kij,0.159882,209.8699791,2.384185791e-07,0,true,64,64,20260814
128,64,2048,32,47,11,1,pace_fullk,0.147373,227.6837141,0,0,true,64,64,20260814
128,64,2048,32,47,11,2,ikj,0.15872,211.4064516,2.384185791e-07,0,true,64,64,20260814
128,64,2048,32,47,12,0,ikj,0.167082,200.8261333,2.384185791e-07,0,true,64,64,20260814
128,64,2048,32,47,12,1,kij,0.159301,210.6354135,2.384185791e-07,0,true,64,64,20260814
128,64,2048,32,47,12,2,pace_fullk,0.147403,227.6373751,0,0,true,64,64,20260814
128,64,2048,32,47,13,0,ikj,0.15879,211.3132565,2.384185791e-07,0,true,64,64,20260814
128,64,2048,32,47,13,1,kij,0.159651,210.1736413,2.384185791e-07,0,true,64,64,20260814
128,64,2048,32,47,13,2,pace_fullk,0.147744,227.1119775,0,0,true,64,64,20260814
128,64,2048,32,47,14,0,pace_fullk,0.147433,227.5910549,0,0,true,64,64,20260814
128,64,2048,32,47,14,1,kij,0.160363,209.2404856,2.384185791e-07,0,true,64,64,20260814
128,64,2048,32,47,14,2,ikj,0.15897,211.0739888,2.384185791e-07,0,true,64,64,20260814
128,64,2048,32,47,15,0,kij,0.159301,210.6354135,2.384185791e-07,0,true,64,64,20260814
128,64,2048,32,47,15,1,ikj,0.159391,210.5164783,2.384185791e-07,0,true,64,64,20260814
128,64,2048,32,47,15,2,pace_fullk,0.148374,226.1476539,0,0,true,64,64,20260814
128,64,2048,32,47,16,0,kij,0.160152,209.5161596,2.384185791e-07,0,true,64,64,20260814
128,64,2048,32,47,16,1,pace_fullk,0.147293,227.8073771,0,0,true,64,64,20260814
128,64,2048,32,47,16,2,ikj,0.159411,210.4900666,2.384185791e-07,0,true,64,64,20260814
128,64,2048,32,47,17,0,pace_fullk,0.147693,227.1904017,0,0,true,64,64,20260814
128,64,2048,32,47,17,1,ikj,0.159962,209.7650192,2.384185791e-07,0,true,64,64,20260814
128,64,2048,32,47,17,2,kij,0.15918,210.7955271,2.384185791e-07,0,true,64,64,20260814
128,64,2048,32,47,18,0,kij,0.159171,210.8074461,2.384185791e-07,0,true,64,64,20260814
128,64,2048,32,47,18,1,ikj,0.15896,211.0872672,2.384185791e-07,0,true,64,64,20260814
128,64,2048,32,47,18,2,pace_fullk,0.147803,227.0213189,0,0,true,64,64,20260814
128,64,2048,32,47,19,0,ikj,0.158891,211.178934,2.384185791e-07,0,true,64,64,20260814
128,64,2048,32,47,19,1,kij,0.159271,210.6750884,2.384185791e-07,0,true,64,64,20260814
128,64,2048,32,47,19,2,pace_fullk,0.147534,227.4352488,0,0,true,64,64,20260814
128,64,8192,32,11,0,0,pace_fullk,0.591164,227.0397521,0,0,true,64,64,20260814
128,64,8192,32,11,0,1,ikj,0.643233,208.6611352,2.384185791e-07,0,true,64,64,20260814
128,64,8192,32,11,0,2,kij,0.640188,209.6536143,2.384185791e-07,0,true,64,64,20260814
128,64,8192,32,11,1,0,pace_fullk,0.5948,225.6518628,0,0,true,64,64,20260814
128,64,8192,32,11,1,1,ikj,0.641971,209.0713257,2.384185791e-07,0,true,64,64,20260814
128,64,8192,32,11,1,2,kij,0.639256,209.9592777,2.384185791e-07,0,true,64,64,20260814
128,64,8192,32,11,2,0,ikj,0.644625,208.2105534,2.384185791e-07,0,true,64,64,20260814
128,64,8192,32,11,2,1,pace_fullk,0.594619,225.7205505,0,0,true,64,64,20260814
128,64,8192,32,11,2,2,kij,0.642081,209.035508,2.384185791e-07,0,true,64,64,20260814
128,64,8192,32,11,3,0,kij,0.645055,208.0717582,2.384185791e-07,0,true,64,64,20260814
128,64,8192,32,11,3,1,ikj,0.639597,209.8473382,2.384185791e-07,0,true,64,64,20260814
128,64,8192,32,11,3,2,pace_fullk,0.594389,225.8078935,0,0,true,64,64,20260814
128,64,8192,32,11,4,0,pace_fullk,0.591144,227.0474335,0,0,true,64,64,20260814
128,64,8192,32,11,4,1,ikj,0.642692,208.8367803,2.384185791e-07,0,true,64,64,20260814
128,64,8192,32,11,4,2,kij,0.638025,210.3643713,2.384185791e-07,0,true,64,64,20260814
128,64,8192,32,11,5,0,pace_fullk,0.600799,223.3987207,0,0,true,64,64,20260814
128,64,8192,32,11,5,1,ikj,0.643824,208.4695942,2.384185791e-07,0,true,64,64,20260814
128,64,8192,32,11,5,2,kij,0.640328,209.607776,2.384185791e-07,0,true,64,64,20260814
128,64,8192,32,11,6,0,ikj,0.638255,210.2885649,2.384185791e-07,0,true,64,64,20260814
128,64,8192,32,11,6,1,pace_fullk,0.59481,225.6480691,0,0,true,64,64,20260814
128,64,8192,32,11,6,2,kij,0.640488,209.555414,2.384185791e-07,0,true,64,64,20260814
128,64,8192,32,11,7,0,pace_fullk,0.592456,226.5446345,0,0,true,64,64,20260814
128,64,8192,32,11,7,1,ikj,0.642092,209.0319269,2.384185791e-07,0,true,64,64,20260814
128,64,8192,32,11,7,2,kij,0.639377,209.9195436,2.384185791e-07,0,true,64,64,20260814
128,64,8192,32,11,8,0,ikj,0.646117,207.7297579,2.384185791e-07,0,true,64,64,20260814
128,64,8192,32,11,8,1,pace_fullk,0.595231,225.4884709,0,0,true,64,64,20260814
128,64,8192,32,11,8,2,kij,0.657785,204.0449813,2.384185791e-07,0,true,64,64,20260814
128,64,8192,32,11,9,0,pace_fullk,0.592796,226.4146992,0,0,true,64,64,20260814
128,64,8192,32,11,9,1,ikj,0.64159,209.19548,2.384185791e-07,0,true,64,64,20260814
128,64,8192,32,11,9,2,kij,0.639707,209.8112542,2.384185791e-07,0,true,64,64,20260814
128,64,8192,32,11,10,0,ikj,0.64146,209.2378761,2.384185791e-07,0,true,64,64,20260814
128,64,8192,32,11,10,1,pace_fullk,0.59489,225.6177243,0,0,true,64,64,20260814
128,64,8192,32,11,10,2,kij,0.642332,208.9538245,2.384185791e-07,0,true,64,64,20260814
128,64,8192,32,11,11,0,kij,0.643363,208.6189725,2.384185791e-07,0,true,64,64,20260814
128,64,8192,32,11,11,1,ikj,0.638846,210.0940258,2.384185791e-07,0,true,64,64,20260814
128,64,8192,32,11,11,2,pace_fullk,0.59503,225.5646404,0,0,true,64,64,20260814
128,64,8192,32,11,12,0,ikj,0.642662,208.846529,2.384185791e-07,0,true,64,64,20260814
128,64,8192,32,11,12,1,pace_fullk,0.593878,226.002189,0,0,true,64,64,20260814
128,64,8192,32,11,12,2,kij,0.641129,209.3459007,2.384185791e-07,0,true,64,64,20260814
128,64,8192,32,11,13,0,pace_fullk,0.592306,226.6020064,0,0,true,64,64,20260814
128,64,8192,32,11,13,1,kij,0.64149,209.2280909,2.384185791e-07,0,true,64,64,20260814
128,64,8192,32,11,13,2,ikj,0.639147,209.9950841,2.384185791e-07,0,true,64,64,20260814
128,64,8192,32,11,14,0,pace_fullk,0.598535,224.2437418,0,0,true,64,64,20260814
128,64,8192,32,11,14,1,kij,0.642943,208.755252,2.384185791e-07,0,true,64,64,20260814
128,64,8192,32,11,14,2,ikj,0.638445,210.2259834,2.384185791e-07,0,true,64,64,20260814
128,64,8192,32,11,15,0,kij,0.638295,210.2753868,2.384185791e-07,0,true,64,64,20260814
128,64,8192,32,11,15,1,pace_fullk,0.59541,225.4206815,0,0,true,64,64,20260814
128,64,8192,32,11,15,2,ikj,0.64134,209.2770262,2.384185791e-07,0,true,64,64,20260814
128,64,8192,32,11,16,0,pace_fullk,0.591825,226.786175,0,0,true,64,64,20260814
128,64,8192,32,11,16,1,ikj,0.642121,209.0224864,2.384185791e-07,0,true,64,64,20260814
128,64,8192,32,11,16,2,kij,0.638826,210.1006033,2.384185791e-07,0,true,64,64,20260814
128,64,8192,32,11,17,0,kij,0.647429,207.3087983,2.384185791e-07,0,true,64,64,20260814
128,64,8192,32,11,17,1,pace_fullk,0.593607,226.105366,0,0,true,64,64,20260814
128,64,8192,32,11,17,2,ikj,0.642031,209.0517872,2.384185791e-07,0,true,64,64,20260814
128,64,8192,32,11,18,0,ikj,0.641831,209.1169295,2.384185791e-07,0,true,64,64,20260814
128,64,8192,32,11,18,1,pace_fullk,0.594328,225.8310697,0,0,true,64,64,20260814
128,64,8192,32,11,18,2,kij,0.643012,208.732851,2.384185791e-07,0,true,64,64,20260814
128,64,8192,32,11,19,0,ikj,0.637515,210.5326588,2.384185791e-07,0,true,64,64,20260814
128,64,8192,32,11,19,1,pace_fullk,0.593537,226.1320322,0,0,true,64,64,20260814
128,64,8192,32,11,19,2,kij,0.64145,209.241138,2.384185791e-07,0,true,64,64,20260814
128,64,8192,32,29,0,0,kij,0.639357,209.9261101,2.384185791e-07,0,true,64,64,20260814
128,64,8192,32,29,0,1,pace_fullk,0.598155,224.3862009,0,0,true,64,64,20260814
128,64,8192,32,29,0,2,ikj,0.64125,209.3063984,2.384185791e-07,0,true,64,64,20260814
128,64,8192,32,29,1,0,ikj,0.647258,207.3635675,2.384185791e-07,0,true,64,64,20260814
128,64,8192,32,29,1,1,pace_fullk,0.593487,226.1510833,0,0,true,64,64,20260814
128,64,8192,32,29,1,2,kij,0.64167,209.1693986,2.384185791e-07,0,true,64,64,20260814
128,64,8192,32,29,2,0,kij,0.639928,209.7387956,2.384185791e-07,0,true,64,64,20260814
128,64,8192,32,29,2,1,pace_fullk,0.594479,225.7737077,0,0,true,64,64,20260814
128,64,8192,32,29,2,2,ikj,0.641811,209.123446,2.384185791e-07,0,true,64,64,20260814
128,64,8192,32,29,3,0,ikj,0.638665,210.1535672,2.384185791e-07,0,true,64,64,20260814
128,64,8192,32,29,3,1,kij,0.639266,209.9559933,2.384185791e-07,0,true,64,64,20260814
128,64,8192,32,29,3,2,pace_fullk,0.594178,225.8880807,0,0,true,64,64,20260814
128,64,8192,32,29,4,0,ikj,0.647029,207.4369588,2.384185791e-07,0,true,64,64,20260814
128,64,8192,32,29,4,1,kij,0.640028,209.7060254,2.384185791e-07,0,true,64,64,20260814
128,64,8192,32,29,4,2,pace_fullk,0.593517,226.1396523,0,0,true,64,64,20260814
128,64,8192,32,29,5,0,pace_fullk,0.591935,226.744031,0,0,true,64,64,20260814
128,64,8192,32,29,5,1,kij,0.644074,208.3886758,2.384185791e-07,0,true,64,64,20260814
128,64,8192,32,29,5,2,ikj,0.638896,210.0775838,2.384185791e-07,0,true,64,64,20260814
128,64,8192,32,29,6,0,pace_fullk,0.592476,226.5369872,0,0,true,64,64,20260814
128,64,8192,32,29,6,1,kij,0.640208,209.6470647,2.384185791e-07,0,true,64,64,20260814
128,64,8192,32,29,6,2,ikj,0.638455,210.2226907,2.384185791e-07,0,true,64,64,20260814
128,64,8192,32,29,7,0,pace_fullk,0.599287,223.9623553,0,0,true,64,64,20260814
128,64,8192,32,29,7,1,kij,0.642352,208.9473186,2.384185791e-07,0,true,64,64,20260814
128,64,8192,32,29,7,2,ikj,0.640559,209.5321867,2.384185791e-07,0,true,64,64,20260814
128,64,8192,32,29,8,0,pace_fullk,0.598656,224.1984178,0,0,true,64,64,20260814
128,64,8192,32,29,8,1,ikj,0.641741,209.1462568,2.384185791e-07,0,true,64,64,20260814
128,64,8192,32,29,8,2,kij,0.639067,210.0213718,2.384185791e-07,0,true,64,64,20260814
128,64,8192,32,29,9,0,pace_fullk,0.593708,226.0669016,0,0,true,64,64,20260814
128,64,8192,32,29,9,1,kij,0.640118,209.6765409,2.384185791e-07,0,true,64,64,20260814
128,64,8192,32,29,9,2,ikj,0.640188,209.6536143,2.384185791e-07,0,true,64,64,20260814
128,64,8192,32,29,10,0,pace_fullk,0.602982,222.5899413,0,0,true,64,64,20260814
128,64,8192,32,29,10,1,kij,0.640619,209.5125621,2.384185791e-07,0,true,64,64,20260814
128,64,8192,32,29,10,2,ikj,0.639407,209.9096945,2.384185791e-07,0,true,64,64,20260814
128,64,8192,32,29,11,0,pace_fullk,0.593177,226.2692721,0,0,true,64,64,20260814
128,64,8192,32,29,11,1,ikj,0.639457,209.8932813,2.384185791e-07,0,true,64,64,20260814
128,64,8192,32,29,11,2,kij,0.639908,209.7453509,2.384185791e-07,0,true,64,64,20260814
128,64,8192,32,29,12,0,ikj,0.642792,208.8042913,2.384185791e-07,0,true,64,64,20260814
128,64,8192,32,29,12,1,pace_fullk,0.594839,225.6370682,0,0,true,64,64,20260814
128,64,8192,32,29,12,2,kij,0.640138,209.6699899,2.384185791e-07,0,true,64,64,20260814
128,64,8192,32,29,13,0,pace_fullk,0.597214,224.7397549,0,0,true,64,64,20260814
128,64,8192,32,29,13,1,kij,0.64814,207.0813837,2.384185791e-07,0,true,64,64,20260814
128,64,8192,32,29,13,2,ikj,0.64746,207.2988725,2.384185791e-07,0,true,64,64,20260814
128,64,8192,32,29,14,0,pace_fullk,0.593928,225.9831629,0,0,true,64,64,20260814
128,64,8192,32,29,14,1,ikj,0.641861,209.1071556,2.384185791e-07,0,true,64,64,20260814
128,64,8192,32,29,14,2,kij,0.639918,209.7420732,2.384185791e-07,0,true,64,64,20260814
128,64,8192,32,29,15,0,kij,0.640188,209.6536143,2.384185791e-07,0,true,64,64,20260814
128,64,8192,32,29,15,1,pace_fullk,0.59522,225.492638,0,0,true,64,64,20260814
128,64,8192,32,29,15,2,ikj,0.643213,208.6676233,2.384185791e-07,0,true,64,64,20260814
128,64,8192,32,29,16,0,kij,0.644525,208.2428579,2.384185791e-07,0,true,64,64,20260814
128,64,8192,32,29,16,1,ikj,0.640078,209.6896441,2.384185791e-07,0,true,64,64,20260814
128,64,8192,32,29,16,2,pace_fullk,0.599907,223.7308916,0,0,true,64,64,20260814
128,64,8192,32,29,17,0,ikj,0.640769,209.4635165,2.384185791e-07,0,true,64,64,20260814
128,64,8192,32,29,17,1,kij,0.639547,209.8637442,2.384185791e-07,0,true,64,64,20260814
128,64,8192,32,29,17,2,pace_fullk,0.594229,225.8686937,0,0,true,64,64,20260814
128,64,8192,32,29,18,0,ikj,0.640879,209.4275643,2.384185791e-07,0,true,64,64,20260814
128,64,8192,32,29,18,1,kij,0.639067,210.0213718,2.384185791e-07,0,true,64,64,20260814
128,64,8192,32,29,18,2,pace_fullk,0.593548,226.1278414,0,0,true,64,64,20260814
128,64,8192,32,29,19,0,pace_fullk,0.602862,222.634248,0,0,true,64,64,20260814
128,64,8192,32,29,19,1,ikj,0.641751,209.1429978,2.384185791e-07,0,true,64,64,20260814
128,64,8192,32,29,19,2,kij,0.647269,207.3600435,2.384185791e-07,0,true,64,64,20260814
128,64,8192,32,47,0,0,kij,0.647379,207.3248097,2.384185791e-07,0,true,64,64,20260814
128,64,8192,32,47,0,1,ikj,0.639447,209.8965637,2.384185791e-07,0,true,64,64,20260814
128,64,8192,32,47,0,2,pace_fullk,0.594319,225.8344896,0,0,true,64,64,20260814
128,64,8192,32,47,1,0,kij,0.642522,208.8920348,2.384185791e-07,0,true,64,64,20260814
128,64,8192,32,47,1,1,ikj,0.64111,209.3521049,2.384185791e-07,0,true,64,64,20260814
128,64,8192,32,47,1,2,pace_fullk,0.594149,225.8991061,0,0,true,64,64,20260814
128,64,8192,32,47,2,0,ikj,0.64145,209.241138,2.384185791e-07,0,true,64,64,20260814
128,64,8192,32,47,2,1,kij,0.638977,210.0509533,2.384185791e-07,0,true,64,64,20260814
128,64,8192,32,47,2,2,pace_fullk,0.593658,226.0859417,0,0,true,64,64,20260814
128,64,8192,32,47,3,0,pace_fullk,0.601429,223.1647094,0,0,true,64,64,20260814
128,64,8192,32,47,3,1,kij,0.646568,207.5848604,2.384185791e-07,0,true,64,64,20260814
128,64,8192,32,47,3,2,ikj,0.638596,210.1762742,2.384185791e-07,0,true,64,64,20260814
128,64,8192,32,47,4,0,ikj,0.639237,209.9655183,2.384185791e-07,0,true,64,64,20260814
128,64,8192,32,47,4,1,kij,0.639207,209.9753726,2.384185791e-07,0,true,64,64,20260814
128,64,8192,32,47,4,2,pace_fullk,0.596863,224.8719187,0,0,true,64,64,20260814
128,64,8192,32,47,5,0,pace_fullk,0.591094,227.0666391,0,0,true,64,64,20260814
128,64,8192,32,47,5,1,kij,0.642572,208.8757805,2.384185791e-07,0,true,64,64,20260814
128,64,8192,32,47,5,2,ikj,0.639648,209.8306068,2.384185791e-07,0,true,64,64,20260814
128,64,8192,32,47,6,0,kij,0.645306,207.9908261,2.384185791e-07,0,true,64,64,20260814
128,64,8192,32,47,6,1,pace_fullk,0.593969,225.967564,0,0,true,64,64,20260814
128,64,8192,32,47,6,2,ikj,0.64145,209.241138,2.384185791e-07,0,true,64,64,20260814
128,64,8192,32,47,7,0,pace_fullk,0.592136,226.667063,0,0,true,64,64,20260814
128,64,8192,32,47,7,1,ikj,0.640099,209.6827647,2.384185791e-07,0,true,64,64,20260814
128,64,8192,32,47,7,2,kij,0.639567,209.8571815,2.384185791e-07,0,true,64,64,20260814
128,64,8192,32,47,8,0,kij,0.638526,210.1993153,2.384185791e-07,0,true,64,64,20260814
128,64,8192,32,47,8,1,ikj,0.638285,210.2786812,2.384185791e-07,0,true,64,64,20260814
128,64,8192,32,47,8,2,pace_fullk,0.596132,225.1476653,0,0,true,64,64,20260814
128,64,8192,32,47,9,0,kij,0.644014,208.4080905,2.384185791e-07,0,true,64,64,20260814
128,64,8192,32,47,9,1,pace_fullk,0.593267,226.2349465,0,0,true,64,64,20260814
128,64,8192,32,47,9,2,ikj,0.6477,207.2220596,2.384185791e-07,0,true,64,64,20260814
128,64,8192,32,47,10,0,ikj,0.639187,209.9819427,2.384185791e-07,0,true,64,64,20260814
128,64,8192,32,47,10,1,kij,0.637674,210.4801638,2.384185791e-07,0,true,64,64,20260814
128,64,8192,32,47,10,2,pace_fullk,0.59517,225.5115816,0,0,true,64,64,20260814
128,64,8192,32,47,11,0,kij,0.640719,209.4798625,2.384185791e-07,0,true,64,64,20260814
128,64,8192,32,47,11,1,pace_fullk,0.592356,226.5828792,0,0,true,64,64,20260814
128,64,8192,32,47,11,2,ikj,0.642472,208.9082917,2.384185791e-07,0,true,64,64,20260814
128,64,8192,32,47,12,0,kij,0.645496,207.9296045,2.384185791e-07,0,true,64,64,20260814
128,64,8192,32,47,12,1,ikj,0.639187,209.9819427,2.384185791e-07,0,true,64,64,20260814
128,64,8192,32,47,12,2,pace_fullk,0.602431,222.7935282,0,0,true,64,64,20260814
128,64,8192,32,47,13,0,kij,0.640188,209.6536143,2.384185791e-07,0,true,64,64,20260814
128,64,8192,32,47,13,1,pace_fullk,0.591845,226.7785113,0,0,true,64,64,20260814
128,64,8192,32,47,13,2,ikj,0.642812,208.7977947,2.384185791e-07,0,true,64,64,20260814
128,64,8192,32,47,14,0,kij,0.640709,209.483132,2.384185791e-07,0,true,64,64,20260814
128,64,8192,32,47,14,1,ikj,0.640209,209.6467372,2.384185791e-07,0,true,64,64,20260814
128,64,8192,32,47,14,2,pace_fullk,0.599126,224.0225395,0,0,true,64,64,20260814
128,64,8192,32,47,15,0,ikj,0.648541,206.953343,2.384185791e-07,0,true,64,64,20260814
128,64,8192,32,47,15,1,pace_fullk,0.592777,226.4219563,0,0,true,64,64,20260814
128,64,8192,32,47,15,2,kij,0.669313,200.5305858,2.384185791e-07,0,true,64,64,20260814
128,64,8192,32,47,16,0,pace_fullk,0.592205,226.6406532,0,0,true,64,64,20260814
128,64,8192,32,47,16,1,kij,0.64132,209.2835527,2.384185791e-07,0,true,64,64,20260814
128,64,8192,32,47,16,2,ikj,0.639998,209.7158554,2.384185791e-07,0,true,64,64,20260814
128,64,8192,32,47,17,0,pace_fullk,0.59498,225.5835961,0,0,true,64,64,20260814
128,64,8192,32,47,17,1,kij,0.64135,209.2737632,2.384185791e-07,0,true,64,64,20260814
128,64,8192,32,47,17,2,ikj,0.638636,210.1631101,2.384185791e-07,0,true,64,64,20260814
128,64,8192,32,47,18,0,pace_fullk,0.612807,219.0212057,0,0,true,64,64,20260814
128,64,8192,32,47,18,1,ikj,0.642151,209.0127213,2.384185791e-07,0,true,64,64,20260814
128,64,8192,32,47,18,2,kij,0.651896,205.8882521,2.384185791e-07,0,true,64,64,20260814
128,64,8192,32,47,19,0,kij,0.638626,210.166401,2.384185791e-07,0,true,64,64,20260814
128,64,8192,32,47,19,1,pace_fullk,0.59527,225.4736976,0,0,true,64,64,20260814
128,64,8192,32,47,19,2,ikj,0.640899,209.4210289,2.384185791e-07,0,true,64,64,20260814
128,64,16384,32,11,0,0,ikj,1.287327,208.5215769,2.384185791e-07,0,true,64,64,20260814
128,64,16384,32,11,0,1,kij,1.291523,207.8441158,2.384185791e-07,0,true,64,64,20260814
128,64,16384,32,11,0,2,pace_fullk,1.212734,221.347349,0,0,true,64,64,20260814
128,64,16384,32,11,1,0,kij,1.292454,207.6943984,2.384185791e-07,0,true,64,64,20260814
128,64,16384,32,11,1,1,ikj,1.28273,209.2688687,2.384185791e-07,0,true,64,64,20260814
128,64,16384,32,11,1,2,pace_fullk,1.20324,223.0938599,0,0,true,64,64,20260814
128,64,16384,32,11,2,0,kij,1.293076,207.5944925,2.384185791e-07,0,true,64,64,20260814
128,64,16384,32,11,2,1,pace_fullk,1.195648,224.5104379,0,0,true,64,64,20260814
128,64,16384,32,11,2,2,ikj,1.290541,208.0022688,2.384185791e-07,0,true,64,64,20260814
128,64,16384,32,11,3,0,pace_fullk,1.199944,223.706653,0,0,true,64,64,20260814
128,64,16384,32,11,3,1,ikj,1.301969,206.1765342,2.384185791e-07,0,true,64,64,20260814
128,64,16384,32,11,3,2,kij,1.307698,205.2732787,2.384185791e-07,0,true,64,64,20260814
128,64,16384,32,11,4,0,ikj,1.282039,209.3816616,2.384185791e-07,0,true,64,64,20260814
128,64,16384,32,11,4,1,kij,1.2826,209.2900795,2.384185791e-07,0,true,64,64,20260814
128,64,16384,32,11,4,2,pace_fullk,1.206925,222.4127067,0,0,true,64,64,20260814
128,64,16384,32,11,5,0,kij,1.292254,207.7265429,2.384185791e-07,0,true,64,64,20260814
128,64,16384,32,11,5,1,ikj,1.285274,208.8546536,2.384185791e-07,0,true,64,64,20260814
128,64,16384,32,11,5,2,pace_fullk,1.200676,223.5702687,0,0,true,64,64,20260814
128,64,16384,32,11,6,0,pace_fullk,1.196359,224.3770106,0,0,true,64,64,20260814
128,64,16384,32,11,6,1,kij,1.303351,205.9579162,2.384185791e-07,0,true,64,64,20260814
128,64,16384,32,11,6,2,ikj,1.291934,207.7779949,2.384185791e-07,0,true,64,64,20260814
128,64,16384,32,11,7,0,ikj,1.284192,209.0306247,2.384185791e-07,0,true,64,64,20260814
128,64,16384,32,11,7,1,pace_fullk,1.201627,223.3933292,0,0,true,64,64,20260814
128,64,16384,32,11,7,2,kij,1.291984,207.7699538,2.384185791e-07,0,true,64,64,20260814
128,64,16384,32,11,8,0,kij,1.284953,208.9068285,2.384185791e-07,0,true,64,64,20260814
128,64,16384,32,11,8,1,ikj,1.283481,209.1464198,2.384185791e-07,0,true,64,64,20260814
128,64,16384,32,11,8,2,pace_fullk,1.205603,222.6565926,0,0,true,64,64,20260814
128,64,16384,32,11,9,0,ikj,1.299155,206.6231173,2.384185791e-07,0,true,64,64,20260814
128,64,16384,32,11,9,1,kij,1.287678,208.4647373,2.384185791e-07,0,true,64,64,20260814
128,64,16384,32,11,9,2,pace_fullk,1.206425,222.5048851,0,0,true,64,64,20260814
128,64,16384,32,11,10,0,ikj,1.290992,207.9296045,2.384185791e-07,0,true,64,64,20260814
128,64,16384,32,11,10,1,pace_fullk,1.194617,224.7041989,0,0,true,64,64,20260814
128,64,16384,32,11,10,2,kij,1.291533,207.8425065,2.384185791e-07,0,true,64,64,20260814
128,64,16384,32,11,11,0,kij,1.282199,209.3555337,2.384185791e-07,0,true,64,64,20260814
128,64,16384,32,11,11,1,ikj,1.28296,209.2313525,2.384185791e-07,0,true,64,64,20260814
128,64,16384,32,11,11,2,pace_fullk,1.20353,223.0401037,0,0,true,64,64,20260814
128,64,16384,32,11,12,0,ikj,1.301178,206.3018711,2.384185791e-07,0,true,64,64,20260814
128,64,16384,32,11,12,1,pace_fullk,1.20343,223.0586374,0,0,true,64,64,20260814
128,64,16384,32,11,12,2,kij,1.295729,207.1694436,2.384185791e-07,0,true,64,64,20260814
128,64,16384,32,11,13,0,ikj,1.292856,207.629818,2.384185791e-07,0,true,64,64,20260814
128,64,16384,32,11,13,1,kij,1.283711,209.1089474,2.384185791e-07,0,true,64,64,20260814
128,64,16384,32,11,13,2,pace_fullk,1.2033,223.0827358,0,0,true,64,64,20260814
128,64,16384,32,11,14,0,kij,1.290782,207.963433,2.384185791e-07,0,true,64,64,20260814
128,64,16384,32,11,14,1,pace_fullk,1.194647,224.6985561,0,0,true,64,64,20260814
128,64,16384,32,11,14,2,ikj,1.292445,207.6958447,2.384185791e-07,0,true,64,64,20260814
128,64,16384,32,11,15,0,pace_fullk,1.201367,223.441676,0,0,true,64,64,20260814
128,64,16384,32,11,15,1,kij,1.300517,206.4067259,2.384185791e-07,0,true,64,64,20260814
128,64,16384,32,11,15,2,ikj,1.287567,208.4827089,2.384185791e-07,0,true,64,64,20260814
128,64,16384,32,11,16,0,ikj,1.295079,207.2734219,2.384185791e-07,0,true,64,64,20260814
128,64,16384,32,11,16,1,pace_fullk,1.201377,223.4398161,0,0,true,64,64,20260814
128,64,16384,32,11,16,2,kij,1.288969,208.2559441,2.384185791e-07,0,true,64,64,20260814
128,64,16384,32,11,17,0,kij,1.28318,209.19548,2.384185791e-07,0,true,64,64,20260814
128,64,16384,32,11,17,1,pace_fullk,1.199885,223.7176529,0,0,true,64,64,20260814
128,64,16384,32,11,17,2,ikj,1.300657,206.3845088,2.384185791e-07,0,true,64,64,20260814
128,64,16384,32,11,18,0,pace_fullk,1.196409,224.3676335,0,0,true,64,64,20260814
128,64,16384,32,11,18,1,kij,1.301298,206.2828468,2.384185791e-07,0,true,64,64,20260814
128,64,16384,32,11,18,2,ikj,1.291443,207.856991,2.384185791e-07,0,true,64,64,20260814
128,64,16384,32,11,19,0,kij,1.290251,208.0490199,2.384185791e-07,0,true,64,64,20260814
128,64,16384,32,11,19,1,pace_fullk,1.20303,223.132803,0,0,true,64,64,20260814
128,64,16384,32,11,19,2,ikj,1.290992,207.9296045,2.384185791e-07,0,true,64,64,20260814
128,64,16384,32,29,0,0,pace_fullk,1.196129,224.4201554,0,0,true,64,64,20260814
128,64,16384,32,29,0,1,ikj,1.294408,207.3808691,2.384185791e-07,0,true,64,64,20260814
128,64,16384,32,29,0,2,kij,1.285545,208.8106258,2.384185791e-07,0,true,64,64,20260814
128,64,16384,32,29,1,0,kij,1.283632,209.1218168,2.384185791e-07,0,true,64,64,20260814
128,64,16384,32,29,1,1,pace_fullk,1.205483,222.678757,0,0,true,64,64,20260814
128,64,16384,32,29,1,2,ikj,1.296261,207.084419,2.384185791e-07,0,true,64,64,20260814
128,64,16384,32,29,2,0,kij,1.28987,208.1104731,2.384185791e-07,0,true,64,64,20260814
128,64,16384,32,29,2,1,ikj,1.292615,207.6685293,2.384185791e-07,0,true,64,64,20260814
128,64,16384,32,29,2,2,pace_fullk,1.204882,222.78983,0,0,true,64,64,20260814
128,64,16384,32,29,3,0,pace_fullk,1.191462,225.2992173,0,0,true,64,64,20260814
128,64,16384,32,29,3,1,kij,1.302009,206.1702001,2.384185791e-07,0,true,64,64,20260814
128,64,16384,32,29,3,2,ikj,1.286155,208.7115907,2.384185791e-07,0,true,64,64,20260814
128,64,16384,32,29,4,0,pace_fullk,1.197881,224.0919223,0,0,true,64,64,20260814
128,64,16384,32,29,4,1,kij,1.292415,207.7006658,2.384185791e-07,0,true,64,64,20260814
128,64,16384,32,29,4,2,ikj,1.289771,208.1264473,2.384185791e-07,0,true,64,64,20260814
128,64,16384,32,29,5,0,ikj,1.286616,208.6368085,2.384185791e-07,0,true,64,64,20260814
128,64,16384,32,29,5,1,pace_fullk,1.21033,221.7869969,0,0,true,64,64,20260814
128,64,16384,32,29,5,2,kij,1.291634,207.8262542,2.384185791e-07,0,true,64,64,20260814
128,64,16384,32,29,6,0,ikj,1.281408,209.4847668,2.384185791e-07,0,true,64,64,20260814
128,64,16384,32,29,6,1,pace_fullk,1.201067,223.4974868,0,0,true,64,64,20260814
128,64,16384,32,29,6,2,kij,1.303061,206.0037527,2.384185791e-07,0,true,64,64,20260814
128,64,16384,32,29,7,0,ikj,1.285294,208.8514036,2.384185791e-07,0,true,64,64,20260814
128,64,16384,32,29,7,1,pace_fullk,1.198522,223.9720723,0,0,true,64,64,20260814
128,64,16384,32,29,7,2,kij,1.298964,206.6534993,2.384185791e-07,0,true,64,64,20260814
128,64,16384,32,29,8,0,pace_fullk,1.200706,223.5646828,0,0,true,64,64,20260814
128,64,16384,32,29,8,1,kij,1.323331,202.8483093,2.384185791e-07,0,true,64,64,20260814
128,64,16384,32,29,8,2,ikj,1.285685,208.7878882,2.384185791e-07,0,true,64,64,20260814
128,64,16384,32,29,9,0,kij,1.281918,209.4014251,2.384185791e-07,0,true,64,64,20260814
128,64,16384,32,29,9,1,pace_fullk,1.204401,222.8788053,0,0,true,64,64,20260814
128,64,16384,32,29,9,2,ikj,1.291773,207.8038912,2.384185791e-07,0,true,64,64,20260814
128,64,16384,32,29,10,0,ikj,1.284112,209.0436473,2.384185791e-07,0,true,64,64,20260814
128,64,16384,32,29,10,1,pace_fullk,1.201026,223.5051165,0,0,true,64,64,20260814
128,64,16384,32,29,10,2,kij,1.297953,206.8144655,2.384185791e-07,0,true,64,64,20260814
128,64,16384,32,29,11,0,ikj,1.294768,207.3232085,2.384185791e-07,0,true,64,64,20260814
128,64,16384,32,29,11,1,kij,1.291202,207.895787,2.384185791e-07,0,true,64,64,20260814
128,64,16384,32,29,11,2,pace_fullk,1.205673,222.6436654,0,0,true,64,64,20260814
128,64,16384,32,29,12,0,pace_fullk,1.191632,225.2670757,0,0,true,64,64,20260814
128,64,16384,32,29,12,1,ikj,1.299585,206.5547509,2.384185791e-07,0,true,64,64,20260814
128,64,16384,32,29,12,2,kij,1.282951,209.2328203,2.384185791e-07,0,true,64,64,20260814
128,64,16384,32,29,13,0,pace_fullk,1.201397,223.4360965,0,0,true,64,64,20260814
128,64,16384,32,29,13,1,kij,1.293496,207.5270863,2.384185791e-07,0,true,64,64,20260814
128,64,16384,32,29,13,2,ikj,1.282159,209.3620651,2.384185791e-07,0,true,64,64,20260814
128,64,16384,32,29,14,0,pace_fullk,1.202358,223.2575123,0,0,true,64,64,20260814
128,64,16384,32,29,14,1,ikj,1.298554,206.7187472,2.384185791e-07,0,true,64,64,20260814
128,64,16384,32,29,14,2,kij,1.357713,197.7114869,2.384185791e-07,0,true,64,64,20260814
128,64,16384,32,29,15,0,kij,1.283731,209.1056896,2.384185791e-07,0,true,64,64,20260814
128,64,16384,32,29,15,1,ikj,1.280687,209.6027023,2.384185791e-07,0,true,64,64,20260814
128,64,16384,32,29,15,2,pace_fullk,1.208558,222.1121833,0,0,true,64,64,20260814
128,64,16384,32,29,16,0,kij,1.291473,207.8521626,2.384185791e-07,0,true,64,64,20260814
128,64,16384,32,29,16,1,pace_fullk,1.196249,224.397643,0,0,true,64,64,20260814
128,64,16384,32,29,16,2,ikj,1.301368,206.271751,2.384185791e-07,0,true,64,64,20260814
128,64,16384,32,29,17,0,kij,1.291253,207.8875759,2.384185791e-07,0,true,64,64,20260814
128,64,16384,32,29,17,1,pace_fullk,1.208097,222.1969395,0,0,true,64,64,20260814
128,64,16384,32,29,17,2,ikj,1.292154,207.7426189,2.384185791e-07,0,true,64,64,20260814
128,64,16384,32,29,18,0,ikj,1.284312,209.0110939,2.384185791e-07,0,true,64,64,20260814
128,64,16384,32,29,18,1,pace_fullk,1.199684,223.7551355,0,0,true,64,64,20260814
128,64,16384,32,29,18,2,kij,1.288488,208.3336872,2.384185791e-07,0,true,64,64,20260814
128,64,16384,32,29,19,0,pace_fullk,1.194888,224.6532361,0,0,true,64,64,20260814
128,64,16384,32,29,19,1,kij,1.294057,207.4371191,2.384185791e-07,0,true,64,64,20260814
128,64,16384,32,29,19,2,ikj,1.293266,207.5639938,2.384185791e-07,0,true,64,64,20260814
128,64,16384,32,47,0,0,kij,1.296711,207.0125541,2.384185791e-07,0,true,64,64,20260814
128,64,16384,32,47,0,1,pace_fullk,1.201307,223.452836,0,0,true,64,64,20260814
128,64,16384,32,47,0,2,ikj,1.303581,205.9215776,2.384185791e-07,0,true,64,64,20260814
128,64,16384,32,47,1,0,ikj,1.284142,209.0387636,2.384185791e-07,0,true,64,64,20260814
128,64,16384,32,47,1,1,kij,1.280166,209.6880061,2.384185791e-07,0,true,64,64,20260814
128,64,16384,32,47,1,2,pace_fullk,1.201117,223.4881831,0,0,true,64,64,20260814
128,64,16384,32,47,2,0,kij,1.292955,207.6139201,2.384185791e-07,0,true,64,64,20260814
128,64,16384,32,47,2,1,ikj,1.283231,209.1871658,2.384185791e-07,0,true,64,64,20260814
128,64,16384,32,47,2,2,pace_fullk,1.20348,223.0493702,0,0,true,64,64,20260814
128,64,16384,32,47,3,0,ikj,1.291853,207.7910227,2.384185791e-07,0,true,64,64,20260814
128,64,16384,32,47,3,1,pace_fullk,1.199094,223.8652316,0,0,true,64,64,20260814
128,64,16384,32,47,3,2,kij,1.300687,206.3797485,2.384185791e-07,0,true,64,64,20260814
128,64,16384,32,47,4,0,kij,1.28242,209.3194554,2.384185791e-07,0,true,64,64,20260814
128,64,16384,32,47,4,1,pace_fullk,1.197451,224.1723929,0,0,true,64,64,20260814
128,64,16384,32,47,4,2,ikj,1.294217,207.4114743,2.384185791e-07,0,true,64,64,20260814
128,64,16384,32,47,5,0,pace_fullk,1.195367,224.5632145,0,0,true,64,64,20260814
128,64,16384,32,47,5,1,ikj,1.292264,207.7249355,2.384185791e-07,0,true,64,64,20260814
128,64,16384,32,47,5,2,kij,1.284402,208.9964482,2.384185791e-07,0,true,64,64,20260814
128,64,16384,32,47,6,0,pace_fullk,1.199183,223.8486169,0,0,true,64,64,20260814
128,64,16384,32,47,6,1,kij,1.298834,206.6741832,2.384185791e-07,0,true,64,64,20260814
128,64,16384,32,47,6,2,ikj,1.290701,207.9764841,2.384185791e-07,0,true,64,64,20260814
128,64,16384,32,47,7,0,kij,1.285824,208.7653178,2.384185791e-07,0,true,64,64,20260814
128,64,16384,32,47,7,1,pace_fullk,1.204281,222.901014,0,0,true,64,64,20260814
128,64,16384,32,47,7,2,ikj,1.289851,208.1135387,2.384185791e-07,0,true,64,64,20260814
128,64,16384,32,47,8,0,kij,1.283882,209.0810962,2.384185791e-07,0,true,64,64,20260814
128,64,16384,32,47,8,1,ikj,1.28324,209.1856987,2.384185791e-07,0,true,64,64,20260814
128,64,16384,32,47,8,2,pace_fullk,1.204261,222.9047158,0,0,true,64,64,20260814
128,64,16384,32,47,9,0,kij,1.292314,207.7168985,2.384185791e-07,0,true,64,64,20260814
128,64,16384,32,47,9,1,pace_fullk,1.200396,223.6224179,0,0,true,64,64,20260814
128,64,16384,32,47,9,2,ikj,1.296431,207.0572641,2.384185791e-07,0,true,64,64,20260814
128,64,16384,32,47,10,0,kij,1.288288,208.36603,2.384185791e-07,0,true,64,64,20260814
128,64,16384,32,47,10,1,ikj,1.281718,209.4341002,2.384185791e-07,0,true,64,64,20260814
128,64,16384,32,47,10,2,pace_fullk,1.205233,222.724947,0,0,true,64,64,20260814
128,64,16384,32,47,11,0,kij,1.292355,207.7103087,2.384185791e-07,0,true,64,64,20260814
128,64,16384,32,47,11,1,pace_fullk,1.196009,224.4426723,0,0,true,64,64,20260814
128,64,16384,32,47,11,2,ikj,1.291724,207.811774,2.384185791e-07,0,true,64,64,20260814
128,64,16384,32,47,12,0,ikj,1.283201,209.1920564,2.384185791e-07,0,true,64,64,20260814
128,64,16384,32,47,12,1,pace_fullk,1.204562,222.8490157,0,0,true,64,64,20260814
128,64,16384,32,47,12,2,kij,1.299826,206.5164537,2.384185791e-07,0,true,64,64,20260814
128,64,16384,32,47,13,0,kij,1.337563,200.6899533,2.384185791e-07,0,true,64,64,20260814
128,64,16384,32,47,13,1,ikj,1.282189,209.3571665,2.384185791e-07,0,true,64,64,20260814
128,64,16384,32,47,13,2,pace_fullk,1.203631,223.0213878,0,0,true,64,64,20260814
128,64,16384,32,47,14,0,kij,1.291404,207.8632682,2.384185791e-07,0,true,64,64,20260814
128,64,16384,32,47,14,1,ikj,1.280847,209.5765193,2.384185791e-07,0,true,64,64,20260814
128,64,16384,32,47,14,2,pace_fullk,1.201908,223.341101,0,0,true,64,64,20260814
128,64,16384,32,47,15,0,ikj,1.291674,207.8198183,2.384185791e-07,0,true,64,64,20260814
128,64,16384,32,47,15,1,kij,1.29641,207.0606182,2.384185791e-07,0,true,64,64,20260814
128,64,16384,32,47,15,2,pace_fullk,1.205142,222.7417649,0,0,true,64,64,20260814
128,64,16384,32,47,16,0,ikj,1.298965,206.6533402,2.384185791e-07,0,true,64,64,20260814
128,64,16384,32,47,16,1,kij,1.279926,209.7273249,2.384185791e-07,0,true,64,64,20260814
128,64,16384,32,47,16,2,pace_fullk,1.199494,223.7905784,0,0,true,64,64,20260814
128,64,16384,32,47,17,0,kij,1.293266,207.5639938,2.384185791e-07,0,true,64,64,20260814
128,64,16384,32,47,17,1,ikj,1.282479,209.3098257,2.384185791e-07,0,true,64,64,20260814
128,64,16384,32,47,17,2,pace_fullk,1.201787,223.3635877,0,0,true,64,64,20260814
128,64,16384,32,47,18,0,pace_fullk,1.187987,225.9582437,0,0,true,64,64,20260814
128,64,16384,32,47,18,1,ikj,1.307307,205.3346735,2.384185791e-07,0,true,64,64,20260814
128,64,16384,32,47,18,2,kij,1.290942,207.9376579,2.384185791e-07,0,true,64,64,20260814
128,64,16384,32,47,19,0,pace_fullk,1.20352,223.0419569,0,0,true,64,64,20260814
128,64,16384,32,47,19,1,kij,1.292324,207.7152912,2.384185791e-07,0,true,64,64,20260814
128,64,16384,32,47,19,2,ikj,1.282529,209.3016657,2.384185791e-07,0,true,64,64,20260814
128,128,2048,32,11,0,0,ikj,0.318863,210.4630014,2.384185791e-07,0,true,64,64,20260814
128,128,2048,32,11,0,1,kij,0.318822,210.4900666,2.384185791e-07,0,true,64,64,20260814
128,128,2048,32,11,0,2,pace_fullk,0.295837,226.8440526,0,0,true,64,64,20260814
128,128,2048,32,11,1,0,ikj,0.319323,210.1598194,2.384185791e-07,0,true,64,64,20260814
128,128,2048,32,11,1,1,kij,0.318842,210.4768631,2.384185791e-07,0,true,64,64,20260814
128,128,2048,32,11,1,2,pace_fullk,0.295757,226.9054122,0,0,true,64,64,20260814
128,128,2048,32,11,2,0,ikj,0.321025,209.0456008,2.384185791e-07,0,true,64,64,20260814
128,128,2048,32,11,2,1,pace_fullk,0.295356,227.213478,0,0,true,64,64,20260814
128,128,2048,32,11,2,2,kij,0.319873,209.7984638,2.384185791e-07,0,true,64,64,20260814
128,128,2048,32,11,3,0,kij,0.319052,210.3383273,2.384185791e-07,0,true,64,64,20260814
128,128,2048,32,11,3,1,pace_fullk,0.295156,227.3674396,0,0,true,64,64,20260814
128,128,2048,32,11,3,2,ikj,0.319563,210.001984,2.384185791e-07,0,true,64,64,20260814
128,128,2048,32,11,4,0,pace_fullk,0.295047,227.4514366,0,0,true,64,64,20260814
128,128,2048,32,11,4,1,kij,0.319583,209.9888417,2.384185791e-07,0,true,64,64,20260814
128,128,2048,32,11,4,2,ikj,0.318421,210.7551449,2.384185791e-07,0,true,64,64,20260814
128,128,2048,32,11,5,0,ikj,0.331582,202.3899488,2.384185791e-07,0,true,64,64,20260814
128,128,2048,32,11,5,1,pace_fullk,0.295928,226.7742965,0,0,true,64,64,20260814
128,128,2048,32,11,5,2,kij,0.320164,209.607776,2.384185791e-07,0,true,64,64,20260814
128,128,2048,32,11,6,0,kij,0.319784,209.8568534,2.384185791e-07,0,true,64,64,20260814
128,128,2048,32,11,6,1,pace_fullk,0.295557,227.0589565,0,0,true,64,64,20260814
128,128,2048,32,11,6,2,ikj,0.320165,209.6071213,2.384185791e-07,0,true,64,64,20260814
128,128,2048,32,11,7,0,ikj,0.318502,210.7015466,2.384185791e-07,0,true,64,64,20260814
128,128,2048,32,11,7,1,kij,0.319012,210.364701,2.384185791e-07,0,true,64,64,20260814
128,128,2048,32,11,7,2,pace_fullk,0.296107,226.6372088,0,0,true,64,64,20260814
128,128,2048,32,11,8,0,pace_fullk,0.294795,227.6458692,0,0,true,64,64,20260814
128,128,2048,32,11,8,1,ikj,0.320665,209.2802894,2.384185791e-07,0,true,64,64,20260814
128,128,2048,32,11,8,2,kij,0.319724,209.8962355,2.384185791e-07,0,true,64,64,20260814
128,128,2048,32,11,9,0,kij,0.319474,210.0604869,2.384185791e-07,0,true,64,64,20260814
128,128,2048,32,11,9,1,pace_fullk,0.295767,226.8977405,0,0,true,64,64,20260814
128,128,2048,32,11,9,2,ikj,0.320284,209.5292428,2.384185791e-07,0,true,64,64,20260814
128,128,2048,32,11,10,0,ikj,0.320064,209.6732653,2.384185791e-07,0,true,64,64,20260814
128,128,2048,32,11,10,1,kij,0.318892,210.4438619,2.384185791e-07,0,true,64,64,20260814
128,128,2048,32,11,10,2,pace_fullk,0.295597,227.028231,0,0,true,64,64,20260814
128,128,2048,32,11,11,0,kij,0.326684,205.4243979,2.384185791e-07,0,true,64,64,20260814
128,128,2048,32,11,11,1,pace_fullk,0.295236,227.3058299,0,0,true,64,64,20260814
128,128,2048,32,11,11,2,ikj,0.319974,209.7322407,2.384185791e-07,0,true,64,64,20260814
128,128,2048,32,11,12,0,pace_fullk,0.295146,227.3751431,0,0,true,64,64,20260814
128,128,2048,32,11,12,1,kij,0.320094,209.6536143,2.384185791e-07,0,true,64,64,20260814
128,128,2048,32,11,12,2,ikj,0.318431,210.7485264,2.384185791e-07,0,true,64,64,20260814
128,128,2048,32,11,13,0,pace_fullk,0.295506,227.0981435,0,0,true,64,64,20260814
128,128,2048,32,11,13,1,ikj,0.320154,209.6143231,2.384185791e-07,0,true,64,64,20260814
128,128,2048,32,11,13,2,kij,0.326083,205.8030133,2.384185791e-07,0,true,64,64,20260814
128,128,2048,32,11,14,0,ikj,0.319403,210.1071812,2.384185791e-07,0,true,64,64,20260814
128,128,2048,32,11,14,1,kij,0.318742,210.5428968,2.384185791e-07,0,true,64,64,20260814
128,128,2048,32,11,14,2,pace_fullk,0.295257,227.2896629,0,0,true,64,64,20260814
128,128,2048,32,11,15,0,ikj,0.319083,210.3178922,2.384185791e-07,0,true,64,64,20260814
128,128,2048,32,11,15,1,pace_fullk,0.295557,227.0589565,0,0,true,64,64,20260814
128,128,2048,32,11,15,2,kij,0.319463,210.0677199,2.384185791e-07,0,true,64,64,20260814
128,128,2048,32,11,16,0,ikj,0.317981,211.0467732,2.384185791e-07,0,true,64,64,20260814
128,128,2048,32,11,16,1,kij,0.319333,210.1532382,2.384185791e-07,0,true,64,64,20260814
128,128,2048,32,11,16,2,pace_fullk,0.295567,227.0512743,0,0,true,64,64,20260814
128,128,2048,32,11,17,0,ikj,0.354476,189.3184983,2.384185791e-07,0,true,64,64,20260814
128,128,2048,32,11,17,1,kij,0.319664,209.9356324,2.384185791e-07,0,true,64,64,20260814
128,128,2048,32,11,17,2,pace_fullk,0.295486,227.1135147,0,0,true,64,64,20260814
128,128,2048,32,11,18,0,kij,0.320404,209.4507684,2.384185791e-07,0,true,64,64,20260814
128,128,2048,32,11,18,1,pace_fullk,0.295297,227.258875,0,0,true,64,64,20260814
128,128,2048,32,11,18,2,ikj,0.320715,209.2476623,2.384185791e-07,0,true,64,64,20260814
128,128,2048,32,11,19,0,pace_fullk,0.295176,227.352034,0,0,true,64,64,20260814
128,128,2048,32,11,19,1,ikj,0.319623,209.9625621,2.384185791e-07,0,true,64,64,20260814
128,128,2048,32,11,19,2,kij,0.319103,210.3047104,2.384185791e-07,0,true,64,64,20260814
128,128,2048,32,29,0,0,kij,0.324,207.1261235,2.384185791e-07,0,true,64,64,20260814
128,128,2048,32,29,0,1,pace_fullk,0.295327,227.2357895,0,0,true,64,64,20260814
128,128,2048,32,29,0,2,ikj,0.318772,210.5230823,2.384185791e-07,0,true,64,64,20260814
128,128,2048,32,29,1,0,ikj,0.319173,210.258587,2.384185791e-07,0,true,64,64,20260814
128,128,2048,32,29,1,1,kij,0.319373,210.1269174,2.384185791e-07,0,true,64,64,20260814
128,128,2048,32,29,1,2,pace_fullk,0.295677,226.966805,0,0,true,64,64,20260814
128,128,2048,32,29,2,0,kij,0.320505,209.3847647,2.384185791e-07,0,true,64,64,20260814
128,128,2048,32,29,2,1,ikj,0.318952,210.404274,2.384185791e-07,0,true,64,64,20260814
128,128,2048,32,29,2,2,pace_fullk,0.294966,227.5138965,0,0,true,64,64,20260814
128,128,2048,32,29,3,0,ikj,0.318943,210.4102112,2.384185791e-07,0,true,64,64,20260814
128,128,2048,32,29,3,1,pace_fullk,0.295337,227.2280954,0,0,true,64,64,20260814
128,128,2048,32,29,3,2,kij,0.320385,209.4631896,2.384185791e-07,0,true,64,64,20260814
128,128,2048,32,29,4,0,ikj,0.318922,210.4240661,2.384185791e-07,0,true,64,64,20260814
128,128,2048,32,29,4,1,kij,0.319103,210.3047104,2.384185791e-07,0,true,64,64,20260814
128,128,2048,32,29,4,2,pace_fullk,0.295527,227.082006,0,0,true,64,64,20260814
128,128,2048,32,29,5,0,ikj,0.320454,209.4180881,2.384185791e-07,0,true,64,64,20260814
128,128,2048,32,29,5,1,pace_fullk,0.294996,227.4907592,0,0,true,64,64,20260814
128,128,2048,32,29,5,2,kij,0.319483,210.0545694,2.384185791e-07,0,true,64,64,20260814
128,128,2048,32,29,6,0,kij,0.325652,206.0753934,2.384185791e-07,0,true,64,64,20260814
128,128,2048,32,29,6,1,pace_fullk,0.294996,227.4907592,0,0,true,64,64,20260814
128,128,2048,32,29,6,2,ikj,0.319693,209.9165887,2.384185791e-07,0,true,64,64,20260814
128,128,2048,32,29,7,0,pace_fullk,0.295487,227.1127461,0,0,true,64,64,20260814
128,128,2048,32,29,7,1,ikj,0.319133,210.2849408,2.384185791e-07,0,true,64,64,20260814
128,128,2048,32,29,7,2,kij,0.319102,210.3053694,2.384185791e-07,0,true,64,64,20260814
128,128,2048,32,29,8,0,pace_fullk,0.296068,226.667063,0,0,true,64,64,20260814
128,128,2048,32,29,8,1,kij,0.320394,209.4573057,2.384185791e-07,0,true,64,64,20260814
128,128,2048,32,29,8,2,ikj,0.319843,209.818142,2.384185791e-07,0,true,64,64,20260814
128,128,2048,32,29,9,0,ikj,0.319554,210.0078985,2.384185791e-07,0,true,64,64,20260814
128,128,2048,32,29,9,1,kij,0.318973,210.3904218,2.384185791e-07,0,true,64,64,20260814
128,128,2048,32,29,9,2,pace_fullk,0.295567,227.0512743,0,0,true,64,64,20260814
128,128,2048,32,29,10,0,kij,0.319653,209.9428568,2.384185791e-07,0,true,64,64,20260814
128,128,2048,32,29,10,1,ikj,0.319133,210.2849408,2.384185791e-07,0,true,64,64,20260814
128,128,2048,32,29,10,2,pace_fullk,0.295578,227.0428246,0,0,true,64,64,20260814
128,128,2048,32,29,11,0,kij,0.319503,210.0414206,2.384185791e-07,0,true,64,64,20260814
128,128,2048,32,29,11,1,ikj,0.318642,210.6089718,2.384185791e-07,0,true,64,64,20260814
128,128,2048,32,29,11,2,pace_fullk,0.295337,227.2280954,0,0,true,64,64,20260814
128,128,2048,32,29,12,0,kij,0.325752,206.0121319,2.384185791e-07,0,true,64,64,20260814
128,128,2048,32,29,12,1,pace_fullk,0.295026,227.4676266,0,0,true,64,64,20260814
128,128,2048,32,29,12,2,ikj,0.320655,209.286816,2.384185791e-07,0,true,64,64,20260814
128,128,2048,32,29,13,0,ikj,0.325082,206.4367267,2.384185791e-07,0,true,64,64,20260814
128,128,2048,32,29,13,1,pace_fullk,0.295477,227.1204324,0,0,true,64,64,20260814
128,128,2048,32,29,13,2,kij,0.320896,209.129637,2.384185791e-07,0,true,64,64,20260814
128,128,2048,32,29,14,0,pace_fullk,0.294936,227.5370385,0,0,true,64,64,20260814
128,128,2048,32,29,14,1,ikj,0.319724,209.8962355,2.384185791e-07,0,true,64,64,20260814
128,128,2048,32,29,14,2,kij,0.319543,210.0151279,2.384185791e-07,0,true,64,64,20260814
128,128,2048,32,29,15,0,pace_fullk,0.295096,227.4136688,0,0,true,64,64,20260814
128,128,2048,32,29,15,1,ikj,0.318942,210.4108709,2.384185791e-07,0,true,64,64,20260814
128,128,2048,32,29,15,2,kij,0.326033,205.834575,2.384185791e-07,0,true,64,64,20260814
128,128,2048,32,29,16,0,ikj,0.319373,210.1269174,2.384185791e-07,0,true,64,64,20260814
128,128,2048,32,29,16,1,kij,0.319574,209.9947555,2.384185791e-07,0,true,64,64,20260814
128,128,2048,32,29,16,2,pace_fullk,0.295206,227.3289296,0,0,true,64,64,20260814
128,128,2048,32,29,17,0,ikj,0.319443,210.080872,2.384185791e-07,0,true,64,64,20260814
128,128,2048,32,29,17,1,kij,0.319844,209.817486,2.384185791e-07,0,true,64,64,20260814
128,128,2048,32,29,17,2,pace_fullk,0.295557,227.0589565,0,0,true,64,64,20260814
128,128,2048,32,29,18,0,kij,0.323889,207.1971077,2.384185791e-07,0,true,64,64,20260814
128,128,2048,32,29,18,1,pace_fullk,0.294866,227.5910549,0,0,true,64,64,20260814
128,128,2048,32,29,18,2,ikj,0.319574,209.9947555,2.384185791e-07,0,true,64,64,20260814
128,128,2048,32,29,19,0,pace_fullk,0.295247,227.2973612,0,0,true,64,64,20260814
128,128,2048,32,29,19,1,kij,0.320125,209.633312,2.384185791e-07,0,true,64,64,20260814
128,128,2048,32,29,19,2,ikj,0.319764,209.8699791,2.384185791e-07,0,true,64,64,20260814
128,128,2048,32,47,0,0,kij,0.319373,210.1269174,2.384185791e-07,0,true,64,64,20260814
128,128,2048,32,47,0,1,pace_fullk,0.294966,227.5138965,0,0,true,64,64,20260814
128,128,2048,32,47,0,2,ikj,0.319494,210.0473374,2.384185791e-07,0,true,64,64,20260814
128,128,2048,32,47,1,0,pace_fullk,0.301315,222.7199575,0,0,true,64,64,20260814
128,128,2048,32,47,1,1,kij,0.321897,208.4793086,2.384185791e-07,0,true,64,64,20260814
128,128,2048,32,47,1,2,ikj,0.319122,210.2921892,2.384185791e-07,0,true,64,64,20260814
128,128,2048,32,47,2,0,pace_fullk,0.295186,227.344332,0,0,true,64,64,20260814
128,128,2048,32,47,2,1,kij,0.319493,210.0479948,2.384185791e-07,0,true,64,64,20260814
128,128,2048,32,47,2,2,ikj,0.318452,210.7346288,2.384185791e-07,0,true,64,64,20260814
128,128,2048,32,47,3,0,ikj,0.319143,210.2783517,2.384185791e-07,0,true,64,64,20260814
128,128,2048,32,47,3,1,kij,0.319483,210.0545694,2.384185791e-07,0,true,64,64,20260814
128,128,2048,32,47,3,2,pace_fullk,0.295597,227.028231,0,0,true,64,64,20260814
128,128,2048,32,47,4,0,ikj,0.319613,209.9691314,2.384185791e-07,0,true,64,64,20260814
128,128,2048,32,47,4,1,pace_fullk,0.295467,227.1281192,0,0,true,64,64,20260814
128,128,2048,32,47,4,2,kij,0.327105,205.1600067,2.384185791e-07,0,true,64,64,20260814
128,128,2048,32,47,5,0,ikj,0.318672,210.589145,2.384185791e-07,0,true,64,64,20260814
128,128,2048,32,47,5,1,pace_fullk,0.295197,227.3358605,0,0,true,64,64,20260814
128,128,2048,32,47,5,2,kij,0.319573,209.9954126,2.384185791e-07,0,true,64,64,20260814
128,128,2048,32,47,6,0,pace_fullk,0.295597,227.028231,0,0,true,64,64,20260814
128,128,2048,32,47,6,1,kij,0.319112,210.2987791,2.384185791e-07,0,true,64,64,20260814
128,128,2048,32,47,6,2,ikj,0.319142,210.2790106,2.384185791e-07,0,true,64,64,20260814
128,128,2048,32,47,7,0,ikj,0.324371,206.8892225,2.384185791e-07,0,true,64,64,20260814
128,128,2048,32,47,7,1,pace_fullk,0.301405,222.653453,0,0,true,64,64,20260814
128,128,2048,32,47,7,2,kij,0.320104,209.6470647,2.384185791e-07,0,true,64,64,20260814
128,128,2048,32,47,8,0,kij,0.319343,210.1466574,2.384185791e-07,0,true,64,64,20260814
128,128,2048,32,47,8,1,ikj,0.318662,210.5957535,2.384185791e-07,0,true,64,64,20260814
128,128,2048,32,47,8,2,pace_fullk,0.295246,227.2981311,0,0,true,64,64,20260814
128,128,2048,32,47,9,0,kij,0.319213,210.2322399,2.384185791e-07,0,true,64,64,20260814
128,128,2048,32,47,9,1,pace_fullk,0.295256,227.2904327,0,0,true,64,64,20260814
128,128,2048,32,47,9,2,ikj,0.319703,209.9100227,2.384185791e-07,0,true,64,64,20260814
128,128,2048,32,47,10,0,kij,0.320104,209.6470647,2.384185791e-07,0,true,64,64,20260814
128,128,2048,32,47,10,1,pace_fullk,0.296118,226.6287899,0,0,true,64,64,20260814
128,128,2048,32,47,10,2,ikj,0.329228,203.8370491,2.384185791e-07,0,true,64,64,20260814
128,128,2048,32,47,11,0,kij,0.319944,209.7519066,2.384185791e-07,0,true,64,64,20260814
128,128,2048,32,47,11,1,pace_fullk,0.295077,227.4283119,0,0,true,64,64,20260814
128,128,2048,32,47,11,2,ikj,0.319834,209.8240462,2.384185791e-07,0,true,64,64,20260814
128,128,2048,32,47,12,0,pace_fullk,0.295357,227.2127087,0,0,true,64,64,20260814
128,128,2048,32,47,12,1,kij,0.325482,206.183027,2.384185791e-07,0,true,64,64,20260814
128,128,2048,32,47,12,2,ikj,0.319633,209.9559933,2.384185791e-07,0,true,64,64,20260814
128,128,2048,32,47,13,0,pace_fullk,0.300645,223.2162983,0,0,true,64,64,20260814
128,128,2048,32,47,13,1,ikj,0.320194,209.5881372,2.384185791e-07,0,true,64,64,20260814
128,128,2048,32,47,13,2,kij,0.319764,209.8699791,2.384185791e-07,0,true,64,64,20260814
128,128,2048,32,47,14,0,kij,0.319012,210.364701,2.384185791e-07,0,true,64,64,20260814
128,128,2048,32,47,14,1,ikj,0.318482,210.7147782,2.384185791e-07,0,true,64,64,20260814
128,128,2048,32,47,14,2,pace_fullk,0.295978,226.7359871,0,0,true,64,64,20260814
128,128,2048,32,47,15,0,pace_fullk,0.294966,227.5138965,0,0,true,64,64,20260814
128,128,2048,32,47,15,1,ikj,0.319963,209.7394511,2.384185791e-07,0,true,64,64,20260814
128,128,2048,32,47,15,2,kij,0.320094,209.6536143,2.384185791e-07,0,true,64,64,20260814
128,128,2048,32,47,16,0,pace_fullk,0.295087,227.4206048,0,0,true,64,64,20260814
128,128,2048,32,47,16,1,kij,0.320725,209.241138,2.384185791e-07,0,true,64,64,20260814
128,128,2048,32,47,16,2,ikj,0.326594,205.481007,2.384185791e-07,0,true,64,64,20260814
128,128,2048,32,47,17,0,kij,0.319473,210.0611444,2.384185791e-07,0,true,64,64,20260814
128,128,2048,32,47,17,1,ikj,0.318682,210.5825368,2.384185791e-07,0,true,64,64,20260814
128,128,2048,32,47,17,2,pace_fullk,0.295427,227.1588717,0,0,true,64,64,20260814
128,128,2048,32,47,18,0,pace_fullk,0.295356,227.213478,0,0,true,64,64,20260814
128,128,2048,32,47,18,1,kij,0.319534,210.0210431,2.384185791e-07,0,true,64,64,20260814
128,128,2048,32,47,18,2,ikj,0.319092,210.3119602,2.384185791e-07,0,true,64,64,20260814
128,128,2048,32,47,19,0,ikj,0.318562,210.6618617,2.384185791e-07,0,true,64,64,20260814
128,128,2048,32,47,19,1,kij,0.319053,210.337668,2.384185791e-07,0,true,64,64,20260814
128,128,2048,32,47,19,2,pace_fullk,0.295718,226.935337,0,0,true,64,64,20260814
128,128,8192,32,11,0,0,ikj,1.288188,208.3822051,2.384185791e-07,0,true,64,64,20260814
128,128,8192,32,11,0,1,pace_fullk,1.188067,225.9430285,0,0,true,64,64,20260814
128,128,8192,32,11,0,2,kij,1.283631,209.1219798,2.384185791e-07,0,true,64,64,20260814
128,128,8192,32,11,1,0,ikj,1.280807,209.5830644,2.384185791e-07,0,true,64,64,20260814
128,128,8192,32,11,1,1,kij,1.278794,209.9129774,2.384185791e-07,0,true,64,64,20260814
128,128,8192,32,11,1,2,pace_fullk,1.19025,225.5286335,0,0,true,64,64,20260814
128,128,8192,32,11,2,0,pace_fullk,1.18362,226.7919231,0,0,true,64,64,20260814
128,128,8192,32,11,2,1,ikj,1.287297,208.5264364,2.384185791e-07,0,true,64,64,20260814
128,128,8192,32,11,2,2,kij,1.285194,208.8676542,2.384185791e-07,0,true,64,64,20260814
128,128,8192,32,11,3,0,ikj,1.285654,208.7929225,2.384185791e-07,0,true,64,64,20260814
128,128,8192,32,11,3,1,pace_fullk,1.196049,224.4351661,0,0,true,64,64,20260814
128,128,8192,32,11,3,2,kij,1.285193,208.8678167,2.384185791e-07,0,true,64,64,20260814
128,128,8192,32,11,4,0,pace_fullk,1.184261,226.6691684,0,0,true,64,64,20260814
128,128,8192,32,11,4,1,ikj,1.284072,209.0501592,2.384185791e-07,0,true,64,64,20260814
128,128,8192,32,11,4,2,kij,1.277271,210.1632747,2.384185791e-07,0,true,64,64,20260814
128,128,8192,32,11,5,0,kij,1.278673,209.9328413,2.384185791e-07,0,true,64,64,20260814
128,128,8192,32,11,5,1,ikj,1.279445,209.8061706,2.384185791e-07,0,true,64,64,20260814
128,128,8192,32,11,5,2,pace_fullk,1.198923,223.897161,0,0,true,64,64,20260814
128,128,8192,32,11,6,0,pace_fullk,1.191452,225.3011082,0,0,true,64,64,20260814
128,128,8192,32,11,6,1,kij,1.291223,207.8924059,2.384185791e-07,0,true,64,64,20260814
128,128,8192,32,11,6,2,ikj,1.278864,209.9014876,2.384185791e-07,0,true,64,64,20260814
128,128,8192,32,11,7,0,ikj,1.279616,209.7781334,2.384185791e-07,0,true,64,64,20260814
128,128,8192,32,11,7,1,pace_fullk,1.190521,225.4772961,0,0,true,64,64,20260814
128,128,8192,32,11,7,2,kij,1.284713,208.9458548,2.384185791e-07,0,true,64,64,20260814
128,128,8192,32,11,8,0,kij,1.280426,209.6454274,2.384185791e-07,0,true,64,64,20260814
128,128,8192,32,11,8,1,pace_fullk,1.189238,225.7205505,0,0,true,64,64,20260814
128,128,8192,32,11,8,2,ikj,1.291343,207.8730872,2.384185791e-07,0,true,64,64,20260814
128,128,8192,32,11,9,0,pace_fullk,1.201637,223.3914701,0,0,true,64,64,20260814
128,128,8192,32,11,9,1,kij,1.291263,207.8859659,2.384185791e-07,0,true,64,64,20260814
128,128,8192,32,11,9,2,ikj,1.279445,209.8061706,2.384185791e-07,0,true,64,64,20260814
128,128,8192,32,11,10,0,kij,1.278223,210.0067484,2.384185791e-07,0,true,64,64,20260814
128,128,8192,32,11,10,1,ikj,1.281468,209.4749584,2.384185791e-07,0,true,64,64,20260814
128,128,8192,32,11,10,2,pace_fullk,1.192383,225.1251955,0,0,true,64,64,20260814
128,128,8192,32,11,11,0,kij,1.281098,209.5354579,2.384185791e-07,0,true,64,64,20260814
128,128,8192,32,11,11,1,pace_fullk,1.187506,226.0497682,0,0,true,64,64,20260814
128,128,8192,32,11,11,2,ikj,1.284833,208.9263398,2.384185791e-07,0,true,64,64,20260814
128,128,8192,32,11,12,0,ikj,1.283601,209.1268673,2.384185791e-07,0,true,64,64,20260814
128,128,8192,32,11,12,1,kij,1.288889,208.2688703,2.384185791e-07,0,true,64,64,20260814
128,128,8192,32,11,12,2,pace_fullk,1.191171,225.3542573,0,0,true,64,64,20260814
128,128,8192,32,11,13,0,pace_fullk,1.18313,226.8858502,0,0,true,64,64,20260814
128,128,8192,32,11,13,1,ikj,1.287166,208.547659,2.384185791e-07,0,true,64,64,20260814
128,128,8192,32,11,13,2,kij,1.280817,209.5814281,2.384185791e-07,0,true,64,64,20260814
128,128,8192,32,11,14,0,pace_fullk,1.187797,225.9943879,0,0,true,64,64,20260814
128,128,8192,32,11,14,1,ikj,1.282419,209.3196186,2.384185791e-07,0,true,64,64,20260814
128,128,8192,32,11,14,2,kij,1.289431,208.1813265,2.384185791e-07,0,true,64,64,20260814
128,128,8192,32,11,15,0,ikj,1.286696,208.6238366,2.384185791e-07,0,true,64,64,20260814
128,128,8192,32,11,15,1,pace_fullk,1.198864,223.9081797,0,0,true,64,64,20260814
128,128,8192,32,11,15,2,kij,1.288649,208.3076586,2.384185791e-07,0,true,64,64,20260814
128,128,8192,32,11,16,0,ikj,1.279085,209.8652208,2.384185791e-07,0,true,64,64,20260814
128,128,8192,32,11,16,1,pace_fullk,1.188458,225.8686937,0,0,true,64,64,20260814
128,128,8192,32,11,16,2,kij,1.283661,209.1170924,2.384185791e-07,0,true,64,64,20260814
128,128,8192,32,11,17,0,kij,1.279244,209.8391362,2.384185791e-07,0,true,64,64,20260814
128,128,8192,32,11,17,1,ikj,1.276881,210.2274652,2.384185791e-07,0,true,64,64,20260814
128,128,8192,32,11,17,2,pace_fullk,1.19023,225.5324231,0,0,true,64,64,20260814
128,128,8192,32,11,18,0,kij,1.292925,207.6187374,2.384185791e-07,0,true,64,64,20260814
128,128,8192,32,11,18,1,ikj,1.284733,208.9426021,2.384185791e-07,0,true,64,64,20260814
128,128,8192,32,11,18,2,pace_fullk,1.197631,224.1387005,0,0,true,64,64,20260814
128,128,8192,32,11,19,0,ikj,1.2834,209.1596198,2.384185791e-07,0,true,64,64,20260814
128,128,8192,32,11,19,1,kij,1.277362,210.1483025,2.384185791e-07,0,true,64,64,20260814
128,128,8192,32,11,19,2,pace_fullk,1.187416,226.0669016,0,0,true,64,64,20260814
128,128,8192,32,29,0,0,pace_fullk,1.197641,224.136829,0,0,true,64,64,20260814
128,128,8192,32,29,0,1,ikj,1.28283,209.2525557,2.384185791e-07,0,true,64,64,20260814
128,128,8192,32,29,0,2,kij,1.28269,209.2753947,2.384185791e-07,0,true,64,64,20260814
128,128,8192,32,29,1,0,kij,1.285544,208.8107883,2.384185791e-07,0,true,64,64,20260814
128,128,8192,32,29,1,1,ikj,1.285394,208.8351556,2.384185791e-07,0,true,64,64,20260814
128,128,8192,32,29,1,2,pace_fullk,1.192764,225.0532846,0,0,true,64,64,20260814
128,128,8192,32,29,2,0,kij,1.282529,209.3016657,2.384185791e-07,0,true,64,64,20260814
128,128,8192,32,29,2,1,pace_fullk,1.185432,226.4452588,0,0,true,64,64,20260814
128,128,8192,32,29,2,2,ikj,1.282329,209.3343097,2.384185791e-07,0,true,64,64,20260814
128,128,8192,32,29,3,0,ikj,1.279585,209.7832157,2.384185791e-07,0,true,64,64,20260814
128,128,8192,32,29,3,1,kij,1.282139,209.3653309,2.384185791e-07,0,true,64,64,20260814
128,128,8192,32,29,3,2,pace_fullk,1.190681,225.4469971,0,0,true,64,64,20260814
128,128,8192,32,29,4,0,kij,1.293376,207.5463407,2.384185791e-07,0,true,64,64,20260814
128,128,8192,32,29,4,1,ikj,1.285754,208.7766836,2.384185791e-07,0,true,64,64,20260814
128,128,8192,32,29,4,2,pace_fullk,1.189399,225.6899964,0,0,true,64,64,20260814
128,128,8192,32,29,5,0,kij,1.283761,209.100803,2.384185791e-07,0,true,64,64,20260814
128,128,8192,32,29,5,1,pace_fullk,1.186675,226.2080654,0,0,true,64,64,20260814
128,128,8192,32,29,5,2,ikj,1.293677,207.4980509,2.384185791e-07,0,true,64,64,20260814
128,128,8192,32,29,6,0,pace_fullk,1.185042,226.5197824,0,0,true,64,64,20260814
128,128,8192,32,29,6,1,kij,1.286085,208.7229507,2.384185791e-07,0,true,64,64,20260814
128,128,8192,32,29,6,2,ikj,1.277022,210.2042533,2.384185791e-07,0,true,64,64,20260814
128,128,8192,32,29,7,0,pace_fullk,1.192153,225.1686285,0,0,true,64,64,20260814
128,128,8192,32,29,7,1,kij,1.288318,208.3611779,2.384185791e-07,0,true,64,64,20260814
128,128,8192,32,29,7,2,ikj,1.285845,208.7619083,2.384185791e-07,0,true,64,64,20260814
128,128,8192,32,29,8,0,kij,1.27616,210.3462387,2.384185791e-07,0,true,64,64,20260814
128,128,8192,32,29,8,1,pace_fullk,1.201807,223.3598706,0,0,true,64,64,20260814
128,128,8192,32,29,8,2,ikj,1.284152,209.0371358,2.384185791e-07,0,true,64,64,20260814
128,128,8192,32,29,9,0,ikj,1.277462,210.1318521,2.384185791e-07,0,true,64,64,20260814
128,128,8192,32,29,9,1,pace_fullk,1.187446,226.0611902,0,0,true,64,64,20260814
128,128,8192,32,29,9,2,kij,1.285915,208.7505442,2.384185791e-07,0,true,64,64,20260814
128,128,8192,32,29,10,0,kij,1.284744,208.9408131,2.384185791e-07,0,true,64,64,20260814
128,128,8192,32,29,10,1,ikj,1.288769,208.2882627,2.384185791e-07,0,true,64,64,20260814
128,128,8192,32,29,10,2,pace_fullk,1.202218,223.283511,0,0,true,64,64,20260814
128,128,8192,32,29,11,0,ikj,1.283572,209.1315922,2.384185791e-07,0,true,64,64,20260814
128,128,8192,32,29,11,1,kij,1.279185,209.8488147,2.384185791e-07,0,true,64,64,20260814
128,128,8192,32,29,11,2,pace_fullk,1.187697,226.0134159,0,0,true,64,64,20260814
128,128,8192,32,29,12,0,kij,1.28274,209.2672373,2.384185791e-07,0,true,64,64,20260814
128,128,8192,32,29,12,1,pace_fullk,1.186855,226.1737584,0,0,true,64,64,20260814
128,128,8192,32,29,12,2,ikj,1.284633,208.9588669,2.384185791e-07,0,true,64,64,20260814
128,128,8192,32,29,13,0,pace_fullk,1.189358,225.6977764,0,0,true,64,64,20260814
128,128,8192,32,29,13,1,kij,1.284212,209.0273693,2.384185791e-07,0,true,64,64,20260814
128,128,8192,32,29,13,2,ikj,1.287908,208.4275088,2.384185791e-07,0,true,64,64,20260814
128,128,8192,32,29,14,0,kij,1.28962,208.1508165,2.384185791e-07,0,true,64,64,20260814
128,128,8192,32,29,14,1,ikj,1.278083,210.0297524,2.384185791e-07,0,true,64,64,20260814
128,128,8192,32,29,14,2,pace_fullk,1.194667,224.6947944,0,0,true,64,64,20260814
128,128,8192,32,29,15,0,ikj,1.284182,209.0322524,2.384185791e-07,0,true,64,64,20260814
128,128,8192,32,29,15,1,kij,1.277853,210.0675555,2.384185791e-07,0,true,64,64,20260814
128,128,8192,32,29,15,2,pace_fullk,1.187636,226.0250245,0,0,true,64,64,20260814
128,128,8192,32,29,16,0,ikj,1.291063,207.9181698,2.384185791e-07,0,true,64,64,20260814
128,128,8192,32,29,16,1,kij,1.287998,208.4129447,2.384185791e-07,0,true,64,64,20260814
128,128,8192,32,29,16,2,pace_fullk,1.192484,225.106128,0,0,true,64,64,20260814
128,128,8192,32,29,17,0,pace_fullk,1.185082,226.5121367,0,0,true,64,64,20260814
128,128,8192,32,29,17,1,kij,1.28941,208.184717,2.384185791e-07,0,true,64,64,20260814
128,128,8192,32,29,17,2,ikj,1.280316,209.6634393,2.384185791e-07,0,true,64,64,20260814
128,128,8192,32,29,18,0,kij,1.280817,209.5814281,2.384185791e-07,0,true,64,64,20260814
128,128,8192,32,29,18,1,pace_fullk,1.188207,225.9164068,0,0,true,64,64,20260814
128,128,8192,32,29,18,2,ikj,1.282179,209.3587994,2.384185791e-07,0,true,64,64,20260814
128,128,8192,32,29,19,0,kij,1.280126,209.6945582,2.384185791e-07,0,true,64,64,20260814
128,128,8192,32,29,19,1,pace_fullk,1.223491,219.401251,0,0,true,64,64,20260814
128,128,8192,32,29,19,2,ikj,1.291453,207.8553815,2.384185791e-07,0,true,64,64,20260814
128,128,8192,32,47,0,0,ikj,1.280056,209.7060254,2.384185791e-07,0,true,64,64,20260814
128,128,8192,32,47,0,1,pace_fullk,1.191321,225.3258828,0,0,true,64,64,20260814
128,128,8192,32,47,0,2,kij,1.283752,209.102269,2.384185791e-07,0,true,64,64,20260814
128,128,8192,32,47,1,0,ikj,1.278714,209.9261101,2.384185791e-07,0,true,64,64,20260814
128,128,8192,32,47,1,1,kij,1.279145,209.8553768,2.384185791e-07,0,true,64,64,20260814
128,128,8192,32,47,1,2,pace_fullk,1.189829,225.6084328,0,0,true,64,64,20260814
128,128,8192,32,47,2,0,pace_fullk,1.189128,225.7414307,0,0,true,64,64,20260814
128,128,8192,32,47,2,1,ikj,1.292024,207.7635214,2.384185791e-07,0,true,64,64,20260814
128,128,8192,32,47,2,2,kij,1.28285,209.2492934,2.384185791e-07,0,true,64,64,20260814
128,128,8192,32,47,3,0,kij,1.281017,209.548707,2.384185791e-07,0,true,64,64,20260814
128,128,8192,32,47,3,1,pace_fullk,1.189679,225.6368785,0,0,true,64,64,20260814
128,128,8192,32,47,3,2,ikj,1.284052,209.0534153,2.384185791e-07,0,true,64,64,20260814
128,128,8192,32,47,4,0,ikj,1.278534,209.9556648,2.384185791e-07,0,true,64,64,20260814
128,128,8192,32,47,4,1,pace_fullk,1.187416,226.0669016,0,0,true,64,64,20260814
128,128,8192,32,47,4,2,kij,1.28319,209.1938497,2.384185791e-07,0,true,64,64,20260814
128,128,8192,32,47,5,0,ikj,1.282389,209.3245154,2.384185791e-07,0,true,64,64,20260814
128,128,8192,32,47,5,1,pace_fullk,1.194767,224.6759879,0,0,true,64,64,20260814
128,128,8192,32,47,5,2,kij,1.28961,208.1524306,2.384185791e-07,0,true,64,64,20260814
128,128,8192,32,47,6,0,kij,1.278884,209.898205,2.384185791e-07,0,true,64,64,20260814
128,128,8192,32,47,6,1,pace_fullk,1.186624,226.2177876,0,0,true,64,64,20260814
128,128,8192,32,47,6,2,ikj,1.282289,209.3408397,2.384185791e-07,0,true,64,64,20260814
128,128,8192,32,47,7,0,kij,1.276481,210.2933424,2.384185791e-07,0,true,64,64,20260814
128,128,8192,32,47,7,1,ikj,1.282099,209.3718629,2.384185791e-07,0,true,64,64,20260814
128,128,8192,32,47,7,2,pace_fullk,1.198273,224.0186135,0,0,true,64,64,20260814
128,128,8192,32,47,8,0,pace_fullk,1.182839,226.9416683,0,0,true,64,64,20260814
128,128,8192,32,47,8,1,ikj,1.292695,207.6556775,2.384185791e-07,0,true,64,64,20260814
128,128,8192,32,47,8,2,kij,1.284773,208.9360969,2.384185791e-07,0,true,64,64,20260814
128,128,8192,32,47,9,0,pace_fullk,1.189288,225.7110607,0,0,true,64,64,20260814
128,128,8192,32,47,9,1,ikj,1.285033,208.893823,2.384185791e-07,0,true,64,64,20260814
128,128,8192,32,47,9,2,kij,1.281108,209.5338223,2.384185791e-07,0,true,64,64,20260814
128,128,8192,32,47,10,0,pace_fullk,1.188126,225.9318086,0,0,true,64,64,20260814
128,128,8192,32,47,10,1,ikj,1.282419,209.3196186,2.384185791e-07,0,true,64,64,20260814
128,128,8192,32,47,10,2,kij,1.28927,208.2073235,2.384185791e-07,0,true,64,64,20260814
128,128,8192,32,47,11,0,kij,1.279144,209.8555409,2.384185791e-07,0,true,64,64,20260814
128,128,8192,32,47,11,1,ikj,1.290241,208.0506324,2.384185791e-07,0,true,64,64,20260814
128,128,8192,32,47,11,2,pace_fullk,1.202799,223.1756561,0,0,true,64,64,20260814
128,128,8192,32,47,12,0,pace_fullk,1.182738,226.961048,0,0,true,64,64,20260814
128,128,8192,32,47,12,1,kij,1.286425,208.6677855,2.384185791e-07,0,true,64,64,20260814
128,128,8192,32,47,12,2,ikj,1.279364,209.819454,2.384185791e-07,0,true,64,64,20260814
128,128,8192,32,47,13,0,kij,1.278413,209.9755369,2.384185791e-07,0,true,64,64,20260814
128,128,8192,32,47,13,1,pace_fullk,1.195468,224.5442421,0,0,true,64,64,20260814
128,128,8192,32,47,13,2,ikj,1.284803,208.9312182,2.384185791e-07,0,true,64,64,20260814
128,128,8192,32,47,14,0,pace_fullk,1.184702,226.5847918,0,0,true,64,64,20260814
128,128,8192,32,47,14,1,ikj,1.287427,208.5053801,2.384185791e-07,0,true,64,64,20260814
128,128,8192,32,47,14,2,kij,1.284102,209.0452752,2.384185791e-07,0,true,64,64,20260814
128,128,8192,32,47,15,0,kij,1.285844,208.7620707,2.384185791e-07,0,true,64,64,20260814
128,128,8192,32,47,15,1,pace_fullk,1.188398,225.8800974,0,0,true,64,64,20260814
128,128,8192,32,47,15,2,ikj,1.28289,209.2427691,2.384185791e-07,0,true,64,64,20260814
128,128,8192,32,47,16,0,kij,1.281338,209.496211,2.384185791e-07,0,true,64,64,20260814
128,128,8192,32,47,16,1,ikj,1.280066,209.7043871,2.384185791e-07,0,true,64,64,20260814
128,128,8192,32,47,16,2,pace_fullk,1.190811,225.4223852,0,0,true,64,64,20260814
128,128,8192,32,47,17,0,ikj,1.284062,209.0517872,2.384185791e-07,0,true,64,64,20260814
128,128,8192,32,47,17,1,pace_fullk,1.192664,225.0721544,0,0,true,64,64,20260814
128,128,8192,32,47,17,2,kij,1.286025,208.7326887,2.384185791e-07,0,true,64,64,20260814
128,128,8192,32,47,18,0,kij,1.285464,208.8237835,2.384185791e-07,0,true,64,64,20260814
128,128,8192,32,47,18,1,ikj,1.279855,209.7389595,2.384185791e-07,0,true,64,64,20260814
128,128,8192,32,47,18,2,pace_fullk,1.191061,225.3750698,0,0,true,64,64,20260814
128,128,8192,32,47,19,0,ikj,1.283611,209.1252381,2.384185791e-07,0,true,64,64,20260814
128,128,8192,32,47,19,1,kij,1.277512,210.1236278,2.384185791e-07,0,true,64,64,20260814
128,128,8192,32,47,19,2,pace_fullk,1.188939,225.7773157,0,0,true,64,64,20260814
128,128,16384,32,11,0,0,ikj,2.578479,208.2122492,2.384185791e-07,0,true,64,64,20260814
128,128,16384,32,11,0,1,pace_fullk,2.40656,223.0864437,0,0,true,64,64,20260814
128,128,16384,32,11,0,2,kij,2.593643,206.9949149,2.384185791e-07,0,true,64,64,20260814
128,128,16384,32,11,1,0,kij,2.576817,208.3465423,2.384185791e-07,0,true,64,64,20260814
128,128,16384,32,11,1,1,pace_fullk,2.41335,222.4587863,0,0,true,64,64,20260814
128,128,16384,32,11,1,2,ikj,2.609957,205.7010564,2.384185791e-07,0,true,64,64,20260814
128,128,16384,32,11,2,0,kij,2.567513,209.101536,2.384185791e-07,0,true,64,64,20260814
128,128,16384,32,11,2,1,ikj,2.579691,208.1144261,2.384185791e-07,0,true,64,64,20260814
128,128,16384,32,11,2,2,pace_fullk,2.423936,221.4872472,0,0,true,64,64,20260814
128,128,16384,32,11,3,0,pace_fullk,2.381111,225.4707622,0,0,true,64,64,20260814
128,128,16384,32,11,3,1,ikj,2.608705,205.7997788,2.384185791e-07,0,true,64,64,20260814
128,128,16384,32,11,3,2,kij,2.575354,208.4648992,2.384185791e-07,0,true,64,64,20260814
128,128,16384,32,11,4,0,kij,2.657689,202.0066727,2.384185791e-07,0,true,64,64,20260814
128,128,16384,32,11,4,1,ikj,2.571629,208.7668602,2.384185791e-07,0,true,64,64,20260814
128,128,16384,32,11,4,2,pace_fullk,2.424096,221.4726281,0,0,true,64,64,20260814
128,128,16384,32,11,5,0,pace_fullk,2.37376,226.1689943,0,0,true,64,64,20260814
128,128,16384,32,11,5,1,kij,2.615906,205.2332584,2.384185791e-07,0,true,64,64,20260814
128,128,16384,32,11,5,2,ikj,2.580052,208.0853068,2.384185791e-07,0,true,64,64,20260814
128,128,16384,32,11,6,0,pace_fullk,2.411116,222.6649037,0,0,true,64,64,20260814
128,128,16384,32,11,6,1,kij,2.583067,207.8424261,2.384185791e-07,0,true,64,64,20260814
128,128,16384,32,11,6,2,ikj,2.566952,209.1472345,2.384185791e-07,0,true,64,64,20260814
128,128,16384,32,11,7,0,ikj,2.573482,208.6165405,2.384185791e-07,0,true,64,64,20260814
128,128,16384,32,11,7,1,kij,2.571228,208.7994188,2.384185791e-07,0,true,64,64,20260814
128,128,16384,32,11,7,2,pace_fullk,2.422343,221.6329034,0,0,true,64,64,20260814
128,128,16384,32,11,8,0,ikj,2.600884,206.41863,2.384185791e-07,0,true,64,64,20260814
128,128,16384,32,11,8,1,kij,2.573993,208.5751251,2.384185791e-07,0,true,64,64,20260814
128,128,16384,32,11,8,2,pace_fullk,2.423104,221.5632973,0,0,true,64,64,20260814
128,128,16384,32,11,9,0,pace_fullk,2.381752,225.4100813,0,0,true,64,64,20260814
128,128,16384,32,11,9,1,kij,2.602836,206.2638261,2.384185791e-07,0,true,64,64,20260814
128,128,16384,32,11,9,2,ikj,2.570959,208.8212655,2.384185791e-07,0,true,64,64,20260814
128,128,16384,32,11,10,0,kij,2.57913,208.1596942,2.384185791e-07,0,true,64,64,20260814
128,128,16384,32,11,10,1,ikj,2.573873,208.5848494,2.384185791e-07,0,true,64,64,20260814
128,128,16384,32,11,10,2,pace_fullk,2.426499,221.2533003,0,0,true,64,64,20260814
128,128,16384,32,11,11,0,pace_fullk,2.374371,226.110794,0,0,true,64,64,20260814
128,128,16384,32,11,11,1,kij,2.608775,205.7942567,2.384185791e-07,0,true,64,64,20260814
128,128,16384,32,11,11,2,ikj,2.581083,208.0021882,2.384185791e-07,0,true,64,64,20260814
128,128,16384,32,11,12,0,pace_fullk,2.408242,222.9306324,0,0,true,64,64,20260814
128,128,16384,32,11,12,1,kij,2.587713,207.4692642,2.384185791e-07,0,true,64,64,20260814
128,128,16384,32,11,12,2,ikj,2.567383,209.1121239,2.384185791e-07,0,true,64,64,20260814
128,128,16384,32,11,13,0,kij,2.57217,208.7229507,2.384185791e-07,0,true,64,64,20260814
128,128,16384,32,11,13,1,pace_fullk,2.447832,219.3250648,0,0,true,64,64,20260814
128,128,16384,32,11,13,2,ikj,2.621455,204.7988281,2.384185791e-07,0,true,64,64,20260814
128,128,16384,32,11,14,0,kij,2.563567,209.4233979,2.384185791e-07,0,true,64,64,20260814
128,128,16384,32,11,14,1,pace_fullk,2.413911,222.4070863,0,0,true,64,64,20260814
128,128,16384,32,11,14,2,ikj,2.590788,207.2230194,2.384185791e-07,0,true,64,64,20260814
128,128,16384,32,11,15,0,pace_fullk,2.394411,224.2183618,0,0,true,64,64,20260814
128,128,16384,32,11,15,1,ikj,2.587714,207.469184,2.384185791e-07,0,true,64,64,20260814
128,128,16384,32,11,15,2,kij,2.582486,207.8891858,2.384185791e-07,0,true,64,64,20260814
128,128,16384,32,11,16,0,pace_fullk,2.407631,222.9872069,0,0,true,64,64,20260814
128,128,16384,32,11,16,1,ikj,2.59903,206.5658773,2.384185791e-07,0,true,64,64,20260814
128,128,16384,32,11,16,2,kij,2.568343,209.0339616,2.384185791e-07,0,true,64,64,20260814
128,128,16384,32,11,17,0,pace_fullk,2.408072,222.9463704,0,0,true,64,64,20260814
128,128,16384,32,11,17,1,kij,2.596688,206.7521828,2.384185791e-07,0,true,64,64,20260814
128,128,16384,32,11,17,2,ikj,2.574934,208.4989021,2.384185791e-07,0,true,64,64,20260814
128,128,16384,32,11,18,0,ikj,2.570898,208.8262203,2.384185791e-07,0,true,64,64,20260814
128,128,16384,32,11,18,1,kij,2.56553,209.2631589,2.384185791e-07,0,true,64,64,20260814
128,128,16384,32,11,18,2,pace_fullk,2.422454,221.6227478,0,0,true,64,64,20260814
128,128,16384,32,11,19,0,ikj,2.612572,205.4951642,2.384185791e-07,0,true,64,64,20260814
128,128,16384,32,11,19,1,pace_fullk,2.415803,222.2329023,0,0,true,64,64,20260814
128,128,16384,32,11,19,2,kij,2.588926,207.3720578,2.384185791e-07,0,true,64,64,20260814
128,128,16384,32,29,0,0,pace_fullk,2.391868,224.4567476,0,0,true,64,64,20260814
128,128,16384,32,29,0,1,ikj,2.59863,206.5976734,2.384185791e-07,0,true,64,64,20260814
128,128,16384,32,29,0,2,kij,2.581374,207.97874,2.384185791e-07,0,true,64,64,20260814
128,128,16384,32,29,1,0,ikj,2.571639,208.7660484,2.384185791e-07,0,true,64,64,20260814
128,128,16384,32,29,1,1,kij,2.573622,208.6051922,2.384185791e-07,0,true,64,64,20260814
128,128,16384,32,29,1,2,pace_fullk,2.429664,220.9650849,0,0,true,64,64,20260814
128,128,16384,32,29,2,0,ikj,2.594884,206.8959198,2.384185791e-07,0,true,64,64,20260814
128,128,16384,32,29,2,1,pace_fullk,2.399919,223.7037633,0,0,true,64,64,20260814
128,128,16384,32,29,2,2,kij,2.586211,207.5897566,2.384185791e-07,0,true,64,64,20260814
128,128,16384,32,29,3,0,kij,2.570087,208.8921161,2.384185791e-07,0,true,64,64,20260814
128,128,16384,32,29,3,1,ikj,2.565751,209.2451341,2.384185791e-07,0,true,64,64,20260814
128,128,16384,32,29,3,2,pace_fullk,2.42654,221.2495619,0,0,true,64,64,20260814
128,128,16384,32,29,4,0,ikj,2.614384,205.3527378,2.384185791e-07,0,true,64,64,20260814
128,128,16384,32,29,4,1,pace_fullk,2.403654,223.3561536,0,0,true,64,64,20260814
128,128,16384,32,29,4,2,kij,2.584989,207.6878904,2.384185791e-07,0,true,64,64,20260814
128,128,16384,32,29,5,0,ikj,2.565811,209.240241,2.384185791e-07,0,true,64,64,20260814
128,128,16384,32,29,5,1,pace_fullk,2.40643,223.0984953,0,0,true,64,64,20260814
128,128,16384,32,29,5,2,kij,2.591729,207.1477813,2.384185791e-07,0,true,64,64,20260814
128,128,16384,32,29,6,0,ikj,2.563587,209.4217641,2.384185791e-07,0,true,64,64,20260814
128,128,16384,32,29,6,1,kij,2.563958,209.3914612,2.384185791e-07,0,true,64,64,20260814
128,128,16384,32,29,6,2,pace_fullk,2.474512,216.9603186,0,0,true,64,64,20260814
128,128,16384,32,29,7,0,kij,2.595826,206.8208393,2.384185791e-07,0,true,64,64,20260814
128,128,16384,32,29,7,1,pace_fullk,2.411476,222.6316629,0,0,true,64,64,20260814
128,128,16384,32,29,7,2,ikj,2.590708,207.2294184,2.384185791e-07,0,true,64,64,20260814
128,128,16384,32,29,8,0,kij,2.569286,208.9572403,2.384185791e-07,0,true,64,64,20260814
128,128,16384,32,29,8,1,pace_fullk,2.409374,222.8258925,0,0,true,64,64,20260814
128,128,16384,32,29,8,2,ikj,2.610258,205.6773361,2.384185791e-07,0,true,64,64,20260814
128,128,16384,32,29,9,0,ikj,2.566701,209.1676872,2.384185791e-07,0,true,64,64,20260814
128,128,16384,32,29,9,1,pace_fullk,2.402483,223.4650201,0,0,true,64,64,20260814
128,128,16384,32,29,9,2,kij,2.615245,205.2851308,2.384185791e-07,0,true,64,64,20260814
128,128,16384,32,29,10,0,kij,2.577288,208.3084669,2.384185791e-07,0,true,64,64,20260814
128,128,16384,32,29,10,1,pace_fullk,2.444817,219.5955411,0,0,true,64,64,20260814
128,128,16384,32,29,10,2,ikj,2.595626,206.8367754,2.384185791e-07,0,true,64,64,20260814
128,128,16384,32,29,11,0,pace_fullk,2.394501,224.2099343,0,0,true,64,64,20260814
128,128,16384,32,29,11,1,kij,2.596447,206.7713733,2.384185791e-07,0,true,64,64,20260814
128,128,16384,32,29,11,2,ikj,2.574183,208.5597302,2.384185791e-07,0,true,64,64,20260814
128,128,16384,32,29,12,0,kij,2.564989,209.3072961,2.384185791e-07,0,true,64,64,20260814
128,128,16384,32,29,12,1,ikj,2.562986,209.4708719,2.384185791e-07,0,true,64,64,20260814
128,128,16384,32,29,12,2,pace_fullk,2.45943,218.2907877,0,0,true,64,64,20260814
128,128,16384,32,29,13,0,pace_fullk,2.382694,225.3209653,0,0,true,64,64,20260814
128,128,16384,32,29,13,1,ikj,2.61867,205.0166352,2.384185791e-07,0,true,64,64,20260814
128,128,16384,32,29,13,2,kij,2.569946,208.903577,2.384185791e-07,0,true,64,64,20260814
128,128,16384,32,29,14,0,kij,2.567523,209.1007216,2.384185791e-07,0,true,64,64,20260814
128,128,16384,32,29,14,1,pace_fullk,2.427271,221.1829301,0,0,true,64,64,20260814
128,128,16384,32,29,14,2,ikj,2.59879,206.5849538,2.384185791e-07,0,true,64,64,20260814
128,128,16384,32,29,15,0,kij,2.564838,209.3196186,2.384185791e-07,0,true,64,64,20260814
128,128,16384,32,29,15,1,ikj,2.561995,209.5518969,2.384185791e-07,0,true,64,64,20260814
128,128,16384,32,29,15,2,pace_fullk,2.434271,220.5468956,0,0,true,64,64,20260814
128,128,16384,32,29,16,0,ikj,2.597408,206.6948712,2.384185791e-07,0,true,64,64,20260814
128,128,16384,32,29,16,1,kij,2.600693,206.4337898,2.384185791e-07,0,true,64,64,20260814
128,128,16384,32,29,16,2,pace_fullk,2.404275,223.2984629,0,0,true,64,64,20260814
128,128,16384,32,29,17,0,pace_fullk,2.377496,225.8135921,0,0,true,64,64,20260814
128,128,16384,32,29,17,1,kij,2.60507,206.0869428,2.384185791e-07,0,true,64,64,20260814
128,128,16384,32,29,17,2,ikj,2.580573,208.0432958,2.384185791e-07,0,true,64,64,20260814
128,128,16384,32,29,18,0,ikj,2.563126,209.4594304,2.384185791e-07,0,true,64,64,20260814
128,128,16384,32,29,18,1,pace_fullk,2.411708,222.6102463,0,0,true,64,64,20260814
128,128,16384,32,29,18,2,kij,2.598239,206.6287636,2.384185791e-07,0,true,64,64,20260814
128,128,16384,32,29,19,0,ikj,2.572721,208.6782484,2.384185791e-07,0,true,64,64,20260814
128,128,16384,32,29,19,1,pace_fullk,2.415443,222.2660241,0,0,true,64,64,20260814
128,128,16384,32,29,19,2,kij,2.58586,207.6179345,2.384185791e-07,0,true,64,64,20260814
128,128,16384,32,47,0,0,ikj,2.567292,209.1195361,2.384185791e-07,0,true,64,64,20260814
128,128,16384,32,47,0,1,pace_fullk,2.422163,221.6493737,0,0,true,64,64,20260814
128,128,16384,32,47,0,2,kij,2.601585,206.3630102,2.384185791e-07,0,true,64,64,20260814
128,128,16384,32,47,1,0,kij,2.575945,208.417071,2.384185791e-07,0,true,64,64,20260814
128,128,16384,32,47,1,1,ikj,2.573692,208.5995185,2.384185791e-07,0,true,64,64,20260814
128,128,16384,32,47,1,2,pace_fullk,2.428193,221.0989456,0,0,true,64,64,20260814
128,128,16384,32,47,2,0,ikj,2.602355,206.3019503,2.384185791e-07,0,true,64,64,20260814
128,128,16384,32,47,2,1,kij,2.580662,208.036121,2.384185791e-07,0,true,64,64,20260814
128,128,16384,32,47,2,2,pace_fullk,2.408894,222.8702932,0,0,true,64,64,20260814
128,128,16384,32,47,3,0,ikj,2.587543,207.4828948,2.384185791e-07,0,true,64,64,20260814
128,128,16384,32,47,3,1,kij,2.568965,208.9833501,2.384185791e-07,0,true,64,64,20260814
128,128,16384,32,47,3,2,pace_fullk,2.404146,223.3104445,0,0,true,64,64,20260814
128,128,16384,32,47,4,0,ikj,2.596316,206.7818062,2.384185791e-07,0,true,64,64,20260814
128,128,16384,32,47,4,1,kij,2.576747,208.3522022,2.384185791e-07,0,true,64,64,20260814
128,128,16384,32,47,4,2,pace_fullk,2.398077,223.8755937,0,0,true,64,64,20260814
128,128,16384,32,47,5,0,ikj,2.611679,205.5654282,2.384185791e-07,0,true,64,64,20260814
128,128,16384,32,47,5,1,kij,2.574924,208.4997118,2.384185791e-07,0,true,64,64,20260814
128,128,16384,32,47,5,2,pace_fullk,2.408462,222.9102689,0,0,true,64,64,20260814
128,128,16384,32,47,6,0,pace_fullk,2.37416,226.1308892,0,0,true,64,64,20260814
128,128,16384,32,47,6,1,ikj,2.608946,205.7807682,2.384185791e-07,0,true,64,64,20260814
128,128,16384,32,47,6,2,kij,2.579531,208.1273348,2.384185791e-07,0,true,64,64,20260814
128,128,16384,32,47,7,0,kij,2.608635,205.8053012,2.384185791e-07,0,true,64,64,20260814
128,128,16384,32,47,7,1,pace_fullk,2.422414,221.6264074,0,0,true,64,64,20260814
128,128,16384,32,47,7,2,ikj,2.596417,206.7737625,2.384185791e-07,0,true,64,64,20260814
128,128,16384,32,47,8,0,pace_fullk,2.399559,223.7373251,0,0,true,64,64,20260814
128,128,16384,32,47,8,1,kij,2.597568,206.6821396,2.384185791e-07,0,true,64,64,20260814
128,128,16384,32,47,8,2,ikj,2.583628,207.7972959,2.384185791e-07,0,true,64,64,20260814
128,128,16384,32,47,9,0,pace_fullk,2.398848,223.8036391,0,0,true,64,64,20260814
128,128,16384,32,47,9,1,ikj,2.588495,207.4065865,2.384185791e-07,0,true,64,64,20260814
128,128,16384,32,47,9,2,kij,2.576616,208.3627952,2.384185791e-07,0,true,64,64,20260814
128,128,16384,32,47,10,0,pace_fullk,2.402533,223.4603695,0,0,true,64,64,20260814
128,128,16384,32,47,10,1,ikj,2.593532,207.003774,2.384185791e-07,0,true,64,64,20260814
128,128,16384,32,47,10,2,kij,2.567544,209.0990114,2.384185791e-07,0,true,64,64,20260814
128,128,16384,32,47,11,0,ikj,2.585249,207.6670031,2.384185791e-07,0,true,64,64,20260814
128,128,16384,32,47,11,1,pace_fullk,2.417726,222.0561437,0,0,true,64,64,20260814
128,128,16384,32,47,11,2,kij,2.595856,206.8184491,2.384185791e-07,0,true,64,64,20260814
128,128,16384,32,47,12,0,pace_fullk,2.388623,224.7616773,0,0,true,64,64,20260814
128,128,16384,32,47,12,1,kij,2.587402,207.4942015,2.384185791e-07,0,true,64,64,20260814
128,128,16384,32,47,12,2,ikj,2.574884,208.5029508,2.384185791e-07,0,true,64,64,20260814
128,128,16384,32,47,13,0,pace_fullk,2.407701,222.9807239,0,0,true,64,64,20260814
128,128,16384,32,47,13,1,kij,2.591139,207.1949486,2.384185791e-07,0,true,64,64,20260814
128,128,16384,32,47,13,2,ikj,2.566051,209.220671,2.384185791e-07,0,true,64,64,20260814
128,128,16384,32,47,14,0,pace_fullk,2.399308,223.760731,0,0,true,64,64,20260814
128,128,16384,32,47,14,1,ikj,2.594795,206.9030162,2.384185791e-07,0,true,64,64,20260814
128,128,16384,32,47,14,2,kij,2.575375,208.4631993,2.384185791e-07,0,true,64,64,20260814
128,128,16384,32,47,15,0,pace_fullk,2.401232,223.5814415,0,0,true,64,64,20260814
128,128,16384,32,47,15,1,ikj,2.588173,207.4323903,2.384185791e-07,0,true,64,64,20260814
128,128,16384,32,47,15,2,kij,2.591409,207.1733609,2.384185791e-07,0,true,64,64,20260814
128,128,16384,32,47,16,0,ikj,2.581895,207.936772,2.384185791e-07,0,true,64,64,20260814
128,128,16384,32,47,16,1,kij,2.572029,208.734393,2.384185791e-07,0,true,64,64,20260814
128,128,16384,32,47,16,2,pace_fullk,2.418327,222.0009585,0,0,true,64,64,20260814
128,128,16384,32,47,17,0,kij,2.60511,206.0837784,2.384185791e-07,0,true,64,64,20260814
128,128,16384,32,47,17,1,ikj,2.573873,208.5848494,2.384185791e-07,0,true,64,64,20260814
128,128,16384,32,47,17,2,pace_fullk,2.417186,222.1057511,0,0,true,64,64,20260814
128,128,16384,32,47,18,0,pace_fullk,2.370926,226.4393372,0,0,true,64,64,20260814
128,128,16384,32,47,18,1,kij,2.601624,206.3599167,2.384185791e-07,0,true,64,64,20260814
128,128,16384,32,47,18,2,ikj,2.583377,207.8174854,2.384185791e-07,0,true,64,64,20260814
128,128,16384,32,47,19,0,ikj,2.608374,205.8258946,2.384185791e-07,0,true,64,64,20260814
128,128,16384,32,47,19,1,pace_fullk,2.421822,221.6805826,0,0,true,64,64,20260814
128,128,16384,32,47,19,2,kij,2.595035,206.8838809,2.384185791e-07,0,true,64,64,20260814
128,256,2048,32,11,0,0,pace_fullk,0.591214,227.0205509,0,0,true,64,64,20260814
128,256,2048,32,11,0,1,kij,0.637705,210.469932,2.384185791e-07,0,true,64,64,20260814
128,256,2048,32,11,0,2,ikj,0.636773,210.7779821,2.384185791e-07,0,true,64,64,20260814
128,256,2048,32,11,1,0,kij,0.636503,210.8673926,2.384185791e-07,0,true,64,64,20260814
128,256,2048,32,11,1,1,ikj,0.638356,210.2552933,2.384185791e-07,0,true,64,64,20260814
128,256,2048,32,11,1,2,pace_fullk,0.596112,225.1552192,0,0,true,64,64,20260814
128,256,2048,32,11,2,0,pace_fullk,0.590563,227.2708043,0,0,true,64,64,20260814
128,256,2048,32,11,2,1,kij,0.655932,204.6214059,2.384185791e-07,0,true,64,64,20260814
128,256,2048,32,11,2,2,ikj,0.636322,210.9273732,2.384185791e-07,0,true,64,64,20260814
128,256,2048,32,11,3,0,ikj,0.635932,211.0567293,2.384185791e-07,0,true,64,64,20260814
128,256,2048,32,11,3,1,pace_fullk,0.591044,227.0858481,0,0,true,64,64,20260814
128,256,2048,32,11,3,2,kij,0.637023,210.6952622,2.384185791e-07,0,true,64,64,20260814
128,256,2048,32,11,4,0,pace_fullk,0.590122,227.4406445,0,0,true,64,64,20260814
128,256,2048,32,11,4,1,ikj,0.635921,211.0603801,2.384185791e-07,0,true,64,64,20260814
128,256,2048,32,11,4,2,kij,0.637534,210.5263845,2.384185791e-07,0,true,64,64,20260814
128,256,2048,32,11,5,0,kij,0.637925,210.3973477,2.384185791e-07,0,true,64,64,20260814
128,256,2048,32,11,5,1,pace_fullk,0.596702,224.9325928,0,0,true,64,64,20260814
128,256,2048,32,11,5,2,ikj,0.638906,210.0742957,2.384185791e-07,0,true,64,64,20260814
128,256,2048,32,11,6,0,pace_fullk,0.595971,225.2084883,0,0,true,64,64,20260814
128,256,2048,32,11,6,1,kij,0.638546,210.1927316,2.384185791e-07,0,true,64,64,20260814
128,256,2048,32,11,6,2,ikj,0.637334,210.5924492,2.384185791e-07,0,true,64,64,20260814
128,256,2048,32,11,7,0,kij,0.638075,210.347887,2.384185791e-07,0,true,64,64,20260814
128,256,2048,32,11,7,1,pace_fullk,0.596372,225.0570583,0,0,true,64,64,20260814
128,256,2048,32,11,7,2,ikj,0.637644,210.4900666,2.384185791e-07,0,true,64,64,20260814
128,256,2048,32,11,8,0,pace_fullk,0.590683,227.2246332,0,0,true,64,64,20260814
128,256,2048,32,11,8,1,kij,0.642421,208.9248764,2.384185791e-07,0,true,64,64,20260814
128,256,2048,32,11,8,2,ikj,0.636813,210.7647426,2.384185791e-07,0,true,64,64,20260814
128,256,2048,32,11,9,0,kij,0.661941,202.7638838,2.384185791e-07,0,true,64,64,20260814
128,256,2048,32,11,9,1,pace_fullk,0.590734,227.2050161,0,0,true,64,64,20260814
128,256,2048,32,11,9,2,ikj,0.637144,210.655249,2.384185791e-07,0,true,64,64,20260814
128,256,2048,32,11,10,0,pace_fullk,0.591094,227.0666391,0,0,true,64,64,20260814
128,256,2048,32,11,10,1,kij,0.638626,210.166401,2.384185791e-07,0,true,64,64,20260814
128,256,2048,32,11,10,2,ikj,0.637584,210.5098748,2.384185791e-07,0,true,64,64,20260814
128,256,2048,32,11,11,0,kij,0.635761,211.1134971,2.384185791e-07,0,true,64,64,20260814
128,256,2048,32,11,11,1,pace_fullk,0.591094,227.0666391,0,0,true,64,64,20260814
128,256,2048,32,11,11,2,ikj,0.636322,210.9273732,2.384185791e-07,0,true,64,64,20260814
128,256,2048,32,11,12,0,pace_fullk,0.647529,207.276783,0,0,true,64,64,20260814
128,256,2048,32,11,12,1,kij,0.639938,209.7355181,2.384185791e-07,0,true,64,64,20260814
128,256,2048,32,11,12,2,ikj,0.635932,211.0567293,2.384185791e-07,0,true,64,64,20260814
128,256,2048,32,11,13,0,pace_fullk,0.59552,225.3790435,0,0,true,64,64,20260814
128,256,2048,32,11,13,1,ikj,0.636964,210.7147782,2.384185791e-07,0,true,64,64,20260814
128,256,2048,32,11,13,2,kij,0.636392,210.9041723,2.384185791e-07,0,true,64,64,20260814
128,256,2048,32,11,14,0,kij,0.637374,210.5792329,2.384185791e-07,0,true,64,64,20260814
128,256,2048,32,11,14,1,ikj,0.638326,210.2651748,2.384185791e-07,0,true,64,64,20260814
128,256,2048,32,11,14,2,pace_fullk,0.591755,226.813002,0,0,true,64,64,20260814
128,256,2048,32,11,15,0,kij,0.647369,207.3280123,2.384185791e-07,0,true,64,64,20260814
128,256,2048,32,11,15,1,pace_fullk,0.590412,227.3289296,0,0,true,64,64,20260814
128,256,2048,32,11,15,2,ikj,0.637564,210.5164783,2.384185791e-07,0,true,64,64,20260814
128,256,2048,32,11,16,0,pace_fullk,0.589862,227.540896,0,0,true,64,64,20260814
128,256,2048,32,11,16,1,ikj,0.636102,211.0003238,2.384185791e-07,0,true,64,64,20260814
128,256,2048,32,11,16,2,kij,0.637955,210.3874537,2.384185791e-07,0,true,64,64,20260814
128,256,2048,32,11,17,0,kij,0.635882,211.0733249,2.384185791e-07,0,true,64,64,20260814
128,256,2048,32,11,17,1,ikj,0.636242,210.9538949,2.384185791e-07,0,true,64,64,20260814
128,256,2048,32,11,17,2,pace_fullk,0.591645,226.8551716,0,0,true,64,64,20260814
128,256,2048,32,11,18,0,kij,0.644254,208.3304535,2.384185791e-07,0,true,64,64,20260814
128,256,2048,32,11,18,1,ikj,0.637584,210.5098748,2.384185791e-07,0,true,64,64,20260814
128,256,2048,32,11,18,2,pace_fullk,0.591314,226.9821584,0,0,true,64,64,20260814
128,256,2048,32,11,19,0,ikj,0.636683,210.8077772,2.384185791e-07,0,true,64,64,20260814
128,256,2048,32,11,19,1,pace_fullk,0.589992,227.4907592,0,0,true,64,64,20260814
128,256,2048,32,11,19,2,kij,0.637865,210.4171384,2.384185791e-07,0,true,64,64,20260814
128,256,2048,32,29,0,0,pace_fullk,0.589592,227.6450969,0,0,true,64,64,20260814
128,256,2048,32,29,0,1,kij,0.6409,209.4207021,2.384185791e-07,0,true,64,64,20260814
128,256,2048,32,29,0,2,ikj,0.635641,211.1533523,2.384185791e-07,0,true,64,64,20260814
128,256,2048,32,29,1,0,pace_fullk,0.590483,227.3015955,0,0,true,64,64,20260814
128,256,2048,32,29,1,1,kij,0.638115,210.3347014,2.384185791e-07,0,true,64,64,20260814
128,256,2048,32,29,1,2,ikj,0.64142,209.2509245,2.384185791e-07,0,true,64,64,20260814
128,256,2048,32,29,2,0,kij,0.637695,210.4732325,2.384185791e-07,0,true,64,64,20260814
128,256,2048,32,29,2,1,ikj,0.657855,204.0232696,2.384185791e-07,0,true,64,64,20260814
128,256,2048,32,29,2,2,pace_fullk,0.591504,226.9092483,0,0,true,64,64,20260814
128,256,2048,32,29,3,0,kij,0.638566,210.1861483,2.384185791e-07,0,true,64,64,20260814
128,256,2048,32,29,3,1,ikj,0.635882,211.0733249,2.384185791e-07,0,true,64,64,20260814
128,256,2048,32,29,3,2,pace_fullk,0.591835,226.7823431,0,0,true,64,64,20260814
128,256,2048,32,29,4,0,pace_fullk,0.590733,227.2054007,0,0,true,64,64,20260814
128,256,2048,32,29,4,1,ikj,0.639236,209.9658467,2.384185791e-07,0,true,64,64,20260814
128,256,2048,32,29,4,2,kij,0.644094,208.3822051,2.384185791e-07,0,true,64,64,20260814
128,256,2048,32,29,5,0,pace_fullk,0.591044,227.0858481,0,0,true,64,64,20260814
128,256,2048,32,29,5,1,kij,0.644485,208.2557825,2.384185791e-07,0,true,64,64,20260814
128,256,2048,32,29,5,2,ikj,0.636373,210.9104692,2.384185791e-07,0,true,64,64,20260814
128,256,2048,32,29,6,0,ikj,0.635972,211.0434547,2.384185791e-07,0,true,64,64,20260814
128,256,2048,32,29,6,1,pace_fullk,0.590843,227.1631009,0,0,true,64,64,20260814
128,256,2048,32,29,6,2,kij,0.637835,210.4270352,2.384185791e-07,0,true,64,64,20260814
128,256,2048,32,29,7,0,pace_fullk,0.590022,227.4791923,0,0,true,64,64,20260814
128,256,2048,32,29,7,1,kij,0.639207,209.9753726,2.384185791e-07,0,true,64,64,20260814
128,256,2048,32,29,7,2,ikj,0.636343,210.9204124,2.384185791e-07,0,true,64,64,20260814
128,256,2048,32,29,8,0,kij,0.638997,210.0443789,2.384185791e-07,0,true,64,64,20260814
128,256,2048,32,29,8,1,ikj,0.649142,206.7617378,2.384185791e-07,0,true,64,64,20260814
128,256,2048,32,29,8,2,pace_fullk,0.592055,226.6980737,0,0,true,64,64,20260814
128,256,2048,32,29,9,0,ikj,0.636502,210.8677239,2.384185791e-07,0,true,64,64,20260814
128,256,2048,32,29,9,1,kij,0.637133,210.658886,2.384185791e-07,0,true,64,64,20260814
128,256,2048,32,29,9,2,pace_fullk,0.590513,227.2900478,0,0,true,64,64,20260814
128,256,2048,32,29,10,0,pace_fullk,0.590473,227.305445,0,0,true,64,64,20260814
128,256,2048,32,29,10,1,ikj,0.637023,210.6952622,2.384185791e-07,0,true,64,64,20260814
128,256,2048,32,29,10,2,kij,0.637034,210.691624,2.384185791e-07,0,true,64,64,20260814
128,256,2048,32,29,11,0,ikj,0.637003,210.7018774,2.384185791e-07,0,true,64,64,20260814
128,256,2048,32,29,11,1,kij,0.644996,208.0907913,2.384185791e-07,0,true,64,64,20260814
128,256,2048,32,29,11,2,pace_fullk,0.591154,227.0435927,0,0,true,64,64,20260814
128,256,2048,32,29,12,0,ikj,0.637114,210.6651682,2.384185791e-07,0,true,64,64,20260814
128,256,2048,32,29,12,1,kij,0.639498,209.8798245,2.384185791e-07,0,true,64,64,20260814
128,256,2048,32,29,12,2,pace_fullk,0.591825,226.786175,0,0,true,64,64,20260814
128,256,2048,32,29,13,0,kij,0.639147,209.9950841,2.384185791e-07,0,true,64,64,20260814
128,256,2048,32,29,13,1,ikj,0.636072,211.0102756,2.384185791e-07,0,true,64,64,20260814
128,256,2048,32,29,13,2,pace_fullk,0.590933,227.1285036,0,0,true,64,64,20260814
128,256,2048,32,29,14,0,ikj,0.636442,210.8876033,2.384185791e-07,0,true,64,64,20260814
128,256,2048,32,29,14,1,kij,0.645376,207.9682666,2.384185791e-07,0,true,64,64,20260814
128,256,2048,32,29,14,2,pace_fullk,0.591354,226.966805,0,0,true,64,64,20260814
128,256,2048,32,29,15,0,pace_fullk,0.599066,224.0449767,0,0,true,64,64,20260814
128,256,2048,32,29,15,1,ikj,0.636923,210.7283424,2.384185791e-07,0,true,64,64,20260814
128,256,2048,32,29,15,2,kij,0.637113,210.6654989,2.384185791e-07,0,true,64,64,20260814
128,256,2048,32,29,16,0,pace_fullk,0.591585,226.8781798,0,0,true,64,64,20260814
128,256,2048,32,29,16,1,kij,0.638897,210.077255,2.384185791e-07,0,true,64,64,20260814
128,256,2048,32,29,16,2,ikj,0.636653,210.8177107,2.384185791e-07,0,true,64,64,20260814
128,256,2048,32,29,17,0,pace_fullk,0.590844,227.1627164,0,0,true,64,64,20260814
128,256,2048,32,29,17,1,kij,0.645166,208.0359597,2.384185791e-07,0,true,64,64,20260814
128,256,2048,32,29,17,2,ikj,0.635461,211.2131634,2.384185791e-07,0,true,64,64,20260814
128,256,2048,32,29,18,0,ikj,0.642842,208.7880506,2.384185791e-07,0,true,64,64,20260814
128,256,2048,32,29,18,1,pace_fullk,0.597293,224.7100301,0,0,true,64,64,20260814
128,256,2048,32,29,18,2,kij,0.636743,210.7879129,2.384185791e-07,0,true,64,64,20260814
128,256,2048,32,29,19,0,pace_fullk,0.590574,227.2665712,0,0,true,64,64,20260814
128,256,2048,32,29,19,1,ikj,0.636142,210.9870563,2.384185791e-07,0,true,64,64,20260814
128,256,2048,32,29,19,2,kij,0.636492,210.8710369,2.384185791e-07,0,true,64,64,20260814
128,256,2048,32,47,0,0,ikj,0.635782,211.1065239,2.384185791e-07,0,true,64,64,20260814
128,256,2048,32,47,0,1,kij,0.637384,210.5759291,2.384185791e-07,0,true,64,64,20260814
128,256,2048,32,47,0,2,pace_fullk,0.591905,226.7555233,0,0,true,64,64,20260814
128,256,2048,32,47,1,0,ikj,0.637274,210.6122767,2.384185791e-07,0,true,64,64,20260814
128,256,2048,32,47,1,1,pace_fullk,0.589932,227.5138965,0,0,true,64,64,20260814
128,256,2048,32,47,1,2,kij,0.646067,207.7458344,2.384185791e-07,0,true,64,64,20260814
128,256,2048,32,47,2,0,kij,0.639196,209.9789861,2.384185791e-07,0,true,64,64,20260814
128,256,2048,32,47,2,1,ikj,0.636542,210.8544731,2.384185791e-07,0,true,64,64,20260814
128,256,2048,32,47,2,2,pace_fullk,0.591484,226.9169208,0,0,true,64,64,20260814
128,256,2048,32,47,3,0,ikj,0.635661,211.1467087,2.384185791e-07,0,true,64,64,20260814
128,256,2048,32,47,3,1,pace_fullk,0.589922,227.5177532,0,0,true,64,64,20260814
128,256,2048,32,47,3,2,kij,0.638105,210.3379977,2.384185791e-07,0,true,64,64,20260814
128,256,2048,32,47,4,0,ikj,0.638316,210.2684689,2.384185791e-07,0,true,64,64,20260814
128,256,2048,32,47,4,1,kij,0.637945,210.3907516,2.384185791e-07,0,true,64,64,20260814
128,256,2048,32,47,4,2,pace_fullk,0.612566,219.1073746,0,0,true,64,64,20260814
128,256,2048,32,47,5,0,pace_fullk,0.589402,227.7184808,0,0,true,64,64,20260814
128,256,2048,32,47,5,1,ikj,0.637033,210.6919547,2.384185791e-07,0,true,64,64,20260814
128,256,2048,32,47,5,2,kij,0.637564,210.5164783,2.384185791e-07,0,true,64,64,20260814
128,256,2048,32,47,6,0,kij,0.639527,209.8703073,2.384185791e-07,0,true,64,64,20260814
128,256,2048,32,47,6,1,pace_fullk,0.60194,222.97526,0,0,true,64,64,20260814
128,256,2048,32,47,6,2,ikj,0.638085,210.3445905,2.384185791e-07,0,true,64,64,20260814
128,256,2048,32,47,7,0,ikj,0.637064,210.6817023,2.384185791e-07,0,true,64,64,20260814
128,256,2048,32,47,7,1,kij,0.636953,210.7184172,2.384185791e-07,0,true,64,64,20260814
128,256,2048,32,47,7,2,pace_fullk,0.600057,223.6749642,0,0,true,64,64,20260814
128,256,2048,32,47,8,0,kij,0.637273,210.6126072,2.384185791e-07,0,true,64,64,20260814
128,256,2048,32,47,8,1,ikj,0.637043,210.6886474,2.384185791e-07,0,true,64,64,20260814
128,256,2048,32,47,8,2,pace_fullk,0.590503,227.2938969,0,0,true,64,64,20260814
128,256,2048,32,47,9,0,pace_fullk,0.589883,227.5327955,0,0,true,64,64,20260814
128,256,2048,32,47,9,1,kij,0.637845,210.4237362,2.384185791e-07,0,true,64,64,20260814
128,256,2048,32,47,9,2,ikj,0.636903,210.7349596,2.384185791e-07,0,true,64,64,20260814
128,256,2048,32,47,10,0,pace_fullk,0.590823,227.1707906,0,0,true,64,64,20260814
128,256,2048,32,47,10,1,kij,0.639407,209.9096945,2.384185791e-07,0,true,64,64,20260814
128,256,2048,32,47,10,2,ikj,0.642382,208.9375605,2.384185791e-07,0,true,64,64,20260814
128,256,2048,32,47,11,0,ikj,0.635661,211.1467087,2.384185791e-07,0,true,64,64,20260814
128,256,2048,32,47,11,1,pace_fullk,0.597433,224.6573725,0,0,true,64,64,20260814
128,256,2048,32,47,11,2,kij,0.636973,210.711801,2.384185791e-07,0,true,64,64,20260814
128,256,2048,32,47,12,0,ikj,0.645806,207.8297941,2.384185791e-07,0,true,64,64,20260814
128,256,2048,32,47,12,1,pace_fullk,0.591395,226.9510699,0,0,true,64,64,20260814
128,256,2048,32,47,12,2,kij,0.637945,210.3907516,2.384185791e-07,0,true,64,64,20260814
128,256,2048,32,47,13,0,kij,0.636773,210.7779821,2.384185791e-07,0,true,64,64,20260814
128,256,2048,32,47,13,1,pace_fullk,0.590443,227.3169942,0,0,true,64,64,20260814
128,256,2048,32,47,13,2,ikj,0.646928,207.4693443,2.384185791e-07,0,true,64,64,20260814
128,256,2048,32,47,14,0,pace_fullk,0.589721,227.5953002,0,0,true,64,64,20260814
128,256,2048,32,47,14,1,ikj,0.646277,207.6783299,2.384185791e-07,0,true,64,64,20260814
128,256,2048,32,47,14,2,kij,0.638927,210.0673911,2.384185791e-07,0,true,64,64,20260814
128,256,2048,32,47,15,0,ikj,0.637724,210.4636614,2.384185791e-07,0,true,64,64,20260814
128,256,2048,32,47,15,1,pace_fullk,0.591074,227.0743223,0,0,true,64,64,20260814
128,256,2048,32,47,15,2,kij,0.638126,210.3310757,2.384185791e-07,0,true,64,64,20260814
128,256,2048,32,47,16,0,pace_fullk,0.590453,227.3131443,0,0,true,64,64,20260814
128,256,2048,32,47,16,1,kij,0.638145,210.3248133,2.384185791e-07,0,true,64,64,20260814
128,256,2048,32,47,16,2,ikj,0.637955,210.3874537,2.384185791e-07,0,true,64,64,20260814
128,256,2048,32,47,17,0,pace_fullk,0.591214,227.0205509,0,0,true,64,64,20260814
128,256,2048,32,47,17,1,ikj,0.644876,208.1295133,2.384185791e-07,0,true,64,64,20260814
128,256,2048,32,47,17,2,kij,0.637003,210.7018774,2.384185791e-07,0,true,64,64,20260814
128,256,2048,32,47,18,0,ikj,0.635782,211.1065239,2.384185791e-07,0,true,64,64,20260814
128,256,2048,32,47,18,1,pace_fullk,0.591745,226.816835,0,0,true,64,64,20260814
128,256,2048,32,47,18,2,kij,0.64112,209.3488395,2.384185791e-07,0,true,64,64,20260814
128,256,2048,32,47,19,0,pace_fullk,0.591124,227.0551153,0,0,true,64,64,20260814
128,256,2048,32,47,19,1,ikj,0.638005,210.3709657,2.384185791e-07,0,true,64,64,20260814
128,256,2048,32,47,19,2,kij,0.638546,210.1927316,2.384185791e-07,0,true,64,64,20260814
128,256,8192,32,11,0,0,pace_fullk,2.378707,225.6986304,0,0,true,64,64,20260814
128,256,8192,32,11,0,1,ikj,2.566963,209.1463383,2.384185791e-07,0,true,64,64,20260814
128,256,8192,32,11,0,2,kij,2.563677,209.4144122,2.384185791e-07,0,true,64,64,20260814
128,256,8192,32,11,1,0,ikj,2.56524,209.286816,2.384185791e-07,0,true,64,64,20260814
128,256,8192,32,11,1,1,pace_fullk,2.390886,224.5489379,0,0,true,64,64,20260814
128,256,8192,32,11,1,2,kij,2.566651,209.171762,2.384185791e-07,0,true,64,64,20260814
128,256,8192,32,11,2,0,kij,2.561685,209.5772556,2.384185791e-07,0,true,64,64,20260814
128,256,8192,32,11,2,1,pace_fullk,2.418948,221.9439657,0,0,true,64,64,20260814
128,256,8192,32,11,2,2,ikj,2.5786,208.2024789,2.384185791e-07,0,true,64,64,20260814
128,256,8192,32,11,3,0,ikj,2.575064,208.4883762,2.384185791e-07,0,true,64,64,20260814
128,256,8192,32,11,3,1,pace_fullk,2.381071,225.4745499,0,0,true,64,64,20260814
128,256,8192,32,11,3,2,kij,2.57177,208.7554144,2.384185791e-07,0,true,64,64,20260814
128,256,8192,32,11,4,0,ikj,2.561383,209.6019658,2.384185791e-07,0,true,64,64,20260814
128,256,8192,32,11,4,1,pace_fullk,2.390925,224.5452752,0,0,true,64,64,20260814
128,256,8192,32,11,4,2,kij,2.578279,208.2284004,2.384185791e-07,0,true,64,64,20260814
128,256,8192,32,11,5,0,kij,2.559331,209.7700188,2.384185791e-07,0,true,64,64,20260814
128,256,8192,32,11,5,1,pace_fullk,2.385067,225.0967843,0,0,true,64,64,20260814
128,256,8192,32,11,5,2,ikj,2.582986,207.8489438,2.384185791e-07,0,true,64,64,20260814
128,256,8192,32,11,6,0,ikj,2.595785,206.824106,2.384185791e-07,0,true,64,64,20260814
128,256,8192,32,11,6,1,kij,2.563437,209.4340185,2.384185791e-07,0,true,64,64,20260814
128,256,8192,32,11,6,2,pace_fullk,2.38701,224.913558,0,0,true,64,64,20260814
128,256,8192,32,11,7,0,ikj,2.576988,208.3327171,2.384185791e-07,0,true,64,64,20260814
128,256,8192,32,11,7,1,pace_fullk,2.380751,225.5048562,0,0,true,64,64,20260814
128,256,8192,32,11,7,2,kij,2.574744,208.514288,2.384185791e-07,0,true,64,64,20260814
128,256,8192,32,11,8,0,ikj,2.558459,209.8415148,2.384185791e-07,0,true,64,64,20260814
128,256,8192,32,11,8,1,kij,2.562465,209.5134615,2.384185791e-07,0,true,64,64,20260814
128,256,8192,32,11,8,2,pace_fullk,2.389694,224.6609449,0,0,true,64,64,20260814
128,256,8192,32,11,9,0,pace_fullk,2.372928,226.2482941,0,0,true,64,64,20260814
128,256,8192,32,11,9,1,ikj,2.577458,208.2947276,2.384185791e-07,0,true,64,64,20260814
128,256,8192,32,11,9,2,kij,2.561103,209.6248812,2.384185791e-07,0,true,64,64,20260814
128,256,8192,32,11,10,0,kij,2.566762,209.1627163,2.384185791e-07,0,true,64,64,20260814
128,256,8192,32,11,10,1,ikj,2.564619,209.337493,2.384185791e-07,0,true,64,64,20260814
128,256,8192,32,11,10,2,pace_fullk,2.39354,224.299954,0,0,true,64,64,20260814
128,256,8192,32,11,11,0,kij,2.57222,208.7188934,2.384185791e-07,0,true,64,64,20260814
128,256,8192,32,11,11,1,pace_fullk,2.390015,224.6307709,0,0,true,64,64,20260814
128,256,8192,32,11,11,2,ikj,2.577038,208.328675,2.384185791e-07,0,true,64,64,20260814
128,256,8192,32,11,12,0,kij,2.608805,205.7918902,2.384185791e-07,0,true,64,64,20260814
128,256,8192,32,11,12,1,pace_fullk,2.38012,225.5646404,0,0,true,64,64,20260814
128,256,8192,32,11,12,2,ikj,2.569155,208.9678949,2.384185791e-07,0,true,64,64,20260814
128,256,8192,32,11,13,0,ikj,2.56596,209.2280909,2.384185791e-07,0,true,64,64,20260814
128,256,8192,32,11,13,1,kij,2.566912,209.1504937,2.384185791e-07,0,true,64,64,20260814
128,256,8192,32,11,13,2,pace_fullk,2.390505,224.5847267,0,0,true,64,64,20260814
128,256,8192,32,11,14,0,kij,2.570638,208.8473414,2.384185791e-07,0,true,64,64,20260814
128,256,8192,32,11,14,1,pace_fullk,2.372547,226.2846266,0,0,true,64,64,20260814
128,256,8192,32,11,14,2,ikj,2.575425,208.4591522,2.384185791e-07,0,true,64,64,20260814
128,256,8192,32,11,15,0,ikj,2.566571,209.1782818,2.384185791e-07,0,true,64,64,20260814
128,256,8192,32,11,15,1,kij,2.561033,209.6306108,2.384185791e-07,0,true,64,64,20260814
128,256,8192,32,11,15,2,pace_fullk,2.386309,224.9796284,0,0,true,64,64,20260814
128,256,8192,32,11,16,0,kij,2.577308,208.3068504,2.384185791e-07,0,true,64,64,20260814
128,256,8192,32,11,16,1,pace_fullk,2.379078,225.6634343,0,0,true,64,64,20260814
128,256,8192,32,11,16,2,ikj,2.576306,208.387867,2.384185791e-07,0,true,64,64,20260814
128,256,8192,32,11,17,0,ikj,2.561574,209.5863372,2.384185791e-07,0,true,64,64,20260814
128,256,8192,32,11,17,1,pace_fullk,2.38049,225.5295809,0,0,true,64,64,20260814
128,256,8192,32,11,17,2,kij,2.582316,207.9028717,2.384185791e-07,0,true,64,64,20260814
128,256,8192,32,11,18,0,kij,2.599011,206.5673874,2.384185791e-07,0,true,64,64,20260814
128,256,8192,32,11,18,1,pace_fullk,2.391877,224.455903,0,0,true,64,64,20260814
128,256,8192,32,11,18,2,ikj,2.568114,209.0526012,2.384185791e-07,0,true,64,64,20260814
128,256,8192,32,11,19,0,ikj,2.567533,209.0999072,2.384185791e-07,0,true,64,64,20260814
128,256,8192,32,11,19,1,kij,2.562616,209.501116,2.384185791e-07,0,true,64,64,20260814
128,256,8192,32,11,19,2,pace_fullk,2.390926,224.5451812,0,0,true,64,64,20260814
128,256,8192,32,29,0,0,kij,2.567422,209.1089474,2.384185791e-07,0,true,64,64,20260814
128,256,8192,32,29,0,1,pace_fullk,2.395773,224.0908934,0,0,true,64,64,20260814
128,256,8192,32,29,0,2,ikj,2.574363,208.5451477,2.384185791e-07,0,true,64,64,20260814
128,256,8192,32,29,1,0,pace_fullk,2.38074,225.5058982,0,0,true,64,64,20260814
128,256,8192,32,29,1,1,kij,2.571799,208.7530604,2.384185791e-07,0,true,64,64,20260814
128,256,8192,32,29,1,2,ikj,2.558439,209.8431551,2.384185791e-07,0,true,64,64,20260814
128,256,8192,32,29,2,0,kij,2.557908,209.8867168,2.384185791e-07,0,true,64,64,20260814
128,256,8192,32,29,2,1,pace_fullk,2.392118,224.4332897,0,0,true,64,64,20260814
128,256,8192,32,29,2,2,ikj,2.572441,208.7009622,2.384185791e-07,0,true,64,64,20260814
128,256,8192,32,29,3,0,pace_fullk,2.383756,225.2205813,0,0,true,64,64,20260814
128,256,8192,32,29,3,1,kij,2.566431,209.1896926,2.384185791e-07,0,true,64,64,20260814
128,256,8192,32,29,3,2,ikj,2.55921,209.7799368,2.384185791e-07,0,true,64,64,20260814
128,256,8192,32,29,4,0,kij,2.567743,209.0828062,2.384185791e-07,0,true,64,64,20260814
128,256,8192,32,29,4,1,pace_fullk,2.389924,224.6393241,0,0,true,64,64,20260814
128,256,8192,32,29,4,2,ikj,2.576577,208.3659491,2.384185791e-07,0,true,64,64,20260814
128,256,8192,32,29,5,0,kij,2.557077,209.9549259,2.384185791e-07,0,true,64,64,20260814
128,256,8192,32,29,5,1,ikj,2.570598,208.8505912,2.384185791e-07,0,true,64,64,20260814
128,256,8192,32,29,5,2,pace_fullk,2.388061,224.8145722,0,0,true,64,64,20260814
128,256,8192,32,29,6,0,kij,2.573592,208.6076239,2.384185791e-07,0,true,64,64,20260814
128,256,8192,32,29,6,1,pace_fullk,2.376093,225.9469272,0,0,true,64,64,20260814
128,256,8192,32,29,6,2,ikj,2.564278,209.3653309,2.384185791e-07,0,true,64,64,20260814
128,256,8192,32,29,7,0,pace_fullk,2.380219,225.5552586,0,0,true,64,64,20260814
128,256,8192,32,29,7,1,kij,2.591148,207.194229,2.384185791e-07,0,true,64,64,20260814
128,256,8192,32,29,7,2,ikj,2.59834,206.6207317,2.384185791e-07,0,true,64,64,20260814
128,256,8192,32,29,8,0,ikj,2.556567,209.996809,2.384185791e-07,0,true,64,64,20260814
128,256,8192,32,29,8,1,pace_fullk,2.381783,225.4071475,0,0,true,64,64,20260814
128,256,8192,32,29,8,2,kij,2.572951,208.6595944,2.384185791e-07,0,true,64,64,20260814
128,256,8192,32,29,9,0,pace_fullk,2.382463,225.342812,0,0,true,64,64,20260814
128,256,8192,32,29,9,1,ikj,2.576377,208.3821242,2.384185791e-07,0,true,64,64,20260814
128,256,8192,32,29,9,2,kij,2.561134,209.6223439,2.384185791e-07,0,true,64,64,20260814
128,256,8192,32,29,10,0,kij,2.565781,209.2426875,2.384185791e-07,0,true,64,64,20260814
128,256,8192,32,29,10,1,pace_fullk,2.387711,224.8475264,0,0,true,64,64,20260814
128,256,8192,32,29,10,2,ikj,2.574614,208.5248165,2.384185791e-07,0,true,64,64,20260814
128,256,8192,32,29,11,0,kij,2.560463,209.6772779,2.384185791e-07,0,true,64,64,20260814
128,256,8192,32,29,11,1,pace_fullk,2.377185,225.8431346,0,0,true,64,64,20260814
128,256,8192,32,29,11,2,ikj,2.575455,208.456724,2.384185791e-07,0,true,64,64,20260814
128,256,8192,32,29,12,0,ikj,2.562215,209.5339041,2.384185791e-07,0,true,64,64,20260814
128,256,8192,32,29,12,1,pace_fullk,2.381962,225.3902086,0,0,true,64,64,20260814
128,256,8192,32,29,12,2,kij,2.572741,208.6766262,2.384185791e-07,0,true,64,64,20260814
128,256,8192,32,29,13,0,kij,2.577838,208.2640228,2.384185791e-07,0,true,64,64,20260814
128,256,8192,32,29,13,1,pace_fullk,2.385979,225.0107449,0,0,true,64,64,20260814
128,256,8192,32,29,13,2,ikj,2.577518,208.2898789,2.384185791e-07,0,true,64,64,20260814
128,256,8192,32,29,14,0,kij,2.556446,210.0067484,2.384185791e-07,0,true,64,64,20260814
128,256,8192,32,29,14,1,ikj,2.574203,208.5581098,2.384185791e-07,0,true,64,64,20260814
128,256,8192,32,29,14,2,pace_fullk,2.392789,224.3703528,0,0,true,64,64,20260814
128,256,8192,32,29,15,0,pace_fullk,2.373399,226.2033952,0,0,true,64,64,20260814
128,256,8192,32,29,15,1,ikj,2.579672,208.1159589,2.384185791e-07,0,true,64,64,20260814
128,256,8192,32,29,15,2,kij,2.557357,209.9319383,2.384185791e-07,0,true,64,64,20260814
128,256,8192,32,29,16,0,kij,2.562815,209.4848485,2.384185791e-07,0,true,64,64,20260814
128,256,8192,32,29,16,1,pace_fullk,2.400771,223.624374,0,0,true,64,64,20260814
128,256,8192,32,29,16,2,ikj,2.576527,208.3699926,2.384185791e-07,0,true,64,64,20260814
128,256,8192,32,29,17,0,ikj,2.564208,209.3710463,2.384185791e-07,0,true,64,64,20260814
128,256,8192,32,29,17,1,kij,2.558989,209.7980538,2.384185791e-07,0,true,64,64,20260814
128,256,8192,32,29,17,2,pace_fullk,2.387811,224.8381099,0,0,true,64,64,20260814
128,256,8192,32,29,18,0,ikj,2.577729,208.2728293,2.384185791e-07,0,true,64,64,20260814
128,256,8192,32,29,18,1,pace_fullk,2.376184,225.9382741,0,0,true,64,64,20260814
128,256,8192,32,29,18,2,kij,2.569846,208.911706,2.384185791e-07,0,true,64,64,20260814
128,256,8192,32,29,19,0,ikj,2.556987,209.9623158,2.384185791e-07,0,true,64,64,20260814
128,256,8192,32,29,19,1,kij,2.56531,209.2811052,2.384185791e-07,0,true,64,64,20260814
128,256,8192,32,29,19,2,pace_fullk,2.496145,215.0800182,0,0,true,64,64,20260814
128,256,8192,32,47,0,0,ikj,2.564749,209.3268823,2.384185791e-07,0,true,64,64,20260814
128,256,8192,32,47,0,1,pace_fullk,2.382173,225.3702447,0,0,true,64,64,20260814
128,256,8192,32,47,0,2,kij,2.569606,208.9312182,2.384185791e-07,0,true,64,64,20260814
128,256,8192,32,47,1,0,pace_fullk,2.378627,225.7062213,0,0,true,64,64,20260814
128,256,8192,32,47,1,1,ikj,2.571909,208.7441321,2.384185791e-07,0,true,64,64,20260814
128,256,8192,32,47,1,2,kij,2.566421,209.1905077,2.384185791e-07,0,true,64,64,20260814
128,256,8192,32,47,2,0,kij,2.558199,209.8628418,2.384185791e-07,0,true,64,64,20260814
128,256,8192,32,47,2,1,pace_fullk,2.381692,225.4157599,0,0,true,64,64,20260814
128,256,8192,32,47,2,2,ikj,2.580873,208.0191129,2.384185791e-07,0,true,64,64,20260814
128,256,8192,32,47,3,0,kij,2.563557,209.4242149,2.384185791e-07,0,true,64,64,20260814
128,256,8192,32,47,3,1,ikj,2.575415,208.4599616,2.384185791e-07,0,true,64,64,20260814
128,256,8192,32,47,3,2,pace_fullk,2.383445,225.2499688,0,0,true,64,64,20260814
128,256,8192,32,47,4,0,pace_fullk,2.372819,226.2586872,0,0,true,64,64,20260814
128,256,8192,32,47,4,1,kij,2.580362,208.0603078,2.384185791e-07,0,true,64,64,20260814
128,256,8192,32,47,4,2,ikj,2.564458,209.3506355,2.384185791e-07,0,true,64,64,20260814
128,256,8192,32,47,5,0,pace_fullk,2.381903,225.3957915,0,0,true,64,64,20260814
128,256,8192,32,47,5,1,kij,2.567693,209.0868776,2.384185791e-07,0,true,64,64,20260814
128,256,8192,32,47,5,2,ikj,2.562726,209.4921236,2.384185791e-07,0,true,64,64,20260814
128,256,8192,32,47,6,0,ikj,2.56515,209.294159,2.384185791e-07,0,true,64,64,20260814
128,256,8192,32,47,6,1,pace_fullk,2.392258,224.4201554,0,0,true,64,64,20260814
128,256,8192,32,47,6,2,kij,2.567754,209.0819105,2.384185791e-07,0,true,64,64,20260814
128,256,8192,32,47,7,0,ikj,2.564929,209.3121923,2.384185791e-07,0,true,64,64,20260814
128,256,8192,32,47,7,1,kij,2.55888,209.8069906,2.384185791e-07,0,true,64,64,20260814
128,256,8192,32,47,7,2,pace_fullk,2.405508,223.184006,0,0,true,64,64,20260814
128,256,8192,32,47,8,0,ikj,2.568795,208.9971804,2.384185791e-07,0,true,64,64,20260814
128,256,8192,32,47,8,1,kij,2.558309,209.8538183,2.384185791e-07,0,true,64,64,20260814
128,256,8192,32,47,8,2,pace_fullk,2.386269,224.9833996,0,0,true,64,64,20260814
128,256,8192,32,47,9,0,kij,2.590498,207.2462175,2.384185791e-07,0,true,64,64,20260814
128,256,8192,32,47,9,1,ikj,2.564108,209.3792118,2.384185791e-07,0,true,64,64,20260814
128,256,8192,32,47,9,2,pace_fullk,2.378647,225.7043235,0,0,true,64,64,20260814
128,256,8192,32,47,10,0,ikj,2.569656,208.9271529,2.384185791e-07,0,true,64,64,20260814
128,256,8192,32,47,10,1,pace_fullk,2.38668,224.9446562,0,0,true,64,64,20260814
128,256,8192,32,47,10,2,kij,2.569126,208.9702537,2.384185791e-07,0,true,64,64,20260814
128,256,8192,32,47,11,0,pace_fullk,2.380811,225.4991732,0,0,true,64,64,20260814
128,256,8192,32,47,11,1,ikj,2.566211,209.2076263,2.384185791e-07,0,true,64,64,20260814
128,256,8192,32,47,11,2,kij,2.570988,208.8189101,2.384185791e-07,0,true,64,64,20260814
128,256,8192,32,47,12,0,pace_fullk,2.384916,225.1110362,0,0,true,64,64,20260814
128,256,8192,32,47,12,1,kij,2.574904,208.5013313,2.384185791e-07,0,true,64,64,20260814
128,256,8192,32,47,12,2,ikj,2.558129,209.8685844,2.384185791e-07,0,true,64,64,20260814
128,256,8192,32,47,13,0,kij,2.556997,209.9614947,2.384185791e-07,0,true,64,64,20260814
128,256,8192,32,47,13,1,ikj,2.582676,207.873892,2.384185791e-07,0,true,64,64,20260814
128,256,8192,32,47,13,2,pace_fullk,2.390585,224.577211,0,0,true,64,64,20260814
128,256,8192,32,47,14,0,kij,2.574444,208.5385862,2.384185791e-07,0,true,64,64,20260814
128,256,8192,32,47,14,1,ikj,2.555765,210.0627061,2.384185791e-07,0,true,64,64,20260814
128,256,8192,32,47,14,2,pace_fullk,2.38063,225.5163179,0,0,true,64,64,20260814
128,256,8192,32,47,15,0,ikj,2.572491,208.6969058,2.384185791e-07,0,true,64,64,20260814
128,256,8192,32,47,15,1,kij,2.567703,209.0860633,2.384185791e-07,0,true,64,64,20260814
128,256,8192,32,47,15,2,pace_fullk,2.381321,225.4508787,0,0,true,64,64,20260814
128,256,8192,32,47,16,0,ikj,2.586311,207.5817301,2.384185791e-07,0,true,64,64,20260814
128,256,8192,32,47,16,1,kij,2.562335,209.5240911,2.384185791e-07,0,true,64,64,20260814
128,256,8192,32,47,16,2,pace_fullk,2.381311,225.4518255,0,0,true,64,64,20260814
128,256,8192,32,47,17,0,ikj,2.578149,208.2389001,2.384185791e-07,0,true,64,64,20260814
128,256,8192,32,47,17,1,kij,2.573102,208.6473494,2.384185791e-07,0,true,64,64,20260814
128,256,8192,32,47,17,2,pace_fullk,2.378127,225.7536759,0,0,true,64,64,20260814
128,256,8192,32,47,18,0,ikj,2.57228,208.7140249,2.384185791e-07,0,true,64,64,20260814
128,256,8192,32,47,18,1,kij,2.569536,208.93691,2.384185791e-07,0,true,64,64,20260814
128,256,8192,32,47,18,2,pace_fullk,2.384917,225.1109418,0,0,true,64,64,20260814
128,256,8192,32,47,19,0,kij,2.566331,209.1978439,2.384185791e-07,0,true,64,64,20260814
128,256,8192,32,47,19,1,ikj,2.563116,209.4602476,2.384185791e-07,0,true,64,64,20260814
128,256,8192,32,47,19,2,pace_fullk,2.385948,225.0136684,0,0,true,64,64,20260814
128,256,16384,32,11,0,0,kij,5.193063,206.7646443,2.384185791e-07,0,true,64,64,20260814
128,256,16384,32,11,0,1,ikj,5.179883,207.2907485,2.384185791e-07,0,true,64,64,20260814
128,256,16384,32,11,0,2,pace_fullk,4.824266,222.5710241,0,0,true,64,64,20260814
128,256,16384,32,11,1,0,kij,5.212694,205.9859689,2.384185791e-07,0,true,64,64,20260814
128,256,16384,32,11,1,1,ikj,5.203901,206.3340221,2.384185791e-07,0,true,64,64,20260814
128,256,16384,32,11,1,2,pace_fullk,4.834851,222.0837465,0,0,true,64,64,20260814
128,256,16384,32,11,2,0,kij,5.245633,204.6925174,2.384185791e-07,0,true,64,64,20260814
128,256,16384,32,11,2,1,ikj,5.176388,207.4307073,2.384185791e-07,0,true,64,64,20260814
128,256,16384,32,11,2,2,pace_fullk,4.841021,221.8006953,0,0,true,64,64,20260814
128,256,16384,32,11,3,0,ikj,5.328038,201.5266828,2.384185791e-07,0,true,64,64,20260814
128,256,16384,32,11,3,1,pace_fullk,4.843565,221.6841983,0,0,true,64,64,20260814
128,256,16384,32,11,3,2,kij,5.215467,205.8764486,2.384185791e-07,0,true,64,64,20260814
128,256,16384,32,11,4,0,ikj,5.183089,207.1625288,2.384185791e-07,0,true,64,64,20260814
128,256,16384,32,11,4,1,pace_fullk,4.816644,222.923227,0,0,true,64,64,20260814
128,256,16384,32,11,4,2,kij,5.216229,205.8463737,2.384185791e-07,0,true,64,64,20260814
128,256,16384,32,11,5,0,pace_fullk,4.809133,223.271393,0,0,true,64,64,20260814
128,256,16384,32,11,5,1,ikj,5.21673,205.8266048,2.384185791e-07,0,true,64,64,20260814
128,256,16384,32,11,5,2,kij,5.186964,207.0077649,2.384185791e-07,0,true,64,64,20260814
128,256,16384,32,11,6,0,kij,5.185332,207.0729172,2.384185791e-07,0,true,64,64,20260814
128,256,16384,32,11,6,1,ikj,5.187485,206.9869742,2.384185791e-07,0,true,64,64,20260814
128,256,16384,32,11,6,2,pace_fullk,4.826189,222.4823404,0,0,true,64,64,20260814
128,256,16384,32,11,7,0,kij,5.223029,205.5783768,2.384185791e-07,0,true,64,64,20260814
128,256,16384,32,11,7,1,pace_fullk,4.810235,223.2202427,0,0,true,64,64,20260814
128,256,16384,32,11,7,2,ikj,5.231512,205.2450274,2.384185791e-07,0,true,64,64,20260814
128,256,16384,32,11,8,0,ikj,5.17751,207.3857557,2.384185791e-07,0,true,64,64,20260814
128,256,16384,32,11,8,1,kij,5.193875,206.7323191,2.384185791e-07,0,true,64,64,20260814
128,256,16384,32,11,8,2,pace_fullk,4.819599,222.786548,0,0,true,64,64,20260814
128,256,16384,32,11,9,0,kij,5.253095,204.4017525,2.384185791e-07,0,true,64,64,20260814
128,256,16384,32,11,9,1,ikj,5.188727,206.9374288,2.384185791e-07,0,true,64,64,20260814
128,256,16384,32,11,9,2,pace_fullk,4.831748,222.2263711,0,0,true,64,64,20260814
128,256,16384,32,11,10,0,ikj,5.215338,205.8815409,2.384185791e-07,0,true,64,64,20260814
128,256,16384,32,11,10,1,kij,5.203099,206.3658262,2.384185791e-07,0,true,64,64,20260814
128,256,16384,32,11,10,2,pace_fullk,4.823215,222.6195233,0,0,true,64,64,20260814
128,256,16384,32,11,11,0,pace_fullk,4.793459,224.001462,0,0,true,64,64,20260814
128,256,16384,32,11,11,1,ikj,5.304913,202.4051712,2.384185791e-07,0,true,64,64,20260814
128,256,16384,32,11,11,2,kij,5.197861,206.5737856,2.384185791e-07,0,true,64,64,20260814
128,256,16384,32,11,12,0,kij,5.24421,204.7480601,2.384185791e-07,0,true,64,64,20260814
128,256,16384,32,11,12,1,ikj,5.180675,207.2590587,2.384185791e-07,0,true,64,64,20260814
128,256,16384,32,11,12,2,pace_fullk,4.828462,222.3776068,0,0,true,64,64,20260814
128,256,16384,32,11,13,0,ikj,5.231552,205.2434582,2.384185791e-07,0,true,64,64,20260814
128,256,16384,32,11,13,1,kij,5.185763,207.0557069,2.384185791e-07,0,true,64,64,20260814
128,256,16384,32,11,13,2,pace_fullk,4.816365,222.9361404,0,0,true,64,64,20260814
128,256,16384,32,11,14,0,pace_fullk,4.786629,224.3210878,0,0,true,64,64,20260814
128,256,16384,32,11,14,1,ikj,5.246866,204.6444152,2.384185791e-07,0,true,64,64,20260814
128,256,16384,32,11,14,2,kij,5.186724,207.0173435,2.384185791e-07,0,true,64,64,20260814
128,256,16384,32,11,15,0,pace_fullk,4.829584,222.3259444,0,0,true,64,64,20260814
128,256,16384,32,11,15,1,ikj,5.218752,205.7468575,2.384185791e-07,0,true,64,64,20260814
128,256,16384,32,11,15,2,kij,5.193774,206.7363393,2.384185791e-07,0,true,64,64,20260814
128,256,16384,32,11,16,0,kij,5.188337,206.952984,2.384185791e-07,0,true,64,64,20260814
128,256,16384,32,11,16,1,pace_fullk,4.877937,220.122118,0,0,true,64,64,20260814
128,256,16384,32,11,16,2,ikj,5.223199,205.5716859,2.384185791e-07,0,true,64,64,20260814
128,256,16384,32,11,17,0,ikj,5.188958,206.9282164,2.384185791e-07,0,true,64,64,20260814
128,256,16384,32,11,17,1,kij,5.201667,206.422638,2.384185791e-07,0,true,64,64,20260814
128,256,16384,32,11,17,2,pace_fullk,4.819379,222.796718,0,0,true,64,64,20260814
128,256,16384,32,11,18,0,ikj,5.24384,204.7625069,2.384185791e-07,0,true,64,64,20260814
128,256,16384,32,11,18,1,kij,5.180996,207.2462175,2.384185791e-07,0,true,64,64,20260814
128,256,16384,32,11,18,2,pace_fullk,4.823414,222.6103387,0,0,true,64,64,20260814
128,256,16384,32,11,19,0,pace_fullk,4.783895,224.4492875,0,0,true,64,64,20260814
128,256,16384,32,11,19,1,kij,5.265292,203.9282577,2.384185791e-07,0,true,64,64,20260814
128,256,16384,32,11,19,2,ikj,5.191141,206.8411981,2.384185791e-07,0,true,64,64,20260814
128,256,16384,32,29,0,0,kij,5.220615,205.6734358,2.384185791e-07,0,true,64,64,20260814
128,256,16384,32,29,0,1,pace_fullk,4.860241,220.9235764,0,0,true,64,64,20260814
128,256,16384,32,29,0,2,ikj,5.220936,205.6607903,2.384185791e-07,0,true,64,64,20260814
128,256,16384,32,29,1,0,ikj,5.174986,207.4869041,2.384185791e-07,0,true,64,64,20260814
128,256,16384,32,29,1,1,kij,5.198752,206.5383815,2.384185791e-07,0,true,64,64,20260814
128,256,16384,32,29,1,2,pace_fullk,4.818297,222.8467494,0,0,true,64,64,20260814
128,256,16384,32,29,2,0,ikj,5.229539,205.3224623,2.384185791e-07,0,true,64,64,20260814
128,256,16384,32,29,2,1,pace_fullk,4.811527,223.1603032,0,0,true,64,64,20260814
128,256,16384,32,29,2,2,kij,5.263921,203.9813713,2.384185791e-07,0,true,64,64,20260814
128,256,16384,32,29,3,0,ikj,5.177971,207.3672919,2.384185791e-07,0,true,64,64,20260814
128,256,16384,32,29,3,1,kij,5.189669,206.8998666,2.384185791e-07,0,true,64,64,20260814
128,256,16384,32,29,3,2,pace_fullk,4.817446,222.8861152,0,0,true,64,64,20260814
128,256,16384,32,29,4,0,pace_fullk,4.785277,224.3844659,0,0,true,64,64,20260814
128,256,16384,32,29,4,1,kij,5.229669,205.3173583,2.384185791e-07,0,true,64,64,20260814
128,256,16384,32,29,4,2,ikj,5.189919,206.8899002,2.384185791e-07,0,true,64,64,20260814
128,256,16384,32,29,5,0,kij,5.185753,207.0561062,2.384185791e-07,0,true,64,64,20260814
128,256,16384,32,29,5,1,pace_fullk,4.820811,222.7305372,0,0,true,64,64,20260814
128,256,16384,32,29,5,2,ikj,5.266985,203.8627078,2.384185791e-07,0,true,64,64,20260814
128,256,16384,32,29,6,0,kij,5.186333,207.0329506,2.384185791e-07,0,true,64,64,20260814
128,256,16384,32,29,6,1,pace_fullk,4.817175,222.8986541,0,0,true,64,64,20260814
128,256,16384,32,29,6,2,ikj,5.2173,205.8041178,2.384185791e-07,0,true,64,64,20260814
128,256,16384,32,29,7,0,kij,5.186013,207.0457255,2.384185791e-07,0,true,64,64,20260814
128,256,16384,32,29,7,1,pace_fullk,4.815853,222.959842,0,0,true,64,64,20260814
128,256,16384,32,29,7,2,ikj,5.218823,205.7440584,2.384185791e-07,0,true,64,64,20260814
128,256,16384,32,29,8,0,pace_fullk,4.805317,223.4486973,0,0,true,64,64,20260814
128,256,16384,32,29,8,1,ikj,5.223861,205.5456345,2.384185791e-07,0,true,64,64,20260814
128,256,16384,32,29,8,2,kij,5.187435,206.9889693,2.384185791e-07,0,true,64,64,20260814
128,256,16384,32,29,9,0,ikj,5.192493,206.7873416,2.384185791e-07,0,true,64,64,20260814
128,256,16384,32,29,9,1,kij,5.191111,206.8423935,2.384185791e-07,0,true,64,64,20260814
128,256,16384,32,29,9,2,pace_fullk,4.829013,222.3522331,0,0,true,64,64,20260814
128,256,16384,32,29,10,0,ikj,5.220325,205.6848614,2.384185791e-07,0,true,64,64,20260814
128,256,16384,32,29,10,1,pace_fullk,4.824717,222.5502188,0,0,true,64,64,20260814
128,256,16384,32,29,10,2,kij,5.231631,205.2403589,2.384185791e-07,0,true,64,64,20260814
128,256,16384,32,29,11,0,ikj,5.180495,207.2662601,2.384185791e-07,0,true,64,64,20260814
128,256,16384,32,29,11,1,kij,5.197651,206.5821318,2.384185791e-07,0,true,64,64,20260814
128,256,16384,32,29,11,2,pace_fullk,4.816805,222.9157759,0,0,true,64,64,20260814
128,256,16384,32,29,12,0,kij,5.225753,205.4712161,2.384185791e-07,0,true,64,64,20260814
128,256,16384,32,29,12,1,ikj,5.180825,207.253058,2.384185791e-07,0,true,64,64,20260814
128,256,16384,32,29,12,2,pace_fullk,4.825738,222.503133,0,0,true,64,64,20260814
128,256,16384,32,29,13,0,ikj,5.222198,205.6110902,2.384185791e-07,0,true,64,64,20260814
128,256,16384,32,29,13,1,kij,5.193985,206.7279409,2.384185791e-07,0,true,64,64,20260814
128,256,16384,32,29,13,2,pace_fullk,4.814321,223.0307917,0,0,true,64,64,20260814
128,256,16384,32,29,14,0,kij,5.228537,205.3618104,2.384185791e-07,0,true,64,64,20260814
128,256,16384,32,29,14,1,ikj,5.188307,206.9541806,2.384185791e-07,0,true,64,64,20260814
128,256,16384,32,29,14,2,pace_fullk,4.858778,220.9900975,0,0,true,64,64,20260814
128,256,16384,32,29,15,0,ikj,5.223109,205.5752281,2.384185791e-07,0,true,64,64,20260814
128,256,16384,32,29,15,1,pace_fullk,4.816434,222.9329467,0,0,true,64,64,20260814
128,256,16384,32,29,15,2,kij,5.254898,204.3316205,2.384185791e-07,0,true,64,64,20260814
128,256,16384,32,29,16,0,kij,5.19746,206.5897234,2.384185791e-07,0,true,64,64,20260814
128,256,16384,32,29,16,1,pace_fullk,4.830205,222.2973609,0,0,true,64,64,20260814
128,256,16384,32,29,16,2,ikj,5.241978,204.8352404,2.384185791e-07,0,true,64,64,20260814
128,256,16384,32,29,17,0,ikj,5.263039,204.0155553,2.384185791e-07,0,true,64,64,20260814
128,256,16384,32,29,17,1,pace_fullk,4.866059,220.6594338,0,0,true,64,64,20260814
128,256,16384,32,29,17,2,kij,5.232474,205.2072928,2.384185791e-07,0,true,64,64,20260814
128,256,16384,32,29,18,0,pace_fullk,4.820901,222.7263792,0,0,true,64,64,20260814
128,256,16384,32,29,18,1,ikj,5.221487,205.6390879,2.384185791e-07,0,true,64,64,20260814
128,256,16384,32,29,18,2,kij,5.182638,207.1805563,2.384185791e-07,0,true,64,64,20260814
128,256,16384,32,29,19,0,kij,5.187886,206.9709751,2.384185791e-07,0,true,64,64,20260814
128,256,16384,32,29,19,1,ikj,5.184981,207.0869351,2.384185791e-07,0,true,64,64,20260814
128,256,16384,32,29,19,2,pace_fullk,4.821301,222.7079006,0,0,true,64,64,20260814
128,256,16384,32,47,0,0,pace_fullk,4.818887,222.8194652,0,0,true,64,64,20260814
128,256,16384,32,47,0,1,ikj,5.229018,205.3429198,2.384185791e-07,0,true,64,64,20260814
128,256,16384,32,47,0,2,kij,5.186894,207.0105585,2.384185791e-07,0,true,64,64,20260814
128,256,16384,32,47,1,0,ikj,5.185382,207.0709205,2.384185791e-07,0,true,64,64,20260814
128,256,16384,32,47,1,1,kij,5.187846,206.9725709,2.384185791e-07,0,true,64,64,20260814
128,256,16384,32,47,1,2,pace_fullk,4.822563,222.649621,0,0,true,64,64,20260814
128,256,16384,32,47,2,0,ikj,5.21074,206.0632125,2.384185791e-07,0,true,64,64,20260814
128,256,16384,32,47,2,1,kij,5.183069,207.1633281,2.384185791e-07,0,true,64,64,20260814
128,256,16384,32,47,2,2,pace_fullk,4.824096,222.5788674,0,0,true,64,64,20260814
128,256,16384,32,47,3,0,kij,5.250741,204.4933894,2.384185791e-07,0,true,64,64,20260814
128,256,16384,32,47,3,1,ikj,5.189038,206.9250262,2.384185791e-07,0,true,64,64,20260814
128,256,16384,32,47,3,2,pace_fullk,4.817956,222.8625218,0,0,true,64,64,20260814
128,256,16384,32,47,4,0,kij,5.229689,205.3165731,2.384185791e-07,0,true,64,64,20260814
128,256,16384,32,47,4,1,pace_fullk,4.81393,223.0489068,0,0,true,64,64,20260814
128,256,16384,32,47,4,2,ikj,5.235397,205.0927225,2.384185791e-07,0,true,64,64,20260814
128,256,16384,32,47,5,0,pace_fullk,4.815613,222.9709539,0,0,true,64,64,20260814
128,256,16384,32,47,5,1,ikj,5.210039,206.0909379,2.384185791e-07,0,true,64,64,20260814
128,256,16384,32,47,5,2,kij,5.181716,207.2174206,2.384185791e-07,0,true,64,64,20260814
128,256,16384,32,47,6,0,ikj,5.223921,205.5432737,2.384185791e-07,0,true,64,64,20260814
128,256,16384,32,47,6,1,kij,5.184982,207.0868952,2.384185791e-07,0,true,64,64,20260814
128,256,16384,32,47,6,2,pace_fullk,4.82026,222.7559974,0,0,true,64,64,20260814
128,256,16384,32,47,7,0,pace_fullk,4.78046,224.6105655,0,0,true,64,64,20260814
128,256,16384,32,47,7,1,ikj,5.229909,205.3079363,2.384185791e-07,0,true,64,64,20260814
128,256,16384,32,47,7,2,kij,5.189459,206.9082392,2.384185791e-07,0,true,64,64,20260814
128,256,16384,32,47,8,0,ikj,5.184971,207.0873345,2.384185791e-07,0,true,64,64,20260814
128,256,16384,32,47,8,1,pace_fullk,4.824567,222.5571381,0,0,true,64,64,20260814
128,256,16384,32,47,8,2,kij,5.218011,205.7760752,2.384185791e-07,0,true,64,64,20260814
128,256,16384,32,47,9,0,kij,5.188517,206.9458044,2.384185791e-07,0,true,64,64,20260814
128,256,16384,32,47,9,1,pace_fullk,4.823305,222.6153693,0,0,true,64,64,20260814
128,256,16384,32,47,9,2,ikj,5.22328,205.568498,2.384185791e-07,0,true,64,64,20260814
128,256,16384,32,47,10,0,pace_fullk,4.815823,222.9612309,0,0,true,64,64,20260814
128,256,16384,32,47,10,1,ikj,5.223039,205.5779832,2.384185791e-07,0,true,64,64,20260814
128,256,16384,32,47,10,2,kij,5.182948,207.1681645,2.384185791e-07,0,true,64,64,20260814
128,256,16384,32,47,11,0,kij,5.181957,207.2077835,2.384185791e-07,0,true,64,64,20260814
128,256,16384,32,47,11,1,pace_fullk,4.861903,220.8480556,0,0,true,64,64,20260814
128,256,16384,32,47,11,2,ikj,5.226044,205.4597749,2.384185791e-07,0,true,64,64,20260814
128,256,16384,32,47,12,0,ikj,5.293045,202.8590016,2.384185791e-07,0,true,64,64,20260814
128,256,16384,32,47,12,1,kij,5.180725,207.2570584,2.384185791e-07,0,true,64,64,20260814
128,256,16384,32,47,12,2,pace_fullk,4.828493,222.3761791,0,0,true,64,64,20260814
128,256,16384,32,47,13,0,kij,5.229178,205.3366368,2.384185791e-07,0,true,64,64,20260814
128,256,16384,32,47,13,1,pace_fullk,4.812759,223.1031772,0,0,true,64,64,20260814
128,256,16384,32,47,13,2,ikj,5.228417,205.3665237,2.384185791e-07,0,true,64,64,20260814
128,256,16384,32,47,14,0,kij,5.191231,206.8376121,2.384185791e-07,0,true,64,64,20260814
128,256,16384,32,47,14,1,ikj,5.184751,207.0961217,2.384185791e-07,0,true,64,64,20260814
128,256,16384,32,47,14,2,pace_fullk,4.813971,223.0470071,0,0,true,64,64,20260814
128,256,16384,32,47,15,0,kij,5.220575,205.6750117,2.384185791e-07,0,true,64,64,20260814
128,256,16384,32,47,15,1,pace_fullk,4.815373,222.9820668,0,0,true,64,64,20260814
128,256,16384,32,47,15,2,ikj,5.231992,205.2261976,2.384185791e-07,0,true,64,64,20260814
128,256,16384,32,47,16,0,kij,5.184861,207.091728,2.384185791e-07,0,true,64,64,20260814
128,256,16384,32,47,16,1,pace_fullk,4.818858,222.8208061,0,0,true,64,64,20260814
128,256,16384,32,47,16,2,ikj,5.213054,205.971744,2.384185791e-07,0,true,64,64,20260814
128,256,16384,32,47,17,0,ikj,5.181126,207.2410175,2.384185791e-07,0,true,64,64,20260814
128,256,16384,32,47,17,1,pace_fullk,4.823484,222.6071081,0,0,true,64,64,20260814
128,256,16384,32,47,17,2,kij,5.234036,205.1460525,2.384185791e-07,0,true,64,64,20260814
128,256,16384,32,47,18,0,pace_fullk,4.815082,222.9955428,0,0,true,64,64,20260814
128,256,16384,32,47,18,1,ikj,5.224231,205.531077,2.384185791e-07,0,true,64,64,20260814
128,256,16384,32,47,18,2,kij,5.187765,206.9758025,2.384185791e-07,0,true,64,64,20260814
128,256,16384,32,47,19,0,kij,5.188186,206.9590073,2.384185791e-07,0,true,64,64,20260814
128,256,16384,32,47,19,1,ikj,5.182357,207.1917901,2.384185791e-07,0,true,64,64,20260814
128,256,16384,32,47,19,2,pace_fullk,4.819349,222.7981049,0,0,true,64,64,20260814
128,512,2048,32,11,0,0,kij,1.277782,210.0792279,2.384185791e-07,0,true,64,64,20260814
128,512,2048,32,11,0,1,ikj,1.283491,209.1447903,2.384185791e-07,0,true,64,64,20260814
128,512,2048,32,11,0,2,pace_fullk,1.187766,226.0002863,0,0,true,64,64,20260814
128,512,2048,32,11,1,0,pace_fullk,1.184962,226.5350754,0,0,true,64,64,20260814
128,512,2048,32,11,1,1,ikj,1.277322,210.1548834,2.384185791e-07,0,true,64,64,20260814
128,512,2048,32,11,1,2,kij,1.277702,210.0923815,2.384185791e-07,0,true,64,64,20260814
128,512,2048,32,11,2,0,ikj,1.277742,210.0858045,2.384185791e-07,0,true,64,64,20260814
128,512,2048,32,11,2,1,pace_fullk,1.182318,227.0416724,0,0,true,64,64,20260814
128,512,2048,32,11,2,2,kij,1.279205,209.8455337,2.384185791e-07,0,true,64,64,20260814
128,512,2048,32,11,3,0,kij,1.278423,209.9738944,2.384185791e-07,0,true,64,64,20260814
128,512,2048,32,11,3,1,ikj,1.281408,209.4847668,2.384185791e-07,0,true,64,64,20260814
128,512,2048,32,11,3,2,pace_fullk,1.188207,225.9164068,0,0,true,64,64,20260814
128,512,2048,32,11,4,0,ikj,1.28231,209.3374114,2.384185791e-07,0,true,64,64,20260814
128,512,2048,32,11,4,1,pace_fullk,1.182298,227.0455131,0,0,true,64,64,20260814
128,512,2048,32,11,4,2,kij,1.281188,209.5207386,2.384185791e-07,0,true,64,64,20260814
128,512,2048,32,11,5,0,ikj,1.274568,210.6089718,2.384185791e-07,0,true,64,64,20260814
128,512,2048,32,11,5,1,pace_fullk,1.182028,227.097375,0,0,true,64,64,20260814
128,512,2048,32,11,5,2,kij,1.279625,209.776658,2.384185791e-07,0,true,64,64,20260814
128,512,2048,32,11,6,0,pace_fullk,1.180575,227.3768765,0,0,true,64,64,20260814
128,512,2048,32,11,6,1,ikj,1.277813,210.0741313,2.384185791e-07,0,true,64,64,20260814
128,512,2048,32,11,6,2,kij,1.284893,208.9165837,2.384185791e-07,0,true,64,64,20260814
128,512,2048,32,11,7,0,kij,1.284232,209.024114,2.384185791e-07,0,true,64,64,20260814
128,512,2048,32,11,7,1,ikj,1.27642,210.3033923,2.384185791e-07,0,true,64,64,20260814
128,512,2048,32,11,7,2,pace_fullk,1.182438,227.018631,0,0,true,64,64,20260814
128,512,2048,32,11,8,0,pace_fullk,1.179434,227.5968439,0,0,true,64,64,20260814
128,512,2048,32,11,8,1,kij,1.281398,209.4864016,2.384185791e-07,0,true,64,64,20260814
128,512,2048,32,11,8,2,ikj,1.2761,210.3561288,2.384185791e-07,0,true,64,64,20260814
128,512,2048,32,11,9,0,kij,1.279835,209.7422371,2.384185791e-07,0,true,64,64,20260814
128,512,2048,32,11,9,1,pace_fullk,1.182308,227.0435927,0,0,true,64,64,20260814
128,512,2048,32,11,9,2,ikj,1.286987,208.5766647,2.384185791e-07,0,true,64,64,20260814
128,512,2048,32,11,10,0,ikj,1.338384,200.5668448,2.384185791e-07,0,true,64,64,20260814
128,512,2048,32,11,10,1,pace_fullk,1.200305,223.6393717,0,0,true,64,64,20260814
128,512,2048,32,11,10,2,kij,1.280837,209.5781555,2.384185791e-07,0,true,64,64,20260814
128,512,2048,32,11,11,0,pace_fullk,1.181517,227.1955935,0,0,true,64,64,20260814
128,512,2048,32,11,11,1,kij,1.278474,209.9655183,2.384185791e-07,0,true,64,64,20260814
128,512,2048,32,11,11,2,ikj,1.277021,210.2044179,2.384185791e-07,0,true,64,64,20260814
128,512,2048,32,11,12,0,ikj,1.274848,210.5627149,2.384185791e-07,0,true,64,64,20260814
128,512,2048,32,11,12,1,kij,1.277362,210.1483025,2.384185791e-07,0,true,64,64,20260814
128,512,2048,32,11,12,2,pace_fullk,1.187236,226.1011762,0,0,true,64,64,20260814
128,512,2048,32,11,13,0,kij,1.285684,208.7880506,2.384185791e-07,0,true,64,64,20260814
128,512,2048,32,11,13,1,ikj,1.28236,209.3292492,2.384185791e-07,0,true,64,64,20260814
128,512,2048,32,11,13,2,pace_fullk,1.184701,226.584983,0,0,true,64,64,20260814
128,512,2048,32,11,14,0,pace_fullk,1.179994,227.4888313,0,0,true,64,64,20260814
128,512,2048,32,11,14,1,ikj,1.276611,210.2719278,2.384185791e-07,0,true,64,64,20260814
128,512,2048,32,11,14,2,kij,1.278975,209.8832706,2.384185791e-07,0,true,64,64,20260814
128,512,2048,32,11,15,0,kij,1.277712,210.0907372,2.384185791e-07,0,true,64,64,20260814
128,512,2048,32,11,15,1,pace_fullk,1.182318,227.0416724,0,0,true,64,64,20260814
128,512,2048,32,11,15,2,ikj,1.276431,210.30158,2.384185791e-07,0,true,64,64,20260814
128,512,2048,32,11,16,0,kij,1.284002,209.061556,2.384185791e-07,0,true,64,64,20260814
128,512,2048,32,11,16,1,ikj,1.286756,208.6141087,2.384185791e-07,0,true,64,64,20260814
128,512,2048,32,11,16,2,pace_fullk,1.182328,227.0397521,0,0,true,64,64,20260814
128,512,2048,32,11,17,0,ikj,1.279035,209.8734249,2.384185791e-07,0,true,64,64,20260814
128,512,2048,32,11,17,1,pace_fullk,1.181026,227.2900478,0,0,true,64,64,20260814
128,512,2048,32,11,17,2,kij,1.277902,210.0595007,2.384185791e-07,0,true,64,64,20260814
128,512,2048,32,11,18,0,pace_fullk,1.181176,227.2611838,0,0,true,64,64,20260814
128,512,2048,32,11,18,1,kij,1.281017,209.548707,2.384185791e-07,0,true,64,64,20260814
128,512,2048,32,11,18,2,ikj,1.274748,210.5792329,2.384185791e-07,0,true,64,64,20260814
128,512,2048,32,11,19,0,kij,1.290011,208.0877264,2.384185791e-07,0,true,64,64,20260814
128,512,2048,32,11,19,1,pace_fullk,1.187616,226.0288309,0,0,true,64,64,20260814
128,512,2048,32,11,19,2,ikj,1.280897,209.5683384,2.384185791e-07,0,true,64,64,20260814
128,512,2048,32,29,0,0,kij,1.279796,209.7486287,2.384185791e-07,0,true,64,64,20260814
128,512,2048,32,29,0,1,ikj,1.281047,209.5437997,2.384185791e-07,0,true,64,64,20260814
128,512,2048,32,29,0,2,pace_fullk,1.187186,226.1106987,0,0,true,64,64,20260814
128,512,2048,32,29,1,0,ikj,1.314869,204.1537644,2.384185791e-07,0,true,64,64,20260814
128,512,2048,32,29,1,1,kij,1.278112,210.0249869,2.384185791e-07,0,true,64,64,20260814
128,512,2048,32,29,1,2,pace_fullk,1.182218,227.0608771,0,0,true,64,64,20260814
128,512,2048,32,29,2,0,ikj,1.276671,210.2620456,2.384185791e-07,0,true,64,64,20260814
128,512,2048,32,29,2,1,kij,1.27653,210.2852702,2.384185791e-07,0,true,64,64,20260814
128,512,2048,32,29,2,2,pace_fullk,1.181467,227.2052084,0,0,true,64,64,20260814
128,512,2048,32,29,3,0,ikj,1.276861,210.2307581,2.384185791e-07,0,true,64,64,20260814
128,512,2048,32,29,3,1,pace_fullk,1.185683,226.397322,0,0,true,64,64,20260814
128,512,2048,32,29,3,2,kij,1.285434,208.8286571,2.384185791e-07,0,true,64,64,20260814
128,512,2048,32,29,4,0,pace_fullk,1.18976,225.6215169,0,0,true,64,64,20260814
128,512,2048,32,29,4,1,ikj,1.275038,210.5313379,2.384185791e-07,0,true,64,64,20260814
128,512,2048,32,29,4,2,kij,1.278604,209.9441704,2.384185791e-07,0,true,64,64,20260814
128,512,2048,32,29,5,0,ikj,1.274267,210.6587207,2.384185791e-07,0,true,64,64,20260814
128,512,2048,32,29,5,1,pace_fullk,1.181377,227.2225175,0,0,true,64,64,20260814
128,512,2048,32,29,5,2,kij,1.279585,209.7832157,2.384185791e-07,0,true,64,64,20260814
128,512,2048,32,29,6,0,pace_fullk,1.180505,227.3903592,0,0,true,64,64,20260814
128,512,2048,32,29,6,1,ikj,1.278504,209.9605914,2.384185791e-07,0,true,64,64,20260814
128,512,2048,32,29,6,2,kij,1.285314,208.8481538,2.384185791e-07,0,true,64,64,20260814
128,512,2048,32,29,7,0,pace_fullk,1.186785,226.1870988,0,0,true,64,64,20260814
128,512,2048,32,29,7,1,ikj,1.283191,209.1936867,2.384185791e-07,0,true,64,64,20260814
128,512,2048,32,29,7,2,kij,1.277872,210.0644321,2.384185791e-07,0,true,64,64,20260814
128,512,2048,32,29,8,0,ikj,1.27648,210.2935071,2.384185791e-07,0,true,64,64,20260814
128,512,2048,32,29,8,1,kij,1.277882,210.0627883,2.384185791e-07,0,true,64,64,20260814
128,512,2048,32,29,8,2,pace_fullk,1.182278,227.0493539,0,0,true,64,64,20260814
128,512,2048,32,29,9,0,pace_fullk,1.180946,227.305445,0,0,true,64,64,20260814
128,512,2048,32,29,9,1,kij,1.280015,209.7127424,2.384185791e-07,0,true,64,64,20260814
128,512,2048,32,29,9,2,ikj,1.280005,209.7143808,2.384185791e-07,0,true,64,64,20260814
128,512,2048,32,29,10,0,kij,1.283291,209.1773853,2.384185791e-07,0,true,64,64,20260814
128,512,2048,32,29,10,1,pace_fullk,1.1903,225.5191599,0,0,true,64,64,20260814
128,512,2048,32,29,10,2,ikj,1.275959,210.3793743,2.384185791e-07,0,true,64,64,20260814
128,512,2048,32,29,11,0,ikj,1.276641,210.2669866,2.384185791e-07,0,true,64,64,20260814
128,512,2048,32,29,11,1,kij,1.27647,210.2951546,2.384185791e-07,0,true,64,64,20260814
128,512,2048,32,29,11,2,pace_fullk,1.181386,227.2207864,0,0,true,64,64,20260814
128,512,2048,32,29,12,0,pace_fullk,1.179324,227.6180727,0,0,true,64,64,20260814
128,512,2048,32,29,12,1,ikj,1.279074,209.8670257,2.384185791e-07,0,true,64,64,20260814
128,512,2048,32,29,12,2,kij,1.284493,208.9816418,2.384185791e-07,0,true,64,64,20260814
128,512,2048,32,29,13,0,kij,1.297973,206.8112788,2.384185791e-07,0,true,64,64,20260814
128,512,2048,32,29,13,1,ikj,1.288558,208.3223697,2.384185791e-07,0,true,64,64,20260814
128,512,2048,32,29,13,2,pace_fullk,1.181847,227.132155,0,0,true,64,64,20260814
128,512,2048,32,29,14,0,kij,1.279795,209.7487926,2.384185791e-07,0,true,64,64,20260814
128,512,2048,32,29,14,1,ikj,1.27649,210.2918597,2.384185791e-07,0,true,64,64,20260814
128,512,2048,32,29,14,2,pace_fullk,1.181197,227.2571434,0,0,true,64,64,20260814
128,512,2048,32,29,15,0,pace_fullk,1.179654,227.5543982,0,0,true,64,64,20260814
128,512,2048,32,29,15,1,kij,1.281477,209.4734872,2.384185791e-07,0,true,64,64,20260814
128,512,2048,32,29,15,2,ikj,1.275089,210.5229172,2.384185791e-07,0,true,64,64,20260814
128,512,2048,32,29,16,0,kij,1.402441,191.4058816,2.384185791e-07,0,true,64,64,20260814
128,512,2048,32,29,16,1,ikj,1.284402,208.9964482,2.384185791e-07,0,true,64,64,20260814
128,512,2048,32,29,16,2,pace_fullk,1.182358,227.0339914,0,0,true,64,64,20260814
128,512,2048,32,29,17,0,ikj,1.275479,210.4585462,2.384185791e-07,0,true,64,64,20260814
128,512,2048,32,29,17,1,pace_fullk,1.181597,227.1802112,0,0,true,64,64,20260814
128,512,2048,32,29,17,2,kij,1.277813,210.0741313,2.384185791e-07,0,true,64,64,20260814
128,512,2048,32,29,18,0,pace_fullk,1.180935,227.3075622,0,0,true,64,64,20260814
128,512,2048,32,29,18,1,ikj,1.274607,210.6025277,2.384185791e-07,0,true,64,64,20260814
128,512,2048,32,29,18,2,kij,1.279636,209.7748547,2.384185791e-07,0,true,64,64,20260814
128,512,2048,32,29,19,0,ikj,1.282029,209.3832948,2.384185791e-07,0,true,64,64,20260814
128,512,2048,32,29,19,1,kij,1.283621,209.1236089,2.384185791e-07,0,true,64,64,20260814
128,512,2048,32,29,19,2,pace_fullk,1.189599,225.6520525,0,0,true,64,64,20260814
128,512,2048,32,47,0,0,pace_fullk,1.181627,227.1744434,0,0,true,64,64,20260814
128,512,2048,32,47,0,1,ikj,1.280006,209.714217,2.384185791e-07,0,true,64,64,20260814
128,512,2048,32,47,0,2,kij,1.284683,208.9507341,2.384185791e-07,0,true,64,64,20260814
128,512,2048,32,47,1,0,kij,1.281619,209.4502781,2.384185791e-07,0,true,64,64,20260814
128,512,2048,32,47,1,1,ikj,1.275339,210.4816492,2.384185791e-07,0,true,64,64,20260814
128,512,2048,32,47,1,2,pace_fullk,1.18402,226.7153055,0,0,true,64,64,20260814
128,512,2048,32,47,2,0,pace_fullk,1.179835,227.5194887,0,0,true,64,64,20260814
128,512,2048,32,47,2,1,kij,1.278724,209.9244685,2.384185791e-07,0,true,64,64,20260814
128,512,2048,32,47,2,2,ikj,1.27624,210.3330533,2.384185791e-07,0,true,64,64,20260814
128,512,2048,32,47,3,0,pace_fullk,1.181597,227.1802112,0,0,true,64,64,20260814
128,512,2048,32,47,3,1,ikj,1.281708,209.4357342,2.384185791e-07,0,true,64,64,20260814
128,512,2048,32,47,3,2,kij,1.288899,208.2672545,2.384185791e-07,0,true,64,64,20260814
128,512,2048,32,47,4,0,pace_fullk,1.187646,226.0231214,0,0,true,64,64,20260814
128,512,2048,32,47,4,1,kij,1.281448,209.4782278,2.384185791e-07,0,true,64,64,20260814
128,512,2048,32,47,4,2,ikj,1.275419,210.4684468,2.384185791e-07,0,true,64,64,20260814
128,512,2048,32,47,5,0,ikj,1.274507,210.6190519,2.384185791e-07,0,true,64,64,20260814
128,512,2048,32,47,5,1,pace_fullk,1.181637,227.1725208,0,0,true,64,64,20260814
128,512,2048,32,47,5,2,kij,1.279275,209.8340513,2.384185791e-07,0,true,64,64,20260814
128,512,2048,32,47,6,0,kij,1.278453,209.9689672,2.384185791e-07,0,true,64,64,20260814
128,512,2048,32,47,6,1,pace_fullk,1.182498,227.0071121,0,0,true,64,64,20260814
128,512,2048,32,47,6,2,ikj,1.281588,209.4553445,2.384185791e-07,0,true,64,64,20260814
128,512,2048,32,47,7,0,kij,1.284282,209.0159762,2.384185791e-07,0,true,64,64,20260814
128,512,2048,32,47,7,1,ikj,1.273816,210.7333053,2.384185791e-07,0,true,64,64,20260814
128,512,2048,32,47,7,2,pace_fullk,1.181977,227.1071738,0,0,true,64,64,20260814
128,512,2048,32,47,8,0,pace_fullk,1.180435,227.4038435,0,0,true,64,64,20260814
128,512,2048,32,47,8,1,kij,1.279565,209.7864946,2.384185791e-07,0,true,64,64,20260814
128,512,2048,32,47,8,2,ikj,1.274498,210.6205392,2.384185791e-07,0,true,64,64,20260814
128,512,2048,32,47,9,0,pace_fullk,1.182358,227.0339914,0,0,true,64,64,20260814
128,512,2048,32,47,9,1,ikj,1.277542,210.1186936,2.384185791e-07,0,true,64,64,20260814
128,512,2048,32,47,9,2,kij,1.283701,209.1105764,2.384185791e-07,0,true,64,64,20260814
128,512,2048,32,47,10,0,pace_fullk,1.220986,219.8513791,0,0,true,64,64,20260814
128,512,2048,32,47,10,1,ikj,1.285354,208.8416545,2.384185791e-07,0,true,64,64,20260814
128,512,2048,32,47,10,2,kij,1.278995,209.8799886,2.384185791e-07,0,true,64,64,20260814
128,512,2048,32,47,11,0,pace_fullk,1.181377,227.2225175,0,0,true,64,64,20260814
128,512,2048,32,47,11,1,kij,1.278574,209.9490964,2.384185791e-07,0,true,64,64,20260814
128,512,2048,32,47,11,2,ikj,1.275038,210.5313379,2.384185791e-07,0,true,64,64,20260814
128,512,2048,32,47,12,0,pace_fullk,1.180896,227.3150692,0,0,true,64,64,20260814
128,512,2048,32,47,12,1,ikj,1.276881,210.2274652,2.384185791e-07,0,true,64,64,20260814
128,512,2048,32,47,12,2,kij,1.28273,209.2688687,2.384185791e-07,0,true,64,64,20260814
128,512,2048,32,47,13,0,pace_fullk,1.189329,225.7032797,0,0,true,64,64,20260814
128,512,2048,32,47,13,1,kij,1.285854,208.7604471,2.384185791e-07,0,true,64,64,20260814
128,512,2048,32,47,13,2,ikj,1.274237,210.6636803,2.384185791e-07,0,true,64,64,20260814
128,512,2048,32,47,14,0,kij,1.278424,209.9737302,2.384185791e-07,0,true,64,64,20260814
128,512,2048,32,47,14,1,ikj,1.274908,210.5528054,2.384185791e-07,0,true,64,64,20260814
128,512,2048,32,47,14,2,pace_fullk,1.183179,226.876454,0,0,true,64,64,20260814
128,512,2048,32,47,15,0,kij,1.278835,209.9062475,2.384185791e-07,0,true,64,64,20260814
128,512,2048,32,47,15,1,ikj,1.276231,210.3345366,2.384185791e-07,0,true,64,64,20260814
128,512,2048,32,47,15,2,pace_fullk,1.182748,226.9591291,0,0,true,64,64,20260814
128,512,2048,32,47,16,0,pace_fullk,1.185703,226.3935033,0,0,true,64,64,20260814
128,512,2048,32,47,16,1,ikj,1.285024,208.895286,2.384185791e-07,0,true,64,64,20260814
128,512,2048,32,47,16,2,kij,1.284503,208.9800148,2.384185791e-07,0,true,64,64,20260814
128,512,2048,32,47,17,0,ikj,1.275278,210.4917171,2.384185791e-07,0,true,64,64,20260814
128,512,2048,32,47,17,1,pace_fullk,1.182248,227.0551153,0,0,true,64,64,20260814
128,512,2048,32,47,17,2,kij,1.277402,210.141722,2.384185791e-07,0,true,64,64,20260814
128,512,2048,32,47,18,0,ikj,1.274338,210.6469838,2.384185791e-07,0,true,64,64,20260814
128,512,2048,32,47,18,1,pace_fullk,1.180916,227.3112194,0,0,true,64,64,20260814
128,512,2048,32,47,18,2,kij,1.281589,209.455181,2.384185791e-07,0,true,64,64,20260814
128,512,2048,32,47,19,0,ikj,1.286615,208.6369707,2.384185791e-07,0,true,64,64,20260814
128,512,2048,32,47,19,1,pace_fullk,1.200736,223.5590971,0,0,true,64,64,20260814
128,512,2048,32,47,19,2,kij,1.321088,203.1927139,2.384185791e-07,0,true,64,64,20260814
128,512,8192,32,11,0,0,kij,5.164861,207.8936537,2.384185791e-07,0,true,64,64,20260814
128,512,8192,32,11,0,1,ikj,5.153143,208.3663939,2.384185791e-07,0,true,64,64,20260814
128,512,8192,32,11,0,2,pace_fullk,4.782954,224.4934457,0,0,true,64,64,20260814
128,512,8192,32,11,1,0,pace_fullk,4.753138,225.9016725,0,0,true,64,64,20260814
128,512,8192,32,11,1,1,kij,5.180915,207.2494577,2.384185791e-07,0,true,64,64,20260814
128,512,8192,32,11,1,2,ikj,5.154225,208.3226526,2.384185791e-07,0,true,64,64,20260814
128,512,8192,32,11,2,0,ikj,5.145472,208.6770318,2.384185791e-07,0,true,64,64,20260814
128,512,8192,32,11,2,1,kij,5.152172,208.4056635,2.384185791e-07,0,true,64,64,20260814
128,512,8192,32,11,2,2,pace_fullk,4.77452,224.8900044,0,0,true,64,64,20260814
128,512,8192,32,11,3,0,ikj,5.159453,208.1115622,2.384185791e-07,0,true,64,64,20260814
128,512,8192,32,11,3,1,pace_fullk,4.773209,224.9517723,0,0,true,64,64,20260814
128,512,8192,32,11,3,2,kij,5.178813,207.333577,2.384185791e-07,0,true,64,64,20260814
128,512,8192,32,11,4,0,ikj,5.142147,208.8119659,2.384185791e-07,0,true,64,64,20260814
128,512,8192,32,11,4,1,kij,5.157631,208.1850803,2.384185791e-07,0,true,64,64,20260814
128,512,8192,32,11,4,2,pace_fullk,4.774651,224.8838342,0,0,true,64,64,20260814
128,512,8192,32,11,5,0,pace_fullk,4.757024,225.7171341,0,0,true,64,64,20260814
128,512,8192,32,11,5,1,ikj,5.169208,207.7188273,2.384185791e-07,0,true,64,64,20260814
128,512,8192,32,11,5,2,kij,5.156758,208.2203245,2.384185791e-07,0,true,64,64,20260814
128,512,8192,32,11,6,0,pace_fullk,4.785598,224.3694151,0,0,true,64,64,20260814
128,512,8192,32,11,6,1,ikj,5.158972,208.1309656,2.384185791e-07,0,true,64,64,20260814
128,512,8192,32,11,6,2,kij,5.162137,208.0033567,2.384185791e-07,0,true,64,64,20260814
128,512,8192,32,11,7,0,ikj,5.1441,208.7326887,2.384185791e-07,0,true,64,64,20260814
128,512,8192,32,11,7,1,kij,5.165973,207.8489036,2.384185791e-07,0,true,64,64,20260814
128,512,8192,32,11,7,2,pace_fullk,4.777886,224.7315704,0,0,true,64,64,20260814
128,512,8192,32,11,8,0,ikj,5.16439,207.9126139,2.384185791e-07,0,true,64,64,20260814
128,512,8192,32,11,8,1,pace_fullk,4.770735,225.0684274,0,0,true,64,64,20260814
128,512,8192,32,11,8,2,kij,5.169037,207.725699,2.384185791e-07,0,true,64,64,20260814
128,512,8192,32,11,9,0,kij,5.153203,208.3639678,2.384185791e-07,0,true,64,64,20260814
128,512,8192,32,11,9,1,pace_fullk,4.776904,224.777769,0,0,true,64,64,20260814
128,512,8192,32,11,9,2,ikj,5.168937,207.7297177,2.384185791e-07,0,true,64,64,20260814
128,512,8192,32,11,10,0,kij,5.156468,208.2320348,2.384185791e-07,0,true,64,64,20260814
128,512,8192,32,11,10,1,ikj,5.145341,208.6823447,2.384185791e-07,0,true,64,64,20260814
128,512,8192,32,11,10,2,pace_fullk,4.772868,224.9678441,0,0,true,64,64,20260814
128,512,8192,32,11,11,0,pace_fullk,4.754029,225.8593341,0,0,true,64,64,20260814
128,512,8192,32,11,11,1,ikj,5.17066,207.6604967,2.384185791e-07,0,true,64,64,20260814
128,512,8192,32,11,11,2,kij,5.153103,208.3680113,2.384185791e-07,0,true,64,64,20260814
128,512,8192,32,11,12,0,kij,5.160044,208.0877264,2.384185791e-07,0,true,64,64,20260814
128,512,8192,32,11,12,1,ikj,5.139813,208.9067879,2.384185791e-07,0,true,64,64,20260814
128,512,8192,32,11,12,2,pace_fullk,4.828913,222.3568377,0,0,true,64,64,20260814
128,512,8192,32,11,13,0,ikj,5.166583,207.8243636,2.384185791e-07,0,true,64,64,20260814
128,512,8192,32,11,13,1,pace_fullk,4.773068,224.9584175,0,0,true,64,64,20260814
128,512,8192,32,11,13,2,kij,5.17046,207.6685293,2.384185791e-07,0,true,64,64,20260814
128,512,8192,32,11,14,0,kij,5.165822,207.8549791,2.384185791e-07,0,true,64,64,20260814
128,512,8192,32,11,14,1,pace_fullk,4.77406,224.9116735,0,0,true,64,64,20260814
128,512,8192,32,11,14,2,ikj,5.163569,207.9456717,2.384185791e-07,0,true,64,64,20260814
128,512,8192,32,11,15,0,kij,5.153274,208.361097,2.384185791e-07,0,true,64,64,20260814
128,512,8192,32,11,15,1,pace_fullk,4.774872,224.8734257,0,0,true,64,64,20260814
128,512,8192,32,11,15,2,ikj,5.17074,207.6572839,2.384185791e-07,0,true,64,64,20260814
128,512,8192,32,11,16,0,kij,5.153574,208.3489679,2.384185791e-07,0,true,64,64,20260814
128,512,8192,32,11,16,1,pace_fullk,4.835482,222.054766,0,0,true,64,64,20260814
128,512,8192,32,11,16,2,ikj,5.161676,208.021934,2.384185791e-07,0,true,64,64,20260814
128,512,8192,32,11,17,0,kij,5.161106,208.0449082,2.384185791e-07,0,true,64,64,20260814
128,512,8192,32,11,17,1,pace_fullk,4.771646,225.0254575,0,0,true,64,64,20260814
128,512,8192,32,11,17,2,ikj,5.161416,208.0324128,2.384185791e-07,0,true,64,64,20260814
128,512,8192,32,11,18,0,kij,5.15112,208.4482256,2.384185791e-07,0,true,64,64,20260814
128,512,8192,32,11,18,1,ikj,5.142318,208.8050222,2.384185791e-07,0,true,64,64,20260814
128,512,8192,32,11,18,2,pace_fullk,4.778707,224.6929607,0,0,true,64,64,20260814
128,512,8192,32,11,19,0,ikj,5.160495,208.0695406,2.384185791e-07,0,true,64,64,20260814
128,512,8192,32,11,19,1,pace_fullk,4.777045,224.7711345,0,0,true,64,64,20260814
128,512,8192,32,11,19,2,kij,5.172112,207.6021989,2.384185791e-07,0,true,64,64,20260814
128,512,8192,32,29,0,0,ikj,5.136478,209.0424263,2.384185791e-07,0,true,64,64,20260814
128,512,8192,32,29,0,1,pace_fullk,4.782854,224.4981394,0,0,true,64,64,20260814
128,512,8192,32,29,0,2,kij,5.17734,207.3925653,2.384185791e-07,0,true,64,64,20260814
128,512,8192,32,29,1,0,pace_fullk,4.773789,224.9244414,0,0,true,64,64,20260814
128,512,8192,32,29,1,1,kij,5.176679,207.4190468,2.384185791e-07,0,true,64,64,20260814
128,512,8192,32,29,1,2,ikj,5.143729,208.7477439,2.384185791e-07,0,true,64,64,20260814
128,512,8192,32,29,2,0,pace_fullk,4.783084,224.4873441,0,0,true,64,64,20260814
128,512,8192,32,29,2,1,kij,5.170219,207.6782094,2.384185791e-07,0,true,64,64,20260814
128,512,8192,32,29,2,2,ikj,5.155958,208.252632,2.384185791e-07,0,true,64,64,20260814
128,512,8192,32,29,3,0,kij,5.149108,208.5296762,2.384185791e-07,0,true,64,64,20260814
128,512,8192,32,29,3,1,pace_fullk,4.78039,224.6138545,0,0,true,64,64,20260814
128,512,8192,32,29,3,2,ikj,5.158813,208.1373804,2.384185791e-07,0,true,64,64,20260814
128,512,8192,32,29,4,0,ikj,5.155486,208.2716981,2.384185791e-07,0,true,64,64,20260814
128,512,8192,32,29,4,1,kij,5.149047,208.5321466,2.384185791e-07,0,true,64,64,20260814
128,512,8192,32,29,4,2,pace_fullk,4.779709,224.6458569,0,0,true,64,64,20260814
128,512,8192,32,29,5,0,ikj,5.164581,207.9049247,2.384185791e-07,0,true,64,64,20260814
128,512,8192,32,29,5,1,pace_fullk,4.774,224.9145002,0,0,true,64,64,20260814
128,512,8192,32,29,5,2,kij,5.181305,207.2338579,2.384185791e-07,0,true,64,64,20260814
128,512,8192,32,29,6,0,ikj,5.143799,208.7449031,2.384185791e-07,0,true,64,64,20260814
128,512,8192,32,29,6,1,pace_fullk,4.781912,224.5423638,0,0,true,64,64,20260814
128,512,8192,32,29,6,2,kij,5.173865,207.5318595,2.384185791e-07,0,true,64,64,20260814
128,512,8192,32,29,7,0,pace_fullk,4.770205,225.0934339,0,0,true,64,64,20260814
128,512,8192,32,29,7,1,kij,5.175847,207.4523888,2.384185791e-07,0,true,64,64,20260814
128,512,8192,32,29,7,2,ikj,5.141196,208.8505912,2.384185791e-07,0,true,64,64,20260814
128,512,8192,32,29,8,0,ikj,5.144821,208.7034367,2.384185791e-07,0,true,64,64,20260814
128,512,8192,32,29,8,1,pace_fullk,4.781901,224.5428803,0,0,true,64,64,20260814
128,512,8192,32,29,8,2,kij,5.186654,207.0201375,2.384185791e-07,0,true,64,64,20260814
128,512,8192,32,29,9,0,kij,5.154415,208.3149735,2.384185791e-07,0,true,64,64,20260814
128,512,8192,32,29,9,1,pace_fullk,4.789133,224.2038014,0,0,true,64,64,20260814
128,512,8192,32,29,9,2,ikj,5.158001,208.1701465,2.384185791e-07,0,true,64,64,20260814
128,512,8192,32,29,10,0,pace_fullk,4.775442,224.8465847,0,0,true,64,64,20260814
128,512,8192,32,29,10,1,ikj,5.158842,208.1362104,2.384185791e-07,0,true,64,64,20260814
128,512,8192,32,29,10,2,kij,5.15738,208.1952123,2.384185791e-07,0,true,64,64,20260814
128,512,8192,32,29,11,0,kij,5.154936,208.2939195,2.384185791e-07,0,true,64,64,20260814
128,512,8192,32,29,11,1,pace_fullk,4.778045,224.724092,0,0,true,64,64,20260814
128,512,8192,32,29,11,2,ikj,5.17048,207.667726,2.384185791e-07,0,true,64,64,20260814
128,512,8192,32,29,12,0,pace_fullk,4.775823,224.8286471,0,0,true,64,64,20260814
128,512,8192,32,29,12,1,kij,5.178452,207.3480306,2.384185791e-07,0,true,64,64,20260814
128,512,8192,32,29,12,2,ikj,5.140865,208.8640383,2.384185791e-07,0,true,64,64,20260814
128,512,8192,32,29,13,0,ikj,5.147224,208.6060028,2.384185791e-07,0,true,64,64,20260814
128,512,8192,32,29,13,1,kij,5.158642,208.1442798,2.384185791e-07,0,true,64,64,20260814
128,512,8192,32,29,13,2,pace_fullk,4.779227,224.6685131,0,0,true,64,64,20260814
128,512,8192,32,29,14,0,ikj,5.162838,207.9751145,2.384185791e-07,0,true,64,64,20260814
128,512,8192,32,29,14,1,pace_fullk,4.806289,223.4035082,0,0,true,64,64,20260814
128,512,8192,32,29,14,2,kij,5.176538,207.4246966,2.384185791e-07,0,true,64,64,20260814
128,512,8192,32,29,15,0,ikj,5.142467,208.7989722,2.384185791e-07,0,true,64,64,20260814
128,512,8192,32,29,15,1,kij,5.187014,207.0057694,2.384185791e-07,0,true,64,64,20260814
128,512,8192,32,29,15,2,pace_fullk,4.783744,224.4563722,0,0,true,64,64,20260814
128,512,8192,32,29,16,0,ikj,5.172152,207.6005933,2.384185791e-07,0,true,64,64,20260814
128,512,8192,32,29,16,1,pace_fullk,4.785076,224.3938913,0,0,true,64,64,20260814
128,512,8192,32,29,16,2,kij,5.177871,207.3712968,2.384185791e-07,0,true,64,64,20260814
128,512,8192,32,29,17,0,ikj,5.140233,208.8897184,2.384185791e-07,0,true,64,64,20260814
128,512,8192,32,29,17,1,kij,5.193385,206.7518245,2.384185791e-07,0,true,64,64,20260814
128,512,8192,32,29,17,2,pace_fullk,4.783734,224.4568415,0,0,true,64,64,20260814
128,512,8192,32,29,18,0,ikj,5.159262,208.1192667,2.384185791e-07,0,true,64,64,20260814
128,512,8192,32,29,18,1,pace_fullk,4.769553,225.1242043,0,0,true,64,64,20260814
128,512,8192,32,29,18,2,kij,5.171792,207.6150441,2.384185791e-07,0,true,64,64,20260814
128,512,8192,32,29,19,0,ikj,5.147755,208.5844847,2.384185791e-07,0,true,64,64,20260814
128,512,8192,32,29,19,1,kij,5.160514,208.0687745,2.384185791e-07,0,true,64,64,20260814
128,512,8192,32,29,19,2,pace_fullk,4.785568,224.3708216,0,0,true,64,64,20260814
128,512,8192,32,47,0,0,kij,5.182318,207.1933494,2.384185791e-07,0,true,64,64,20260814
128,512,8192,32,47,0,1,pace_fullk,4.764976,225.3404475,0,0,true,64,64,20260814
128,512,8192,32,47,0,2,ikj,5.155698,208.2631341,2.384185791e-07,0,true,64,64,20260814
128,512,8192,32,47,1,0,ikj,5.141245,208.8486007,2.384185791e-07,0,true,64,64,20260814
128,512,8192,32,47,1,1,pace_fullk,4.777415,224.7537264,0,0,true,64,64,20260814
128,512,8192,32,47,1,2,kij,5.170099,207.6830297,2.384185791e-07,0,true,64,64,20260814
128,512,8192,32,47,2,0,pace_fullk,4.769833,225.110989,0,0,true,64,64,20260814
128,512,8192,32,47,2,1,kij,5.173975,207.5274473,2.384185791e-07,0,true,64,64,20260814
128,512,8192,32,47,2,2,ikj,5.142687,208.7900399,2.384185791e-07,0,true,64,64,20260814
128,512,8192,32,47,3,0,ikj,5.14449,208.7168648,2.384185791e-07,0,true,64,64,20260814
128,512,8192,32,47,3,1,kij,5.153494,208.3522022,2.384185791e-07,0,true,64,64,20260814
128,512,8192,32,47,3,2,pace_fullk,4.784135,224.4380278,0,0,true,64,64,20260814
128,512,8192,32,47,4,0,ikj,5.165783,207.8565484,2.384185791e-07,0,true,64,64,20260814
128,512,8192,32,47,4,1,pace_fullk,4.765117,225.3337796,0,0,true,64,64,20260814
128,512,8192,32,47,4,2,kij,5.172673,207.5796835,2.384185791e-07,0,true,64,64,20260814
128,512,8192,32,47,5,0,kij,5.147485,208.5954255,2.384185791e-07,0,true,64,64,20260814
128,512,8192,32,47,5,1,ikj,5.150358,208.4790657,2.384185791e-07,0,true,64,64,20260814
128,512,8192,32,47,5,2,pace_fullk,4.772828,224.9697295,0,0,true,64,64,20260814
128,512,8192,32,47,6,0,ikj,5.164561,207.9057298,2.384185791e-07,0,true,64,64,20260814
128,512,8192,32,47,6,1,kij,5.167785,207.7760247,2.384185791e-07,0,true,64,64,20260814
128,512,8192,32,47,6,2,pace_fullk,4.785477,224.3750882,0,0,true,64,64,20260814
128,512,8192,32,47,7,0,ikj,5.159713,208.1010754,2.384185791e-07,0,true,64,64,20260814
128,512,8192,32,47,7,1,kij,5.164,207.928316,2.384185791e-07,0,true,64,64,20260814
128,512,8192,32,47,7,2,pace_fullk,4.772768,224.9725576,0,0,true,64,64,20260814
128,512,8192,32,47,8,0,kij,5.159423,208.1127723,2.384185791e-07,0,true,64,64,20260814
128,512,8192,32,47,8,1,ikj,5.141306,208.8461228,2.384185791e-07,0,true,64,64,20260814
128,512,8192,32,47,8,2,pace_fullk,4.773469,224.9395197,0,0,true,64,64,20260814
128,512,8192,32,47,9,0,ikj,5.171751,207.61669,2.384185791e-07,0,true,64,64,20260814
128,512,8192,32,47,9,1,pace_fullk,4.770334,225.0873469,0,0,true,64,64,20260814
128,512,8192,32,47,9,2,kij,5.175467,207.4676206,2.384185791e-07,0,true,64,64,20260814
128,512,8192,32,47,10,0,kij,5.159774,208.0986152,2.384185791e-07,0,true,64,64,20260814
128,512,8192,32,47,10,1,ikj,5.15096,208.4547005,2.384185791e-07,0,true,64,64,20260814
128,512,8192,32,47,10,2,pace_fullk,4.776624,224.7909452,0,0,true,64,64,20260814
128,512,8192,32,47,11,0,kij,5.186113,207.0417332,2.384185791e-07,0,true,64,64,20260814
128,512,8192,32,47,11,1,pace_fullk,4.770344,225.0868751,0,0,true,64,64,20260814
128,512,8192,32,47,11,2,ikj,5.174816,207.4937204,2.384185791e-07,0,true,64,64,20260814
128,512,8192,32,47,12,0,ikj,5.147114,208.6104609,2.384185791e-07,0,true,64,64,20260814
128,512,8192,32,47,12,1,kij,5.191822,206.8140672,2.384185791e-07,0,true,64,64,20260814
128,512,8192,32,47,12,2,pace_fullk,4.78086,224.591773,0,0,true,64,64,20260814
128,512,8192,32,47,13,0,ikj,5.166554,207.8255301,2.384185791e-07,0,true,64,64,20260814
128,512,8192,32,47,13,1,kij,5.163559,207.9460744,2.384185791e-07,0,true,64,64,20260814
128,512,8192,32,47,13,2,pace_fullk,4.785817,224.3591479,0,0,true,64,64,20260814
128,512,8192,32,47,14,0,pace_fullk,4.752688,225.9230616,0,0,true,64,64,20260814
128,512,8192,32,47,14,1,kij,5.175958,207.4479399,2.384185791e-07,0,true,64,64,20260814
128,512,8192,32,47,14,2,ikj,5.153373,208.3570943,2.384185791e-07,0,true,64,64,20260814
128,512,8192,32,47,15,0,ikj,5.145101,208.6920789,2.384185791e-07,0,true,64,64,20260814
128,512,8192,32,47,15,1,pace_fullk,4.777896,224.7311,0,0,true,64,64,20260814
128,512,8192,32,47,15,2,kij,5.180014,207.2855062,2.384185791e-07,0,true,64,64,20260814
128,512,8192,32,47,16,0,pace_fullk,4.769723,225.1161805,0,0,true,64,64,20260814
128,512,8192,32,47,16,1,kij,5.19662,206.6231173,2.384185791e-07,0,true,64,64,20260814
128,512,8192,32,47,16,2,ikj,5.1381,208.9764356,2.384185791e-07,0,true,64,64,20260814
128,512,8192,32,47,17,0,ikj,5.135486,209.0828062,2.384185791e-07,0,true,64,64,20260814
128,512,8192,32,47,17,1,kij,5.155517,208.2704458,2.384185791e-07,0,true,64,64,20260814
128,512,8192,32,47,17,2,pace_fullk,4.784656,224.4135888,0,0,true,64,64,20260814
128,512,8192,32,47,18,0,ikj,5.168777,207.736148,2.384185791e-07,0,true,64,64,20260814
128,512,8192,32,47,18,1,pace_fullk,4.764746,225.3513249,0,0,true,64,64,20260814
128,512,8192,32,47,18,2,kij,5.174105,207.5222331,2.384185791e-07,0,true,64,64,20260814
128,512,8192,32,47,19,0,kij,5.150489,208.4737632,2.384185791e-07,0,true,64,64,20260814
128,512,8192,32,47,19,1,pace_fullk,4.776705,224.7871334,0,0,true,64,64,20260814
128,512,8192,32,47,19,2,ikj,5.171611,207.6223103,2.384185791e-07,0,true,64,64,20260814
128,512,16384,32,11,0,0,ikj,11.322564,189.6640768,2.384185791e-07,0,true,64,64,20260814
128,512,16384,32,11,0,1,pace_fullk,10.236782,209.7811254,0,0,true,64,64,20260814
128,512,16384,32,11,0,2,kij,12.201723,175.9983937,2.384185791e-07,0,true,64,64,20260814
128,512,16384,32,11,1,0,ikj,11.177073,192.1329178,2.384185791e-07,0,true,64,64,20260814
128,512,16384,32,11,1,1,kij,11.809009,181.8513008,2.384185791e-07,0,true,64,64,20260814
128,512,16384,32,11,1,2,pace_fullk,10.221488,210.0950124,0,0,true,64,64,20260814
128,512,16384,32,11,2,0,kij,12.204036,175.9650371,2.384185791e-07,0,true,64,64,20260814
128,512,16384,32,11,2,1,ikj,11.358037,189.071725,2.384185791e-07,0,true,64,64,20260814
128,512,16384,32,11,2,2,pace_fullk,10.05032,213.6731615,0,0,true,64,64,20260814
128,512,16384,32,11,3,0,pace_fullk,10.235159,209.8143906,0,0,true,64,64,20260814
128,512,16384,32,11,3,1,kij,12.218459,175.7573232,2.384185791e-07,0,true,64,64,20260814
128,512,16384,32,11,3,2,ikj,11.494653,186.8245738,2.384185791e-07,0,true,64,64,20260814
128,512,16384,32,11,4,0,ikj,11.32051,189.6984896,2.384185791e-07,0,true,64,64,20260814
128,512,16384,32,11,4,1,kij,11.929461,180.0151447,2.384185791e-07,0,true,64,64,20260814
128,512,16384,32,11,4,2,pace_fullk,10.225584,210.0108559,0,0,true,64,64,20260814
128,512,16384,32,11,5,0,ikj,11.238757,191.0783949,2.384185791e-07,0,true,64,64,20260814
128,512,16384,32,11,5,1,kij,11.8693,180.9275735,2.384185791e-07,0,true,64,64,20260814
128,512,16384,32,11,5,2,pace_fullk,10.223221,210.0593979,0,0,true,64,64,20260814
128,512,16384,32,11,6,0,pace_fullk,10.210892,210.3130312,0,0,true,64,64,20260814
128,512,16384,32,11,6,1,ikj,11.244205,190.9858143,2.384185791e-07,0,true,64,64,20260814
128,512,16384,32,11,6,2,kij,11.562646,185.7259703,2.384185791e-07,0,true,64,64,20260814
128,512,16384,32,11,7,0,kij,11.856341,181.1253276,2.384185791e-07,0,true,64,64,20260814
128,512,16384,32,11,7,1,pace_fullk,10.231954,209.8801117,0,0,true,64,64,20260814
128,512,16384,32,11,7,2,ikj,11.329474,189.5483981,2.384185791e-07,0,true,64,64,20260814
128,512,16384,32,11,8,0,ikj,10.951652,196.0876449,2.384185791e-07,0,true,64,64,20260814
128,512,16384,32,11,8,1,kij,11.805153,181.9107002,2.384185791e-07,0,true,64,64,20260814
128,512,16384,32,11,8,2,pace_fullk,10.213837,210.2523908,0,0,true,64,64,20260814
128,512,16384,32,11,9,0,pace_fullk,10.187858,210.7885336,0,0,true,64,64,20260814
128,512,16384,32,11,9,1,ikj,11.258697,190.7399807,2.384185791e-07,0,true,64,64,20260814
128,512,16384,32,11,9,2,kij,11.753225,182.7144165,2.384185791e-07,0,true,64,64,20260814
128,512,16384,32,11,10,0,ikj,11.070712,193.9788198,2.384185791e-07,0,true,64,64,20260814
128,512,16384,32,11,10,1,kij,11.794467,182.0755146,2.384185791e-07,0,true,64,64,20260814
128,512,16384,32,11,10,2,pace_fullk,10.212515,210.2796077,0,0,true,64,64,20260814
128,512,16384,32,11,11,0,ikj,11.244075,190.9880224,2.384185791e-07,0,true,64,64,20260814
128,512,16384,32,11,11,1,pace_fullk,10.220757,210.1100386,0,0,true,64,64,20260814
128,512,16384,32,11,11,2,kij,12.226781,175.6376963,2.384185791e-07,0,true,64,64,20260814
128,512,16384,32,11,12,0,kij,12.054931,178.141513,2.384185791e-07,0,true,64,64,20260814
128,512,16384,32,11,12,1,ikj,11.291647,190.1833849,2.384185791e-07,0,true,64,64,20260814
128,512,16384,32,11,12,2,pace_fullk,10.213546,210.2583812,0,0,true,64,64,20260814
128,512,16384,32,11,13,0,kij,11.888169,180.6404037,2.384185791e-07,0,true,64,64,20260814
128,512,16384,32,11,13,1,pace_fullk,10.283993,208.8180776,0,0,true,64,64,20260814
128,512,16384,32,11,13,2,ikj,11.090353,193.6352836,2.384185791e-07,0,true,64,64,20260814
128,512,16384,32,11,14,0,pace_fullk,10.197993,210.5790471,0,0,true,64,64,20260814
128,512,16384,32,11,14,1,kij,11.893527,180.5590258,2.384185791e-07,0,true,64,64,20260814
128,512,16384,32,11,14,2,ikj,11.000847,195.210755,2.384185791e-07,0,true,64,64,20260814
128,512,16384,32,11,15,0,kij,11.767797,182.4881622,2.384185791e-07,0,true,64,64,20260814
128,512,16384,32,11,15,1,ikj,11.181169,192.0625337,2.384185791e-07,0,true,64,64,20260814
128,512,16384,32,11,15,2,pace_fullk,10.21613,210.2051998,0,0,true,64,64,20260814
128,512,16384,32,11,16,0,ikj,11.131705,192.9159682,2.384185791e-07,0,true,64,64,20260814
128,512,16384,32,11,16,1,kij,11.799715,181.9945353,2.384185791e-07,0,true,64,64,20260814
128,512,16384,32,11,16,2,pace_fullk,10.083099,212.9785345,0,0,true,64,64,20260814
128,512,16384,32,11,17,0,ikj,10.982149,195.5431171,2.384185791e-07,0,true,64,64,20260814
128,512,16384,32,11,17,1,pace_fullk,10.219785,210.1300221,0,0,true,64,64,20260814
128,512,16384,32,11,17,2,kij,12.239049,175.4616431,2.384185791e-07,0,true,64,64,20260814
128,512,16384,32,11,18,0,kij,12.118207,177.2113356,2.384185791e-07,0,true,64,64,20260814
128,512,16384,32,11,18,1,ikj,11.395313,188.4532393,2.384185791e-07,0,true,64,64,20260814
128,512,16384,32,11,18,2,pace_fullk,10.232956,209.8595604,0,0,true,64,64,20260814
128,512,16384,32,11,19,0,kij,12.288244,174.7591965,2.384185791e-07,0,true,64,64,20260814
128,512,16384,32,11,19,1,pace_fullk,10.214758,210.2334336,0,0,true,64,64,20260814
128,512,16384,32,11,19,2,ikj,11.359219,189.0520508,2.384185791e-07,0,true,64,64,20260814
128,512,16384,32,29,0,0,ikj,11.318237,189.736586,3.576278687e-07,0,true,64,64,20260814
128,512,16384,32,29,0,1,kij,11.775558,182.3678885,3.576278687e-07,0,true,64,64,20260814
128,512,16384,32,29,0,2,pace_fullk,10.213076,210.2680571,0,0,true,64,64,20260814
128,512,16384,32,29,1,0,kij,12.195074,176.0943515,3.576278687e-07,0,true,64,64,20260814
128,512,16384,32,29,1,1,pace_fullk,10.220457,210.116206,0,0,true,64,64,20260814
128,512,16384,32,29,1,2,ikj,11.32674,189.5941505,3.576278687e-07,0,true,64,64,20260814
128,512,16384,32,29,2,0,kij,11.886727,180.6623176,3.576278687e-07,0,true,64,64,20260814
128,512,16384,32,29,2,1,ikj,11.32627,189.602018,3.576278687e-07,0,true,64,64,20260814
128,512,16384,32,29,2,2,pace_fullk,10.199625,210.5453532,0,0,true,64,64,20260814
128,512,16384,32,29,3,0,ikj,11.23396,191.159987,3.576278687e-07,0,true,64,64,20260814
128,512,16384,32,29,3,1,kij,11.775598,182.367269,3.576278687e-07,0,true,64,64,20260814
128,512,16384,32,29,3,2,pace_fullk,10.2227,210.0701036,0,0,true,64,64,20260814
128,512,16384,32,29,4,0,pace_fullk,10.190862,210.7263986,0,0,true,64,64,20260814
128,512,16384,32,29,4,1,ikj,11.315403,189.7841065,3.576278687e-07,0,true,64,64,20260814
128,512,16384,32,29,4,2,kij,11.803451,181.9369308,3.576278687e-07,0,true,64,64,20260814
128,512,16384,32,29,5,0,ikj,11.334992,189.4561238,3.576278687e-07,0,true,64,64,20260814
128,512,16384,32,29,5,1,kij,11.811253,181.8167512,3.576278687e-07,0,true,64,64,20260814
128,512,16384,32,29,5,2,pace_fullk,10.238654,209.7427697,0,0,true,64,64,20260814
128,512,16384,32,29,6,0,kij,12.203656,175.9705164,3.576278687e-07,0,true,64,64,20260814
128,512,16384,32,29,6,1,pace_fullk,10.199405,210.5498946,0,0,true,64,64,20260814
128,512,16384,32,29,6,2,ikj,11.29328,190.1558846,3.576278687e-07,0,true,64,64,20260814
128,512,16384,32,29,7,0,kij,11.800757,181.9784653,3.576278687e-07,0,true,64,64,20260814
128,512,16384,32,29,7,1,ikj,11.225386,191.3059959,3.576278687e-07,0,true,64,64,20260814
128,512,16384,32,29,7,2,pace_fullk,10.195419,210.6322112,0,0,true,64,64,20260814
128,512,16384,32,29,8,0,pace_fullk,10.086745,212.9015503,0,0,true,64,64,20260814
128,512,16384,32,29,8,1,kij,12.016984,178.7040449,3.576278687e-07,0,true,64,64,20260814
128,512,16384,32,29,8,2,ikj,11.030151,194.692135,3.576278687e-07,0,true,64,64,20260814
128,512,16384,32,29,9,0,pace_fullk,10.237322,209.7700598,0,0,true,64,64,20260814
128,512,16384,32,29,9,1,kij,12.243397,175.3993314,3.576278687e-07,0,true,64,64,20260814
128,512,16384,32,29,9,2,ikj,11.392119,188.5060758,3.576278687e-07,0,true,64,64,20260814
128,512,16384,32,29,10,0,pace_fullk,10.232845,209.8618369,0,0,true,64,64,20260814
128,512,16384,32,29,10,1,kij,12.249776,175.3079932,3.576278687e-07,0,true,64,64,20260814
128,512,16384,32,29,10,2,ikj,11.356836,189.0917196,3.576278687e-07,0,true,64,64,20260814
128,512,16384,32,29,11,0,ikj,10.970421,195.7521638,3.576278687e-07,0,true,64,64,20260814
128,512,16384,32,29,11,1,pace_fullk,10.234949,209.8186955,0,0,true,64,64,20260814
128,512,16384,32,29,11,2,kij,12.221983,175.7066466,3.576278687e-07,0,true,64,64,20260814
128,512,16384,32,29,12,0,pace_fullk,10.24209,209.6724055,0,0,true,64,64,20260814
128,512,16384,32,29,12,1,ikj,11.429835,187.8840463,3.576278687e-07,0,true,64,64,20260814
128,512,16384,32,29,12,2,kij,11.722108,183.1994423,3.576278687e-07,0,true,64,64,20260814
128,512,16384,32,29,13,0,pace_fullk,10.223071,210.0624801,0,0,true,64,64,20260814
128,512,16384,32,29,13,1,kij,12.241894,175.4208661,3.576278687e-07,0,true,64,64,20260814
128,512,16384,32,29,13,2,ikj,11.506802,186.6273225,3.576278687e-07,0,true,64,64,20260814
128,512,16384,32,29,14,0,kij,11.986588,179.1572087,3.576278687e-07,0,true,64,64,20260814
128,512,16384,32,29,14,1,pace_fullk,10.243351,209.646594,0,0,true,64,64,20260814
128,512,16384,32,29,14,2,ikj,11.371588,188.8464169,3.576278687e-07,0,true,64,64,20260814
128,512,16384,32,29,15,0,pace_fullk,10.207587,210.3811261,0,0,true,64,64,20260814
128,512,16384,32,29,15,1,ikj,11.142661,192.726284,3.576278687e-07,0,true,64,64,20260814
128,512,16384,32,29,15,2,kij,11.758974,182.6250868,3.576278687e-07,0,true,64,64,20260814
128,512,16384,32,29,16,0,ikj,11.298077,190.0751471,3.576278687e-07,0,true,64,64,20260814
128,512,16384,32,29,16,1,kij,11.830041,181.5279971,3.576278687e-07,0,true,64,64,20260814
128,512,16384,32,29,16,2,pace_fullk,10.22961,209.9282033,0,0,true,64,64,20260814
128,512,16384,32,29,17,0,kij,12.216456,175.7861403,3.576278687e-07,0,true,64,64,20260814
128,512,16384,32,29,17,1,ikj,11.303435,189.9850486,3.576278687e-07,0,true,64,64,20260814
128,512,16384,32,29,17,2,pace_fullk,10.221749,210.0896479,0,0,true,64,64,20260814
128,512,16384,32,29,18,0,kij,12.137686,176.9269404,3.576278687e-07,0,true,64,64,20260814
128,512,16384,32,29,18,1,pace_fullk,10.056719,213.5372031,0,0,true,64,64,20260814
128,512,16384,32,29,18,2,ikj,10.958794,195.9598518,3.576278687e-07,0,true,64,64,20260814
128,512,16384,32,29,19,0,ikj,11.100848,193.4522163,3.576278687e-07,0,true,64,64,20260814
128,512,16384,32,29,19,1,kij,11.767627,182.4907985,3.576278687e-07,0,true,64,64,20260814
128,512,16384,32,29,19,2,pace_fullk,10.219456,210.1367869,0,0,true,64,64,20260814
128,512,16384,32,47,0,0,ikj,10.974637,195.6769639,2.384185791e-07,0,true,64,64,20260814
128,512,16384,32,47,0,1,kij,11.856972,181.1156886,2.384185791e-07,0,true,64,64,20260814
128,512,16384,32,47,0,2,pace_fullk,10.211613,210.2981819,0,0,true,64,64,20260814
128,512,16384,32,47,1,0,pace_fullk,10.185814,210.8308328,0,0,true,64,64,20260814
128,512,16384,32,47,1,1,kij,12.207813,175.910595,2.384185791e-07,0,true,64,64,20260814
128,512,16384,32,47,1,2,ikj,11.309614,189.8812504,2.384185791e-07,0,true,64,64,20260814
128,512,16384,32,47,2,0,ikj,11.016601,194.931599,2.384185791e-07,0,true,64,64,20260814
128,512,16384,32,47,2,1,kij,12.068301,177.944157,2.384185791e-07,0,true,64,64,20260814
128,512,16384,32,47,2,2,pace_fullk,10.246045,209.5914714,0,0,true,64,64,20260814
128,512,16384,32,47,3,0,pace_fullk,10.185063,210.8463785,0,0,true,64,64,20260814
128,512,16384,32,47,3,1,kij,12.147542,176.7833894,2.384185791e-07,0,true,64,64,20260814
128,512,16384,32,47,3,2,ikj,11.419079,188.0610203,2.384185791e-07,0,true,64,64,20260814
128,512,16384,32,47,4,0,pace_fullk,10.280327,208.8925428,0,0,true,64,64,20260814
128,512,16384,32,47,4,1,kij,12.263267,175.1151343,2.384185791e-07,0,true,64,64,20260814
128,512,16384,32,47,4,2,ikj,11.483227,187.0104674,2.384185791e-07,0,true,64,64,20260814
128,512,16384,32,47,5,0,ikj,11.020546,194.8618197,2.384185791e-07,0,true,64,64,20260814
128,512,16384,32,47,5,1,kij,11.758834,182.6272612,2.384185791e-07,0,true,64,64,20260814
128,512,16384,32,47,5,2,pace_fullk,10.259986,209.306684,0,0,true,64,64,20260814
128,512,16384,32,47,6,0,ikj,11.371036,188.8555843,2.384185791e-07,0,true,64,64,20260814
128,512,16384,32,47,6,1,kij,11.847017,181.2678793,2.384185791e-07,0,true,64,64,20260814
128,512,16384,32,47,6,2,pace_fullk,10.226767,209.9865625,0,0,true,64,64,20260814
128,512,16384,32,47,7,0,pace_fullk,10.189249,210.7597575,0,0,true,64,64,20260814
128,512,16384,32,47,7,1,kij,12.188373,176.1911658,2.384185791e-07,0,true,64,64,20260814
128,512,16384,32,47,7,2,ikj,11.421744,188.0171406,2.384185791e-07,0,true,64,64,20260814
128,512,16384,32,47,8,0,kij,12.165078,176.5285556,2.384185791e-07,0,true,64,64,20260814
128,512,16384,32,47,8,1,pace_fullk,10.210091,210.3295307,0,0,true,64,64,20260814
128,512,16384,32,47,8,2,ikj,11.311587,189.8481308,2.384185791e-07,0,true,64,64,20260814
128,512,16384,32,47,9,0,ikj,10.98942,195.4137387,2.384185791e-07,0,true,64,64,20260814
128,512,16384,32,47,9,1,kij,11.914468,180.2416732,2.384185791e-07,0,true,64,64,20260814
128,512,16384,32,47,9,2,pace_fullk,10.195389,210.632831,0,0,true,64,64,20260814
128,512,16384,32,47,10,0,kij,12.285329,174.8006625,2.384185791e-07,0,true,64,64,20260814
128,512,16384,32,47,10,1,pace_fullk,10.20297,210.4763268,0,0,true,64,64,20260814
128,512,16384,32,47,10,2,ikj,11.30662,189.9315311,2.384185791e-07,0,true,64,64,20260814
128,512,16384,32,47,11,0,pace_fullk,10.029328,214.1203925,0,0,true,64,64,20260814
128,512,16384,32,47,11,1,ikj,11.017151,194.9218675,2.384185791e-07,0,true,64,64,20260814
128,512,16384,32,47,11,2,kij,11.790041,182.143866,2.384185791e-07,0,true,64,64,20260814
128,512,16384,32,47,12,0,pace_fullk,10.221378,210.0972734,0,0,true,64,64,20260814
128,512,16384,32,47,12,1,ikj,11.299559,190.0502177,2.384185791e-07,0,true,64,64,20260814
128,512,16384,32,47,12,2,kij,11.77039,182.4479603,2.384185791e-07,0,true,64,64,20260814
128,512,16384,32,47,13,0,ikj,11.347051,189.2547806,2.384185791e-07,0,true,64,64,20260814
128,512,16384,32,47,13,1,pace_fullk,10.217583,210.1753074,0,0,true,64,64,20260814
128,512,16384,32,47,13,2,kij,12.167491,176.4935473,2.384185791e-07,0,true,64,64,20260814
128,512,16384,32,47,14,0,kij,12.033709,178.4556738,2.384185791e-07,0,true,64,64,20260814
128,512,16384,32,47,14,1,pace_fullk,10.204302,210.4488527,0,0,true,64,64,20260814
128,512,16384,32,47,14,2,ikj,11.354461,189.1312717,2.384185791e-07,0,true,64,64,20260814
128,512,16384,32,47,15,0,kij,11.773746,182.3959552,2.384185791e-07,0,true,64,64,20260814
128,512,16384,32,47,15,1,ikj,11.285007,190.2952872,2.384185791e-07,0,true,64,64,20260814
128,512,16384,32,47,15,2,pace_fullk,10.022687,214.262268,0,0,true,64,64,20260814
128,512,16384,32,47,16,0,ikj,11.009941,195.0495146,2.384185791e-07,0,true,64,64,20260814
128,512,16384,32,47,16,1,pace_fullk,10.186255,210.8217051,0,0,true,64,64,20260814
128,512,16384,32,47,16,2,kij,11.884073,180.7026638,2.384185791e-07,0,true,64,64,20260814
128,512,16384,32,47,17,0,kij,11.984565,179.1874505,2.384185791e-07,0,true,64,64,20260814
128,512,16384,32,47,17,1,pace_fullk,10.191153,210.7203815,0,0,true,64,64,20260814
128,512,16384,32,47,17,2,ikj,11.43273,187.8364702,2.384185791e-07,0,true,64,64,20260814
128,512,16384,32,47,18,0,kij,11.767516,182.4925199,2.384185791e-07,0,true,64,64,20260814
128,512,16384,32,47,18,1,pace_fullk,10.208989,210.3522345,0,0,true,64,64,20260814
128,512,16384,32,47,18,2,ikj,11.229082,191.2430284,2.384185791e-07,0,true,64,64,20260814
128,512,16384,32,47,19,0,ikj,11.17494,192.1695909,2.384185791e-07,0,true,64,64,20260814
128,512,16384,32,47,19,1,pace_fullk,10.205003,210.4343965,0,0,true,64,64,20260814
128,512,16384,32,47,19,2,kij,11.755759,182.6750317,2.384185791e-07,0,true,64,64,20260814
