shape,num_q_heads,num_kv_heads,head_dim,batch_size,query_len,kv_len,query_tile,data_seed,round,tile_order_position,elapsed_ms,max_abs_error,correct
slm,14,2,64,1,128,2048,32,11,0,0,3.624084,0.0,True
slm,14,2,64,1,128,2048,32,11,1,0,3.673078,0.0,True
slm,14,2,64,1,128,2048,32,11,2,0,3.644856,0.0,True
slm,14,2,64,1,128,2048,32,11,3,0,3.648351,0.0,True
slm,14,2,64,1,128,2048,32,11,4,0,3.638907,0.0,True
slm,14,2,64,1,128,2048,32,11,5,0,3.645396,0.0,True
slm,14,2,64,1,128,2048,32,11,6,0,3.644505,0.0,True
slm,14,2,64,1,128,2048,32,11,7,0,3.636242,0.0,True
slm,14,2,64,1,128,2048,32,11,8,0,3.63416,0.0,True
slm,14,2,64,1,128,2048,32,11,9,0,3.631365,0.0,True
slm,14,2,64,1,128,2048,32,11,10,0,3.034968,0.0,True
slm,14,2,64,1,128,2048,32,11,11,0,1.979802,0.0,True
slm,14,2,64,1,128,2048,32,11,12,0,1.481614,0.0,True
slm,14,2,64,1,128,2048,32,11,13,0,1.484449,0.0,True
slm,14,2,64,1,128,2048,32,11,14,0,1.482435,0.0,True
slm,14,2,64,1,128,2048,32,11,15,0,1.484018,0.0,True
slm,14,2,64,1,128,2048,32,11,16,0,1.48546,0.0,True
slm,14,2,64,1,128,2048,32,11,17,0,1.485531,0.0,True
slm,14,2,64,1,128,2048,32,11,18,0,1.493231,0.0,True
slm,14,2,64,1,128,2048,32,11,19,0,1.483157,0.0,True
slm,14,2,64,1,128,2048,64,11,0,1,1.492811,0.0,True
slm,14,2,64,1,128,2048,64,11,1,1,1.488224,0.0,True
slm,14,2,64,1,128,2048,64,11,2,1,1.492661,0.0,True
slm,14,2,64,1,128,2048,64,11,3,1,1.482275,0.0,True
slm,14,2,64,1,128,2048,64,11,4,1,1.491629,0.0,True
slm,14,2,64,1,128,2048,64,11,5,1,1.480943,0.0,True
slm,14,2,64,1,128,2048,64,11,6,1,1.490238,0.0,True
slm,14,2,64,1,128,2048,64,11,7,1,1.48521,0.0,True
slm,14,2,64,1,128,2048,64,11,8,1,1.48584,0.0,True
slm,14,2,64,1,128,2048,64,11,9,1,1.483236,0.0,True
slm,14,2,64,1,128,2048,64,11,10,1,1.484468,0.0,True
slm,14,2,64,1,128,2048,64,11,11,1,1.483847,0.0,True
slm,14,2,64,1,128,2048,64,11,12,1,1.488294,0.0,True
slm,14,2,64,1,128,2048,64,11,13,1,1.497799,0.0,True
slm,14,2,64,1,128,2048,64,11,14,1,1.488605,0.0,True
slm,14,2,64,1,128,2048,64,11,15,1,1.484799,0.0,True
slm,14,2,64,1,128,2048,64,11,16,1,1.487233,0.0,True
slm,14,2,64,1,128,2048,64,11,17,1,1.481193,0.0,True
slm,14,2,64,1,128,2048,64,11,18,1,1.482836,0.0,True
slm,14,2,64,1,128,2048,64,11,19,1,1.481654,0.0,True
slm,14,2,64,1,128,2048,16,11,0,2,1.476536,0.0,True
slm,14,2,64,1,128,2048,16,11,1,2,1.481764,0.0,True
slm,14,2,64,1,128,2048,16,11,2,2,1.490989,0.0,True
slm,14,2,64,1,128,2048,16,11,3,2,1.479411,0.0,True
slm,14,2,64,1,128,2048,16,11,4,2,1.484137,0.0,True
slm,14,2,64,1,128,2048,16,11,5,2,1.480482,0.0,True
slm,14,2,64,1,128,2048,16,11,6,2,1.484328,0.0,True
slm,14,2,64,1,128,2048,16,11,7,2,1.486011,0.0,True
slm,14,2,64,1,128,2048,16,11,8,2,1.483547,0.0,True
slm,14,2,64,1,128,2048,16,11,9,2,1.477909,0.0,True
slm,14,2,64,1,128,2048,16,11,10,2,1.48586,0.0,True
slm,14,2,64,1,128,2048,16,11,11,2,1.481484,0.0,True
slm,14,2,64,1,128,2048,16,11,12,2,1.484058,0.0,True
slm,14,2,64,1,128,2048,16,11,13,2,1.481013,0.0,True
slm,14,2,64,1,128,2048,16,11,14,2,1.487703,0.0,True
slm,14,2,64,1,128,2048,16,11,15,2,1.481044,0.0,True
slm,14,2,64,1,128,2048,16,11,16,2,1.486011,0.0,True
slm,14,2,64,1,128,2048,16,11,17,2,1.480242,0.0,True
slm,14,2,64,1,128,2048,16,11,18,2,1.494184,0.0,True
slm,14,2,64,1,128,2048,16,11,19,2,1.482135,0.0,True
slm,14,2,64,1,128,2048,128,11,0,3,1.470838,0.0,True
slm,14,2,64,1,128,2048,128,11,1,3,1.481765,0.0,True
slm,14,2,64,1,128,2048,128,11,2,3,1.484709,0.0,True
slm,14,2,64,1,128,2048,128,11,3,3,1.478169,0.0,True
slm,14,2,64,1,128,2048,128,11,4,3,1.486672,0.0,True
slm,14,2,64,1,128,2048,128,11,5,3,1.481294,0.0,True
slm,14,2,64,1,128,2048,128,11,6,3,1.483507,0.0,True
slm,14,2,64,1,128,2048,128,11,7,3,1.479952,0.0,True
slm,14,2,64,1,128,2048,128,11,8,3,1.481624,0.0,True
slm,14,2,64,1,128,2048,128,11,9,3,1.481384,0.0,True
slm,14,2,64,1,128,2048,128,11,10,3,1.480352,0.0,True
slm,14,2,64,1,128,2048,128,11,11,3,1.487173,0.0,True
slm,14,2,64,1,128,2048,128,11,12,3,1.483007,0.0,True
slm,14,2,64,1,128,2048,128,11,13,3,1.483577,0.0,True
slm,14,2,64,1,128,2048,128,11,14,3,1.479751,0.0,True
slm,14,2,64,1,128,2048,128,11,15,3,1.482064,0.0,True
slm,14,2,64,1,128,2048,128,11,16,3,1.481263,0.0,True
slm,14,2,64,1,128,2048,128,11,17,3,1.484739,0.0,True
slm,14,2,64,1,128,2048,128,11,18,3,1.482486,0.0,True
slm,14,2,64,1,128,2048,128,11,19,3,1.49154,0.0,True
slm,14,2,64,1,128,2048,32,29,0,0,1.468174,0.0,True
slm,14,2,64,1,128,2048,32,29,1,0,1.498349,0.0,True
slm,14,2,64,1,128,2048,32,29,2,0,1.484018,0.0,True
slm,14,2,64,1,128,2048,32,29,3,0,1.489716,0.0,True
slm,14,2,64,1,128,2048,32,29,4,0,1.480623,0.0,True
slm,14,2,64,1,128,2048,32,29,5,0,1.489346,0.0,True
slm,14,2,64,1,128,2048,32,29,6,0,1.486882,0.0,True
slm,14,2,64,1,128,2048,32,29,7,0,1.489216,0.0,True
slm,14,2,64,1,128,2048,32,29,8,0,1.480102,0.0,True
slm,14,2,64,1,128,2048,32,29,9,0,1.483918,0.0,True
slm,14,2,64,1,128,2048,32,29,10,0,1.480272,0.0,True
slm,14,2,64,1,128,2048,32,29,11,0,1.485491,0.0,True
slm,14,2,64,1,128,2048,32,29,12,0,1.483547,0.0,True
slm,14,2,64,1,128,2048,32,29,13,0,1.492111,0.0,True
slm,14,2,64,1,128,2048,32,29,14,0,1.481955,0.0,True
slm,14,2,64,1,128,2048,32,29,15,0,1.493362,0.0,True
slm,14,2,64,1,128,2048,32,29,16,0,1.483688,0.0,True
slm,14,2,64,1,128,2048,32,29,17,0,1.489527,0.0,True
slm,14,2,64,1,128,2048,32,29,18,0,1.483717,0.0,True
slm,14,2,64,1,128,2048,32,29,19,0,1.493252,0.0,True
slm,14,2,64,1,128,2048,128,29,0,1,1.473812,0.0,True
slm,14,2,64,1,128,2048,128,29,1,1,1.508465,0.0,True
slm,14,2,64,1,128,2048,128,29,2,1,1.482505,0.0,True
slm,14,2,64,1,128,2048,128,29,3,1,1.491039,0.0,True
slm,14,2,64,1,128,2048,128,29,4,1,1.481955,0.0,True
slm,14,2,64,1,128,2048,128,29,5,1,1.486301,0.0,True
slm,14,2,64,1,128,2048,128,29,6,1,1.481434,0.0,True
slm,14,2,64,1,128,2048,128,29,7,1,1.48572,0.0,True
slm,14,2,64,1,128,2048,128,29,8,1,1.482776,0.0,True
slm,14,2,64,1,128,2048,128,29,9,1,1.485971,0.0,True
slm,14,2,64,1,128,2048,128,29,10,1,1.481084,0.0,True
slm,14,2,64,1,128,2048,128,29,11,1,1.48581,0.0,True
slm,14,2,64,1,128,2048,128,29,12,1,1.479811,0.0,True
slm,14,2,64,1,128,2048,128,29,13,1,1.488214,0.0,True
slm,14,2,64,1,128,2048,128,29,14,1,1.480192,0.0,True
slm,14,2,64,1,128,2048,128,29,15,1,1.4858,0.0,True
slm,14,2,64,1,128,2048,128,29,16,1,1.480873,0.0,True
slm,14,2,64,1,128,2048,128,29,17,1,1.483748,0.0,True
slm,14,2,64,1,128,2048,128,29,18,1,1.480243,0.0,True
slm,14,2,64,1,128,2048,128,29,19,1,1.48549,0.0,True
slm,14,2,64,1,128,2048,16,29,0,2,1.468585,0.0,True
slm,14,2,64,1,128,2048,16,29,1,2,1.490668,0.0,True
slm,14,2,64,1,128,2048,16,29,2,2,1.479721,0.0,True
slm,14,2,64,1,128,2048,16,29,3,2,1.482024,0.0,True
slm,14,2,64,1,128,2048,16,29,4,2,1.479401,0.0,True
slm,14,2,64,1,128,2048,16,29,5,2,1.480433,0.0,True
slm,14,2,64,1,128,2048,16,29,6,2,1.478399,0.0,True
slm,14,2,64,1,128,2048,16,29,7,2,1.481574,0.0,True
slm,14,2,64,1,128,2048,16,29,8,2,1.479571,0.0,True
slm,14,2,64,1,128,2048,16,29,9,2,1.482946,0.0,True
slm,14,2,64,1,128,2048,16,29,10,2,1.488234,0.0,True
slm,14,2,64,1,128,2048,16,29,11,2,1.481044,0.0,True
slm,14,2,64,1,128,2048,16,29,12,2,1.479341,0.0,True
slm,14,2,64,1,128,2048,16,29,13,2,1.484829,0.0,True
slm,14,2,64,1,128,2048,16,29,14,2,1.476607,0.0,True
slm,14,2,64,1,128,2048,16,29,15,2,1.485079,0.0,True
slm,14,2,64,1,128,2048,16,29,16,2,1.481484,0.0,True
slm,14,2,64,1,128,2048,16,29,17,2,1.479891,0.0,True
slm,14,2,64,1,128,2048,16,29,18,2,1.479752,0.0,True
slm,14,2,64,1,128,2048,16,29,19,2,1.483007,0.0,True
slm,14,2,64,1,128,2048,64,29,0,3,1.474624,0.0,True
slm,14,2,64,1,128,2048,64,29,1,3,1.482496,0.0,True
slm,14,2,64,1,128,2048,64,29,2,3,1.485891,0.0,True
slm,14,2,64,1,128,2048,64,29,3,3,1.479932,0.0,True
slm,14,2,64,1,128,2048,64,29,4,3,1.481313,0.0,True
slm,14,2,64,1,128,2048,64,29,5,3,1.477949,0.0,True
slm,14,2,64,1,128,2048,64,29,6,3,1.487153,0.0,True
slm,14,2,64,1,128,2048,64,29,7,3,1.481394,0.0,True
slm,14,2,64,1,128,2048,64,29,8,3,1.486662,0.0,True
slm,14,2,64,1,128,2048,64,29,9,3,1.480403,0.0,True
slm,14,2,64,1,128,2048,64,29,10,3,1.483156,0.0,True
slm,14,2,64,1,128,2048,64,29,11,3,1.479651,0.0,True
slm,14,2,64,1,128,2048,64,29,12,3,1.484138,0.0,True
slm,14,2,64,1,128,2048,64,29,13,3,1.478299,0.0,True
slm,14,2,64,1,128,2048,64,29,14,3,1.482415,0.0,True
slm,14,2,64,1,128,2048,64,29,15,3,1.486882,0.0,True
slm,14,2,64,1,128,2048,64,29,16,3,1.490828,0.0,True
slm,14,2,64,1,128,2048,64,29,17,3,1.479731,0.0,True
slm,14,2,64,1,128,2048,64,29,18,3,1.483537,0.0,True
slm,14,2,64,1,128,2048,64,29,19,3,1.481604,0.0,True
slm,14,2,64,1,128,2048,128,47,0,0,1.480252,0.0,True
slm,14,2,64,1,128,2048,128,47,1,0,1.496036,0.0,True
slm,14,2,64,1,128,2048,128,47,2,0,1.494284,0.0,True
slm,14,2,64,1,128,2048,128,47,3,0,1.485239,0.0,True
slm,14,2,64,1,128,2048,128,47,4,0,1.492901,0.0,True
slm,14,2,64,1,128,2048,128,47,5,0,1.484929,0.0,True
slm,14,2,64,1,128,2048,128,47,6,0,1.493522,0.0,True
slm,14,2,64,1,128,2048,128,47,7,0,1.487222,0.0,True
slm,14,2,64,1,128,2048,128,47,8,0,1.488104,0.0,True
slm,14,2,64,1,128,2048,128,47,9,0,1.482956,0.0,True
slm,14,2,64,1,128,2048,128,47,10,0,1.49156,0.0,True
slm,14,2,64,1,128,2048,128,47,11,0,1.484488,0.0,True
slm,14,2,64,1,128,2048,128,47,12,0,1.496507,0.0,True
slm,14,2,64,1,128,2048,128,47,13,0,1.482195,0.0,True
slm,14,2,64,1,128,2048,128,47,14,0,1.492461,0.0,True
slm,14,2,64,1,128,2048,128,47,15,0,1.483167,0.0,True
slm,14,2,64,1,128,2048,128,47,16,0,1.498029,0.0,True
slm,14,2,64,1,128,2048,128,47,17,0,1.488795,0.0,True
slm,14,2,64,1,128,2048,128,47,18,0,1.492781,0.0,True
slm,14,2,64,1,128,2048,128,47,19,0,1.483988,0.0,True
slm,14,2,64,1,128,2048,32,47,0,1,1.482937,0.0,True
slm,14,2,64,1,128,2048,32,47,1,1,1.483357,0.0,True
slm,14,2,64,1,128,2048,32,47,2,1,1.492811,0.0,True
slm,14,2,64,1,128,2048,32,47,3,1,1.479231,0.0,True
slm,14,2,64,1,128,2048,32,47,4,1,1.488004,0.0,True
slm,14,2,64,1,128,2048,32,47,5,1,1.47888,0.0,True
slm,14,2,64,1,128,2048,32,47,6,1,1.481564,0.0,True
slm,14,2,64,1,128,2048,32,47,7,1,1.494584,0.0,True
slm,14,2,64,1,128,2048,32,47,8,1,1.501455,0.0,True
slm,14,2,64,1,128,2048,32,47,9,1,1.486662,0.0,True
slm,14,2,64,1,128,2048,32,47,10,1,1.483006,0.0,True
slm,14,2,64,1,128,2048,32,47,11,1,1.47849,0.0,True
slm,14,2,64,1,128,2048,32,47,12,1,1.481514,0.0,True
slm,14,2,64,1,128,2048,32,47,13,1,1.480682,0.0,True
slm,14,2,64,1,128,2048,32,47,14,1,1.486121,0.0,True
slm,14,2,64,1,128,2048,32,47,15,1,1.482926,0.0,True
slm,14,2,64,1,128,2048,32,47,16,1,1.482135,0.0,True
slm,14,2,64,1,128,2048,32,47,17,1,1.481194,0.0,True
slm,14,2,64,1,128,2048,32,47,18,1,1.48531,0.0,True
slm,14,2,64,1,128,2048,32,47,19,1,1.482095,0.0,True
slm,14,2,64,1,128,2048,64,47,0,2,1.468695,0.0,True
slm,14,2,64,1,128,2048,64,47,1,2,1.486572,0.0,True
slm,14,2,64,1,128,2048,64,47,2,2,1.483678,0.0,True
slm,14,2,64,1,128,2048,64,47,3,2,1.48515,0.0,True
slm,14,2,64,1,128,2048,64,47,4,2,1.489266,0.0,True
slm,14,2,64,1,128,2048,64,47,5,2,1.512811,0.0,True
slm,14,2,64,1,128,2048,64,47,6,2,1.508175,0.0,True
slm,14,2,64,1,128,2048,64,47,7,2,1.518801,0.0,True
slm,14,2,64,1,128,2048,64,47,8,2,1.512131,0.0,True
slm,14,2,64,1,128,2048,64,47,9,2,1.523488,0.0,True
slm,14,2,64,1,128,2048,64,47,10,2,1.520684,0.0,True
slm,14,2,64,1,128,2048,64,47,11,2,1.523098,0.0,True
slm,14,2,64,1,128,2048,64,47,12,2,1.521154,0.0,True
slm,14,2,64,1,128,2048,64,47,13,2,1.528406,0.0,True
slm,14,2,64,1,128,2048,64,47,14,2,1.521055,0.0,True
slm,14,2,64,1,128,2048,64,47,15,2,1.531751,0.0,True
slm,14,2,64,1,128,2048,64,47,16,2,1.533994,0.0,True
slm,14,2,64,1,128,2048,64,47,17,2,1.538962,0.0,True
slm,14,2,64,1,128,2048,64,47,18,2,1.536257,0.0,True
slm,14,2,64,1,128,2048,64,47,19,2,1.53818,0.0,True
slm,14,2,64,1,128,2048,16,47,0,3,1.51818,0.0,True
slm,14,2,64,1,128,2048,16,47,1,3,1.533223,0.0,True
slm,14,2,64,1,128,2048,16,47,2,3,1.530569,0.0,True
slm,14,2,64,1,128,2048,16,47,3,3,1.53155,0.0,True
slm,14,2,64,1,128,2048,16,47,4,3,1.539753,0.0,True
slm,14,2,64,1,128,2048,16,47,5,3,1.530378,0.0,True
slm,14,2,64,1,128,2048,16,47,6,3,1.536578,0.0,True
slm,14,2,64,1,128,2048,16,47,7,3,1.527554,0.0,True
slm,14,2,64,1,128,2048,16,47,8,3,1.533553,0.0,True
slm,14,2,64,1,128,2048,16,47,9,3,1.53086,0.0,True
slm,14,2,64,1,128,2048,16,47,10,3,1.535697,0.0,True
slm,14,2,64,1,128,2048,16,47,11,3,1.53092,0.0,True
slm,14,2,64,1,128,2048,16,47,12,3,1.538191,0.0,True
slm,14,2,64,1,128,2048,16,47,13,3,1.530138,0.0,True
slm,14,2,64,1,128,2048,16,47,14,3,1.534505,0.0,True
slm,14,2,64,1,128,2048,16,47,15,3,1.533673,0.0,True
slm,14,2,64,1,128,2048,16,47,16,3,1.53781,0.0,True
slm,14,2,64,1,128,2048,16,47,17,3,1.538301,0.0,True
slm,14,2,64,1,128,2048,16,47,18,3,1.489936,0.0,True
slm,14,2,64,1,128,2048,16,47,19,3,1.479351,0.0,True
slm,14,2,64,1,128,8192,16,11,0,0,5.737048,0.0,True
slm,14,2,64,1,128,8192,16,11,1,0,5.703959,0.0,True
slm,14,2,64,1,128,8192,16,11,2,0,5.69141,0.0,True
slm,14,2,64,1,128,8192,16,11,3,0,5.701795,0.0,True
slm,14,2,64,1,128,8192,16,11,4,0,5.690558,0.0,True
slm,14,2,64,1,128,8192,16,11,5,0,5.701585,0.0,True
slm,14,2,64,1,128,8192,16,11,6,0,5.694954,0.0,True
slm,14,2,64,1,128,8192,16,11,7,0,5.727945,0.0,True
slm,14,2,64,1,128,8192,16,11,8,0,5.700924,0.0,True
slm,14,2,64,1,128,8192,16,11,9,0,5.697489,0.0,True
slm,14,2,64,1,128,8192,16,11,10,0,5.699742,0.0,True
slm,14,2,64,1,128,8192,16,11,11,0,5.712902,0.0,True
slm,14,2,64,1,128,8192,16,11,12,0,5.741716,0.0,True
slm,14,2,64,1,128,8192,16,11,13,0,5.6914,0.0,True
slm,14,2,64,1,128,8192,16,11,14,0,5.756308,0.0,True
slm,14,2,64,1,128,8192,16,11,15,0,5.794115,0.0,True
slm,14,2,64,1,128,8192,16,11,16,0,5.687814,0.0,True
slm,14,2,64,1,128,8192,16,11,17,0,5.793845,0.0,True
slm,14,2,64,1,128,8192,16,11,18,0,5.802999,0.0,True
slm,14,2,64,1,128,8192,16,11,19,0,5.814186,0.0,True
slm,14,2,64,1,128,8192,64,11,0,1,5.806154,0.0,True
slm,14,2,64,1,128,8192,64,11,1,1,5.823721,0.0,True
slm,14,2,64,1,128,8192,64,11,2,1,5.860096,0.0,True
slm,14,2,64,1,128,8192,64,11,3,1,5.858955,0.0,True
slm,14,2,64,1,128,8192,64,11,4,1,5.812493,0.0,True
slm,14,2,64,1,128,8192,64,11,5,1,5.708676,0.0,True
slm,14,2,64,1,128,8192,64,11,6,1,5.776659,0.0,True
slm,14,2,64,1,128,8192,64,11,7,1,5.824342,0.0,True
slm,14,2,64,1,128,8192,64,11,8,1,5.841577,0.0,True
slm,14,2,64,1,128,8192,64,11,9,1,6.016274,0.0,True
slm,14,2,64,1,128,8192,64,11,10,1,5.872305,0.0,True
slm,14,2,64,1,128,8192,64,11,11,1,5.8569,0.0,True
slm,14,2,64,1,128,8192,64,11,12,1,5.875971,0.0,True
slm,14,2,64,1,128,8192,64,11,13,1,5.863781,0.0,True
slm,14,2,64,1,128,8192,64,11,14,1,5.859795,0.0,True
slm,14,2,64,1,128,8192,64,11,15,1,5.877963,0.0,True
slm,14,2,64,1,128,8192,64,11,16,1,5.751821,0.0,True
slm,14,2,64,1,128,8192,64,11,17,1,5.772513,0.0,True
slm,14,2,64,1,128,8192,64,11,18,1,5.782768,0.0,True
slm,14,2,64,1,128,8192,64,11,19,1,5.806194,0.0,True
slm,14,2,64,1,128,8192,32,11,0,2,5.858343,0.0,True
slm,14,2,64,1,128,8192,32,11,1,2,5.883281,0.0,True
slm,14,2,64,1,128,8192,32,11,2,2,5.865854,0.0,True
slm,14,2,64,1,128,8192,32,11,3,2,5.867518,0.0,True
slm,14,2,64,1,128,8192,32,11,4,2,5.867106,0.0,True
slm,14,2,64,1,128,8192,32,11,5,2,5.863491,0.0,True
slm,14,2,64,1,128,8192,32,11,6,2,5.874698,0.0,True
slm,14,2,64,1,128,8192,32,11,7,2,5.868248,0.0,True
slm,14,2,64,1,128,8192,32,11,8,2,5.869891,0.0,True
slm,14,2,64,1,128,8192,32,11,9,2,5.870342,0.0,True
slm,14,2,64,1,128,8192,32,11,10,2,5.860346,0.0,True
slm,14,2,64,1,128,8192,32,11,11,2,5.864963,0.0,True
slm,14,2,64,1,128,8192,32,11,12,2,5.901419,0.0,True
slm,14,2,64,1,128,8192,32,11,13,2,5.877743,0.0,True
slm,14,2,64,1,128,8192,32,11,14,2,5.877142,0.0,True
slm,14,2,64,1,128,8192,32,11,15,2,5.864643,0.0,True
slm,14,2,64,1,128,8192,32,11,16,2,5.872224,0.0,True
slm,14,2,64,1,128,8192,32,11,17,2,5.878254,0.0,True
slm,14,2,64,1,128,8192,32,11,18,2,5.866496,0.0,True
slm,14,2,64,1,128,8192,32,11,19,2,5.878644,0.0,True
slm,14,2,64,1,128,8192,128,11,0,3,5.892856,0.0,True
slm,14,2,64,1,128,8192,128,11,1,3,5.876702,0.0,True
slm,14,2,64,1,128,8192,128,11,2,3,5.861377,0.0,True
slm,14,2,64,1,128,8192,128,11,3,3,5.886186,0.0,True
slm,14,2,64,1,128,8192,128,11,4,3,5.865344,0.0,True
slm,14,2,64,1,128,8192,128,11,5,3,5.867388,0.0,True
slm,14,2,64,1,128,8192,128,11,6,3,5.879556,0.0,True
slm,14,2,64,1,128,8192,128,11,7,3,5.862499,0.0,True
slm,14,2,64,1,128,8192,128,11,8,3,5.876401,0.0,True
slm,14,2,64,1,128,8192,128,11,9,3,5.858263,0.0,True
slm,14,2,64,1,128,8192,128,11,10,3,5.861618,0.0,True
slm,14,2,64,1,128,8192,128,11,11,3,5.862469,0.0,True
slm,14,2,64,1,128,8192,128,11,12,3,5.869551,0.0,True
slm,14,2,64,1,128,8192,128,11,13,3,5.878964,0.0,True
slm,14,2,64,1,128,8192,128,11,14,3,5.88187,0.0,True
slm,14,2,64,1,128,8192,128,11,15,3,5.874408,0.0,True
slm,14,2,64,1,128,8192,128,11,16,3,5.863211,0.0,True
slm,14,2,64,1,128,8192,128,11,17,3,5.854238,0.0,True
slm,14,2,64,1,128,8192,128,11,18,3,5.833305,0.0,True
slm,14,2,64,1,128,8192,128,11,19,3,5.856882,0.0,True
slm,14,2,64,1,128,8192,32,29,0,0,5.860587,0.0,True
slm,14,2,64,1,128,8192,32,29,1,0,5.846034,0.0,True
slm,14,2,64,1,128,8192,32,29,2,0,5.861218,0.0,True
slm,14,2,64,1,128,8192,32,29,3,0,5.844122,0.0,True
slm,14,2,64,1,128,8192,32,29,4,0,5.835839,0.0,True
slm,14,2,64,1,128,8192,32,29,5,0,5.831983,0.0,True
slm,14,2,64,1,128,8192,32,29,6,0,5.839394,0.0,True
slm,14,2,64,1,128,8192,32,29,7,0,5.838142,0.0,True
slm,14,2,64,1,128,8192,32,29,8,0,5.843892,0.0,True
slm,14,2,64,1,128,8192,32,29,9,0,5.84288,0.0,True
slm,14,2,64,1,128,8192,32,29,10,0,5.851362,0.0,True
slm,14,2,64,1,128,8192,32,29,11,0,5.836481,0.0,True
slm,14,2,64,1,128,8192,32,29,12,0,5.856571,0.0,True
slm,14,2,64,1,128,8192,32,29,13,0,5.844893,0.0,True
slm,14,2,64,1,128,8192,32,29,14,0,5.841958,0.0,True
slm,14,2,64,1,128,8192,32,29,15,0,5.846004,0.0,True
slm,14,2,64,1,128,8192,32,29,16,0,5.848438,0.0,True
slm,14,2,64,1,128,8192,32,29,17,0,5.834658,0.0,True
slm,14,2,64,1,128,8192,32,29,18,0,5.85628,0.0,True
slm,14,2,64,1,128,8192,32,29,19,0,5.827827,0.0,True
slm,14,2,64,1,128,8192,128,29,0,1,5.840035,0.0,True
slm,14,2,64,1,128,8192,128,29,1,1,5.846225,0.0,True
slm,14,2,64,1,128,8192,128,29,2,1,5.856771,0.0,True
slm,14,2,64,1,128,8192,128,29,3,1,5.86249,0.0,True
slm,14,2,64,1,128,8192,128,29,4,1,5.829789,0.0,True
slm,14,2,64,1,128,8192,128,29,5,1,5.834527,0.0,True
slm,14,2,64,1,128,8192,128,29,6,1,5.860206,0.0,True
slm,14,2,64,1,128,8192,128,29,7,1,5.859084,0.0,True
slm,14,2,64,1,128,8192,128,29,8,1,5.863902,0.0,True
slm,14,2,64,1,128,8192,128,29,9,1,5.857172,0.0,True
slm,14,2,64,1,128,8192,128,29,10,1,5.860026,0.0,True
slm,14,2,64,1,128,8192,128,29,11,1,5.863211,0.0,True
slm,14,2,64,1,128,8192,128,29,12,1,5.862399,0.0,True
slm,14,2,64,1,128,8192,128,29,13,1,5.86265,0.0,True
slm,14,2,64,1,128,8192,128,29,14,1,5.852104,0.0,True
slm,14,2,64,1,128,8192,128,29,15,1,5.846155,0.0,True
slm,14,2,64,1,128,8192,128,29,16,1,5.964465,0.0,True
slm,14,2,64,1,128,8192,128,29,17,1,5.879165,0.0,True
slm,14,2,64,1,128,8192,128,29,18,1,5.851683,0.0,True
slm,14,2,64,1,128,8192,128,29,19,1,5.879946,0.0,True
slm,14,2,64,1,128,8192,16,29,0,2,5.876992,0.0,True
slm,14,2,64,1,128,8192,16,29,1,2,5.855969,0.0,True
slm,14,2,64,1,128,8192,16,29,2,2,5.873537,0.0,True
slm,14,2,64,1,128,8192,16,29,3,2,5.859104,0.0,True
slm,14,2,64,1,128,8192,16,29,4,2,5.861278,0.0,True
slm,14,2,64,1,128,8192,16,29,5,2,5.860637,0.0,True
slm,14,2,64,1,128,8192,16,29,6,2,5.876351,0.0,True
slm,14,2,64,1,128,8192,16,29,7,2,5.858033,0.0,True
slm,14,2,64,1,128,8192,16,29,8,2,5.879054,0.0,True
slm,14,2,64,1,128,8192,16,29,9,2,5.870071,0.0,True
slm,14,2,64,1,128,8192,16,29,10,2,5.85551,0.0,True
slm,14,2,64,1,128,8192,16,29,11,2,5.866536,0.0,True
slm,14,2,64,1,128,8192,16,29,12,2,5.850561,0.0,True
slm,14,2,64,1,128,8192,16,29,13,2,5.875821,0.0,True
slm,14,2,64,1,128,8192,16,29,14,2,5.881629,0.0,True
slm,14,2,64,1,128,8192,16,29,15,2,5.859185,0.0,True
slm,14,2,64,1,128,8192,16,29,16,2,5.877863,0.0,True
slm,14,2,64,1,128,8192,16,29,17,2,5.859715,0.0,True
slm,14,2,64,1,128,8192,16,29,18,2,5.870712,0.0,True
slm,14,2,64,1,128,8192,16,29,19,2,5.854196,0.0,True
slm,14,2,64,1,128,8192,64,29,0,3,5.876872,0.0,True
slm,14,2,64,1,128,8192,64,29,1,3,5.866896,0.0,True
slm,14,2,64,1,128,8192,64,29,2,3,5.879075,0.0,True
slm,14,2,64,1,128,8192,64,29,3,3,5.85648,0.0,True
slm,14,2,64,1,128,8192,64,29,4,3,5.871383,0.0,True
slm,14,2,64,1,128,8192,64,29,5,3,5.877893,0.0,True
slm,14,2,64,1,128,8192,64,29,6,3,5.873216,0.0,True
slm,14,2,64,1,128,8192,64,29,7,3,5.885345,0.0,True
slm,14,2,64,1,128,8192,64,29,8,3,5.8362,0.0,True
slm,14,2,64,1,128,8192,64,29,9,3,5.845263,0.0,True
slm,14,2,64,1,128,8192,64,29,10,3,5.848278,0.0,True
slm,14,2,64,1,128,8192,64,29,11,3,5.850852,0.0,True
slm,14,2,64,1,128,8192,64,29,12,3,5.868178,0.0,True
slm,14,2,64,1,128,8192,64,29,13,3,5.851062,0.0,True
slm,14,2,64,1,128,8192,64,29,14,3,5.840797,0.0,True
slm,14,2,64,1,128,8192,64,29,15,3,5.861507,0.0,True
slm,14,2,64,1,128,8192,64,29,16,3,5.839846,0.0,True
slm,14,2,64,1,128,8192,64,29,17,3,5.865694,0.0,True
slm,14,2,64,1,128,8192,64,29,18,3,5.857702,0.0,True
slm,14,2,64,1,128,8192,64,29,19,3,5.84346,0.0,True
slm,14,2,64,1,128,8192,32,47,0,0,5.859705,0.0,True
slm,14,2,64,1,128,8192,32,47,1,0,5.851473,0.0,True
slm,14,2,64,1,128,8192,32,47,2,0,5.842749,0.0,True
slm,14,2,64,1,128,8192,32,47,3,0,5.851383,0.0,True
slm,14,2,64,1,128,8192,32,47,4,0,5.838613,0.0,True
slm,14,2,64,1,128,8192,32,47,5,0,5.846596,0.0,True
slm,14,2,64,1,128,8192,32,47,6,0,5.842539,0.0,True
slm,14,2,64,1,128,8192,32,47,7,0,5.841037,0.0,True
slm,14,2,64,1,128,8192,32,47,8,0,6.11254,0.0,True
slm,14,2,64,1,128,8192,32,47,9,0,5.852014,0.0,True
slm,14,2,64,1,128,8192,32,47,10,0,5.846605,0.0,True
slm,14,2,64,1,128,8192,32,47,11,0,5.8562,0.0,True
slm,14,2,64,1,128,8192,32,47,12,0,5.85593,0.0,True
slm,14,2,64,1,128,8192,32,47,13,0,5.870342,0.0,True
slm,14,2,64,1,128,8192,32,47,14,0,5.843431,0.0,True
slm,14,2,64,1,128,8192,32,47,15,0,5.851783,0.0,True
slm,14,2,64,1,128,8192,32,47,16,0,5.845884,0.0,True
slm,14,2,64,1,128,8192,32,47,17,0,5.844282,0.0,True
slm,14,2,64,1,128,8192,32,47,18,0,5.842108,0.0,True
slm,14,2,64,1,128,8192,32,47,19,0,5.834257,0.0,True
slm,14,2,64,1,128,8192,64,47,0,1,5.943703,0.0,True
slm,14,2,64,1,128,8192,64,47,1,1,5.847767,0.0,True
slm,14,2,64,1,128,8192,64,47,2,1,5.862019,0.0,True
slm,14,2,64,1,128,8192,64,47,3,1,5.844522,0.0,True
slm,14,2,64,1,128,8192,64,47,4,1,5.841097,0.0,True
slm,14,2,64,1,128,8192,64,47,5,1,5.853767,0.0,True
slm,14,2,64,1,128,8192,64,47,6,1,5.85656,0.0,True
slm,14,2,64,1,128,8192,64,47,7,1,5.832103,0.0,True
slm,14,2,64,1,128,8192,64,47,8,1,5.832684,0.0,True
slm,14,2,64,1,128,8192,64,47,9,1,5.844632,0.0,True
slm,14,2,64,1,128,8192,64,47,10,1,5.872255,0.0,True
slm,14,2,64,1,128,8192,64,47,11,1,5.874047,0.0,True
slm,14,2,64,1,128,8192,64,47,12,1,5.870251,0.0,True
slm,14,2,64,1,128,8192,64,47,13,1,5.870402,0.0,True
slm,14,2,64,1,128,8192,64,47,14,1,5.864012,0.0,True
slm,14,2,64,1,128,8192,64,47,15,1,5.871754,0.0,True
slm,14,2,64,1,128,8192,64,47,16,1,5.867567,0.0,True
slm,14,2,64,1,128,8192,64,47,17,1,5.857923,0.0,True
slm,14,2,64,1,128,8192,64,47,18,1,5.851091,0.0,True
slm,14,2,64,1,128,8192,64,47,19,1,5.838723,0.0,True
slm,14,2,64,1,128,8192,16,47,0,2,5.868258,0.0,True
slm,14,2,64,1,128,8192,16,47,1,2,5.882059,0.0,True
slm,14,2,64,1,128,8192,16,47,2,2,5.866395,0.0,True
slm,14,2,64,1,128,8192,16,47,3,2,5.880137,0.0,True
slm,14,2,64,1,128,8192,16,47,4,2,5.88247,0.0,True
slm,14,2,64,1,128,8192,16,47,5,2,5.871222,0.0,True
slm,14,2,64,1,128,8192,16,47,6,2,5.876281,0.0,True
slm,14,2,64,1,128,8192,16,47,7,2,5.861147,0.0,True
slm,14,2,64,1,128,8192,16,47,8,2,5.878825,0.0,True
slm,14,2,64,1,128,8192,16,47,9,2,5.879045,0.0,True
slm,14,2,64,1,128,8192,16,47,10,2,5.863622,0.0,True
slm,14,2,64,1,128,8192,16,47,11,2,5.870912,0.0,True
slm,14,2,64,1,128,8192,16,47,12,2,5.874708,0.0,True
slm,14,2,64,1,128,8192,16,47,13,2,5.876781,0.0,True
slm,14,2,64,1,128,8192,16,47,14,2,5.873356,0.0,True
slm,14,2,64,1,128,8192,16,47,15,2,5.863992,0.0,True
slm,14,2,64,1,128,8192,16,47,16,2,5.864012,0.0,True
slm,14,2,64,1,128,8192,16,47,17,2,5.874127,0.0,True
slm,14,2,64,1,128,8192,16,47,18,2,5.859335,0.0,True
slm,14,2,64,1,128,8192,16,47,19,2,5.876591,0.0,True
slm,14,2,64,1,128,8192,128,47,0,3,5.883662,0.0,True
slm,14,2,64,1,128,8192,128,47,1,3,5.866005,0.0,True
slm,14,2,64,1,128,8192,128,47,2,3,5.858023,0.0,True
slm,14,2,64,1,128,8192,128,47,3,3,5.88238,0.0,True
slm,14,2,64,1,128,8192,128,47,4,3,5.867608,0.0,True
slm,14,2,64,1,128,8192,128,47,5,3,5.87574,0.0,True
slm,14,2,64,1,128,8192,128,47,6,3,5.874087,0.0,True
slm,14,2,64,1,128,8192,128,47,7,3,5.88262,0.0,True
slm,14,2,64,1,128,8192,128,47,8,3,5.865444,0.0,True
slm,14,2,64,1,128,8192,128,47,9,3,5.868378,0.0,True
slm,14,2,64,1,128,8192,128,47,10,3,5.858694,0.0,True
slm,14,2,64,1,128,8192,128,47,11,3,5.874659,0.0,True
slm,14,2,64,1,128,8192,128,47,12,3,5.860306,0.0,True
slm,14,2,64,1,128,8192,128,47,13,3,5.868509,0.0,True
slm,14,2,64,1,128,8192,128,47,14,3,5.853546,0.0,True
slm,14,2,64,1,128,8192,128,47,15,3,5.868479,0.0,True
slm,14,2,64,1,128,8192,128,47,16,3,5.868278,0.0,True
slm,14,2,64,1,128,8192,128,47,17,3,5.843981,0.0,True
slm,14,2,64,1,128,8192,128,47,18,3,5.858774,0.0,True
slm,14,2,64,1,128,8192,128,47,19,3,5.842388,0.0,True
slm,14,2,64,1,128,16384,64,11,0,0,11.384431,0.0,True
slm,14,2,64,1,128,16384,64,11,1,0,11.461609,0.0,True
slm,14,2,64,1,128,16384,64,11,2,0,11.447968,0.0,True
slm,14,2,64,1,128,16384,64,11,3,0,11.440987,0.0,True
slm,14,2,64,1,128,16384,64,11,4,0,11.434748,0.0,True
slm,14,2,64,1,128,16384,64,11,5,0,11.453526,0.0,True
slm,14,2,64,1,128,16384,64,11,6,0,11.455659,0.0,True
slm,14,2,64,1,128,16384,64,11,7,0,11.483292,0.0,True
slm,14,2,64,1,128,16384,64,11,8,0,11.447237,0.0,True
slm,14,2,64,1,128,16384,64,11,9,0,11.415367,0.0,True
slm,14,2,64,1,128,16384,64,11,10,0,11.411542,0.0,True
slm,14,2,64,1,128,16384,64,11,11,0,11.414287,0.0,True
slm,14,2,64,1,128,16384,64,11,12,0,11.407486,0.0,True
slm,14,2,64,1,128,16384,64,11,13,0,11.419765,0.0,True
slm,14,2,64,1,128,16384,64,11,14,0,11.404381,0.0,True
slm,14,2,64,1,128,16384,64,11,15,0,11.397471,0.0,True
slm,14,2,64,1,128,16384,64,11,16,0,11.414126,0.0,True
slm,14,2,64,1,128,16384,64,11,17,0,11.454488,0.0,True
slm,14,2,64,1,128,16384,64,11,18,0,11.447447,0.0,True
slm,14,2,64,1,128,16384,64,11,19,0,11.450411,0.0,True
slm,14,2,64,1,128,16384,128,11,0,1,11.395448,0.0,True
slm,14,2,64,1,128,16384,128,11,1,1,11.392473,0.0,True
slm,14,2,64,1,128,16384,128,11,2,1,11.400665,0.0,True
slm,14,2,64,1,128,16384,128,11,3,1,11.488209,0.0,True
slm,14,2,64,1,128,16384,128,11,4,1,11.407126,0.0,True
slm,14,2,64,1,128,16384,128,11,5,1,11.371662,0.0,True
slm,14,2,64,1,128,16384,128,11,6,1,11.372222,0.0,True
slm,14,2,64,1,128,16384,128,11,7,1,11.410711,0.0,True
slm,14,2,64,1,128,16384,128,11,8,1,11.453877,0.0,True
slm,14,2,64,1,128,16384,128,11,9,1,11.452635,0.0,True
slm,14,2,64,1,128,16384,128,11,10,1,11.607401,0.0,True
slm,14,2,64,1,128,16384,128,11,11,1,11.449059,0.0,True
slm,14,2,64,1,128,16384,128,11,12,1,11.403931,0.0,True
slm,14,2,64,1,128,16384,128,11,13,1,11.394265,0.0,True
slm,14,2,64,1,128,16384,128,11,14,1,11.368376,0.0,True
slm,14,2,64,1,128,16384,128,11,15,1,11.375357,0.0,True
slm,14,2,64,1,128,16384,128,11,16,1,11.358081,0.0,True
slm,14,2,64,1,128,16384,128,11,17,1,11.347395,0.0,True
slm,14,2,64,1,128,16384,128,11,18,1,11.374996,0.0,True
slm,14,2,64,1,128,16384,128,11,19,1,11.366934,0.0,True
slm,14,2,64,1,128,16384,16,11,0,2,11.421607,0.0,True
slm,14,2,64,1,128,16384,16,11,1,2,11.443601,0.0,True
slm,14,2,64,1,128,16384,16,11,2,2,11.448268,0.0,True
slm,14,2,64,1,128,16384,16,11,3,2,11.387095,0.0,True
slm,14,2,64,1,128,16384,16,11,4,2,11.360484,0.0,True
slm,14,2,64,1,128,16384,16,11,5,2,11.37764,0.0,True
slm,14,2,64,1,128,16384,16,11,6,2,11.355226,0.0,True
slm,14,2,64,1,128,16384,16,11,7,2,11.349068,0.0,True
slm,14,2,64,1,128,16384,16,11,8,2,11.343868,0.0,True
slm,14,2,64,1,128,16384,16,11,9,2,11.357991,0.0,True
slm,14,2,64,1,128,16384,16,11,10,2,11.335637,0.0,True
slm,14,2,64,1,128,16384,16,11,11,2,11.330509,0.0,True
slm,14,2,64,1,128,16384,16,11,12,2,11.356448,0.0,True
slm,14,2,64,1,128,16384,16,11,13,2,11.38392,0.0,True
slm,14,2,64,1,128,16384,16,11,14,2,11.389148,0.0,True
slm,14,2,64,1,128,16384,16,11,15,2,11.431883,0.0,True
slm,14,2,64,1,128,16384,16,11,16,2,11.441858,0.0,True
slm,14,2,64,1,128,16384,16,11,17,2,11.432584,0.0,True
slm,14,2,64,1,128,16384,16,11,18,2,11.377941,0.0,True
slm,14,2,64,1,128,16384,16,11,19,2,11.350349,0.0,True
slm,14,2,64,1,128,16384,32,11,0,3,11.345011,0.0,True
slm,14,2,64,1,128,16384,32,11,1,3,11.340724,0.0,True
slm,14,2,64,1,128,16384,32,11,2,3,11.337469,0.0,True
slm,14,2,64,1,128,16384,32,11,3,3,11.359222,0.0,True
slm,14,2,64,1,128,16384,32,11,4,3,11.383329,0.0,True
slm,14,2,64,1,128,16384,32,11,5,3,11.411622,0.0,True
slm,14,2,64,1,128,16384,32,11,6,3,11.433886,0.0,True
slm,14,2,64,1,128,16384,32,11,7,3,11.443902,0.0,True
slm,14,2,64,1,128,16384,32,11,8,3,11.44307,0.0,True
slm,14,2,64,1,128,16384,32,11,9,3,11.373414,0.0,True
slm,14,2,64,1,128,16384,32,11,10,3,11.380144,0.0,True
slm,14,2,64,1,128,16384,32,11,11,3,11.375948,0.0,True
slm,14,2,64,1,128,16384,32,11,12,3,11.372062,0.0,True
slm,14,2,64,1,128,16384,32,11,13,3,11.450271,0.0,True
slm,14,2,64,1,128,16384,32,11,14,3,11.404972,0.0,True
slm,14,2,64,1,128,16384,32,11,15,3,11.37727,0.0,True
slm,14,2,64,1,128,16384,32,11,16,3,11.354015,0.0,True
slm,14,2,64,1,128,16384,32,11,17,3,11.364621,0.0,True
slm,14,2,64,1,128,16384,32,11,18,3,11.391993,0.0,True
slm,14,2,64,1,128,16384,32,11,19,3,11.414617,0.0,True
slm,14,2,64,1,128,16384,64,29,0,0,11.348366,0.0,True
slm,14,2,64,1,128,16384,64,29,1,0,11.372693,0.0,True
slm,14,2,64,1,128,16384,64,29,2,0,11.347094,0.0,True
slm,14,2,64,1,128,16384,64,29,3,0,11.359914,0.0,True
slm,14,2,64,1,128,16384,64,29,4,0,11.366634,0.0,True
slm,14,2,64,1,128,16384,64,29,5,0,11.305361,0.0,True
slm,14,2,64,1,128,16384,64,29,6,0,11.32517,0.0,True
slm,14,2,64,1,128,16384,64,29,7,0,11.321385,0.0,True
slm,14,2,64,1,128,16384,64,29,8,0,11.303387,0.0,True
slm,14,2,64,1,128,16384,64,29,9,0,11.303297,0.0,True
slm,14,2,64,1,128,16384,64,29,10,0,11.317519,0.0,True
slm,14,2,64,1,128,16384,64,29,11,0,11.353053,0.0,True
slm,14,2,64,1,128,16384,64,29,12,0,11.447937,0.0,True
slm,14,2,64,1,128,16384,64,29,13,0,11.378762,0.0,True
slm,14,2,64,1,128,16384,64,29,14,0,11.387626,0.0,True
slm,14,2,64,1,128,16384,64,29,15,0,11.373565,0.0,True
slm,14,2,64,1,128,16384,64,29,16,0,11.379573,0.0,True
slm,14,2,64,1,128,16384,64,29,17,0,11.383198,0.0,True
slm,14,2,64,1,128,16384,64,29,18,0,11.368647,0.0,True
slm,14,2,64,1,128,16384,64,29,19,0,11.31194,0.0,True
slm,14,2,64,1,128,16384,16,29,0,1,11.320865,0.0,True
slm,14,2,64,1,128,16384,16,29,1,1,11.33821,0.0,True
slm,14,2,64,1,128,16384,16,29,2,1,11.348536,0.0,True
slm,14,2,64,1,128,16384,16,29,3,1,11.385071,0.0,True
slm,14,2,64,1,128,16384,16,29,4,1,11.385162,0.0,True
slm,14,2,64,1,128,16384,16,29,5,1,11.39698,0.0,True
slm,14,2,64,1,128,16384,16,29,6,1,11.385042,0.0,True
slm,14,2,64,1,128,16384,16,29,7,1,11.355347,0.0,True
slm,14,2,64,1,128,16384,16,29,8,1,11.401186,0.0,True
slm,14,2,64,1,128,16384,16,29,9,1,11.373214,0.0,True
slm,14,2,64,1,128,16384,16,29,10,1,11.377741,0.0,True
slm,14,2,64,1,128,16384,16,29,11,1,11.348766,0.0,True
slm,14,2,64,1,128,16384,16,29,12,1,11.360353,0.0,True
slm,14,2,64,1,128,16384,16,29,13,1,11.35099,0.0,True
slm,14,2,64,1,128,16384,16,29,14,1,11.335937,0.0,True
slm,14,2,64,1,128,16384,16,29,15,1,11.331471,0.0,True
slm,14,2,64,1,128,16384,16,29,16,1,11.368847,0.0,True
slm,14,2,64,1,128,16384,16,29,17,1,11.398152,0.0,True
slm,14,2,64,1,128,16384,16,29,18,1,11.41037,0.0,True
slm,14,2,64,1,128,16384,16,29,19,1,11.417621,0.0,True
slm,14,2,64,1,128,16384,32,29,0,2,11.378702,0.0,True
slm,14,2,64,1,128,16384,32,29,1,2,11.38409,0.0,True
slm,14,2,64,1,128,16384,32,29,2,2,11.366253,0.0,True
slm,14,2,64,1,128,16384,32,29,3,2,11.337339,0.0,True
slm,14,2,64,1,128,16384,32,29,4,2,11.351841,0.0,True
slm,14,2,64,1,128,16384,32,29,5,2,11.339062,0.0,True
slm,14,2,64,1,128,16384,32,29,6,2,11.348505,0.0,True
slm,14,2,64,1,128,16384,32,29,7,2,11.373114,0.0,True
slm,14,2,64,1,128,16384,32,29,8,2,11.405142,0.0,True
slm,14,2,64,1,128,16384,32,29,9,2,11.407436,0.0,True
slm,14,2,64,1,128,16384,32,29,10,2,11.419695,0.0,True
slm,14,2,64,1,128,16384,32,29,11,2,11.401176,0.0,True
slm,14,2,64,1,128,16384,32,29,12,2,11.420346,0.0,True
slm,14,2,64,1,128,16384,32,29,13,2,11.381587,0.0,True
slm,14,2,64,1,128,16384,32,29,14,2,11.382238,0.0,True
slm,14,2,64,1,128,16384,32,29,15,2,11.388247,0.0,True
slm,14,2,64,1,128,16384,32,29,16,2,11.374556,0.0,True
slm,14,2,64,1,128,16384,32,29,17,2,11.365952,0.0,True
slm,14,2,64,1,128,16384,32,29,18,2,11.35075,0.0,True
slm,14,2,64,1,128,16384,32,29,19,2,11.336608,0.0,True
slm,14,2,64,1,128,16384,128,29,0,3,11.422899,0.0,True
slm,14,2,64,1,128,16384,128,29,1,3,11.439224,0.0,True
slm,14,2,64,1,128,16384,128,29,2,3,11.431693,0.0,True
slm,14,2,64,1,128,16384,128,29,3,3,11.425494,0.0,True
slm,14,2,64,1,128,16384,128,29,4,3,11.411071,0.0,True
slm,14,2,64,1,128,16384,128,29,5,3,11.414387,0.0,True
slm,14,2,64,1,128,16384,128,29,6,3,11.385482,0.0,True
slm,14,2,64,1,128,16384,128,29,7,3,11.382608,0.0,True
slm,14,2,64,1,128,16384,128,29,8,3,11.365382,0.0,True
slm,14,2,64,1,128,16384,128,29,9,3,11.386504,0.0,True
slm,14,2,64,1,128,16384,128,29,10,3,11.361326,0.0,True
slm,14,2,64,1,128,16384,128,29,11,3,11.368366,0.0,True
slm,14,2,64,1,128,16384,128,29,12,3,11.377961,0.0,True
slm,14,2,64,1,128,16384,128,29,13,3,11.415407,0.0,True
slm,14,2,64,1,128,16384,128,29,14,3,11.42405,0.0,True
slm,14,2,64,1,128,16384,128,29,15,3,11.427155,0.0,True
slm,14,2,64,1,128,16384,128,29,16,3,11.445123,0.0,True
slm,14,2,64,1,128,16384,128,29,17,3,11.4435,0.0,True
slm,14,2,64,1,128,16384,128,29,18,3,11.391261,0.0,True
slm,14,2,64,1,128,16384,128,29,19,3,11.401186,0.0,True
slm,14,2,64,1,128,16384,32,47,0,0,11.280022,0.0,True
slm,14,2,64,1,128,16384,32,47,1,0,11.355135,0.0,True
slm,14,2,64,1,128,16384,32,47,2,0,11.393334,0.0,True
slm,14,2,64,1,128,16384,32,47,3,0,11.381105,0.0,True
slm,14,2,64,1,128,16384,32,47,4,0,11.342968,0.0,True
slm,14,2,64,1,128,16384,32,47,5,0,11.335396,0.0,True
slm,14,2,64,1,128,16384,32,47,6,0,11.317339,0.0,True
slm,14,2,64,1,128,16384,32,47,7,0,11.333783,0.0,True
slm,14,2,64,1,128,16384,32,47,8,0,11.531414,0.0,True
slm,14,2,64,1,128,16384,32,47,9,0,11.317749,0.0,True
slm,14,2,64,1,128,16384,32,47,10,0,11.324058,0.0,True
slm,14,2,64,1,128,16384,32,47,11,0,11.320674,0.0,True
slm,14,2,64,1,128,16384,32,47,12,0,11.339232,0.0,True
slm,14,2,64,1,128,16384,32,47,13,0,11.354805,0.0,True
slm,14,2,64,1,128,16384,32,47,14,0,11.378772,0.0,True
slm,14,2,64,1,128,16384,32,47,15,0,11.387756,0.0,True
slm,14,2,64,1,128,16384,32,47,16,0,11.413295,0.0,True
slm,14,2,64,1,128,16384,32,47,17,0,11.378361,0.0,True
slm,14,2,64,1,128,16384,32,47,18,0,11.368446,0.0,True
slm,14,2,64,1,128,16384,32,47,19,0,11.33145,0.0,True
slm,14,2,64,1,128,16384,16,47,0,1,11.311429,0.0,True
slm,14,2,64,1,128,16384,16,47,1,1,11.332131,0.0,True
slm,14,2,64,1,128,16384,16,47,2,1,11.347845,0.0,True
slm,14,2,64,1,128,16384,16,47,3,1,11.345191,0.0,True
slm,14,2,64,1,128,16384,16,47,4,1,11.359743,0.0,True
slm,14,2,64,1,128,16384,16,47,5,1,11.372492,0.0,True
slm,14,2,64,1,128,16384,16,47,6,1,11.391261,0.0,True
slm,14,2,64,1,128,16384,16,47,7,1,11.420365,0.0,True
slm,14,2,64,1,128,16384,16,47,8,1,11.396228,0.0,True
slm,14,2,64,1,128,16384,16,47,9,1,11.343077,0.0,True
slm,14,2,64,1,128,16384,16,47,10,1,11.339382,0.0,True
slm,14,2,64,1,128,16384,16,47,11,1,11.344339,0.0,True
slm,14,2,64,1,128,16384,16,47,12,1,11.331379,0.0,True
slm,14,2,64,1,128,16384,16,47,13,1,11.345541,0.0,True
slm,14,2,64,1,128,16384,16,47,14,1,11.34419,0.0,True
slm,14,2,64,1,128,16384,16,47,15,1,11.32522,0.0,True
slm,14,2,64,1,128,16384,16,47,16,1,11.341465,0.0,True
slm,14,2,64,1,128,16384,16,47,17,1,11.346123,0.0,True
slm,14,2,64,1,128,16384,16,47,18,1,11.361125,0.0,True
slm,14,2,64,1,128,16384,16,47,19,1,11.380785,0.0,True
slm,14,2,64,1,128,16384,64,47,0,2,11.387315,0.0,True
slm,14,2,64,1,128,16384,64,47,1,2,11.374556,0.0,True
slm,14,2,64,1,128,16384,64,47,2,2,11.355397,0.0,True
slm,14,2,64,1,128,16384,64,47,3,2,11.360224,0.0,True
slm,14,2,64,1,128,16384,64,47,4,2,11.343308,0.0,True
slm,14,2,64,1,128,16384,64,47,5,2,11.33786,0.0,True
slm,14,2,64,1,128,16384,64,47,6,2,11.340043,0.0,True
slm,14,2,64,1,128,16384,64,47,7,2,11.347394,0.0,True
slm,14,2,64,1,128,16384,64,47,8,2,11.343818,0.0,True
slm,14,2,64,1,128,16384,64,47,9,2,11.353843,0.0,True
slm,14,2,64,1,128,16384,64,47,10,2,11.389328,0.0,True
slm,14,2,64,1,128,16384,64,47,11,2,11.401888,0.0,True
slm,14,2,64,1,128,16384,64,47,12,2,11.426845,0.0,True
slm,14,2,64,1,128,16384,64,47,13,2,11.429049,0.0,True
slm,14,2,64,1,128,16384,64,47,14,2,11.427456,0.0,True
slm,14,2,64,1,128,16384,64,47,15,2,11.39726,0.0,True
slm,14,2,64,1,128,16384,64,47,16,2,11.347855,0.0,True
slm,14,2,64,1,128,16384,64,47,17,2,11.353844,0.0,True
slm,14,2,64,1,128,16384,64,47,18,2,11.387986,0.0,True
slm,14,2,64,1,128,16384,64,47,19,2,11.438233,0.0,True
slm,14,2,64,1,128,16384,128,47,0,3,11.367434,0.0,True
slm,14,2,64,1,128,16384,128,47,1,3,11.407285,0.0,True
slm,14,2,64,1,128,16384,128,47,2,3,11.409889,0.0,True
slm,14,2,64,1,128,16384,128,47,3,3,11.426734,0.0,True
slm,14,2,64,1,128,16384,128,47,4,3,11.438903,0.0,True
slm,14,2,64,1,128,16384,128,47,5,3,11.439915,0.0,True
slm,14,2,64,1,128,16384,128,47,6,3,11.416168,0.0,True
slm,14,2,64,1,128,16384,128,47,7,3,11.355756,0.0,True
slm,14,2,64,1,128,16384,128,47,8,3,11.350408,0.0,True
slm,14,2,64,1,128,16384,128,47,9,3,11.359663,0.0,True
slm,14,2,64,1,128,16384,128,47,10,3,11.356528,0.0,True
slm,14,2,64,1,128,16384,128,47,11,3,11.354826,0.0,True
slm,14,2,64,1,128,16384,128,47,12,3,11.337239,0.0,True
slm,14,2,64,1,128,16384,128,47,13,3,11.381245,0.0,True
slm,14,2,64,1,128,16384,128,47,14,3,11.358521,0.0,True
slm,14,2,64,1,128,16384,128,47,15,3,11.485334,0.0,True
slm,14,2,64,1,128,16384,128,47,16,3,11.413635,0.0,True
slm,14,2,64,1,128,16384,128,47,17,3,11.423289,0.0,True
slm,14,2,64,1,128,16384,128,47,18,3,11.445734,0.0,True
slm,14,2,64,1,128,16384,128,47,19,3,11.439815,0.0,True
slm,14,2,64,1,512,2048,16,11,0,0,2.903207,0.0,True
slm,14,2,64,1,512,2048,16,11,1,0,2.903327,0.0,True
slm,14,2,64,1,512,2048,16,11,2,0,2.6551,0.0,True
slm,14,2,64,1,512,2048,16,11,3,0,1.525211,0.0,True
slm,14,2,64,1,512,2048,16,11,4,0,1.523948,0.0,True
slm,14,2,64,1,512,2048,16,11,5,0,1.724373,0.0,True
slm,14,2,64,1,512,2048,16,11,6,0,1.525862,0.0,True
slm,14,2,64,1,512,2048,16,11,7,0,1.535817,0.0,True
slm,14,2,64,1,512,2048,16,11,8,0,1.519182,0.0,True
slm,14,2,64,1,512,2048,16,11,9,0,1.535977,0.0,True
slm,14,2,64,1,512,2048,16,11,10,0,1.515986,0.0,True
slm,14,2,64,1,512,2048,16,11,11,0,1.525902,0.0,True
slm,14,2,64,1,512,2048,16,11,12,0,1.520734,0.0,True
slm,14,2,64,1,512,2048,16,11,13,0,1.523077,0.0,True
slm,14,2,64,1,512,2048,16,11,14,0,1.525191,0.0,True
slm,14,2,64,1,512,2048,16,11,15,0,1.533613,0.0,True
slm,14,2,64,1,512,2048,16,11,16,0,1.519762,0.0,True
slm,14,2,64,1,512,2048,16,11,17,0,1.525431,0.0,True
slm,14,2,64,1,512,2048,16,11,18,0,1.509707,0.0,True
slm,14,2,64,1,512,2048,16,11,19,0,1.534655,0.0,True
slm,14,2,64,1,512,2048,64,11,0,1,1.502356,0.0,True
slm,14,2,64,1,512,2048,64,11,1,1,1.516197,0.0,True
slm,14,2,64,1,512,2048,64,11,2,1,1.522977,0.0,True
slm,14,2,64,1,512,2048,64,11,3,1,1.517248,0.0,True
slm,14,2,64,1,512,2048,64,11,4,1,1.530869,0.0,True
slm,14,2,64,1,512,2048,64,11,5,1,1.514754,0.0,True
slm,14,2,64,1,512,2048,64,11,6,1,1.535766,0.0,True
slm,14,2,64,1,512,2048,64,11,7,1,1.526702,0.0,True
slm,14,2,64,1,512,2048,64,11,8,1,1.528014,0.0,True
slm,14,2,64,1,512,2048,64,11,9,1,1.520534,0.0,True
slm,14,2,64,1,512,2048,64,11,10,1,1.528436,0.0,True
slm,14,2,64,1,512,2048,64,11,11,1,1.527474,0.0,True
slm,14,2,64,1,512,2048,64,11,12,1,1.533283,0.0,True
slm,14,2,64,1,512,2048,64,11,13,1,1.527374,0.0,True
slm,14,2,64,1,512,2048,64,11,14,1,1.543808,0.0,True
slm,14,2,64,1,512,2048,64,11,15,1,1.525751,0.0,True
slm,14,2,64,1,512,2048,64,11,16,1,1.522877,0.0,True
slm,14,2,64,1,512,2048,64,11,17,1,1.517789,0.0,True
slm,14,2,64,1,512,2048,64,11,18,1,1.539612,0.0,True
slm,14,2,64,1,512,2048,64,11,19,1,1.537399,0.0,True
slm,14,2,64,1,512,2048,128,11,0,2,1.504449,0.0,True
slm,14,2,64,1,512,2048,128,11,1,2,1.531941,0.0,True
slm,14,2,64,1,512,2048,128,11,2,2,1.525361,0.0,True
slm,14,2,64,1,512,2048,128,11,3,2,1.537439,0.0,True
slm,14,2,64,1,512,2048,128,11,4,2,1.533092,0.0,True
slm,14,2,64,1,512,2048,128,11,5,2,1.530349,0.0,True
slm,14,2,64,1,512,2048,128,11,6,2,1.521334,0.0,True
slm,14,2,64,1,512,2048,128,11,7,2,1.540073,0.0,True
slm,14,2,64,1,512,2048,128,11,8,2,1.532061,0.0,True
slm,14,2,64,1,512,2048,128,11,9,2,1.540624,0.0,True
slm,14,2,64,1,512,2048,128,11,10,2,1.525151,0.0,True
slm,14,2,64,1,512,2048,128,11,11,2,1.544169,0.0,True
slm,14,2,64,1,512,2048,128,11,12,2,1.521435,0.0,True
slm,14,2,64,1,512,2048,128,11,13,2,1.541245,0.0,True
slm,14,2,64,1,512,2048,128,11,14,2,1.524329,0.0,True
slm,14,2,64,1,512,2048,128,11,15,2,1.53817,0.0,True
slm,14,2,64,1,512,2048,128,11,16,2,1.532782,0.0,True
slm,14,2,64,1,512,2048,128,11,17,2,1.536628,0.0,True
slm,14,2,64,1,512,2048,128,11,18,2,1.532361,0.0,True
slm,14,2,64,1,512,2048,128,11,19,2,1.549648,0.0,True
slm,14,2,64,1,512,2048,32,11,0,3,1.514634,0.0,True
slm,14,2,64,1,512,2048,32,11,1,3,1.53137,0.0,True
slm,14,2,64,1,512,2048,32,11,2,3,1.536057,0.0,True
slm,14,2,64,1,512,2048,32,11,3,3,1.530679,0.0,True
slm,14,2,64,1,512,2048,32,11,4,3,1.533934,0.0,True
slm,14,2,64,1,512,2048,32,11,5,3,1.534995,0.0,True
slm,14,2,64,1,512,2048,32,11,6,3,1.543648,0.0,True
slm,14,2,64,1,512,2048,32,11,7,3,1.543789,0.0,True
slm,14,2,64,1,512,2048,32,11,8,3,1.550639,0.0,True
slm,14,2,64,1,512,2048,32,11,9,3,1.536899,0.0,True
slm,14,2,64,1,512,2048,32,11,10,3,1.545841,0.0,True
slm,14,2,64,1,512,2048,32,11,11,3,1.525601,0.0,True
slm,14,2,64,1,512,2048,32,11,12,3,1.539813,0.0,True
slm,14,2,64,1,512,2048,32,11,13,3,1.532492,0.0,True
slm,14,2,64,1,512,2048,32,11,14,3,1.541585,0.0,True
slm,14,2,64,1,512,2048,32,11,15,3,1.541014,0.0,True
slm,14,2,64,1,512,2048,32,11,16,3,1.545311,0.0,True
slm,14,2,64,1,512,2048,32,11,17,3,1.612413,0.0,True
slm,14,2,64,1,512,2048,32,11,18,3,1.548867,0.0,True
slm,14,2,64,1,512,2048,32,11,19,3,1.535846,0.0,True
slm,14,2,64,1,512,2048,32,29,0,0,1.537289,0.0,True
slm,14,2,64,1,512,2048,32,29,1,0,1.551791,0.0,True
slm,14,2,64,1,512,2048,32,29,2,0,1.556328,0.0,True
slm,14,2,64,1,512,2048,32,29,3,0,1.539432,0.0,True
slm,14,2,64,1,512,2048,32,29,4,0,1.552381,0.0,True
slm,14,2,64,1,512,2048,32,29,5,0,1.529788,0.0,True
slm,14,2,64,1,512,2048,32,29,6,0,1.541546,0.0,True
slm,14,2,64,1,512,2048,32,29,7,0,1.533423,0.0,True
slm,14,2,64,1,512,2048,32,29,8,0,1.53166,0.0,True
slm,14,2,64,1,512,2048,32,29,9,0,1.536848,0.0,True
slm,14,2,64,1,512,2048,32,29,10,0,1.536097,0.0,True
slm,14,2,64,1,512,2048,32,29,11,0,1.550429,0.0,True
slm,14,2,64,1,512,2048,32,29,12,0,1.53849,0.0,True
slm,14,2,64,1,512,2048,32,29,13,0,1.547154,0.0,True
slm,14,2,64,1,512,2048,32,29,14,0,1.535166,0.0,True
slm,14,2,64,1,512,2048,32,29,15,0,1.550759,0.0,True
slm,14,2,64,1,512,2048,32,29,16,0,1.541405,0.0,True
slm,14,2,64,1,512,2048,32,29,17,0,1.549757,0.0,True
slm,14,2,64,1,512,2048,32,29,18,0,1.537539,0.0,True
slm,14,2,64,1,512,2048,32,29,19,0,1.553113,0.0,True
slm,14,2,64,1,512,2048,16,29,0,1,1.520173,0.0,True
slm,14,2,64,1,512,2048,16,29,1,1,1.541195,0.0,True
slm,14,2,64,1,512,2048,16,29,2,1,1.547294,0.0,True
slm,14,2,64,1,512,2048,16,29,3,1,1.533784,0.0,True
slm,14,2,64,1,512,2048,16,29,4,1,1.539723,0.0,True
slm,14,2,64,1,512,2048,16,29,5,1,1.53784,0.0,True
slm,14,2,64,1,512,2048,16,29,6,1,1.540463,0.0,True
slm,14,2,64,1,512,2048,16,29,7,1,1.535817,0.0,True
slm,14,2,64,1,512,2048,16,29,8,1,1.560645,0.0,True
slm,14,2,64,1,512,2048,16,29,9,1,1.535626,0.0,True
slm,14,2,64,1,512,2048,16,29,10,1,1.539742,0.0,True
slm,14,2,64,1,512,2048,16,29,11,1,1.539993,0.0,True
slm,14,2,64,1,512,2048,16,29,12,1,1.536047,0.0,True
slm,14,2,64,1,512,2048,16,29,13,1,1.543017,0.0,True
slm,14,2,64,1,512,2048,16,29,14,1,1.538821,0.0,True
slm,14,2,64,1,512,2048,16,29,15,1,1.537429,0.0,True
slm,14,2,64,1,512,2048,16,29,16,1,1.536077,0.0,True
slm,14,2,64,1,512,2048,16,29,17,1,1.54478,0.0,True
slm,14,2,64,1,512,2048,16,29,18,1,1.536528,0.0,True
slm,14,2,64,1,512,2048,16,29,19,1,1.53817,0.0,True
slm,14,2,64,1,512,2048,64,29,0,2,1.529206,0.0,True
slm,14,2,64,1,512,2048,64,29,1,2,1.53137,0.0,True
slm,14,2,64,1,512,2048,64,29,2,2,1.541396,0.0,True
slm,14,2,64,1,512,2048,64,29,3,2,1.535747,0.0,True
slm,14,2,64,1,512,2048,64,29,4,2,1.540563,0.0,True
slm,14,2,64,1,512,2048,64,29,5,2,1.536036,0.0,True
slm,14,2,64,1,512,2048,64,29,6,2,1.539242,0.0,True
slm,14,2,64,1,512,2048,64,29,7,2,1.536738,0.0,True
slm,14,2,64,1,512,2048,64,29,8,2,1.539562,0.0,True
slm,14,2,64,1,512,2048,64,29,9,2,1.53738,0.0,True
slm,14,2,64,1,512,2048,64,29,10,2,1.540895,0.0,True
slm,14,2,64,1,512,2048,64,29,11,2,1.538581,0.0,True
slm,14,2,64,1,512,2048,64,29,12,2,1.537539,0.0,True
slm,14,2,64,1,512,2048,64,29,13,2,1.545191,0.0,True
slm,14,2,64,1,512,2048,64,29,14,2,1.53784,0.0,True
slm,14,2,64,1,512,2048,64,29,15,2,1.540303,0.0,True
slm,14,2,64,1,512,2048,64,29,16,2,1.542447,0.0,True
slm,14,2,64,1,512,2048,64,29,17,2,1.555126,0.0,True
slm,14,2,64,1,512,2048,64,29,18,2,1.53847,0.0,True
slm,14,2,64,1,512,2048,64,29,19,2,1.540503,0.0,True
slm,14,2,64,1,512,2048,128,29,0,3,1.523468,0.0,True
slm,14,2,64,1,512,2048,128,29,1,3,1.539873,0.0,True
slm,14,2,64,1,512,2048,128,29,2,3,1.547905,0.0,True
slm,14,2,64,1,512,2048,128,29,3,3,1.541596,0.0,True
slm,14,2,64,1,512,2048,128,29,4,3,1.547565,0.0,True
slm,14,2,64,1,512,2048,128,29,5,3,1.541215,0.0,True
slm,14,2,64,1,512,2048,128,29,6,3,1.544279,0.0,True
slm,14,2,64,1,512,2048,128,29,7,3,1.535185,0.0,True
slm,14,2,64,1,512,2048,128,29,8,3,1.5512,0.0,True
slm,14,2,64,1,512,2048,128,29,9,3,1.535296,0.0,True
slm,14,2,64,1,512,2048,128,29,10,3,1.541215,0.0,True
slm,14,2,64,1,512,2048,128,29,11,3,1.542547,0.0,True
slm,14,2,64,1,512,2048,128,29,12,3,1.542557,0.0,True
slm,14,2,64,1,512,2048,128,29,13,3,1.547605,0.0,True
slm,14,2,64,1,512,2048,128,29,14,3,1.536488,0.0,True
slm,14,2,64,1,512,2048,128,29,15,3,1.545491,0.0,True
slm,14,2,64,1,512,2048,128,29,16,3,1.539172,0.0,True
slm,14,2,64,1,512,2048,128,29,17,3,1.554856,0.0,True
slm,14,2,64,1,512,2048,128,29,18,3,1.534886,0.0,True
slm,14,2,64,1,512,2048,128,29,19,3,1.547244,0.0,True
slm,14,2,64,1,512,2048,128,47,0,0,1.529808,0.0,True
slm,14,2,64,1,512,2048,128,47,1,0,1.582187,0.0,True
slm,14,2,64,1,512,2048,128,47,2,0,1.548365,0.0,True
slm,14,2,64,1,512,2048,128,47,3,0,1.545331,0.0,True
slm,14,2,64,1,512,2048,128,47,4,0,1.561626,0.0,True
slm,14,2,64,1,512,2048,128,47,5,0,1.562357,0.0,True
slm,14,2,64,1,512,2048,128,47,6,0,1.55124,0.0,True
slm,14,2,64,1,512,2048,128,47,7,0,1.537249,0.0,True
slm,14,2,64,1,512,2048,128,47,8,0,1.544159,0.0,True
slm,14,2,64,1,512,2048,128,47,9,0,1.545632,0.0,True
slm,14,2,64,1,512,2048,128,47,10,0,1.542287,0.0,True
slm,14,2,64,1,512,2048,128,47,11,0,1.53807,0.0,True
slm,14,2,64,1,512,2048,128,47,12,0,1.552182,0.0,True
slm,14,2,64,1,512,2048,128,47,13,0,1.534645,0.0,True
slm,14,2,64,1,512,2048,128,47,14,0,1.566113,0.0,True
slm,14,2,64,1,512,2048,128,47,15,0,1.549257,0.0,True
slm,14,2,64,1,512,2048,128,47,16,0,1.534805,0.0,True
slm,14,2,64,1,512,2048,128,47,17,0,1.539492,0.0,True
slm,14,2,64,1,512,2048,128,47,18,0,1.553062,0.0,True
slm,14,2,64,1,512,2048,128,47,19,0,1.553123,0.0,True
slm,14,2,64,1,512,2048,64,47,0,1,1.526603,0.0,True
slm,14,2,64,1,512,2048,64,47,1,1,1.547044,0.0,True
slm,14,2,64,1,512,2048,64,47,2,1,1.543488,0.0,True
slm,14,2,64,1,512,2048,64,47,3,1,1.535346,0.0,True
slm,14,2,64,1,512,2048,64,47,4,1,1.53786,0.0,True
slm,14,2,64,1,512,2048,64,47,5,1,1.542457,0.0,True
slm,14,2,64,1,512,2048,64,47,6,1,1.559773,0.0,True
slm,14,2,64,1,512,2048,64,47,7,1,1.538131,0.0,True
slm,14,2,64,1,512,2048,64,47,8,1,1.540484,0.0,True
slm,14,2,64,1,512,2048,64,47,9,1,1.543038,0.0,True
slm,14,2,64,1,512,2048,64,47,10,1,1.542546,0.0,True
slm,14,2,64,1,512,2048,64,47,11,1,1.537439,0.0,True
slm,14,2,64,1,512,2048,64,47,12,1,1.535617,0.0,True
slm,14,2,64,1,512,2048,64,47,13,1,1.535186,0.0,True
slm,14,2,64,1,512,2048,64,47,14,1,1.54415,0.0,True
slm,14,2,64,1,512,2048,64,47,15,1,1.532942,0.0,True
slm,14,2,64,1,512,2048,64,47,16,1,1.544039,0.0,True
slm,14,2,64,1,512,2048,64,47,17,1,1.538762,0.0,True
slm,14,2,64,1,512,2048,64,47,18,1,1.53798,0.0,True
slm,14,2,64,1,512,2048,64,47,19,1,1.53145,0.0,True
slm,14,2,64,1,512,2048,32,47,0,2,1.526493,0.0,True
slm,14,2,64,1,512,2048,32,47,1,2,1.55153,0.0,True
slm,14,2,64,1,512,2048,32,47,2,2,1.534825,0.0,True
slm,14,2,64,1,512,2048,32,47,3,2,1.546844,0.0,True
slm,14,2,64,1,512,2048,32,47,4,2,1.540353,0.0,True
slm,14,2,64,1,512,2048,32,47,5,2,1.53779,0.0,True
slm,14,2,64,1,512,2048,32,47,6,2,1.536227,0.0,True
slm,14,2,64,1,512,2048,32,47,7,2,1.569888,0.0,True
slm,14,2,64,1,512,2048,32,47,8,2,1.543578,0.0,True
slm,14,2,64,1,512,2048,32,47,9,2,1.539772,0.0,True
slm,14,2,64,1,512,2048,32,47,10,2,1.570108,0.0,True
slm,14,2,64,1,512,2048,32,47,11,2,1.553654,0.0,True
slm,14,2,64,1,512,2048,32,47,12,2,1.545661,0.0,True
slm,14,2,64,1,512,2048,32,47,13,2,1.553914,0.0,True
slm,14,2,64,1,512,2048,32,47,14,2,1.542527,0.0,True
slm,14,2,64,1,512,2048,32,47,15,2,1.558462,0.0,True
slm,14,2,64,1,512,2048,32,47,16,2,1.555056,0.0,True
slm,14,2,64,1,512,2048,32,47,17,2,1.53765,0.0,True
slm,14,2,64,1,512,2048,32,47,18,2,1.555286,0.0,True
slm,14,2,64,1,512,2048,32,47,19,2,1.542516,0.0,True
slm,14,2,64,1,512,2048,16,47,0,3,1.523948,0.0,True
slm,14,2,64,1,512,2048,16,47,1,3,1.562257,0.0,True
slm,14,2,64,1,512,2048,16,47,2,3,1.543619,0.0,True
slm,14,2,64,1,512,2048,16,47,3,3,1.543388,0.0,True
slm,14,2,64,1,512,2048,16,47,4,3,1.556117,0.0,True
slm,14,2,64,1,512,2048,16,47,5,3,1.554725,0.0,True
slm,14,2,64,1,512,2048,16,47,6,3,1.560774,0.0,True
slm,14,2,64,1,512,2048,16,47,7,3,1.56458,0.0,True
slm,14,2,64,1,512,2048,16,47,8,3,1.539452,0.0,True
slm,14,2,64,1,512,2048,16,47,9,3,1.53861,0.0,True
slm,14,2,64,1,512,2048,16,47,10,3,1.552242,0.0,True
slm,14,2,64,1,512,2048,16,47,11,3,1.552112,0.0,True
slm,14,2,64,1,512,2048,16,47,12,3,1.548146,0.0,True
slm,14,2,64,1,512,2048,16,47,13,3,1.532462,0.0,True
slm,14,2,64,1,512,2048,16,47,14,3,1.552282,0.0,True
slm,14,2,64,1,512,2048,16,47,15,3,1.535916,0.0,True
slm,14,2,64,1,512,2048,16,47,16,3,1.562567,0.0,True
slm,14,2,64,1,512,2048,16,47,17,3,1.576679,0.0,True
slm,14,2,64,1,512,2048,16,47,18,3,1.536859,0.0,True
slm,14,2,64,1,512,2048,16,47,19,3,1.555396,0.0,True
slm,14,2,64,1,512,8192,32,11,0,0,5.873736,0.0,True
slm,14,2,64,1,512,8192,32,11,1,0,5.867226,0.0,True
slm,14,2,64,1,512,8192,32,11,2,0,5.892434,0.0,True
slm,14,2,64,1,512,8192,32,11,3,0,5.857331,0.0,True
slm,14,2,64,1,512,8192,32,11,4,0,5.857712,0.0,True
slm,14,2,64,1,512,8192,32,11,5,0,5.861989,0.0,True
slm,14,2,64,1,512,8192,32,11,6,0,5.869349,0.0,True
slm,14,2,64,1,512,8192,32,11,7,0,5.854176,0.0,True
slm,14,2,64,1,512,8192,32,11,8,0,5.846244,0.0,True
slm,14,2,64,1,512,8192,32,11,9,0,5.871223,0.0,True
slm,14,2,64,1,512,8192,32,11,10,0,5.838723,0.0,True
slm,14,2,64,1,512,8192,32,11,11,0,5.841638,0.0,True
slm,14,2,64,1,512,8192,32,11,12,0,5.848298,0.0,True
slm,14,2,64,1,512,8192,32,11,13,0,5.880025,0.0,True
slm,14,2,64,1,512,8192,32,11,14,0,5.857962,0.0,True
slm,14,2,64,1,512,8192,32,11,15,0,5.845254,0.0,True
slm,14,2,64,1,512,8192,32,11,16,0,5.861507,0.0,True
slm,14,2,64,1,512,8192,32,11,17,0,5.867888,0.0,True
slm,14,2,64,1,512,8192,32,11,18,0,5.839434,0.0,True
slm,14,2,64,1,512,8192,32,11,19,0,5.860315,0.0,True
slm,14,2,64,1,512,8192,16,11,0,1,5.856971,0.0,True
slm,14,2,64,1,512,8192,16,11,1,1,5.86353,0.0,True
slm,14,2,64,1,512,8192,16,11,2,1,5.858914,0.0,True
slm,14,2,64,1,512,8192,16,11,3,1,5.855689,0.0,True
slm,14,2,64,1,512,8192,16,11,4,1,5.856771,0.0,True
slm,14,2,64,1,512,8192,16,11,5,1,5.874979,0.0,True
slm,14,2,64,1,512,8192,16,11,6,1,5.852754,0.0,True
slm,14,2,64,1,512,8192,16,11,7,1,5.846394,0.0,True
slm,14,2,64,1,512,8192,16,11,8,1,5.873456,0.0,True
slm,14,2,64,1,512,8192,16,11,9,1,5.866124,0.0,True
slm,14,2,64,1,512,8192,16,11,10,1,5.859244,0.0,True
slm,14,2,64,1,512,8192,16,11,11,1,5.854518,0.0,True
slm,14,2,64,1,512,8192,16,11,12,1,5.852444,0.0,True
slm,14,2,64,1,512,8192,16,11,13,1,5.874046,0.0,True
slm,14,2,64,1,512,8192,16,11,14,1,5.9018,0.0,True
slm,14,2,64,1,512,8192,16,11,15,1,5.862609,0.0,True
slm,14,2,64,1,512,8192,16,11,16,1,5.88263,0.0,True
slm,14,2,64,1,512,8192,16,11,17,1,5.88252,0.0,True
slm,14,2,64,1,512,8192,16,11,18,1,5.864712,0.0,True
slm,14,2,64,1,512,8192,16,11,19,1,5.866455,0.0,True
slm,14,2,64,1,512,8192,64,11,0,2,5.851803,0.0,True
slm,14,2,64,1,512,8192,64,11,1,2,5.885033,0.0,True
slm,14,2,64,1,512,8192,64,11,2,2,5.871442,0.0,True
slm,14,2,64,1,512,8192,64,11,3,2,5.879325,0.0,True
slm,14,2,64,1,512,8192,64,11,4,2,5.864542,0.0,True
slm,14,2,64,1,512,8192,64,11,5,2,5.872734,0.0,True
slm,14,2,64,1,512,8192,64,11,6,2,5.884763,0.0,True
slm,14,2,64,1,512,8192,64,11,7,2,5.872374,0.0,True
slm,14,2,64,1,512,8192,64,11,8,2,5.849279,0.0,True
slm,14,2,64,1,512,8192,64,11,9,2,5.863491,0.0,True
slm,14,2,64,1,512,8192,64,11,10,2,5.854587,0.0,True
slm,14,2,64,1,512,8192,64,11,11,2,5.848157,0.0,True
slm,14,2,64,1,512,8192,64,11,12,2,5.835208,0.0,True
slm,14,2,64,1,512,8192,64,11,13,2,5.852053,0.0,True
slm,14,2,64,1,512,8192,64,11,14,2,5.845423,0.0,True
slm,14,2,64,1,512,8192,64,11,15,2,5.83672,0.0,True
slm,14,2,64,1,512,8192,64,11,16,2,5.863581,0.0,True
slm,14,2,64,1,512,8192,64,11,17,2,6.028412,0.0,True
slm,14,2,64,1,512,8192,64,11,18,2,5.867227,0.0,True
slm,14,2,64,1,512,8192,64,11,19,2,5.884403,0.0,True
slm,14,2,64,1,512,8192,128,11,0,3,5.857502,0.0,True
slm,14,2,64,1,512,8192,128,11,1,3,5.872894,0.0,True
slm,14,2,64,1,512,8192,128,11,2,3,5.868318,0.0,True
slm,14,2,64,1,512,8192,128,11,3,3,5.8756,0.0,True
slm,14,2,64,1,512,8192,128,11,4,3,5.866816,0.0,True
slm,14,2,64,1,512,8192,128,11,5,3,5.884062,0.0,True
slm,14,2,64,1,512,8192,128,11,6,3,5.871394,0.0,True
slm,14,2,64,1,512,8192,128,11,7,3,5.866535,0.0,True
slm,14,2,64,1,512,8192,128,11,8,3,5.876841,0.0,True
slm,14,2,64,1,512,8192,128,11,9,3,5.8822,0.0,True
slm,14,2,64,1,512,8192,128,11,10,3,5.87029,0.0,True
slm,14,2,64,1,512,8192,128,11,11,3,5.872194,0.0,True
slm,14,2,64,1,512,8192,128,11,12,3,5.861768,0.0,True
slm,14,2,64,1,512,8192,128,11,13,3,5.891965,0.0,True
slm,14,2,64,1,512,8192,128,11,14,3,5.894238,0.0,True
slm,14,2,64,1,512,8192,128,11,15,3,5.865023,0.0,True
slm,14,2,64,1,512,8192,128,11,16,3,5.871874,0.0,True
slm,14,2,64,1,512,8192,128,11,17,3,5.900687,0.0,True
slm,14,2,64,1,512,8192,128,11,18,3,5.874167,0.0,True
slm,14,2,64,1,512,8192,128,11,19,3,5.874909,0.0,True
slm,14,2,64,1,512,8192,128,29,0,0,5.84331,0.0,True
slm,14,2,64,1,512,8192,128,29,1,0,5.873756,0.0,True
slm,14,2,64,1,512,8192,128,29,2,0,5.834186,0.0,True
slm,14,2,64,1,512,8192,128,29,3,0,5.840907,0.0,True
slm,14,2,64,1,512,8192,128,29,4,0,5.827786,0.0,True
slm,14,2,64,1,512,8192,128,29,5,0,5.839724,0.0,True
slm,14,2,64,1,512,8192,128,29,6,0,5.846866,0.0,True
slm,14,2,64,1,512,8192,128,29,7,0,5.821256,0.0,True
slm,14,2,64,1,512,8192,128,29,8,0,5.862138,0.0,True
slm,14,2,64,1,512,8192,128,29,9,0,5.861488,0.0,True
slm,14,2,64,1,512,8192,128,29,10,0,5.837991,0.0,True
slm,14,2,64,1,512,8192,128,29,11,0,5.846044,0.0,True
slm,14,2,64,1,512,8192,128,29,12,0,5.84302,0.0,True
slm,14,2,64,1,512,8192,128,29,13,0,5.833745,0.0,True
slm,14,2,64,1,512,8192,128,29,14,0,5.855619,0.0,True
slm,14,2,64,1,512,8192,128,29,15,0,5.832373,0.0,True
slm,14,2,64,1,512,8192,128,29,16,0,5.838533,0.0,True
slm,14,2,64,1,512,8192,128,29,17,0,5.852094,0.0,True
slm,14,2,64,1,512,8192,128,29,18,0,5.855218,0.0,True
slm,14,2,64,1,512,8192,128,29,19,0,5.835488,0.0,True
slm,14,2,64,1,512,8192,32,29,0,1,5.849419,0.0,True
slm,14,2,64,1,512,8192,32,29,1,1,5.883511,0.0,True
slm,14,2,64,1,512,8192,32,29,2,1,5.835989,0.0,True
slm,14,2,64,1,512,8192,32,29,3,1,5.86993,0.0,True
slm,14,2,64,1,512,8192,32,29,4,1,5.875398,0.0,True
slm,14,2,64,1,512,8192,32,29,5,1,5.851302,0.0,True
slm,14,2,64,1,512,8192,32,29,6,1,5.862149,0.0,True
slm,14,2,64,1,512,8192,32,29,7,1,5.862259,0.0,True
slm,14,2,64,1,512,8192,32,29,8,1,5.86326,0.0,True
slm,14,2,64,1,512,8192,32,29,9,1,5.861808,0.0,True
slm,14,2,64,1,512,8192,32,29,10,1,5.851883,0.0,True
slm,14,2,64,1,512,8192,32,29,11,1,5.839194,0.0,True
slm,14,2,64,1,512,8192,32,29,12,1,5.859294,0.0,True
slm,14,2,64,1,512,8192,32,29,13,1,5.848778,0.0,True
slm,14,2,64,1,512,8192,32,29,14,1,5.87587,0.0,True
slm,14,2,64,1,512,8192,32,29,15,1,5.858674,0.0,True
slm,14,2,64,1,512,8192,32,29,16,1,5.861258,0.0,True
slm,14,2,64,1,512,8192,32,29,17,1,5.864943,0.0,True
slm,14,2,64,1,512,8192,32,29,18,1,5.864081,0.0,True
slm,14,2,64,1,512,8192,32,29,19,1,5.86343,0.0,True
slm,14,2,64,1,512,8192,64,29,0,2,5.858363,0.0,True
slm,14,2,64,1,512,8192,64,29,1,2,5.89568,0.0,True
slm,14,2,64,1,512,8192,64,29,2,2,5.876831,0.0,True
slm,14,2,64,1,512,8192,64,29,3,2,5.858462,0.0,True
slm,14,2,64,1,512,8192,64,29,4,2,5.883291,0.0,True
slm,14,2,64,1,512,8192,64,29,5,2,5.866075,0.0,True
slm,14,2,64,1,512,8192,64,29,6,2,5.873616,0.0,True
slm,14,2,64,1,512,8192,64,29,7,2,5.855659,0.0,True
slm,14,2,64,1,512,8192,64,29,8,2,5.883792,0.0,True
slm,14,2,64,1,512,8192,64,29,9,2,5.878654,0.0,True
slm,14,2,64,1,512,8192,64,29,10,2,5.839394,0.0,True
slm,14,2,64,1,512,8192,64,29,11,2,5.838423,0.0,True
slm,14,2,64,1,512,8192,64,29,12,2,5.857191,0.0,True
slm,14,2,64,1,512,8192,64,29,13,2,5.846144,0.0,True
slm,14,2,64,1,512,8192,64,29,14,2,5.835068,0.0,True
slm,14,2,64,1,512,8192,64,29,15,2,5.844822,0.0,True
slm,14,2,64,1,512,8192,64,29,16,2,5.838082,0.0,True
slm,14,2,64,1,512,8192,64,29,17,2,5.856189,0.0,True
slm,14,2,64,1,512,8192,64,29,18,2,5.901879,0.0,True
slm,14,2,64,1,512,8192,64,29,19,2,5.84299,0.0,True
slm,14,2,64,1,512,8192,16,29,0,3,5.837121,0.0,True
slm,14,2,64,1,512,8192,16,29,1,3,5.86993,0.0,True
slm,14,2,64,1,512,8192,16,29,2,3,5.852074,0.0,True
slm,14,2,64,1,512,8192,16,29,3,3,5.848177,0.0,True
slm,14,2,64,1,512,8192,16,29,4,3,5.866205,0.0,True
slm,14,2,64,1,512,8192,16,29,5,3,5.860456,0.0,True
slm,14,2,64,1,512,8192,16,29,6,3,5.860606,0.0,True
slm,14,2,64,1,512,8192,16,29,7,3,5.875389,0.0,True
slm,14,2,64,1,512,8192,16,29,8,3,5.863792,0.0,True
slm,14,2,64,1,512,8192,16,29,9,3,5.866125,0.0,True
slm,14,2,64,1,512,8192,16,29,10,3,5.863991,0.0,True
slm,14,2,64,1,512,8192,16,29,11,3,5.848919,0.0,True
slm,14,2,64,1,512,8192,16,29,12,3,5.868108,0.0,True
slm,14,2,64,1,512,8192,16,29,13,3,5.857292,0.0,True
slm,14,2,64,1,512,8192,16,29,14,3,5.858493,0.0,True
slm,14,2,64,1,512,8192,16,29,15,3,5.861087,0.0,True
slm,14,2,64,1,512,8192,16,29,16,3,5.858853,0.0,True
slm,14,2,64,1,512,8192,16,29,17,3,5.868248,0.0,True
slm,14,2,64,1,512,8192,16,29,18,3,5.861598,0.0,True
slm,14,2,64,1,512,8192,16,29,19,3,5.857291,0.0,True
slm,14,2,64,1,512,8192,32,47,0,0,5.833775,0.0,True
slm,14,2,64,1,512,8192,32,47,1,0,5.870461,0.0,True
slm,14,2,64,1,512,8192,32,47,2,0,5.845223,0.0,True
slm,14,2,64,1,512,8192,32,47,3,0,5.821496,0.0,True
slm,14,2,64,1,512,8192,32,47,4,0,5.821166,0.0,True
slm,14,2,64,1,512,8192,32,47,5,0,5.815437,0.0,True
slm,14,2,64,1,512,8192,32,47,6,0,5.830531,0.0,True
slm,14,2,64,1,512,8192,32,47,7,0,5.826023,0.0,True
slm,14,2,64,1,512,8192,32,47,8,0,5.813215,0.0,True
slm,14,2,64,1,512,8192,32,47,9,0,5.821156,0.0,True
slm,14,2,64,1,512,8192,32,47,10,0,5.808107,0.0,True
slm,14,2,64,1,512,8192,32,47,11,0,5.812063,0.0,True
slm,14,2,64,1,512,8192,32,47,12,0,5.827025,0.0,True
slm,14,2,64,1,512,8192,32,47,13,0,5.812713,0.0,True
slm,14,2,64,1,512,8192,32,47,14,0,5.838783,0.0,True
slm,14,2,64,1,512,8192,32,47,15,0,5.829088,0.0,True
slm,14,2,64,1,512,8192,32,47,16,0,5.835708,0.0,True
slm,14,2,64,1,512,8192,32,47,17,0,5.85637,0.0,True
slm,14,2,64,1,512,8192,32,47,18,0,5.824741,0.0,True
slm,14,2,64,1,512,8192,32,47,19,0,5.81721,0.0,True
slm,14,2,64,1,512,8192,128,47,0,1,5.838963,0.0,True
slm,14,2,64,1,512,8192,128,47,1,1,5.872644,0.0,True
slm,14,2,64,1,512,8192,128,47,2,1,5.816288,0.0,True
slm,14,2,64,1,512,8192,128,47,3,1,5.860316,0.0,True
slm,14,2,64,1,512,8192,128,47,4,1,5.845353,0.0,True
slm,14,2,64,1,512,8192,128,47,5,1,5.862719,0.0,True
slm,14,2,64,1,512,8192,128,47,6,1,5.864412,0.0,True
slm,14,2,64,1,512,8192,128,47,7,1,5.935421,0.0,True
slm,14,2,64,1,512,8192,128,47,8,1,5.867686,0.0,True
slm,14,2,64,1,512,8192,128,47,9,1,5.855548,0.0,True
slm,14,2,64,1,512,8192,128,47,10,1,5.835127,0.0,True
slm,14,2,64,1,512,8192,128,47,11,1,5.835538,0.0,True
slm,14,2,64,1,512,8192,128,47,12,1,5.855919,0.0,True
slm,14,2,64,1,512,8192,128,47,13,1,5.845383,0.0,True
slm,14,2,64,1,512,8192,128,47,14,1,5.853315,0.0,True
slm,14,2,64,1,512,8192,128,47,15,1,5.838402,0.0,True
slm,14,2,64,1,512,8192,128,47,16,1,5.848328,0.0,True
slm,14,2,64,1,512,8192,128,47,17,1,5.865294,0.0,True
slm,14,2,64,1,512,8192,128,47,18,1,5.857582,0.0,True
slm,14,2,64,1,512,8192,128,47,19,1,5.843681,0.0,True
slm,14,2,64,1,512,8192,16,47,0,2,5.854577,0.0,True
slm,14,2,64,1,512,8192,16,47,1,2,5.87575,0.0,True
slm,14,2,64,1,512,8192,16,47,2,2,5.839945,0.0,True
slm,14,2,64,1,512,8192,16,47,3,2,5.874618,0.0,True
slm,14,2,64,1,512,8192,16,47,4,2,5.847726,0.0,True
slm,14,2,64,1,512,8192,16,47,5,2,5.871602,0.0,True
slm,14,2,64,1,512,8192,16,47,6,2,5.866505,0.0,True
slm,14,2,64,1,512,8192,16,47,7,2,5.820816,0.0,True
slm,14,2,64,1,512,8192,16,47,8,2,5.826474,0.0,True
slm,14,2,64,1,512,8192,16,47,9,2,5.819504,0.0,True
slm,14,2,64,1,512,8192,16,47,10,2,5.818192,0.0,True
slm,14,2,64,1,512,8192,16,47,11,2,5.838823,0.0,True
slm,14,2,64,1,512,8192,16,47,12,2,5.846084,0.0,True
slm,14,2,64,1,512,8192,16,47,13,2,5.838743,0.0,True
slm,14,2,64,1,512,8192,16,47,14,2,5.842579,0.0,True
slm,14,2,64,1,512,8192,16,47,15,2,5.841518,0.0,True
slm,14,2,64,1,512,8192,16,47,16,2,5.848698,0.0,True
slm,14,2,64,1,512,8192,16,47,17,2,5.854477,0.0,True
slm,14,2,64,1,512,8192,16,47,18,2,5.842459,0.0,True
slm,14,2,64,1,512,8192,16,47,19,2,5.848007,0.0,True
slm,14,2,64,1,512,8192,64,47,0,3,5.874828,0.0,True
slm,14,2,64,1,512,8192,64,47,1,3,5.887046,0.0,True
slm,14,2,64,1,512,8192,64,47,2,3,5.859384,0.0,True
slm,14,2,64,1,512,8192,64,47,3,3,5.898754,0.0,True
slm,14,2,64,1,512,8192,64,47,4,3,5.856901,0.0,True
slm,14,2,64,1,512,8192,64,47,5,3,5.935731,0.0,True
slm,14,2,64,1,512,8192,64,47,6,3,5.87032,0.0,True
slm,14,2,64,1,512,8192,64,47,7,3,5.860075,0.0,True
slm,14,2,64,1,512,8192,64,47,8,3,5.841337,0.0,True
slm,14,2,64,1,512,8192,64,47,9,3,5.861868,0.0,True
slm,14,2,64,1,512,8192,64,47,10,3,5.859384,0.0,True
slm,14,2,64,1,512,8192,64,47,11,3,5.871092,0.0,True
slm,14,2,64,1,512,8192,64,47,12,3,5.848548,0.0,True
slm,14,2,64,1,512,8192,64,47,13,3,5.857551,0.0,True
slm,14,2,64,1,512,8192,64,47,14,3,5.854757,0.0,True
slm,14,2,64,1,512,8192,64,47,15,3,5.877933,0.0,True
slm,14,2,64,1,512,8192,64,47,16,3,5.858844,0.0,True
slm,14,2,64,1,512,8192,64,47,17,3,5.882239,0.0,True
slm,14,2,64,1,512,8192,64,47,18,3,5.84292,0.0,True
slm,14,2,64,1,512,8192,64,47,19,3,5.859154,0.0,True
slm,14,2,64,1,512,16384,128,11,0,0,11.389367,0.0,True
slm,14,2,64,1,512,16384,128,11,1,0,11.451462,0.0,True
slm,14,2,64,1,512,16384,128,11,2,0,11.464702,0.0,True
slm,14,2,64,1,512,16384,128,11,3,0,11.465003,0.0,True
slm,14,2,64,1,512,16384,128,11,4,0,11.456029,0.0,True
slm,14,2,64,1,512,16384,128,11,5,0,11.468448,0.0,True
slm,14,2,64,1,512,16384,128,11,6,0,11.438613,0.0,True
slm,14,2,64,1,512,16384,128,11,7,0,11.394155,0.0,True
slm,14,2,64,1,512,16384,128,11,8,0,11.397951,0.0,True
slm,14,2,64,1,512,16384,128,11,9,0,11.43002,0.0,True
slm,14,2,64,1,512,16384,128,11,10,0,11.383138,0.0,True
slm,14,2,64,1,512,16384,128,11,11,0,11.414576,0.0,True
slm,14,2,64,1,512,16384,128,11,12,0,11.399343,0.0,True
slm,14,2,64,1,512,16384,128,11,13,0,11.379302,0.0,True
slm,14,2,64,1,512,16384,128,11,14,0,11.360453,0.0,True
slm,14,2,64,1,512,16384,128,11,15,0,11.372562,0.0,True
slm,14,2,64,1,512,16384,128,11,16,0,11.471592,0.0,True
slm,14,2,64,1,512,16384,128,11,17,0,11.456028,0.0,True
slm,14,2,64,1,512,16384,128,11,18,0,11.453315,0.0,True
slm,14,2,64,1,512,16384,128,11,19,0,11.486315,0.0,True
slm,14,2,64,1,512,16384,16,11,0,1,11.392572,0.0,True
slm,14,2,64,1,512,16384,16,11,1,1,11.388446,0.0,True
slm,14,2,64,1,512,16384,16,11,2,1,11.379543,0.0,True
slm,14,2,64,1,512,16384,16,11,3,1,11.39108,0.0,True
slm,14,2,64,1,512,16384,16,11,4,1,11.41072,0.0,True
slm,14,2,64,1,512,16384,16,11,5,1,11.374885,0.0,True
slm,14,2,64,1,512,16384,16,11,6,1,11.361756,0.0,True
slm,14,2,64,1,512,16384,16,11,7,1,11.382928,0.0,True
slm,14,2,64,1,512,16384,16,11,8,1,11.407274,0.0,True
slm,14,2,64,1,512,16384,16,11,9,1,11.426974,0.0,True
slm,14,2,64,1,512,16384,16,11,10,1,11.438091,0.0,True
slm,14,2,64,1,512,16384,16,11,11,1,11.427396,0.0,True
slm,14,2,64,1,512,16384,16,11,12,1,11.388766,0.0,True
slm,14,2,64,1,512,16384,16,11,13,1,11.384861,0.0,True
slm,14,2,64,1,512,16384,16,11,14,1,11.381405,0.0,True
slm,14,2,64,1,512,16384,16,11,15,1,11.377509,0.0,True
slm,14,2,64,1,512,16384,16,11,16,1,11.360944,0.0,True
slm,14,2,64,1,512,16384,16,11,17,1,11.360454,0.0,True
slm,14,2,64,1,512,16384,16,11,18,1,11.353763,0.0,True
slm,14,2,64,1,512,16384,16,11,19,1,11.353223,0.0,True
slm,14,2,64,1,512,16384,64,11,0,2,11.390049,0.0,True
slm,14,2,64,1,512,16384,64,11,1,2,11.408196,0.0,True
slm,14,2,64,1,512,16384,64,11,2,2,11.432172,0.0,True
slm,14,2,64,1,512,16384,64,11,3,2,11.403188,0.0,True
slm,14,2,64,1,512,16384,64,11,4,2,11.399573,0.0,True
slm,14,2,64,1,512,16384,64,11,5,2,11.365892,0.0,True
slm,14,2,64,1,512,16384,64,11,6,2,11.348957,0.0,True
slm,14,2,64,1,512,16384,64,11,7,2,11.363368,0.0,True
slm,14,2,64,1,512,16384,64,11,8,2,11.374495,0.0,True
slm,14,2,64,1,512,16384,64,11,9,2,11.352611,0.0,True
slm,14,2,64,1,512,16384,64,11,10,2,11.35799,0.0,True
slm,14,2,64,1,512,16384,64,11,11,2,11.369688,0.0,True
slm,14,2,64,1,512,16384,64,11,12,2,11.367383,0.0,True
slm,14,2,64,1,512,16384,64,11,13,2,11.395447,0.0,True
slm,14,2,64,1,512,16384,64,11,14,2,11.397971,0.0,True
slm,14,2,64,1,512,16384,64,11,15,2,11.400945,0.0,True
slm,14,2,64,1,512,16384,64,11,16,2,11.411381,0.0,True
slm,14,2,64,1,512,16384,64,11,17,2,11.421536,0.0,True
slm,14,2,64,1,512,16384,64,11,18,2,11.382376,0.0,True
slm,14,2,64,1,512,16384,64,11,19,2,11.413634,0.0,True
slm,14,2,64,1,512,16384,32,11,0,3,11.368085,0.0,True
slm,14,2,64,1,512,16384,32,11,1,3,11.361215,0.0,True
slm,14,2,64,1,512,16384,32,11,2,3,11.347934,0.0,True
slm,14,2,64,1,512,16384,32,11,3,3,11.36446,0.0,True
slm,14,2,64,1,512,16384,32,11,4,3,11.381997,0.0,True
slm,14,2,64,1,512,16384,32,11,5,3,11.382347,0.0,True
slm,14,2,64,1,512,16384,32,11,6,3,11.390119,0.0,True
slm,14,2,64,1,512,16384,32,11,7,3,11.415407,0.0,True
slm,14,2,64,1,512,16384,32,11,8,3,11.406573,0.0,True
slm,14,2,64,1,512,16384,32,11,9,3,11.379803,0.0,True
slm,14,2,64,1,512,16384,32,11,10,3,11.376799,0.0,True
slm,14,2,64,1,512,16384,32,11,11,3,11.360173,0.0,True
slm,14,2,64,1,512,16384,32,11,12,3,11.352691,0.0,True
slm,14,2,64,1,512,16384,32,11,13,3,11.374946,0.0,True
slm,14,2,64,1,512,16384,32,11,14,3,11.365721,0.0,True
slm,14,2,64,1,512,16384,32,11,15,3,11.352952,0.0,True
slm,14,2,64,1,512,16384,32,11,16,3,11.35801,0.0,True
slm,14,2,64,1,512,16384,32,11,17,3,11.369688,0.0,True
slm,14,2,64,1,512,16384,32,11,18,3,11.371209,0.0,True
slm,14,2,64,1,512,16384,32,11,19,3,11.390899,0.0,True
slm,14,2,64,1,512,16384,64,29,0,0,11.37161,0.0,True
slm,14,2,64,1,512,16384,64,29,1,0,11.518955,0.0,True
slm,14,2,64,1,512,16384,64,29,2,0,11.344148,0.0,True
slm,14,2,64,1,512,16384,64,29,3,0,11.35118,0.0,True
slm,14,2,64,1,512,16384,64,29,4,0,11.361975,0.0,True
slm,14,2,64,1,512,16384,64,29,5,0,11.359071,0.0,True
slm,14,2,64,1,512,16384,64,29,6,0,11.330778,0.0,True
slm,14,2,64,1,512,16384,64,29,7,0,11.334284,0.0,True
slm,14,2,64,1,512,16384,64,29,8,0,11.322526,0.0,True
slm,14,2,64,1,512,16384,64,29,9,0,11.31893,0.0,True
slm,14,2,64,1,512,16384,64,29,10,0,11.348665,0.0,True
slm,14,2,64,1,512,16384,64,29,11,0,11.329066,0.0,True
slm,14,2,64,1,512,16384,64,29,12,0,11.400475,0.0,True
slm,14,2,64,1,512,16384,64,29,13,0,11.412543,0.0,True
slm,14,2,64,1,512,16384,64,29,14,0,11.409919,0.0,True
slm,14,2,64,1,512,16384,64,29,15,0,11.365191,0.0,True
slm,14,2,64,1,512,16384,64,29,16,0,11.376578,0.0,True
slm,14,2,64,1,512,16384,64,29,17,0,11.373583,0.0,True
slm,14,2,64,1,512,16384,64,29,18,0,11.346813,0.0,True
slm,14,2,64,1,512,16384,64,29,19,0,11.341235,0.0,True
slm,14,2,64,1,512,16384,128,29,0,1,11.310928,0.0,True
slm,14,2,64,1,512,16384,128,29,1,1,11.335946,0.0,True
slm,14,2,64,1,512,16384,128,29,2,1,11.365661,0.0,True
slm,14,2,64,1,512,16384,128,29,3,1,11.398141,0.0,True
slm,14,2,64,1,512,16384,128,29,4,1,11.398141,0.0,True
slm,14,2,64,1,512,16384,128,29,5,1,11.394094,0.0,True
slm,14,2,64,1,512,16384,128,29,6,1,11.399983,0.0,True
slm,14,2,64,1,512,16384,128,29,7,1,11.379292,0.0,True
slm,14,2,64,1,512,16384,128,29,8,1,11.390548,0.0,True
slm,14,2,64,1,512,16384,128,29,9,1,11.372492,0.0,True
slm,14,2,64,1,512,16384,128,29,10,1,11.35144,0.0,True
slm,14,2,64,1,512,16384,128,29,11,1,11.380274,0.0,True
slm,14,2,64,1,512,16384,128,29,12,1,11.365711,0.0,True
slm,14,2,64,1,512,16384,128,29,13,1,11.356006,0.0,True
slm,14,2,64,1,512,16384,128,29,14,1,11.346903,0.0,True
slm,14,2,64,1,512,16384,128,29,15,1,11.348374,0.0,True
slm,14,2,64,1,512,16384,128,29,16,1,11.395187,0.0,True
slm,14,2,64,1,512,16384,128,29,17,1,11.414085,0.0,True
slm,14,2,64,1,512,16384,128,29,18,1,11.417761,0.0,True
slm,14,2,64,1,512,16384,128,29,19,1,11.410779,0.0,True
slm,14,2,64,1,512,16384,16,29,0,2,11.365571,0.0,True
slm,14,2,64,1,512,16384,16,29,1,2,11.34508,0.0,True
slm,14,2,64,1,512,16384,16,29,2,2,11.346272,0.0,True
slm,14,2,64,1,512,16384,16,29,3,2,11.348645,0.0,True
slm,14,2,64,1,512,16384,16,29,4,2,11.351019,0.0,True
slm,14,2,64,1,512,16384,16,29,5,2,11.323438,0.0,True
slm,14,2,64,1,512,16384,16,29,6,2,11.335896,0.0,True
slm,14,2,64,1,512,16384,16,29,7,2,11.365411,0.0,True
slm,14,2,64,1,512,16384,16,29,8,2,11.37791,0.0,True
slm,14,2,64,1,512,16384,16,29,9,2,11.392412,0.0,True
slm,14,2,64,1,512,16384,16,29,10,2,11.424901,0.0,True
slm,14,2,64,1,512,16384,16,29,11,2,11.386743,0.0,True
slm,14,2,64,1,512,16384,16,29,12,2,11.395908,0.0,True
slm,14,2,64,1,512,16384,16,29,13,2,11.366933,0.0,True
slm,14,2,64,1,512,16384,16,29,14,2,11.393053,0.0,True
slm,14,2,64,1,512,16384,16,29,15,2,11.382387,0.0,True
slm,14,2,64,1,512,16384,16,29,16,2,11.365371,0.0,True
slm,14,2,64,1,512,16384,16,29,17,2,11.351019,0.0,True
slm,14,2,64,1,512,16384,16,29,18,2,11.353693,0.0,True
slm,14,2,64,1,512,16384,16,29,19,2,11.348776,0.0,True
slm,14,2,64,1,512,16384,32,29,0,3,11.383168,0.0,True
slm,14,2,64,1,512,16384,32,29,1,3,11.392322,0.0,True
slm,14,2,64,1,512,16384,32,29,2,3,11.389968,0.0,True
slm,14,2,64,1,512,16384,32,29,3,3,11.369467,0.0,True
slm,14,2,64,1,512,16384,32,29,4,3,11.365852,0.0,True
slm,14,2,64,1,512,16384,32,29,5,3,11.363158,0.0,True
slm,14,2,64,1,512,16384,32,29,6,3,11.353011,0.0,True
slm,14,2,64,1,512,16384,32,29,7,3,11.386723,0.0,True
slm,14,2,64,1,512,16384,32,29,8,3,11.373012,0.0,True
slm,14,2,64,1,512,16384,32,29,9,3,11.387815,0.0,True
slm,14,2,64,1,512,16384,32,29,10,3,11.427806,0.0,True
slm,14,2,64,1,512,16384,32,29,11,3,11.366943,0.0,True
slm,14,2,64,1,512,16384,32,29,12,3,11.357869,0.0,True
slm,14,2,64,1,512,16384,32,29,13,3,11.416929,0.0,True
slm,14,2,64,1,512,16384,32,29,14,3,11.419423,0.0,True
slm,14,2,64,1,512,16384,32,29,15,3,11.419793,0.0,True
slm,14,2,64,1,512,16384,32,29,16,3,11.429698,0.0,True
slm,14,2,64,1,512,16384,32,29,17,3,11.399722,0.0,True
slm,14,2,64,1,512,16384,32,29,18,3,11.405352,0.0,True
slm,14,2,64,1,512,16384,32,29,19,3,11.392571,0.0,True
slm,14,2,64,1,512,16384,128,47,0,0,11.297297,0.0,True
slm,14,2,64,1,512,16384,128,47,1,0,11.336738,0.0,True
slm,14,2,64,1,512,16384,128,47,2,0,11.336596,0.0,True
slm,14,2,64,1,512,16384,128,47,3,0,11.349016,0.0,True
slm,14,2,64,1,512,16384,128,47,4,0,11.330077,0.0,True
slm,14,2,64,1,512,16384,128,47,5,0,11.350939,0.0,True
slm,14,2,64,1,512,16384,128,47,6,0,11.308074,0.0,True
slm,14,2,64,1,512,16384,128,47,7,0,11.301784,0.0,True
slm,14,2,64,1,512,16384,128,47,8,0,11.306892,0.0,True
slm,14,2,64,1,512,16384,128,47,9,0,11.298238,0.0,True
slm,14,2,64,1,512,16384,128,47,10,0,11.322305,0.0,True
slm,14,2,64,1,512,16384,128,47,11,0,11.295344,0.0,True
slm,14,2,64,1,512,16384,128,47,12,0,11.309425,0.0,True
slm,14,2,64,1,512,16384,128,47,13,0,11.300542,0.0,True
slm,14,2,64,1,512,16384,128,47,14,0,11.324468,0.0,True
slm,14,2,64,1,512,16384,128,47,15,0,11.324859,0.0,True
slm,14,2,64,1,512,16384,128,47,16,0,11.357889,0.0,True
slm,14,2,64,1,512,16384,128,47,17,0,11.366783,0.0,True
slm,14,2,64,1,512,16384,128,47,18,0,11.341804,0.0,True
slm,14,2,64,1,512,16384,128,47,19,0,11.304368,0.0,True
slm,14,2,64,1,512,16384,64,47,0,1,11.296236,0.0,True
slm,14,2,64,1,512,16384,64,47,1,1,11.304108,0.0,True
slm,14,2,64,1,512,16384,64,47,2,1,11.292339,0.0,True
slm,14,2,64,1,512,16384,64,47,3,1,11.290066,0.0,True
slm,14,2,64,1,512,16384,64,47,4,1,11.325049,0.0,True
slm,14,2,64,1,512,16384,64,47,5,1,11.348375,0.0,True
slm,14,2,64,1,512,16384,64,47,6,1,11.378801,0.0,True
slm,14,2,64,1,512,16384,64,47,7,1,11.374274,0.0,True
slm,14,2,64,1,512,16384,64,47,8,1,11.393664,0.0,True
slm,14,2,64,1,512,16384,64,47,9,1,11.386272,0.0,True
slm,14,2,64,1,512,16384,64,47,10,1,11.342707,0.0,True
slm,14,2,64,1,512,16384,64,47,11,1,11.322335,0.0,True
slm,14,2,64,1,512,16384,64,47,12,1,11.334804,0.0,True
slm,14,2,64,1,512,16384,64,47,13,1,11.354154,0.0,True
slm,14,2,64,1,512,16384,64,47,14,1,11.312059,0.0,True
slm,14,2,64,1,512,16384,64,47,15,1,11.344218,0.0,True
slm,14,2,64,1,512,16384,64,47,16,1,11.310727,0.0,True
slm,14,2,64,1,512,16384,64,47,17,1,11.330678,0.0,True
slm,14,2,64,1,512,16384,64,47,18,1,11.33927,0.0,True
slm,14,2,64,1,512,16384,64,47,19,1,11.367344,0.0,True
slm,14,2,64,1,512,16384,32,47,0,2,11.374534,0.0,True
slm,14,2,64,1,512,16384,32,47,1,2,11.368416,0.0,True
slm,14,2,64,1,512,16384,32,47,2,2,11.35216,0.0,True
slm,14,2,64,1,512,16384,32,47,3,2,11.353513,0.0,True
slm,14,2,64,1,512,16384,32,47,4,2,11.33215,0.0,True
slm,14,2,64,1,512,16384,32,47,5,2,11.378651,0.0,True
slm,14,2,64,1,512,16384,32,47,6,2,11.328345,0.0,True
slm,14,2,64,1,512,16384,32,47,7,2,11.345741,0.0,True
slm,14,2,64,1,512,16384,32,47,8,2,11.342376,0.0,True
slm,14,2,64,1,512,16384,32,47,9,2,11.31913,0.0,True
slm,14,2,64,1,512,16384,32,47,10,2,11.368676,0.0,True
slm,14,2,64,1,512,16384,32,47,11,2,11.375195,0.0,True
slm,14,2,64,1,512,16384,32,47,12,2,11.403139,0.0,True
slm,14,2,64,1,512,16384,32,47,13,2,11.43088,0.0,True
slm,14,2,64,1,512,16384,32,47,14,2,11.429629,0.0,True
slm,14,2,64,1,512,16384,32,47,15,2,11.376247,0.0,True
slm,14,2,64,1,512,16384,32,47,16,2,11.372701,0.0,True
slm,14,2,64,1,512,16384,32,47,17,2,11.33855,0.0,True
slm,14,2,64,1,512,16384,32,47,18,2,11.382216,0.0,True
slm,14,2,64,1,512,16384,32,47,19,2,11.353603,0.0,True
slm,14,2,64,1,512,16384,16,47,0,3,11.363878,0.0,True
slm,14,2,64,1,512,16384,16,47,1,3,11.377018,0.0,True
slm,14,2,64,1,512,16384,16,47,2,3,11.386122,0.0,True
slm,14,2,64,1,512,16384,16,47,3,3,11.393663,0.0,True
slm,14,2,64,1,512,16384,16,47,4,3,11.397119,0.0,True
slm,14,2,64,1,512,16384,16,47,5,3,11.409297,0.0,True
slm,14,2,64,1,512,16384,16,47,6,3,11.415267,0.0,True
slm,14,2,64,1,512,16384,16,47,7,3,11.363678,0.0,True
slm,14,2,64,1,512,16384,16,47,8,3,11.385521,0.0,True
slm,14,2,64,1,512,16384,16,47,9,3,11.360563,0.0,True
slm,14,2,64,1,512,16384,16,47,10,3,11.344649,0.0,True
slm,14,2,64,1,512,16384,16,47,11,3,11.373783,0.0,True
slm,14,2,64,1,512,16384,16,47,12,3,11.350168,0.0,True
slm,14,2,64,1,512,16384,16,47,13,3,11.35152,0.0,True
slm,14,2,64,1,512,16384,16,47,14,3,11.361194,0.0,True
slm,14,2,64,1,512,16384,16,47,15,3,11.387234,0.0,True
slm,14,2,64,1,512,16384,16,47,16,3,11.411781,0.0,True
slm,14,2,64,1,512,16384,16,47,17,3,11.413964,0.0,True
slm,14,2,64,1,512,16384,16,47,18,3,11.40509,0.0,True
slm,14,2,64,1,512,16384,16,47,19,3,11.433434,0.0,True
slm,14,2,64,4,128,2048,128,11,0,0,1.494143,0.0,True
slm,14,2,64,4,128,2048,128,11,1,0,1.521464,0.0,True
slm,14,2,64,4,128,2048,128,11,2,0,1.503107,0.0,True
slm,14,2,64,4,128,2048,128,11,3,0,1.55133,0.0,True
slm,14,2,64,4,128,2048,128,11,4,0,1.501334,0.0,True
slm,14,2,64,4,128,2048,128,11,5,0,1.71565,0.0,True
slm,14,2,64,4,128,2048,128,11,6,0,1.536497,0.0,True
slm,14,2,64,4,128,2048,128,11,7,0,1.530629,0.0,True
slm,14,2,64,4,128,2048,128,11,8,0,1.505901,0.0,True
slm,14,2,64,4,128,2048,128,11,9,0,1.519903,0.0,True
slm,14,2,64,4,128,2048,128,11,10,0,1.529246,0.0,True
slm,14,2,64,4,128,2048,128,11,11,0,1.515005,0.0,True
slm,14,2,64,4,128,2048,128,11,12,0,1.520683,0.0,True
slm,14,2,64,4,128,2048,128,11,13,0,1.517528,0.0,True
slm,14,2,64,4,128,2048,128,11,14,0,1.527984,0.0,True
slm,14,2,64,4,128,2048,128,11,15,0,1.525681,0.0,True
slm,14,2,64,4,128,2048,128,11,16,0,1.507814,0.0,True
slm,14,2,64,4,128,2048,128,11,17,0,1.501444,0.0,True
slm,14,2,64,4,128,2048,128,11,18,0,1.514554,0.0,True
slm,14,2,64,4,128,2048,128,11,19,0,1.51178,0.0,True
slm,14,2,64,4,128,2048,32,11,0,1,1.491659,0.0,True
slm,14,2,64,4,128,2048,32,11,1,1,1.503608,0.0,True
slm,14,2,64,4,128,2048,32,11,2,1,1.502706,0.0,True
slm,14,2,64,4,128,2048,32,11,3,1,1.539552,0.0,True
slm,14,2,64,4,128,2048,32,11,4,1,1.503547,0.0,True
slm,14,2,64,4,128,2048,32,11,5,1,1.526332,0.0,True
slm,14,2,64,4,128,2048,32,11,6,1,1.502406,0.0,True
slm,14,2,64,4,128,2048,32,11,7,1,1.526683,0.0,True
slm,14,2,64,4,128,2048,32,11,8,1,1.506552,0.0,True
slm,14,2,64,4,128,2048,32,11,9,1,1.540884,0.0,True
slm,14,2,64,4,128,2048,32,11,10,1,1.505611,0.0,True
slm,14,2,64,4,128,2048,32,11,11,1,1.521214,0.0,True
slm,14,2,64,4,128,2048,32,11,12,1,1.572722,0.0,True
slm,14,2,64,4,128,2048,32,11,13,1,1.510308,0.0,True
slm,14,2,64,4,128,2048,32,11,14,1,1.51163,0.0,True
slm,14,2,64,4,128,2048,32,11,15,1,1.507614,0.0,True
slm,14,2,64,4,128,2048,32,11,16,1,1.501935,0.0,True
slm,14,2,64,4,128,2048,32,11,17,1,1.513433,0.0,True
slm,14,2,64,4,128,2048,32,11,18,1,1.508124,0.0,True
slm,14,2,64,4,128,2048,32,11,19,1,1.502856,0.0,True
slm,14,2,64,4,128,2048,16,11,0,2,1.50537,0.0,True
slm,14,2,64,4,128,2048,16,11,1,2,1.536518,0.0,True
slm,14,2,64,4,128,2048,16,11,2,2,1.515675,0.0,True
slm,14,2,64,4,128,2048,16,11,3,2,1.513943,0.0,True
slm,14,2,64,4,128,2048,16,11,4,2,1.514744,0.0,True
slm,14,2,64,4,128,2048,16,11,5,2,1.51802,0.0,True
slm,14,2,64,4,128,2048,16,11,6,2,1.521075,0.0,True
slm,14,2,64,4,128,2048,16,11,7,2,1.512851,0.0,True
slm,14,2,64,4,128,2048,16,11,8,2,1.511068,0.0,True
slm,14,2,64,4,128,2048,16,11,9,2,1.536798,0.0,True
slm,14,2,64,4,128,2048,16,11,10,2,1.506813,0.0,True
slm,14,2,64,4,128,2048,16,11,11,2,1.515696,0.0,True
slm,14,2,64,4,128,2048,16,11,12,2,1.528665,0.0,True
slm,14,2,64,4,128,2048,16,11,13,2,1.521525,0.0,True
slm,14,2,64,4,128,2048,16,11,14,2,1.519972,0.0,True
slm,14,2,64,4,128,2048,16,11,15,2,1.512491,0.0,True
slm,14,2,64,4,128,2048,16,11,16,2,1.509516,0.0,True
slm,14,2,64,4,128,2048,16,11,17,2,1.521304,0.0,True
slm,14,2,64,4,128,2048,16,11,18,2,1.519822,0.0,True
slm,14,2,64,4,128,2048,16,11,19,2,1.527294,0.0,True
slm,14,2,64,4,128,2048,64,11,0,3,1.499792,0.0,True
slm,14,2,64,4,128,2048,64,11,1,3,1.533463,0.0,True
slm,14,2,64,4,128,2048,64,11,2,3,1.521605,0.0,True
slm,14,2,64,4,128,2048,64,11,3,3,1.520112,0.0,True
slm,14,2,64,4,128,2048,64,11,4,3,1.527063,0.0,True
slm,14,2,64,4,128,2048,64,11,5,3,1.508695,0.0,True
slm,14,2,64,4,128,2048,64,11,6,3,1.511799,0.0,True
slm,14,2,64,4,128,2048,64,11,7,3,1.511789,0.0,True
slm,14,2,64,4,128,2048,64,11,8,3,1.527203,0.0,True
slm,14,2,64,4,128,2048,64,11,9,3,1.53146,0.0,True
slm,14,2,64,4,128,2048,64,11,10,3,1.523417,0.0,True
slm,14,2,64,4,128,2048,64,11,11,3,1.519402,0.0,True
slm,14,2,64,4,128,2048,64,11,12,3,1.527274,0.0,True
slm,14,2,64,4,128,2048,64,11,13,3,1.535136,0.0,True
slm,14,2,64,4,128,2048,64,11,14,3,1.515145,0.0,True
slm,14,2,64,4,128,2048,64,11,15,3,1.518891,0.0,True
slm,14,2,64,4,128,2048,64,11,16,3,1.521314,0.0,True
slm,14,2,64,4,128,2048,64,11,17,3,1.522967,0.0,True
slm,14,2,64,4,128,2048,64,11,18,3,1.522546,0.0,True
slm,14,2,64,4,128,2048,64,11,19,3,1.543007,0.0,True
slm,14,2,64,4,128,2048,32,29,0,0,1.502706,0.0,True
slm,14,2,64,4,128,2048,32,29,1,0,1.516176,0.0,True
slm,14,2,64,4,128,2048,32,29,2,0,1.515976,0.0,True
slm,14,2,64,4,128,2048,32,29,3,0,1.515285,0.0,True
slm,14,2,64,4,128,2048,32,29,4,0,1.521134,0.0,True
slm,14,2,64,4,128,2048,32,29,5,0,1.510558,0.0,True
slm,14,2,64,4,128,2048,32,29,6,0,1.524119,0.0,True
slm,14,2,64,4,128,2048,32,29,7,0,1.543148,0.0,True
slm,14,2,64,4,128,2048,32,29,8,0,1.51835,0.0,True
slm,14,2,64,4,128,2048,32,29,9,0,1.543448,0.0,True
slm,14,2,64,4,128,2048,32,29,10,0,1.542386,0.0,True
slm,14,2,64,4,128,2048,32,29,11,0,1.527424,0.0,True
slm,14,2,64,4,128,2048,32,29,12,0,1.538961,0.0,True
slm,14,2,64,4,128,2048,32,29,13,0,1.529897,0.0,True
slm,14,2,64,4,128,2048,32,29,14,0,1.540644,0.0,True
slm,14,2,64,4,128,2048,32,29,15,0,1.521335,0.0,True
slm,14,2,64,4,128,2048,32,29,16,0,1.528496,0.0,True
slm,14,2,64,4,128,2048,32,29,17,0,1.518931,0.0,True
slm,14,2,64,4,128,2048,32,29,18,0,1.521344,0.0,True
slm,14,2,64,4,128,2048,32,29,19,0,1.551921,0.0,True
slm,14,2,64,4,128,2048,64,29,0,1,1.507784,0.0,True
slm,14,2,64,4,128,2048,64,29,1,1,1.546253,0.0,True
slm,14,2,64,4,128,2048,64,29,2,1,1.600164,0.0,True
slm,14,2,64,4,128,2048,64,29,3,1,1.533503,0.0,True
slm,14,2,64,4,128,2048,64,29,4,1,1.526482,0.0,True
slm,14,2,64,4,128,2048,64,29,5,1,1.524008,0.0,True
slm,14,2,64,4,128,2048,64,29,6,1,1.521605,0.0,True
slm,14,2,64,4,128,2048,64,29,7,1,1.514614,0.0,True
slm,14,2,64,4,128,2048,64,29,8,1,1.55122,0.0,True
slm,14,2,64,4,128,2048,64,29,9,1,1.536377,0.0,True
slm,14,2,64,4,128,2048,64,29,10,1,1.554415,0.0,True
slm,14,2,64,4,128,2048,64,29,11,1,1.513432,0.0,True
slm,14,2,64,4,128,2048,64,29,12,1,1.513412,0.0,True
slm,14,2,64,4,128,2048,64,29,13,1,1.537719,0.0,True
slm,14,2,64,4,128,2048,64,29,14,1,1.540013,0.0,True
slm,14,2,64,4,128,2048,64,29,15,1,1.55077,0.0,True
slm,14,2,64,4,128,2048,64,29,16,1,1.523397,0.0,True
slm,14,2,64,4,128,2048,64,29,17,1,1.539462,0.0,True
slm,14,2,64,4,128,2048,64,29,18,1,1.529697,0.0,True
slm,14,2,64,4,128,2048,64,29,19,1,1.542817,0.0,True
slm,14,2,64,4,128,2048,128,29,0,2,1.508865,0.0,True
slm,14,2,64,4,128,2048,128,29,1,2,1.518771,0.0,True
slm,14,2,64,4,128,2048,128,29,2,2,1.527524,0.0,True
slm,14,2,64,4,128,2048,128,29,3,2,1.528575,0.0,True
slm,14,2,64,4,128,2048,128,29,4,2,1.551871,0.0,True
slm,14,2,64,4,128,2048,128,29,5,2,1.558601,0.0,True
slm,14,2,64,4,128,2048,128,29,6,2,1.545621,0.0,True
slm,14,2,64,4,128,2048,128,29,7,2,1.519511,0.0,True
slm,14,2,64,4,128,2048,128,29,8,2,1.541546,0.0,True
slm,14,2,64,4,128,2048,128,29,9,2,1.528525,0.0,True
slm,14,2,64,4,128,2048,128,29,10,2,1.536858,0.0,True
slm,14,2,64,4,128,2048,128,29,11,2,1.535606,0.0,True
slm,14,2,64,4,128,2048,128,29,12,2,1.529177,0.0,True
slm,14,2,64,4,128,2048,128,29,13,2,1.547824,0.0,True
slm,14,2,64,4,128,2048,128,29,14,2,1.548406,0.0,True
slm,14,2,64,4,128,2048,128,29,15,2,1.527173,0.0,True
slm,14,2,64,4,128,2048,128,29,16,2,1.529957,0.0,True
slm,14,2,64,4,128,2048,128,29,17,2,1.561566,0.0,True
slm,14,2,64,4,128,2048,128,29,18,2,1.532481,0.0,True
slm,14,2,64,4,128,2048,128,29,19,2,1.532811,0.0,True
slm,14,2,64,4,128,2048,16,29,0,3,1.510297,0.0,True
slm,14,2,64,4,128,2048,16,29,1,3,1.532221,0.0,True
slm,14,2,64,4,128,2048,16,29,2,3,1.519862,0.0,True
slm,14,2,64,4,128,2048,16,29,3,3,1.528435,0.0,True
slm,14,2,64,4,128,2048,16,29,4,3,1.582798,0.0,True
slm,14,2,64,4,128,2048,16,29,5,3,1.552752,0.0,True
slm,14,2,64,4,128,2048,16,29,6,3,1.537259,0.0,True
slm,14,2,64,4,128,2048,16,29,7,3,1.532281,0.0,True
slm,14,2,64,4,128,2048,16,29,8,3,1.522947,0.0,True
slm,14,2,64,4,128,2048,16,29,9,3,1.521484,0.0,True
slm,14,2,64,4,128,2048,16,29,10,3,1.546302,0.0,True
slm,14,2,64,4,128,2048,16,29,11,3,1.527334,0.0,True
slm,14,2,64,4,128,2048,16,29,12,3,1.535166,0.0,True
slm,14,2,64,4,128,2048,16,29,13,3,1.530799,0.0,True
slm,14,2,64,4,128,2048,16,29,14,3,1.551049,0.0,True
slm,14,2,64,4,128,2048,16,29,15,3,1.548175,0.0,True
slm,14,2,64,4,128,2048,16,29,16,3,1.533182,0.0,True
slm,14,2,64,4,128,2048,16,29,17,3,1.554935,0.0,True
slm,14,2,64,4,128,2048,16,29,18,3,1.550539,0.0,True
slm,14,2,64,4,128,2048,16,29,19,3,1.536498,0.0,True
slm,14,2,64,4,128,2048,128,47,0,0,1.50524,0.0,True
slm,14,2,64,4,128,2048,128,47,1,0,1.539973,0.0,True
slm,14,2,64,4,128,2048,128,47,2,0,1.540103,0.0,True
slm,14,2,64,4,128,2048,128,47,3,0,1.528986,0.0,True
slm,14,2,64,4,128,2048,128,47,4,0,1.561285,0.0,True
slm,14,2,64,4,128,2048,128,47,5,0,1.545851,0.0,True
slm,14,2,64,4,128,2048,128,47,6,0,1.550869,0.0,True
slm,14,2,64,4,128,2048,128,47,7,0,1.549257,0.0,True
slm,14,2,64,4,128,2048,128,47,8,0,1.531851,0.0,True
slm,14,2,64,4,128,2048,128,47,9,0,1.521776,0.0,True
slm,14,2,64,4,128,2048,128,47,10,0,1.523307,0.0,True
slm,14,2,64,4,128,2048,128,47,11,0,1.533613,0.0,True
slm,14,2,64,4,128,2048,128,47,12,0,1.519722,0.0,True
slm,14,2,64,4,128,2048,128,47,13,0,1.519081,0.0,True
slm,14,2,64,4,128,2048,128,47,14,0,1.5185,0.0,True
slm,14,2,64,4,128,2048,128,47,15,0,1.531079,0.0,True
slm,14,2,64,4,128,2048,128,47,16,0,1.516958,0.0,True
slm,14,2,64,4,128,2048,128,47,17,0,1.533303,0.0,True
slm,14,2,64,4,128,2048,128,47,18,0,1.516728,0.0,True
slm,14,2,64,4,128,2048,128,47,19,0,1.533112,0.0,True
slm,14,2,64,4,128,2048,16,47,0,1,1.507614,0.0,True
slm,14,2,64,4,128,2048,16,47,1,1,1.566222,0.0,True
slm,14,2,64,4,128,2048,16,47,2,1,1.517799,0.0,True
slm,14,2,64,4,128,2048,16,47,3,1,1.521114,0.0,True
slm,14,2,64,4,128,2048,16,47,4,1,1.515635,0.0,True
slm,14,2,64,4,128,2048,16,47,5,1,1.526352,0.0,True
slm,14,2,64,4,128,2048,16,47,6,1,1.532151,0.0,True
slm,14,2,64,4,128,2048,16,47,7,1,1.522556,0.0,True
slm,14,2,64,4,128,2048,16,47,8,1,1.531951,0.0,True
slm,14,2,64,4,128,2048,16,47,9,1,1.523788,0.0,True
slm,14,2,64,4,128,2048,16,47,10,1,1.527494,0.0,True
slm,14,2,64,4,128,2048,16,47,11,1,1.547694,0.0,True
slm,14,2,64,4,128,2048,16,47,12,1,1.523157,0.0,True
slm,14,2,64,4,128,2048,16,47,13,1,1.523829,0.0,True
slm,14,2,64,4,128,2048,16,47,14,1,1.527103,0.0,True
slm,14,2,64,4,128,2048,16,47,15,1,1.522637,0.0,True
slm,14,2,64,4,128,2048,16,47,16,1,1.526061,0.0,True
slm,14,2,64,4,128,2048,16,47,17,1,1.701329,0.0,True
slm,14,2,64,4,128,2048,16,47,18,1,1.519121,0.0,True
slm,14,2,64,4,128,2048,16,47,19,1,1.54492,0.0,True
slm,14,2,64,4,128,2048,32,47,0,2,1.510007,0.0,True
slm,14,2,64,4,128,2048,32,47,1,2,1.542497,0.0,True
slm,14,2,64,4,128,2048,32,47,2,2,1.527984,0.0,True
slm,14,2,64,4,128,2048,32,47,3,2,1.532261,0.0,True
slm,14,2,64,4,128,2048,32,47,4,2,1.521886,0.0,True
slm,14,2,64,4,128,2048,32,47,5,2,1.525881,0.0,True
slm,14,2,64,4,128,2048,32,47,6,2,1.53132,0.0,True
slm,14,2,64,4,128,2048,32,47,7,2,1.522446,0.0,True
slm,14,2,64,4,128,2048,32,47,8,2,1.540834,0.0,True
slm,14,2,64,4,128,2048,32,47,9,2,1.523378,0.0,True
slm,14,2,64,4,128,2048,32,47,10,2,1.537629,0.0,True
slm,14,2,64,4,128,2048,32,47,11,2,1.519862,0.0,True
slm,14,2,64,4,128,2048,32,47,12,2,1.541345,0.0,True
slm,14,2,64,4,128,2048,32,47,13,2,1.523728,0.0,True
slm,14,2,64,4,128,2048,32,47,14,2,1.537238,0.0,True
slm,14,2,64,4,128,2048,32,47,15,2,1.527854,0.0,True
slm,14,2,64,4,128,2048,32,47,16,2,1.53169,0.0,True
slm,14,2,64,4,128,2048,32,47,17,2,1.533233,0.0,True
slm,14,2,64,4,128,2048,32,47,18,2,1.611412,0.0,True
slm,14,2,64,4,128,2048,32,47,19,2,1.517368,0.0,True
slm,14,2,64,4,128,2048,64,47,0,3,1.512691,0.0,True
slm,14,2,64,4,128,2048,64,47,1,3,1.539873,0.0,True
slm,14,2,64,4,128,2048,64,47,2,3,1.532541,0.0,True
slm,14,2,64,4,128,2048,64,47,3,3,1.536117,0.0,True
slm,14,2,64,4,128,2048,64,47,4,3,1.530107,0.0,True
slm,14,2,64,4,128,2048,64,47,5,3,1.539852,0.0,True
slm,14,2,64,4,128,2048,64,47,6,3,1.520574,0.0,True
slm,14,2,64,4,128,2048,64,47,7,3,1.522596,0.0,True
slm,14,2,64,4,128,2048,64,47,8,3,1.524639,0.0,True
slm,14,2,64,4,128,2048,64,47,9,3,1.536036,0.0,True
slm,14,2,64,4,128,2048,64,47,10,3,1.533022,0.0,True
slm,14,2,64,4,128,2048,64,47,11,3,1.532502,0.0,True
slm,14,2,64,4,128,2048,64,47,12,3,1.525501,0.0,True
slm,14,2,64,4,128,2048,64,47,13,3,1.531269,0.0,True
slm,14,2,64,4,128,2048,64,47,14,3,1.538491,0.0,True
slm,14,2,64,4,128,2048,64,47,15,3,1.532031,0.0,True
slm,14,2,64,4,128,2048,64,47,16,3,1.535686,0.0,True
slm,14,2,64,4,128,2048,64,47,17,3,1.524589,0.0,True
slm,14,2,64,4,128,2048,64,47,18,3,1.534365,0.0,True
slm,14,2,64,4,128,2048,64,47,19,3,1.531249,0.0,True
slm,14,2,64,4,128,8192,128,11,0,0,5.739892,0.0,True
slm,14,2,64,4,128,8192,128,11,1,0,5.782337,0.0,True
slm,14,2,64,4,128,8192,128,11,2,0,5.841817,0.0,True
slm,14,2,64,4,128,8192,128,11,3,0,5.741214,0.0,True
slm,14,2,64,4,128,8192,128,11,4,0,5.747493,0.0,True
slm,14,2,64,4,128,8192,128,11,5,0,5.768466,0.0,True
slm,14,2,64,4,128,8192,128,11,6,0,5.754855,0.0,True
slm,14,2,64,4,128,8192,128,11,7,0,5.736017,0.0,True
slm,14,2,64,4,128,8192,128,11,8,0,5.742586,0.0,True
slm,14,2,64,4,128,8192,128,11,9,0,5.753974,0.0,True
slm,14,2,64,4,128,8192,128,11,10,0,5.748956,0.0,True
slm,14,2,64,4,128,8192,128,11,11,0,5.766623,0.0,True
slm,14,2,64,4,128,8192,128,11,12,0,5.750549,0.0,True
slm,14,2,64,4,128,8192,128,11,13,0,5.746582,0.0,True
slm,14,2,64,4,128,8192,128,11,14,0,5.758881,0.0,True
slm,14,2,64,4,128,8192,128,11,15,0,5.779313,0.0,True
slm,14,2,64,4,128,8192,128,11,16,0,5.770028,0.0,True
slm,14,2,64,4,128,8192,128,11,17,0,5.824481,0.0,True
slm,14,2,64,4,128,8192,128,11,18,0,5.78434,0.0,True
slm,14,2,64,4,128,8192,128,11,19,0,5.780574,0.0,True
slm,14,2,64,4,128,8192,16,11,0,1,5.812693,0.0,True
slm,14,2,64,4,128,8192,16,11,1,1,5.790279,0.0,True
slm,14,2,64,4,128,8192,16,11,2,1,5.801286,0.0,True
slm,14,2,64,4,128,8192,16,11,3,1,5.804441,0.0,True
slm,14,2,64,4,128,8192,16,11,4,1,5.828728,0.0,True
slm,14,2,64,4,128,8192,16,11,5,1,5.802227,0.0,True
slm,14,2,64,4,128,8192,16,11,6,1,5.809518,0.0,True
slm,14,2,64,4,128,8192,16,11,7,1,5.821967,0.0,True
slm,14,2,64,4,128,8192,16,11,8,1,5.767744,0.0,True
slm,14,2,64,4,128,8192,16,11,9,1,5.821175,0.0,True
slm,14,2,64,4,128,8192,16,11,10,1,5.878743,0.0,True
slm,14,2,64,4,128,8192,16,11,11,1,5.835568,0.0,True
slm,14,2,64,4,128,8192,16,11,12,1,5.809167,0.0,True
slm,14,2,64,4,128,8192,16,11,13,1,5.838041,0.0,True
slm,14,2,64,4,128,8192,16,11,14,1,5.86302,0.0,True
slm,14,2,64,4,128,8192,16,11,15,1,5.832523,0.0,True
slm,14,2,64,4,128,8192,16,11,16,1,5.782477,0.0,True
slm,14,2,64,4,128,8192,16,11,17,1,6.052768,0.0,True
slm,14,2,64,4,128,8192,16,11,18,1,5.861648,0.0,True
slm,14,2,64,4,128,8192,16,11,19,1,5.855158,0.0,True
slm,14,2,64,4,128,8192,64,11,0,2,5.806203,0.0,True
slm,14,2,64,4,128,8192,64,11,1,2,5.841697,0.0,True
slm,14,2,64,4,128,8192,64,11,2,2,5.850991,0.0,True
slm,14,2,64,4,128,8192,64,11,3,2,5.853926,0.0,True
slm,14,2,64,4,128,8192,64,11,4,2,5.867596,0.0,True
slm,14,2,64,4,128,8192,64,11,5,2,5.884543,0.0,True
slm,14,2,64,4,128,8192,64,11,6,2,5.865493,0.0,True
slm,14,2,64,4,128,8192,64,11,7,2,5.867797,0.0,True
slm,14,2,64,4,128,8192,64,11,8,2,5.867036,0.0,True
slm,14,2,64,4,128,8192,64,11,9,2,5.878784,0.0,True
slm,14,2,64,4,128,8192,64,11,10,2,5.819873,0.0,True
slm,14,2,64,4,128,8192,64,11,11,2,5.832563,0.0,True
slm,14,2,64,4,128,8192,64,11,12,2,5.834416,0.0,True
slm,14,2,64,4,128,8192,64,11,13,2,5.853124,0.0,True
slm,14,2,64,4,128,8192,64,11,14,2,5.865583,0.0,True
slm,14,2,64,4,128,8192,64,11,15,2,5.878513,0.0,True
slm,14,2,64,4,128,8192,64,11,16,2,5.857401,0.0,True
slm,14,2,64,4,128,8192,64,11,17,2,5.885314,0.0,True
slm,14,2,64,4,128,8192,64,11,18,2,5.874657,0.0,True
slm,14,2,64,4,128,8192,64,11,19,2,5.878353,0.0,True
slm,14,2,64,4,128,8192,32,11,0,3,6.506469,0.0,True
slm,14,2,64,4,128,8192,32,11,1,3,5.89604,0.0,True
slm,14,2,64,4,128,8192,32,11,2,3,5.860686,0.0,True
slm,14,2,64,4,128,8192,32,11,3,3,5.859544,0.0,True
slm,14,2,64,4,128,8192,32,11,4,3,5.88293,0.0,True
slm,14,2,64,4,128,8192,32,11,5,3,5.858232,0.0,True
slm,14,2,64,4,128,8192,32,11,6,3,5.874868,0.0,True
slm,14,2,64,4,128,8192,32,11,7,3,5.880957,0.0,True
slm,14,2,64,4,128,8192,32,11,8,3,5.867807,0.0,True
slm,14,2,64,4,128,8192,32,11,9,3,5.867706,0.0,True
slm,14,2,64,4,128,8192,32,11,10,3,5.873786,0.0,True
slm,14,2,64,4,128,8192,32,11,11,3,5.873155,0.0,True
slm,14,2,64,4,128,8192,32,11,12,3,5.867577,0.0,True
slm,14,2,64,4,128,8192,32,11,13,3,5.882619,0.0,True
slm,14,2,64,4,128,8192,32,11,14,3,5.885003,0.0,True
slm,14,2,64,4,128,8192,32,11,15,3,5.872424,0.0,True
slm,14,2,64,4,128,8192,32,11,16,3,5.872324,0.0,True
slm,14,2,64,4,128,8192,32,11,17,3,5.881017,0.0,True
slm,14,2,64,4,128,8192,32,11,18,3,5.839934,0.0,True
slm,14,2,64,4,128,8192,32,11,19,3,5.835728,0.0,True
slm,14,2,64,4,128,8192,128,29,0,0,5.711359,0.0,True
slm,14,2,64,4,128,8192,128,29,1,0,5.722926,0.0,True
slm,14,2,64,4,128,8192,128,29,2,0,5.739542,0.0,True
slm,14,2,64,4,128,8192,128,29,3,0,5.736627,0.0,True
slm,14,2,64,4,128,8192,128,29,4,0,5.716907,0.0,True
slm,14,2,64,4,128,8192,128,29,5,0,5.740684,0.0,True
slm,14,2,64,4,128,8192,128,29,6,0,5.722506,0.0,True
slm,14,2,64,4,128,8192,128,29,7,0,5.757959,0.0,True
slm,14,2,64,4,128,8192,128,29,8,0,5.714063,0.0,True
slm,14,2,64,4,128,8192,128,29,9,0,5.725099,0.0,True
slm,14,2,64,4,128,8192,128,29,10,0,5.739111,0.0,True
slm,14,2,64,4,128,8192,128,29,11,0,5.766463,0.0,True
slm,14,2,64,4,128,8192,128,29,12,0,5.751079,0.0,True
slm,14,2,64,4,128,8192,128,29,13,0,5.75816,0.0,True
slm,14,2,64,4,128,8192,128,29,14,0,5.733262,0.0,True
slm,14,2,64,4,128,8192,128,29,15,0,5.752832,0.0,True
slm,14,2,64,4,128,8192,128,29,16,0,5.772903,0.0,True
slm,14,2,64,4,128,8192,128,29,17,0,5.759072,0.0,True
slm,14,2,64,4,128,8192,128,29,18,0,5.774054,0.0,True
slm,14,2,64,4,128,8192,128,29,19,0,5.753412,0.0,True
slm,14,2,64,4,128,8192,16,29,0,1,5.76437,0.0,True
slm,14,2,64,4,128,8192,16,29,1,1,5.81759,0.0,True
slm,14,2,64,4,128,8192,16,29,2,1,5.777299,0.0,True
slm,14,2,64,4,128,8192,16,29,3,1,5.794255,0.0,True
slm,14,2,64,4,128,8192,16,29,4,1,5.809889,0.0,True
slm,14,2,64,4,128,8192,16,29,5,1,5.803248,0.0,True
slm,14,2,64,4,128,8192,16,29,6,1,5.796869,0.0,True
slm,14,2,64,4,128,8192,16,29,7,1,5.814396,0.0,True
slm,14,2,64,4,128,8192,16,29,8,1,5.776978,0.0,True
slm,14,2,64,4,128,8192,16,29,9,1,5.819233,0.0,True
slm,14,2,64,4,128,8192,16,29,10,1,5.822017,0.0,True
slm,14,2,64,4,128,8192,16,29,11,1,5.820535,0.0,True
slm,14,2,64,4,128,8192,16,29,12,1,5.827746,0.0,True
slm,14,2,64,4,128,8192,16,29,13,1,5.863961,0.0,True
slm,14,2,64,4,128,8192,16,29,14,1,5.849509,0.0,True
slm,14,2,64,4,128,8192,16,29,15,1,5.846745,0.0,True
slm,14,2,64,4,128,8192,16,29,16,1,5.785581,0.0,True
slm,14,2,64,4,128,8192,16,29,17,1,5.85724,0.0,True
slm,14,2,64,4,128,8192,16,29,18,1,5.834546,0.0,True
slm,14,2,64,4,128,8192,16,29,19,1,5.829338,0.0,True
slm,14,2,64,4,128,8192,64,29,0,2,5.831101,0.0,True
slm,14,2,64,4,128,8192,64,29,1,2,5.865714,0.0,True
slm,14,2,64,4,128,8192,64,29,2,2,5.83051,0.0,True
slm,14,2,64,4,128,8192,64,29,3,2,5.894368,0.0,True
slm,14,2,64,4,128,8192,64,29,4,2,5.870551,0.0,True
slm,14,2,64,4,128,8192,64,29,5,2,5.869679,0.0,True
slm,14,2,64,4,128,8192,64,29,6,2,5.87656,0.0,True
slm,14,2,64,4,128,8192,64,29,7,2,5.852242,0.0,True
slm,14,2,64,4,128,8192,64,29,8,2,5.81051,0.0,True
slm,14,2,64,4,128,8192,64,29,9,2,5.839965,0.0,True
slm,14,2,64,4,128,8192,64,29,10,2,5.835398,0.0,True
slm,14,2,64,4,128,8192,64,29,11,2,5.820124,0.0,True
slm,14,2,64,4,128,8192,64,29,12,2,5.85013,0.0,True
slm,14,2,64,4,128,8192,64,29,13,2,5.892594,0.0,True
slm,14,2,64,4,128,8192,64,29,14,2,5.897972,0.0,True
slm,14,2,64,4,128,8192,64,29,15,2,5.85713,0.0,True
slm,14,2,64,4,128,8192,64,29,16,2,5.860465,0.0,True
slm,14,2,64,4,128,8192,64,29,17,2,5.893506,0.0,True
slm,14,2,64,4,128,8192,64,29,18,2,5.956512,0.0,True
slm,14,2,64,4,128,8192,64,29,19,2,5.892994,0.0,True
slm,14,2,64,4,128,8192,32,29,0,3,5.857891,0.0,True
slm,14,2,64,4,128,8192,32,29,1,3,5.902089,0.0,True
slm,14,2,64,4,128,8192,32,29,2,3,5.871763,0.0,True
slm,14,2,64,4,128,8192,32,29,3,3,5.867115,0.0,True
slm,14,2,64,4,128,8192,32,29,4,3,5.905825,0.0,True
slm,14,2,64,4,128,8192,32,29,5,3,5.873024,0.0,True
slm,14,2,64,4,128,8192,32,29,6,3,5.871202,0.0,True
slm,14,2,64,4,128,8192,32,29,7,3,5.877542,0.0,True
slm,14,2,64,4,128,8192,32,29,8,3,5.87042,0.0,True
slm,14,2,64,4,128,8192,32,29,9,3,5.888568,0.0,True
slm,14,2,64,4,128,8192,32,29,10,3,5.883681,0.0,True
slm,14,2,64,4,128,8192,32,29,11,3,5.907828,0.0,True
slm,14,2,64,4,128,8192,32,29,12,3,5.867566,0.0,True
slm,14,2,64,4,128,8192,32,29,13,3,5.868548,0.0,True
slm,14,2,64,4,128,8192,32,29,14,3,5.868007,0.0,True
slm,14,2,64,4,128,8192,32,29,15,3,5.866515,0.0,True
slm,14,2,64,4,128,8192,32,29,16,3,5.888238,0.0,True
slm,14,2,64,4,128,8192,32,29,17,3,5.832342,0.0,True
slm,14,2,64,4,128,8192,32,29,18,3,5.867345,0.0,True
slm,14,2,64,4,128,8192,32,29,19,3,5.836419,0.0,True
slm,14,2,64,4,128,8192,128,47,0,0,5.716166,0.0,True
slm,14,2,64,4,128,8192,128,47,1,0,5.739681,0.0,True
slm,14,2,64,4,128,8192,128,47,2,0,5.790699,0.0,True
slm,14,2,64,4,128,8192,128,47,3,0,5.721444,0.0,True
slm,14,2,64,4,128,8192,128,47,4,0,5.740162,0.0,True
slm,14,2,64,4,128,8192,128,47,5,0,5.728034,0.0,True
slm,14,2,64,4,128,8192,128,47,6,0,5.757198,0.0,True
slm,14,2,64,4,128,8192,128,47,7,0,5.71206,0.0,True
slm,14,2,64,4,128,8192,128,47,8,0,5.762486,0.0,True
slm,14,2,64,4,128,8192,128,47,9,0,5.715425,0.0,True
slm,14,2,64,4,128,8192,128,47,10,0,5.762387,0.0,True
slm,14,2,64,4,128,8192,128,47,11,0,5.712921,0.0,True
slm,14,2,64,4,128,8192,128,47,12,0,5.746652,0.0,True
slm,14,2,64,4,128,8192,128,47,13,0,5.741595,0.0,True
slm,14,2,64,4,128,8192,128,47,14,0,5.741504,0.0,True
slm,14,2,64,4,128,8192,128,47,15,0,5.741164,0.0,True
slm,14,2,64,4,128,8192,128,47,16,0,5.787965,0.0,True
slm,14,2,64,4,128,8192,128,47,17,0,5.752342,0.0,True
slm,14,2,64,4,128,8192,128,47,18,0,5.763628,0.0,True
slm,14,2,64,4,128,8192,128,47,19,0,5.757669,0.0,True
slm,14,2,64,4,128,8192,32,47,0,1,5.759101,0.0,True
slm,14,2,64,4,128,8192,32,47,1,1,5.79092,0.0,True
slm,14,2,64,4,128,8192,32,47,2,1,5.79085,0.0,True
slm,14,2,64,4,128,8192,32,47,3,1,5.798642,0.0,True
slm,14,2,64,4,128,8192,32,47,4,1,5.781595,0.0,True
slm,14,2,64,4,128,8192,32,47,5,1,5.785402,0.0,True
slm,14,2,64,4,128,8192,32,47,6,1,5.766482,0.0,True
slm,14,2,64,4,128,8192,32,47,7,1,5.835437,0.0,True
slm,14,2,64,4,128,8192,32,47,8,1,5.790599,0.0,True
slm,14,2,64,4,128,8192,32,47,9,1,5.816459,0.0,True
slm,14,2,64,4,128,8192,32,47,10,1,5.849519,0.0,True
slm,14,2,64,4,128,8192,32,47,11,1,5.827915,0.0,True
slm,14,2,64,4,128,8192,32,47,12,1,5.802737,0.0,True
slm,14,2,64,4,128,8192,32,47,13,1,5.833494,0.0,True
slm,14,2,64,4,128,8192,32,47,14,1,5.819103,0.0,True
slm,14,2,64,4,128,8192,32,47,15,1,5.839564,0.0,True
slm,14,2,64,4,128,8192,32,47,16,1,5.77813,0.0,True
slm,14,2,64,4,128,8192,32,47,17,1,5.846724,0.0,True
slm,14,2,64,4,128,8192,32,47,18,1,5.846104,0.0,True
slm,14,2,64,4,128,8192,32,47,19,1,5.82395,0.0,True
slm,14,2,64,4,128,8192,64,47,0,2,5.825803,0.0,True
slm,14,2,64,4,128,8192,64,47,1,2,5.859745,0.0,True
slm,14,2,64,4,128,8192,64,47,2,2,5.813744,0.0,True
slm,14,2,64,4,128,8192,64,47,3,2,5.818422,0.0,True
slm,14,2,64,4,128,8192,64,47,4,2,5.8507,0.0,True
slm,14,2,64,4,128,8192,64,47,5,2,5.86348,0.0,True
slm,14,2,64,4,128,8192,64,47,6,2,5.86379,0.0,True
slm,14,2,64,4,128,8192,64,47,7,2,5.860205,0.0,True
slm,14,2,64,4,128,8192,64,47,8,2,5.812873,0.0,True
slm,14,2,64,4,128,8192,64,47,9,2,5.852884,0.0,True
slm,14,2,64,4,128,8192,64,47,10,2,5.83698,0.0,True
slm,14,2,64,4,128,8192,64,47,11,2,5.833685,0.0,True
slm,14,2,64,4,128,8192,64,47,12,2,5.860836,0.0,True
slm,14,2,64,4,128,8192,64,47,13,2,5.871682,0.0,True
slm,14,2,64,4,128,8192,64,47,14,2,5.865764,0.0,True
slm,14,2,64,4,128,8192,64,47,15,2,5.864712,0.0,True
slm,14,2,64,4,128,8192,64,47,16,2,5.849669,0.0,True
slm,14,2,64,4,128,8192,64,47,17,2,5.885043,0.0,True
slm,14,2,64,4,128,8192,64,47,18,2,5.890361,0.0,True
slm,14,2,64,4,128,8192,64,47,19,2,6.003423,0.0,True
slm,14,2,64,4,128,8192,16,47,0,3,5.852233,0.0,True
slm,14,2,64,4,128,8192,16,47,1,3,5.863921,0.0,True
slm,14,2,64,4,128,8192,16,47,2,3,5.860235,0.0,True
slm,14,2,64,4,128,8192,16,47,3,3,5.877511,0.0,True
slm,14,2,64,4,128,8192,16,47,4,3,5.859895,0.0,True
slm,14,2,64,4,128,8192,16,47,5,3,5.876651,0.0,True
slm,14,2,64,4,128,8192,16,47,6,3,5.842267,0.0,True
slm,14,2,64,4,128,8192,16,47,7,3,5.85724,0.0,True
slm,14,2,64,4,128,8192,16,47,8,3,5.823228,0.0,True
slm,14,2,64,4,128,8192,16,47,9,3,5.838642,0.0,True
slm,14,2,64,4,128,8192,16,47,10,3,5.910682,0.0,True
slm,14,2,64,4,128,8192,16,47,11,3,5.866314,0.0,True
slm,14,2,64,4,128,8192,16,47,12,3,5.83011,0.0,True
slm,14,2,64,4,128,8192,16,47,13,3,5.863479,0.0,True
slm,14,2,64,4,128,8192,16,47,14,3,5.819584,0.0,True
slm,14,2,64,4,128,8192,16,47,15,3,5.878333,0.0,True
slm,14,2,64,4,128,8192,16,47,16,3,5.828326,0.0,True
slm,14,2,64,4,128,8192,16,47,17,3,5.823929,0.0,True
slm,14,2,64,4,128,8192,16,47,18,3,5.854837,0.0,True
slm,14,2,64,4,128,8192,16,47,19,3,5.86339,0.0,True
slm,14,2,64,4,128,16384,128,11,0,0,11.3325,0.0,True
slm,14,2,64,4,128,16384,128,11,1,0,11.407745,0.0,True
slm,14,2,64,4,128,16384,128,11,2,0,11.387373,0.0,True
slm,14,2,64,4,128,16384,128,11,3,0,11.388455,0.0,True
slm,14,2,64,4,128,16384,128,11,4,0,11.552114,0.0,True
slm,14,2,64,4,128,16384,128,11,5,0,11.389476,0.0,True
slm,14,2,64,4,128,16384,128,11,6,0,11.394895,0.0,True
slm,14,2,64,4,128,16384,128,11,7,0,11.39111,0.0,True
slm,14,2,64,4,128,16384,128,11,8,0,11.372291,0.0,True
slm,14,2,64,4,128,16384,128,11,9,0,11.388284,0.0,True
slm,14,2,64,4,128,16384,128,11,10,0,11.377578,0.0,True
slm,14,2,64,4,128,16384,128,11,11,0,11.410198,0.0,True
slm,14,2,64,4,128,16384,128,11,12,0,11.385991,0.0,True
slm,14,2,64,4,128,16384,128,11,13,0,11.403398,0.0,True
slm,14,2,64,4,128,16384,128,11,14,0,11.378389,0.0,True
slm,14,2,64,4,128,16384,128,11,15,0,11.39136,0.0,True
slm,14,2,64,4,128,16384,128,11,16,0,11.393643,0.0,True
slm,14,2,64,4,128,16384,128,11,17,0,11.39182,0.0,True
slm,14,2,64,4,128,16384,128,11,18,0,11.372281,0.0,True
slm,14,2,64,4,128,16384,128,11,19,0,11.4113,0.0,True
slm,14,2,64,4,128,16384,64,11,0,1,11.592806,0.0,True
slm,14,2,64,4,128,16384,64,11,1,1,11.402908,0.0,True
slm,14,2,64,4,128,16384,64,11,2,1,11.415716,0.0,True
slm,14,2,64,4,128,16384,64,11,3,1,11.41745,0.0,True
slm,14,2,64,4,128,16384,64,11,4,1,11.416488,0.0,True
slm,14,2,64,4,128,16384,64,11,5,1,11.427294,0.0,True
slm,14,2,64,4,128,16384,64,11,6,1,11.386502,0.0,True
slm,14,2,64,4,128,16384,64,11,7,1,11.427945,0.0,True
slm,14,2,64,4,128,16384,64,11,8,1,11.408555,0.0,True
slm,14,2,64,4,128,16384,64,11,9,1,11.408415,0.0,True
slm,14,2,64,4,128,16384,64,11,10,1,11.416227,0.0,True
slm,14,2,64,4,128,16384,64,11,11,1,11.41744,0.0,True
slm,14,2,64,4,128,16384,64,11,12,1,11.403728,0.0,True
slm,14,2,64,4,128,16384,64,11,13,1,11.416107,0.0,True
slm,14,2,64,4,128,16384,64,11,14,1,11.405611,0.0,True
slm,14,2,64,4,128,16384,64,11,15,1,11.414785,0.0,True
slm,14,2,64,4,128,16384,64,11,16,1,11.391841,0.0,True
slm,14,2,64,4,128,16384,64,11,17,1,11.401085,0.0,True
slm,14,2,64,4,128,16384,64,11,18,1,11.427034,0.0,True
slm,14,2,64,4,128,16384,64,11,19,1,11.392261,0.0,True
slm,14,2,64,4,128,16384,32,11,0,2,11.4706,0.0,True
slm,14,2,64,4,128,16384,32,11,1,2,11.418531,0.0,True
slm,14,2,64,4,128,16384,32,11,2,2,11.395286,0.0,True
slm,14,2,64,4,128,16384,32,11,3,2,11.394886,0.0,True
slm,14,2,64,4,128,16384,32,11,4,2,11.409346,0.0,True
slm,14,2,64,4,128,16384,32,11,5,2,11.413353,0.0,True
slm,14,2,64,4,128,16384,32,11,6,2,11.420163,0.0,True
slm,14,2,64,4,128,16384,32,11,7,2,11.414615,0.0,True
slm,14,2,64,4,128,16384,32,11,8,2,11.400714,0.0,True
slm,14,2,64,4,128,16384,32,11,9,2,11.419542,0.0,True
slm,14,2,64,4,128,16384,32,11,10,2,11.39846,0.0,True
slm,14,2,64,4,128,16384,32,11,11,2,11.409737,0.0,True
slm,14,2,64,4,128,16384,32,11,12,2,11.414675,0.0,True
slm,14,2,64,4,128,16384,32,11,13,2,11.423308,0.0,True
slm,14,2,64,4,128,16384,32,11,14,2,11.401174,0.0,True
slm,14,2,64,4,128,16384,32,11,15,2,11.410208,0.0,True
slm,14,2,64,4,128,16384,32,11,16,2,11.395115,0.0,True
slm,14,2,64,4,128,16384,32,11,17,2,11.39166,0.0,True
slm,14,2,64,4,128,16384,32,11,18,2,11.394524,0.0,True
slm,14,2,64,4,128,16384,32,11,19,2,11.419131,0.0,True
slm,14,2,64,4,128,16384,16,11,0,3,11.366282,0.0,True
slm,14,2,64,4,128,16384,16,11,1,3,11.400614,0.0,True
slm,14,2,64,4,128,16384,16,11,2,3,11.427885,0.0,True
slm,14,2,64,4,128,16384,16,11,3,3,11.422567,0.0,True
slm,14,2,64,4,128,16384,16,11,4,3,11.407745,0.0,True
slm,14,2,64,4,128,16384,16,11,5,3,11.413023,0.0,True
slm,14,2,64,4,128,16384,16,11,6,3,11.406201,0.0,True
slm,14,2,64,4,128,16384,16,11,7,3,11.438822,0.0,True
slm,14,2,64,4,128,16384,16,11,8,3,11.41152,0.0,True
slm,14,2,64,4,128,16384,16,11,9,3,11.412331,0.0,True
slm,14,2,64,4,128,16384,16,11,10,3,11.406051,0.0,True
slm,14,2,64,4,128,16384,16,11,11,3,11.401795,0.0,True
slm,14,2,64,4,128,16384,16,11,12,3,11.389737,0.0,True
slm,14,2,64,4,128,16384,16,11,13,3,11.401805,0.0,True
slm,14,2,64,4,128,16384,16,11,14,3,11.397709,0.0,True
slm,14,2,64,4,128,16384,16,11,15,3,11.407354,0.0,True
slm,14,2,64,4,128,16384,16,11,16,3,11.390708,0.0,True
slm,14,2,64,4,128,16384,16,11,17,3,11.406683,0.0,True
slm,14,2,64,4,128,16384,16,11,18,3,11.52949,0.0,True
slm,14,2,64,4,128,16384,16,11,19,3,11.400904,0.0,True
slm,14,2,64,4,128,16384,32,29,0,0,11.327352,0.0,True
slm,14,2,64,4,128,16384,32,29,1,0,11.405952,0.0,True
slm,14,2,64,4,128,16384,32,29,2,0,11.379972,0.0,True
slm,14,2,64,4,128,16384,32,29,3,0,11.375655,0.0,True
slm,14,2,64,4,128,16384,32,29,4,0,11.387163,0.0,True
slm,14,2,64,4,128,16384,32,29,5,0,11.366181,0.0,True
slm,14,2,64,4,128,16384,32,29,6,0,11.355475,0.0,True
slm,14,2,64,4,128,16384,32,29,7,0,11.371139,0.0,True
slm,14,2,64,4,128,16384,32,29,8,0,11.509449,0.0,True
slm,14,2,64,4,128,16384,32,29,9,0,11.421455,0.0,True
slm,14,2,64,4,128,16384,32,29,10,0,11.387553,0.0,True
slm,14,2,64,4,128,16384,32,29,11,0,11.381334,0.0,True
slm,14,2,64,4,128,16384,32,29,12,0,11.377678,0.0,True
slm,14,2,64,4,128,16384,32,29,13,0,11.363497,0.0,True
slm,14,2,64,4,128,16384,32,29,14,0,11.37234,0.0,True
slm,14,2,64,4,128,16384,32,29,15,0,11.380273,0.0,True
slm,14,2,64,4,128,16384,32,29,16,0,11.375816,0.0,True
slm,14,2,64,4,128,16384,32,29,17,0,11.396637,0.0,True
slm,14,2,64,4,128,16384,32,29,18,0,11.372861,0.0,True
slm,14,2,64,4,128,16384,32,29,19,0,11.379812,0.0,True
slm,14,2,64,4,128,16384,128,29,0,1,11.370728,0.0,True
slm,14,2,64,4,128,16384,128,29,1,1,11.355776,0.0,True
slm,14,2,64,4,128,16384,128,29,2,1,11.373923,0.0,True
slm,14,2,64,4,128,16384,128,29,3,1,11.35208,0.0,True
slm,14,2,64,4,128,16384,128,29,4,1,11.361373,0.0,True
slm,14,2,64,4,128,16384,128,29,5,1,11.386082,0.0,True
slm,14,2,64,4,128,16384,128,29,6,1,11.385019,0.0,True
slm,14,2,64,4,128,16384,128,29,7,1,11.4116,0.0,True
slm,14,2,64,4,128,16384,128,29,8,1,11.371479,0.0,True
slm,14,2,64,4,128,16384,128,29,9,1,11.377749,0.0,True
slm,14,2,64,4,128,16384,128,29,10,1,11.364028,0.0,True
slm,14,2,64,4,128,16384,128,29,11,1,11.374393,0.0,True
slm,14,2,64,4,128,16384,128,29,12,1,11.385811,0.0,True
slm,14,2,64,4,128,16384,128,29,13,1,11.395666,0.0,True
slm,14,2,64,4,128,16384,128,29,14,1,11.360642,0.0,True
slm,14,2,64,4,128,16384,128,29,15,1,11.35933,0.0,True
slm,14,2,64,4,128,16384,128,29,16,1,11.363507,0.0,True
slm,14,2,64,4,128,16384,128,29,17,1,11.391689,0.0,True
slm,14,2,64,4,128,16384,128,29,18,1,11.369205,0.0,True
slm,14,2,64,4,128,16384,128,29,19,1,11.384258,0.0,True
slm,14,2,64,4,128,16384,64,29,0,2,11.410248,0.0,True
slm,14,2,64,4,128,16384,64,29,1,2,11.396277,0.0,True
slm,14,2,64,4,128,16384,64,29,2,2,11.399492,0.0,True
slm,14,2,64,4,128,16384,64,29,3,2,11.391279,0.0,True
slm,14,2,64,4,128,16384,64,29,4,2,11.40492,0.0,True
slm,14,2,64,4,128,16384,64,29,5,2,11.391199,0.0,True
slm,14,2,64,4,128,16384,64,29,6,2,11.38463,0.0,True
slm,14,2,64,4,128,16384,64,29,7,2,11.423769,0.0,True
slm,14,2,64,4,128,16384,64,29,8,2,11.403368,0.0,True
slm,14,2,64,4,128,16384,64,29,9,2,11.400664,0.0,True
slm,14,2,64,4,128,16384,64,29,10,2,11.399812,0.0,True
slm,14,2,64,4,128,16384,64,29,11,2,11.409858,0.0,True
slm,14,2,64,4,128,16384,64,29,12,2,11.393432,0.0,True
slm,14,2,64,4,128,16384,64,29,13,2,11.399361,0.0,True
slm,14,2,64,4,128,16384,64,29,14,2,11.402336,0.0,True
slm,14,2,64,4,128,16384,64,29,15,2,11.401855,0.0,True
slm,14,2,64,4,128,16384,64,29,16,2,11.620768,0.0,True
slm,14,2,64,4,128,16384,64,29,17,2,11.423448,0.0,True
slm,14,2,64,4,128,16384,64,29,18,2,11.397038,0.0,True
slm,14,2,64,4,128,16384,64,29,19,2,11.407674,0.0,True
slm,14,2,64,4,128,16384,16,29,0,3,11.353611,0.0,True
slm,14,2,64,4,128,16384,16,29,1,3,11.421285,0.0,True
slm,14,2,64,4,128,16384,16,29,2,3,11.413423,0.0,True
slm,14,2,64,4,128,16384,16,29,3,3,11.405671,0.0,True
slm,14,2,64,4,128,16384,16,29,4,3,11.384589,0.0,True
slm,14,2,64,4,128,16384,16,29,5,3,11.409788,0.0,True
slm,14,2,64,4,128,16384,16,29,6,3,11.399672,0.0,True
slm,14,2,64,4,128,16384,16,29,7,3,11.387733,0.0,True
slm,14,2,64,4,128,16384,16,29,8,3,11.421996,0.0,True
slm,14,2,64,4,128,16384,16,29,9,3,11.417469,0.0,True
slm,14,2,64,4,128,16384,16,29,10,3,11.400042,0.0,True
slm,14,2,64,4,128,16384,16,29,11,3,11.368193,0.0,True
slm,14,2,64,4,128,16384,16,29,12,3,11.423298,0.0,True
slm,14,2,64,4,128,16384,16,29,13,3,11.385391,0.0,True
slm,14,2,64,4,128,16384,16,29,14,3,11.383988,0.0,True
slm,14,2,64,4,128,16384,16,29,15,3,11.393972,0.0,True
slm,14,2,64,4,128,16384,16,29,16,3,11.411841,0.0,True
slm,14,2,64,4,128,16384,16,29,17,3,11.391369,0.0,True
slm,14,2,64,4,128,16384,16,29,18,3,11.399312,0.0,True
slm,14,2,64,4,128,16384,16,29,19,3,11.408986,0.0,True
slm,14,2,64,4,128,16384,64,47,0,0,23.63897,0.0,True
slm,14,2,64,4,128,16384,64,47,1,0,11.417568,0.0,True
slm,14,2,64,4,128,16384,64,47,2,0,11.398681,0.0,True
slm,14,2,64,4,128,16384,64,47,3,0,11.380572,0.0,True
slm,14,2,64,4,128,16384,64,47,4,0,11.377168,0.0,True
slm,14,2,64,4,128,16384,64,47,5,0,11.374173,0.0,True
slm,14,2,64,4,128,16384,64,47,6,0,11.376416,0.0,True
slm,14,2,64,4,128,16384,64,47,7,0,11.415306,0.0,True
slm,14,2,64,4,128,16384,64,47,8,0,11.400794,0.0,True
slm,14,2,64,4,128,16384,64,47,9,0,11.406302,0.0,True
slm,14,2,64,4,128,16384,64,47,10,0,11.410558,0.0,True
slm,14,2,64,4,128,16384,64,47,11,0,11.406122,0.0,True
slm,14,2,64,4,128,16384,64,47,12,0,11.437559,0.0,True
slm,14,2,64,4,128,16384,64,47,13,0,11.390448,0.0,True
slm,14,2,64,4,128,16384,64,47,14,0,11.391609,0.0,True
slm,14,2,64,4,128,16384,64,47,15,0,11.418139,0.0,True
slm,14,2,64,4,128,16384,64,47,16,0,11.441496,0.0,True
slm,14,2,64,4,128,16384,64,47,17,0,11.422196,0.0,True
slm,14,2,64,4,128,16384,64,47,18,0,11.38573,0.0,True
slm,14,2,64,4,128,16384,64,47,19,0,11.395455,0.0,True
slm,14,2,64,4,128,16384,128,47,0,1,11.374333,0.0,True
slm,14,2,64,4,128,16384,128,47,1,1,11.396477,0.0,True
slm,14,2,64,4,128,16384,128,47,2,1,11.3919,0.0,True
slm,14,2,64,4,128,16384,128,47,3,1,11.416497,0.0,True
slm,14,2,64,4,128,16384,128,47,4,1,11.382726,0.0,True
slm,14,2,64,4,128,16384,128,47,5,1,11.407303,0.0,True
slm,14,2,64,4,128,16384,128,47,6,1,11.399452,0.0,True
slm,14,2,64,4,128,16384,128,47,7,1,11.399821,0.0,True
slm,14,2,64,4,128,16384,128,47,8,1,11.410439,0.0,True
slm,14,2,64,4,128,16384,128,47,9,1,11.535167,0.0,True
slm,14,2,64,4,128,16384,128,47,10,1,11.403007,0.0,True
slm,14,2,64,4,128,16384,128,47,11,1,11.403847,0.0,True
slm,14,2,64,4,128,16384,128,47,12,1,11.409387,0.0,True
slm,14,2,64,4,128,16384,128,47,13,1,11.406673,0.0,True
slm,14,2,64,4,128,16384,128,47,14,1,11.375094,0.0,True
slm,14,2,64,4,128,16384,128,47,15,1,11.417189,0.0,True
slm,14,2,64,4,128,16384,128,47,16,1,11.397218,0.0,True
slm,14,2,64,4,128,16384,128,47,17,1,11.406102,0.0,True
slm,14,2,64,4,128,16384,128,47,18,1,11.400483,0.0,True
slm,14,2,64,4,128,16384,128,47,19,1,11.391469,0.0,True
slm,14,2,64,4,128,16384,16,47,0,2,11.347853,0.0,True
slm,14,2,64,4,128,16384,16,47,1,2,11.380362,0.0,True
slm,14,2,64,4,128,16384,16,47,2,2,11.399471,0.0,True
slm,14,2,64,4,128,16384,16,47,3,2,11.409026,0.0,True
slm,14,2,64,4,128,16384,16,47,4,2,11.401485,0.0,True
slm,14,2,64,4,128,16384,16,47,5,2,11.422497,0.0,True
slm,14,2,64,4,128,16384,16,47,6,2,11.394824,0.0,True
slm,14,2,64,4,128,16384,16,47,7,2,11.39796,0.0,True
slm,14,2,64,4,128,16384,16,47,8,2,11.389266,0.0,True
slm,14,2,64,4,128,16384,16,47,9,2,11.463359,0.0,True
slm,14,2,64,4,128,16384,16,47,10,2,11.375755,0.0,True
slm,14,2,64,4,128,16384,16,47,11,2,11.397558,0.0,True
slm,14,2,64,4,128,16384,16,47,12,2,11.403207,0.0,True
slm,14,2,64,4,128,16384,16,47,13,2,11.39875,0.0,True
slm,14,2,64,4,128,16384,16,47,14,2,11.392602,0.0,True
slm,14,2,64,4,128,16384,16,47,15,2,11.388965,0.0,True
slm,14,2,64,4,128,16384,16,47,16,2,11.393703,0.0,True
slm,14,2,64,4,128,16384,16,47,17,2,11.400172,0.0,True
slm,14,2,64,4,128,16384,16,47,18,2,11.403407,0.0,True
slm,14,2,64,4,128,16384,16,47,19,2,11.409927,0.0,True
slm,14,2,64,4,128,16384,32,47,0,3,11.349946,0.0,True
slm,14,2,64,4,128,16384,32,47,1,3,11.401925,0.0,True
slm,14,2,64,4,128,16384,32,47,2,3,11.401164,0.0,True
slm,14,2,64,4,128,16384,32,47,3,3,11.409667,0.0,True
slm,14,2,64,4,128,16384,32,47,4,3,11.38478,0.0,True
slm,14,2,64,4,128,16384,32,47,5,3,11.421875,0.0,True
slm,14,2,64,4,128,16384,32,47,6,3,11.381554,0.0,True
slm,14,2,64,4,128,16384,32,47,7,3,11.424941,0.0,True
slm,14,2,64,4,128,16384,32,47,8,3,11.394323,0.0,True
slm,14,2,64,4,128,16384,32,47,9,3,11.413002,0.0,True
slm,14,2,64,4,128,16384,32,47,10,3,11.3916,0.0,True
slm,14,2,64,4,128,16384,32,47,11,3,11.388805,0.0,True
slm,14,2,64,4,128,16384,32,47,12,3,11.393543,0.0,True
slm,14,2,64,4,128,16384,32,47,13,3,11.426503,0.0,True
slm,14,2,64,4,128,16384,32,47,14,3,11.387092,0.0,True
slm,14,2,64,4,128,16384,32,47,15,3,11.392651,0.0,True
slm,14,2,64,4,128,16384,32,47,16,3,11.384839,0.0,True
slm,14,2,64,4,128,16384,32,47,17,3,11.39198,0.0,True
slm,14,2,64,4,128,16384,32,47,18,3,11.39162,0.0,True
slm,14,2,64,4,128,16384,32,47,19,3,11.400873,0.0,True
slm,14,2,64,4,512,2048,32,11,0,0,4.001447,0.0,True
slm,14,2,64,4,512,2048,32,11,1,0,4.027997,0.0,True
slm,14,2,64,4,512,2048,32,11,2,0,4.008558,0.0,True
slm,14,2,64,4,512,2048,32,11,3,0,3.861444,0.0,True
slm,14,2,64,4,512,2048,32,11,4,0,3.81279,0.0,True
slm,14,2,64,4,512,2048,32,11,5,0,3.89172,0.0,True
slm,14,2,64,4,512,2048,32,11,6,0,3.649461,0.0,True
slm,14,2,64,4,512,2048,32,11,7,0,3.512123,0.0,True
slm,14,2,64,4,512,2048,32,11,8,0,3.214279,0.0,True
slm,14,2,64,4,512,2048,32,11,9,0,3.114117,0.0,True
slm,14,2,64,4,512,2048,32,11,10,0,2.651934,0.0,True
slm,14,2,64,4,512,2048,32,11,11,0,1.678443,0.0,True
slm,14,2,64,4,512,2048,32,11,12,0,1.566012,0.0,True
slm,14,2,64,4,512,2048,32,11,13,0,1.574646,0.0,True
slm,14,2,64,4,512,2048,32,11,14,0,1.570399,0.0,True
slm,14,2,64,4,512,2048,32,11,15,0,1.589308,0.0,True
slm,14,2,64,4,512,2048,32,11,16,0,1.565842,0.0,True
slm,14,2,64,4,512,2048,32,11,17,0,1.562447,0.0,True
slm,14,2,64,4,512,2048,32,11,18,0,1.57104,0.0,True
slm,14,2,64,4,512,2048,32,11,19,0,1.559712,0.0,True
slm,14,2,64,4,512,2048,128,11,0,1,1.620045,0.0,True
slm,14,2,64,4,512,2048,128,11,1,1,1.582958,0.0,True
slm,14,2,64,4,512,2048,128,11,2,1,1.586854,0.0,True
slm,14,2,64,4,512,2048,128,11,3,1,1.586554,0.0,True
slm,14,2,64,4,512,2048,128,11,4,1,1.572302,0.0,True
slm,14,2,64,4,512,2048,128,11,5,1,1.581185,0.0,True
slm,14,2,64,4,512,2048,128,11,6,1,1.574776,0.0,True
slm,14,2,64,4,512,2048,128,11,7,1,1.566023,0.0,True
slm,14,2,64,4,512,2048,128,11,8,1,1.589548,0.0,True
slm,14,2,64,4,512,2048,128,11,9,1,1.555766,0.0,True
slm,14,2,64,4,512,2048,128,11,10,1,1.576068,0.0,True
slm,14,2,64,4,512,2048,128,11,11,1,1.576618,0.0,True
slm,14,2,64,4,512,2048,128,11,12,1,1.567785,0.0,True
slm,14,2,64,4,512,2048,128,11,13,1,1.583819,0.0,True
slm,14,2,64,4,512,2048,128,11,14,1,1.562647,0.0,True
slm,14,2,64,4,512,2048,128,11,15,1,1.586633,0.0,True
slm,14,2,64,4,512,2048,128,11,16,1,1.586764,0.0,True
slm,14,2,64,4,512,2048,128,11,17,1,1.56414,0.0,True
slm,14,2,64,4,512,2048,128,11,18,1,1.562567,0.0,True
slm,14,2,64,4,512,2048,128,11,19,1,1.56469,0.0,True
slm,14,2,64,4,512,2048,16,11,0,2,1.615929,0.0,True
slm,14,2,64,4,512,2048,16,11,1,2,1.565311,0.0,True
slm,14,2,64,4,512,2048,16,11,2,2,1.577199,0.0,True
slm,14,2,64,4,512,2048,16,11,3,2,1.612022,0.0,True
slm,14,2,64,4,512,2048,16,11,4,2,1.580985,0.0,True
slm,14,2,64,4,512,2048,16,11,5,2,1.59135,0.0,True
slm,14,2,64,4,512,2048,16,11,6,2,1.556859,0.0,True
slm,14,2,64,4,512,2048,16,11,7,2,1.59062,0.0,True
slm,14,2,64,4,512,2048,16,11,8,2,1.59696,0.0,True
slm,14,2,64,4,512,2048,16,11,9,2,1.579423,0.0,True
slm,14,2,64,4,512,2048,16,11,10,2,1.592452,0.0,True
slm,14,2,64,4,512,2048,16,11,11,2,1.589608,0.0,True
slm,14,2,64,4,512,2048,16,11,12,2,1.618101,0.0,True
slm,14,2,64,4,512,2048,16,11,13,2,1.61059,0.0,True
slm,14,2,64,4,512,2048,16,11,14,2,1.613394,0.0,True
slm,14,2,64,4,512,2048,16,11,15,2,1.611942,0.0,True
slm,14,2,64,4,512,2048,16,11,16,2,1.610871,0.0,True
slm,14,2,64,4,512,2048,16,11,17,2,1.61026,0.0,True
slm,14,2,64,4,512,2048,16,11,18,2,1.576098,0.0,True
slm,14,2,64,4,512,2048,16,11,19,2,1.567214,0.0,True
slm,14,2,64,4,512,2048,64,11,0,3,1.639645,0.0,True
slm,14,2,64,4,512,2048,64,11,1,3,1.577459,0.0,True
slm,14,2,64,4,512,2048,64,11,2,3,1.600705,0.0,True
slm,14,2,64,4,512,2048,64,11,3,3,1.600845,0.0,True
slm,14,2,64,4,512,2048,64,11,4,3,1.609658,0.0,True
slm,14,2,64,4,512,2048,64,11,5,3,1.6234,0.0,True
slm,14,2,64,4,512,2048,64,11,6,3,1.635037,0.0,True
slm,14,2,64,4,512,2048,64,11,7,3,1.621777,0.0,True
slm,14,2,64,4,512,2048,64,11,8,3,1.612813,0.0,True
slm,14,2,64,4,512,2048,64,11,9,3,1.623039,0.0,True
slm,14,2,64,4,512,2048,64,11,10,3,1.608537,0.0,True
slm,14,2,64,4,512,2048,64,11,11,3,1.625032,0.0,True
slm,14,2,64,4,512,2048,64,11,12,3,1.627436,0.0,True
slm,14,2,64,4,512,2048,64,11,13,3,1.611161,0.0,True
slm,14,2,64,4,512,2048,64,11,14,3,1.623981,0.0,True
slm,14,2,64,4,512,2048,64,11,15,3,1.625613,0.0,True
slm,14,2,64,4,512,2048,64,11,16,3,1.615318,0.0,True
slm,14,2,64,4,512,2048,64,11,17,3,1.965961,0.0,True
slm,14,2,64,4,512,2048,64,11,18,3,1.63691,0.0,True
slm,14,2,64,4,512,2048,64,11,19,3,1.61723,0.0,True
slm,14,2,64,4,512,2048,32,29,0,0,1.624051,0.0,True
slm,14,2,64,4,512,2048,32,29,1,0,1.59122,0.0,True
slm,14,2,64,4,512,2048,32,29,2,0,1.575206,0.0,True
slm,14,2,64,4,512,2048,32,29,3,0,1.605803,0.0,True
slm,14,2,64,4,512,2048,32,29,4,0,1.551511,0.0,True
slm,14,2,64,4,512,2048,32,29,5,0,1.658233,0.0,True
slm,14,2,64,4,512,2048,32,29,6,0,1.624031,0.0,True
slm,14,2,64,4,512,2048,32,29,7,0,1.643851,0.0,True
slm,14,2,64,4,512,2048,32,29,8,0,1.646615,0.0,True
slm,14,2,64,4,512,2048,32,29,9,0,1.604631,0.0,True
slm,14,2,64,4,512,2048,32,29,10,0,1.551671,0.0,True
slm,14,2,64,4,512,2048,32,29,11,0,1.593214,0.0,True
slm,14,2,64,4,512,2048,32,29,12,0,1.578992,0.0,True
slm,14,2,64,4,512,2048,32,29,13,0,1.631622,0.0,True
slm,14,2,64,4,512,2048,32,29,14,0,1.596308,0.0,True
slm,14,2,64,4,512,2048,32,29,15,0,1.599694,0.0,True
slm,14,2,64,4,512,2048,32,29,16,0,1.55805,0.0,True
slm,14,2,64,4,512,2048,32,29,17,0,1.619283,0.0,True
slm,14,2,64,4,512,2048,32,29,18,0,1.570098,0.0,True
slm,14,2,64,4,512,2048,32,29,19,0,1.600344,0.0,True
slm,14,2,64,4,512,2048,64,29,0,1,1.598312,0.0,True
slm,14,2,64,4,512,2048,64,29,1,1,1.592062,0.0,True
slm,14,2,64,4,512,2048,64,29,2,1,1.58415,0.0,True
slm,14,2,64,4,512,2048,64,29,3,1,1.598972,0.0,True
slm,14,2,64,4,512,2048,64,29,4,1,1.57767,0.0,True
slm,14,2,64,4,512,2048,64,29,5,1,1.589698,0.0,True
slm,14,2,64,4,512,2048,64,29,6,1,1.595166,0.0,True
slm,14,2,64,4,512,2048,64,29,7,1,1.593003,0.0,True
slm,14,2,64,4,512,2048,64,29,8,1,1.596909,0.0,True
slm,14,2,64,4,512,2048,64,29,9,1,1.614256,0.0,True
slm,14,2,64,4,512,2048,64,29,10,1,1.600084,0.0,True
slm,14,2,64,4,512,2048,64,29,11,1,1.611842,0.0,True
slm,14,2,64,4,512,2048,64,29,12,1,1.594396,0.0,True
slm,14,2,64,4,512,2048,64,29,13,1,1.583589,0.0,True
slm,14,2,64,4,512,2048,64,29,14,1,1.591641,0.0,True
slm,14,2,64,4,512,2048,64,29,15,1,1.592362,0.0,True
slm,14,2,64,4,512,2048,64,29,16,1,1.579332,0.0,True
slm,14,2,64,4,512,2048,64,29,17,1,1.592202,0.0,True
slm,14,2,64,4,512,2048,64,29,18,1,1.588847,0.0,True
slm,14,2,64,4,512,2048,64,29,19,1,1.595387,0.0,True
slm,14,2,64,4,512,2048,16,29,0,2,1.59737,0.0,True
slm,14,2,64,4,512,2048,16,29,1,2,1.593965,0.0,True
slm,14,2,64,4,512,2048,16,29,2,2,1.591291,0.0,True
slm,14,2,64,4,512,2048,16,29,3,2,1.57798,0.0,True
slm,14,2,64,4,512,2048,16,29,4,2,1.671593,0.0,True
slm,14,2,64,4,512,2048,16,29,5,2,1.581927,0.0,True
slm,14,2,64,4,512,2048,16,29,6,2,1.592853,0.0,True
slm,14,2,64,4,512,2048,16,29,7,2,1.612172,0.0,True
slm,14,2,64,4,512,2048,16,29,8,2,1.61728,0.0,True
slm,14,2,64,4,512,2048,16,29,9,2,1.625453,0.0,True
slm,14,2,64,4,512,2048,16,29,10,2,1.633034,0.0,True
slm,14,2,64,4,512,2048,16,29,11,2,1.63649,0.0,True
slm,14,2,64,4,512,2048,16,29,12,2,1.626104,0.0,True
slm,14,2,64,4,512,2048,16,29,13,2,1.622348,0.0,True
slm,14,2,64,4,512,2048,16,29,14,2,1.640826,0.0,True
slm,14,2,64,4,512,2048,16,29,15,2,1.749331,0.0,True
slm,14,2,64,4,512,2048,16,29,16,2,1.606203,0.0,True
slm,14,2,64,4,512,2048,16,29,17,2,1.588306,0.0,True
slm,14,2,64,4,512,2048,16,29,18,2,1.597561,0.0,True
slm,14,2,64,4,512,2048,16,29,19,2,1.579813,0.0,True
slm,14,2,64,4,512,2048,128,29,0,3,1.616809,0.0,True
slm,14,2,64,4,512,2048,128,29,1,3,1.666475,0.0,True
slm,14,2,64,4,512,2048,128,29,2,3,1.630971,0.0,True
slm,14,2,64,4,512,2048,128,29,3,3,1.56445,0.0,True
slm,14,2,64,4,512,2048,128,29,4,3,1.560524,0.0,True
slm,14,2,64,4,512,2048,128,29,5,3,1.595707,0.0,True
slm,14,2,64,4,512,2048,128,29,6,3,1.573364,0.0,True
slm,14,2,64,4,512,2048,128,29,7,3,1.556438,0.0,True
slm,14,2,64,4,512,2048,128,29,8,3,1.581245,0.0,True
slm,14,2,64,4,512,2048,128,29,9,3,1.599503,0.0,True
slm,14,2,64,4,512,2048,128,29,10,3,1.586453,0.0,True
slm,14,2,64,4,512,2048,128,29,11,3,1.570258,0.0,True
slm,14,2,64,4,512,2048,128,29,12,3,1.601166,0.0,True
slm,14,2,64,4,512,2048,128,29,13,3,1.574935,0.0,True
slm,14,2,64,4,512,2048,128,29,14,3,5.379934,0.0,True
slm,14,2,64,4,512,2048,128,29,15,3,1.616219,0.0,True
slm,14,2,64,4,512,2048,128,29,16,3,1.566012,0.0,True
slm,14,2,64,4,512,2048,128,29,17,3,1.587515,0.0,True
slm,14,2,64,4,512,2048,128,29,18,3,1.579072,0.0,True
slm,14,2,64,4,512,2048,128,29,19,3,1.567554,0.0,True
slm,14,2,64,4,512,2048,16,47,0,0,1.608577,0.0,True
slm,14,2,64,4,512,2048,16,47,1,0,1.620095,0.0,True
slm,14,2,64,4,512,2048,16,47,2,0,5.876259,0.0,True
slm,14,2,64,4,512,2048,16,47,3,0,1.584871,0.0,True
slm,14,2,64,4,512,2048,16,47,4,0,1.561004,0.0,True
slm,14,2,64,4,512,2048,16,47,5,0,1.567525,0.0,True
slm,14,2,64,4,512,2048,16,47,6,0,1.610119,0.0,True
slm,14,2,64,4,512,2048,16,47,7,0,1.605943,0.0,True
slm,14,2,64,4,512,2048,16,47,8,0,1.625052,0.0,True
slm,14,2,64,4,512,2048,16,47,9,0,1.615778,0.0,True
slm,14,2,64,4,512,2048,16,47,10,0,1.631662,0.0,True
slm,14,2,64,4,512,2048,16,47,11,0,1.644331,0.0,True
slm,14,2,64,4,512,2048,16,47,12,0,1.630781,0.0,True
slm,14,2,64,4,512,2048,16,47,13,0,1.638562,0.0,True
slm,14,2,64,4,512,2048,16,47,14,0,1.74214,0.0,True
slm,14,2,64,4,512,2048,16,47,15,0,1.613815,0.0,True
slm,14,2,64,4,512,2048,16,47,16,0,1.586173,0.0,True
slm,14,2,64,4,512,2048,16,47,17,0,1.582117,0.0,True
slm,14,2,64,4,512,2048,16,47,18,0,1.552782,0.0,True
slm,14,2,64,4,512,2048,16,47,19,0,1.554725,0.0,True
slm,14,2,64,4,512,2048,128,47,0,1,1.651012,0.0,True
slm,14,2,64,4,512,2048,128,47,1,1,1.625323,0.0,True
slm,14,2,64,4,512,2048,128,47,2,1,1.615438,0.0,True
slm,14,2,64,4,512,2048,128,47,3,1,1.604881,0.0,True
slm,14,2,64,4,512,2048,128,47,4,1,1.593133,0.0,True
slm,14,2,64,4,512,2048,128,47,5,1,1.597761,0.0,True
slm,14,2,64,4,512,2048,128,47,6,1,1.583869,0.0,True
slm,14,2,64,4,512,2048,128,47,7,1,1.584981,0.0,True
slm,14,2,64,4,512,2048,128,47,8,1,1.580524,0.0,True
slm,14,2,64,4,512,2048,128,47,9,1,1.591521,0.0,True
slm,14,2,64,4,512,2048,128,47,10,1,1.593795,0.0,True
slm,14,2,64,4,512,2048,128,47,11,1,1.597531,0.0,True
slm,14,2,64,4,512,2048,128,47,12,1,1.593084,0.0,True
slm,14,2,64,4,512,2048,128,47,13,1,1.586754,0.0,True
slm,14,2,64,4,512,2048,128,47,14,1,5.877521,0.0,True
slm,14,2,64,4,512,2048,128,47,15,1,1.571371,0.0,True
slm,14,2,64,4,512,2048,128,47,16,1,1.565352,0.0,True
slm,14,2,64,4,512,2048,128,47,17,1,1.581145,0.0,True
slm,14,2,64,4,512,2048,128,47,18,1,1.60361,0.0,True
slm,14,2,64,4,512,2048,128,47,19,1,1.612352,0.0,True
slm,14,2,64,4,512,2048,32,47,0,2,1.678624,0.0,True
slm,14,2,64,4,512,2048,32,47,1,2,1.67652,0.0,True
slm,14,2,64,4,512,2048,32,47,2,2,1.651042,0.0,True
slm,14,2,64,4,512,2048,32,47,3,2,1.644542,0.0,True
slm,14,2,64,4,512,2048,32,47,4,2,1.628657,0.0,True
slm,14,2,64,4,512,2048,32,47,5,2,1.607396,0.0,True
slm,14,2,64,4,512,2048,32,47,6,2,1.615167,0.0,True
slm,14,2,64,4,512,2048,32,47,7,2,1.588827,0.0,True
slm,14,2,64,4,512,2048,32,47,8,2,1.59096,0.0,True
slm,14,2,64,4,512,2048,32,47,9,2,1.579313,0.0,True
slm,14,2,64,4,512,2048,32,47,10,2,6.243538,0.0,True
slm,14,2,64,4,512,2048,32,47,11,2,1.57776,0.0,True
slm,14,2,64,4,512,2048,32,47,12,2,1.559392,0.0,True
slm,14,2,64,4,512,2048,32,47,13,2,1.554815,0.0,True
slm,14,2,64,4,512,2048,32,47,14,2,1.560423,0.0,True
slm,14,2,64,4,512,2048,32,47,15,2,1.56456,0.0,True
slm,14,2,64,4,512,2048,32,47,16,2,1.562487,0.0,True
slm,14,2,64,4,512,2048,32,47,17,2,1.583229,0.0,True
slm,14,2,64,4,512,2048,32,47,18,2,1.590249,0.0,True
slm,14,2,64,4,512,2048,32,47,19,2,1.591801,0.0,True
slm,14,2,64,4,512,2048,64,47,0,3,1.611231,0.0,True
slm,14,2,64,4,512,2048,64,47,1,3,1.560364,0.0,True
slm,14,2,64,4,512,2048,64,47,2,3,6.115603,0.0,True
slm,14,2,64,4,512,2048,64,47,3,3,1.582607,0.0,True
slm,14,2,64,4,512,2048,64,47,4,3,1.561335,0.0,True
slm,14,2,64,4,512,2048,64,47,5,3,1.571461,0.0,True
slm,14,2,64,4,512,2048,64,47,6,3,1.592252,0.0,True
slm,14,2,64,4,512,2048,64,47,7,3,1.616779,0.0,True
slm,14,2,64,4,512,2048,64,47,8,3,1.62341,0.0,True
slm,14,2,64,4,512,2048,64,47,9,3,1.620425,0.0,True
slm,14,2,64,4,512,2048,64,47,10,3,6.01523,0.0,True
slm,14,2,64,4,512,2048,64,47,11,3,1.580334,0.0,True
slm,14,2,64,4,512,2048,64,47,12,3,1.545771,0.0,True
slm,14,2,64,4,512,2048,64,47,13,3,1.559142,0.0,True
slm,14,2,64,4,512,2048,64,47,14,3,1.584591,0.0,True
slm,14,2,64,4,512,2048,64,47,15,3,1.607315,0.0,True
slm,14,2,64,4,512,2048,64,47,16,3,1.567205,0.0,True
slm,14,2,64,4,512,2048,64,47,17,3,1.575997,0.0,True
slm,14,2,64,4,512,2048,64,47,18,3,1.59071,0.0,True
slm,14,2,64,4,512,2048,64,47,19,3,1.604951,0.0,True
slm,14,2,64,4,512,8192,32,11,0,0,6.759573,0.0,True
slm,14,2,64,4,512,8192,32,11,1,0,6.374587,0.0,True
slm,14,2,64,4,512,8192,32,11,2,0,6.281886,0.0,True
slm,14,2,64,4,512,8192,32,11,3,0,6.353475,0.0,True
slm,14,2,64,4,512,8192,32,11,4,0,6.445936,0.0,True
slm,14,2,64,4,512,8192,32,11,5,0,6.206772,0.0,True
slm,14,2,64,4,512,8192,32,11,6,0,6.421869,0.0,True
slm,14,2,64,4,512,8192,32,11,7,0,6.616686,0.0,True
slm,14,2,64,4,512,8192,32,11,8,0,6.785563,0.0,True
slm,14,2,64,4,512,8192,32,11,9,0,6.572568,0.0,True
slm,14,2,64,4,512,8192,32,11,10,0,6.52125,0.0,True
slm,14,2,64,4,512,8192,32,11,11,0,6.515081,0.0,True
slm,14,2,64,4,512,8192,32,11,12,0,6.508541,0.0,True
slm,14,2,64,4,512,8192,32,11,13,0,6.519107,0.0,True
slm,14,2,64,4,512,8192,32,11,14,0,6.454769,0.0,True
slm,14,2,64,4,512,8192,32,11,15,0,6.497204,0.0,True
slm,14,2,64,4,512,8192,32,11,16,0,6.493599,0.0,True
slm,14,2,64,4,512,8192,32,11,17,0,6.535982,0.0,True
slm,14,2,64,4,512,8192,32,11,18,0,6.478896,0.0,True
slm,14,2,64,4,512,8192,32,11,19,0,6.500649,0.0,True
slm,14,2,64,4,512,8192,16,11,0,1,6.618087,0.0,True
slm,14,2,64,4,512,8192,16,11,1,1,6.454518,0.0,True
slm,14,2,64,4,512,8192,16,11,2,1,6.449862,0.0,True
slm,14,2,64,4,512,8192,16,11,3,1,6.510464,0.0,True
slm,14,2,64,4,512,8192,16,11,4,1,6.508691,0.0,True
slm,14,2,64,4,512,8192,16,11,5,1,6.439095,0.0,True
slm,14,2,64,4,512,8192,16,11,6,1,6.495441,0.0,True
slm,14,2,64,4,512,8192,16,11,7,1,6.546148,0.0,True
slm,14,2,64,4,512,8192,16,11,8,1,6.554241,0.0,True
slm,14,2,64,4,512,8192,16,11,9,1,6.492126,0.0,True
slm,14,2,64,4,512,8192,16,11,10,1,6.426266,0.0,True
slm,14,2,64,4,512,8192,16,11,11,1,6.49463,0.0,True
slm,14,2,64,4,512,8192,16,11,12,1,6.484274,0.0,True
slm,14,2,64,4,512,8192,16,11,13,1,6.508511,0.0,True
slm,14,2,64,4,512,8192,16,11,14,1,6.509733,0.0,True
slm,14,2,64,4,512,8192,16,11,15,1,6.513107,0.0,True
slm,14,2,64,4,512,8192,16,11,16,1,6.527369,0.0,True
slm,14,2,64,4,512,8192,16,11,17,1,6.458064,0.0,True
slm,14,2,64,4,512,8192,16,11,18,1,6.444413,0.0,True
slm,14,2,64,4,512,8192,16,11,19,1,6.553209,0.0,True
slm,14,2,64,4,512,8192,64,11,0,2,6.623225,0.0,True
slm,14,2,64,4,512,8192,64,11,1,2,6.452376,0.0,True
slm,14,2,64,4,512,8192,64,11,2,2,6.459156,0.0,True
slm,14,2,64,4,512,8192,64,11,3,2,6.497083,0.0,True
slm,14,2,64,4,512,8192,64,11,4,2,6.457833,0.0,True
slm,14,2,64,4,512,8192,64,11,5,2,6.468069,0.0,True
slm,14,2,64,4,512,8192,64,11,6,2,6.475221,0.0,True
slm,14,2,64,4,512,8192,64,11,7,2,6.465325,0.0,True
slm,14,2,64,4,512,8192,64,11,8,2,6.296868,0.0,True
slm,14,2,64,4,512,8192,64,11,9,2,6.388208,0.0,True
slm,14,2,64,4,512,8192,64,11,10,2,6.520029,0.0,True
slm,14,2,64,4,512,8192,64,11,11,2,6.769028,0.0,True
slm,14,2,64,4,512,8192,64,11,12,2,6.21861,0.0,True
slm,14,2,64,4,512,8192,64,11,13,2,6.346855,0.0,True
slm,14,2,64,4,512,8192,64,11,14,2,6.502061,0.0,True
slm,14,2,64,4,512,8192,64,11,15,2,6.512446,0.0,True
slm,14,2,64,4,512,8192,64,11,16,2,6.439296,0.0,True
slm,14,2,64,4,512,8192,64,11,17,2,6.48145,0.0,True
slm,14,2,64,4,512,8192,64,11,18,2,6.480649,0.0,True
slm,14,2,64,4,512,8192,64,11,19,2,6.522622,0.0,True
slm,14,2,64,4,512,8192,128,11,0,3,6.612268,0.0,True
slm,14,2,64,4,512,8192,128,11,1,3,6.460818,0.0,True
slm,14,2,64,4,512,8192,128,11,2,3,6.440136,0.0,True
slm,14,2,64,4,512,8192,128,11,3,3,6.418233,0.0,True
slm,14,2,64,4,512,8192,128,11,4,3,6.285211,0.0,True
slm,14,2,64,4,512,8192,128,11,5,3,6.360005,0.0,True
slm,14,2,64,4,512,8192,128,11,6,3,6.566509,0.0,True
slm,14,2,64,4,512,8192,128,11,7,3,6.760405,0.0,True
slm,14,2,64,4,512,8192,128,11,8,3,6.50148,0.0,True
slm,14,2,64,4,512,8192,128,11,9,3,6.48215,0.0,True
slm,14,2,64,4,512,8192,128,11,10,3,6.46853,0.0,True
slm,14,2,64,4,512,8192,128,11,11,3,6.518886,0.0,True
slm,14,2,64,4,512,8192,128,11,12,3,6.487669,0.0,True
slm,14,2,64,4,512,8192,128,11,13,3,6.518986,0.0,True
slm,14,2,64,4,512,8192,128,11,14,3,6.489422,0.0,True
slm,14,2,64,4,512,8192,128,11,15,3,6.509012,0.0,True
slm,14,2,64,4,512,8192,128,11,16,3,6.430061,0.0,True
slm,14,2,64,4,512,8192,128,11,17,3,6.495891,0.0,True
slm,14,2,64,4,512,8192,128,11,18,3,6.454939,0.0,True
slm,14,2,64,4,512,8192,128,11,19,3,6.458916,0.0,True
slm,14,2,64,4,512,8192,32,29,0,0,6.802929,0.0,True
slm,14,2,64,4,512,8192,32,29,1,0,6.344301,0.0,True
slm,14,2,64,4,512,8192,32,29,2,0,6.368948,0.0,True
slm,14,2,64,4,512,8192,32,29,3,0,6.385044,0.0,True
slm,14,2,64,4,512,8192,32,29,4,0,6.473939,0.0,True
slm,14,2,64,4,512,8192,32,29,5,0,6.407007,0.0,True
slm,14,2,64,4,512,8192,32,29,6,0,6.428789,0.0,True
slm,14,2,64,4,512,8192,32,29,7,0,6.532087,0.0,True
slm,14,2,64,4,512,8192,32,29,8,0,6.472026,0.0,True
slm,14,2,64,4,512,8192,32,29,9,0,6.552107,0.0,True
slm,14,2,64,4,512,8192,32,29,10,0,6.526258,0.0,True
slm,14,2,64,4,512,8192,32,29,11,0,6.471014,0.0,True
slm,14,2,64,4,512,8192,32,29,12,0,6.452977,0.0,True
slm,14,2,64,4,512,8192,32,29,13,0,7.844273,0.0,True
slm,14,2,64,4,512,8192,32,29,14,0,6.446586,0.0,True
slm,14,2,64,4,512,8192,32,29,15,0,6.570355,0.0,True
slm,14,2,64,4,512,8192,32,29,16,0,6.65242,0.0,True
slm,14,2,64,4,512,8192,32,29,17,0,6.766604,0.0,True
slm,14,2,64,4,512,8192,32,29,18,0,6.484665,0.0,True
slm,14,2,64,4,512,8192,32,29,19,0,6.437042,0.0,True
slm,14,2,64,4,512,8192,16,29,0,1,6.641853,0.0,True
slm,14,2,64,4,512,8192,16,29,1,1,6.467158,0.0,True
slm,14,2,64,4,512,8192,16,29,2,1,6.472376,0.0,True
slm,14,2,64,4,512,8192,16,29,3,1,6.516844,0.0,True
slm,14,2,64,4,512,8192,16,29,4,1,6.52815,0.0,True
slm,14,2,64,4,512,8192,16,29,5,1,6.493368,0.0,True
slm,14,2,64,4,512,8192,16,29,6,1,6.505667,0.0,True
slm,14,2,64,4,512,8192,16,29,7,1,6.443983,0.0,True
slm,14,2,64,4,512,8192,16,29,8,1,6.498715,0.0,True
slm,14,2,64,4,512,8192,16,29,9,1,6.524735,0.0,True
slm,14,2,64,4,512,8192,16,29,10,1,6.530905,0.0,True
slm,14,2,64,4,512,8192,16,29,11,1,6.515271,0.0,True
slm,14,2,64,4,512,8192,16,29,12,1,6.464934,0.0,True
slm,14,2,64,4,512,8192,16,29,13,1,6.517204,0.0,True
slm,14,2,64,4,512,8192,16,29,14,1,6.513348,0.0,True
slm,14,2,64,4,512,8192,16,29,15,1,6.50804,0.0,True
slm,14,2,64,4,512,8192,16,29,16,1,6.517926,0.0,True
slm,14,2,64,4,512,8192,16,29,17,1,6.443571,0.0,True
slm,14,2,64,4,512,8192,16,29,18,1,6.461429,0.0,True
slm,14,2,64,4,512,8192,16,29,19,1,6.472506,0.0,True
slm,14,2,64,4,512,8192,128,29,0,2,6.627672,0.0,True
slm,14,2,64,4,512,8192,128,29,1,2,6.457884,0.0,True
slm,14,2,64,4,512,8192,128,29,2,2,6.461058,0.0,True
slm,14,2,64,4,512,8192,128,29,3,2,6.444464,0.0,True
slm,14,2,64,4,512,8192,128,29,4,2,6.510814,0.0,True
slm,14,2,64,4,512,8192,128,29,5,2,6.504395,0.0,True
slm,14,2,64,4,512,8192,128,29,6,2,6.447457,0.0,True
slm,14,2,64,4,512,8192,128,29,7,2,6.424003,0.0,True
slm,14,2,64,4,512,8192,128,29,8,2,6.50836,0.0,True
slm,14,2,64,4,512,8192,128,29,9,2,6.445215,0.0,True
slm,14,2,64,4,512,8192,128,29,10,2,6.531616,0.0,True
slm,14,2,64,4,512,8192,128,29,11,2,6.463633,0.0,True
slm,14,2,64,4,512,8192,128,29,12,2,6.488861,0.0,True
slm,14,2,64,4,512,8192,128,29,13,2,6.526509,0.0,True
slm,14,2,64,4,512,8192,128,29,14,2,6.466567,0.0,True
slm,14,2,64,4,512,8192,128,29,15,2,6.523453,0.0,True
slm,14,2,64,4,512,8192,128,29,16,2,6.516563,0.0,True
slm,14,2,64,4,512,8192,128,29,17,2,6.511936,0.0,True
slm,14,2,64,4,512,8192,128,29,18,2,6.502532,0.0,True
slm,14,2,64,4,512,8192,128,29,19,2,6.502832,0.0,True
slm,14,2,64,4,512,8192,64,29,0,3,6.62623,0.0,True
slm,14,2,64,4,512,8192,64,29,1,3,6.444943,0.0,True
slm,14,2,64,4,512,8192,64,29,2,3,6.434118,0.0,True
slm,14,2,64,4,512,8192,64,29,3,3,6.469721,0.0,True
slm,14,2,64,4,512,8192,64,29,4,3,6.487939,0.0,True
slm,14,2,64,4,512,8192,64,29,5,3,6.472767,0.0,True
slm,14,2,64,4,512,8192,64,29,6,3,6.44231,0.0,True
slm,14,2,64,4,512,8192,64,29,7,3,6.516002,0.0,True
slm,14,2,64,4,512,8192,64,29,8,3,6.516913,0.0,True
slm,14,2,64,4,512,8192,64,29,9,3,6.438114,0.0,True
slm,14,2,64,4,512,8192,64,29,10,3,6.499167,0.0,True
slm,14,2,64,4,512,8192,64,29,11,3,6.522132,0.0,True
slm,14,2,64,4,512,8192,64,29,12,3,6.498315,0.0,True
slm,14,2,64,4,512,8192,64,29,13,3,6.504704,0.0,True
slm,14,2,64,4,512,8192,64,29,14,3,6.447639,0.0,True
slm,14,2,64,4,512,8192,64,29,15,3,6.518095,0.0,True
slm,14,2,64,4,512,8192,64,29,16,3,6.538266,0.0,True
slm,14,2,64,4,512,8192,64,29,17,3,6.508541,0.0,True
slm,14,2,64,4,512,8192,64,29,18,3,6.524295,0.0,True
slm,14,2,64,4,512,8192,64,29,19,3,6.450193,0.0,True
slm,14,2,64,4,512,8192,32,47,0,0,6.830481,0.0,True
slm,14,2,64,4,512,8192,32,47,1,0,6.446727,0.0,True
slm,14,2,64,4,512,8192,32,47,2,0,6.369909,0.0,True
slm,14,2,64,4,512,8192,32,47,3,0,6.451725,0.0,True
slm,14,2,64,4,512,8192,32,47,4,0,6.441809,0.0,True
slm,14,2,64,4,512,8192,32,47,5,0,6.440997,0.0,True
slm,14,2,64,4,512,8192,32,47,6,0,6.467969,0.0,True
slm,14,2,64,4,512,8192,32,47,7,0,6.486917,0.0,True
slm,14,2,64,4,512,8192,32,47,8,0,6.506818,0.0,True
slm,14,2,64,4,512,8192,32,47,9,0,6.537996,0.0,True
slm,14,2,64,4,512,8192,32,47,10,0,6.49515,0.0,True
slm,14,2,64,4,512,8192,32,47,11,0,6.497975,0.0,True
slm,14,2,64,4,512,8192,32,47,12,0,6.542102,0.0,True
slm,14,2,64,4,512,8192,32,47,13,0,6.52777,0.0,True
slm,14,2,64,4,512,8192,32,47,14,0,6.506418,0.0,True
slm,14,2,64,4,512,8192,32,47,15,0,6.476722,0.0,True
slm,14,2,64,4,512,8192,32,47,16,0,6.515612,0.0,True
slm,14,2,64,4,512,8192,32,47,17,0,6.55374,0.0,True
slm,14,2,64,4,512,8192,32,47,18,0,6.548952,0.0,True
slm,14,2,64,4,512,8192,32,47,19,0,6.50783,0.0,True
slm,14,2,64,4,512,8192,64,47,0,1,6.627311,0.0,True
slm,14,2,64,4,512,8192,64,47,1,1,6.412384,0.0,True
slm,14,2,64,4,512,8192,64,47,2,1,6.52152,0.0,True
slm,14,2,64,4,512,8192,64,47,3,1,6.550875,0.0,True
slm,14,2,64,4,512,8192,64,47,4,1,6.512376,0.0,True
slm,14,2,64,4,512,8192,64,47,5,1,6.447509,0.0,True
slm,14,2,64,4,512,8192,64,47,6,1,6.441529,0.0,True
slm,14,2,64,4,512,8192,64,47,7,1,6.530284,0.0,True
slm,14,2,64,4,512,8192,64,47,8,1,6.539438,0.0,True
slm,14,2,64,4,512,8192,64,47,9,1,6.516303,0.0,True
slm,14,2,64,4,512,8192,64,47,10,1,6.519798,0.0,True
slm,14,2,64,4,512,8192,64,47,11,1,6.517124,0.0,True
slm,14,2,64,4,512,8192,64,47,12,1,6.481609,0.0,True
slm,14,2,64,4,512,8192,64,47,13,1,6.520809,0.0,True
slm,14,2,64,4,512,8192,64,47,14,1,6.523633,0.0,True
slm,14,2,64,4,512,8192,64,47,15,1,6.481309,0.0,True
slm,14,2,64,4,512,8192,64,47,16,1,6.535321,0.0,True
slm,14,2,64,4,512,8192,64,47,17,1,6.495371,0.0,True
slm,14,2,64,4,512,8192,64,47,18,1,6.519989,0.0,True
slm,14,2,64,4,512,8192,64,47,19,1,6.530554,0.0,True
slm,14,2,64,4,512,8192,16,47,0,2,6.656596,0.0,True
slm,14,2,64,4,512,8192,16,47,1,2,6.525356,0.0,True
slm,14,2,64,4,512,8192,16,47,2,2,6.540139,0.0,True
slm,14,2,64,4,512,8192,16,47,3,2,6.478796,0.0,True
slm,14,2,64,4,512,8192,16,47,4,2,6.500999,0.0,True
slm,14,2,64,4,512,8192,16,47,5,2,6.452355,0.0,True
slm,14,2,64,4,512,8192,16,47,6,2,6.472726,0.0,True
slm,14,2,64,4,512,8192,16,47,7,2,6.544446,0.0,True
slm,14,2,64,4,512,8192,16,47,8,2,6.447558,0.0,True
slm,14,2,64,4,512,8192,16,47,9,2,6.487198,0.0,True
slm,14,2,64,4,512,8192,16,47,10,2,6.536193,0.0,True
slm,14,2,64,4,512,8192,16,47,11,2,6.558316,0.0,True
slm,14,2,64,4,512,8192,16,47,12,2,6.524115,0.0,True
slm,14,2,64,4,512,8192,16,47,13,2,6.531996,0.0,True
slm,14,2,64,4,512,8192,16,47,14,2,6.538997,0.0,True
slm,14,2,64,4,512,8192,16,47,15,2,6.5014,0.0,True
slm,14,2,64,4,512,8192,16,47,16,2,6.451023,0.0,True
slm,14,2,64,4,512,8192,16,47,17,2,6.516273,0.0,True
slm,14,2,64,4,512,8192,16,47,18,2,6.533378,0.0,True
slm,14,2,64,4,512,8192,16,47,19,2,6.485957,0.0,True
slm,14,2,64,4,512,8192,128,47,0,3,6.635834,0.0,True
slm,14,2,64,4,512,8192,128,47,1,3,6.43572,0.0,True
slm,14,2,64,4,512,8192,128,47,2,3,6.550414,0.0,True
slm,14,2,64,4,512,8192,128,47,3,3,6.506498,0.0,True
slm,14,2,64,4,512,8192,128,47,4,3,6.505967,0.0,True
slm,14,2,64,4,512,8192,128,47,5,3,6.561942,0.0,True
slm,14,2,64,4,512,8192,128,47,6,3,6.518476,0.0,True
slm,14,2,64,4,512,8192,128,47,7,3,6.532578,0.0,True
slm,14,2,64,4,512,8192,128,47,8,3,6.520739,0.0,True
slm,14,2,64,4,512,8192,128,47,9,3,6.371412,0.0,True
slm,14,2,64,4,512,8192,128,47,10,3,6.594531,0.0,True
slm,14,2,64,4,512,8192,128,47,11,3,6.642374,0.0,True
slm,14,2,64,4,512,8192,128,47,12,3,6.798011,0.0,True
slm,14,2,64,4,512,8192,128,47,13,3,6.556123,0.0,True
slm,14,2,64,4,512,8192,128,47,14,3,6.500619,0.0,True
slm,14,2,64,4,512,8192,128,47,15,3,6.492406,0.0,True
slm,14,2,64,4,512,8192,128,47,16,3,6.539468,0.0,True
slm,14,2,64,4,512,8192,128,47,17,3,6.508129,0.0,True
slm,14,2,64,4,512,8192,128,47,18,3,6.513599,0.0,True
slm,14,2,64,4,512,8192,128,47,19,3,6.478315,0.0,True
slm,14,2,64,4,512,16384,64,11,0,0,27.388532,0.0,True
slm,14,2,64,4,512,16384,64,11,1,0,22.212289,0.0,True
slm,14,2,64,4,512,16384,64,11,2,0,12.912222,0.0,True
slm,14,2,64,4,512,16384,64,11,3,0,13.235053,0.0,True
slm,14,2,64,4,512,16384,64,11,4,0,13.29189,0.0,True
slm,14,2,64,4,512,16384,64,11,5,0,13.370449,0.0,True
slm,14,2,64,4,512,16384,64,11,6,0,13.039846,0.0,True
slm,14,2,64,4,512,16384,64,11,7,0,12.938902,0.0,True
slm,14,2,64,4,512,16384,64,11,8,0,12.947175,0.0,True
slm,14,2,64,4,512,16384,64,11,9,0,12.886613,0.0,True
slm,14,2,64,4,512,16384,64,11,10,0,12.982119,0.0,True
slm,14,2,64,4,512,16384,64,11,11,0,12.886733,0.0,True
slm,14,2,64,4,512,16384,64,11,12,0,12.89821,0.0,True
slm,14,2,64,4,512,16384,64,11,13,0,12.900053,0.0,True
slm,14,2,64,4,512,16384,64,11,14,0,12.924501,0.0,True
slm,14,2,64,4,512,16384,64,11,15,0,12.912883,0.0,True
slm,14,2,64,4,512,16384,64,11,16,0,13.031924,0.0,True
slm,14,2,64,4,512,16384,64,11,17,0,13.020987,0.0,True
slm,14,2,64,4,512,16384,64,11,18,0,12.959764,0.0,True
slm,14,2,64,4,512,16384,64,11,19,0,12.927585,0.0,True
slm,14,2,64,4,512,16384,32,11,0,1,33.626011,0.0,True
slm,14,2,64,4,512,16384,32,11,1,1,12.939483,0.0,True
slm,14,2,64,4,512,16384,32,11,2,1,13.20685,0.0,True
slm,14,2,64,4,512,16384,32,11,3,1,13.362377,0.0,True
slm,14,2,64,4,512,16384,32,11,4,1,13.104465,0.0,True
slm,14,2,64,4,512,16384,32,11,5,1,13.085505,0.0,True
slm,14,2,64,4,512,16384,32,11,6,1,13.087788,0.0,True
slm,14,2,64,4,512,16384,32,11,7,1,13.057002,0.0,True
slm,14,2,64,4,512,16384,32,11,8,1,12.933213,0.0,True
slm,14,2,64,4,512,16384,32,11,9,1,12.948076,0.0,True
slm,14,2,64,4,512,16384,32,11,10,1,12.965653,0.0,True
slm,14,2,64,4,512,16384,32,11,11,1,12.95071,0.0,True
slm,14,2,64,4,512,16384,32,11,12,1,12.988308,0.0,True
slm,14,2,64,4,512,16384,32,11,13,1,13.044884,0.0,True
slm,14,2,64,4,512,16384,32,11,14,1,12.97051,0.0,True
slm,14,2,64,4,512,16384,32,11,15,1,12.929658,0.0,True
slm,14,2,64,4,512,16384,32,11,16,1,12.979424,0.0,True
slm,14,2,64,4,512,16384,32,11,17,1,12.947005,0.0,True
slm,14,2,64,4,512,16384,32,11,18,1,13.493797,0.0,True
slm,14,2,64,4,512,16384,32,11,19,1,13.018523,0.0,True
slm,14,2,64,4,512,16384,128,11,0,2,13.098946,0.0,True
slm,14,2,64,4,512,16384,128,11,1,2,13.255043,0.0,True
slm,14,2,64,4,512,16384,128,11,2,2,13.164536,0.0,True
slm,14,2,64,4,512,16384,128,11,3,2,13.249055,0.0,True
slm,14,2,64,4,512,16384,128,11,4,2,13.271658,0.0,True
slm,14,2,64,4,512,16384,128,11,5,2,13.340403,0.0,True
slm,14,2,64,4,512,16384,128,11,6,2,12.769905,0.0,True
slm,14,2,64,4,512,16384,128,11,7,2,12.962628,0.0,True
slm,14,2,64,4,512,16384,128,11,8,2,13.096342,0.0,True
slm,14,2,64,4,512,16384,128,11,9,2,12.882245,0.0,True
slm,14,2,64,4,512,16384,128,11,10,2,12.894785,0.0,True
slm,14,2,64,4,512,16384,128,11,11,2,12.92412,0.0,True
slm,14,2,64,4,512,16384,128,11,12,2,12.961276,0.0,True
slm,14,2,64,4,512,16384,128,11,13,2,12.901476,0.0,True
slm,14,2,64,4,512,16384,128,11,14,2,12.95111,0.0,True
slm,14,2,64,4,512,16384,128,11,15,2,12.933414,0.0,True
slm,14,2,64,4,512,16384,128,11,16,2,12.990411,0.0,True
slm,14,2,64,4,512,16384,128,11,17,2,13.084373,0.0,True
slm,14,2,64,4,512,16384,128,11,18,2,12.982629,0.0,True
slm,14,2,64,4,512,16384,128,11,19,2,12.978743,0.0,True
slm,14,2,64,4,512,16384,16,11,0,3,13.110573,0.0,True
slm,14,2,64,4,512,16384,16,11,1,3,12.946093,0.0,True
slm,14,2,64,4,512,16384,16,11,2,3,12.944902,0.0,True
slm,14,2,64,4,512,16384,16,11,3,3,12.924841,0.0,True
slm,14,2,64,4,512,16384,16,11,4,3,12.965652,0.0,True
slm,14,2,64,4,512,16384,16,11,5,3,13.034958,0.0,True
slm,14,2,64,4,512,16384,16,11,6,3,13.037122,0.0,True
slm,14,2,64,4,512,16384,16,11,7,3,13.058785,0.0,True
slm,14,2,64,4,512,16384,16,11,8,3,13.067618,0.0,True
slm,14,2,64,4,512,16384,16,11,9,3,13.052485,0.0,True
slm,14,2,64,4,512,16384,16,11,10,3,12.939774,0.0,True
slm,14,2,64,4,512,16384,16,11,11,3,13.025153,0.0,True
slm,14,2,64,4,512,16384,16,11,12,3,12.903759,0.0,True
slm,14,2,64,4,512,16384,16,11,13,3,12.936178,0.0,True
slm,14,2,64,4,512,16384,16,11,14,3,13.018323,0.0,True
slm,14,2,64,4,512,16384,16,11,15,3,13.027717,0.0,True
slm,14,2,64,4,512,16384,16,11,16,3,12.992113,0.0,True
slm,14,2,64,4,512,16384,16,11,17,3,13.021037,0.0,True
slm,14,2,64,4,512,16384,16,11,18,3,13.066566,0.0,True
slm,14,2,64,4,512,16384,16,11,19,3,12.98386,0.0,True
slm,14,2,64,4,512,16384,16,29,0,0,24.772984,0.0,True
slm,14,2,64,4,512,16384,16,29,1,0,13.022299,0.0,True
slm,14,2,64,4,512,16384,16,29,2,0,13.374404,0.0,True
slm,14,2,64,4,512,16384,16,29,3,0,13.375226,0.0,True
slm,14,2,64,4,512,16384,16,29,4,0,13.013536,0.0,True
slm,14,2,64,4,512,16384,16,29,5,0,13.000646,0.0,True
slm,14,2,64,4,512,16384,16,29,6,0,12.905111,0.0,True
slm,14,2,64,4,512,16384,16,29,7,0,12.960636,0.0,True
slm,14,2,64,4,512,16384,16,29,8,0,12.927174,0.0,True
slm,14,2,64,4,512,16384,16,29,9,0,12.97675,0.0,True
slm,14,2,64,4,512,16384,16,29,10,0,12.919733,0.0,True
slm,14,2,64,4,512,16384,16,29,11,0,12.958582,0.0,True
slm,14,2,64,4,512,16384,16,29,12,0,12.967976,0.0,True
slm,14,2,64,4,512,16384,16,29,13,0,12.945061,0.0,True
slm,14,2,64,4,512,16384,16,29,14,0,13.000576,0.0,True
slm,14,2,64,4,512,16384,16,29,15,0,13.03575,0.0,True
slm,14,2,64,4,512,16384,16,29,16,0,13.821274,0.0,True
slm,14,2,64,4,512,16384,16,29,17,0,13.103803,0.0,True
slm,14,2,64,4,512,16384,16,29,18,0,13.401225,0.0,True
slm,14,2,64,4,512,16384,16,29,19,0,12.981848,0.0,True
slm,14,2,64,4,512,16384,128,29,0,1,13.096562,0.0,True
slm,14,2,64,4,512,16384,128,29,1,1,13.069872,0.0,True
slm,14,2,64,4,512,16384,128,29,2,1,13.210525,0.0,True
slm,14,2,64,4,512,16384,128,29,3,1,13.202323,0.0,True
slm,14,2,64,4,512,16384,128,29,4,1,13.35207,0.0,True
slm,14,2,64,4,512,16384,128,29,5,1,13.088349,0.0,True
slm,14,2,64,4,512,16384,128,29,6,1,13.085535,0.0,True
slm,14,2,64,4,512,16384,128,29,7,1,12.969378,0.0,True
slm,14,2,64,4,512,16384,128,29,8,1,12.976279,0.0,True
slm,14,2,64,4,512,16384,128,29,9,1,13.007206,0.0,True
slm,14,2,64,4,512,16384,128,29,10,1,12.925572,0.0,True
slm,14,2,64,4,512,16384,128,29,11,1,12.97655,0.0,True
slm,14,2,64,4,512,16384,128,29,12,1,12.955878,0.0,True
slm,14,2,64,4,512,16384,128,29,13,1,12.966494,0.0,True
slm,14,2,64,4,512,16384,128,29,14,1,12.934656,0.0,True
slm,14,2,64,4,512,16384,128,29,15,1,13.055329,0.0,True
slm,14,2,64,4,512,16384,128,29,16,1,12.978302,0.0,True
slm,14,2,64,4,512,16384,128,29,17,1,12.990871,0.0,True
slm,14,2,64,4,512,16384,128,29,18,1,13.086306,0.0,True
slm,14,2,64,4,512,16384,128,29,19,1,13.001226,0.0,True
slm,14,2,64,4,512,16384,64,29,0,2,13.077572,0.0,True
slm,14,2,64,4,512,16384,64,29,1,2,13.214081,0.0,True
slm,14,2,64,4,512,16384,64,29,2,2,13.194861,0.0,True
slm,14,2,64,4,512,16384,64,29,3,2,13.242614,0.0,True
slm,14,2,64,4,512,16384,64,29,4,2,13.179388,0.0,True
slm,14,2,64,4,512,16384,64,29,5,2,13.251648,0.0,True
slm,14,2,64,4,512,16384,64,29,6,2,13.274913,0.0,True
slm,14,2,64,4,512,16384,64,29,7,2,13.360413,0.0,True
slm,14,2,64,4,512,16384,64,29,8,2,12.997592,0.0,True
slm,14,2,64,4,512,16384,64,29,9,2,13.076221,0.0,True
slm,14,2,64,4,512,16384,64,29,10,2,12.974496,0.0,True
slm,14,2,64,4,512,16384,64,29,11,2,12.938312,0.0,True
slm,14,2,64,4,512,16384,64,29,12,2,12.922568,0.0,True
slm,14,2,64,4,512,16384,64,29,13,2,13.017662,0.0,True
slm,14,2,64,4,512,16384,64,29,14,2,12.933484,0.0,True
slm,14,2,64,4,512,16384,64,29,15,2,12.931501,0.0,True
slm,14,2,64,4,512,16384,64,29,16,2,12.93755,0.0,True
slm,14,2,64,4,512,16384,64,29,17,2,13.034337,0.0,True
slm,14,2,64,4,512,16384,64,29,18,2,12.966574,0.0,True
slm,14,2,64,4,512,16384,64,29,19,2,12.951932,0.0,True
slm,14,2,64,4,512,16384,32,29,0,3,13.159918,0.0,True
slm,14,2,64,4,512,16384,32,29,1,3,13.000305,0.0,True
slm,14,2,64,4,512,16384,32,29,2,3,12.95712,0.0,True
slm,14,2,64,4,512,16384,32,29,3,3,12.985954,0.0,True
slm,14,2,64,4,512,16384,32,29,4,3,13.010801,0.0,True
slm,14,2,64,4,512,16384,32,29,5,3,12.975308,0.0,True
slm,14,2,64,4,512,16384,32,29,6,3,12.969499,0.0,True
slm,14,2,64,4,512,16384,32,29,7,3,12.98989,0.0,True
slm,14,2,64,4,512,16384,32,29,8,3,12.960515,0.0,True
slm,14,2,64,4,512,16384,32,29,9,3,13.012124,0.0,True
slm,14,2,64,4,512,16384,32,29,10,3,12.985352,0.0,True
slm,14,2,64,4,512,16384,32,29,11,3,13.06874,0.0,True
slm,14,2,64,4,512,16384,32,29,12,3,12.982659,0.0,True
slm,14,2,64,4,512,16384,32,29,13,3,12.953845,0.0,True
slm,14,2,64,4,512,16384,32,29,14,3,12.952693,0.0,True
slm,14,2,64,4,512,16384,32,29,15,3,12.943519,0.0,True
slm,14,2,64,4,512,16384,32,29,16,3,12.954896,0.0,True
slm,14,2,64,4,512,16384,32,29,17,3,12.955547,0.0,True
slm,14,2,64,4,512,16384,32,29,18,3,12.957971,0.0,True
slm,14,2,64,4,512,16384,32,29,19,3,12.969078,0.0,True
slm,14,2,64,4,512,16384,64,47,0,0,22.443079,0.0,True
slm,14,2,64,4,512,16384,64,47,1,0,22.840554,0.0,True
slm,14,2,64,4,512,16384,64,47,2,0,12.911069,0.0,True
slm,14,2,64,4,512,16384,64,47,3,0,13.433233,0.0,True
slm,14,2,64,4,512,16384,64,47,4,0,13.063982,0.0,True
slm,14,2,64,4,512,16384,64,47,5,0,13.122251,0.0,True
slm,14,2,64,4,512,16384,64,47,6,0,13.000396,0.0,True
slm,14,2,64,4,512,16384,64,47,7,0,12.937239,0.0,True
slm,14,2,64,4,512,16384,64,47,8,0,13.017802,0.0,True
slm,14,2,64,4,512,16384,64,47,9,0,12.942016,0.0,True
slm,14,2,64,4,512,16384,64,47,10,0,12.95757,0.0,True
slm,14,2,64,4,512,16384,64,47,11,0,12.913563,0.0,True
slm,14,2,64,4,512,16384,64,47,12,0,12.967966,0.0,True
slm,14,2,64,4,512,16384,64,47,13,0,12.933755,0.0,True
slm,14,2,64,4,512,16384,64,47,14,0,12.959013,0.0,True
slm,14,2,64,4,512,16384,64,47,15,0,13.057482,0.0,True
slm,14,2,64,4,512,16384,64,47,16,0,13.060427,0.0,True
slm,14,2,64,4,512,16384,64,47,17,0,13.051894,0.0,True
slm,14,2,64,4,512,16384,64,47,18,0,13.023531,0.0,True
slm,14,2,64,4,512,16384,64,47,19,0,12.992033,0.0,True
slm,14,2,64,4,512,16384,128,47,0,1,13.109161,0.0,True
slm,14,2,64,4,512,16384,128,47,1,1,13.078404,0.0,True
slm,14,2,64,4,512,16384,128,47,2,1,13.20028,0.0,True
slm,14,2,64,4,512,16384,128,47,3,1,13.341504,0.0,True
slm,14,2,64,4,512,16384,128,47,4,1,13.042129,0.0,True
slm,14,2,64,4,512,16384,128,47,5,1,13.048038,0.0,True
slm,14,2,64,4,512,16384,128,47,6,1,13.007616,0.0,True
slm,14,2,64,4,512,16384,128,47,7,1,13.019535,0.0,True
slm,14,2,64,4,512,16384,128,47,8,1,13.085074,0.0,True
slm,14,2,64,4,512,16384,128,47,9,1,13.212197,0.0,True
slm,14,2,64,4,512,16384,128,47,10,1,13.202483,0.0,True
slm,14,2,64,4,512,16384,128,47,11,1,13.251277,0.0,True
slm,14,2,64,4,512,16384,128,47,12,1,13.214471,0.0,True
slm,14,2,64,4,512,16384,128,47,13,1,13.227531,0.0,True
slm,14,2,64,4,512,16384,128,47,14,1,13.39132,0.0,True
slm,14,2,64,4,512,16384,128,47,15,1,12.947545,0.0,True
slm,14,2,64,4,512,16384,128,47,16,1,13.030482,0.0,True
slm,14,2,64,4,512,16384,128,47,17,1,13.000766,0.0,True
slm,14,2,64,4,512,16384,128,47,18,1,12.993415,0.0,True
slm,14,2,64,4,512,16384,128,47,19,1,13.032554,0.0,True
slm,14,2,64,4,512,16384,16,47,0,2,13.095781,0.0,True
slm,14,2,64,4,512,16384,16,47,1,2,12.967695,0.0,True
slm,14,2,64,4,512,16384,16,47,2,2,12.9443,0.0,True
slm,14,2,64,4,512,16384,16,47,3,2,12.944621,0.0,True
slm,14,2,64,4,512,16384,16,47,4,2,12.95075,0.0,True
slm,14,2,64,4,512,16384,16,47,5,2,12.985612,0.0,True
slm,14,2,64,4,512,16384,16,47,6,2,13.061318,0.0,True
slm,14,2,64,4,512,16384,16,47,7,2,12.972272,0.0,True
slm,14,2,64,4,512,16384,16,47,8,2,12.965643,0.0,True
slm,14,2,64,4,512,16384,16,47,9,2,13.060536,0.0,True
slm,14,2,64,4,512,16384,16,47,10,2,12.980315,0.0,True
slm,14,2,64,4,512,16384,16,47,11,2,13.072805,0.0,True
slm,14,2,64,4,512,16384,16,47,12,2,12.999253,0.0,True
slm,14,2,64,4,512,16384,16,47,13,2,13.190804,0.0,True
slm,14,2,64,4,512,16384,16,47,14,2,13.218326,0.0,True
slm,14,2,64,4,512,16384,16,47,15,2,13.228392,0.0,True
slm,14,2,64,4,512,16384,16,47,16,2,13.235403,0.0,True
slm,14,2,64,4,512,16384,16,47,17,2,13.20759,0.0,True
slm,14,2,64,4,512,16384,16,47,18,2,13.300281,0.0,True
slm,14,2,64,4,512,16384,16,47,19,2,13.072645,0.0,True
slm,14,2,64,4,512,16384,32,47,0,3,13.143974,0.0,True
slm,14,2,64,4,512,16384,32,47,1,3,12.982107,0.0,True
slm,14,2,64,4,512,16384,32,47,2,3,13.064183,0.0,True
slm,14,2,64,4,512,16384,32,47,3,3,12.979753,0.0,True
slm,14,2,64,4,512,16384,32,47,4,3,12.931331,0.0,True
slm,14,2,64,4,512,16384,32,47,5,3,12.99646,0.0,True
slm,14,2,64,4,512,16384,32,47,6,3,13.014167,0.0,True
slm,14,2,64,4,512,16384,32,47,7,3,12.97082,0.0,True
slm,14,2,64,4,512,16384,32,47,8,3,12.969658,0.0,True
slm,14,2,64,4,512,16384,32,47,9,3,12.988357,0.0,True
slm,14,2,64,4,512,16384,32,47,10,3,12.971381,0.0,True
slm,14,2,64,4,512,16384,32,47,11,3,13.072626,0.0,True
slm,14,2,64,4,512,16384,32,47,12,3,13.012654,0.0,True
slm,14,2,64,4,512,16384,32,47,13,3,12.964852,0.0,True
slm,14,2,64,4,512,16384,32,47,14,3,13.009018,0.0,True
slm,14,2,64,4,512,16384,32,47,15,3,13.43045,0.0,True
slm,14,2,64,4,512,16384,32,47,16,3,13.102621,0.0,True
slm,14,2,64,4,512,16384,32,47,17,3,13.398851,0.0,True
slm,14,2,64,4,512,16384,32,47,18,3,13.031953,0.0,True
slm,14,2,64,4,512,16384,32,47,19,3,13.012894,0.0,True
llm,28,4,128,1,128,2048,16,11,0,0,2.587636,0.0,True
llm,28,4,128,1,128,2048,16,11,1,0,2.610911,0.0,True
llm,28,4,128,1,128,2048,16,11,2,0,2.589058,0.0,True
llm,28,4,128,1,128,2048,16,11,3,0,2.573244,0.0,True
llm,28,4,128,1,128,2048,16,11,4,0,2.571782,0.0,True
llm,28,4,128,1,128,2048,16,11,5,0,2.586715,0.0,True
llm,28,4,128,1,128,2048,16,11,6,0,2.58382,0.0,True
llm,28,4,128,1,128,2048,16,11,7,0,2.575949,0.0,True
llm,28,4,128,1,128,2048,16,11,8,0,2.567445,0.0,True
llm,28,4,128,1,128,2048,16,11,9,0,2.565473,0.0,True
llm,28,4,128,1,128,2048,16,11,10,0,2.607546,0.0,True
llm,28,4,128,1,128,2048,16,11,11,0,2.576219,0.0,True
llm,28,4,128,1,128,2048,16,11,12,0,2.580395,0.0,True
llm,28,4,128,1,128,2048,16,11,13,0,2.566814,0.0,True
llm,28,4,128,1,128,2048,16,11,14,0,2.56412,0.0,True
llm,28,4,128,1,128,2048,16,11,15,0,2.571802,0.0,True
llm,28,4,128,1,128,2048,16,11,16,0,2.6033,0.0,True
llm,28,4,128,1,128,2048,16,11,17,0,2.579123,0.0,True
llm,28,4,128,1,128,2048,16,11,18,0,2.563309,0.0,True
llm,28,4,128,1,128,2048,16,11,19,0,2.563709,0.0,True
llm,28,4,128,1,128,2048,32,11,0,1,2.560435,0.0,True
llm,28,4,128,1,128,2048,32,11,1,1,2.57685,0.0,True
llm,28,4,128,1,128,2048,32,11,2,1,2.573805,0.0,True
llm,28,4,128,1,128,2048,32,11,3,1,2.591972,0.0,True
llm,28,4,128,1,128,2048,32,11,4,1,2.624963,0.0,True
llm,28,4,128,1,128,2048,32,11,5,1,2.582308,0.0,True
llm,28,4,128,1,128,2048,32,11,6,1,2.5766,0.0,True
llm,28,4,128,1,128,2048,32,11,7,1,2.571512,0.0,True
llm,28,4,128,1,128,2048,32,11,8,1,2.561757,0.0,True
llm,28,4,128,1,128,2048,32,11,9,1,2.570741,0.0,True
llm,28,4,128,1,128,2048,32,11,10,1,2.567225,0.0,True
llm,28,4,128,1,128,2048,32,11,11,1,2.567916,0.0,True
llm,28,4,128,1,128,2048,32,11,12,1,2.589599,0.0,True
llm,28,4,128,1,128,2048,32,11,13,1,2.56383,0.0,True
llm,28,4,128,1,128,2048,32,11,14,1,2.583169,0.0,True
llm,28,4,128,1,128,2048,32,11,15,1,2.572774,0.0,True
llm,28,4,128,1,128,2048,32,11,16,1,2.58345,0.0,True
llm,28,4,128,1,128,2048,32,11,17,1,2.568507,0.0,True
llm,28,4,128,1,128,2048,32,11,18,1,2.562047,0.0,True
llm,28,4,128,1,128,2048,32,11,19,1,2.566584,0.0,True
llm,28,4,128,1,128,2048,128,11,0,2,2.565973,0.0,True
llm,28,4,128,1,128,2048,128,11,1,2,2.601968,0.0,True
llm,28,4,128,1,128,2048,128,11,2,2,2.561216,0.0,True
llm,28,4,128,1,128,2048,128,11,3,2,2.562578,0.0,True
llm,28,4,128,1,128,2048,128,11,4,2,2.567716,0.0,True
llm,28,4,128,1,128,2048,128,11,5,2,2.568717,0.0,True
llm,28,4,128,1,128,2048,128,11,6,2,2.568938,0.0,True
llm,28,4,128,1,128,2048,128,11,7,2,2.599515,0.0,True
llm,28,4,128,1,128,2048,128,11,8,2,2.566243,0.0,True
llm,28,4,128,1,128,2048,128,11,9,2,2.600185,0.0,True
llm,28,4,128,1,128,2048,128,11,10,2,2.574336,0.0,True
llm,28,4,128,1,128,2048,128,11,11,2,2.585963,0.0,True
llm,28,4,128,1,128,2048,128,11,12,2,2.560104,0.0,True
llm,28,4,128,1,128,2048,128,11,13,2,2.597491,0.0,True
llm,28,4,128,1,128,2048,128,11,14,2,2.568307,0.0,True
llm,28,4,128,1,128,2048,128,11,15,2,2.596449,0.0,True
llm,28,4,128,1,128,2048,128,11,16,2,2.569289,0.0,True
llm,28,4,128,1,128,2048,128,11,17,2,2.566544,0.0,True
llm,28,4,128,1,128,2048,128,11,18,2,2.564431,0.0,True
llm,28,4,128,1,128,2048,128,11,19,2,2.599945,0.0,True
llm,28,4,128,1,128,2048,64,11,0,3,2.558451,0.0,True
llm,28,4,128,1,128,2048,64,11,1,3,2.566945,0.0,True
llm,28,4,128,1,128,2048,64,11,2,3,2.570731,0.0,True
llm,28,4,128,1,128,2048,64,11,3,3,2.588077,0.0,True
llm,28,4,128,1,128,2048,64,11,4,3,2.57026,0.0,True
llm,28,4,128,1,128,2048,64,11,5,3,2.569749,0.0,True
llm,28,4,128,1,128,2048,64,11,6,3,2.561637,0.0,True
llm,28,4,128,1,128,2048,64,11,7,3,2.566073,0.0,True
llm,28,4,128,1,128,2048,64,11,8,3,2.570289,0.0,True
llm,28,4,128,1,128,2048,64,11,9,3,2.590731,0.0,True
llm,28,4,128,1,128,2048,64,11,10,3,2.573945,0.0,True
llm,28,4,128,1,128,2048,64,11,11,3,2.570249,0.0,True
llm,28,4,128,1,128,2048,64,11,12,3,2.577841,0.0,True
llm,28,4,128,1,128,2048,64,11,13,3,2.573144,0.0,True
llm,28,4,128,1,128,2048,64,11,14,3,2.572413,0.0,True
llm,28,4,128,1,128,2048,64,11,15,3,2.602238,0.0,True
llm,28,4,128,1,128,2048,64,11,16,3,2.560645,0.0,True
llm,28,4,128,1,128,2048,64,11,17,3,2.593905,0.0,True
llm,28,4,128,1,128,2048,64,11,18,3,2.568988,0.0,True
llm,28,4,128,1,128,2048,64,11,19,3,2.572984,0.0,True
llm,28,4,128,1,128,2048,128,29,0,0,2.574426,0.0,True
llm,28,4,128,1,128,2048,128,29,1,0,2.594677,0.0,True
llm,28,4,128,1,128,2048,128,29,2,0,2.567956,0.0,True
llm,28,4,128,1,128,2048,128,29,3,0,2.594437,0.0,True
llm,28,4,128,1,128,2048,128,29,4,0,2.584621,0.0,True
llm,28,4,128,1,128,2048,128,29,5,0,2.579464,0.0,True
llm,28,4,128,1,128,2048,128,29,6,0,2.576158,0.0,True
llm,28,4,128,1,128,2048,128,29,7,0,2.567585,0.0,True
llm,28,4,128,1,128,2048,128,29,8,0,2.578102,0.0,True
llm,28,4,128,1,128,2048,128,29,9,0,2.581197,0.0,True
llm,28,4,128,1,128,2048,128,29,10,0,2.572743,0.0,True
llm,28,4,128,1,128,2048,128,29,11,0,2.568637,0.0,True
llm,28,4,128,1,128,2048,128,29,12,0,2.572843,0.0,True
llm,28,4,128,1,128,2048,128,29,13,0,2.582739,0.0,True
llm,28,4,128,1,128,2048,128,29,14,0,2.584141,0.0,True
llm,28,4,128,1,128,2048,128,29,15,0,2.575838,0.0,True
llm,28,4,128,1,128,2048,128,29,16,0,2.559873,0.0,True
llm,28,4,128,1,128,2048,128,29,17,0,2.564942,0.0,True
llm,28,4,128,1,128,2048,128,29,18,0,2.588747,0.0,True
llm,28,4,128,1,128,2048,128,29,19,0,2.588327,0.0,True
llm,28,4,128,1,128,2048,16,29,0,1,2.555067,0.0,True
llm,28,4,128,1,128,2048,16,29,1,1,2.562597,0.0,True
llm,28,4,128,1,128,2048,16,29,2,1,2.565382,0.0,True
llm,28,4,128,1,128,2048,16,29,3,1,2.572594,0.0,True
llm,28,4,128,1,128,2048,16,29,4,1,2.593384,0.0,True
llm,28,4,128,1,128,2048,16,29,5,1,2.597421,0.0,True
llm,28,4,128,1,128,2048,16,29,6,1,2.562779,0.0,True
llm,28,4,128,1,128,2048,16,29,7,1,2.561106,0.0,True
llm,28,4,128,1,128,2048,16,29,8,1,2.600365,0.0,True
llm,28,4,128,1,128,2048,16,29,9,1,2.597221,0.0,True
llm,28,4,128,1,128,2048,16,29,10,1,2.577982,0.0,True
llm,28,4,128,1,128,2048,16,29,11,1,2.572854,0.0,True
llm,28,4,128,1,128,2048,16,29,12,1,2.590831,0.0,True
llm,28,4,128,1,128,2048,16,29,13,1,2.567625,0.0,True
llm,28,4,128,1,128,2048,16,29,14,1,2.588447,0.0,True
llm,28,4,128,1,128,2048,16,29,15,1,2.587355,0.0,True
llm,28,4,128,1,128,2048,16,29,16,1,2.573975,0.0,True
llm,28,4,128,1,128,2048,16,29,17,1,2.569558,0.0,True
llm,28,4,128,1,128,2048,16,29,18,1,2.571751,0.0,True
llm,28,4,128,1,128,2048,16,29,19,1,2.581727,0.0,True
llm,28,4,128,1,128,2048,32,29,0,2,2.62326,0.0,True
llm,28,4,128,1,128,2048,32,29,1,2,2.594056,0.0,True
llm,28,4,128,1,128,2048,32,29,2,2,2.565172,0.0,True
llm,28,4,128,1,128,2048,32,29,3,2,2.5833,0.0,True
llm,28,4,128,1,128,2048,32,29,4,2,2.568016,0.0,True
llm,28,4,128,1,128,2048,32,29,5,2,2.602359,0.0,True
llm,28,4,128,1,128,2048,32,29,6,2,2.581828,0.0,True
llm,28,4,128,1,128,2048,32,29,7,2,2.586935,0.0,True
llm,28,4,128,1,128,2048,32,29,8,2,2.576559,0.0,True
llm,28,4,128,1,128,2048,32,29,9,2,2.620937,0.0,True
llm,28,4,128,1,128,2048,32,29,10,2,2.570481,0.0,True
llm,28,4,128,1,128,2048,32,29,11,2,2.561657,0.0,True
llm,28,4,128,1,128,2048,32,29,12,2,2.566314,0.0,True
llm,28,4,128,1,128,2048,32,29,13,2,2.593556,0.0,True
llm,28,4,128,1,128,2048,32,29,14,2,2.603169,0.0,True
llm,28,4,128,1,128,2048,32,29,15,2,2.580054,0.0,True
llm,28,4,128,1,128,2048,32,29,16,2,2.567496,0.0,True
llm,28,4,128,1,128,2048,32,29,17,2,2.602007,0.0,True
llm,28,4,128,1,128,2048,32,29,18,2,2.621978,0.0,True
llm,28,4,128,1,128,2048,32,29,19,2,2.617782,0.0,True
llm,28,4,128,1,128,2048,64,29,0,3,2.634948,0.0,True
llm,28,4,128,1,128,2048,64,29,1,3,2.644101,0.0,True
llm,28,4,128,1,128,2048,64,29,2,3,2.64989,0.0,True
llm,28,4,128,1,128,2048,64,29,3,3,2.572573,0.0,True
llm,28,4,128,1,128,2048,64,29,4,3,2.578843,0.0,True
llm,28,4,128,1,128,2048,64,29,5,3,2.571642,0.0,True
llm,28,4,128,1,128,2048,64,29,6,3,2.610131,0.0,True
llm,28,4,128,1,128,2048,64,29,7,3,2.606305,0.0,True
llm,28,4,128,1,128,2048,64,29,8,3,2.602528,0.0,True
llm,28,4,128,1,128,2048,64,29,9,3,2.617712,0.0,True
llm,28,4,128,1,128,2048,64,29,10,3,2.627296,0.0,True
llm,28,4,128,1,128,2048,64,29,11,3,2.636991,0.0,True
llm,28,4,128,1,128,2048,64,29,12,3,2.638564,0.0,True
llm,28,4,128,1,128,2048,64,29,13,3,2.645114,0.0,True
llm,28,4,128,1,128,2048,64,29,14,3,2.653616,0.0,True
llm,28,4,128,1,128,2048,64,29,15,3,2.651253,0.0,True
llm,28,4,128,1,128,2048,64,29,16,3,2.639625,0.0,True
llm,28,4,128,1,128,2048,64,29,17,3,2.652735,0.0,True
llm,28,4,128,1,128,2048,64,29,18,3,2.651944,0.0,True
llm,28,4,128,1,128,2048,64,29,19,3,2.653517,0.0,True
llm,28,4,128,1,128,2048,128,47,0,0,2.566614,0.0,True
llm,28,4,128,1,128,2048,128,47,1,0,2.589819,0.0,True
llm,28,4,128,1,128,2048,128,47,2,0,2.57725,0.0,True
llm,28,4,128,1,128,2048,128,47,3,0,2.562899,0.0,True
llm,28,4,128,1,128,2048,128,47,4,0,2.578993,0.0,True
llm,28,4,128,1,128,2048,128,47,5,0,2.573314,0.0,True
llm,28,4,128,1,128,2048,128,47,6,0,2.576048,0.0,True
llm,28,4,128,1,128,2048,128,47,7,0,2.567135,0.0,True
llm,28,4,128,1,128,2048,128,47,8,0,2.574997,0.0,True
llm,28,4,128,1,128,2048,128,47,9,0,2.577411,0.0,True
llm,28,4,128,1,128,2048,128,47,10,0,2.576719,0.0,True
llm,28,4,128,1,128,2048,128,47,11,0,2.593074,0.0,True
llm,28,4,128,1,128,2048,128,47,12,0,2.584983,0.0,True
llm,28,4,128,1,128,2048,128,47,13,0,2.565843,0.0,True
llm,28,4,128,1,128,2048,128,47,14,0,2.588707,0.0,True
llm,28,4,128,1,128,2048,128,47,15,0,2.605794,0.0,True
llm,28,4,128,1,128,2048,128,47,16,0,2.584471,0.0,True
llm,28,4,128,1,128,2048,128,47,17,0,2.57707,0.0,True
llm,28,4,128,1,128,2048,128,47,18,0,2.597541,0.0,True
llm,28,4,128,1,128,2048,128,47,19,0,2.600126,0.0,True
llm,28,4,128,1,128,2048,32,47,0,1,2.591262,0.0,True
llm,28,4,128,1,128,2048,32,47,1,1,2.617451,0.0,True
llm,28,4,128,1,128,2048,32,47,2,1,2.561717,0.0,True
llm,28,4,128,1,128,2048,32,47,3,1,2.598152,0.0,True
llm,28,4,128,1,128,2048,32,47,4,1,2.607847,0.0,True
llm,28,4,128,1,128,2048,32,47,5,1,2.615508,0.0,True
llm,28,4,128,1,128,2048,32,47,6,1,2.606294,0.0,True
llm,28,4,128,1,128,2048,32,47,7,1,2.571863,0.0,True
llm,28,4,128,1,128,2048,32,47,8,1,2.594507,0.0,True
llm,28,4,128,1,128,2048,32,47,9,1,2.617592,0.0,True
llm,28,4,128,1,128,2048,32,47,10,1,2.626596,0.0,True
llm,28,4,128,1,128,2048,32,47,11,1,2.625314,0.0,True
llm,28,4,128,1,128,2048,32,47,12,1,2.664543,0.0,True
llm,28,4,128,1,128,2048,32,47,13,1,2.57699,0.0,True
llm,28,4,128,1,128,2048,32,47,14,1,2.621538,0.0,True
llm,28,4,128,1,128,2048,32,47,15,1,2.619404,0.0,True
llm,28,4,128,1,128,2048,32,47,16,1,2.629059,0.0,True
llm,28,4,128,1,128,2048,32,47,17,1,2.621477,0.0,True
llm,28,4,128,1,128,2048,32,47,18,1,2.633146,0.0,True
llm,28,4,128,1,128,2048,32,47,19,1,2.638313,0.0,True
llm,28,4,128,1,128,2048,16,47,0,2,2.6034,0.0,True
llm,28,4,128,1,128,2048,16,47,1,2,2.624102,0.0,True
llm,28,4,128,1,128,2048,16,47,2,2,2.630231,0.0,True
llm,28,4,128,1,128,2048,16,47,3,2,2.641949,0.0,True
llm,28,4,128,1,128,2048,16,47,4,2,2.635699,0.0,True
llm,28,4,128,1,128,2048,16,47,5,2,2.647697,0.0,True
llm,28,4,128,1,128,2048,16,47,6,2,2.634818,0.0,True
llm,28,4,128,1,128,2048,16,47,7,2,2.643541,0.0,True
llm,28,4,128,1,128,2048,16,47,8,2,2.619113,0.0,True
llm,28,4,128,1,128,2048,16,47,9,2,2.593716,0.0,True
llm,28,4,128,1,128,2048,16,47,10,2,2.614678,0.0,True
llm,28,4,128,1,128,2048,16,47,11,2,2.628528,0.0,True
llm,28,4,128,1,128,2048,16,47,12,2,2.62927,0.0,True
llm,28,4,128,1,128,2048,16,47,13,2,2.632725,0.0,True
llm,28,4,128,1,128,2048,16,47,14,2,2.63616,0.0,True
llm,28,4,128,1,128,2048,16,47,15,2,2.634808,0.0,True
llm,28,4,128,1,128,2048,16,47,16,2,2.640897,0.0,True
llm,28,4,128,1,128,2048,16,47,17,2,2.640747,0.0,True
llm,28,4,128,1,128,2048,16,47,18,2,2.644643,0.0,True
llm,28,4,128,1,128,2048,16,47,19,2,2.651403,0.0,True
llm,28,4,128,1,128,2048,64,47,0,3,2.640106,0.0,True
llm,28,4,128,1,128,2048,64,47,1,3,2.628468,0.0,True
llm,28,4,128,1,128,2048,64,47,2,3,2.615749,0.0,True
llm,28,4,128,1,128,2048,64,47,3,3,2.618162,0.0,True
llm,28,4,128,1,128,2048,64,47,4,3,2.635379,0.0,True
llm,28,4,128,1,128,2048,64,47,5,3,2.632384,0.0,True
llm,28,4,128,1,128,2048,64,47,6,3,2.635519,0.0,True
llm,28,4,128,1,128,2048,64,47,7,3,2.640537,0.0,True
llm,28,4,128,1,128,2048,64,47,8,3,2.642569,0.0,True
llm,28,4,128,1,128,2048,64,47,9,3,2.64321,0.0,True
llm,28,4,128,1,128,2048,64,47,10,3,2.644813,0.0,True
llm,28,4,128,1,128,2048,64,47,11,3,2.64306,0.0,True
llm,28,4,128,1,128,2048,64,47,12,3,2.644723,0.0,True
llm,28,4,128,1,128,2048,64,47,13,3,2.650462,0.0,True
llm,28,4,128,1,128,2048,64,47,14,3,2.650542,0.0,True
llm,28,4,128,1,128,2048,64,47,15,3,2.6491,0.0,True
llm,28,4,128,1,128,2048,64,47,16,3,2.642529,0.0,True
llm,28,4,128,1,128,2048,64,47,17,3,2.658694,0.0,True
llm,28,4,128,1,128,2048,64,47,18,3,2.644633,0.0,True
llm,28,4,128,1,128,2048,64,47,19,3,2.670803,0.0,True
llm,28,4,128,1,128,8192,32,11,0,0,9.969845,0.0,True
llm,28,4,128,1,128,8192,32,11,1,0,10.05254,0.0,True
llm,28,4,128,1,128,8192,32,11,2,0,10.010497,0.0,True
llm,28,4,128,1,128,8192,32,11,3,0,10.03269,0.0,True
llm,28,4,128,1,128,8192,32,11,4,0,10.078981,0.0,True
llm,28,4,128,1,128,8192,32,11,5,0,10.076297,0.0,True
llm,28,4,128,1,128,8192,32,11,6,0,10.052972,0.0,True
llm,28,4,128,1,128,8192,32,11,7,0,10.055526,0.0,True
llm,28,4,128,1,128,8192,32,11,8,0,10.059091,0.0,True
llm,28,4,128,1,128,8192,32,11,9,0,10.030427,0.0,True
llm,28,4,128,1,128,8192,32,11,10,0,10.075255,0.0,True
llm,28,4,128,1,128,8192,32,11,11,0,10.006911,0.0,True
llm,28,4,128,1,128,8192,32,11,12,0,10.048145,0.0,True
llm,28,4,128,1,128,8192,32,11,13,0,10.016876,0.0,True
llm,28,4,128,1,128,8192,32,11,14,0,10.044819,0.0,True
llm,28,4,128,1,128,8192,32,11,15,0,10.026532,0.0,True
llm,28,4,128,1,128,8192,32,11,16,0,10.034152,0.0,True
llm,28,4,128,1,128,8192,32,11,17,0,10.033432,0.0,True
llm,28,4,128,1,128,8192,32,11,18,0,10.040523,0.0,True
llm,28,4,128,1,128,8192,32,11,19,0,10.032251,0.0,True
llm,28,4,128,1,128,8192,128,11,0,1,10.025299,0.0,True
llm,28,4,128,1,128,8192,128,11,1,1,10.088556,0.0,True
llm,28,4,128,1,128,8192,128,11,2,1,10.057208,0.0,True
llm,28,4,128,1,128,8192,128,11,3,1,10.073773,0.0,True
llm,28,4,128,1,128,8192,128,11,4,1,10.069407,0.0,True
llm,28,4,128,1,128,8192,128,11,5,1,10.043006,0.0,True
llm,28,4,128,1,128,8192,128,11,6,1,10.040843,0.0,True
llm,28,4,128,1,128,8192,128,11,7,1,10.042205,0.0,True
llm,28,4,128,1,128,8192,128,11,8,1,10.092422,0.0,True
llm,28,4,128,1,128,8192,128,11,9,1,10.068775,0.0,True
llm,28,4,128,1,128,8192,128,11,10,1,10.03866,0.0,True
llm,28,4,128,1,128,8192,128,11,11,1,10.09118,0.0,True
llm,28,4,128,1,128,8192,128,11,12,1,10.075996,0.0,True
llm,28,4,128,1,128,8192,128,11,13,1,10.048905,0.0,True
llm,28,4,128,1,128,8192,128,11,14,1,10.086503,0.0,True
llm,28,4,128,1,128,8192,128,11,15,1,10.0518,0.0,True
llm,28,4,128,1,128,8192,128,11,16,1,10.048625,0.0,True
llm,28,4,128,1,128,8192,128,11,17,1,10.064189,0.0,True
llm,28,4,128,1,128,8192,128,11,18,1,10.099743,0.0,True
llm,28,4,128,1,128,8192,128,11,19,1,10.09139,0.0,True
llm,28,4,128,1,128,8192,64,11,0,2,10.039632,0.0,True
llm,28,4,128,1,128,8192,64,11,1,2,10.061865,0.0,True
llm,28,4,128,1,128,8192,64,11,2,2,10.029916,0.0,True
llm,28,4,128,1,128,8192,64,11,3,2,10.056157,0.0,True
llm,28,4,128,1,128,8192,64,11,4,2,10.084109,0.0,True
llm,28,4,128,1,128,8192,64,11,5,2,10.062786,0.0,True
llm,28,4,128,1,128,8192,64,11,6,2,10.052141,0.0,True
llm,28,4,128,1,128,8192,64,11,7,2,10.070217,0.0,True
llm,28,4,128,1,128,8192,64,11,8,2,10.055866,0.0,True
llm,28,4,128,1,128,8192,64,11,9,2,10.070979,0.0,True
llm,28,4,128,1,128,8192,64,11,10,2,10.057458,0.0,True
llm,28,4,128,1,128,8192,64,11,11,2,10.065351,0.0,True
llm,28,4,128,1,128,8192,64,11,12,2,10.060644,0.0,True
llm,28,4,128,1,128,8192,64,11,13,2,10.076217,0.0,True
llm,28,4,128,1,128,8192,64,11,14,2,10.095596,0.0,True
llm,28,4,128,1,128,8192,64,11,15,2,10.100494,0.0,True
llm,28,4,128,1,128,8192,64,11,16,2,10.090579,0.0,True
llm,28,4,128,1,128,8192,64,11,17,2,10.101476,0.0,True
llm,28,4,128,1,128,8192,64,11,18,2,10.086673,0.0,True
llm,28,4,128,1,128,8192,64,11,19,2,10.088005,0.0,True
llm,28,4,128,1,128,8192,16,11,0,3,10.040693,0.0,True
llm,28,4,128,1,128,8192,16,11,1,3,10.060543,0.0,True
llm,28,4,128,1,128,8192,16,11,2,3,10.050458,0.0,True
llm,28,4,128,1,128,8192,16,11,3,3,10.080794,0.0,True
llm,28,4,128,1,128,8192,16,11,4,3,10.066072,0.0,True
llm,28,4,128,1,128,8192,16,11,5,3,10.066823,0.0,True
llm,28,4,128,1,128,8192,16,11,6,3,10.047464,0.0,True
llm,28,4,128,1,128,8192,16,11,7,3,10.054254,0.0,True
llm,28,4,128,1,128,8192,16,11,8,3,10.073993,0.0,True
llm,28,4,128,1,128,8192,16,11,9,3,10.099583,0.0,True
llm,28,4,128,1,128,8192,16,11,10,3,10.105872,0.0,True
llm,28,4,128,1,128,8192,16,11,11,3,10.109007,0.0,True
llm,28,4,128,1,128,8192,16,11,12,3,10.070769,0.0,True
llm,28,4,128,1,128,8192,16,11,13,3,10.049677,0.0,True
llm,28,4,128,1,128,8192,16,11,14,3,10.096728,0.0,True
llm,28,4,128,1,128,8192,16,11,15,3,10.080564,0.0,True
llm,28,4,128,1,128,8192,16,11,16,3,10.063918,0.0,True
llm,28,4,128,1,128,8192,16,11,17,3,10.257612,0.0,True
llm,28,4,128,1,128,8192,16,11,18,3,10.103028,0.0,True
llm,28,4,128,1,128,8192,16,11,19,3,10.078991,0.0,True
llm,28,4,128,1,128,8192,16,29,0,0,9.965429,0.0,True
llm,28,4,128,1,128,8192,16,29,1,0,10.009305,0.0,True
llm,28,4,128,1,128,8192,16,29,2,0,10.038069,0.0,True
llm,28,4,128,1,128,8192,16,29,3,0,10.033112,0.0,True
llm,28,4,128,1,128,8192,16,29,4,0,10.009485,0.0,True
llm,28,4,128,1,128,8192,16,29,5,0,10.033031,0.0,True
llm,28,4,128,1,128,8192,16,29,6,0,10.015434,0.0,True
llm,28,4,128,1,128,8192,16,29,7,0,10.031909,0.0,True
llm,28,4,128,1,128,8192,16,29,8,0,10.001012,0.0,True
llm,28,4,128,1,128,8192,16,29,9,0,10.015966,0.0,True
llm,28,4,128,1,128,8192,16,29,10,0,10.010827,0.0,True
llm,28,4,128,1,128,8192,16,29,11,0,10.016806,0.0,True
llm,28,4,128,1,128,8192,16,29,12,0,10.023196,0.0,True
llm,28,4,128,1,128,8192,16,29,13,0,10.023267,0.0,True
llm,28,4,128,1,128,8192,16,29,14,0,10.010667,0.0,True
llm,28,4,128,1,128,8192,16,29,15,0,10.008193,0.0,True
llm,28,4,128,1,128,8192,16,29,16,0,9.997527,0.0,True
llm,28,4,128,1,128,8192,16,29,17,0,9.991077,0.0,True
llm,28,4,128,1,128,8192,16,29,18,0,9.99949,0.0,True
llm,28,4,128,1,128,8192,16,29,19,0,10.019721,0.0,True
llm,28,4,128,1,128,8192,32,29,0,1,9.958137,0.0,True
llm,28,4,128,1,128,8192,32,29,1,1,10.002244,0.0,True
llm,28,4,128,1,128,8192,32,29,2,1,9.992049,0.0,True
llm,28,4,128,1,128,8192,32,29,3,1,9.991487,0.0,True
llm,28,4,128,1,128,8192,32,29,4,1,10.023236,0.0,True
llm,28,4,128,1,128,8192,32,29,5,1,10.010968,0.0,True
llm,28,4,128,1,128,8192,32,29,6,1,9.992479,0.0,True
llm,28,4,128,1,128,8192,32,29,7,1,10.016236,0.0,True
llm,28,4,128,1,128,8192,32,29,8,1,9.996285,0.0,True
llm,28,4,128,1,128,8192,32,29,9,1,9.984057,0.0,True
llm,28,4,128,1,128,8192,32,29,10,1,9.99269,0.0,True
llm,28,4,128,1,128,8192,32,29,11,1,10.009255,0.0,True
llm,28,4,128,1,128,8192,32,29,12,1,9.997537,0.0,True
llm,28,4,128,1,128,8192,32,29,13,1,9.989915,0.0,True
llm,28,4,128,1,128,8192,32,29,14,1,9.994442,0.0,True
llm,28,4,128,1,128,8192,32,29,15,1,10.002525,0.0,True
llm,28,4,128,1,128,8192,32,29,16,1,9.989485,0.0,True
llm,28,4,128,1,128,8192,32,29,17,1,9.998398,0.0,True
llm,28,4,128,1,128,8192,32,29,18,1,10.009224,0.0,True
llm,28,4,128,1,128,8192,32,29,19,1,9.999591,0.0,True
llm,28,4,128,1,128,8192,64,29,0,2,9.978338,0.0,True
llm,28,4,128,1,128,8192,64,29,1,2,10.003205,0.0,True
llm,28,4,128,1,128,8192,64,29,2,2,10.016736,0.0,True
llm,28,4,128,1,128,8192,64,29,3,2,10.021854,0.0,True
llm,28,4,128,1,128,8192,64,29,4,2,9.988383,0.0,True
llm,28,4,128,1,128,8192,64,29,5,2,10.015384,0.0,True
llm,28,4,128,1,128,8192,64,29,6,2,10.021754,0.0,True
llm,28,4,128,1,128,8192,64,29,7,2,10.000191,0.0,True
llm,28,4,128,1,128,8192,64,29,8,2,9.99916,0.0,True
llm,28,4,128,1,128,8192,64,29,9,2,10.037448,0.0,True
llm,28,4,128,1,128,8192,64,29,10,2,10.011278,0.0,True
llm,28,4,128,1,128,8192,64,29,11,2,9.991097,0.0,True
llm,28,4,128,1,128,8192,64,29,12,2,10.014062,0.0,True
llm,28,4,128,1,128,8192,64,29,13,2,10.010036,0.0,True
llm,28,4,128,1,128,8192,64,29,14,2,9.998398,0.0,True
llm,28,4,128,1,128,8192,64,29,15,2,10.038229,0.0,True
llm,28,4,128,1,128,8192,64,29,16,2,10.023968,0.0,True
llm,28,4,128,1,128,8192,64,29,17,2,10.003827,0.0,True
llm,28,4,128,1,128,8192,64,29,18,2,10.002755,0.0,True
llm,28,4,128,1,128,8192,64,29,19,2,10.011719,0.0,True
llm,28,4,128,1,128,8192,128,29,0,3,9.980482,0.0,True
llm,28,4,128,1,128,8192,128,29,1,3,10.035505,0.0,True
llm,28,4,128,1,128,8192,128,29,2,3,9.984186,0.0,True
llm,28,4,128,1,128,8192,128,29,3,3,10.009906,0.0,True
llm,28,4,128,1,128,8192,128,29,4,3,10.01904,0.0,True
llm,28,4,128,1,128,8192,128,29,5,3,9.997617,0.0,True
llm,28,4,128,1,128,8192,128,29,6,3,10.004448,0.0,True
llm,28,4,128,1,128,8192,128,29,7,3,10.0379,0.0,True
llm,28,4,128,1,128,8192,128,29,8,3,10.000512,0.0,True
llm,28,4,128,1,128,8192,128,29,9,3,10.01316,0.0,True
llm,28,4,128,1,128,8192,128,29,10,3,10.035555,0.0,True
llm,28,4,128,1,128,8192,128,29,11,3,10.027943,0.0,True
llm,28,4,128,1,128,8192,128,29,12,3,10.001543,0.0,True
llm,28,4,128,1,128,8192,128,29,13,3,10.016226,0.0,True
llm,28,4,128,1,128,8192,128,29,14,3,10.017347,0.0,True
llm,28,4,128,1,128,8192,128,29,15,3,10.021534,0.0,True
llm,28,4,128,1,128,8192,128,29,16,3,10.00631,0.0,True
llm,28,4,128,1,128,8192,128,29,17,3,10.000271,0.0,True
llm,28,4,128,1,128,8192,128,29,18,3,10.000703,0.0,True
llm,28,4,128,1,128,8192,128,29,19,3,10.009836,0.0,True
llm,28,4,128,1,128,8192,16,47,0,0,9.964556,0.0,True
llm,28,4,128,1,128,8192,16,47,1,0,10.048795,0.0,True
llm,28,4,128,1,128,8192,16,47,2,0,10.041544,0.0,True
llm,28,4,128,1,128,8192,16,47,3,0,10.054834,0.0,True
llm,28,4,128,1,128,8192,16,47,4,0,10.028814,0.0,True
llm,28,4,128,1,128,8192,16,47,5,0,10.026581,0.0,True
llm,28,4,128,1,128,8192,16,47,6,0,10.050738,0.0,True
llm,28,4,128,1,128,8192,16,47,7,0,10.004718,0.0,True
llm,28,4,128,1,128,8192,16,47,8,0,10.022745,0.0,True
llm,28,4,128,1,128,8192,16,47,9,0,9.999699,0.0,True
llm,28,4,128,1,128,8192,16,47,10,0,10.008333,0.0,True
llm,28,4,128,1,128,8192,16,47,11,0,10.054704,0.0,True
llm,28,4,128,1,128,8192,16,47,12,0,10.014693,0.0,True
llm,28,4,128,1,128,8192,16,47,13,0,10.016025,0.0,True
llm,28,4,128,1,128,8192,16,47,14,0,9.997757,0.0,True
llm,28,4,128,1,128,8192,16,47,15,0,10.040903,0.0,True
llm,28,4,128,1,128,8192,16,47,16,0,10.016737,0.0,True
llm,28,4,128,1,128,8192,16,47,17,0,10.008283,0.0,True
llm,28,4,128,1,128,8192,16,47,18,0,10.017788,0.0,True
llm,28,4,128,1,128,8192,16,47,19,0,10.036917,0.0,True
llm,28,4,128,1,128,8192,32,47,0,1,9.952238,0.0,True
llm,28,4,128,1,128,8192,32,47,1,1,10.017818,0.0,True
llm,28,4,128,1,128,8192,32,47,2,1,10.010697,0.0,True
llm,28,4,128,1,128,8192,32,47,3,1,10.016355,0.0,True
llm,28,4,128,1,128,8192,32,47,4,1,10.030837,0.0,True
llm,28,4,128,1,128,8192,32,47,5,1,10.015183,0.0,True
llm,28,4,128,1,128,8192,32,47,6,1,9.995454,0.0,True
llm,28,4,128,1,128,8192,32,47,7,1,10.043887,0.0,True
llm,28,4,128,1,128,8192,32,47,8,1,10.015414,0.0,True
llm,28,4,128,1,128,8192,32,47,9,1,9.996075,0.0,True
llm,28,4,128,1,128,8192,32,47,10,1,10.006631,0.0,True
llm,28,4,128,1,128,8192,32,47,11,1,10.021373,0.0,True
llm,28,4,128,1,128,8192,32,47,12,1,10.030758,0.0,True
llm,28,4,128,1,128,8192,32,47,13,1,10.038209,0.0,True
llm,28,4,128,1,128,8192,32,47,14,1,10.005609,0.0,True
llm,28,4,128,1,128,8192,32,47,15,1,10.031208,0.0,True
llm,28,4,128,1,128,8192,32,47,16,1,10.034343,0.0,True
llm,28,4,128,1,128,8192,32,47,17,1,10.013662,0.0,True
llm,28,4,128,1,128,8192,32,47,18,1,10.017877,0.0,True
llm,28,4,128,1,128,8192,32,47,19,1,10.028915,0.0,True
llm,28,4,128,1,128,8192,128,47,0,2,9.979589,0.0,True
llm,28,4,128,1,128,8192,128,47,1,2,9.998078,0.0,True
llm,28,4,128,1,128,8192,128,47,2,2,10.01281,0.0,True
llm,28,4,128,1,128,8192,128,47,3,2,10.033402,0.0,True
llm,28,4,128,1,128,8192,128,47,4,2,10.013081,0.0,True
llm,28,4,128,1,128,8192,128,47,5,2,10.013631,0.0,True
llm,28,4,128,1,128,8192,128,47,6,2,10.016837,0.0,True
llm,28,4,128,1,128,8192,128,47,7,2,10.044729,0.0,True
llm,28,4,128,1,128,8192,128,47,8,2,10.023777,0.0,True
llm,28,4,128,1,128,8192,128,47,9,2,10.007151,0.0,True
llm,28,4,128,1,128,8192,128,47,10,2,10.05872,0.0,True
llm,28,4,128,1,128,8192,128,47,11,2,10.03261,0.0,True
llm,28,4,128,1,128,8192,128,47,12,2,10.041444,0.0,True
llm,28,4,128,1,128,8192,128,47,13,2,10.015204,0.0,True
llm,28,4,128,1,128,8192,128,47,14,2,10.058209,0.0,True
llm,28,4,128,1,128,8192,128,47,15,2,10.016666,0.0,True
llm,28,4,128,1,128,8192,128,47,16,2,10.009015,0.0,True
llm,28,4,128,1,128,8192,128,47,17,2,10.021643,0.0,True
llm,28,4,128,1,128,8192,128,47,18,2,10.031498,0.0,True
llm,28,4,128,1,128,8192,128,47,19,2,10.013782,0.0,True
llm,28,4,128,1,128,8192,64,47,0,3,9.974682,0.0,True
llm,28,4,128,1,128,8192,64,47,1,3,10.174987,0.0,True
llm,28,4,128,1,128,8192,64,47,2,3,10.026812,0.0,True
llm,28,4,128,1,128,8192,64,47,3,3,10.013481,0.0,True
llm,28,4,128,1,128,8192,64,47,4,3,10.003465,0.0,True
llm,28,4,128,1,128,8192,64,47,5,3,10.018088,0.0,True
llm,28,4,128,1,128,8192,64,47,6,3,10.004979,0.0,True
llm,28,4,128,1,128,8192,64,47,7,3,10.004257,0.0,True
llm,28,4,128,1,128,8192,64,47,8,3,10.02567,0.0,True
llm,28,4,128,1,128,8192,64,47,9,3,10.011388,0.0,True
llm,28,4,128,1,128,8192,64,47,10,3,10.002876,0.0,True
llm,28,4,128,1,128,8192,64,47,11,3,10.004557,0.0,True
llm,28,4,128,1,128,8192,64,47,12,3,10.040703,0.0,True
llm,28,4,128,1,128,8192,64,47,13,3,10.010637,0.0,True
llm,28,4,128,1,128,8192,64,47,14,3,10.015274,0.0,True
llm,28,4,128,1,128,8192,64,47,15,3,10.015875,0.0,True
llm,28,4,128,1,128,8192,64,47,16,3,10.046311,0.0,True
llm,28,4,128,1,128,8192,64,47,17,3,10.031509,0.0,True
llm,28,4,128,1,128,8192,64,47,18,3,10.00603,0.0,True
llm,28,4,128,1,128,8192,64,47,19,3,10.026731,0.0,True
llm,28,4,128,1,128,16384,16,11,0,0,20.049477,0.0,True
llm,28,4,128,1,128,16384,16,11,1,0,20.160876,0.0,True
llm,28,4,128,1,128,16384,16,11,2,0,20.158161,0.0,True
llm,28,4,128,1,128,16384,16,11,3,0,20.159844,0.0,True
llm,28,4,128,1,128,16384,16,11,4,0,20.149668,0.0,True
llm,28,4,128,1,128,16384,16,11,5,0,20.145643,0.0,True
llm,28,4,128,1,128,16384,16,11,6,0,20.147837,0.0,True
llm,28,4,128,1,128,16384,16,11,7,0,20.160445,0.0,True
llm,28,4,128,1,128,16384,16,11,8,0,20.138141,0.0,True
llm,28,4,128,1,128,16384,16,11,9,0,20.15003,0.0,True
llm,28,4,128,1,128,16384,16,11,10,0,20.142748,0.0,True
llm,28,4,128,1,128,16384,16,11,11,0,20.165253,0.0,True
llm,28,4,128,1,128,16384,16,11,12,0,20.142187,0.0,True
llm,28,4,128,1,128,16384,16,11,13,0,20.148457,0.0,True
llm,28,4,128,1,128,16384,16,11,14,0,20.140725,0.0,True
llm,28,4,128,1,128,16384,16,11,15,0,20.145122,0.0,True
llm,28,4,128,1,128,16384,16,11,16,0,20.152253,0.0,True
llm,28,4,128,1,128,16384,16,11,17,0,20.152112,0.0,True
llm,28,4,128,1,128,16384,16,11,18,0,20.159283,0.0,True
llm,28,4,128,1,128,16384,16,11,19,0,20.142989,0.0,True
llm,28,4,128,1,128,16384,64,11,0,1,20.024278,0.0,True
llm,28,4,128,1,128,16384,64,11,1,1,20.175328,0.0,True
llm,28,4,128,1,128,16384,64,11,2,1,20.186044,0.0,True
llm,28,4,128,1,128,16384,64,11,3,1,20.170861,0.0,True
llm,28,4,128,1,128,16384,64,11,4,1,20.15734,0.0,True
llm,28,4,128,1,128,16384,64,11,5,1,20.15086,0.0,True
llm,28,4,128,1,128,16384,64,11,6,1,20.168267,0.0,True
llm,28,4,128,1,128,16384,64,11,7,1,20.155819,0.0,True
llm,28,4,128,1,128,16384,64,11,8,1,20.1505,0.0,True
llm,28,4,128,1,128,16384,64,11,9,1,20.157711,0.0,True
llm,28,4,128,1,128,16384,64,11,10,1,20.161556,0.0,True
llm,28,4,128,1,128,16384,64,11,11,1,20.141066,0.0,True
llm,28,4,128,1,128,16384,64,11,12,1,20.137951,0.0,True
llm,28,4,128,1,128,16384,64,11,13,1,20.156129,0.0,True
llm,28,4,128,1,128,16384,64,11,14,1,20.128807,0.0,True
llm,28,4,128,1,128,16384,64,11,15,1,20.161907,0.0,True
llm,28,4,128,1,128,16384,64,11,16,1,20.165753,0.0,True
llm,28,4,128,1,128,16384,64,11,17,1,20.149439,0.0,True
llm,28,4,128,1,128,16384,64,11,18,1,20.172062,0.0,True
llm,28,4,128,1,128,16384,64,11,19,1,20.146634,0.0,True
llm,28,4,128,1,128,16384,32,11,0,2,20.042776,0.0,True
llm,28,4,128,1,128,16384,32,11,1,2,20.149418,0.0,True
llm,28,4,128,1,128,16384,32,11,2,2,20.15009,0.0,True
llm,28,4,128,1,128,16384,32,11,3,2,20.151071,0.0,True
llm,28,4,128,1,128,16384,32,11,4,2,20.141767,0.0,True
llm,28,4,128,1,128,16384,32,11,5,2,20.167536,0.0,True
llm,28,4,128,1,128,16384,32,11,6,2,20.146313,0.0,True
llm,28,4,128,1,128,16384,32,11,7,2,20.153484,0.0,True
llm,28,4,128,1,128,16384,32,11,8,2,20.16368,0.0,True
llm,28,4,128,1,128,16384,32,11,9,2,20.15009,0.0,True
llm,28,4,128,1,128,16384,32,11,10,2,20.161977,0.0,True
llm,28,4,128,1,128,16384,32,11,11,2,20.161707,0.0,True
llm,28,4,128,1,128,16384,32,11,12,2,20.154716,0.0,True
llm,28,4,128,1,128,16384,32,11,13,2,20.140325,0.0,True
llm,28,4,128,1,128,16384,32,11,14,2,20.158632,0.0,True
llm,28,4,128,1,128,16384,32,11,15,2,20.144822,0.0,True
llm,28,4,128,1,128,16384,32,11,16,2,20.153835,0.0,True
llm,28,4,128,1,128,16384,32,11,17,2,20.187195,0.0,True
llm,28,4,128,1,128,16384,32,11,18,2,20.16404,0.0,True
llm,28,4,128,1,128,16384,32,11,19,2,20.148988,0.0,True
llm,28,4,128,1,128,16384,128,11,0,3,20.028164,0.0,True
llm,28,4,128,1,128,16384,128,11,1,3,20.159133,0.0,True
llm,28,4,128,1,128,16384,128,11,2,3,20.152893,0.0,True
llm,28,4,128,1,128,16384,128,11,3,3,20.147425,0.0,True
llm,28,4,128,1,128,16384,128,11,4,3,20.159914,0.0,True
llm,28,4,128,1,128,16384,128,11,5,3,20.166083,0.0,True
llm,28,4,128,1,128,16384,128,11,6,3,20.160184,0.0,True
llm,28,4,128,1,128,16384,128,11,7,3,20.158703,0.0,True
llm,28,4,128,1,128,16384,128,11,8,3,20.142277,0.0,True
llm,28,4,128,1,128,16384,128,11,9,3,20.160685,0.0,True
llm,28,4,128,1,128,16384,128,11,10,3,20.149729,0.0,True
llm,28,4,128,1,128,16384,128,11,11,3,20.134546,0.0,True
llm,28,4,128,1,128,16384,128,11,12,3,20.131471,0.0,True
llm,28,4,128,1,128,16384,128,11,13,3,20.14414,0.0,True
llm,28,4,128,1,128,16384,128,11,14,3,20.13735,0.0,True
llm,28,4,128,1,128,16384,128,11,15,3,20.161366,0.0,True
llm,28,4,128,1,128,16384,128,11,16,3,20.154977,0.0,True
llm,28,4,128,1,128,16384,128,11,17,3,20.160014,0.0,True
llm,28,4,128,1,128,16384,128,11,18,3,20.17088,0.0,True
llm,28,4,128,1,128,16384,128,11,19,3,20.147485,0.0,True
llm,28,4,128,1,128,16384,64,29,0,0,20.095556,0.0,True
llm,28,4,128,1,128,16384,64,29,1,0,20.138251,0.0,True
llm,28,4,128,1,128,16384,64,29,2,0,20.148567,0.0,True
llm,28,4,128,1,128,16384,64,29,3,0,20.138302,0.0,True
llm,28,4,128,1,128,16384,64,29,4,0,20.142437,0.0,True
llm,28,4,128,1,128,16384,64,29,5,0,20.12511,0.0,True
llm,28,4,128,1,128,16384,64,29,6,0,20.150329,0.0,True
llm,28,4,128,1,128,16384,64,29,7,0,20.160305,0.0,True
llm,28,4,128,1,128,16384,64,29,8,0,20.121886,0.0,True
llm,28,4,128,1,128,16384,64,29,9,0,20.132683,0.0,True
llm,28,4,128,1,128,16384,64,29,10,0,20.146152,0.0,True
llm,28,4,128,1,128,16384,64,29,11,0,20.12431,0.0,True
llm,28,4,128,1,128,16384,64,29,12,0,20.136708,0.0,True
llm,28,4,128,1,128,16384,64,29,13,0,20.166184,0.0,True
llm,28,4,128,1,128,16384,64,29,14,0,20.145462,0.0,True
llm,28,4,128,1,128,16384,64,29,15,0,20.15741,0.0,True
llm,28,4,128,1,128,16384,64,29,16,0,20.147695,0.0,True
llm,28,4,128,1,128,16384,64,29,17,0,20.150089,0.0,True
llm,28,4,128,1,128,16384,64,29,18,0,20.129107,0.0,True
llm,28,4,128,1,128,16384,64,29,19,0,20.135216,0.0,True
llm,28,4,128,1,128,16384,32,29,0,1,20.011479,0.0,True
llm,28,4,128,1,128,16384,32,29,1,1,20.136117,0.0,True
llm,28,4,128,1,128,16384,32,29,2,1,20.132292,0.0,True
llm,28,4,128,1,128,16384,32,29,3,1,20.172723,0.0,True
llm,28,4,128,1,128,16384,32,29,4,1,20.125682,0.0,True
llm,28,4,128,1,128,16384,32,29,5,1,20.176279,0.0,True
llm,28,4,128,1,128,16384,32,29,6,1,20.122707,0.0,True
llm,28,4,128,1,128,16384,32,29,7,1,20.135998,0.0,True
llm,28,4,128,1,128,16384,32,29,8,1,20.141836,0.0,True
llm,28,4,128,1,128,16384,32,29,9,1,20.152222,0.0,True
llm,28,4,128,1,128,16384,32,29,10,1,20.160525,0.0,True
llm,28,4,128,1,128,16384,32,29,11,1,20.14459,0.0,True
llm,28,4,128,1,128,16384,32,29,12,1,20.133934,0.0,True
llm,28,4,128,1,128,16384,32,29,13,1,20.141907,0.0,True
llm,28,4,128,1,128,16384,32,29,14,1,20.129006,0.0,True
llm,28,4,128,1,128,16384,32,29,15,1,20.152553,0.0,True
llm,28,4,128,1,128,16384,32,29,16,1,20.117229,0.0,True
llm,28,4,128,1,128,16384,32,29,17,1,20.149578,0.0,True
llm,28,4,128,1,128,16384,32,29,18,1,20.120444,0.0,True
llm,28,4,128,1,128,16384,32,29,19,1,20.111169,0.0,True
llm,28,4,128,1,128,16384,16,29,0,2,20.035204,0.0,True
llm,28,4,128,1,128,16384,16,29,1,2,20.127764,0.0,True
llm,28,4,128,1,128,16384,16,29,2,2,20.134875,0.0,True
llm,28,4,128,1,128,16384,16,29,3,2,20.145091,0.0,True
llm,28,4,128,1,128,16384,16,29,4,2,20.142367,0.0,True
llm,28,4,128,1,128,16384,16,29,5,2,20.153273,0.0,True
llm,28,4,128,1,128,16384,16,29,6,2,20.150068,0.0,True
llm,28,4,128,1,128,16384,16,29,7,2,20.135246,0.0,True
llm,28,4,128,1,128,16384,16,29,8,2,20.134145,0.0,True
llm,28,4,128,1,128,16384,16,29,9,2,20.151841,0.0,True
llm,28,4,128,1,128,16384,16,29,10,2,20.14438,0.0,True
llm,28,4,128,1,128,16384,16,29,11,2,20.167776,0.0,True
llm,28,4,128,1,128,16384,16,29,12,2,20.149848,0.0,True
llm,28,4,128,1,128,16384,16,29,13,2,20.1576,0.0,True
llm,28,4,128,1,128,16384,16,29,14,2,20.136688,0.0,True
llm,28,4,128,1,128,16384,16,29,15,2,20.135126,0.0,True
llm,28,4,128,1,128,16384,16,29,16,2,20.140984,0.0,True
llm,28,4,128,1,128,16384,16,29,17,2,20.255309,0.0,True
llm,28,4,128,1,128,16384,16,29,18,2,20.255989,0.0,True
llm,28,4,128,1,128,16384,16,29,19,2,20.170009,0.0,True
llm,28,4,128,1,128,16384,128,29,0,3,20.04571,0.0,True
llm,28,4,128,1,128,16384,128,29,1,3,20.147525,0.0,True
llm,28,4,128,1,128,16384,128,29,2,3,20.135787,0.0,True
llm,28,4,128,1,128,16384,128,29,3,3,20.124109,0.0,True
llm,28,4,128,1,128,16384,128,29,4,3,20.117028,0.0,True
llm,28,4,128,1,128,16384,128,29,5,3,20.127054,0.0,True
llm,28,4,128,1,128,16384,128,29,6,3,20.167455,0.0,True
llm,28,4,128,1,128,16384,128,29,7,3,20.170299,0.0,True
llm,28,4,128,1,128,16384,128,29,8,3,20.153643,0.0,True
llm,28,4,128,1,128,16384,128,29,9,3,20.165902,0.0,True
llm,28,4,128,1,128,16384,128,29,10,3,20.160755,0.0,True
llm,28,4,128,1,128,16384,128,29,11,3,20.147664,0.0,True
llm,28,4,128,1,128,16384,128,29,12,3,20.163059,0.0,True
llm,28,4,128,1,128,16384,128,29,13,3,20.153844,0.0,True
llm,28,4,128,1,128,16384,128,29,14,3,20.166904,0.0,True
llm,28,4,128,1,128,16384,128,29,15,3,20.142487,0.0,True
llm,28,4,128,1,128,16384,128,29,16,3,20.155297,0.0,True
llm,28,4,128,1,128,16384,128,29,17,3,20.152923,0.0,True
llm,28,4,128,1,128,16384,128,29,18,3,20.156619,0.0,True
llm,28,4,128,1,128,16384,128,29,19,3,20.150088,0.0,True
llm,28,4,128,1,128,16384,64,47,0,0,20.048815,0.0,True
llm,28,4,128,1,128,16384,64,47,1,0,20.133463,0.0,True
llm,28,4,128,1,128,16384,64,47,2,0,20.113493,0.0,True
llm,28,4,128,1,128,16384,64,47,3,0,20.100863,0.0,True
llm,28,4,128,1,128,16384,64,47,4,0,20.099592,0.0,True
llm,28,4,128,1,128,16384,64,47,5,0,20.09175,0.0,True
llm,28,4,128,1,128,16384,64,47,6,0,20.072671,0.0,True
llm,28,4,128,1,128,16384,64,47,7,0,20.162517,0.0,True
llm,28,4,128,1,128,16384,64,47,8,0,20.088244,0.0,True
llm,28,4,128,1,128,16384,64,47,9,0,20.070728,0.0,True
llm,28,4,128,1,128,16384,64,47,10,0,20.074022,0.0,True
llm,28,4,128,1,128,16384,64,47,11,0,20.081073,0.0,True
llm,28,4,128,1,128,16384,64,47,12,0,20.107094,0.0,True
llm,28,4,128,1,128,16384,64,47,13,0,20.061403,0.0,True
llm,28,4,128,1,128,16384,64,47,14,0,20.064658,0.0,True
llm,28,4,128,1,128,16384,64,47,15,0,20.062074,0.0,True
llm,28,4,128,1,128,16384,64,47,16,0,20.102797,0.0,True
llm,28,4,128,1,128,16384,64,47,17,0,20.074753,0.0,True
llm,28,4,128,1,128,16384,64,47,18,0,20.060131,0.0,True
llm,28,4,128,1,128,16384,64,47,19,0,20.064428,0.0,True
llm,28,4,128,1,128,16384,128,47,0,1,20.010245,0.0,True
llm,28,4,128,1,128,16384,128,47,1,1,20.060292,0.0,True
llm,28,4,128,1,128,16384,128,47,2,1,20.076896,0.0,True
llm,28,4,128,1,128,16384,128,47,3,1,20.073151,0.0,True
llm,28,4,128,1,128,16384,128,47,4,1,20.071648,0.0,True
llm,28,4,128,1,128,16384,128,47,5,1,20.060201,0.0,True
llm,28,4,128,1,128,16384,128,47,6,1,20.068084,0.0,True
llm,28,4,128,1,128,16384,128,47,7,1,20.083988,0.0,True
llm,28,4,128,1,128,16384,128,47,8,1,20.055434,0.0,True
llm,28,4,128,1,128,16384,128,47,9,1,20.088014,0.0,True
llm,28,4,128,1,128,16384,128,47,10,1,20.093772,0.0,True
llm,28,4,128,1,128,16384,128,47,11,1,20.073081,0.0,True
llm,28,4,128,1,128,16384,128,47,12,1,20.071599,0.0,True
llm,28,4,128,1,128,16384,128,47,13,1,20.077548,0.0,True
llm,28,4,128,1,128,16384,128,47,14,1,20.076917,0.0,True
llm,28,4,128,1,128,16384,128,47,15,1,20.059921,0.0,True
llm,28,4,128,1,128,16384,128,47,16,1,20.077858,0.0,True
llm,28,4,128,1,128,16384,128,47,17,1,20.064818,0.0,True
llm,28,4,128,1,128,16384,128,47,18,1,20.077027,0.0,True
llm,28,4,128,1,128,16384,128,47,19,1,20.063377,0.0,True
llm,28,4,128,1,128,16384,16,47,0,2,20.010015,0.0,True
llm,28,4,128,1,128,16384,16,47,1,2,20.080222,0.0,True
llm,28,4,128,1,128,16384,16,47,2,2,20.090427,0.0,True
llm,28,4,128,1,128,16384,16,47,3,2,20.068073,0.0,True
llm,28,4,128,1,128,16384,16,47,4,2,20.103407,0.0,True
llm,28,4,128,1,128,16384,16,47,5,2,20.076246,0.0,True
llm,28,4,128,1,128,16384,16,47,6,2,20.084839,0.0,True
llm,28,4,128,1,128,16384,16,47,7,2,20.109296,0.0,True
llm,28,4,128,1,128,16384,16,47,8,2,20.076175,0.0,True
llm,28,4,128,1,128,16384,16,47,9,2,20.135827,0.0,True
llm,28,4,128,1,128,16384,16,47,10,2,20.086752,0.0,True
llm,28,4,128,1,128,16384,16,47,11,2,20.076466,0.0,True
llm,28,4,128,1,128,16384,16,47,12,2,20.116918,0.0,True
llm,28,4,128,1,128,16384,16,47,13,2,20.083998,0.0,True
llm,28,4,128,1,128,16384,16,47,14,2,20.074303,0.0,True
llm,28,4,128,1,128,16384,16,47,15,2,20.094323,0.0,True
llm,28,4,128,1,128,16384,16,47,16,2,20.076156,0.0,True
llm,28,4,128,1,128,16384,16,47,17,2,20.087403,0.0,True
llm,28,4,128,1,128,16384,16,47,18,2,20.079961,0.0,True
llm,28,4,128,1,128,16384,16,47,19,2,20.101284,0.0,True
llm,28,4,128,1,128,16384,32,47,0,3,20.025408,0.0,True
llm,28,4,128,1,128,16384,32,47,1,3,20.080341,0.0,True
llm,28,4,128,1,128,16384,32,47,2,3,20.067593,0.0,True
llm,28,4,128,1,128,16384,32,47,3,3,20.102796,0.0,True
llm,28,4,128,1,128,16384,32,47,4,3,20.089315,0.0,True
llm,28,4,128,1,128,16384,32,47,5,3,20.073872,0.0,True
llm,28,4,128,1,128,16384,32,47,6,3,20.093592,0.0,True
llm,28,4,128,1,128,16384,32,47,7,3,20.068864,0.0,True
llm,28,4,128,1,128,16384,32,47,8,3,20.071018,0.0,True
llm,28,4,128,1,128,16384,32,47,9,3,20.070526,0.0,True
llm,28,4,128,1,128,16384,32,47,10,3,20.064848,0.0,True
llm,28,4,128,1,128,16384,32,47,11,3,20.070968,0.0,True
llm,28,4,128,1,128,16384,32,47,12,3,20.087412,0.0,True
llm,28,4,128,1,128,16384,32,47,13,3,20.08566,0.0,True
llm,28,4,128,1,128,16384,32,47,14,3,20.069224,0.0,True
llm,28,4,128,1,128,16384,32,47,15,3,20.056887,0.0,True
llm,28,4,128,1,128,16384,32,47,16,3,20.067342,0.0,True
llm,28,4,128,1,128,16384,32,47,17,3,20.070717,0.0,True
llm,28,4,128,1,128,16384,32,47,18,3,20.071529,0.0,True
llm,28,4,128,1,128,16384,32,47,19,3,20.08549,0.0,True
llm,28,4,128,1,512,2048,64,11,0,0,6.680802,0.0,True
llm,28,4,128,1,512,2048,64,11,1,0,6.331019,0.0,True
llm,28,4,128,1,512,2048,64,11,2,0,6.227662,0.0,True
llm,28,4,128,1,512,2048,64,11,3,0,3.888554,0.0,True
llm,28,4,128,1,512,2048,64,11,4,0,2.758605,0.0,True
llm,28,4,128,1,512,2048,64,11,5,0,2.712255,0.0,True
llm,28,4,128,1,512,2048,64,11,6,0,2.771346,0.0,True
llm,28,4,128,1,512,2048,64,11,7,0,2.732716,0.0,True
llm,28,4,128,1,512,2048,64,11,8,0,2.744053,0.0,True
llm,28,4,128,1,512,2048,64,11,9,0,2.709411,0.0,True
llm,28,4,128,1,512,2048,64,11,10,0,2.757414,0.0,True
llm,28,4,128,1,512,2048,64,11,11,0,2.717853,0.0,True
llm,28,4,128,1,512,2048,64,11,12,0,2.763193,0.0,True
llm,28,4,128,1,512,2048,64,11,13,0,2.727559,0.0,True
llm,28,4,128,1,512,2048,64,11,14,0,2.754099,0.0,True
llm,28,4,128,1,512,2048,64,11,15,0,2.711093,0.0,True
llm,28,4,128,1,512,2048,64,11,16,0,2.756563,0.0,True
llm,28,4,128,1,512,2048,64,11,17,0,2.712626,0.0,True
llm,28,4,128,1,512,2048,64,11,18,0,2.753077,0.0,True
llm,28,4,128,1,512,2048,64,11,19,0,2.721098,0.0,True
llm,28,4,128,1,512,2048,32,11,0,1,2.714749,0.0,True
llm,28,4,128,1,512,2048,32,11,1,1,2.710112,0.0,True
llm,28,4,128,1,512,2048,32,11,2,1,2.746648,0.0,True
llm,28,4,128,1,512,2048,32,11,3,1,2.713517,0.0,True
llm,28,4,128,1,512,2048,32,11,4,1,2.753368,0.0,True
llm,28,4,128,1,512,2048,32,11,5,1,2.724274,0.0,True
llm,28,4,128,1,512,2048,32,11,6,1,2.764384,0.0,True
llm,28,4,128,1,512,2048,32,11,7,1,2.719997,0.0,True
llm,28,4,128,1,512,2048,32,11,8,1,2.757704,0.0,True
llm,28,4,128,1,512,2048,32,11,9,1,2.721169,0.0,True
llm,28,4,128,1,512,2048,32,11,10,1,2.765506,0.0,True
llm,28,4,128,1,512,2048,32,11,11,1,2.734459,0.0,True
llm,28,4,128,1,512,2048,32,11,12,1,2.757484,0.0,True
llm,28,4,128,1,512,2048,32,11,13,1,2.729282,0.0,True
llm,28,4,128,1,512,2048,32,11,14,1,2.757504,0.0,True
llm,28,4,128,1,512,2048,32,11,15,1,2.726627,0.0,True
llm,28,4,128,1,512,2048,32,11,16,1,2.743854,0.0,True
llm,28,4,128,1,512,2048,32,11,17,1,2.714098,0.0,True
llm,28,4,128,1,512,2048,32,11,18,1,2.749993,0.0,True
llm,28,4,128,1,512,2048,32,11,19,1,2.715821,0.0,True
llm,28,4,128,1,512,2048,128,11,0,2,2.704613,0.0,True
llm,28,4,128,1,512,2048,128,11,1,2,2.72211,0.0,True
llm,28,4,128,1,512,2048,128,11,2,2,2.70895,0.0,True
llm,28,4,128,1,512,2048,128,11,3,2,2.718405,0.0,True
llm,28,4,128,1,512,2048,128,11,4,2,2.756593,0.0,True
llm,28,4,128,1,512,2048,128,11,5,2,2.717213,0.0,True
llm,28,4,128,1,512,2048,128,11,6,2,2.747759,0.0,True
llm,28,4,128,1,512,2048,128,11,7,2,2.725035,0.0,True
llm,28,4,128,1,512,2048,128,11,8,2,2.756783,0.0,True
llm,28,4,128,1,512,2048,128,11,9,2,2.74184,0.0,True
llm,28,4,128,1,512,2048,128,11,10,2,2.751495,0.0,True
llm,28,4,128,1,512,2048,128,11,11,2,2.726327,0.0,True
llm,28,4,128,1,512,2048,128,11,12,2,2.76739,0.0,True
llm,28,4,128,1,512,2048,128,11,13,2,2.720589,0.0,True
llm,28,4,128,1,512,2048,128,11,14,2,2.756533,0.0,True
llm,28,4,128,1,512,2048,128,11,15,2,2.712295,0.0,True
llm,28,4,128,1,512,2048,128,11,16,2,2.746077,0.0,True
llm,28,4,128,1,512,2048,128,11,17,2,2.720188,0.0,True
llm,28,4,128,1,512,2048,128,11,18,2,2.764675,0.0,True
llm,28,4,128,1,512,2048,128,11,19,2,2.72167,0.0,True
llm,28,4,128,1,512,2048,16,11,0,3,2.701539,0.0,True
llm,28,4,128,1,512,2048,16,11,1,3,2.719947,0.0,True
llm,28,4,128,1,512,2048,16,11,2,3,2.72833,0.0,True
llm,28,4,128,1,512,2048,16,11,3,3,2.73465,0.0,True
llm,28,4,128,1,512,2048,16,11,4,3,2.757003,0.0,True
llm,28,4,128,1,512,2048,16,11,5,3,2.7151,0.0,True
llm,28,4,128,1,512,2048,16,11,6,3,2.757524,0.0,True
llm,28,4,128,1,512,2048,16,11,7,3,2.69529,0.0,True
llm,28,4,128,1,512,2048,16,11,8,3,2.77438,0.0,True
llm,28,4,128,1,512,2048,16,11,9,3,2.732636,0.0,True
llm,28,4,128,1,512,2048,16,11,10,3,2.749992,0.0,True
llm,28,4,128,1,512,2048,16,11,11,3,2.713928,0.0,True
llm,28,4,128,1,512,2048,16,11,12,3,2.756663,0.0,True
llm,28,4,128,1,512,2048,16,11,13,3,2.725696,0.0,True
llm,28,4,128,1,512,2048,16,11,14,3,2.752105,0.0,True
llm,28,4,128,1,512,2048,16,11,15,3,2.712064,0.0,True
llm,28,4,128,1,512,2048,16,11,16,3,2.752267,0.0,True
llm,28,4,128,1,512,2048,16,11,17,3,2.726898,0.0,True
llm,28,4,128,1,512,2048,16,11,18,3,2.74797,0.0,True
llm,28,4,128,1,512,2048,16,11,19,3,2.717092,0.0,True
llm,28,4,128,1,512,2048,32,29,0,0,2.729382,0.0,True
llm,28,4,128,1,512,2048,32,29,1,0,2.768431,0.0,True
llm,28,4,128,1,512,2048,32,29,2,0,2.701809,0.0,True
llm,28,4,128,1,512,2048,32,29,3,0,2.750694,0.0,True
llm,28,4,128,1,512,2048,32,29,4,0,2.707308,0.0,True
llm,28,4,128,1,512,2048,32,29,5,0,2.721249,0.0,True
llm,28,4,128,1,512,2048,32,29,6,0,2.7154,0.0,True
llm,28,4,128,1,512,2048,32,29,7,0,2.730273,0.0,True
llm,28,4,128,1,512,2048,32,29,8,0,2.727729,0.0,True
llm,28,4,128,1,512,2048,32,29,9,0,2.72827,0.0,True
llm,28,4,128,1,512,2048,32,29,10,0,2.723192,0.0,True
llm,28,4,128,1,512,2048,32,29,11,0,2.72825,0.0,True
llm,28,4,128,1,512,2048,32,29,12,0,2.714118,0.0,True
llm,28,4,128,1,512,2048,32,29,13,0,2.715901,0.0,True
llm,28,4,128,1,512,2048,32,29,14,0,2.718825,0.0,True
llm,28,4,128,1,512,2048,32,29,15,0,2.719876,0.0,True
llm,28,4,128,1,512,2048,32,29,16,0,2.724163,0.0,True
llm,28,4,128,1,512,2048,32,29,17,0,2.727729,0.0,True
llm,28,4,128,1,512,2048,32,29,18,0,2.73533,0.0,True
llm,28,4,128,1,512,2048,32,29,19,0,2.72857,0.0,True
llm,28,4,128,1,512,2048,16,29,0,1,2.736412,0.0,True
llm,28,4,128,1,512,2048,16,29,1,1,2.713998,0.0,True
llm,28,4,128,1,512,2048,16,29,2,1,2.722892,0.0,True
llm,28,4,128,1,512,2048,16,29,3,1,2.720578,0.0,True
llm,28,4,128,1,512,2048,16,29,4,1,2.727949,0.0,True
llm,28,4,128,1,512,2048,16,29,5,1,2.716191,0.0,True
llm,28,4,128,1,512,2048,16,29,6,1,2.716632,0.0,True
llm,28,4,128,1,512,2048,16,29,7,1,2.720789,0.0,True
llm,28,4,128,1,512,2048,16,29,8,1,2.730103,0.0,True
llm,28,4,128,1,512,2048,16,29,9,1,2.730313,0.0,True
llm,28,4,128,1,512,2048,16,29,10,1,2.724594,0.0,True
llm,28,4,128,1,512,2048,16,29,11,1,2.716102,0.0,True
llm,28,4,128,1,512,2048,16,29,12,1,2.72889,0.0,True
llm,28,4,128,1,512,2048,16,29,13,1,2.712695,0.0,True
llm,28,4,128,1,512,2048,16,29,14,1,2.734619,0.0,True
llm,28,4,128,1,512,2048,16,29,15,1,2.723422,0.0,True
llm,28,4,128,1,512,2048,16,29,16,1,2.732636,0.0,True
llm,28,4,128,1,512,2048,16,29,17,1,2.730794,0.0,True
llm,28,4,128,1,512,2048,16,29,18,1,2.716401,0.0,True
llm,28,4,128,1,512,2048,16,29,19,1,2.725305,0.0,True
llm,28,4,128,1,512,2048,64,29,0,2,2.729732,0.0,True
llm,28,4,128,1,512,2048,64,29,1,2,2.733327,0.0,True
llm,28,4,128,1,512,2048,64,29,2,2,2.718395,0.0,True
llm,28,4,128,1,512,2048,64,29,3,2,2.726496,0.0,True
llm,28,4,128,1,512,2048,64,29,4,2,2.733688,0.0,True
llm,28,4,128,1,512,2048,64,29,5,2,2.737935,0.0,True
llm,28,4,128,1,512,2048,64,29,6,2,2.717333,0.0,True
llm,28,4,128,1,512,2048,64,29,7,2,2.731785,0.0,True
llm,28,4,128,1,512,2048,64,29,8,2,2.721239,0.0,True
llm,28,4,128,1,512,2048,64,29,9,2,2.732857,0.0,True
llm,28,4,128,1,512,2048,64,29,10,2,2.720318,0.0,True
llm,28,4,128,1,512,2048,64,29,11,2,2.743683,0.0,True
llm,28,4,128,1,512,2048,64,29,12,2,2.724343,0.0,True
llm,28,4,128,1,512,2048,64,29,13,2,2.738526,0.0,True
llm,28,4,128,1,512,2048,64,29,14,2,2.712336,0.0,True
llm,28,4,128,1,512,2048,64,29,15,2,2.736021,0.0,True
llm,28,4,128,1,512,2048,64,29,16,2,2.730914,0.0,True
llm,28,4,128,1,512,2048,64,29,17,2,2.731755,0.0,True
llm,28,4,128,1,512,2048,64,29,18,2,2.74134,0.0,True
llm,28,4,128,1,512,2048,64,29,19,2,2.736012,0.0,True
llm,28,4,128,1,512,2048,128,29,0,3,2.731745,0.0,True
llm,28,4,128,1,512,2048,128,29,1,3,2.730353,0.0,True
llm,28,4,128,1,512,2048,128,29,2,3,2.737303,0.0,True
llm,28,4,128,1,512,2048,128,29,3,3,2.729922,0.0,True
llm,28,4,128,1,512,2048,128,29,4,3,2.716913,0.0,True
llm,28,4,128,1,512,2048,128,29,5,3,2.72897,0.0,True
llm,28,4,128,1,512,2048,128,29,6,3,2.712866,0.0,True
llm,28,4,128,1,512,2048,128,29,7,3,2.719195,0.0,True
llm,28,4,128,1,512,2048,128,29,8,3,2.727609,0.0,True
llm,28,4,128,1,512,2048,128,29,9,3,2.717063,0.0,True
llm,28,4,128,1,512,2048,128,29,10,3,2.72835,0.0,True
llm,28,4,128,1,512,2048,128,29,11,3,2.723562,0.0,True
llm,28,4,128,1,512,2048,128,29,12,3,2.710692,0.0,True
llm,28,4,128,1,512,2048,128,29,13,3,2.722371,0.0,True
llm,28,4,128,1,512,2048,128,29,14,3,2.700447,0.0,True
llm,28,4,128,1,512,2048,128,29,15,3,2.740038,0.0,True
llm,28,4,128,1,512,2048,128,29,16,3,2.708229,0.0,True
llm,28,4,128,1,512,2048,128,29,17,3,2.729471,0.0,True
llm,28,4,128,1,512,2048,128,29,18,3,2.723903,0.0,True
llm,28,4,128,1,512,2048,128,29,19,3,2.740548,0.0,True
llm,28,4,128,1,512,2048,16,47,0,0,2.741099,0.0,True
llm,28,4,128,1,512,2048,16,47,1,0,2.697432,0.0,True
llm,28,4,128,1,512,2048,16,47,2,0,2.696391,0.0,True
llm,28,4,128,1,512,2048,16,47,3,0,2.7087,0.0,True
llm,28,4,128,1,512,2048,16,47,4,0,2.716251,0.0,True
llm,28,4,128,1,512,2048,16,47,5,0,2.712095,0.0,True
llm,28,4,128,1,512,2048,16,47,6,0,2.72182,0.0,True
llm,28,4,128,1,512,2048,16,47,7,0,2.731965,0.0,True
llm,28,4,128,1,512,2048,16,47,8,0,2.716191,0.0,True
llm,28,4,128,1,512,2048,16,47,9,0,2.716372,0.0,True
llm,28,4,128,1,512,2048,16,47,10,0,2.737874,0.0,True
llm,28,4,128,1,512,2048,16,47,11,0,2.731835,0.0,True
llm,28,4,128,1,512,2048,16,47,12,0,2.720708,0.0,True
llm,28,4,128,1,512,2048,16,47,13,0,2.706276,0.0,True
llm,28,4,128,1,512,2048,16,47,14,0,2.699977,0.0,True
llm,28,4,128,1,512,2048,16,47,15,0,2.712216,0.0,True
llm,28,4,128,1,512,2048,16,47,16,0,2.720608,0.0,True
llm,28,4,128,1,512,2048,16,47,17,0,2.737394,0.0,True
llm,28,4,128,1,512,2048,16,47,18,0,2.73516,0.0,True
llm,28,4,128,1,512,2048,16,47,19,0,2.704293,0.0,True
llm,28,4,128,1,512,2048,128,47,0,1,2.731504,0.0,True
llm,28,4,128,1,512,2048,128,47,1,1,2.737333,0.0,True
llm,28,4,128,1,512,2048,128,47,2,1,2.712555,0.0,True
llm,28,4,128,1,512,2048,128,47,3,1,2.732426,0.0,True
llm,28,4,128,1,512,2048,128,47,4,1,2.696071,0.0,True
llm,28,4,128,1,512,2048,128,47,5,1,2.728059,0.0,True
llm,28,4,128,1,512,2048,128,47,6,1,2.726798,0.0,True
llm,28,4,128,1,512,2048,128,47,7,1,2.706737,0.0,True
llm,28,4,128,1,512,2048,128,47,8,1,2.720197,0.0,True
llm,28,4,128,1,512,2048,128,47,9,1,2.713968,0.0,True
llm,28,4,128,1,512,2048,128,47,10,1,2.701919,0.0,True
llm,28,4,128,1,512,2048,128,47,11,1,2.716672,0.0,True
llm,28,4,128,1,512,2048,128,47,12,1,2.701068,0.0,True
llm,28,4,128,1,512,2048,128,47,13,1,2.7152,0.0,True
llm,28,4,128,1,512,2048,128,47,14,1,2.722351,0.0,True
llm,28,4,128,1,512,2048,128,47,15,1,2.714148,0.0,True
llm,28,4,128,1,512,2048,128,47,16,1,2.723532,0.0,True
llm,28,4,128,1,512,2048,128,47,17,1,2.710753,0.0,True
llm,28,4,128,1,512,2048,128,47,18,1,2.708951,0.0,True
llm,28,4,128,1,512,2048,128,47,19,1,2.716651,0.0,True
llm,28,4,128,1,512,2048,32,47,0,2,2.720037,0.0,True
llm,28,4,128,1,512,2048,32,47,1,2,2.687978,0.0,True
llm,28,4,128,1,512,2048,32,47,2,2,2.69556,0.0,True
llm,28,4,128,1,512,2048,32,47,3,2,2.732016,0.0,True
llm,28,4,128,1,512,2048,32,47,4,2,2.725506,0.0,True
llm,28,4,128,1,512,2048,32,47,5,2,2.709351,0.0,True
llm,28,4,128,1,512,2048,32,47,6,2,2.727138,0.0,True
llm,28,4,128,1,512,2048,32,47,7,2,2.724214,0.0,True
llm,28,4,128,1,512,2048,32,47,8,2,2.711234,0.0,True
llm,28,4,128,1,512,2048,32,47,9,2,2.724654,0.0,True
llm,28,4,128,1,512,2048,32,47,10,2,2.729782,0.0,True
llm,28,4,128,1,512,2048,32,47,11,2,2.718885,0.0,True
llm,28,4,128,1,512,2048,32,47,12,2,2.700998,0.0,True
llm,28,4,128,1,512,2048,32,47,13,2,2.711143,0.0,True
llm,28,4,128,1,512,2048,32,47,14,2,2.72872,0.0,True
llm,28,4,128,1,512,2048,32,47,15,2,2.717333,0.0,True
llm,28,4,128,1,512,2048,32,47,16,2,2.720527,0.0,True
llm,28,4,128,1,512,2048,32,47,17,2,2.73544,0.0,True
llm,28,4,128,1,512,2048,32,47,18,2,2.737864,0.0,True
llm,28,4,128,1,512,2048,32,47,19,2,2.739647,0.0,True
llm,28,4,128,1,512,2048,64,47,0,3,2.725645,0.0,True
llm,28,4,128,1,512,2048,64,47,1,3,2.694368,0.0,True
llm,28,4,128,1,512,2048,64,47,2,3,2.726567,0.0,True
llm,28,4,128,1,512,2048,64,47,3,3,2.72825,0.0,True
llm,28,4,128,1,512,2048,64,47,4,3,2.709711,0.0,True
llm,28,4,128,1,512,2048,64,47,5,3,2.727138,0.0,True
llm,28,4,128,1,512,2048,64,47,6,3,2.734379,0.0,True
llm,28,4,128,1,512,2048,64,47,7,3,2.726257,0.0,True
llm,28,4,128,1,512,2048,64,47,8,3,3.217383,0.0,True
llm,28,4,128,1,512,2048,64,47,9,3,2.739346,0.0,True
llm,28,4,128,1,512,2048,64,47,10,3,2.71581,0.0,True
llm,28,4,128,1,512,2048,64,47,11,3,2.727108,0.0,True
llm,28,4,128,1,512,2048,64,47,12,3,2.71544,0.0,True
llm,28,4,128,1,512,2048,64,47,13,3,2.727949,0.0,True
llm,28,4,128,1,512,2048,64,47,14,3,2.719506,0.0,True
llm,28,4,128,1,512,2048,64,47,15,3,2.719767,0.0,True
llm,28,4,128,1,512,2048,64,47,16,3,2.738986,0.0,True
llm,28,4,128,1,512,2048,64,47,17,3,2.739527,0.0,True
llm,28,4,128,1,512,2048,64,47,18,3,2.74817,0.0,True
llm,28,4,128,1,512,2048,64,47,19,3,2.703361,0.0,True
llm,28,4,128,1,512,8192,64,11,0,0,10.448762,0.0,True
llm,28,4,128,1,512,8192,64,11,1,0,10.413699,0.0,True
llm,28,4,128,1,512,8192,64,11,2,0,10.446549,0.0,True
llm,28,4,128,1,512,8192,64,11,3,0,10.466369,0.0,True
llm,28,4,128,1,512,8192,64,11,4,0,10.460981,0.0,True
llm,28,4,128,1,512,8192,64,11,5,0,10.446689,0.0,True
llm,28,4,128,1,512,8192,64,11,6,0,10.434932,0.0,True
llm,28,4,128,1,512,8192,64,11,7,0,10.450485,0.0,True
llm,28,4,128,1,512,8192,64,11,8,0,10.428581,0.0,True
llm,28,4,128,1,512,8192,64,11,9,0,10.440028,0.0,True
llm,28,4,128,1,512,8192,64,11,10,0,10.416974,0.0,True
llm,28,4,128,1,512,8192,64,11,11,0,10.413289,0.0,True
llm,28,4,128,1,512,8192,64,11,12,0,10.425367,0.0,True
llm,28,4,128,1,512,8192,64,11,13,0,10.452197,0.0,True
llm,28,4,128,1,512,8192,64,11,14,0,10.432738,0.0,True
llm,28,4,128,1,512,8192,64,11,15,0,10.440229,0.0,True
llm,28,4,128,1,512,8192,64,11,16,0,10.436694,0.0,True
llm,28,4,128,1,512,8192,64,11,17,0,10.489114,0.0,True
llm,28,4,128,1,512,8192,64,11,18,0,10.428572,0.0,True
llm,28,4,128,1,512,8192,64,11,19,0,10.494602,0.0,True
llm,28,4,128,1,512,8192,32,11,0,1,10.483305,0.0,True
llm,28,4,128,1,512,8192,32,11,1,1,10.512849,0.0,True
llm,28,4,128,1,512,8192,32,11,2,1,10.528474,0.0,True
llm,28,4,128,1,512,8192,32,11,3,1,10.510866,0.0,True
llm,28,4,128,1,512,8192,32,11,4,1,10.508753,0.0,True
llm,28,4,128,1,512,8192,32,11,5,1,10.487451,0.0,True
llm,28,4,128,1,512,8192,32,11,6,1,10.518148,0.0,True
llm,28,4,128,1,512,8192,32,11,7,1,10.496745,0.0,True
llm,28,4,128,1,512,8192,32,11,8,1,10.490636,0.0,True
llm,28,4,128,1,512,8192,32,11,9,1,10.461331,0.0,True
llm,28,4,128,1,512,8192,32,11,10,1,10.484797,0.0,True
llm,28,4,128,1,512,8192,32,11,11,1,10.520031,0.0,True
llm,28,4,128,1,512,8192,32,11,12,1,10.551809,0.0,True
llm,28,4,128,1,512,8192,32,11,13,1,10.53965,0.0,True
llm,28,4,128,1,512,8192,32,11,14,1,10.527362,0.0,True
llm,28,4,128,1,512,8192,32,11,15,1,10.516324,0.0,True
llm,28,4,128,1,512,8192,32,11,16,1,10.505019,0.0,True
llm,28,4,128,1,512,8192,32,11,17,1,10.504136,0.0,True
llm,28,4,128,1,512,8192,32,11,18,1,10.523686,0.0,True
llm,28,4,128,1,512,8192,32,11,19,1,10.510166,0.0,True
llm,28,4,128,1,512,8192,128,11,0,2,10.481152,0.0,True
llm,28,4,128,1,512,8192,128,11,1,2,10.494912,0.0,True
llm,28,4,128,1,512,8192,128,11,2,2,10.497957,0.0,True
llm,28,4,128,1,512,8192,128,11,3,2,10.524937,0.0,True
llm,28,4,128,1,512,8192,128,11,4,2,10.517076,0.0,True
llm,28,4,128,1,512,8192,128,11,5,2,10.524167,0.0,True
llm,28,4,128,1,512,8192,128,11,6,2,10.496495,0.0,True
llm,28,4,128,1,512,8192,128,11,7,2,10.504217,0.0,True
llm,28,4,128,1,512,8192,128,11,8,2,10.517407,0.0,True
llm,28,4,128,1,512,8192,128,11,9,2,10.50641,0.0,True
llm,28,4,128,1,512,8192,128,11,10,2,10.516996,0.0,True
llm,28,4,128,1,512,8192,128,11,11,2,10.505378,0.0,True
llm,28,4,128,1,512,8192,128,11,12,2,10.500691,0.0,True
llm,28,4,128,1,512,8192,128,11,13,2,10.540562,0.0,True
llm,28,4,128,1,512,8192,128,11,14,2,10.475323,0.0,True
llm,28,4,128,1,512,8192,128,11,15,2,10.499228,0.0,True
llm,28,4,128,1,512,8192,128,11,16,2,10.513702,0.0,True
llm,28,4,128,1,512,8192,128,11,17,2,10.486179,0.0,True
llm,28,4,128,1,512,8192,128,11,18,2,10.504978,0.0,True
llm,28,4,128,1,512,8192,128,11,19,2,10.503906,0.0,True
llm,28,4,128,1,512,8192,16,11,0,3,10.536785,0.0,True
llm,28,4,128,1,512,8192,16,11,1,3,10.424004,0.0,True
llm,28,4,128,1,512,8192,16,11,2,3,10.484748,0.0,True
llm,28,4,128,1,512,8192,16,11,3,3,10.522635,0.0,True
llm,28,4,128,1,512,8192,16,11,4,3,10.516986,0.0,True
llm,28,4,128,1,512,8192,16,11,5,3,10.5264,0.0,True
llm,28,4,128,1,512,8192,16,11,6,3,10.519059,0.0,True
llm,28,4,128,1,512,8192,16,11,7,3,10.492619,0.0,True
llm,28,4,128,1,512,8192,16,11,8,3,10.500431,0.0,True
llm,28,4,128,1,512,8192,16,11,9,3,10.514291,0.0,True
llm,28,4,128,1,512,8192,16,11,10,3,10.5194,0.0,True
llm,28,4,128,1,512,8192,16,11,11,3,10.503825,0.0,True
llm,28,4,128,1,512,8192,16,11,12,3,10.511377,0.0,True
llm,28,4,128,1,512,8192,16,11,13,3,10.496315,0.0,True
llm,28,4,128,1,512,8192,16,11,14,3,10.51279,0.0,True
llm,28,4,128,1,512,8192,16,11,15,3,10.478447,0.0,True
llm,28,4,128,1,512,8192,16,11,16,3,10.465508,0.0,True
llm,28,4,128,1,512,8192,16,11,17,3,10.554002,0.0,True
llm,28,4,128,1,512,8192,16,11,18,3,10.523155,0.0,True
llm,28,4,128,1,512,8192,16,11,19,3,10.481401,0.0,True
llm,28,4,128,1,512,8192,16,29,0,0,10.4741,0.0,True
llm,28,4,128,1,512,8192,16,29,1,0,10.402161,0.0,True
llm,28,4,128,1,512,8192,16,29,2,0,10.490776,0.0,True
llm,28,4,128,1,512,8192,16,29,3,0,10.501993,0.0,True
llm,28,4,128,1,512,8192,16,29,4,0,10.455803,0.0,True
llm,28,4,128,1,512,8192,16,29,5,0,10.433899,0.0,True
llm,28,4,128,1,512,8192,16,29,6,0,10.4545,0.0,True
llm,28,4,128,1,512,8192,16,29,7,0,10.488272,0.0,True
llm,28,4,128,1,512,8192,16,29,8,0,10.425477,0.0,True
llm,28,4,128,1,512,8192,16,29,9,0,10.463024,0.0,True
llm,28,4,128,1,512,8192,16,29,10,0,10.491727,0.0,True
llm,28,4,128,1,512,8192,16,29,11,0,10.462593,0.0,True
llm,28,4,128,1,512,8192,16,29,12,0,10.450505,0.0,True
llm,28,4,128,1,512,8192,16,29,13,0,10.507281,0.0,True
llm,28,4,128,1,512,8192,16,29,14,0,10.525188,0.0,True
llm,28,4,128,1,512,8192,16,29,15,0,10.523215,0.0,True
llm,28,4,128,1,512,8192,16,29,16,0,10.50013,0.0,True
llm,28,4,128,1,512,8192,16,29,17,0,10.542335,0.0,True
llm,28,4,128,1,512,8192,16,29,18,0,10.464166,0.0,True
llm,28,4,128,1,512,8192,16,29,19,0,10.485878,0.0,True
llm,28,4,128,1,512,8192,128,29,0,1,10.549685,0.0,True
llm,28,4,128,1,512,8192,128,29,1,1,10.483936,0.0,True
llm,28,4,128,1,512,8192,128,29,2,1,10.513019,0.0,True
llm,28,4,128,1,512,8192,128,29,3,1,10.488342,0.0,True
llm,28,4,128,1,512,8192,128,29,4,1,10.514942,0.0,True
llm,28,4,128,1,512,8192,128,29,5,1,10.547992,0.0,True
llm,28,4,128,1,512,8192,128,29,6,1,10.522755,0.0,True
llm,28,4,128,1,512,8192,128,29,7,1,10.515533,0.0,True
llm,28,4,128,1,512,8192,128,29,8,1,10.535714,0.0,True
llm,28,4,128,1,512,8192,128,29,9,1,10.475492,0.0,True
llm,28,4,128,1,512,8192,128,29,10,1,10.514612,0.0,True
llm,28,4,128,1,512,8192,128,29,11,1,10.511017,0.0,True
llm,28,4,128,1,512,8192,128,29,12,1,10.523015,0.0,True
llm,28,4,128,1,512,8192,128,29,13,1,10.463385,0.0,True
llm,28,4,128,1,512,8192,128,29,14,1,10.514032,0.0,True
llm,28,4,128,1,512,8192,128,29,15,1,10.507361,0.0,True
llm,28,4,128,1,512,8192,128,29,16,1,10.482934,0.0,True
llm,28,4,128,1,512,8192,128,29,17,1,10.51349,0.0,True
llm,28,4,128,1,512,8192,128,29,18,1,10.483494,0.0,True
llm,28,4,128,1,512,8192,128,29,19,1,10.510446,0.0,True
llm,28,4,128,1,512,8192,32,29,0,2,10.520461,0.0,True
llm,28,4,128,1,512,8192,32,29,1,2,10.478837,0.0,True
llm,28,4,128,1,512,8192,32,29,2,2,10.502424,0.0,True
llm,28,4,128,1,512,8192,32,29,3,2,10.505959,0.0,True
llm,28,4,128,1,512,8192,32,29,4,2,10.49334,0.0,True
llm,28,4,128,1,512,8192,32,29,5,2,10.536956,0.0,True
llm,28,4,128,1,512,8192,32,29,6,2,10.478507,0.0,True
llm,28,4,128,1,512,8192,32,29,7,2,10.501842,0.0,True
llm,28,4,128,1,512,8192,32,29,8,2,10.46706,0.0,True
llm,28,4,128,1,512,8192,32,29,9,2,10.525879,0.0,True
llm,28,4,128,1,512,8192,32,29,10,2,10.517005,0.0,True
llm,28,4,128,1,512,8192,32,29,11,2,10.524638,0.0,True
llm,28,4,128,1,512,8192,32,29,12,2,10.525759,0.0,True
llm,28,4,128,1,512,8192,32,29,13,2,10.511697,0.0,True
llm,28,4,128,1,512,8192,32,29,14,2,10.502835,0.0,True
llm,28,4,128,1,512,8192,32,29,15,2,10.470625,0.0,True
llm,28,4,128,1,512,8192,32,29,16,2,10.506329,0.0,True
llm,28,4,128,1,512,8192,32,29,17,2,10.516024,0.0,True
llm,28,4,128,1,512,8192,32,29,18,2,10.536445,0.0,True
llm,28,4,128,1,512,8192,32,29,19,2,10.531998,0.0,True
llm,28,4,128,1,512,8192,64,29,0,3,10.525369,0.0,True
llm,28,4,128,1,512,8192,64,29,1,3,10.475813,0.0,True
llm,28,4,128,1,512,8192,64,29,2,3,10.510987,0.0,True
llm,28,4,128,1,512,8192,64,29,3,3,10.475162,0.0,True
llm,28,4,128,1,512,8192,64,29,4,3,10.50648,0.0,True
llm,28,4,128,1,512,8192,64,29,5,3,10.505839,0.0,True
llm,28,4,128,1,512,8192,64,29,6,3,10.501291,0.0,True
llm,28,4,128,1,512,8192,64,29,7,3,10.525228,0.0,True
llm,28,4,128,1,512,8192,64,29,8,3,10.52613,0.0,True
llm,28,4,128,1,512,8192,64,29,9,3,10.513661,0.0,True
llm,28,4,128,1,512,8192,64,29,10,3,10.536586,0.0,True
llm,28,4,128,1,512,8192,64,29,11,3,10.527171,0.0,True
llm,28,4,128,1,512,8192,64,29,12,3,10.498278,0.0,True
llm,28,4,128,1,512,8192,64,29,13,3,10.503395,0.0,True
llm,28,4,128,1,512,8192,64,29,14,3,10.531056,0.0,True
llm,28,4,128,1,512,8192,64,29,15,3,10.523204,0.0,True
llm,28,4,128,1,512,8192,64,29,16,3,10.503455,0.0,True
llm,28,4,128,1,512,8192,64,29,17,3,10.527392,0.0,True
llm,28,4,128,1,512,8192,64,29,18,3,10.513691,0.0,True
llm,28,4,128,1,512,8192,64,29,19,3,10.524326,0.0,True
llm,28,4,128,1,512,8192,32,47,0,0,10.431395,0.0,True
llm,28,4,128,1,512,8192,32,47,1,0,10.468482,0.0,True
llm,28,4,128,1,512,8192,32,47,2,0,10.465076,0.0,True
llm,28,4,128,1,512,8192,32,47,3,0,10.477565,0.0,True
llm,28,4,128,1,512,8192,32,47,4,0,10.471246,0.0,True
llm,28,4,128,1,512,8192,32,47,5,0,10.510886,0.0,True
llm,28,4,128,1,512,8192,32,47,6,0,10.489153,0.0,True
llm,28,4,128,1,512,8192,32,47,7,0,10.48744,0.0,True
llm,28,4,128,1,512,8192,32,47,8,0,10.486699,0.0,True
llm,28,4,128,1,512,8192,32,47,9,0,10.50659,0.0,True
llm,28,4,128,1,512,8192,32,47,10,0,10.461631,0.0,True
llm,28,4,128,1,512,8192,32,47,11,0,10.510235,0.0,True
llm,28,4,128,1,512,8192,32,47,12,0,10.502313,0.0,True
llm,28,4,128,1,512,8192,32,47,13,0,10.498608,0.0,True
llm,28,4,128,1,512,8192,32,47,14,0,10.504697,0.0,True
llm,28,4,128,1,512,8192,32,47,15,0,10.473149,0.0,True
llm,28,4,128,1,512,8192,32,47,16,0,10.491857,0.0,True
llm,28,4,128,1,512,8192,32,47,17,0,10.483565,0.0,True
llm,28,4,128,1,512,8192,32,47,18,0,10.521702,0.0,True
llm,28,4,128,1,512,8192,32,47,19,0,10.515713,0.0,True
llm,28,4,128,1,512,8192,128,47,0,1,10.51311,0.0,True
llm,28,4,128,1,512,8192,128,47,1,1,10.437965,0.0,True
llm,28,4,128,1,512,8192,128,47,2,1,10.497126,0.0,True
llm,28,4,128,1,512,8192,128,47,3,1,10.463905,0.0,True
llm,28,4,128,1,512,8192,128,47,4,1,10.496495,0.0,True
llm,28,4,128,1,512,8192,128,47,5,1,10.477957,0.0,True
llm,28,4,128,1,512,8192,128,47,6,1,10.481081,0.0,True
llm,28,4,128,1,512,8192,128,47,7,1,10.501521,0.0,True
llm,28,4,128,1,512,8192,128,47,8,1,10.458446,0.0,True
llm,28,4,128,1,512,8192,128,47,9,1,10.528944,0.0,True
llm,28,4,128,1,512,8192,128,47,10,1,10.451386,0.0,True
llm,28,4,128,1,512,8192,128,47,11,1,10.514252,0.0,True
llm,28,4,128,1,512,8192,128,47,12,1,10.522093,0.0,True
llm,28,4,128,1,512,8192,128,47,13,1,10.499939,0.0,True
llm,28,4,128,1,512,8192,128,47,14,1,10.477846,0.0,True
llm,28,4,128,1,512,8192,128,47,15,1,10.485739,0.0,True
llm,28,4,128,1,512,8192,128,47,16,1,10.490876,0.0,True
llm,28,4,128,1,512,8192,128,47,17,1,10.471457,0.0,True
llm,28,4,128,1,512,8192,128,47,18,1,10.487381,0.0,True
llm,28,4,128,1,512,8192,128,47,19,1,10.499919,0.0,True
llm,28,4,128,1,512,8192,16,47,0,2,10.519379,0.0,True
llm,28,4,128,1,512,8192,16,47,1,2,10.43439,0.0,True
llm,28,4,128,1,512,8192,16,47,2,2,10.501783,0.0,True
llm,28,4,128,1,512,8192,16,47,3,2,10.488843,0.0,True
llm,28,4,128,1,512,8192,16,47,4,2,10.521463,0.0,True
llm,28,4,128,1,512,8192,16,47,5,2,10.472768,0.0,True
llm,28,4,128,1,512,8192,16,47,6,2,10.516175,0.0,True
llm,28,4,128,1,512,8192,16,47,7,2,10.470745,0.0,True
llm,28,4,128,1,512,8192,16,47,8,2,10.498187,0.0,True
llm,28,4,128,1,512,8192,16,47,9,2,10.493619,0.0,True
llm,28,4,128,1,512,8192,16,47,10,2,10.511398,0.0,True
llm,28,4,128,1,512,8192,16,47,11,2,10.498508,0.0,True
llm,28,4,128,1,512,8192,16,47,12,2,10.483765,0.0,True
llm,28,4,128,1,512,8192,16,47,13,2,10.497997,0.0,True
llm,28,4,128,1,512,8192,16,47,14,2,10.458677,0.0,True
llm,28,4,128,1,512,8192,16,47,15,2,10.498577,0.0,True
llm,28,4,128,1,512,8192,16,47,16,2,10.476604,0.0,True
llm,28,4,128,1,512,8192,16,47,17,2,10.49339,0.0,True
llm,28,4,128,1,512,8192,16,47,18,2,10.505919,0.0,True
llm,28,4,128,1,512,8192,16,47,19,2,10.469904,0.0,True
llm,28,4,128,1,512,8192,64,47,0,3,10.527501,0.0,True
llm,28,4,128,1,512,8192,64,47,1,3,10.512008,0.0,True
llm,28,4,128,1,512,8192,64,47,2,3,10.540161,0.0,True
llm,28,4,128,1,512,8192,64,47,3,3,10.518167,0.0,True
llm,28,4,128,1,512,8192,64,47,4,3,10.507591,0.0,True
llm,28,4,128,1,512,8192,64,47,5,3,10.477855,0.0,True
llm,28,4,128,1,512,8192,64,47,6,3,10.519279,0.0,True
llm,28,4,128,1,512,8192,64,47,7,3,10.469013,0.0,True
llm,28,4,128,1,512,8192,64,47,8,3,10.535103,0.0,True
llm,28,4,128,1,512,8192,64,47,9,3,10.539981,0.0,True
llm,28,4,128,1,512,8192,64,47,10,3,10.518297,0.0,True
llm,28,4,128,1,512,8192,64,47,11,3,10.55241,0.0,True
llm,28,4,128,1,512,8192,64,47,12,3,10.532669,0.0,True
llm,28,4,128,1,512,8192,64,47,13,3,10.524888,0.0,True
llm,28,4,128,1,512,8192,64,47,14,3,10.511908,0.0,True
llm,28,4,128,1,512,8192,64,47,15,3,10.515313,0.0,True
llm,28,4,128,1,512,8192,64,47,16,3,10.479479,0.0,True
llm,28,4,128,1,512,8192,64,47,17,3,10.521262,0.0,True
llm,28,4,128,1,512,8192,64,47,18,3,10.511066,0.0,True
llm,28,4,128,1,512,8192,64,47,19,3,10.542114,0.0,True
llm,28,4,128,1,512,16384,64,11,0,0,39.56789,0.0,True
llm,28,4,128,1,512,16384,64,11,1,0,39.489471,0.0,True
llm,28,4,128,1,512,16384,64,11,2,0,22.809181,0.0,True
llm,28,4,128,1,512,16384,64,11,3,0,20.790441,0.0,True
llm,28,4,128,1,512,16384,64,11,4,0,20.820066,0.0,True
llm,28,4,128,1,512,16384,64,11,5,0,20.818123,0.0,True
llm,28,4,128,1,512,16384,64,11,6,0,20.845134,0.0,True
llm,28,4,128,1,512,16384,64,11,7,0,20.811944,0.0,True
llm,28,4,128,1,512,16384,64,11,8,0,20.787927,0.0,True
llm,28,4,128,1,512,16384,64,11,9,0,20.792995,0.0,True
llm,28,4,128,1,512,16384,64,11,10,0,20.824963,0.0,True
llm,28,4,128,1,512,16384,64,11,11,0,20.799925,0.0,True
llm,28,4,128,1,512,16384,64,11,12,0,20.768207,0.0,True
llm,28,4,128,1,512,16384,64,11,13,0,20.817893,0.0,True
llm,28,4,128,1,512,16384,64,11,14,0,20.855158,0.0,True
llm,28,4,128,1,512,16384,64,11,15,0,20.831153,0.0,True
llm,28,4,128,1,512,16384,64,11,16,0,20.835709,0.0,True
llm,28,4,128,1,512,16384,64,11,17,0,20.795358,0.0,True
llm,28,4,128,1,512,16384,64,11,18,0,20.794296,0.0,True
llm,28,4,128,1,512,16384,64,11,19,0,20.82975,0.0,True
llm,28,4,128,1,512,16384,128,11,0,1,20.892916,0.0,True
llm,28,4,128,1,512,16384,128,11,1,1,20.899676,0.0,True
llm,28,4,128,1,512,16384,128,11,2,1,20.852855,0.0,True
llm,28,4,128,1,512,16384,128,11,3,1,20.903352,0.0,True
llm,28,4,128,1,512,16384,128,11,4,1,20.955871,0.0,True
llm,28,4,128,1,512,16384,128,11,5,1,20.864443,0.0,True
llm,28,4,128,1,512,16384,128,11,6,1,20.90216,0.0,True
llm,28,4,128,1,512,16384,128,11,7,1,20.903542,0.0,True
llm,28,4,128,1,512,16384,128,11,8,1,20.935291,0.0,True
llm,28,4,128,1,512,16384,128,11,9,1,20.966648,0.0,True
llm,28,4,128,1,512,16384,128,11,10,1,20.927388,0.0,True
llm,28,4,128,1,512,16384,128,11,11,1,20.915661,0.0,True
llm,28,4,128,1,512,16384,128,11,12,1,20.92803,0.0,True
llm,28,4,128,1,512,16384,128,11,13,1,20.90854,0.0,True
llm,28,4,128,1,512,16384,128,11,14,1,20.903342,0.0,True
llm,28,4,128,1,512,16384,128,11,15,1,20.885405,0.0,True
llm,28,4,128,1,512,16384,128,11,16,1,20.91531,0.0,True
llm,28,4,128,1,512,16384,128,11,17,1,20.924344,0.0,True
llm,28,4,128,1,512,16384,128,11,18,1,20.968261,0.0,True
llm,28,4,128,1,512,16384,128,11,19,1,20.908089,0.0,True
llm,28,4,128,1,512,16384,32,11,0,2,20.900848,0.0,True
llm,28,4,128,1,512,16384,32,11,1,2,20.893157,0.0,True
llm,28,4,128,1,512,16384,32,11,2,2,20.897773,0.0,True
llm,28,4,128,1,512,16384,32,11,3,2,20.964926,0.0,True
llm,28,4,128,1,512,16384,32,11,4,2,20.983244,0.0,True
llm,28,4,128,1,512,16384,32,11,5,2,20.923883,0.0,True
llm,28,4,128,1,512,16384,32,11,6,2,20.905425,0.0,True
llm,28,4,128,1,512,16384,32,11,7,2,20.931125,0.0,True
llm,28,4,128,1,512,16384,32,11,8,2,20.915811,0.0,True
llm,28,4,128,1,512,16384,32,11,9,2,20.917843,0.0,True
llm,28,4,128,1,512,16384,32,11,10,2,20.940699,0.0,True
llm,28,4,128,1,512,16384,32,11,11,2,20.906246,0.0,True
llm,28,4,128,1,512,16384,32,11,12,2,20.940038,0.0,True
llm,28,4,128,1,512,16384,32,11,13,2,20.925736,0.0,True
llm,28,4,128,1,512,16384,32,11,14,2,20.982232,0.0,True
llm,28,4,128,1,512,16384,32,11,15,2,20.94157,0.0,True
llm,28,4,128,1,512,16384,32,11,16,2,20.905515,0.0,True
llm,28,4,128,1,512,16384,32,11,17,2,20.890152,0.0,True
llm,28,4,128,1,512,16384,32,11,18,2,20.978366,0.0,True
llm,28,4,128,1,512,16384,32,11,19,2,20.920098,0.0,True
llm,28,4,128,1,512,16384,16,11,0,3,20.963793,0.0,True
llm,28,4,128,1,512,16384,16,11,1,3,20.958335,0.0,True
llm,28,4,128,1,512,16384,16,11,2,3,20.911355,0.0,True
llm,28,4,128,1,512,16384,16,11,3,3,20.904053,0.0,True
llm,28,4,128,1,512,16384,16,11,4,3,20.933217,0.0,True
llm,28,4,128,1,512,16384,16,11,5,3,20.938665,0.0,True
llm,28,4,128,1,512,16384,16,11,6,3,20.963954,0.0,True
llm,28,4,128,1,512,16384,16,11,7,3,20.926136,0.0,True
llm,28,4,128,1,512,16384,16,11,8,3,20.934009,0.0,True
llm,28,4,128,1,512,16384,16,11,9,3,20.969883,0.0,True
llm,28,4,128,1,512,16384,16,11,10,3,20.920928,0.0,True
llm,28,4,128,1,512,16384,16,11,11,3,20.885375,0.0,True
llm,28,4,128,1,512,16384,16,11,12,3,20.931164,0.0,True
llm,28,4,128,1,512,16384,16,11,13,3,20.923883,0.0,True
llm,28,4,128,1,512,16384,16,11,14,3,20.923923,0.0,True
llm,28,4,128,1,512,16384,16,11,15,3,20.947739,0.0,True
llm,28,4,128,1,512,16384,16,11,16,3,20.910553,0.0,True
llm,28,4,128,1,512,16384,16,11,17,3,20.917944,0.0,True
llm,28,4,128,1,512,16384,16,11,18,3,20.906817,0.0,True
llm,28,4,128,1,512,16384,16,11,19,3,20.948781,0.0,True
llm,28,4,128,1,512,16384,128,29,0,0,26.22169,0.0,True
llm,28,4,128,1,512,16384,128,29,1,0,20.795307,0.0,True
llm,28,4,128,1,512,16384,128,29,2,0,20.817461,0.0,True
llm,28,4,128,1,512,16384,128,29,3,0,20.827856,0.0,True
llm,28,4,128,1,512,16384,128,29,4,0,20.844833,0.0,True
llm,28,4,128,1,512,16384,128,29,5,0,20.803359,0.0,True
llm,28,4,128,1,512,16384,128,29,6,0,20.924514,0.0,True
llm,28,4,128,1,512,16384,128,29,7,0,20.849129,0.0,True
llm,28,4,128,1,512,16384,128,29,8,0,20.871162,0.0,True
llm,28,4,128,1,512,16384,128,29,9,0,20.864212,0.0,True
llm,28,4,128,1,512,16384,128,29,10,0,20.919726,0.0,True
llm,28,4,128,1,512,16384,128,29,11,0,20.862268,0.0,True
llm,28,4,128,1,512,16384,128,29,12,0,20.849199,0.0,True
llm,28,4,128,1,512,16384,128,29,13,0,20.906987,0.0,True
llm,28,4,128,1,512,16384,128,29,14,0,20.890542,0.0,True
llm,28,4,128,1,512,16384,128,29,15,0,20.892766,0.0,True
llm,28,4,128,1,512,16384,128,29,16,0,20.854968,0.0,True
llm,28,4,128,1,512,16384,128,29,17,0,20.938154,0.0,True
llm,28,4,128,1,512,16384,128,29,18,0,20.859815,0.0,True
llm,28,4,128,1,512,16384,128,29,19,0,20.872925,0.0,True
llm,28,4,128,1,512,16384,32,29,0,1,20.902801,0.0,True
llm,28,4,128,1,512,16384,32,29,1,1,20.815748,0.0,True
llm,28,4,128,1,512,16384,32,29,2,1,20.855899,0.0,True
llm,28,4,128,1,512,16384,32,29,3,1,20.844442,0.0,True
llm,28,4,128,1,512,16384,32,29,4,1,20.878764,0.0,True
llm,28,4,128,1,512,16384,32,29,5,1,20.892454,0.0,True
llm,28,4,128,1,512,16384,32,29,6,1,20.835429,0.0,True
llm,28,4,128,1,512,16384,32,29,7,1,20.883852,0.0,True
llm,28,4,128,1,512,16384,32,29,8,1,20.926516,0.0,True
llm,28,4,128,1,512,16384,32,29,9,1,20.879385,0.0,True
llm,28,4,128,1,512,16384,32,29,10,1,20.877092,0.0,True
llm,28,4,128,1,512,16384,32,29,11,1,20.887618,0.0,True
llm,28,4,128,1,512,16384,32,29,12,1,20.888409,0.0,True
llm,28,4,128,1,512,16384,32,29,13,1,20.923963,0.0,True
llm,28,4,128,1,512,16384,32,29,14,1,20.952026,0.0,True
llm,28,4,128,1,512,16384,32,29,15,1,20.847627,0.0,True
llm,28,4,128,1,512,16384,32,29,16,1,20.854577,0.0,True
llm,28,4,128,1,512,16384,32,29,17,1,20.840946,0.0,True
llm,28,4,128,1,512,16384,32,29,18,1,20.835588,0.0,True
llm,28,4,128,1,512,16384,32,29,19,1,20.895289,0.0,True
llm,28,4,128,1,512,16384,64,29,0,2,20.860126,0.0,True
llm,28,4,128,1,512,16384,64,29,1,2,20.803099,0.0,True
llm,28,4,128,1,512,16384,64,29,2,2,20.860456,0.0,True
llm,28,4,128,1,512,16384,64,29,3,2,20.895769,0.0,True
llm,28,4,128,1,512,16384,64,29,4,2,20.864062,0.0,True
llm,28,4,128,1,512,16384,64,29,5,2,20.8496,0.0,True
llm,28,4,128,1,512,16384,64,29,6,2,20.883501,0.0,True
llm,28,4,128,1,512,16384,64,29,7,2,20.864221,0.0,True
llm,28,4,128,1,512,16384,64,29,8,2,20.919415,0.0,True
llm,28,4,128,1,512,16384,64,29,9,2,20.898503,0.0,True
llm,28,4,128,1,512,16384,64,29,10,2,20.87593,0.0,True
llm,28,4,128,1,512,16384,64,29,11,2,20.913357,0.0,True
llm,28,4,128,1,512,16384,64,29,12,2,20.914058,0.0,True
llm,28,4,128,1,512,16384,64,29,13,2,20.874918,0.0,True
llm,28,4,128,1,512,16384,64,29,14,2,20.900266,0.0,True
llm,28,4,128,1,512,16384,64,29,15,2,20.840004,0.0,True
llm,28,4,128,1,512,16384,64,29,16,2,20.886415,0.0,True
llm,28,4,128,1,512,16384,64,29,17,2,20.885334,0.0,True
llm,28,4,128,1,512,16384,64,29,18,2,20.884482,0.0,True
llm,28,4,128,1,512,16384,64,29,19,2,20.865564,0.0,True
llm,28,4,128,1,512,16384,16,29,0,3,20.950603,0.0,True
llm,28,4,128,1,512,16384,16,29,1,3,20.895048,0.0,True
llm,28,4,128,1,512,16384,16,29,2,3,20.904042,0.0,True
llm,28,4,128,1,512,16384,16,29,3,3,20.945956,0.0,True
llm,28,4,128,1,512,16384,16,29,4,3,20.966076,0.0,True
llm,28,4,128,1,512,16384,16,29,5,3,20.954268,0.0,True
llm,28,4,128,1,512,16384,16,29,6,3,20.913867,0.0,True
llm,28,4,128,1,512,16384,16,29,7,3,20.962681,0.0,True
llm,28,4,128,1,512,16384,16,29,8,3,20.916161,0.0,True
llm,28,4,128,1,512,16384,16,29,9,3,20.915931,0.0,True
llm,28,4,128,1,512,16384,16,29,10,3,20.971115,0.0,True
llm,28,4,128,1,512,16384,16,29,11,3,20.910162,0.0,True
llm,28,4,128,1,512,16384,16,29,12,3,20.945035,0.0,True
llm,28,4,128,1,512,16384,16,29,13,3,20.9687,0.0,True
llm,28,4,128,1,512,16384,16,29,14,3,20.913056,0.0,True
llm,28,4,128,1,512,16384,16,29,15,3,20.936923,0.0,True
llm,28,4,128,1,512,16384,16,29,16,3,20.972086,0.0,True
llm,28,4,128,1,512,16384,16,29,17,3,20.954599,0.0,True
llm,28,4,128,1,512,16384,16,29,18,3,20.954289,0.0,True
llm,28,4,128,1,512,16384,16,29,19,3,20.897683,0.0,True
llm,28,4,128,1,512,16384,128,47,0,0,28.995077,0.0,True
llm,28,4,128,1,512,16384,128,47,1,0,20.867406,0.0,True
llm,28,4,128,1,512,16384,128,47,2,0,20.760373,0.0,True
llm,28,4,128,1,512,16384,128,47,3,0,20.774304,0.0,True
llm,28,4,128,1,512,16384,128,47,4,0,20.886626,0.0,True
llm,28,4,128,1,512,16384,128,47,5,0,20.7908,0.0,True
llm,28,4,128,1,512,16384,128,47,6,0,20.846625,0.0,True
llm,28,4,128,1,512,16384,128,47,7,0,20.793574,0.0,True
llm,28,4,128,1,512,16384,128,47,8,0,20.802407,0.0,True
llm,28,4,128,1,512,16384,128,47,9,0,20.80386,0.0,True
llm,28,4,128,1,512,16384,128,47,10,0,20.789899,0.0,True
llm,28,4,128,1,512,16384,128,47,11,0,20.780755,0.0,True
llm,28,4,128,1,512,16384,128,47,12,0,20.855628,0.0,True
llm,28,4,128,1,512,16384,128,47,13,0,20.864372,0.0,True
llm,28,4,128,1,512,16384,128,47,14,0,20.7905,0.0,True
llm,28,4,128,1,512,16384,128,47,15,0,20.793714,0.0,True
llm,28,4,128,1,512,16384,128,47,16,0,20.819253,0.0,True
llm,28,4,128,1,512,16384,128,47,17,0,20.827776,0.0,True
llm,28,4,128,1,512,16384,128,47,18,0,20.795628,0.0,True
llm,28,4,128,1,512,16384,128,47,19,0,20.848217,0.0,True
llm,28,4,128,1,512,16384,16,47,0,1,20.787574,0.0,True
llm,28,4,128,1,512,16384,16,47,1,1,20.785942,0.0,True
llm,28,4,128,1,512,16384,16,47,2,1,20.832843,0.0,True
llm,28,4,128,1,512,16384,16,47,3,1,20.840104,0.0,True
llm,28,4,128,1,512,16384,16,47,4,1,20.853965,0.0,True
llm,28,4,128,1,512,16384,16,47,5,1,20.879575,0.0,True
llm,28,4,128,1,512,16384,16,47,6,1,20.872413,0.0,True
llm,28,4,128,1,512,16384,16,47,7,1,20.892754,0.0,True
llm,28,4,128,1,512,16384,16,47,8,1,20.888959,0.0,True
llm,28,4,128,1,512,16384,16,47,9,1,20.922089,0.0,True
llm,28,4,128,1,512,16384,16,47,10,1,20.8835,0.0,True
llm,28,4,128,1,512,16384,16,47,11,1,20.892003,0.0,True
llm,28,4,128,1,512,16384,16,47,12,1,20.852694,0.0,True
llm,28,4,128,1,512,16384,16,47,13,1,20.893355,0.0,True
llm,28,4,128,1,512,16384,16,47,14,1,20.897301,0.0,True
llm,28,4,128,1,512,16384,16,47,15,1,20.851442,0.0,True
llm,28,4,128,1,512,16384,16,47,16,1,20.872153,0.0,True
llm,28,4,128,1,512,16384,16,47,17,1,20.904813,0.0,True
llm,28,4,128,1,512,16384,16,47,18,1,20.896631,0.0,True
llm,28,4,128,1,512,16384,16,47,19,1,20.897301,0.0,True
llm,28,4,128,1,512,16384,64,47,0,2,20.862068,0.0,True
llm,28,4,128,1,512,16384,64,47,1,2,20.887287,0.0,True
llm,28,4,128,1,512,16384,64,47,2,2,20.85615,0.0,True
llm,28,4,128,1,512,16384,64,47,3,2,20.86381,0.0,True
llm,28,4,128,1,512,16384,64,47,4,2,20.866554,0.0,True
llm,28,4,128,1,512,16384,64,47,5,2,20.880125,0.0,True
llm,28,4,128,1,512,16384,64,47,6,2,20.881808,0.0,True
llm,28,4,128,1,512,16384,64,47,7,2,20.92283,0.0,True
llm,28,4,128,1,512,16384,64,47,8,2,20.841566,0.0,True
llm,28,4,128,1,512,16384,64,47,9,2,20.904372,0.0,True
llm,28,4,128,1,512,16384,64,47,10,2,20.856439,0.0,True
llm,28,4,128,1,512,16384,64,47,11,2,20.940557,0.0,True
llm,28,4,128,1,512,16384,64,47,12,2,20.937833,0.0,True
llm,28,4,128,1,512,16384,64,47,13,2,20.864761,0.0,True
llm,28,4,128,1,512,16384,64,47,14,2,20.920186,0.0,True
llm,28,4,128,1,512,16384,64,47,15,2,20.833685,0.0,True
llm,28,4,128,1,512,16384,64,47,16,2,20.939576,0.0,True
llm,28,4,128,1,512,16384,64,47,17,2,20.940737,0.0,True
llm,28,4,128,1,512,16384,64,47,18,2,20.907898,0.0,True
llm,28,4,128,1,512,16384,64,47,19,2,20.890661,0.0,True
llm,28,4,128,1,512,16384,32,47,0,3,20.918113,0.0,True
llm,28,4,128,1,512,16384,32,47,1,3,20.874426,0.0,True
llm,28,4,128,1,512,16384,32,47,2,3,20.926266,0.0,True
llm,28,4,128,1,512,16384,32,47,3,3,20.94893,0.0,True
llm,28,4,128,1,512,16384,32,47,4,3,20.971584,0.0,True
llm,28,4,128,1,512,16384,32,47,5,3,20.90969,0.0,True
llm,28,4,128,1,512,16384,32,47,6,3,20.951254,0.0,True
llm,28,4,128,1,512,16384,32,47,7,3,20.931343,0.0,True
llm,28,4,128,1,512,16384,32,47,8,3,20.925604,0.0,True
llm,28,4,128,1,512,16384,32,47,9,3,20.960338,0.0,True
llm,28,4,128,1,512,16384,32,47,10,3,20.94907,0.0,True
llm,28,4,128,1,512,16384,32,47,11,3,20.946746,0.0,True
llm,28,4,128,1,512,16384,32,47,12,3,20.935098,0.0,True
llm,28,4,128,1,512,16384,32,47,13,3,20.939055,0.0,True
llm,28,4,128,1,512,16384,32,47,14,3,20.940207,0.0,True
llm,28,4,128,1,512,16384,32,47,15,3,20.963242,0.0,True
llm,28,4,128,1,512,16384,32,47,16,3,20.94893,0.0,True
llm,28,4,128,1,512,16384,32,47,17,3,20.970943,0.0,True
llm,28,4,128,1,512,16384,32,47,18,3,20.92274,0.0,True
llm,28,4,128,1,512,16384,32,47,19,3,20.960438,0.0,True
llm,28,4,128,4,128,2048,16,11,0,0,2.736542,0.0,True
llm,28,4,128,4,128,2048,16,11,1,0,2.822272,0.0,True
llm,28,4,128,4,128,2048,16,11,2,0,2.738705,0.0,True
llm,28,4,128,4,128,2048,16,11,3,0,2.769302,0.0,True
llm,28,4,128,4,128,2048,16,11,4,0,2.758175,0.0,True
llm,28,4,128,4,128,2048,16,11,5,0,2.756382,0.0,True
llm,28,4,128,4,128,2048,16,11,6,0,2.764975,0.0,True
llm,28,4,128,4,128,2048,16,11,7,0,2.757003,0.0,True
llm,28,4,128,4,128,2048,16,11,8,0,2.758786,0.0,True
llm,28,4,128,4,128,2048,16,11,9,0,2.758745,0.0,True
llm,28,4,128,4,128,2048,16,11,10,0,2.805026,0.0,True
llm,28,4,128,4,128,2048,16,11,11,0,2.764064,0.0,True
llm,28,4,128,4,128,2048,16,11,12,0,2.755962,0.0,True
llm,28,4,128,4,128,2048,16,11,13,0,2.774029,0.0,True
llm,28,4,128,4,128,2048,16,11,14,0,2.750042,0.0,True
llm,28,4,128,4,128,2048,16,11,15,0,2.751515,0.0,True
llm,28,4,128,4,128,2048,16,11,16,0,2.751134,0.0,True
llm,28,4,128,4,128,2048,16,11,17,0,2.80131,0.0,True
llm,28,4,128,4,128,2048,16,11,18,0,2.742201,0.0,True
llm,28,4,128,4,128,2048,16,11,19,0,2.736582,0.0,True
llm,28,4,128,4,128,2048,32,11,0,1,2.757985,0.0,True
llm,28,4,128,4,128,2048,32,11,1,1,2.801501,0.0,True
llm,28,4,128,4,128,2048,32,11,2,1,2.750983,0.0,True
llm,28,4,128,4,128,2048,32,11,3,1,2.792937,0.0,True
llm,28,4,128,4,128,2048,32,11,4,1,2.750694,0.0,True
llm,28,4,128,4,128,2048,32,11,5,1,2.748731,0.0,True
llm,28,4,128,4,128,2048,32,11,6,1,2.753418,0.0,True
llm,28,4,128,4,128,2048,32,11,7,1,2.771535,0.0,True
llm,28,4,128,4,128,2048,32,11,8,1,2.771194,0.0,True
llm,28,4,128,4,128,2048,32,11,9,1,2.746877,0.0,True
llm,28,4,128,4,128,2048,32,11,10,1,2.723783,0.0,True
llm,28,4,128,4,128,2048,32,11,11,1,2.763272,0.0,True
llm,28,4,128,4,128,2048,32,11,12,1,2.753408,0.0,True
llm,28,4,128,4,128,2048,32,11,13,1,2.791084,0.0,True
llm,28,4,128,4,128,2048,32,11,14,1,2.756613,0.0,True
llm,28,4,128,4,128,2048,32,11,15,1,2.738585,0.0,True
llm,28,4,128,4,128,2048,32,11,16,1,2.746607,0.0,True
llm,28,4,128,4,128,2048,32,11,17,1,2.747328,0.0,True
llm,28,4,128,4,128,2048,32,11,18,1,2.730793,0.0,True
llm,28,4,128,4,128,2048,32,11,19,1,2.776993,0.0,True
llm,28,4,128,4,128,2048,64,11,0,2,2.749041,0.0,True
llm,28,4,128,4,128,2048,64,11,1,2,2.726116,0.0,True
llm,28,4,128,4,128,2048,64,11,2,2,2.755762,0.0,True
llm,28,4,128,4,128,2048,64,11,3,2,2.748851,0.0,True
llm,28,4,128,4,128,2048,64,11,4,2,2.747428,0.0,True
llm,28,4,128,4,128,2048,64,11,5,2,2.738565,0.0,True
llm,28,4,128,4,128,2048,64,11,6,2,2.751505,0.0,True
llm,28,4,128,4,128,2048,64,11,7,2,2.837135,0.0,True
llm,28,4,128,4,128,2048,64,11,8,2,2.74184,0.0,True
llm,28,4,128,4,128,2048,64,11,9,2,2.788631,0.0,True
llm,28,4,128,4,128,2048,64,11,10,2,2.747559,0.0,True
llm,28,4,128,4,128,2048,64,11,11,2,2.727498,0.0,True
llm,28,4,128,4,128,2048,64,11,12,2,2.732926,0.0,True
llm,28,4,128,4,128,2048,64,11,13,2,2.777855,0.0,True
llm,28,4,128,4,128,2048,64,11,14,2,2.738945,0.0,True
llm,28,4,128,4,128,2048,64,11,15,2,2.780068,0.0,True
llm,28,4,128,4,128,2048,64,11,16,2,2.751745,0.0,True
llm,28,4,128,4,128,2048,64,11,17,2,2.800319,0.0,True
llm,28,4,128,4,128,2048,64,11,18,2,2.753007,0.0,True
llm,28,4,128,4,128,2048,64,11,19,2,2.767478,0.0,True
llm,28,4,128,4,128,2048,128,11,0,3,2.758034,0.0,True
llm,28,4,128,4,128,2048,128,11,1,3,2.777133,0.0,True
llm,28,4,128,4,128,2048,128,11,2,3,2.7547,0.0,True
llm,28,4,128,4,128,2048,128,11,3,3,2.745466,0.0,True
llm,28,4,128,4,128,2048,128,11,4,3,2.739647,0.0,True
llm,28,4,128,4,128,2048,128,11,5,3,2.82731,0.0,True
llm,28,4,128,4,128,2048,128,11,6,3,2.74234,0.0,True
llm,28,4,128,4,128,2048,128,11,7,3,2.745084,0.0,True
llm,28,4,128,4,128,2048,128,11,8,3,2.745495,0.0,True
llm,28,4,128,4,128,2048,128,11,9,3,2.784896,0.0,True
llm,28,4,128,4,128,2048,128,11,10,3,2.725244,0.0,True
llm,28,4,128,4,128,2048,128,11,11,3,2.739095,0.0,True
llm,28,4,128,4,128,2048,128,11,12,3,2.73551,0.0,True
llm,28,4,128,4,128,2048,128,11,13,3,2.739136,0.0,True
llm,28,4,128,4,128,2048,128,11,14,3,2.739777,0.0,True
llm,28,4,128,4,128,2048,128,11,15,3,2.748941,0.0,True
llm,28,4,128,4,128,2048,128,11,16,3,2.753748,0.0,True
llm,28,4,128,4,128,2048,128,11,17,3,2.745655,0.0,True
llm,28,4,128,4,128,2048,128,11,18,3,2.750243,0.0,True
llm,28,4,128,4,128,2048,128,11,19,3,2.789913,0.0,True
llm,28,4,128,4,128,2048,128,29,0,0,2.794169,0.0,True
llm,28,4,128,4,128,2048,128,29,1,0,2.759036,0.0,True
llm,28,4,128,4,128,2048,128,29,2,0,2.770413,0.0,True
llm,28,4,128,4,128,2048,128,29,3,0,2.744303,0.0,True
llm,28,4,128,4,128,2048,128,29,4,0,2.759837,0.0,True
llm,28,4,128,4,128,2048,128,29,5,0,2.750993,0.0,True
llm,28,4,128,4,128,2048,128,29,6,0,2.738485,0.0,True
llm,28,4,128,4,128,2048,128,29,7,0,2.747599,0.0,True
llm,28,4,128,4,128,2048,128,29,8,0,2.74844,0.0,True
llm,28,4,128,4,128,2048,128,29,9,0,2.760408,0.0,True
llm,28,4,128,4,128,2048,128,29,10,0,2.758746,0.0,True
llm,28,4,128,4,128,2048,128,29,11,0,2.759166,0.0,True
llm,28,4,128,4,128,2048,128,29,12,0,2.791365,0.0,True
llm,28,4,128,4,128,2048,128,29,13,0,2.747338,0.0,True
llm,28,4,128,4,128,2048,128,29,14,0,2.740959,0.0,True
llm,28,4,128,4,128,2048,128,29,15,0,2.740979,0.0,True
llm,28,4,128,4,128,2048,128,29,16,0,2.734409,0.0,True
llm,28,4,128,4,128,2048,128,29,17,0,2.747038,0.0,True
llm,28,4,128,4,128,2048,128,29,18,0,2.759917,0.0,True
llm,28,4,128,4,128,2048,128,29,19,0,2.754619,0.0,True
llm,28,4,128,4,128,2048,16,29,0,1,2.793288,0.0,True
llm,28,4,128,4,128,2048,16,29,1,1,2.736041,0.0,True
llm,28,4,128,4,128,2048,16,29,2,1,2.753317,0.0,True
llm,28,4,128,4,128,2048,16,29,3,1,2.767519,0.0,True
llm,28,4,128,4,128,2048,16,29,4,1,2.738735,0.0,True
llm,28,4,128,4,128,2048,16,29,5,1,2.727027,0.0,True
llm,28,4,128,4,128,2048,16,29,6,1,2.74855,0.0,True
llm,28,4,128,4,128,2048,16,29,7,1,2.749181,0.0,True
llm,28,4,128,4,128,2048,16,29,8,1,2.755952,0.0,True
llm,28,4,128,4,128,2048,16,29,9,1,2.753818,0.0,True
llm,28,4,128,4,128,2048,16,29,10,1,2.748029,0.0,True
llm,28,4,128,4,128,2048,16,29,11,1,2.80763,0.0,True
llm,28,4,128,4,128,2048,16,29,12,1,2.75506,0.0,True
llm,28,4,128,4,128,2048,16,29,13,1,2.735751,0.0,True
llm,28,4,128,4,128,2048,16,29,14,1,2.738395,0.0,True
llm,28,4,128,4,128,2048,16,29,15,1,2.737073,0.0,True
llm,28,4,128,4,128,2048,16,29,16,1,2.746416,0.0,True
llm,28,4,128,4,128,2048,16,29,17,1,2.753167,0.0,True
llm,28,4,128,4,128,2048,16,29,18,1,2.750122,0.0,True
llm,28,4,128,4,128,2048,16,29,19,1,2.747198,0.0,True
llm,28,4,128,4,128,2048,64,29,0,2,2.7614,0.0,True
llm,28,4,128,4,128,2048,64,29,1,2,2.741029,0.0,True
llm,28,4,128,4,128,2048,64,29,2,2,2.749902,0.0,True
llm,28,4,128,4,128,2048,64,29,3,2,2.744294,0.0,True
llm,28,4,128,4,128,2048,64,29,4,2,2.739116,0.0,True
llm,28,4,128,4,128,2048,64,29,5,2,2.734218,0.0,True
llm,28,4,128,4,128,2048,64,29,6,2,2.760869,0.0,True
llm,28,4,128,4,128,2048,64,29,7,2,2.740347,0.0,True
llm,28,4,128,4,128,2048,64,29,8,2,2.741709,0.0,True
llm,28,4,128,4,128,2048,64,29,9,2,2.766988,0.0,True
llm,28,4,128,4,128,2048,64,29,10,2,2.742951,0.0,True
llm,28,4,128,4,128,2048,64,29,11,2,2.736782,0.0,True
llm,28,4,128,4,128,2048,64,29,12,2,2.767228,0.0,True
llm,28,4,128,4,128,2048,64,29,13,2,2.735,0.0,True
llm,28,4,128,4,128,2048,64,29,14,2,2.745596,0.0,True
llm,28,4,128,4,128,2048,64,29,15,2,2.743702,0.0,True
llm,28,4,128,4,128,2048,64,29,16,2,2.749852,0.0,True
llm,28,4,128,4,128,2048,64,29,17,2,2.743512,0.0,True
llm,28,4,128,4,128,2048,64,29,18,2,2.751915,0.0,True
llm,28,4,128,4,128,2048,64,29,19,2,2.749882,0.0,True
llm,28,4,128,4,128,2048,32,29,0,3,2.762732,0.0,True
llm,28,4,128,4,128,2048,32,29,1,3,2.738765,0.0,True
llm,28,4,128,4,128,2048,32,29,2,3,2.743272,0.0,True
llm,28,4,128,4,128,2048,32,29,3,3,2.736462,0.0,True
llm,28,4,128,4,128,2048,32,29,4,3,2.754429,0.0,True
llm,28,4,128,4,128,2048,32,29,5,3,2.739807,0.0,True
llm,28,4,128,4,128,2048,32,29,6,3,2.745715,0.0,True
llm,28,4,128,4,128,2048,32,29,7,3,2.74179,0.0,True
llm,28,4,128,4,128,2048,32,29,8,3,2.803914,0.0,True
llm,28,4,128,4,128,2048,32,29,9,3,2.748791,0.0,True
llm,28,4,128,4,128,2048,32,29,10,3,2.733377,0.0,True
llm,28,4,128,4,128,2048,32,29,11,3,2.75503,0.0,True
llm,28,4,128,4,128,2048,32,29,12,3,2.740919,0.0,True
llm,28,4,128,4,128,2048,32,29,13,3,2.752586,0.0,True
llm,28,4,128,4,128,2048,32,29,14,3,2.739907,0.0,True
llm,28,4,128,4,128,2048,32,29,15,3,2.750874,0.0,True
llm,28,4,128,4,128,2048,32,29,16,3,2.736541,0.0,True
llm,28,4,128,4,128,2048,32,29,17,3,2.74218,0.0,True
llm,28,4,128,4,128,2048,32,29,18,3,2.755761,0.0,True
llm,28,4,128,4,128,2048,32,29,19,3,2.749181,0.0,True
llm,28,4,128,4,128,2048,64,47,0,0,2.752717,0.0,True
llm,28,4,128,4,128,2048,64,47,1,0,2.779738,0.0,True
llm,28,4,128,4,128,2048,64,47,2,0,2.723291,0.0,True
llm,28,4,128,4,128,2048,64,47,3,0,2.792657,0.0,True
llm,28,4,128,4,128,2048,64,47,4,0,2.819337,0.0,True
llm,28,4,128,4,128,2048,64,47,5,0,2.78835,0.0,True
llm,28,4,128,4,128,2048,64,47,6,0,2.747949,0.0,True
llm,28,4,128,4,128,2048,64,47,7,0,2.793308,0.0,True
llm,28,4,128,4,128,2048,64,47,8,0,2.763683,0.0,True
llm,28,4,128,4,128,2048,64,47,9,0,2.781651,0.0,True
llm,28,4,128,4,128,2048,64,47,10,0,2.751073,0.0,True
llm,28,4,128,4,128,2048,64,47,11,0,2.792356,0.0,True
llm,28,4,128,4,128,2048,64,47,12,0,2.740208,0.0,True
llm,28,4,128,4,128,2048,64,47,13,0,2.772316,0.0,True
llm,28,4,128,4,128,2048,64,47,14,0,2.798716,0.0,True
llm,28,4,128,4,128,2048,64,47,15,0,2.780258,0.0,True
llm,28,4,128,4,128,2048,64,47,16,0,2.747318,0.0,True
llm,28,4,128,4,128,2048,64,47,17,0,2.797484,0.0,True
llm,28,4,128,4,128,2048,64,47,18,0,2.749001,0.0,True
llm,28,4,128,4,128,2048,64,47,19,0,2.789012,0.0,True
llm,28,4,128,4,128,2048,16,47,0,1,2.754999,0.0,True
llm,28,4,128,4,128,2048,16,47,1,1,2.783764,0.0,True
llm,28,4,128,4,128,2048,16,47,2,1,2.813569,0.0,True
llm,28,4,128,4,128,2048,16,47,3,1,2.770173,0.0,True
llm,28,4,128,4,128,2048,16,47,4,1,2.732015,0.0,True
llm,28,4,128,4,128,2048,16,47,5,1,2.791215,0.0,True
llm,28,4,128,4,128,2048,16,47,6,1,2.764474,0.0,True
llm,28,4,128,4,128,2048,16,47,7,1,2.802191,0.0,True
llm,28,4,128,4,128,2048,16,47,8,1,2.746296,0.0,True
llm,28,4,128,4,128,2048,16,47,9,1,2.802583,0.0,True
llm,28,4,128,4,128,2048,16,47,10,1,2.762612,0.0,True
llm,28,4,128,4,128,2048,16,47,11,1,2.805176,0.0,True
llm,28,4,128,4,128,2048,16,47,12,1,2.80772,0.0,True
llm,28,4,128,4,128,2048,16,47,13,1,2.79454,0.0,True
llm,28,4,128,4,128,2048,16,47,14,1,2.760028,0.0,True
llm,28,4,128,4,128,2048,16,47,15,1,2.811536,0.0,True
llm,28,4,128,4,128,2048,16,47,16,1,2.756923,0.0,True
llm,28,4,128,4,128,2048,16,47,17,1,2.798736,0.0,True
llm,28,4,128,4,128,2048,16,47,18,1,2.766508,0.0,True
llm,28,4,128,4,128,2048,16,47,19,1,2.802101,0.0,True
llm,28,4,128,4,128,2048,128,47,0,2,2.83405,0.0,True
llm,28,4,128,4,128,2048,128,47,1,2,2.8208,0.0,True
llm,28,4,128,4,128,2048,128,47,2,2,2.78745,0.0,True
llm,28,4,128,4,128,2048,128,47,3,2,2.811416,0.0,True
llm,28,4,128,4,128,2048,128,47,4,2,2.774179,0.0,True
llm,28,4,128,4,128,2048,128,47,5,2,2.804124,0.0,True
llm,28,4,128,4,128,2048,128,47,6,2,2.771525,0.0,True
llm,28,4,128,4,128,2048,128,47,7,2,2.800459,0.0,True
llm,28,4,128,4,128,2048,128,47,8,2,2.767178,0.0,True
llm,28,4,128,4,128,2048,128,47,9,2,2.785837,0.0,True
llm,28,4,128,4,128,2048,128,47,10,2,2.815141,0.0,True
llm,28,4,128,4,128,2048,128,47,11,2,2.792607,0.0,True
llm,28,4,128,4,128,2048,128,47,12,2,2.765386,0.0,True
llm,28,4,128,4,128,2048,128,47,13,2,2.821191,0.0,True
llm,28,4,128,4,128,2048,128,47,14,2,2.763893,0.0,True
llm,28,4,128,4,128,2048,128,47,15,2,2.797194,0.0,True
llm,28,4,128,4,128,2048,128,47,16,2,2.752636,0.0,True
llm,28,4,128,4,128,2048,128,47,17,2,2.799908,0.0,True
llm,28,4,128,4,128,2048,128,47,18,2,2.766287,0.0,True
llm,28,4,128,4,128,2048,128,47,19,2,2.784265,0.0,True
llm,28,4,128,4,128,2048,32,47,0,3,2.819668,0.0,True
llm,28,4,128,4,128,2048,32,47,1,3,2.759246,0.0,True
llm,28,4,128,4,128,2048,32,47,2,3,2.768951,0.0,True
llm,28,4,128,4,128,2048,32,47,3,3,2.765205,0.0,True
llm,28,4,128,4,128,2048,32,47,4,3,2.801571,0.0,True
llm,28,4,128,4,128,2048,32,47,5,3,2.773448,0.0,True
llm,28,4,128,4,128,2048,32,47,6,3,2.805717,0.0,True
llm,28,4,128,4,128,2048,32,47,7,3,2.782321,0.0,True
llm,28,4,128,4,128,2048,32,47,8,3,2.83357,0.0,True
llm,28,4,128,4,128,2048,32,47,9,3,2.760579,0.0,True
llm,28,4,128,4,128,2048,32,47,10,3,2.800168,0.0,True
llm,28,4,128,4,128,2048,32,47,11,3,2.795682,0.0,True
llm,28,4,128,4,128,2048,32,47,12,3,2.805167,0.0,True
llm,28,4,128,4,128,2048,32,47,13,3,2.760087,0.0,True
llm,28,4,128,4,128,2048,32,47,14,3,2.801861,0.0,True
llm,28,4,128,4,128,2048,32,47,15,3,2.753898,0.0,True
llm,28,4,128,4,128,2048,32,47,16,3,2.801961,0.0,True
llm,28,4,128,4,128,2048,32,47,17,3,2.758976,0.0,True
llm,28,4,128,4,128,2048,32,47,18,3,2.796673,0.0,True
llm,28,4,128,4,128,2048,32,47,19,3,2.796283,0.0,True
llm,28,4,128,4,128,8192,32,11,0,0,25.309161,0.0,True
llm,28,4,128,4,128,8192,32,11,1,0,11.506449,0.0,True
llm,28,4,128,4,128,8192,32,11,2,0,10.673933,0.0,True
llm,28,4,128,4,128,8192,32,11,3,0,10.629275,0.0,True
llm,28,4,128,4,128,8192,32,11,4,0,10.590376,0.0,True
llm,28,4,128,4,128,8192,32,11,5,0,10.640602,0.0,True
llm,28,4,128,4,128,8192,32,11,6,0,10.60632,0.0,True
llm,28,4,128,4,128,8192,32,11,7,0,10.572128,0.0,True
llm,28,4,128,4,128,8192,32,11,8,0,10.587682,0.0,True
llm,28,4,128,4,128,8192,32,11,9,0,10.629946,0.0,True
llm,28,4,128,4,128,8192,32,11,10,0,10.578568,0.0,True
llm,28,4,128,4,128,8192,32,11,11,0,10.578748,0.0,True
llm,28,4,128,4,128,8192,32,11,12,0,10.649807,0.0,True
llm,28,4,128,4,128,8192,32,11,13,0,10.623476,0.0,True
llm,28,4,128,4,128,8192,32,11,14,0,10.571367,0.0,True
llm,28,4,128,4,128,8192,32,11,15,0,10.639791,0.0,True
llm,28,4,128,4,128,8192,32,11,16,0,10.615044,0.0,True
llm,28,4,128,4,128,8192,32,11,17,0,10.592379,0.0,True
llm,28,4,128,4,128,8192,32,11,18,0,10.656256,0.0,True
llm,28,4,128,4,128,8192,32,11,19,0,10.615845,0.0,True
llm,28,4,128,4,128,8192,16,11,0,1,10.582814,0.0,True
llm,28,4,128,4,128,8192,16,11,1,1,10.56654,0.0,True
llm,28,4,128,4,128,8192,16,11,2,1,10.626671,0.0,True
llm,28,4,128,4,128,8192,16,11,3,1,10.586039,0.0,True
llm,28,4,128,4,128,8192,16,11,4,1,10.570425,0.0,True
llm,28,4,128,4,128,8192,16,11,5,1,10.679401,0.0,True
llm,28,4,128,4,128,8192,16,11,6,1,10.612579,0.0,True
llm,28,4,128,4,128,8192,16,11,7,1,10.570916,0.0,True
llm,28,4,128,4,128,8192,16,11,8,1,10.651699,0.0,True
llm,28,4,128,4,128,8192,16,11,9,1,10.604097,0.0,True
llm,28,4,128,4,128,8192,16,11,10,1,10.596244,0.0,True
llm,28,4,128,4,128,8192,16,11,11,1,10.613851,0.0,True
llm,28,4,128,4,128,8192,16,11,12,1,10.622104,0.0,True
llm,28,4,128,4,128,8192,16,11,13,1,10.576735,0.0,True
llm,28,4,128,4,128,8192,16,11,14,1,10.585179,0.0,True
llm,28,4,128,4,128,8192,16,11,15,1,10.639961,0.0,True
llm,28,4,128,4,128,8192,16,11,16,1,10.627943,0.0,True
llm,28,4,128,4,128,8192,16,11,17,1,10.579248,0.0,True
llm,28,4,128,4,128,8192,16,11,18,1,10.669015,0.0,True
llm,28,4,128,4,128,8192,16,11,19,1,10.615524,0.0,True
llm,28,4,128,4,128,8192,128,11,0,2,10.556695,0.0,True
llm,28,4,128,4,128,8192,128,11,1,2,10.665249,0.0,True
llm,28,4,128,4,128,8192,128,11,2,2,10.603485,0.0,True
llm,28,4,128,4,128,8192,128,11,3,2,10.584887,0.0,True
llm,28,4,128,4,128,8192,128,11,4,2,10.541021,0.0,True
llm,28,4,128,4,128,8192,128,11,5,2,10.58651,0.0,True
llm,28,4,128,4,128,8192,128,11,6,2,10.587,0.0,True
llm,28,4,128,4,128,8192,128,11,7,2,10.594923,0.0,True
llm,28,4,128,4,128,8192,128,11,8,2,10.710608,0.0,True
llm,28,4,128,4,128,8192,128,11,9,2,10.596726,0.0,True
llm,28,4,128,4,128,8192,128,11,10,2,10.588654,0.0,True
llm,28,4,128,4,128,8192,128,11,11,2,10.660281,0.0,True
llm,28,4,128,4,128,8192,128,11,12,2,10.613521,0.0,True
llm,28,4,128,4,128,8192,128,11,13,2,10.552418,0.0,True
llm,28,4,128,4,128,8192,128,11,14,2,10.663507,0.0,True
llm,28,4,128,4,128,8192,128,11,15,2,10.613071,0.0,True
llm,28,4,128,4,128,8192,128,11,16,2,10.585158,0.0,True
llm,28,4,128,4,128,8192,128,11,17,2,10.669686,0.0,True
llm,28,4,128,4,128,8192,128,11,18,2,10.594282,0.0,True
llm,28,4,128,4,128,8192,128,11,19,2,10.611447,0.0,True
llm,28,4,128,4,128,8192,64,11,0,3,10.587441,0.0,True
llm,28,4,128,4,128,8192,64,11,1,3,10.678459,0.0,True
llm,28,4,128,4,128,8192,64,11,2,3,10.603425,0.0,True
llm,28,4,128,4,128,8192,64,11,3,3,10.604227,0.0,True
llm,28,4,128,4,128,8192,64,11,4,3,10.669596,0.0,True
llm,28,4,128,4,128,8192,64,11,5,3,10.585808,0.0,True
llm,28,4,128,4,128,8192,64,11,6,3,10.578588,0.0,True
llm,28,4,128,4,128,8192,64,11,7,3,10.684188,0.0,True
llm,28,4,128,4,128,8192,64,11,8,3,10.718661,0.0,True
llm,28,4,128,4,128,8192,64,11,9,3,10.654704,0.0,True
llm,28,4,128,4,128,8192,64,11,10,3,10.748847,0.0,True
llm,28,4,128,4,128,8192,64,11,11,3,10.706893,0.0,True
llm,28,4,128,4,128,8192,64,11,12,3,10.682866,0.0,True
llm,28,4,128,4,128,8192,64,11,13,3,10.754845,0.0,True
llm,28,4,128,4,128,8192,64,11,14,3,10.690828,0.0,True
llm,28,4,128,4,128,8192,64,11,15,3,10.682016,0.0,True
llm,28,4,128,4,128,8192,64,11,16,3,10.717739,0.0,True
llm,28,4,128,4,128,8192,64,11,17,3,10.677678,0.0,True
llm,28,4,128,4,128,8192,64,11,18,3,10.714444,0.0,True
llm,28,4,128,4,128,8192,64,11,19,3,10.717539,0.0,True
llm,28,4,128,4,128,8192,64,29,0,0,14.494373,0.0,True
llm,28,4,128,4,128,8192,64,29,1,0,10.74427,0.0,True
llm,28,4,128,4,128,8192,64,29,2,0,10.67836,0.0,True
llm,28,4,128,4,128,8192,64,29,3,0,10.67875,0.0,True
llm,28,4,128,4,128,8192,64,29,4,0,10.673211,0.0,True
llm,28,4,128,4,128,8192,64,29,5,0,10.659151,0.0,True
llm,28,4,128,4,128,8192,64,29,6,0,10.681124,0.0,True
llm,28,4,128,4,128,8192,64,29,7,0,10.669035,0.0,True
llm,28,4,128,4,128,8192,64,29,8,0,10.628784,0.0,True
llm,28,4,128,4,128,8192,64,29,9,0,10.650737,0.0,True
llm,28,4,128,4,128,8192,64,29,10,0,10.642976,0.0,True
llm,28,4,128,4,128,8192,64,29,11,0,10.655505,0.0,True
llm,28,4,128,4,128,8192,64,29,12,0,10.665249,0.0,True
llm,28,4,128,4,128,8192,64,29,13,0,10.621893,0.0,True
llm,28,4,128,4,128,8192,64,29,14,0,10.660843,0.0,True
llm,28,4,128,4,128,8192,64,29,15,0,10.637557,0.0,True
llm,28,4,128,4,128,8192,64,29,16,0,10.717049,0.0,True
llm,28,4,128,4,128,8192,64,29,17,0,10.676287,0.0,True
llm,28,4,128,4,128,8192,64,29,18,0,10.689496,0.0,True
llm,28,4,128,4,128,8192,64,29,19,0,10.697569,0.0,True
llm,28,4,128,4,128,8192,128,29,0,1,10.67239,0.0,True
llm,28,4,128,4,128,8192,128,29,1,1,10.646781,0.0,True
llm,28,4,128,4,128,8192,128,29,2,1,10.673021,0.0,True
llm,28,4,128,4,128,8192,128,29,3,1,10.671328,0.0,True
llm,28,4,128,4,128,8192,128,29,4,1,10.696577,0.0,True
llm,28,4,128,4,128,8192,128,29,5,1,10.699381,0.0,True
llm,28,4,128,4,128,8192,128,29,6,1,10.675314,0.0,True
llm,28,4,128,4,128,8192,128,29,7,1,10.73794,0.0,True
llm,28,4,128,4,128,8192,128,29,8,1,10.662085,0.0,True
llm,28,4,128,4,128,8192,128,29,9,1,10.697138,0.0,True
llm,28,4,128,4,128,8192,128,29,10,1,10.688054,0.0,True
llm,28,4,128,4,128,8192,128,29,11,1,10.726964,0.0,True
llm,28,4,128,4,128,8192,128,29,12,1,10.702285,0.0,True
llm,28,4,128,4,128,8192,128,29,13,1,10.725671,0.0,True
llm,28,4,128,4,128,8192,128,29,14,1,10.707754,0.0,True
llm,28,4,128,4,128,8192,128,29,15,1,10.716908,0.0,True
llm,28,4,128,4,128,8192,128,29,16,1,10.695255,0.0,True
llm,28,4,128,4,128,8192,128,29,17,1,10.693131,0.0,True
llm,28,4,128,4,128,8192,128,29,18,1,10.690909,0.0,True
llm,28,4,128,4,128,8192,128,29,19,1,10.709036,0.0,True
llm,28,4,128,4,128,8192,32,29,0,2,10.656937,0.0,True
llm,28,4,128,4,128,8192,32,29,1,2,10.638489,0.0,True
llm,28,4,128,4,128,8192,32,29,2,2,10.682396,0.0,True
llm,28,4,128,4,128,8192,32,29,3,2,10.666631,0.0,True
llm,28,4,128,4,128,8192,32,29,4,2,10.700303,0.0,True
llm,28,4,128,4,128,8192,32,29,5,2,10.67867,0.0,True
llm,28,4,128,4,128,8192,32,29,6,2,10.650446,0.0,True
llm,28,4,128,4,128,8192,32,29,7,2,10.680282,0.0,True
llm,28,4,128,4,128,8192,32,29,8,2,10.727223,0.0,True
llm,28,4,128,4,128,8192,32,29,9,2,10.697439,0.0,True
llm,28,4,128,4,128,8192,32,29,10,2,10.699772,0.0,True
llm,28,4,128,4,128,8192,32,29,11,2,10.710118,0.0,True
llm,28,4,128,4,128,8192,32,29,12,2,10.680012,0.0,True
llm,28,4,128,4,128,8192,32,29,13,2,10.675816,0.0,True
llm,28,4,128,4,128,8192,32,29,14,2,10.679821,0.0,True
llm,28,4,128,4,128,8192,32,29,15,2,10.706372,0.0,True
llm,28,4,128,4,128,8192,32,29,16,2,10.690368,0.0,True
llm,28,4,128,4,128,8192,32,29,17,2,10.680452,0.0,True
llm,28,4,128,4,128,8192,32,29,18,2,10.654754,0.0,True
llm,28,4,128,4,128,8192,32,29,19,2,10.694083,0.0,True
llm,28,4,128,4,128,8192,16,29,0,3,10.675225,0.0,True
llm,28,4,128,4,128,8192,16,29,1,3,10.662425,0.0,True
llm,28,4,128,4,128,8192,16,29,2,3,10.652089,0.0,True
llm,28,4,128,4,128,8192,16,29,3,3,10.688545,0.0,True
llm,28,4,128,4,128,8192,16,29,4,3,10.668414,0.0,True
llm,28,4,128,4,128,8192,16,29,5,3,10.68511,0.0,True
llm,28,4,128,4,128,8192,16,29,6,3,10.671519,0.0,True
llm,28,4,128,4,128,8192,16,29,7,3,10.714745,0.0,True
llm,28,4,128,4,128,8192,16,29,8,3,10.65934,0.0,True
llm,28,4,128,4,128,8192,16,29,9,3,10.709838,0.0,True
llm,28,4,128,4,128,8192,16,29,10,3,10.695656,0.0,True
llm,28,4,128,4,128,8192,16,29,11,3,10.687543,0.0,True
llm,28,4,128,4,128,8192,16,29,12,3,10.66558,0.0,True
llm,28,4,128,4,128,8192,16,29,13,3,10.688245,0.0,True
llm,28,4,128,4,128,8192,16,29,14,3,10.740564,0.0,True
llm,28,4,128,4,128,8192,16,29,15,3,10.695366,0.0,True
llm,28,4,128,4,128,8192,16,29,16,3,10.702246,0.0,True
llm,28,4,128,4,128,8192,16,29,17,3,10.690588,0.0,True
llm,28,4,128,4,128,8192,16,29,18,3,10.696918,0.0,True
llm,28,4,128,4,128,8192,16,29,19,3,10.65928,0.0,True
llm,28,4,128,4,128,8192,32,47,0,0,20.27903,0.0,True
llm,28,4,128,4,128,8192,32,47,1,0,14.237082,0.0,True
llm,28,4,128,4,128,8192,32,47,2,0,10.586199,0.0,True
llm,28,4,128,4,128,8192,32,47,3,0,10.563354,0.0,True
llm,28,4,128,4,128,8192,32,47,4,0,10.564476,0.0,True
llm,28,4,128,4,128,8192,32,47,5,0,10.588593,0.0,True
llm,28,4,128,4,128,8192,32,47,6,0,10.57364,0.0,True
llm,28,4,128,4,128,8192,32,47,7,0,10.588834,0.0,True
llm,28,4,128,4,128,8192,32,47,8,0,10.579659,0.0,True
llm,28,4,128,4,128,8192,32,47,9,0,10.623316,0.0,True
llm,28,4,128,4,128,8192,32,47,10,0,10.582844,0.0,True
llm,28,4,128,4,128,8192,32,47,11,0,10.643516,0.0,True
llm,28,4,128,4,128,8192,32,47,12,0,10.69173,0.0,True
llm,28,4,128,4,128,8192,32,47,13,0,10.711599,0.0,True
llm,28,4,128,4,128,8192,32,47,14,0,10.659991,0.0,True
llm,28,4,128,4,128,8192,32,47,15,0,10.673473,0.0,True
llm,28,4,128,4,128,8192,32,47,16,0,10.682936,0.0,True
llm,28,4,128,4,128,8192,32,47,17,0,10.707364,0.0,True
llm,28,4,128,4,128,8192,32,47,18,0,10.67893,0.0,True
llm,28,4,128,4,128,8192,32,47,19,0,10.691439,0.0,True
llm,28,4,128,4,128,8192,16,47,0,1,10.688515,0.0,True
llm,28,4,128,4,128,8192,16,47,1,1,10.646652,0.0,True
llm,28,4,128,4,128,8192,16,47,2,1,10.654864,0.0,True
llm,28,4,128,4,128,8192,16,47,3,1,10.672309,0.0,True
llm,28,4,128,4,128,8192,16,47,4,1,10.689967,0.0,True
llm,28,4,128,4,128,8192,16,47,5,1,10.669976,0.0,True
llm,28,4,128,4,128,8192,16,47,6,1,10.668815,0.0,True
llm,28,4,128,4,128,8192,16,47,7,1,10.693182,0.0,True
llm,28,4,128,4,128,8192,16,47,8,1,10.702846,0.0,True
llm,28,4,128,4,128,8192,16,47,9,1,10.659621,0.0,True
llm,28,4,128,4,128,8192,16,47,10,1,10.685089,0.0,True
llm,28,4,128,4,128,8192,16,47,11,1,10.676597,0.0,True
llm,28,4,128,4,128,8192,16,47,12,1,10.704169,0.0,True
llm,28,4,128,4,128,8192,16,47,13,1,10.677869,0.0,True
llm,28,4,128,4,128,8192,16,47,14,1,10.696717,0.0,True
llm,28,4,128,4,128,8192,16,47,15,1,10.717108,0.0,True
llm,28,4,128,4,128,8192,16,47,16,1,10.693943,0.0,True
llm,28,4,128,4,128,8192,16,47,17,1,10.690278,0.0,True
llm,28,4,128,4,128,8192,16,47,18,1,10.701274,0.0,True
llm,28,4,128,4,128,8192,16,47,19,1,10.696597,0.0,True
llm,28,4,128,4,128,8192,64,47,0,2,10.677928,0.0,True
llm,28,4,128,4,128,8192,64,47,1,2,10.666592,0.0,True
llm,28,4,128,4,128,8192,64,47,2,2,10.698791,0.0,True
llm,28,4,128,4,128,8192,64,47,3,2,10.661804,0.0,True
llm,28,4,128,4,128,8192,64,47,4,2,10.687974,0.0,True
llm,28,4,128,4,128,8192,64,47,5,2,10.702105,0.0,True
llm,28,4,128,4,128,8192,64,47,6,2,10.678059,0.0,True
llm,28,4,128,4,128,8192,64,47,7,2,10.697027,0.0,True
llm,28,4,128,4,128,8192,64,47,8,2,10.688565,0.0,True
llm,28,4,128,4,128,8192,64,47,9,2,10.66535,0.0,True
llm,28,4,128,4,128,8192,64,47,10,2,10.707553,0.0,True
llm,28,4,128,4,128,8192,64,47,11,2,10.669636,0.0,True
llm,28,4,128,4,128,8192,64,47,12,2,10.661934,0.0,True
llm,28,4,128,4,128,8192,64,47,13,2,10.688665,0.0,True
llm,28,4,128,4,128,8192,64,47,14,2,10.683658,0.0,True
llm,28,4,128,4,128,8192,64,47,15,2,10.690528,0.0,True
llm,28,4,128,4,128,8192,64,47,16,2,10.677287,0.0,True
llm,28,4,128,4,128,8192,64,47,17,2,10.714314,0.0,True
llm,28,4,128,4,128,8192,64,47,18,2,10.686321,0.0,True
llm,28,4,128,4,128,8192,64,47,19,2,10.666191,0.0,True
llm,28,4,128,4,128,8192,128,47,0,3,10.693151,0.0,True
llm,28,4,128,4,128,8192,128,47,1,3,10.649706,0.0,True
llm,28,4,128,4,128,8192,128,47,2,3,10.684749,0.0,True
llm,28,4,128,4,128,8192,128,47,3,3,10.679631,0.0,True
llm,28,4,128,4,128,8192,128,47,4,3,10.669506,0.0,True
llm,28,4,128,4,128,8192,128,47,5,3,10.670387,0.0,True
llm,28,4,128,4,128,8192,128,47,6,3,10.680292,0.0,True
llm,28,4,128,4,128,8192,128,47,7,3,10.653831,0.0,True
llm,28,4,128,4,128,8192,128,47,8,3,10.705611,0.0,True
llm,28,4,128,4,128,8192,128,47,9,3,10.686752,0.0,True
llm,28,4,128,4,128,8192,128,47,10,3,10.665009,0.0,True
llm,28,4,128,4,128,8192,128,47,11,3,10.70492,0.0,True
llm,28,4,128,4,128,8192,128,47,12,3,10.696437,0.0,True
llm,28,4,128,4,128,8192,128,47,13,3,10.722236,0.0,True
llm,28,4,128,4,128,8192,128,47,14,3,10.693623,0.0,True
llm,28,4,128,4,128,8192,128,47,15,3,10.682796,0.0,True
llm,28,4,128,4,128,8192,128,47,16,3,10.695134,0.0,True
llm,28,4,128,4,128,8192,128,47,17,3,10.678419,0.0,True
llm,28,4,128,4,128,8192,128,47,18,3,10.698489,0.0,True
llm,28,4,128,4,128,8192,128,47,19,3,10.661403,0.0,True
llm,28,4,128,4,128,16384,32,11,0,0,40.511357,0.0,True
llm,28,4,128,4,128,16384,32,11,1,0,39.608895,0.0,True
llm,28,4,128,4,128,16384,32,11,2,0,21.135512,0.0,True
llm,28,4,128,4,128,16384,32,11,3,0,21.127499,0.0,True
llm,28,4,128,4,128,16384,32,11,4,0,21.097965,0.0,True
llm,28,4,128,4,128,16384,32,11,5,0,21.095871,0.0,True
llm,28,4,128,4,128,16384,32,11,6,0,21.093538,0.0,True
llm,28,4,128,4,128,16384,32,11,7,0,21.100208,0.0,True
llm,28,4,128,4,128,16384,32,11,8,0,21.093417,0.0,True
llm,28,4,128,4,128,16384,32,11,9,0,21.097484,0.0,True
llm,28,4,128,4,128,16384,32,11,10,0,21.071945,0.0,True
llm,28,4,128,4,128,16384,32,11,11,0,21.133618,0.0,True
llm,28,4,128,4,128,16384,32,11,12,0,21.066978,0.0,True
llm,28,4,128,4,128,16384,32,11,13,0,21.08808,0.0,True
llm,28,4,128,4,128,16384,32,11,14,0,21.063162,0.0,True
llm,28,4,128,4,128,16384,32,11,15,0,21.099456,0.0,True
llm,28,4,128,4,128,16384,32,11,16,0,21.096032,0.0,True
llm,28,4,128,4,128,16384,32,11,17,0,21.078385,0.0,True
llm,28,4,128,4,128,16384,32,11,18,0,21.066707,0.0,True
llm,28,4,128,4,128,16384,32,11,19,0,21.110133,0.0,True
llm,28,4,128,4,128,16384,16,11,0,1,21.017001,0.0,True
llm,28,4,128,4,128,16384,16,11,1,1,21.173069,0.0,True
llm,28,4,128,4,128,16384,16,11,2,1,21.100168,0.0,True
llm,28,4,128,4,128,16384,16,11,3,1,21.136704,0.0,True
llm,28,4,128,4,128,16384,16,11,4,1,21.092016,0.0,True
llm,28,4,128,4,128,16384,16,11,5,1,21.124735,0.0,True
llm,28,4,128,4,128,16384,16,11,6,1,21.158866,0.0,True
llm,28,4,128,4,128,16384,16,11,7,1,21.169774,0.0,True
llm,28,4,128,4,128,16384,16,11,8,1,21.126507,0.0,True
llm,28,4,128,4,128,16384,16,11,9,1,21.178977,0.0,True
llm,28,4,128,4,128,16384,16,11,10,1,21.120269,0.0,True
llm,28,4,128,4,128,16384,16,11,11,1,21.16745,0.0,True
llm,28,4,128,4,128,16384,16,11,12,1,21.111254,0.0,True
llm,28,4,128,4,128,16384,16,11,13,1,21.153068,0.0,True
llm,28,4,128,4,128,16384,16,11,14,1,21.232408,0.0,True
llm,28,4,128,4,128,16384,16,11,15,1,21.164846,0.0,True
llm,28,4,128,4,128,16384,16,11,16,1,21.14098,0.0,True
llm,28,4,128,4,128,16384,16,11,17,1,21.137113,0.0,True
llm,28,4,128,4,128,16384,16,11,18,1,21.108791,0.0,True
llm,28,4,128,4,128,16384,16,11,19,1,21.194722,0.0,True
llm,28,4,128,4,128,16384,128,11,0,2,21.048298,0.0,True
llm,28,4,128,4,128,16384,128,11,1,2,21.179838,0.0,True
llm,28,4,128,4,128,16384,128,11,2,2,21.11506,0.0,True
llm,28,4,128,4,128,16384,128,11,3,2,21.16077,0.0,True
llm,28,4,128,4,128,16384,128,11,4,2,21.120939,0.0,True
llm,28,4,128,4,128,16384,128,11,5,2,21.104985,0.0,True
llm,28,4,128,4,128,16384,128,11,6,2,21.117194,0.0,True
llm,28,4,128,4,128,16384,128,11,7,2,21.210976,0.0,True
llm,28,4,128,4,128,16384,128,11,8,2,21.137115,0.0,True
llm,28,4,128,4,128,16384,128,11,9,2,21.165747,0.0,True
llm,28,4,128,4,128,16384,128,11,10,2,21.151175,0.0,True
llm,28,4,128,4,128,16384,128,11,11,2,21.115451,0.0,True
llm,28,4,128,4,128,16384,128,11,12,2,21.111785,0.0,True
llm,28,4,128,4,128,16384,128,11,13,2,21.142121,0.0,True
llm,28,4,128,4,128,16384,128,11,14,2,21.114239,0.0,True
llm,28,4,128,4,128,16384,128,11,15,2,21.13446,0.0,True
llm,28,4,128,4,128,16384,128,11,16,2,21.102871,0.0,True
llm,28,4,128,4,128,16384,128,11,17,2,21.124264,0.0,True
llm,28,4,128,4,128,16384,128,11,18,2,21.135591,0.0,True
llm,28,4,128,4,128,16384,128,11,19,2,21.164555,0.0,True
llm,28,4,128,4,128,16384,64,11,0,3,21.026956,0.0,True
llm,28,4,128,4,128,16384,64,11,1,3,21.137054,0.0,True
llm,28,4,128,4,128,16384,64,11,2,3,21.149211,0.0,True
llm,28,4,128,4,128,16384,64,11,3,3,21.116563,0.0,True
llm,28,4,128,4,128,16384,64,11,4,3,21.112486,0.0,True
llm,28,4,128,4,128,16384,64,11,5,3,21.110533,0.0,True
llm,28,4,128,4,128,16384,64,11,6,3,21.10844,0.0,True
llm,28,4,128,4,128,16384,64,11,7,3,21.130073,0.0,True
llm,28,4,128,4,128,16384,64,11,8,3,21.129632,0.0,True
llm,28,4,128,4,128,16384,64,11,9,3,21.149392,0.0,True
llm,28,4,128,4,128,16384,64,11,10,3,21.105816,0.0,True
llm,28,4,128,4,128,16384,64,11,11,3,21.160139,0.0,True
llm,28,4,128,4,128,16384,64,11,12,3,21.230605,0.0,True
llm,28,4,128,4,128,16384,64,11,13,3,21.149783,0.0,True
llm,28,4,128,4,128,16384,64,11,14,3,21.134119,0.0,True
llm,28,4,128,4,128,16384,64,11,15,3,21.106127,0.0,True
llm,28,4,128,4,128,16384,64,11,16,3,21.104034,0.0,True
llm,28,4,128,4,128,16384,64,11,17,3,21.167029,0.0,True
llm,28,4,128,4,128,16384,64,11,18,3,21.099326,0.0,True
llm,28,4,128,4,128,16384,64,11,19,3,21.14768,0.0,True
llm,28,4,128,4,128,16384,32,29,0,0,21.091044,0.0,True
llm,28,4,128,4,128,16384,32,29,1,0,21.109802,0.0,True
llm,28,4,128,4,128,16384,32,29,2,0,21.092245,0.0,True
llm,28,4,128,4,128,16384,32,29,3,0,21.101089,0.0,True
llm,28,4,128,4,128,16384,32,29,4,0,21.108239,0.0,True
llm,28,4,128,4,128,16384,32,29,5,0,21.104934,0.0,True
llm,28,4,128,4,128,16384,32,29,6,0,21.057993,0.0,True
llm,28,4,128,4,128,16384,32,29,7,0,21.074948,0.0,True
llm,28,4,128,4,128,16384,32,29,8,0,21.032975,0.0,True
llm,28,4,128,4,128,16384,32,29,9,0,21.079725,0.0,True
llm,28,4,128,4,128,16384,32,29,10,0,21.086876,0.0,True
llm,28,4,128,4,128,16384,32,29,11,0,21.060567,0.0,True
llm,28,4,128,4,128,16384,32,29,12,0,21.041228,0.0,True
llm,28,4,128,4,128,16384,32,29,13,0,21.105335,0.0,True
llm,28,4,128,4,128,16384,32,29,14,0,21.083221,0.0,True
llm,28,4,128,4,128,16384,32,29,15,0,21.103172,0.0,True
llm,28,4,128,4,128,16384,32,29,16,0,21.12869,0.0,True
llm,28,4,128,4,128,16384,32,29,17,0,21.111404,0.0,True
llm,28,4,128,4,128,16384,32,29,18,0,21.070351,0.0,True
llm,28,4,128,4,128,16384,32,29,19,0,21.074978,0.0,True
llm,28,4,128,4,128,16384,128,29,0,1,21.023331,0.0,True
llm,28,4,128,4,128,16384,128,29,1,1,21.111924,0.0,True
llm,28,4,128,4,128,16384,128,29,2,1,21.092345,0.0,True
llm,28,4,128,4,128,16384,128,29,3,1,21.155601,0.0,True
llm,28,4,128,4,128,16384,128,29,4,1,21.135501,0.0,True
llm,28,4,128,4,128,16384,128,29,5,1,21.12835,0.0,True
llm,28,4,128,4,128,16384,128,29,6,1,21.134238,0.0,True
llm,28,4,128,4,128,16384,128,29,7,1,21.120097,0.0,True
llm,28,4,128,4,128,16384,128,29,8,1,21.146937,0.0,True
llm,28,4,128,4,128,16384,128,29,9,1,21.120057,0.0,True
llm,28,4,128,4,128,16384,128,29,10,1,21.120958,0.0,True
llm,28,4,128,4,128,16384,128,29,11,1,21.07561,0.0,True
llm,28,4,128,4,128,16384,128,29,12,1,21.118584,0.0,True
llm,28,4,128,4,128,16384,128,29,13,1,21.116101,0.0,True
llm,28,4,128,4,128,16384,128,29,14,1,21.112536,0.0,True
llm,28,4,128,4,128,16384,128,29,15,1,21.159547,0.0,True
llm,28,4,128,4,128,16384,128,29,16,1,21.127358,0.0,True
llm,28,4,128,4,128,16384,128,29,17,1,21.120237,0.0,True
llm,28,4,128,4,128,16384,128,29,18,1,21.125926,0.0,True
llm,28,4,128,4,128,16384,128,29,19,1,21.093557,0.0,True
llm,28,4,128,4,128,16384,64,29,0,2,21.078765,0.0,True
llm,28,4,128,4,128,16384,64,29,1,2,21.119075,0.0,True
llm,28,4,128,4,128,16384,64,29,2,2,21.159497,0.0,True
llm,28,4,128,4,128,16384,64,29,3,2,21.141069,0.0,True
llm,28,4,128,4,128,16384,64,29,4,2,21.090112,0.0,True
llm,28,4,128,4,128,16384,64,29,5,2,21.12156,0.0,True
llm,28,4,128,4,128,16384,64,29,6,2,21.111615,0.0,True
llm,28,4,128,4,128,16384,64,29,7,2,21.081708,0.0,True
llm,28,4,128,4,128,16384,64,29,8,2,21.11519,0.0,True
llm,28,4,128,4,128,16384,64,29,9,2,21.104093,0.0,True
llm,28,4,128,4,128,16384,64,29,10,2,21.142412,0.0,True
llm,28,4,128,4,128,16384,64,29,11,2,21.137223,0.0,True
llm,28,4,128,4,128,16384,64,29,12,2,21.221531,0.0,True
llm,28,4,128,4,128,16384,64,29,13,2,21.30567,0.0,True
llm,28,4,128,4,128,16384,64,29,14,2,21.31935,0.0,True
llm,28,4,128,4,128,16384,64,29,15,2,21.357338,0.0,True
llm,28,4,128,4,128,16384,64,29,16,2,21.320572,0.0,True
llm,28,4,128,4,128,16384,64,29,17,2,21.330297,0.0,True
llm,28,4,128,4,128,16384,64,29,18,2,21.314152,0.0,True
llm,28,4,128,4,128,16384,64,29,19,2,21.418811,0.0,True
llm,28,4,128,4,128,16384,16,29,0,3,21.304397,0.0,True
llm,28,4,128,4,128,16384,16,29,1,3,21.3391,0.0,True
llm,28,4,128,4,128,16384,16,29,2,3,21.350958,0.0,True
llm,28,4,128,4,128,16384,16,29,3,3,21.34558,0.0,True
llm,28,4,128,4,128,16384,16,29,4,3,21.314062,0.0,True
llm,28,4,128,4,128,16384,16,29,5,3,21.296375,0.0,True
llm,28,4,128,4,128,16384,16,29,6,3,21.327773,0.0,True
llm,28,4,128,4,128,16384,16,29,7,3,21.360161,0.0,True
llm,28,4,128,4,128,16384,16,29,8,3,21.368234,0.0,True
llm,28,4,128,4,128,16384,16,29,9,3,21.330917,0.0,True
llm,28,4,128,4,128,16384,16,29,10,3,21.346982,0.0,True
llm,28,4,128,4,128,16384,16,29,11,3,21.425011,0.0,True
llm,28,4,128,4,128,16384,16,29,12,3,21.390969,0.0,True
llm,28,4,128,4,128,16384,16,29,13,3,21.346902,0.0,True
llm,28,4,128,4,128,16384,16,29,14,3,21.355094,0.0,True
llm,28,4,128,4,128,16384,16,29,15,3,21.347763,0.0,True
llm,28,4,128,4,128,16384,16,29,16,3,21.315204,0.0,True
llm,28,4,128,4,128,16384,16,29,17,3,21.316075,0.0,True
llm,28,4,128,4,128,16384,16,29,18,3,21.325019,0.0,True
llm,28,4,128,4,128,16384,16,29,19,3,21.303566,0.0,True
llm,28,4,128,4,128,16384,64,47,0,0,26.115213,0.0,True
llm,28,4,128,4,128,16384,64,47,1,0,21.169182,0.0,True
llm,28,4,128,4,128,16384,64,47,2,0,21.126416,0.0,True
llm,28,4,128,4,128,16384,64,47,3,0,21.186497,0.0,True
llm,28,4,128,4,128,16384,64,47,4,0,21.122009,0.0,True
llm,28,4,128,4,128,16384,64,47,5,0,21.142982,0.0,True
llm,28,4,128,4,128,16384,64,47,6,0,21.138064,0.0,True
llm,28,4,128,4,128,16384,64,47,7,0,21.151435,0.0,True
llm,28,4,128,4,128,16384,64,47,8,0,21.156361,0.0,True
llm,28,4,128,4,128,16384,64,47,9,0,21.146156,0.0,True
llm,28,4,128,4,128,16384,64,47,10,0,21.14187,0.0,True
llm,28,4,128,4,128,16384,64,47,11,0,21.140137,0.0,True
llm,28,4,128,4,128,16384,64,47,12,0,21.116462,0.0,True
llm,28,4,128,4,128,16384,64,47,13,0,21.170854,0.0,True
llm,28,4,128,4,128,16384,64,47,14,0,21.118915,0.0,True
llm,28,4,128,4,128,16384,64,47,15,0,21.138955,0.0,True
llm,28,4,128,4,128,16384,64,47,16,0,21.157293,0.0,True
llm,28,4,128,4,128,16384,64,47,17,0,21.144194,0.0,True
llm,28,4,128,4,128,16384,64,47,18,0,21.143132,0.0,True
llm,28,4,128,4,128,16384,64,47,19,0,21.085514,0.0,True
llm,28,4,128,4,128,16384,32,47,0,1,21.090642,0.0,True
llm,28,4,128,4,128,16384,32,47,1,1,21.130302,0.0,True
llm,28,4,128,4,128,16384,32,47,2,1,21.144814,0.0,True
llm,28,4,128,4,128,16384,32,47,3,1,21.170633,0.0,True
llm,28,4,128,4,128,16384,32,47,4,1,21.131554,0.0,True
llm,28,4,128,4,128,16384,32,47,5,1,21.154308,0.0,True
llm,28,4,128,4,128,16384,32,47,6,1,21.152435,0.0,True
llm,28,4,128,4,128,16384,32,47,7,1,21.108228,0.0,True
llm,28,4,128,4,128,16384,32,47,8,1,21.138434,0.0,True
llm,28,4,128,4,128,16384,32,47,9,1,21.116291,0.0,True
llm,28,4,128,4,128,16384,32,47,10,1,21.133436,0.0,True
llm,28,4,128,4,128,16384,32,47,11,1,21.154028,0.0,True
llm,28,4,128,4,128,16384,32,47,12,1,21.115991,0.0,True
llm,28,4,128,4,128,16384,32,47,13,1,21.132044,0.0,True
llm,28,4,128,4,128,16384,32,47,14,1,21.14196,0.0,True
llm,28,4,128,4,128,16384,32,47,15,1,21.162601,0.0,True
llm,28,4,128,4,128,16384,32,47,16,1,21.130452,0.0,True
llm,28,4,128,4,128,16384,32,47,17,1,21.144003,0.0,True
llm,28,4,128,4,128,16384,32,47,18,1,21.164695,0.0,True
llm,28,4,128,4,128,16384,32,47,19,1,21.134809,0.0,True
llm,28,4,128,4,128,16384,128,47,0,2,21.061357,0.0,True
llm,28,4,128,4,128,16384,128,47,1,2,21.164634,0.0,True
llm,28,4,128,4,128,16384,128,47,2,2,21.127738,0.0,True
llm,28,4,128,4,128,16384,128,47,3,2,21.172476,0.0,True
llm,28,4,128,4,128,16384,128,47,4,2,21.0965,0.0,True
llm,28,4,128,4,128,16384,128,47,5,2,21.187869,0.0,True
llm,28,4,128,4,128,16384,128,47,6,2,21.10984,0.0,True
llm,28,4,128,4,128,16384,128,47,7,2,21.140277,0.0,True
llm,28,4,128,4,128,16384,128,47,8,2,21.141159,0.0,True
llm,28,4,128,4,128,16384,128,47,9,2,21.338929,0.0,True
llm,28,4,128,4,128,16384,128,47,10,2,21.227559,0.0,True
llm,28,4,128,4,128,16384,128,47,11,2,21.385369,0.0,True
llm,28,4,128,4,128,16384,128,47,12,2,21.305708,0.0,True
llm,28,4,128,4,128,16384,128,47,13,2,21.374654,0.0,True
llm,28,4,128,4,128,16384,128,47,14,2,21.316484,0.0,True
llm,28,4,128,4,128,16384,128,47,15,2,21.359149,0.0,True
llm,28,4,128,4,128,16384,128,47,16,2,21.347342,0.0,True
llm,28,4,128,4,128,16384,128,47,17,2,21.292608,0.0,True
llm,28,4,128,4,128,16384,128,47,18,2,21.33931,0.0,True
llm,28,4,128,4,128,16384,128,47,19,2,21.336505,0.0,True
llm,28,4,128,4,128,16384,16,47,0,3,21.331708,0.0,True
llm,28,4,128,4,128,16384,16,47,1,3,21.353651,0.0,True
llm,28,4,128,4,128,16384,16,47,2,3,21.31931,0.0,True
llm,28,4,128,4,128,16384,16,47,3,3,21.372741,0.0,True
llm,28,4,128,4,128,16384,16,47,4,3,21.360341,0.0,True
llm,28,4,128,4,128,16384,16,47,5,3,21.368754,0.0,True
llm,28,4,128,4,128,16384,16,47,6,3,21.34648,0.0,True
llm,28,4,128,4,128,16384,16,47,7,3,21.35965,0.0,True
llm,28,4,128,4,128,16384,16,47,8,3,21.319559,0.0,True
llm,28,4,128,4,128,16384,16,47,9,3,21.320651,0.0,True
llm,28,4,128,4,128,16384,16,47,10,3,21.356536,0.0,True
llm,28,4,128,4,128,16384,16,47,11,3,21.321753,0.0,True
llm,28,4,128,4,128,16384,16,47,12,3,21.373141,0.0,True
llm,28,4,128,4,128,16384,16,47,13,3,21.359621,0.0,True
llm,28,4,128,4,128,16384,16,47,14,3,21.30008,0.0,True
llm,28,4,128,4,128,16384,16,47,15,3,21.282503,0.0,True
llm,28,4,128,4,128,16384,16,47,16,3,21.368003,0.0,True
llm,28,4,128,4,128,16384,16,47,17,3,21.353261,0.0,True
llm,28,4,128,4,128,16384,16,47,18,3,21.344778,0.0,True
llm,28,4,128,4,128,16384,16,47,19,3,21.380492,0.0,True
llm,28,4,128,4,512,2048,16,11,0,0,13.374398,0.0,True
llm,28,4,128,4,512,2048,16,11,1,0,6.45742,0.0,True
llm,28,4,128,4,512,2048,16,11,2,0,5.935205,0.0,True
llm,28,4,128,4,512,2048,16,11,3,0,5.945972,0.0,True
llm,28,4,128,4,512,2048,16,11,4,0,5.666727,0.0,True
llm,28,4,128,4,512,2048,16,11,5,0,5.859881,0.0,True
llm,28,4,128,4,512,2048,16,11,6,0,5.750445,0.0,True
llm,28,4,128,4,512,2048,16,11,7,0,5.739397,0.0,True
llm,28,4,128,4,512,2048,16,11,8,0,5.869726,0.0,True
llm,28,4,128,4,512,2048,16,11,9,0,5.957038,0.0,True
llm,28,4,128,4,512,2048,16,11,10,0,5.860592,0.0,True
llm,28,4,128,4,512,2048,16,11,11,0,5.788122,0.0,True
llm,28,4,128,4,512,2048,16,11,12,0,5.808212,0.0,True
llm,28,4,128,4,512,2048,16,11,13,0,5.999093,0.0,True
llm,28,4,128,4,512,2048,16,11,14,0,5.844587,0.0,True
llm,28,4,128,4,512,2048,16,11,15,0,5.884689,0.0,True
llm,28,4,128,4,512,2048,16,11,16,0,5.919642,0.0,True
llm,28,4,128,4,512,2048,16,11,17,0,6.145245,0.0,True
llm,28,4,128,4,512,2048,16,11,18,0,5.790947,0.0,True
llm,28,4,128,4,512,2048,16,11,19,0,5.895155,0.0,True
llm,28,4,128,4,512,2048,64,11,0,1,6.110091,0.0,True
llm,28,4,128,4,512,2048,64,11,1,1,6.353382,0.0,True
llm,28,4,128,4,512,2048,64,11,2,1,5.94522,0.0,True
llm,28,4,128,4,512,2048,64,11,3,1,5.814782,0.0,True
llm,28,4,128,4,512,2048,64,11,4,1,5.837497,0.0,True
llm,28,4,128,4,512,2048,64,11,5,1,5.847492,0.0,True
llm,28,4,128,4,512,2048,64,11,6,1,5.787661,0.0,True
llm,28,4,128,4,512,2048,64,11,7,1,5.927033,0.0,True
llm,28,4,128,4,512,2048,64,11,8,1,5.899451,0.0,True
llm,28,4,128,4,512,2048,64,11,9,1,6.310987,0.0,True
llm,28,4,128,4,512,2048,64,11,10,1,5.978852,0.0,True
llm,28,4,128,4,512,2048,64,11,11,1,5.979192,0.0,True
llm,28,4,128,4,512,2048,64,11,12,1,6.121879,0.0,True
llm,28,4,128,4,512,2048,64,11,13,1,6.159726,0.0,True
llm,28,4,128,4,512,2048,64,11,14,1,6.105925,0.0,True
llm,28,4,128,4,512,2048,64,11,15,1,6.182121,0.0,True
llm,28,4,128,4,512,2048,64,11,16,1,6.290556,0.0,True
llm,28,4,128,4,512,2048,64,11,17,1,6.214409,0.0,True
llm,28,4,128,4,512,2048,64,11,18,1,5.991682,0.0,True
llm,28,4,128,4,512,2048,64,11,19,1,6.30048,0.0,True
llm,28,4,128,4,512,2048,32,11,0,2,6.015298,0.0,True
llm,28,4,128,4,512,2048,32,11,1,2,6.324057,0.0,True
llm,28,4,128,4,512,2048,32,11,2,2,6.11578,0.0,True
llm,28,4,128,4,512,2048,32,11,3,2,6.272228,0.0,True
llm,28,4,128,4,512,2048,32,11,4,2,6.156542,0.0,True
llm,28,4,128,4,512,2048,32,11,5,2,6.347802,0.0,True
llm,28,4,128,4,512,2048,32,11,6,2,6.01693,0.0,True
llm,28,4,128,4,512,2048,32,11,7,2,6.015848,0.0,True
llm,28,4,128,4,512,2048,32,11,8,2,6.118364,0.0,True
llm,28,4,128,4,512,2048,32,11,9,2,6.599175,0.0,True
llm,28,4,128,4,512,2048,32,11,10,2,6.364318,0.0,True
llm,28,4,128,4,512,2048,32,11,11,2,6.398459,0.0,True
llm,28,4,128,4,512,2048,32,11,12,2,6.304898,0.0,True
llm,28,4,128,4,512,2048,32,11,13,2,6.345769,0.0,True
llm,28,4,128,4,512,2048,32,11,14,2,6.363507,0.0,True
llm,28,4,128,4,512,2048,32,11,15,2,6.100967,0.0,True
llm,28,4,128,4,512,2048,32,11,16,2,6.289164,0.0,True
llm,28,4,128,4,512,2048,32,11,17,2,6.222893,0.0,True
llm,28,4,128,4,512,2048,32,11,18,2,6.114157,0.0,True
llm,28,4,128,4,512,2048,32,11,19,2,6.027586,0.0,True
llm,28,4,128,4,512,2048,128,11,0,3,6.038011,0.0,True
llm,28,4,128,4,512,2048,128,11,1,3,6.29339,0.0,True
llm,28,4,128,4,512,2048,128,11,2,3,6.221571,0.0,True
llm,28,4,128,4,512,2048,128,11,3,3,6.208882,0.0,True
llm,28,4,128,4,512,2048,128,11,4,3,6.291166,0.0,True
llm,28,4,128,4,512,2048,128,11,5,3,6.104372,0.0,True
llm,28,4,128,4,512,2048,128,11,6,3,6.146397,0.0,True
llm,28,4,128,4,512,2048,128,11,7,3,6.027556,0.0,True
llm,28,4,128,4,512,2048,128,11,8,3,6.146036,0.0,True
llm,28,4,128,4,512,2048,128,11,9,3,6.112075,0.0,True
llm,28,4,128,4,512,2048,128,11,10,3,6.245768,0.0,True
llm,28,4,128,4,512,2048,128,11,11,3,6.210504,0.0,True
llm,28,4,128,4,512,2048,128,11,12,3,6.095278,0.0,True
llm,28,4,128,4,512,2048,128,11,13,3,13.683327,0.0,True
llm,28,4,128,4,512,2048,128,11,14,3,6.436738,0.0,True
llm,28,4,128,4,512,2048,128,11,15,3,6.113646,0.0,True
llm,28,4,128,4,512,2048,128,11,16,3,6.193097,0.0,True
llm,28,4,128,4,512,2048,128,11,17,3,11.096132,0.0,True
llm,28,4,128,4,512,2048,128,11,18,3,6.290105,0.0,True
llm,28,4,128,4,512,2048,128,11,19,3,5.983408,0.0,True
llm,28,4,128,4,512,2048,128,29,0,0,9.690175,0.0,True
llm,28,4,128,4,512,2048,128,29,1,0,9.82512,0.0,True
llm,28,4,128,4,512,2048,128,29,2,0,9.773862,0.0,True
llm,28,4,128,4,512,2048,128,29,3,0,6.459753,0.0,True
llm,28,4,128,4,512,2048,128,29,4,0,5.824637,0.0,True
llm,28,4,128,4,512,2048,128,29,5,0,5.848484,0.0,True
llm,28,4,128,4,512,2048,128,29,6,0,5.999212,0.0,True
llm,28,4,128,4,512,2048,128,29,7,0,6.161389,0.0,True
llm,28,4,128,4,512,2048,128,29,8,0,6.026104,0.0,True
llm,28,4,128,4,512,2048,128,29,9,0,6.082119,0.0,True
llm,28,4,128,4,512,2048,128,29,10,0,5.983608,0.0,True
llm,28,4,128,4,512,2048,128,29,11,0,5.883287,0.0,True
llm,28,4,128,4,512,2048,128,29,12,0,6.125414,0.0,True
llm,28,4,128,4,512,2048,128,29,13,0,5.980214,0.0,True
llm,28,4,128,4,512,2048,128,29,14,0,6.034657,0.0,True
llm,28,4,128,4,512,2048,128,29,15,0,6.096211,0.0,True
llm,28,4,128,4,512,2048,128,29,16,0,6.297616,0.0,True
llm,28,4,128,4,512,2048,128,29,17,0,11.348968,0.0,True
llm,28,4,128,4,512,2048,128,29,18,0,6.347472,0.0,True
llm,28,4,128,4,512,2048,128,29,19,0,6.201891,0.0,True
llm,28,4,128,4,512,2048,16,29,0,1,5.862895,0.0,True
llm,28,4,128,4,512,2048,16,29,1,1,6.731225,0.0,True
llm,28,4,128,4,512,2048,16,29,2,1,6.136911,0.0,True
llm,28,4,128,4,512,2048,16,29,3,1,6.148599,0.0,True
llm,28,4,128,4,512,2048,16,29,4,1,6.179857,0.0,True
llm,28,4,128,4,512,2048,16,29,5,1,11.024714,0.0,True
llm,28,4,128,4,512,2048,16,29,6,1,6.047947,0.0,True
llm,28,4,128,4,512,2048,16,29,7,1,11.346804,0.0,True
llm,28,4,128,4,512,2048,16,29,8,1,6.327802,0.0,True
llm,28,4,128,4,512,2048,16,29,9,1,6.14868,0.0,True
llm,28,4,128,4,512,2048,16,29,10,1,6.149381,0.0,True
llm,28,4,128,4,512,2048,16,29,11,1,6.153748,0.0,True
llm,28,4,128,4,512,2048,16,29,12,1,5.969848,0.0,True
llm,28,4,128,4,512,2048,16,29,13,1,5.925931,0.0,True
llm,28,4,128,4,512,2048,16,29,14,1,6.042959,0.0,True
llm,28,4,128,4,512,2048,16,29,15,1,5.966473,0.0,True
llm,28,4,128,4,512,2048,16,29,16,1,6.039524,0.0,True
llm,28,4,128,4,512,2048,16,29,17,1,5.982658,0.0,True
llm,28,4,128,4,512,2048,16,29,18,1,5.996207,0.0,True
llm,28,4,128,4,512,2048,16,29,19,1,6.171454,0.0,True
llm,28,4,128,4,512,2048,64,29,0,2,5.89272,0.0,True
llm,28,4,128,4,512,2048,64,29,1,2,6.164033,0.0,True
llm,28,4,128,4,512,2048,64,29,2,2,6.251336,0.0,True
llm,28,4,128,4,512,2048,64,29,3,2,5.971821,0.0,True
llm,28,4,128,4,512,2048,64,29,4,2,5.806159,0.0,True
llm,28,4,128,4,512,2048,64,29,5,2,6.004821,0.0,True
llm,28,4,128,4,512,2048,64,29,6,2,6.005913,0.0,True
llm,28,4,128,4,512,2048,64,29,7,2,6.352359,0.0,True
llm,28,4,128,4,512,2048,64,29,8,2,6.188591,0.0,True
llm,28,4,128,4,512,2048,64,29,9,2,6.085544,0.0,True
llm,28,4,128,4,512,2048,64,29,10,2,6.083821,0.0,True
llm,28,4,128,4,512,2048,64,29,11,2,11.296548,0.0,True
llm,28,4,128,4,512,2048,64,29,12,2,6.322895,0.0,True
llm,28,4,128,4,512,2048,64,29,13,2,6.115418,0.0,True
llm,28,4,128,4,512,2048,64,29,14,2,6.074988,0.0,True
llm,28,4,128,4,512,2048,64,29,15,2,6.006824,0.0,True
llm,28,4,128,4,512,2048,64,29,16,2,6.133366,0.0,True
llm,28,4,128,4,512,2048,64,29,17,2,6.186667,0.0,True
llm,28,4,128,4,512,2048,64,29,18,2,5.954855,0.0,True
llm,28,4,128,4,512,2048,64,29,19,2,6.197073,0.0,True
llm,28,4,128,4,512,2048,32,29,0,3,6.042819,0.0,True
llm,28,4,128,4,512,2048,32,29,1,3,6.290966,0.0,True
llm,28,4,128,4,512,2048,32,29,2,3,6.06318,0.0,True
llm,28,4,128,4,512,2048,32,29,3,3,6.204265,0.0,True
llm,28,4,128,4,512,2048,32,29,4,3,6.014876,0.0,True
llm,28,4,128,4,512,2048,32,29,5,3,6.068208,0.0,True
llm,28,4,128,4,512,2048,32,29,6,3,6.151784,0.0,True
llm,28,4,128,4,512,2048,32,29,7,3,6.343567,0.0,True
llm,28,4,128,4,512,2048,32,29,8,3,6.045853,0.0,True
llm,28,4,128,4,512,2048,32,29,9,3,6.303275,0.0,True
llm,28,4,128,4,512,2048,32,29,10,3,6.357097,0.0,True
llm,28,4,128,4,512,2048,32,29,11,3,6.364428,0.0,True
llm,28,4,128,4,512,2048,32,29,12,3,6.42456,0.0,True
llm,28,4,128,4,512,2048,32,29,13,3,6.148901,0.0,True
llm,28,4,128,4,512,2048,32,29,14,3,6.296765,0.0,True
llm,28,4,128,4,512,2048,32,29,15,3,6.416677,0.0,True
llm,28,4,128,4,512,2048,32,29,16,3,6.391528,0.0,True
llm,28,4,128,4,512,2048,32,29,17,3,6.301502,0.0,True
llm,28,4,128,4,512,2048,32,29,18,3,6.227239,0.0,True
llm,28,4,128,4,512,2048,32,29,19,3,6.114147,0.0,True
llm,28,4,128,4,512,2048,128,47,0,0,5.830576,0.0,True
llm,28,4,128,4,512,2048,128,47,1,0,6.086615,0.0,True
llm,28,4,128,4,512,2048,128,47,2,0,6.105524,0.0,True
llm,28,4,128,4,512,2048,128,47,3,0,6.18855,0.0,True
llm,28,4,128,4,512,2048,128,47,4,0,6.025472,0.0,True
llm,28,4,128,4,512,2048,128,47,5,0,5.893461,0.0,True
llm,28,4,128,4,512,2048,128,47,6,0,5.928496,0.0,True
llm,28,4,128,4,512,2048,128,47,7,0,6.070922,0.0,True
llm,28,4,128,4,512,2048,128,47,8,0,6.011111,0.0,True
llm,28,4,128,4,512,2048,128,47,9,0,6.220699,0.0,True
llm,28,4,128,4,512,2048,128,47,10,0,6.18164,0.0,True
llm,28,4,128,4,512,2048,128,47,11,0,6.015337,0.0,True
llm,28,4,128,4,512,2048,128,47,12,0,5.947173,0.0,True
llm,28,4,128,4,512,2048,128,47,13,0,6.0564,0.0,True
llm,28,4,128,4,512,2048,128,47,14,0,6.148039,0.0,True
llm,28,4,128,4,512,2048,128,47,15,0,6.016148,0.0,True
llm,28,4,128,4,512,2048,128,47,16,0,6.167758,0.0,True
llm,28,4,128,4,512,2048,128,47,17,0,6.072574,0.0,True
llm,28,4,128,4,512,2048,128,47,18,0,6.200639,0.0,True
llm,28,4,128,4,512,2048,128,47,19,0,6.061177,0.0,True
llm,28,4,128,4,512,2048,64,47,0,1,5.923818,0.0,True
llm,28,4,128,4,512,2048,64,47,1,1,6.392691,0.0,True
llm,28,4,128,4,512,2048,64,47,2,1,6.031862,0.0,True
llm,28,4,128,4,512,2048,64,47,3,1,6.079054,0.0,True
llm,28,4,128,4,512,2048,64,47,4,1,5.953473,0.0,True
llm,28,4,128,4,512,2048,64,47,5,1,5.84627,0.0,True
llm,28,4,128,4,512,2048,64,47,6,1,5.911739,0.0,True
llm,28,4,128,4,512,2048,64,47,7,1,6.065083,0.0,True
llm,28,4,128,4,512,2048,64,47,8,1,6.026794,0.0,True
llm,28,4,128,4,512,2048,64,47,9,1,5.8462,0.0,True
llm,28,4,128,4,512,2048,64,47,10,1,5.988547,0.0,True
llm,28,4,128,4,512,2048,64,47,11,1,6.111744,0.0,True
llm,28,4,128,4,512,2048,64,47,12,1,6.232858,0.0,True
llm,28,4,128,4,512,2048,64,47,13,1,6.285397,0.0,True
llm,28,4,128,4,512,2048,64,47,14,1,6.203603,0.0,True
llm,28,4,128,4,512,2048,64,47,15,1,6.204735,0.0,True
llm,28,4,128,4,512,2048,64,47,16,1,6.104142,0.0,True
llm,28,4,128,4,512,2048,64,47,17,1,6.030069,0.0,True
llm,28,4,128,4,512,2048,64,47,18,1,5.969727,0.0,True
llm,28,4,128,4,512,2048,64,47,19,1,5.871137,0.0,True
llm,28,4,128,4,512,2048,16,47,0,2,5.910077,0.0,True
llm,28,4,128,4,512,2048,16,47,1,2,6.268402,0.0,True
llm,28,4,128,4,512,2048,16,47,2,2,6.151013,0.0,True
llm,28,4,128,4,512,2048,16,47,3,2,6.235061,0.0,True
llm,28,4,128,4,512,2048,16,47,4,2,6.12889,0.0,True
llm,28,4,128,4,512,2048,16,47,5,2,6.086805,0.0,True
llm,28,4,128,4,512,2048,16,47,6,2,6.013454,0.0,True
llm,28,4,128,4,512,2048,16,47,7,2,6.028757,0.0,True
llm,28,4,128,4,512,2048,16,47,8,2,5.947484,0.0,True
llm,28,4,128,4,512,2048,16,47,9,2,6.02348,0.0,True
llm,28,4,128,4,512,2048,16,47,10,2,6.080797,0.0,True
llm,28,4,128,4,512,2048,16,47,11,2,6.024851,0.0,True
llm,28,4,128,4,512,2048,16,47,12,2,6.11635,0.0,True
llm,28,4,128,4,512,2048,16,47,13,2,5.874593,0.0,True
llm,28,4,128,4,512,2048,16,47,14,2,6.028687,0.0,True
llm,28,4,128,4,512,2048,16,47,15,2,5.991872,0.0,True
llm,28,4,128,4,512,2048,16,47,16,2,6.292969,0.0,True
llm,28,4,128,4,512,2048,16,47,17,2,6.270144,0.0,True
llm,28,4,128,4,512,2048,16,47,18,2,6.139455,0.0,True
llm,28,4,128,4,512,2048,16,47,19,2,6.026194,0.0,True
llm,28,4,128,4,512,2048,32,47,0,3,5.894213,0.0,True
llm,28,4,128,4,512,2048,32,47,1,3,6.24134,0.0,True
llm,28,4,128,4,512,2048,32,47,2,3,6.193138,0.0,True
llm,28,4,128,4,512,2048,32,47,3,3,6.067486,0.0,True
llm,28,4,128,4,512,2048,32,47,4,3,6.067516,0.0,True
llm,28,4,128,4,512,2048,32,47,5,3,6.486663,0.0,True
llm,28,4,128,4,512,2048,32,47,6,3,6.263885,0.0,True
llm,28,4,128,4,512,2048,32,47,7,3,6.189391,0.0,True
llm,28,4,128,4,512,2048,32,47,8,3,6.072333,0.0,True
llm,28,4,128,4,512,2048,32,47,9,3,5.986273,0.0,True
llm,28,4,128,4,512,2048,32,47,10,3,5.907793,0.0,True
llm,28,4,128,4,512,2048,32,47,11,3,5.915866,0.0,True
llm,28,4,128,4,512,2048,32,47,12,3,5.973113,0.0,True
llm,28,4,128,4,512,2048,32,47,13,3,5.981936,0.0,True
llm,28,4,128,4,512,2048,32,47,14,3,6.085304,0.0,True
llm,28,4,128,4,512,2048,32,47,15,3,6.228561,0.0,True
llm,28,4,128,4,512,2048,32,47,16,3,6.114477,0.0,True
llm,28,4,128,4,512,2048,32,47,17,3,6.137153,0.0,True
llm,28,4,128,4,512,2048,32,47,18,3,6.286629,0.0,True
llm,28,4,128,4,512,2048,32,47,19,3,6.174169,0.0,True
llm,28,4,128,4,512,8192,32,11,0,0,26.183745,0.0,True
llm,28,4,128,4,512,8192,32,11,1,0,23.52383,0.0,True
llm,28,4,128,4,512,8192,32,11,2,0,23.606235,0.0,True
llm,28,4,128,4,512,8192,32,11,3,0,23.66853,0.0,True
llm,28,4,128,4,512,8192,32,11,4,0,23.812849,0.0,True
llm,28,4,128,4,512,8192,32,11,5,0,23.389025,0.0,True
llm,28,4,128,4,512,8192,32,11,6,0,23.670924,0.0,True
llm,28,4,128,4,512,8192,32,11,7,0,23.788382,0.0,True
llm,28,4,128,4,512,8192,32,11,8,0,23.697184,0.0,True
llm,28,4,128,4,512,8192,32,11,9,0,23.778447,0.0,True
llm,28,4,128,4,512,8192,32,11,10,0,23.737585,0.0,True
llm,28,4,128,4,512,8192,32,11,11,0,23.668921,0.0,True
llm,28,4,128,4,512,8192,32,11,12,0,23.83925,0.0,True
llm,28,4,128,4,512,8192,32,11,13,0,23.408124,0.0,True
llm,28,4,128,4,512,8192,32,11,14,0,23.74744,0.0,True
llm,28,4,128,4,512,8192,32,11,15,0,23.762493,0.0,True
llm,28,4,128,4,512,8192,32,11,16,0,23.811297,0.0,True
llm,28,4,128,4,512,8192,32,11,17,0,23.391819,0.0,True
llm,28,4,128,4,512,8192,32,11,18,0,23.740079,0.0,True
llm,28,4,128,4,512,8192,32,11,19,0,23.557371,0.0,True
llm,28,4,128,4,512,8192,128,11,0,1,23.382665,0.0,True
llm,28,4,128,4,512,8192,128,11,1,1,23.852299,0.0,True
llm,28,4,128,4,512,8192,128,11,2,1,23.37264,0.0,True
llm,28,4,128,4,512,8192,128,11,3,1,23.58304,0.0,True
llm,28,4,128,4,512,8192,128,11,4,1,23.665475,0.0,True
llm,28,4,128,4,512,8192,128,11,5,1,23.672796,0.0,True
llm,28,4,128,4,512,8192,128,11,6,1,23.623992,0.0,True
llm,28,4,128,4,512,8192,128,11,7,1,23.710333,0.0,True
llm,28,4,128,4,512,8192,128,11,8,1,23.328953,0.0,True
llm,28,4,128,4,512,8192,128,11,9,1,23.619565,0.0,True
llm,28,4,128,4,512,8192,128,11,10,1,23.799298,0.0,True
llm,28,4,128,4,512,8192,128,11,11,1,23.358808,0.0,True
llm,28,4,128,4,512,8192,128,11,12,1,23.593185,0.0,True
llm,28,4,128,4,512,8192,128,11,13,1,23.64251,0.0,True
llm,28,4,128,4,512,8192,128,11,14,1,23.644623,0.0,True
llm,28,4,128,4,512,8192,128,11,15,1,23.626486,0.0,True
llm,28,4,128,4,512,8192,128,11,16,1,23.657894,0.0,True
llm,28,4,128,4,512,8192,128,11,17,1,23.662651,0.0,True
llm,28,4,128,4,512,8192,128,11,18,1,23.672476,0.0,True
llm,28,4,128,4,512,8192,128,11,19,1,23.694069,0.0,True
llm,28,4,128,4,512,8192,16,11,0,2,23.531322,0.0,True
llm,28,4,128,4,512,8192,16,11,1,2,23.765657,0.0,True
llm,28,4,128,4,512,8192,16,11,2,2,23.690283,0.0,True
llm,28,4,128,4,512,8192,16,11,3,2,23.830777,0.0,True
llm,28,4,128,4,512,8192,16,11,4,2,23.426753,0.0,True
llm,28,4,128,4,512,8192,16,11,5,2,23.723273,0.0,True
llm,28,4,128,4,512,8192,16,11,6,2,23.628168,0.0,True
llm,28,4,128,4,512,8192,16,11,7,2,23.66198,0.0,True
llm,28,4,128,4,512,8192,16,11,8,2,24.258097,0.0,True
llm,28,4,128,4,512,8192,16,11,9,2,23.884839,0.0,True
llm,28,4,128,4,512,8192,16,11,10,2,23.45154,0.0,True
llm,28,4,128,4,512,8192,16,11,11,2,23.750003,0.0,True
llm,28,4,128,4,512,8192,16,11,12,2,23.786078,0.0,True
llm,28,4,128,4,512,8192,16,11,13,2,24.044892,0.0,True
llm,28,4,128,4,512,8192,16,11,14,2,23.877848,0.0,True
llm,28,4,128,4,512,8192,16,11,15,2,23.441234,0.0,True
llm,28,4,128,4,512,8192,16,11,16,2,23.676292,0.0,True
llm,28,4,128,4,512,8192,16,11,17,2,23.661219,0.0,True
llm,28,4,128,4,512,8192,16,11,18,2,23.754049,0.0,True
llm,28,4,128,4,512,8192,16,11,19,2,23.916577,0.0,True
llm,28,4,128,4,512,8192,64,11,0,3,23.229042,0.0,True
llm,28,4,128,4,512,8192,64,11,1,3,23.80045,0.0,True
llm,28,4,128,4,512,8192,64,11,2,3,23.794801,0.0,True
llm,28,4,128,4,512,8192,64,11,3,3,23.876886,0.0,True
llm,28,4,128,4,512,8192,64,11,4,3,23.805959,0.0,True
llm,28,4,128,4,512,8192,64,11,5,3,23.858768,0.0,True
llm,28,4,128,4,512,8192,64,11,6,3,23.585674,0.0,True
llm,28,4,128,4,512,8192,64,11,7,3,24.030029,0.0,True
llm,28,4,128,4,512,8192,64,11,8,3,23.83324,0.0,True
llm,28,4,128,4,512,8192,64,11,9,3,23.580576,0.0,True
llm,28,4,128,4,512,8192,64,11,10,3,23.684252,0.0,True
llm,28,4,128,4,512,8192,64,11,11,3,23.841933,0.0,True
llm,28,4,128,4,512,8192,64,11,12,3,23.673827,0.0,True
llm,28,4,128,4,512,8192,64,11,13,3,24.108899,0.0,True
llm,28,4,128,4,512,8192,64,11,14,3,23.776023,0.0,True
llm,28,4,128,4,512,8192,64,11,15,3,23.683983,0.0,True
llm,28,4,128,4,512,8192,64,11,16,3,23.756203,0.0,True
llm,28,4,128,4,512,8192,64,11,17,3,23.599445,0.0,True
llm,28,4,128,4,512,8192,64,11,18,3,23.868043,0.0,True
llm,28,4,128,4,512,8192,64,11,19,3,23.874573,0.0,True
llm,28,4,128,4,512,8192,64,29,0,0,23.262882,0.0,True
llm,28,4,128,4,512,8192,64,29,1,0,23.59048,0.0,True
llm,28,4,128,4,512,8192,64,29,2,0,23.650351,0.0,True
llm,28,4,128,4,512,8192,64,29,3,0,23.455796,0.0,True
llm,28,4,128,4,512,8192,64,29,4,0,23.422254,0.0,True
llm,28,4,128,4,512,8192,64,29,5,0,23.470137,0.0,True
llm,28,4,128,4,512,8192,64,29,6,0,23.54435,0.0,True
llm,28,4,128,4,512,8192,64,29,7,0,23.49202,0.0,True
llm,28,4,128,4,512,8192,64,29,8,0,23.626145,0.0,True
llm,28,4,128,4,512,8192,64,29,9,0,23.626845,0.0,True
llm,28,4,128,4,512,8192,64,29,10,0,23.456857,0.0,True
llm,28,4,128,4,512,8192,64,29,11,0,23.469406,0.0,True
llm,28,4,128,4,512,8192,64,29,12,0,23.464479,0.0,True
llm,28,4,128,4,512,8192,64,29,13,0,23.562959,0.0,True
llm,28,4,128,4,512,8192,64,29,14,0,23.656531,0.0,True
llm,28,4,128,4,512,8192,64,29,15,0,23.65631,0.0,True
llm,28,4,128,4,512,8192,64,29,16,0,23.631332,0.0,True
llm,28,4,128,4,512,8192,64,29,17,0,23.573304,0.0,True
llm,28,4,128,4,512,8192,64,29,18,0,23.509938,0.0,True
llm,28,4,128,4,512,8192,64,29,19,0,23.542648,0.0,True
llm,28,4,128,4,512,8192,128,29,0,1,23.521996,0.0,True
llm,28,4,128,4,512,8192,128,29,1,1,23.539903,0.0,True
llm,28,4,128,4,512,8192,128,29,2,1,23.518832,0.0,True
llm,28,4,128,4,512,8192,128,29,3,1,23.609179,0.0,True
llm,28,4,128,4,512,8192,128,29,4,1,23.563799,0.0,True
llm,28,4,128,4,512,8192,128,29,5,1,23.666075,0.0,True
llm,28,4,128,4,512,8192,128,29,6,1,23.56405,0.0,True
llm,28,4,128,4,512,8192,128,29,7,1,23.737663,0.0,True
llm,28,4,128,4,512,8192,128,29,8,1,23.567125,0.0,True
llm,28,4,128,4,512,8192,128,29,9,1,23.4589,0.0,True
llm,28,4,128,4,512,8192,128,29,10,1,23.740619,0.0,True
llm,28,4,128,4,512,8192,128,29,11,1,23.539152,0.0,True
llm,28,4,128,4,512,8192,128,29,12,1,23.874862,0.0,True
llm,28,4,128,4,512,8192,128,29,13,1,24.288081,0.0,True
llm,28,4,128,4,512,8192,128,29,14,1,23.521946,0.0,True
llm,28,4,128,4,512,8192,128,29,15,1,23.553023,0.0,True
llm,28,4,128,4,512,8192,128,29,16,1,23.498951,0.0,True
llm,28,4,128,4,512,8192,128,29,17,1,23.541686,0.0,True
llm,28,4,128,4,512,8192,128,29,18,1,23.494745,0.0,True
llm,28,4,128,4,512,8192,128,29,19,1,23.705565,0.0,True
llm,28,4,128,4,512,8192,16,29,0,2,23.187528,0.0,True
llm,28,4,128,4,512,8192,16,29,1,2,23.690562,0.0,True
llm,28,4,128,4,512,8192,16,29,2,2,23.559032,0.0,True
llm,28,4,128,4,512,8192,16,29,3,2,23.489386,0.0,True
llm,28,4,128,4,512,8192,16,29,4,2,23.607757,0.0,True
llm,28,4,128,4,512,8192,16,29,5,2,23.517039,0.0,True
llm,28,4,128,4,512,8192,16,29,6,2,23.490557,0.0,True
llm,28,4,128,4,512,8192,16,29,7,2,23.700447,0.0,True
llm,28,4,128,4,512,8192,16,29,8,2,23.644332,0.0,True
llm,28,4,128,4,512,8192,16,29,9,2,23.74127,0.0,True
llm,28,4,128,4,512,8192,16,29,10,2,23.818046,0.0,True
llm,28,4,128,4,512,8192,16,29,11,2,23.95943,0.0,True
llm,28,4,128,4,512,8192,16,29,12,2,23.850195,0.0,True
llm,28,4,128,4,512,8192,16,29,13,2,23.3143,0.0,True
llm,28,4,128,4,512,8192,16,29,14,2,23.598782,0.0,True
llm,28,4,128,4,512,8192,16,29,15,2,23.565842,0.0,True
llm,28,4,128,4,512,8192,16,29,16,2,23.699896,0.0,True
llm,28,4,128,4,512,8192,16,29,17,2,23.859218,0.0,True
llm,28,4,128,4,512,8192,16,29,18,2,23.63688,0.0,True
llm,28,4,128,4,512,8192,16,29,19,2,23.732657,0.0,True
llm,28,4,128,4,512,8192,32,29,0,3,23.503198,0.0,True
llm,28,4,128,4,512,8192,32,29,1,3,23.710723,0.0,True
llm,28,4,128,4,512,8192,32,29,2,3,23.815311,0.0,True
llm,28,4,128,4,512,8192,32,29,3,3,23.632184,0.0,True
llm,28,4,128,4,512,8192,32,29,4,3,23.742901,0.0,True
llm,28,4,128,4,512,8192,32,29,5,3,23.527323,0.0,True
llm,28,4,128,4,512,8192,32,29,6,3,23.624462,0.0,True
llm,28,4,128,4,512,8192,32,29,7,3,24.117441,0.0,True
llm,28,4,128,4,512,8192,32,29,8,3,23.493252,0.0,True
llm,28,4,128,4,512,8192,32,29,9,3,23.744414,0.0,True
llm,28,4,128,4,512,8192,32,29,10,3,23.733837,0.0,True
llm,28,4,128,4,512,8192,32,29,11,3,23.689541,0.0,True
llm,28,4,128,4,512,8192,32,29,12,3,23.927391,0.0,True
llm,28,4,128,4,512,8192,32,29,13,3,23.504219,0.0,True
llm,28,4,128,4,512,8192,32,29,14,3,23.848142,0.0,True
llm,28,4,128,4,512,8192,32,29,15,3,23.845727,0.0,True
llm,28,4,128,4,512,8192,32,29,16,3,23.528826,0.0,True
llm,28,4,128,4,512,8192,32,29,17,3,23.693656,0.0,True
llm,28,4,128,4,512,8192,32,29,18,3,23.895734,0.0,True
llm,28,4,128,4,512,8192,32,29,19,3,23.871397,0.0,True
llm,28,4,128,4,512,8192,64,47,0,0,50.868867,0.0,True
llm,28,4,128,4,512,8192,64,47,1,0,49.037442,0.0,True
llm,28,4,128,4,512,8192,64,47,2,0,41.135086,0.0,True
llm,28,4,128,4,512,8192,64,47,3,0,39.334297,0.0,True
llm,28,4,128,4,512,8192,64,47,4,0,25.395504,0.0,True
llm,28,4,128,4,512,8192,64,47,5,0,25.773499,0.0,True
llm,28,4,128,4,512,8192,64,47,6,0,23.596568,0.0,True
llm,28,4,128,4,512,8192,64,47,7,0,23.8477,0.0,True
llm,28,4,128,4,512,8192,64,47,8,0,23.674918,0.0,True
llm,28,4,128,4,512,8192,64,47,9,0,23.787118,0.0,True
llm,28,4,128,4,512,8192,64,47,10,0,23.831385,0.0,True
llm,28,4,128,4,512,8192,64,47,11,0,23.740928,0.0,True
llm,28,4,128,4,512,8192,64,47,12,0,23.660045,0.0,True
llm,28,4,128,4,512,8192,64,47,13,0,23.68925,0.0,True
llm,28,4,128,4,512,8192,64,47,14,0,23.82762,0.0,True
llm,28,4,128,4,512,8192,64,47,15,0,23.355532,0.0,True
llm,28,4,128,4,512,8192,64,47,16,0,23.57169,0.0,True
llm,28,4,128,4,512,8192,64,47,17,0,23.625713,0.0,True
llm,28,4,128,4,512,8192,64,47,18,0,23.571381,0.0,True
llm,28,4,128,4,512,8192,64,47,19,0,23.689099,0.0,True
llm,28,4,128,4,512,8192,32,47,0,1,23.427101,0.0,True
llm,28,4,128,4,512,8192,32,47,1,1,23.600134,0.0,True
llm,28,4,128,4,512,8192,32,47,2,1,23.527955,0.0,True
llm,28,4,128,4,512,8192,32,47,3,1,23.765556,0.0,True
llm,28,4,128,4,512,8192,32,47,4,1,23.614145,0.0,True
llm,28,4,128,4,512,8192,32,47,5,1,23.839067,0.0,True
llm,28,4,128,4,512,8192,32,47,6,1,23.67017,0.0,True
llm,28,4,128,4,512,8192,32,47,7,1,23.853118,0.0,True
llm,28,4,128,4,512,8192,32,47,8,1,23.330734,0.0,True
llm,28,4,128,4,512,8192,32,47,9,1,23.639514,0.0,True
llm,28,4,128,4,512,8192,32,47,10,1,23.638702,0.0,True
llm,28,4,128,4,512,8192,32,47,11,1,23.616058,0.0,True
llm,28,4,128,4,512,8192,32,47,12,1,23.582066,0.0,True
llm,28,4,128,4,512,8192,32,47,13,1,23.592252,0.0,True
llm,28,4,128,4,512,8192,32,47,14,1,23.684622,0.0,True
llm,28,4,128,4,512,8192,32,47,15,1,23.943065,0.0,True
llm,28,4,128,4,512,8192,32,47,16,1,23.45957,0.0,True
llm,28,4,128,4,512,8192,32,47,17,1,23.69646,0.0,True
llm,28,4,128,4,512,8192,32,47,18,1,23.573454,0.0,True
llm,28,4,128,4,512,8192,32,47,19,1,23.7558,0.0,True
llm,28,4,128,4,512,8192,128,47,0,2,23.469325,0.0,True
llm,28,4,128,4,512,8192,128,47,1,2,23.627465,0.0,True
llm,28,4,128,4,512,8192,128,47,2,2,23.633614,0.0,True
llm,28,4,128,4,512,8192,128,47,3,2,23.676519,0.0,True
llm,28,4,128,4,512,8192,128,47,4,2,23.815761,0.0,True
llm,28,4,128,4,512,8192,128,47,5,2,23.667936,0.0,True
llm,28,4,128,4,512,8192,128,47,6,2,23.665253,0.0,True
llm,28,4,128,4,512,8192,128,47,7,2,23.668888,0.0,True
llm,28,4,128,4,512,8192,128,47,8,2,23.740638,0.0,True
llm,28,4,128,4,512,8192,128,47,9,2,24.361592,0.0,True
llm,28,4,128,4,512,8192,128,47,10,2,23.573884,0.0,True
llm,28,4,128,4,512,8192,128,47,11,2,23.610039,0.0,True
llm,28,4,128,4,512,8192,128,47,12,2,23.725314,0.0,True
llm,28,4,128,4,512,8192,128,47,13,2,23.568215,0.0,True
llm,28,4,128,4,512,8192,128,47,14,2,23.835972,0.0,True
llm,28,4,128,4,512,8192,128,47,15,2,23.665243,0.0,True
llm,28,4,128,4,512,8192,128,47,16,2,23.67019,0.0,True
llm,28,4,128,4,512,8192,128,47,17,2,23.742751,0.0,True
llm,28,4,128,4,512,8192,128,47,18,2,23.607776,0.0,True
llm,28,4,128,4,512,8192,128,47,19,2,23.57158,0.0,True
llm,28,4,128,4,512,8192,16,47,0,3,23.248959,0.0,True
llm,28,4,128,4,512,8192,16,47,1,3,23.856013,0.0,True
llm,28,4,128,4,512,8192,16,47,2,3,23.737151,0.0,True
llm,28,4,128,4,512,8192,16,47,3,3,23.763361,0.0,True
llm,28,4,128,4,512,8192,16,47,4,3,23.53889,0.0,True
llm,28,4,128,4,512,8192,16,47,5,3,23.753597,0.0,True
llm,28,4,128,4,512,8192,16,47,6,3,23.777113,0.0,True
llm,28,4,128,4,512,8192,16,47,7,3,23.780517,0.0,True
llm,28,4,128,4,512,8192,16,47,8,3,23.753888,0.0,True
llm,28,4,128,4,512,8192,16,47,9,3,24.124941,0.0,True
llm,28,4,128,4,512,8192,16,47,10,3,23.576738,0.0,True
llm,28,4,128,4,512,8192,16,47,11,3,23.794389,0.0,True
llm,28,4,128,4,512,8192,16,47,12,3,23.879047,0.0,True
llm,28,4,128,4,512,8192,16,47,13,3,23.844485,0.0,True
llm,28,4,128,4,512,8192,16,47,14,3,23.666314,0.0,True
llm,28,4,128,4,512,8192,16,47,15,3,23.685142,0.0,True
llm,28,4,128,4,512,8192,16,47,16,3,23.789511,0.0,True
llm,28,4,128,4,512,8192,16,47,17,3,23.729821,0.0,True
llm,28,4,128,4,512,8192,16,47,18,3,23.812246,0.0,True
llm,28,4,128,4,512,8192,16,47,19,3,23.812236,0.0,True
llm,28,4,128,4,512,16384,64,11,0,0,46.951307,0.0,True
llm,28,4,128,4,512,16384,64,11,1,0,47.114656,0.0,True
llm,28,4,128,4,512,16384,64,11,2,0,47.004198,0.0,True
llm,28,4,128,4,512,16384,64,11,3,0,46.621086,0.0,True
llm,28,4,128,4,512,16384,64,11,4,0,46.965249,0.0,True
llm,28,4,128,4,512,16384,64,11,5,0,46.411337,0.0,True
llm,28,4,128,4,512,16384,64,11,6,0,47.3344,0.0,True
llm,28,4,128,4,512,16384,64,11,7,0,47.149458,0.0,True
llm,28,4,128,4,512,16384,64,11,8,0,47.032241,0.0,True
llm,28,4,128,4,512,16384,64,11,9,0,46.584649,0.0,True
llm,28,4,128,4,512,16384,64,11,10,0,46.350113,0.0,True
llm,28,4,128,4,512,16384,64,11,11,0,47.287248,0.0,True
llm,28,4,128,4,512,16384,64,11,12,0,47.126653,0.0,True
llm,28,4,128,4,512,16384,64,11,13,0,47.062776,0.0,True
llm,28,4,128,4,512,16384,64,11,14,0,47.068916,0.0,True
llm,28,4,128,4,512,16384,64,11,15,0,47.180887,0.0,True
llm,28,4,128,4,512,16384,64,11,16,0,46.981072,0.0,True
llm,28,4,128,4,512,16384,64,11,17,0,46.942283,0.0,True
llm,28,4,128,4,512,16384,64,11,18,0,47.073112,0.0,True
llm,28,4,128,4,512,16384,64,11,19,0,46.656669,0.0,True
llm,28,4,128,4,512,16384,32,11,0,1,46.964998,0.0,True
llm,28,4,128,4,512,16384,32,11,1,1,46.537308,0.0,True
llm,28,4,128,4,512,16384,32,11,2,1,46.347239,0.0,True
llm,28,4,128,4,512,16384,32,11,3,1,47.293097,0.0,True
llm,28,4,128,4,512,16384,32,11,4,1,47.052281,0.0,True
llm,28,4,128,4,512,16384,32,11,5,1,47.221327,0.0,True
llm,28,4,128,4,512,16384,32,11,6,1,51.965391,0.0,True
llm,28,4,128,4,512,16384,32,11,7,1,47.16416,0.0,True
llm,28,4,128,4,512,16384,32,11,8,1,47.198973,0.0,True
llm,28,4,128,4,512,16384,32,11,9,1,47.490176,0.0,True
llm,28,4,128,4,512,16384,32,11,10,1,47.545651,0.0,True
llm,28,4,128,4,512,16384,32,11,11,1,47.248238,0.0,True
llm,28,4,128,4,512,16384,32,11,12,1,47.376563,0.0,True
llm,28,4,128,4,512,16384,32,11,13,1,47.355792,0.0,True
llm,28,4,128,4,512,16384,32,11,14,1,47.320438,0.0,True
llm,28,4,128,4,512,16384,32,11,15,1,47.501293,0.0,True
llm,28,4,128,4,512,16384,32,11,16,1,47.383013,0.0,True
llm,28,4,128,4,512,16384,32,11,17,1,47.383243,0.0,True
llm,28,4,128,4,512,16384,32,11,18,1,47.526221,0.0,True
llm,28,4,128,4,512,16384,32,11,19,1,47.325155,0.0,True
llm,28,4,128,4,512,16384,16,11,0,2,46.420319,0.0,True
llm,28,4,128,4,512,16384,16,11,1,2,46.244622,0.0,True
llm,28,4,128,4,512,16384,16,11,2,2,47.105431,0.0,True
llm,28,4,128,4,512,16384,16,11,3,2,47.120924,0.0,True
llm,28,4,128,4,512,16384,16,11,4,2,47.425808,0.0,True
llm,28,4,128,4,512,16384,16,11,5,2,47.199764,0.0,True
llm,28,4,128,4,512,16384,16,11,6,2,47.041072,0.0,True
llm,28,4,128,4,512,16384,16,11,7,2,47.192322,0.0,True
llm,28,4,128,4,512,16384,16,11,8,2,46.897554,0.0,True
llm,28,4,128,4,512,16384,16,11,9,2,46.524718,0.0,True
llm,28,4,128,4,512,16384,16,11,10,2,47.320218,0.0,True
llm,28,4,128,4,512,16384,16,11,11,2,47.264032,0.0,True
llm,28,4,128,4,512,16384,16,11,12,2,52.056528,0.0,True
llm,28,4,128,4,512,16384,16,11,13,2,47.404385,0.0,True
llm,28,4,128,4,512,16384,16,11,14,2,66.21821,0.0,True
llm,28,4,128,4,512,16384,16,11,15,2,47.85481,0.0,True
llm,28,4,128,4,512,16384,16,11,16,2,47.082095,0.0,True
llm,28,4,128,4,512,16384,16,11,17,2,47.011277,0.0,True
llm,28,4,128,4,512,16384,16,11,18,2,47.024578,0.0,True
llm,28,4,128,4,512,16384,16,11,19,2,46.740786,0.0,True
llm,28,4,128,4,512,16384,128,11,0,3,46.85577,0.0,True
llm,28,4,128,4,512,16384,128,11,1,3,46.606952,0.0,True
llm,28,4,128,4,512,16384,128,11,2,3,47.388269,0.0,True
llm,28,4,128,4,512,16384,128,11,3,3,47.370083,0.0,True
llm,28,4,128,4,512,16384,128,11,4,3,47.468321,0.0,True
llm,28,4,128,4,512,16384,128,11,5,3,47.511888,0.0,True
llm,28,4,128,4,512,16384,128,11,6,3,47.350102,0.0,True
llm,28,4,128,4,512,16384,128,11,7,3,47.582325,0.0,True
llm,28,4,128,4,512,16384,128,11,8,3,47.36204,0.0,True
llm,28,4,128,4,512,16384,128,11,9,3,47.636727,0.0,True
llm,28,4,128,4,512,16384,128,11,10,3,47.357944,0.0,True
llm,28,4,128,4,512,16384,128,11,11,3,47.410373,0.0,True
llm,28,4,128,4,512,16384,128,11,12,3,47.389121,0.0,True
llm,28,4,128,4,512,16384,128,11,13,3,47.388611,0.0,True
llm,28,4,128,4,512,16384,128,11,14,3,47.385106,0.0,True
llm,28,4,128,4,512,16384,128,11,15,3,47.377123,0.0,True
llm,28,4,128,4,512,16384,128,11,16,3,47.499338,0.0,True
llm,28,4,128,4,512,16384,128,11,17,3,47.440229,0.0,True
llm,28,4,128,4,512,16384,128,11,18,3,47.339845,0.0,True
llm,28,4,128,4,512,16384,128,11,19,3,47.093101,0.0,True
llm,28,4,128,4,512,16384,32,29,0,0,54.300808,0.0,True
llm,28,4,128,4,512,16384,32,29,1,0,47.27083,0.0,True
llm,28,4,128,4,512,16384,32,29,2,0,47.323351,0.0,True
llm,28,4,128,4,512,16384,32,29,3,0,47.30311,0.0,True
llm,28,4,128,4,512,16384,32,29,4,0,47.242748,0.0,True
llm,28,4,128,4,512,16384,32,29,5,0,47.31674,0.0,True
llm,28,4,128,4,512,16384,32,29,6,0,47.284942,0.0,True
llm,28,4,128,4,512,16384,32,29,7,0,47.32953,0.0,True
llm,28,4,128,4,512,16384,32,29,8,0,47.275738,0.0,True
llm,28,4,128,4,512,16384,32,29,9,0,47.464254,0.0,True
llm,28,4,128,4,512,16384,32,29,10,0,47.357012,0.0,True
llm,28,4,128,4,512,16384,32,29,11,0,47.259112,0.0,True
llm,28,4,128,4,512,16384,32,29,12,0,47.058207,0.0,True
llm,28,4,128,4,512,16384,32,29,13,0,47.328928,0.0,True
llm,28,4,128,4,512,16384,32,29,14,0,47.387427,0.0,True
llm,28,4,128,4,512,16384,32,29,15,0,47.289407,0.0,True
llm,28,4,128,4,512,16384,32,29,16,0,47.411974,0.0,True
llm,28,4,128,4,512,16384,32,29,17,0,47.346675,0.0,True
llm,28,4,128,4,512,16384,32,29,18,0,47.39595,0.0,True
llm,28,4,128,4,512,16384,32,29,19,0,47.279022,0.0,True
llm,28,4,128,4,512,16384,16,29,0,1,46.353014,0.0,True
llm,28,4,128,4,512,16384,16,29,1,1,47.233142,0.0,True
llm,28,4,128,4,512,16384,16,29,2,1,47.499027,0.0,True
llm,28,4,128,4,512,16384,16,29,3,1,47.423422,0.0,True
llm,28,4,128,4,512,16384,16,29,4,1,47.430142,0.0,True
llm,28,4,128,4,512,16384,16,29,5,1,47.519157,0.0,True
llm,28,4,128,4,512,16384,16,29,6,1,47.202295,0.0,True
llm,28,4,128,4,512,16384,16,29,7,1,47.426377,0.0,True
llm,28,4,128,4,512,16384,16,29,8,1,47.490243,0.0,True
llm,28,4,128,4,512,16384,16,29,9,1,47.204668,0.0,True
llm,28,4,128,4,512,16384,16,29,10,1,47.32428,0.0,True
llm,28,4,128,4,512,16384,16,29,11,1,47.296287,0.0,True
llm,28,4,128,4,512,16384,16,29,12,1,47.213562,0.0,True
llm,28,4,128,4,512,16384,16,29,13,1,47.305151,0.0,True
llm,28,4,128,4,512,16384,16,29,14,1,47.210157,0.0,True
llm,28,4,128,4,512,16384,16,29,15,1,47.248024,0.0,True
llm,28,4,128,4,512,16384,16,29,16,1,47.249376,0.0,True
llm,28,4,128,4,512,16384,16,29,17,1,47.308736,0.0,True
llm,28,4,128,4,512,16384,16,29,18,1,47.318531,0.0,True
llm,28,4,128,4,512,16384,16,29,19,1,47.209456,0.0,True
llm,28,4,128,4,512,16384,128,29,0,2,46.334936,0.0,True
llm,28,4,128,4,512,16384,128,29,1,2,47.301345,0.0,True
llm,28,4,128,4,512,16384,128,29,2,2,47.405273,0.0,True
llm,28,4,128,4,512,16384,128,29,3,2,47.266463,0.0,True
llm,28,4,128,4,512,16384,128,29,4,2,47.374527,0.0,True
llm,28,4,128,4,512,16384,128,29,5,2,47.415739,0.0,True
llm,28,4,128,4,512,16384,128,29,6,2,47.386053,0.0,True
llm,28,4,128,4,512,16384,128,29,7,2,47.526037,0.0,True
llm,28,4,128,4,512,16384,128,29,8,2,47.358081,0.0,True
llm,28,4,128,4,512,16384,128,29,9,2,47.276437,0.0,True
llm,28,4,128,4,512,16384,128,29,10,2,47.329809,0.0,True
llm,28,4,128,4,512,16384,128,29,11,2,47.359693,0.0,True
llm,28,4,128,4,512,16384,128,29,12,2,47.338361,0.0,True
llm,28,4,128,4,512,16384,128,29,13,2,47.315206,0.0,True
llm,28,4,128,4,512,16384,128,29,14,2,47.236326,0.0,True
llm,28,4,128,4,512,16384,128,29,15,2,47.239621,0.0,True
llm,28,4,128,4,512,16384,128,29,16,2,47.314706,0.0,True
llm,28,4,128,4,512,16384,128,29,17,2,47.184276,0.0,True
llm,28,4,128,4,512,16384,128,29,18,2,47.362037,0.0,True
llm,28,4,128,4,512,16384,128,29,19,2,52.137688,0.0,True
llm,28,4,128,4,512,16384,64,29,0,3,46.614701,0.0,True
llm,28,4,128,4,512,16384,64,29,1,3,47.592948,0.0,True
llm,28,4,128,4,512,16384,64,29,2,3,47.37727,0.0,True
llm,28,4,128,4,512,16384,64,29,3,3,47.18654,0.0,True
llm,28,4,128,4,512,16384,64,29,4,3,47.282305,0.0,True
llm,28,4,128,4,512,16384,64,29,5,3,47.177166,0.0,True
llm,28,4,128,4,512,16384,64,29,6,3,47.289236,0.0,True
llm,28,4,128,4,512,16384,64,29,7,3,47.26548,0.0,True
llm,28,4,128,4,512,16384,64,29,8,3,47.248524,0.0,True
llm,28,4,128,4,512,16384,64,29,9,3,47.148742,0.0,True
llm,28,4,128,4,512,16384,64,29,10,3,47.194041,0.0,True
llm,28,4,128,4,512,16384,64,29,11,3,47.164246,0.0,True
llm,28,4,128,4,512,16384,64,29,12,3,47.197307,0.0,True
llm,28,4,128,4,512,16384,64,29,13,3,47.182795,0.0,True
llm,28,4,128,4,512,16384,64,29,14,3,47.195674,0.0,True
llm,28,4,128,4,512,16384,64,29,15,3,47.413314,0.0,True
llm,28,4,128,4,512,16384,64,29,16,3,47.289747,0.0,True
llm,28,4,128,4,512,16384,64,29,17,3,47.315626,0.0,True
llm,28,4,128,4,512,16384,64,29,18,3,47.282946,0.0,True
llm,28,4,128,4,512,16384,64,29,19,3,47.30515,0.0,True
llm,28,4,128,4,512,16384,32,47,0,0,46.803766,0.0,True
llm,28,4,128,4,512,16384,32,47,1,0,48.857398,0.0,True
llm,28,4,128,4,512,16384,32,47,2,0,48.443239,0.0,True
llm,28,4,128,4,512,16384,32,47,3,0,47.47035,0.0,True
llm,28,4,128,4,512,16384,32,47,4,0,47.353793,0.0,True
llm,28,4,128,4,512,16384,32,47,5,0,47.55552,0.0,True
llm,28,4,128,4,512,16384,32,47,6,0,47.334453,0.0,True
llm,28,4,128,4,512,16384,32,47,7,0,47.581359,0.0,True
llm,28,4,128,4,512,16384,32,47,8,0,47.378681,0.0,True
llm,28,4,128,4,512,16384,32,47,9,0,47.512394,0.0,True
llm,28,4,128,4,512,16384,32,47,10,0,47.566717,0.0,True
llm,28,4,128,4,512,16384,32,47,11,0,47.384881,0.0,True
llm,28,4,128,4,512,16384,32,47,12,0,47.164075,0.0,True
llm,28,4,128,4,512,16384,32,47,13,0,47.076852,0.0,True
llm,28,4,128,4,512,16384,32,47,14,0,47.243165,0.0,True
llm,28,4,128,4,512,16384,32,47,15,0,46.621931,0.0,True
llm,28,4,128,4,512,16384,32,47,16,0,47.47651,0.0,True
llm,28,4,128,4,512,16384,32,47,17,0,47.439373,0.0,True
llm,28,4,128,4,512,16384,32,47,18,0,47.456198,0.0,True
llm,28,4,128,4,512,16384,32,47,19,0,47.405882,0.0,True
llm,28,4,128,4,512,16384,64,47,0,1,46.42495,0.0,True
llm,28,4,128,4,512,16384,64,47,1,1,47.335465,0.0,True
llm,28,4,128,4,512,16384,64,47,2,1,47.554778,0.0,True
llm,28,4,128,4,512,16384,64,47,3,1,47.391189,0.0,True
llm,28,4,128,4,512,16384,64,47,4,1,47.527165,0.0,True
llm,28,4,128,4,512,16384,64,47,5,1,47.357998,0.0,True
llm,28,4,128,4,512,16384,64,47,6,1,47.293811,0.0,True
llm,28,4,128,4,512,16384,64,47,7,1,47.35218,0.0,True
llm,28,4,128,4,512,16384,64,47,8,1,46.877729,0.0,True
llm,28,4,128,4,512,16384,64,47,9,1,46.66809,0.0,True
llm,28,4,128,4,512,16384,64,47,10,1,47.62239,0.0,True
llm,28,4,128,4,512,16384,64,47,11,1,47.449457,0.0,True
llm,28,4,128,4,512,16384,64,47,12,1,47.644304,0.0,True
llm,28,4,128,4,512,16384,64,47,13,1,47.370628,0.0,True
llm,28,4,128,4,512,16384,64,47,14,1,47.49687,0.0,True
llm,28,4,128,4,512,16384,64,47,15,1,47.315263,0.0,True
llm,28,4,128,4,512,16384,64,47,16,1,47.383457,0.0,True
llm,28,4,128,4,512,16384,64,47,17,1,46.967324,0.0,True
llm,28,4,128,4,512,16384,64,47,18,1,46.804897,0.0,True
llm,28,4,128,4,512,16384,64,47,19,1,47.012143,0.0,True
llm,28,4,128,4,512,16384,16,47,0,2,46.805158,0.0,True
llm,28,4,128,4,512,16384,16,47,1,2,46.810435,0.0,True
llm,28,4,128,4,512,16384,16,47,2,2,47.406242,0.0,True
llm,28,4,128,4,512,16384,16,47,3,2,47.401024,0.0,True
llm,28,4,128,4,512,16384,16,47,4,2,47.328243,0.0,True
llm,28,4,128,4,512,16384,16,47,5,2,47.501376,0.0,True
llm,28,4,128,4,512,16384,16,47,6,2,47.275343,0.0,True
llm,28,4,128,4,512,16384,16,47,7,2,47.350306,0.0,True
llm,28,4,128,4,512,16384,16,47,8,2,47.301522,0.0,True
llm,28,4,128,4,512,16384,16,47,9,2,47.073556,0.0,True
llm,28,4,128,4,512,16384,16,47,10,2,47.005703,0.0,True
llm,28,4,128,4,512,16384,16,47,11,2,46.769232,0.0,True
llm,28,4,128,4,512,16384,16,47,12,2,47.306409,0.0,True
llm,28,4,128,4,512,16384,16,47,13,2,47.265397,0.0,True
llm,28,4,128,4,512,16384,16,47,14,2,47.436467,0.0,True
llm,28,4,128,4,512,16384,16,47,15,2,47.327842,0.0,True
llm,28,4,128,4,512,16384,16,47,16,2,47.57046,0.0,True
llm,28,4,128,4,512,16384,16,47,17,2,47.282914,0.0,True
llm,28,4,128,4,512,16384,16,47,18,2,46.88644,0.0,True
llm,28,4,128,4,512,16384,16,47,19,2,46.613856,0.0,True
llm,28,4,128,4,512,16384,128,47,0,3,46.401464,0.0,True
llm,28,4,128,4,512,16384,128,47,1,3,47.459322,0.0,True
llm,28,4,128,4,512,16384,128,47,2,3,47.434443,0.0,True
llm,28,4,128,4,512,16384,128,47,3,3,47.443407,0.0,True
llm,28,4,128,4,512,16384,128,47,4,3,47.297756,0.0,True
llm,28,4,128,4,512,16384,128,47,5,3,47.414854,0.0,True
llm,28,4,128,4,512,16384,128,47,6,3,47.378078,0.0,True
llm,28,4,128,4,512,16384,128,47,7,3,47.547185,0.0,True
llm,28,4,128,4,512,16384,128,47,8,3,47.338718,0.0,True
llm,28,4,128,4,512,16384,128,47,9,3,46.881183,0.0,True
llm,28,4,128,4,512,16384,128,47,10,3,46.719636,0.0,True
llm,28,4,128,4,512,16384,128,47,11,3,47.358097,0.0,True
llm,28,4,128,4,512,16384,128,47,12,3,47.423357,0.0,True
llm,28,4,128,4,512,16384,128,47,13,3,47.298136,0.0,True
llm,28,4,128,4,512,16384,128,47,14,3,47.435105,0.0,True
llm,28,4,128,4,512,16384,128,47,15,3,47.342814,0.0,True
llm,28,4,128,4,512,16384,128,47,16,3,47.250685,0.0,True
llm,28,4,128,4,512,16384,128,47,17,3,47.434824,0.0,True
llm,28,4,128,4,512,16384,128,47,18,3,46.996798,0.0,True
llm,28,4,128,4,512,16384,128,47,19,3,47.376325,0.0,True
