operation,shape,batch_size,num_q_heads,num_kv_heads,query_len,kv_len,head_dim,layout,loop_order,round,order_position,working_set_bytes,elapsed_ms,gflops,max_abs_error,correct,seed
qk_transpose,slm,1,14,2,1,128,64,token_major,kij,0,0,76288,0.16011,1.432615077,0,true,20260809
probability_value,slm,1,14,2,1,128,64,token_major,jik,0,1,76288,0.25315,0.9060873,0,true,20260809
qk_transpose,slm,1,14,2,1,128,64,token_major,jik,0,2,76288,0.178157,1.287493615,0,true,20260809
probability_value,slm,1,14,2,1,128,64,head_major,jki,0,3,76288,0.901423,0.2544598929,0,true,20260809
qk_transpose,slm,1,14,2,1,128,64,head_major,jik,0,4,76288,0.178107,1.287855053,0,true,20260809
probability_value,slm,1,14,2,1,128,64,token_major,kji,0,5,76288,0.234011,0.9801932388,0,true,20260809
qk_transpose,slm,1,14,2,1,128,64,token_major,ikj,0,6,76288,0.157887,1.452785853,0,true,20260809
qk_transpose,slm,1,14,2,1,128,64,head_major,jki,0,7,76288,0.770767,0.2975944741,0,true,20260809
probability_value,slm,1,14,2,1,128,64,token_major,ijk,0,8,76288,0.2399,0.9561317216,0,true,20260809
qk_transpose,slm,1,14,2,1,128,64,head_major,kij,0,9,76288,0.05952,3.853763441,0,true,20260809
qk_transpose,slm,1,14,2,1,128,64,head_major,ikj,0,10,76288,0.054322,4.222524944,0,true,20260809
probability_value,slm,1,14,2,1,128,64,head_major,jik,0,11,76288,0.23933,0.9584088915,0,true,20260809
probability_value,slm,1,14,2,1,128,64,token_major,kij,0,12,76288,0.023305,9.842351427,0,true,20260809
qk_transpose,slm,1,14,2,1,128,64,head_major,kji,0,13,76288,0.235514,0.9739378551,0,true,20260809
qk_transpose,slm,1,14,2,1,128,64,token_major,kji,0,14,76288,0.233441,0.9825866065,0,true,20260809
qk_transpose,slm,1,14,2,1,128,64,head_major,ijk,0,15,76288,0.238679,0.9610229639,0,true,20260809
probability_value,slm,1,14,2,1,128,64,head_major,ijk,0,16,76288,0.238017,0.9636958705,0,true,20260809
probability_value,slm,1,14,2,1,128,64,head_major,kij,0,17,76288,0.025789,8.894334794,0,true,20260809
probability_value,slm,1,14,2,1,128,64,head_major,ikj,0,18,76288,0.021422,10.70749697,0,true,20260809
probability_value,slm,1,14,2,1,128,64,token_major,jki,0,19,76288,0.903838,0.2537799915,0,true,20260809
qk_transpose,slm,1,14,2,1,128,64,token_major,ijk,0,20,76288,0.174853,1.31182193,0,true,20260809
probability_value,slm,1,14,2,1,128,64,head_major,kji,0,21,76288,0.23282,0.9852074564,0,true,20260809
qk_transpose,slm,1,14,2,1,128,64,token_major,jki,0,22,76288,0.763307,0.3005029431,0,true,20260809
probability_value,slm,1,14,2,1,128,64,token_major,ikj,0,23,76288,0.020531,11.17217866,0,true,20260809
qk_transpose,slm,1,14,2,1,128,64,head_major,ijk,1,0,76288,0.175814,1.304651507,0,true,20260809
qk_transpose,slm,1,14,2,1,128,64,token_major,ijk,1,1,76288,0.174712,1.312880626,0,true,20260809
qk_transpose,slm,1,14,2,1,128,64,head_major,kij,1,2,76288,0.059489,3.855771655,0,true,20260809
qk_transpose,slm,1,14,2,1,128,64,token_major,kji,1,3,76288,0.233,0.9844463519,0,true,20260809
qk_transpose,slm,1,14,2,1,128,64,token_major,kij,1,4,76288,0.159479,1.43828341,0,true,20260809
qk_transpose,slm,1,14,2,1,128,64,head_major,jik,1,5,76288,0.178098,1.287920134,0,true,20260809
probability_value,slm,1,14,2,1,128,64,token_major,ikj,1,6,76288,0.020451,11.21588186,0,true,20260809
qk_transpose,slm,1,14,2,1,128,64,token_major,jik,1,7,76288,0.178077,1.288072014,0,true,20260809
probability_value,slm,1,14,2,1,128,64,token_major,ijk,1,8,76288,0.25299,0.9066603423,0,true,20260809
probability_value,slm,1,14,2,1,128,64,token_major,jki,1,9,76288,0.903597,0.2538476777,0,true,20260809
qk_transpose,slm,1,14,2,1,128,64,token_major,ikj,1,10,76288,0.159159,1.441175177,0,true,20260809
qk_transpose,slm,1,14,2,1,128,64,head_major,ikj,1,11,76288,0.055133,4.160412094,0,true,20260809
probability_value,slm,1,14,2,1,128,64,head_major,jki,1,12,76288,0.901644,0.2543975227,0,true,20260809
probability_value,slm,1,14,2,1,128,64,token_major,jik,1,13,76288,0.242003,0.9478229609,0,true,20260809
qk_transpose,slm,1,14,2,1,128,64,token_major,jki,1,14,76288,0.763496,0.300428555,0,true,20260809
probability_value,slm,1,14,2,1,128,64,head_major,ikj,1,15,76288,0.021432,10.70250093,0,true,20260809
probability_value,slm,1,14,2,1,128,64,token_major,kij,1,16,76288,0.022885,10.02298449,0,true,20260809
probability_value,slm,1,14,2,1,128,64,head_major,kji,1,17,76288,0.23282,0.9852074564,0,true,20260809
probability_value,slm,1,14,2,1,128,64,head_major,ijk,1,18,76288,0.243396,0.942398396,0,true,20260809
probability_value,slm,1,14,2,1,128,64,token_major,kji,1,19,76288,0.24599,0.9324606691,0,true,20260809
probability_value,slm,1,14,2,1,128,64,head_major,kij,1,20,76288,0.025268,9.077726769,0,true,20260809
qk_transpose,slm,1,14,2,1,128,64,head_major,kji,1,21,76288,0.235383,0.9744798902,0,true,20260809
qk_transpose,slm,1,14,2,1,128,64,head_major,jki,1,22,76288,0.770897,0.2975442893,0,true,20260809
probability_value,slm,1,14,2,1,128,64,head_major,jik,1,23,76288,0.242344,0.946489288,0,true,20260809
probability_value,slm,1,14,2,1,128,64,head_major,kji,2,0,76288,0.23273,0.9855884501,0,true,20260809
qk_transpose,slm,1,14,2,1,128,64,head_major,ikj,2,1,76288,0.054282,4.225636491,0,true,20260809
qk_transpose,slm,1,14,2,1,128,64,head_major,jik,2,2,76288,0.178198,1.287197387,0,true,20260809
qk_transpose,slm,1,14,2,1,128,64,token_major,jki,2,3,76288,0.763387,0.3004714516,0,true,20260809
probability_value,slm,1,14,2,1,128,64,token_major,kji,2,4,76288,0.233951,0.980444623,0,true,20260809
qk_transpose,slm,1,14,2,1,128,64,head_major,ijk,2,5,76288,0.175734,1.305245428,0,true,20260809
probability_value,slm,1,14,2,1,128,64,head_major,kij,2,6,76288,0.025258,9.08132077,0,true,20260809
qk_transpose,slm,1,14,2,1,128,64,token_major,ijk,2,7,76288,0.174632,1.313482065,0,true,20260809
probability_value,slm,1,14,2,1,128,64,token_major,ikj,2,8,76288,0.02049,11.19453392,0,true,20260809
qk_transpose,slm,1,14,2,1,128,64,token_major,kji,2,9,76288,0.23306,0.9841929117,0,true,20260809
qk_transpose,slm,1,14,2,1,128,64,token_major,kij,2,10,76288,0.15969,1.436382992,0,true,20260809
probability_value,slm,1,14,2,1,128,64,head_major,ijk,2,11,76288,0.243446,0.9422048421,0,true,20260809
qk_transpose,slm,1,14,2,1,128,64,head_major,kji,2,12,76288,0.254192,0.9023730094,0,true,20260809
probability_value,slm,1,14,2,1,128,64,token_major,kij,2,13,76288,0.023916,9.590901489,0,true,20260809
qk_transpose,slm,1,14,2,1,128,64,head_major,jki,2,14,76288,0.770798,0.2975825054,0,true,20260809
qk_transpose,slm,1,14,2,1,128,64,token_major,ikj,2,15,76288,0.157607,1.45536683,0,true,20260809
probability_value,slm,1,14,2,1,128,64,head_major,jik,2,16,76288,0.242204,0.9470363826,0,true,20260809
qk_transpose,slm,1,14,2,1,128,64,token_major,jik,2,17,76288,0.178208,1.287125157,0,true,20260809
probability_value,slm,1,14,2,1,128,64,head_major,jki,2,18,76288,0.901494,0.2544398521,0,true,20260809
probability_value,slm,1,14,2,1,128,64,token_major,ijk,2,19,76288,0.240101,0.9553312981,0,true,20260809
probability_value,slm,1,14,2,1,128,64,head_major,ikj,2,20,76288,0.021462,10.68754077,0,true,20260809
qk_transpose,slm,1,14,2,1,128,64,head_major,kij,2,21,76288,0.059359,3.864216041,0,true,20260809
probability_value,slm,1,14,2,1,128,64,token_major,jik,2,22,76288,0.239831,0.9564068031,0,true,20260809
probability_value,slm,1,14,2,1,128,64,token_major,jki,2,23,76288,0.913582,0.2510732479,0,true,20260809
probability_value,slm,1,14,2,1,128,64,token_major,kij,3,0,76288,0.022894,10.01904429,0,true,20260809
qk_transpose,slm,1,14,2,1,128,64,token_major,ikj,3,1,76288,0.157817,1.453430239,0,true,20260809
qk_transpose,slm,1,14,2,1,128,64,token_major,ijk,3,2,76288,0.174873,1.311671899,0,true,20260809
probability_value,slm,1,14,2,1,128,64,head_major,jki,3,3,76288,0.901424,0.2544596106,0,true,20260809
qk_transpose,slm,1,14,2,1,128,64,token_major,kji,3,4,76288,0.233181,0.983682204,0,true,20260809
probability_value,slm,1,14,2,1,128,64,token_major,kji,3,5,76288,0.233871,0.9807800027,0,true,20260809
probability_value,slm,1,14,2,1,128,64,head_major,jik,3,6,76288,0.245398,0.9347101443,0,true,20260809
probability_value,slm,1,14,2,1,128,64,head_major,ikj,3,7,76288,0.021492,10.67262237,0,true,20260809
qk_transpose,slm,1,14,2,1,128,64,head_major,kji,3,8,76288,0.235303,0.9748112009,0,true,20260809
qk_transpose,slm,1,14,2,1,128,64,head_major,jki,3,9,76288,0.770817,0.2975751702,0,true,20260809
qk_transpose,slm,1,14,2,1,128,64,head_major,ijk,3,10,76288,0.176004,1.303243108,0,true,20260809
qk_transpose,slm,1,14,2,1,128,64,head_major,kij,3,11,76288,0.05948,3.856355077,0,true,20260809
qk_transpose,slm,1,14,2,1,128,64,head_major,ikj,3,12,76288,0.054752,4.189362946,0,true,20260809
qk_transpose,slm,1,14,2,1,128,64,head_major,jik,3,13,76288,0.178317,1.286338375,0,true,20260809
probability_value,slm,1,14,2,1,128,64,head_major,kij,3,14,76288,0.025718,8.918889494,0,true,20260809
qk_transpose,slm,1,14,2,1,128,64,token_major,kij,3,15,76288,0.160271,1.431175946,0,true,20260809
probability_value,slm,1,14,2,1,128,64,token_major,ikj,3,16,76288,0.020471,11.20492404,0,true,20260809
probability_value,slm,1,14,2,1,128,64,token_major,jki,3,17,76288,0.903637,0.253836441,0,true,20260809
probability_value,slm,1,14,2,1,128,64,head_major,kji,3,18,76288,0.23284,0.9851228311,0,true,20260809
probability_value,slm,1,14,2,1,128,64,token_major,ijk,3,19,76288,0.237707,0.9649526518,0,true,20260809
probability_value,slm,1,14,2,1,128,64,token_major,jik,3,20,76288,0.23987,0.9562513028,0,true,20260809
qk_transpose,slm,1,14,2,1,128,64,token_major,jki,3,21,76288,0.763286,0.3005112107,0,true,20260809
probability_value,slm,1,14,2,1,128,64,head_major,ijk,3,22,76288,0.243505,0.9419765508,0,true,20260809
qk_transpose,slm,1,14,2,1,128,64,token_major,jik,3,23,76288,0.178077,1.288072014,0,true,20260809
probability_value,slm,1,14,2,1,128,64,head_major,kji,4,0,76288,0.232669,0.9858468468,0,true,20260809
qk_transpose,slm,1,14,2,1,128,64,token_major,jki,4,1,76288,0.763346,0.3004875902,0,true,20260809
probability_value,slm,1,14,2,1,128,64,token_major,kji,4,2,76288,0.246711,0.9297356016,0,true,20260809
probability_value,slm,1,14,2,1,128,64,head_major,jki,4,3,76288,0.854173,0.268535765,0,true,20260809
probability_value,slm,1,14,2,1,128,64,head_major,jik,4,4,76288,0.193912,1.182887083,0,true,20260809
probability_value,slm,1,14,2,1,128,64,token_major,jki,4,5,76288,0.713812,0.3213395124,0,true,20260809
qk_transpose,slm,1,14,2,1,128,64,token_major,jik,4,6,76288,0.140721,1.630005472,0,true,20260809
qk_transpose,slm,1,14,2,1,128,64,head_major,jik,4,7,76288,0.140661,1.630700763,0,true,20260809
probability_value,slm,1,14,2,1,128,64,token_major,ikj,4,8,76288,0.016194,14.16425837,0,true,20260809
qk_transpose,slm,1,14,2,1,128,64,head_major,kij,4,9,76288,0.046781,4.903187191,0,true,20260809
qk_transpose,slm,1,14,2,1,128,64,token_major,kij,4,10,76288,0.12646,1.813822553,0,true,20260809
qk_transpose,slm,1,14,2,1,128,64,head_major,ijk,4,11,76288,0.138788,1.652707727,0,true,20260809
probability_value,slm,1,14,2,1,128,64,head_major,kij,4,12,76288,0.020141,11.388511,0,true,20260809
probability_value,slm,1,14,2,1,128,64,token_major,ijk,4,13,76288,0.187562,1.222934283,0,true,20260809
probability_value,slm,1,14,2,1,128,64,head_major,ijk,4,14,76288,0.192169,1.193616036,0,true,20260809
probability_value,slm,1,14,2,1,128,64,token_major,jik,4,15,76288,0.189354,1.211360732,0,true,20260809
qk_transpose,slm,1,14,2,1,128,64,head_major,kji,4,16,76288,0.186621,1.229100691,0,true,20260809
qk_transpose,slm,1,14,2,1,128,64,token_major,kji,4,17,76288,0.183996,1.246635796,0,true,20260809
qk_transpose,slm,1,14,2,1,128,64,head_major,jki,4,18,76288,0.617538,0.3714362517,0,true,20260809
probability_value,slm,1,14,2,1,128,64,token_major,kij,4,19,76288,0.018137,12.6468545,0,true,20260809
qk_transpose,slm,1,14,2,1,128,64,token_major,ijk,4,20,76288,0.137957,1.662663004,0,true,20260809
probability_value,slm,1,14,2,1,128,64,head_major,ikj,4,21,76288,0.017026,13.47210149,0,true,20260809
qk_transpose,slm,1,14,2,1,128,64,head_major,ikj,4,22,76288,0.043015,5.332465419,0,true,20260809
qk_transpose,slm,1,14,2,1,128,64,token_major,ikj,4,23,76288,0.125588,1.826416537,0,true,20260809
qk_transpose,slm,1,14,2,1,128,64,token_major,kji,5,0,76288,0.183886,1.24738153,0,true,20260809
qk_transpose,slm,1,14,2,1,128,64,token_major,ijk,5,1,76288,0.137967,1.662542492,0,true,20260809
qk_transpose,slm,1,14,2,1,128,64,head_major,jki,5,2,76288,0.329535,0.6960595991,0,true,20260809
qk_transpose,slm,1,14,2,1,128,64,head_major,kij,5,3,76288,0.023996,9.558926488,0,true,20260809
probability_value,slm,1,14,2,1,128,64,head_major,kji,5,4,76288,0.094342,2.431324331,0,true,20260809
qk_transpose,slm,1,14,2,1,128,64,token_major,ikj,5,5,76288,0.063825,3.59382687,0,true,20260809
qk_transpose,slm,1,14,2,1,128,64,head_major,kji,5,6,76288,0.095884,2.392223937,0,true,20260809
qk_transpose,slm,1,14,2,1,128,64,head_major,jik,5,7,76288,0.072198,3.177040915,0,true,20260809
probability_value,slm,1,14,2,1,128,64,head_major,ijk,5,8,76288,0.098668,2.324725342,0,true,20260809
qk_transpose,slm,1,14,2,1,128,64,head_major,ikj,5,9,76288,0.022063,10.39641028,0,true,20260809
qk_transpose,slm,1,14,2,1,128,64,token_major,jki,5,10,76288,0.309655,0.7407469603,0,true,20260809
probability_value,slm,1,14,2,1,128,64,token_major,kij,5,11,76288,0.009685,23.68363449,0,true,20260809
probability_value,slm,1,14,2,1,128,64,head_major,jik,5,12,76288,0.096926,2.366506407,0,true,20260809
probability_value,slm,1,14,2,1,128,64,token_major,ikj,5,13,76288,0.008323,27.55929352,0,true,20260809
qk_transpose,slm,1,14,2,1,128,64,head_major,ijk,5,14,76288,0.071267,3.218544347,0,true,20260809
probability_value,slm,1,14,2,1,128,64,token_major,kji,5,15,76288,0.094902,2.416977514,0,true,20260809
probability_value,slm,1,14,2,1,128,64,head_major,kij,5,16,76288,0.010396,22.06387072,0,true,20260809
probability_value,slm,1,14,2,1,128,64,token_major,jki,5,17,76288,0.36633,0.6261458248,0,true,20260809
qk_transpose,slm,1,14,2,1,128,64,token_major,kij,5,18,76288,0.065057,3.52576971,0,true,20260809
qk_transpose,slm,1,14,2,1,128,64,token_major,jik,5,19,76288,0.072309,3.172163908,0,true,20260809
probability_value,slm,1,14,2,1,128,64,head_major,jki,5,20,76288,0.365459,0.6276381208,0,true,20260809
probability_value,slm,1,14,2,1,128,64,head_major,ikj,5,21,76288,0.008783,26.11590573,0,true,20260809
probability_value,slm,1,14,2,1,128,64,token_major,ijk,5,22,76288,0.097617,2.349754653,0,true,20260809
probability_value,slm,1,14,2,1,128,64,token_major,jik,5,23,76288,0.097817,2.344950264,0,true,20260809
qk_transpose,slm,1,14,2,1,128,64,head_major,jik,6,0,76288,0.072249,3.174798267,0,true,20260809
qk_transpose,slm,1,14,2,1,128,64,head_major,jki,6,1,76288,0.312479,0.7340525283,0,true,20260809
qk_transpose,slm,1,14,2,1,128,64,token_major,jki,6,2,76288,0.314783,0.7286797572,0,true,20260809
probability_value,slm,1,14,2,1,128,64,head_major,ikj,6,3,76288,0.008724,26.29252636,0,true,20260809
probability_value,slm,1,14,2,1,128,64,head_major,jki,6,4,76288,0.365409,0.6277240024,0,true,20260809
qk_transpose,slm,1,14,2,1,128,64,token_major,kji,6,5,76288,0.094472,2.42797866,0,true,20260809
qk_transpose,slm,1,14,2,1,128,64,token_major,jik,6,6,76288,0.072279,3.173480541,0,true,20260809
probability_value,slm,1,14,2,1,128,64,head_major,kji,6,7,76288,0.094361,2.430834773,0,true,20260809
probability_value,slm,1,14,2,1,128,64,token_major,kij,6,8,76288,0.009344,24.54794521,0,true,20260809
probability_value,slm,1,14,2,1,128,64,head_major,ijk,6,9,76288,0.097687,2.348070879,0,true,20260809
probability_value,slm,1,14,2,1,128,64,head_major,kij,6,10,76288,0.010175,22.54309582,0,true,20260809
qk_transpose,slm,1,14,2,1,128,64,head_major,ijk,6,11,76288,0.071277,3.218092793,0,true,20260809
qk_transpose,slm,1,14,2,1,128,64,token_major,kij,6,12,76288,0.065118,3.522466906,0,true,20260809
probability_value,slm,1,14,2,1,128,64,token_major,ikj,6,13,76288,0.008332,27.52952472,0,true,20260809
qk_transpose,slm,1,14,2,1,128,64,head_major,ikj,6,14,76288,0.021983,10.43424464,0,true,20260809
qk_transpose,slm,1,14,2,1,128,64,token_major,ikj,6,15,76288,0.063966,3.585905012,0,true,20260809
probability_value,slm,1,14,2,1,128,64,token_major,kji,6,16,76288,0.094813,2.419246306,0,true,20260809
probability_value,slm,1,14,2,1,128,64,token_major,jik,6,17,76288,0.097166,2.360661137,0,true,20260809
qk_transpose,slm,1,14,2,1,128,64,head_major,kji,6,18,76288,0.095093,2.412122869,0,true,20260809
probability_value,slm,1,14,2,1,128,64,token_major,ijk,6,19,76288,0.096345,2.380777414,0,true,20260809
qk_transpose,slm,1,14,2,1,128,64,head_major,kij,6,20,76288,0.024026,9.54699076,0,true,20260809
qk_transpose,slm,1,14,2,1,128,64,token_major,ijk,6,21,76288,0.070797,3.239911296,0,true,20260809
probability_value,slm,1,14,2,1,128,64,token_major,jki,6,22,76288,0.36649,0.6258724658,0,true,20260809
probability_value,slm,1,14,2,1,128,64,head_major,jik,6,23,76288,0.098197,2.335875841,0,true,20260809
probability_value,slm,1,14,2,1,128,64,head_major,kij,7,0,76288,0.010296,22.27816628,0,true,20260809
probability_value,slm,1,14,2,1,128,64,token_major,jki,7,1,76288,0.36629,0.6262142019,0,true,20260809
probability_value,slm,1,14,2,1,128,64,token_major,ijk,7,2,76288,0.096245,2.383251078,0,true,20260809
probability_value,slm,1,14,2,1,128,64,head_major,kji,7,3,76288,0.094352,2.431066644,0,true,20260809
qk_transpose,slm,1,14,2,1,128,64,token_major,jki,7,4,76288,0.309425,0.7412975681,0,true,20260809
qk_transpose,slm,1,14,2,1,128,64,token_major,jik,7,5,76288,0.072228,3.175721327,0,true,20260809
qk_transpose,slm,1,14,2,1,128,64,head_major,kji,7,6,76288,0.095373,2.405041259,0,true,20260809
qk_transpose,slm,1,14,2,1,128,64,head_major,ikj,7,7,76288,0.022073,10.39170027,0,true,20260809
probability_value,slm,1,14,2,1,128,64,head_major,ikj,7,8,76288,0.008704,26.35294118,0,true,20260809
probability_value,slm,1,14,2,1,128,64,token_major,ikj,7,9,76288,0.008312,27.59576516,0,true,20260809
qk_transpose,slm,1,14,2,1,128,64,token_major,ikj,7,10,76288,0.063785,3.596080583,0,true,20260809
probability_value,slm,1,14,2,1,128,64,head_major,ijk,7,11,76288,0.098658,2.324960976,0,true,20260809
qk_transpose,slm,1,14,2,1,128,64,head_major,jik,7,12,76288,0.072249,3.174798267,0,true,20260809
probability_value,slm,1,14,2,1,128,64,token_major,kji,7,13,76288,0.094822,2.419016684,0,true,20260809
qk_transpose,slm,1,14,2,1,128,64,token_major,kij,7,14,76288,0.064748,3.54259591,0,true,20260809
probability_value,slm,1,14,2,1,128,64,head_major,jki,7,15,76288,0.371137,0.6180359274,0,true,20260809
qk_transpose,slm,1,14,2,1,128,64,head_major,jki,7,16,76288,0.312489,0.7340290378,0,true,20260809
probability_value,slm,1,14,2,1,128,64,token_major,kij,7,17,76288,0.009314,24.6270131,0,true,20260809
qk_transpose,slm,1,14,2,1,128,64,token_major,ijk,7,18,76288,0.070947,3.233061299,0,true,20260809
qk_transpose,slm,1,14,2,1,128,64,head_major,ijk,7,19,76288,0.071267,3.218544347,0,true,20260809
probability_value,slm,1,14,2,1,128,64,head_major,jik,7,20,76288,0.098699,2.323995177,0,true,20260809
probability_value,slm,1,14,2,1,128,64,token_major,jik,7,21,76288,0.098348,2.332289421,0,true,20260809
qk_transpose,slm,1,14,2,1,128,64,head_major,kij,7,22,76288,0.024086,9.523208503,0,true,20260809
qk_transpose,slm,1,14,2,1,128,64,token_major,kji,7,23,76288,0.094642,2.423617421,0,true,20260809
probability_value,slm,1,14,2,1,128,64,token_major,ikj,8,0,76288,0.008322,27.56260514,0,true,20260809
probability_value,slm,1,14,2,1,128,64,token_major,ijk,8,1,76288,0.096345,2.380777414,0,true,20260809
qk_transpose,slm,1,14,2,1,128,64,head_major,ikj,8,2,76288,0.022554,10.1700807,0,true,20260809
qk_transpose,slm,1,14,2,1,128,64,head_major,jki,8,3,76288,0.312479,0.7340525283,0,true,20260809
probability_value,slm,1,14,2,1,128,64,head_major,kji,8,4,76288,0.094352,2.431066644,0,true,20260809
probability_value,slm,1,14,2,1,128,64,head_major,kij,8,5,76288,0.010275,22.3236983,0,true,20260809
probability_value,slm,1,14,2,1,128,64,head_major,jik,8,6,76288,0.098437,2.330180725,0,true,20260809
probability_value,slm,1,14,2,1,128,64,token_major,kji,8,7,76288,0.094782,2.42003756,0,true,20260809
qk_transpose,slm,1,14,2,1,128,64,token_major,ijk,8,8,76288,0.070887,3.235797819,0,true,20260809
qk_transpose,slm,1,14,2,1,128,64,head_major,ijk,8,9,76288,0.071267,3.218544347,0,true,20260809
probability_value,slm,1,14,2,1,128,64,head_major,ikj,8,10,76288,0.008713,26.32572019,0,true,20260809
probability_value,slm,1,14,2,1,128,64,token_major,jik,8,11,76288,0.098088,2.338471577,0,true,20260809
qk_transpose,slm,1,14,2,1,128,64,head_major,kji,8,12,76288,0.095193,2.40958894,0,true,20260809
qk_transpose,slm,1,14,2,1,128,64,token_major,kji,8,13,76288,0.094823,2.418991173,0,true,20260809
qk_transpose,slm,1,14,2,1,128,64,token_major,jki,8,14,76288,0.309445,0.7412496566,0,true,20260809
qk_transpose,slm,1,14,2,1,128,64,token_major,jik,8,15,76288,0.072208,3.176600931,0,true,20260809
qk_transpose,slm,1,14,2,1,128,64,head_major,jik,8,16,76288,0.072229,3.17567736,0,true,20260809
probability_value,slm,1,14,2,1,128,64,token_major,jki,8,17,76288,0.36633,0.6261458248,0,true,20260809
qk_transpose,slm,1,14,2,1,128,64,head_major,kij,8,18,76288,0.024056,9.535084802,0,true,20260809
qk_transpose,slm,1,14,2,1,128,64,token_major,ikj,8,19,76288,0.063725,3.599466457,0,true,20260809
probability_value,slm,1,14,2,1,128,64,token_major,kij,8,20,76288,0.009444,24.28801355,0,true,20260809
probability_value,slm,1,14,2,1,128,64,head_major,ijk,8,21,76288,0.096856,2.368216734,0,true,20260809
probability_value,slm,1,14,2,1,128,64,head_major,jki,8,22,76288,0.365399,0.6277411816,0,true,20260809
qk_transpose,slm,1,14,2,1,128,64,token_major,kij,8,23,76288,0.064737,3.543197862,0,true,20260809
qk_transpose,slm,1,14,2,1,128,64,head_major,ijk,9,0,76288,0.071247,3.219447836,0,true,20260809
qk_transpose,slm,1,14,2,1,128,64,token_major,kji,9,1,76288,0.094602,2.424642185,0,true,20260809
qk_transpose,slm,1,14,2,1,128,64,head_major,kij,9,2,76288,0.023986,9.562911698,0,true,20260809
probability_value,slm,1,14,2,1,128,64,token_major,ijk,9,3,76288,0.101763,2.254021599,0,true,20260809
qk_transpose,slm,1,14,2,1,128,64,token_major,ijk,9,4,76288,0.070826,3.238584701,0,true,20260809
qk_transpose,slm,1,14,2,1,128,64,token_major,ikj,9,5,76288,0.064137,3.576344388,0,true,20260809
qk_transpose,slm,1,14,2,1,128,64,token_major,jik,9,6,76288,0.072218,3.176161068,0,true,20260809
probability_value,slm,1,14,2,1,128,64,token_major,kij,9,7,76288,0.009214,24.8942913,0,true,20260809
qk_transpose,slm,1,14,2,1,128,64,head_major,jki,9,8,76288,0.312479,0.7340525283,0,true,20260809
probability_value,slm,1,14,2,1,128,64,head_major,jki,9,9,76288,0.365519,0.6275350939,0,true,20260809
probability_value,slm,1,14,2,1,128,64,token_major,kji,9,10,76288,0.094812,2.419271822,0,true,20260809
probability_value,slm,1,14,2,1,128,64,token_major,jki,9,11,76288,0.36629,0.6262142019,0,true,20260809
probability_value,slm,1,14,2,1,128,64,token_major,jik,9,12,76288,0.097227,2.359180063,0,true,20260809
probability_value,slm,1,14,2,1,128,64,head_major,ikj,9,13,76288,0.008893,25.7928708,0,true,20260809
probability_value,slm,1,14,2,1,128,64,token_major,ikj,9,14,76288,0.008493,27.00765336,0,true,20260809
qk_transpose,slm,1,14,2,1,128,64,head_major,ikj,9,15,76288,0.022494,10.19720814,0,true,20260809
probability_value,slm,1,14,2,1,128,64,head_major,jik,9,16,76288,0.09946,2.306213553,0,true,20260809
qk_transpose,slm,1,14,2,1,128,64,head_major,jik,9,17,76288,0.072188,3.177481022,0,true,20260809
qk_transpose,slm,1,14,2,1,128,64,token_major,kij,9,18,76288,0.064887,3.535007012,0,true,20260809
qk_transpose,slm,1,14,2,1,128,64,token_major,jki,9,19,76288,0.309525,0.7410580729,0,true,20260809
qk_transpose,slm,1,14,2,1,128,64,head_major,kji,9,20,76288,0.095803,2.394246527,0,true,20260809
probability_value,slm,1,14,2,1,128,64,head_major,ijk,9,21,76288,0.097626,2.349538033,0,true,20260809
probability_value,slm,1,14,2,1,128,64,head_major,kij,9,22,76288,0.010536,21.77069096,0,true,20260809
probability_value,slm,1,14,2,1,128,64,head_major,kji,9,23,76288,0.094341,2.431350102,0,true,20260809
qk_transpose,slm,1,14,2,1,512,64,head_major,ijk,0,0,294400,0.283536,3.235934767,0,true,20260809
qk_transpose,slm,1,14,2,1,512,64,head_major,kji,0,1,294400,0.388764,2.360053914,0,true,20260809
probability_value,slm,1,14,2,1,512,64,head_major,jik,0,2,294400,0.480942,1.907722761,0,true,20260809
probability_value,slm,1,14,2,1,512,64,token_major,jki,0,3,294400,1.582036,0.5799514044,0,true,20260809
probability_value,slm,1,14,2,1,512,64,token_major,kij,0,4,294400,0.067972,13.49826399,0,true,20260809
probability_value,slm,1,14,2,1,512,64,head_major,jki,0,5,294400,1.578811,0.5811360575,0,true,20260809
qk_transpose,slm,1,14,2,1,512,64,head_major,ikj,0,6,294400,0.274433,3.3432714,0,true,20260809
qk_transpose,slm,1,14,2,1,512,64,head_major,jik,0,7,294400,0.287612,3.190075518,0,true,20260809
probability_value,slm,1,14,2,1,512,64,token_major,ijk,0,8,294400,0.476565,1.925244195,0,true,20260809
probability_value,slm,1,14,2,1,512,64,token_major,kji,0,9,294400,0.378899,2.421500189,0,true,20260809
probability_value,slm,1,14,2,1,512,64,head_major,ijk,0,10,294400,0.480201,1.910666575,0,true,20260809
probability_value,slm,1,14,2,1,512,64,token_major,jik,0,11,294400,0.476977,1.923581221,0,true,20260809
qk_transpose,slm,1,14,2,1,512,64,token_major,ikj,0,12,294400,0.253631,3.617475782,0,true,20260809
qk_transpose,slm,1,14,2,1,512,64,token_major,kji,0,13,294400,0.37977,2.415946494,0,true,20260809
qk_transpose,slm,1,14,2,1,512,64,token_major,kij,0,14,294400,0.252519,3.633405803,0,true,20260809
probability_value,slm,1,14,2,1,512,64,head_major,kji,0,15,294400,0.377437,2.430879855,0,true,20260809
qk_transpose,slm,1,14,2,1,512,64,head_major,kij,0,16,294400,0.254402,3.606512527,0,true,20260809
qk_transpose,slm,1,14,2,1,512,64,head_major,jki,0,17,294400,1.248925,0.7346349861,0,true,20260809
qk_transpose,slm,1,14,2,1,512,64,token_major,ijk,0,18,294400,0.284207,3.22829487,0,true,20260809
probability_value,slm,1,14,2,1,512,64,head_major,ikj,0,19,294400,0.0672,13.65333333,0,true,20260809
probability_value,slm,1,14,2,1,512,64,token_major,ikj,0,20,294400,0.067681,13.55630088,0,true,20260809
qk_transpose,slm,1,14,2,1,512,64,token_major,jki,0,21,294400,1.241004,0.7393239667,0,true,20260809
probability_value,slm,1,14,2,1,512,64,head_major,kij,0,22,294400,0.067311,13.63081814,0,true,20260809
qk_transpose,slm,1,14,2,1,512,64,token_major,jik,0,23,294400,0.288453,3.180774684,0,true,20260809
probability_value,slm,1,14,2,1,512,64,head_major,jki,1,0,294400,1.585861,0.578552597,0,true,20260809
probability_value,slm,1,14,2,1,512,64,token_major,kji,1,1,294400,0.378779,2.422267338,0,true,20260809
qk_transpose,slm,1,14,2,1,512,64,token_major,kji,1,2,294400,0.381343,2.405980967,0,true,20260809
probability_value,slm,1,14,2,1,512,64,token_major,jik,1,3,294400,0.476546,1.925320955,0,true,20260809
probability_value,slm,1,14,2,1,512,64,head_major,jik,1,4,294400,0.481714,1.904665424,0,true,20260809
qk_transpose,slm,1,14,2,1,512,64,token_major,jki,1,5,294400,1.246252,0.736210654,0,true,20260809
probability_value,slm,1,14,2,1,512,64,token_major,ijk,1,6,294400,0.476606,1.925078576,0,true,20260809
qk_transpose,slm,1,14,2,1,512,64,token_major,ijk,1,7,294400,0.284337,3.22681888,0,true,20260809
qk_transpose,slm,1,14,2,1,512,64,token_major,jik,1,8,294400,0.288363,3.181767425,0,true,20260809
probability_value,slm,1,14,2,1,512,64,token_major,ikj,1,9,294400,0.06643,13.81159115,0,true,20260809
qk_transpose,slm,1,14,2,1,512,64,head_major,jik,1,10,294400,0.287702,3.189077587,0,true,20260809
probability_value,slm,1,14,2,1,512,64,head_major,kji,1,11,294400,0.376736,2.435403041,0,true,20260809
qk_transpose,slm,1,14,2,1,512,64,head_major,ijk,1,12,294400,0.283776,3.233198015,0,true,20260809
qk_transpose,slm,1,14,2,1,512,64,head_major,ikj,1,13,294400,0.253431,3.620330583,0,true,20260809
qk_transpose,slm,1,14,2,1,512,64,token_major,kij,1,14,294400,0.253631,3.617475782,0,true,20260809
probability_value,slm,1,14,2,1,512,64,head_major,ikj,1,15,294400,0.06692,13.71046025,0,true,20260809
qk_transpose,slm,1,14,2,1,512,64,head_major,kij,1,16,294400,0.254142,3.61020217,0,true,20260809
qk_transpose,slm,1,14,2,1,512,64,head_major,jki,1,17,294400,1.254204,0.731542875,0,true,20260809
probability_value,slm,1,14,2,1,512,64,token_major,kij,1,18,294400,0.069174,13.2637118,0,true,20260809
qk_transpose,slm,1,14,2,1,512,64,token_major,ikj,1,19,294400,0.253141,3.624478058,0,true,20260809
qk_transpose,slm,1,14,2,1,512,64,head_major,kji,1,20,294400,0.380562,2.410918589,0,true,20260809
probability_value,slm,1,14,2,1,512,64,token_major,jki,1,21,294400,1.583789,0.5793094914,0,true,20260809
probability_value,slm,1,14,2,1,512,64,head_major,kij,1,22,294400,0.067291,13.63486945,0,true,20260809
probability_value,slm,1,14,2,1,512,64,head_major,ijk,1,23,294400,0.479981,1.911542332,0,true,20260809
qk_transpose,slm,1,14,2,1,512,64,token_major,kji,2,0,294400,0.380411,2.411875577,0,true,20260809
probability_value,slm,1,14,2,1,512,64,head_major,ijk,2,1,294400,0.486991,1.884026604,0,true,20260809
qk_transpose,slm,1,14,2,1,512,64,head_major,jik,2,2,294400,0.287712,3.188966745,0,true,20260809
qk_transpose,slm,1,14,2,1,512,64,token_major,ijk,2,3,294400,0.284036,3.23023842,0,true,20260809
probability_value,slm,1,14,2,1,512,64,token_major,jik,2,4,294400,0.476545,1.925324996,0,true,20260809
probability_value,slm,1,14,2,1,512,64,head_major,ikj,2,5,294400,0.066339,13.83053709,0,true,20260809
probability_value,slm,1,14,2,1,512,64,token_major,ijk,2,6,294400,0.476396,1.92592717,0,true,20260809
qk_transpose,slm,1,14,2,1,512,64,head_major,ijk,2,7,294400,0.284407,3.226024676,0,true,20260809
qk_transpose,slm,1,14,2,1,512,64,token_major,kij,2,8,294400,0.253381,3.621044988,0,true,20260809
probability_value,slm,1,14,2,1,512,64,head_major,jik,2,9,294400,0.481013,1.907441171,0,true,20260809
probability_value,slm,1,14,2,1,512,64,head_major,jki,2,10,294400,1.586142,0.5784501009,0,true,20260809
qk_transpose,slm,1,14,2,1,512,64,token_major,ikj,2,11,294400,0.253451,3.6200449,0,true,20260809
qk_transpose,slm,1,14,2,1,512,64,token_major,jki,2,12,294400,1.241094,0.7392703534,0,true,20260809
qk_transpose,slm,1,14,2,1,512,64,head_major,jki,2,13,294400,1.249086,0.7345402959,0,true,20260809
qk_transpose,slm,1,14,2,1,512,64,head_major,kji,2,14,294400,0.380761,2.409658552,0,true,20260809
probability_value,slm,1,14,2,1,512,64,token_major,kij,2,15,294400,0.070436,13.02606622,0,true,20260809
probability_value,slm,1,14,2,1,512,64,token_major,kji,2,16,294400,0.384117,2.388605555,0,true,20260809
probability_value,slm,1,14,2,1,512,64,token_major,jki,2,17,294400,1.582387,0.5798227614,0,true,20260809
qk_transpose,slm,1,14,2,1,512,64,head_major,kij,2,18,294400,0.254002,3.61219203,0,true,20260809
probability_value,slm,1,14,2,1,512,64,head_major,kij,2,19,294400,0.068593,13.37605878,0,true,20260809
qk_transpose,slm,1,14,2,1,512,64,head_major,ikj,2,20,294400,0.253851,3.614340696,0,true,20260809
probability_value,slm,1,14,2,1,512,64,head_major,kji,2,21,294400,0.376686,2.435726308,0,true,20260809
probability_value,slm,1,14,2,1,512,64,token_major,ikj,2,22,294400,0.066831,13.72871871,0,true,20260809
qk_transpose,slm,1,14,2,1,512,64,token_major,jik,2,23,294400,0.289055,3.174150248,0,true,20260809
qk_transpose,slm,1,14,2,1,512,64,head_major,jik,3,0,294400,0.287611,3.19008661,0,true,20260809
probability_value,slm,1,14,2,1,512,64,head_major,ikj,3,1,294400,0.06671,13.75362015,0,true,20260809
qk_transpose,slm,1,14,2,1,512,64,token_major,ijk,3,2,294400,0.284246,3.227851931,0,true,20260809
probability_value,slm,1,14,2,1,512,64,token_major,ikj,3,3,294400,0.067542,13.58419946,0,true,20260809
probability_value,slm,1,14,2,1,512,64,token_major,kji,3,4,294400,0.384818,2.384254375,0,true,20260809
qk_transpose,slm,1,14,2,1,512,64,head_major,jki,3,5,294400,1.248916,0.7346402801,0,true,20260809
probability_value,slm,1,14,2,1,512,64,token_major,jik,3,6,294400,0.476976,1.923585254,0,true,20260809
probability_value,slm,1,14,2,1,512,64,head_major,jik,3,7,294400,0.482415,1.901897744,0,true,20260809
qk_transpose,slm,1,14,2,1,512,64,head_major,kji,3,8,294400,0.380381,2.412065797,0,true,20260809
probability_value,slm,1,14,2,1,512,64,token_major,kij,3,9,294400,0.068703,13.35464245,0,true,20260809
qk_transpose,slm,1,14,2,1,512,64,token_major,kij,3,10,294400,0.253471,3.619759262,0,true,20260809
qk_transpose,slm,1,14,2,1,512,64,head_major,ikj,3,11,294400,0.25352,3.61905964,0,true,20260809
qk_transpose,slm,1,14,2,1,512,64,token_major,kji,3,12,294400,0.380571,2.410861574,0,true,20260809
qk_transpose,slm,1,14,2,1,512,64,head_major,ijk,3,13,294400,0.293401,3.127133173,0,true,20260809
probability_value,slm,1,14,2,1,512,64,head_major,kij,3,14,294400,0.067762,13.54009622,0,true,20260809
qk_transpose,slm,1,14,2,1,512,64,token_major,ikj,3,15,294400,0.25314,3.624492376,0,true,20260809
probability_value,slm,1,14,2,1,512,64,head_major,kji,3,16,294400,0.376665,2.435862106,0,true,20260809
qk_transpose,slm,1,14,2,1,512,64,head_major,kij,3,17,294400,0.254122,3.610486302,0,true,20260809
probability_value,slm,1,14,2,1,512,64,head_major,ijk,3,18,294400,0.480592,1.909112095,0,true,20260809
probability_value,slm,1,14,2,1,512,64,token_major,ijk,3,19,294400,0.477447,1.921687643,0,true,20260809
probability_value,slm,1,14,2,1,512,64,token_major,jki,3,20,294400,1.582607,0.5797421596,0,true,20260809
probability_value,slm,1,14,2,1,512,64,head_major,jki,3,21,294400,1.58487,0.5789143589,0,true,20260809
qk_transpose,slm,1,14,2,1,512,64,token_major,jik,3,22,294400,0.289124,3.173392731,0,true,20260809
qk_transpose,slm,1,14,2,1,512,64,token_major,jki,3,23,294400,1.240623,0.7395510159,0,true,20260809
qk_transpose,slm,1,14,2,1,512,64,head_major,jki,4,0,294400,1.253693,0.7318410488,0,true,20260809
qk_transpose,slm,1,14,2,1,512,64,head_major,ikj,4,1,294400,0.2535,3.619345168,0,true,20260809
qk_transpose,slm,1,14,2,1,512,64,token_major,jki,4,2,294400,1.241985,0.7387400009,0,true,20260809
qk_transpose,slm,1,14,2,1,512,64,token_major,ijk,4,3,294400,0.284527,3.224664092,0,true,20260809
qk_transpose,slm,1,14,2,1,512,64,head_major,kij,4,4,294400,0.253861,3.614198321,0,true,20260809
probability_value,slm,1,14,2,1,512,64,token_major,ijk,4,5,294400,0.476877,1.923984591,0,true,20260809
probability_value,slm,1,14,2,1,512,64,token_major,ikj,4,6,294400,0.067782,13.53610103,0,true,20260809
probability_value,slm,1,14,2,1,512,64,head_major,jik,4,7,294400,0.482004,1.903519473,0,true,20260809
qk_transpose,slm,1,14,2,1,512,64,token_major,kij,4,8,294400,0.25299,3.626641369,0,true,20260809
qk_transpose,slm,1,14,2,1,512,64,head_major,ijk,4,9,294400,0.283535,3.235946179,0,true,20260809
qk_transpose,slm,1,14,2,1,512,64,token_major,ikj,4,10,294400,0.25965,3.533618332,0,true,20260809
qk_transpose,slm,1,14,2,1,512,64,token_major,kji,4,11,294400,0.37978,2.41588288,0,true,20260809
probability_value,slm,1,14,2,1,512,64,token_major,jik,4,12,294400,0.477197,1.922694401,0,true,20260809
probability_value,slm,1,14,2,1,512,64,token_major,jki,4,13,294400,1.581936,0.5799880653,0,true,20260809
probability_value,slm,1,14,2,1,512,64,token_major,kji,4,14,294400,0.378969,2.421052909,0,true,20260809
probability_value,slm,1,14,2,1,512,64,head_major,kji,4,15,294400,0.376745,2.435344862,0,true,20260809
probability_value,slm,1,14,2,1,512,64,head_major,ikj,4,16,294400,0.067451,13.60252628,0,true,20260809
qk_transpose,slm,1,14,2,1,512,64,token_major,jik,4,17,294400,0.288563,3.179562175,0,true,20260809
probability_value,slm,1,14,2,1,512,64,head_major,kij,4,18,294400,0.068323,13.42891852,0,true,20260809
qk_transpose,slm,1,14,2,1,512,64,head_major,jik,4,19,294400,0.292369,3.138171284,0,true,20260809
probability_value,slm,1,14,2,1,512,64,token_major,kij,4,20,294400,0.068042,13.4843773,0,true,20260809
probability_value,slm,1,14,2,1,512,64,head_major,ijk,4,21,294400,0.479961,1.911621986,0,true,20260809
qk_transpose,slm,1,14,2,1,512,64,head_major,kji,4,22,294400,0.380031,2.414287256,0,true,20260809
probability_value,slm,1,14,2,1,512,64,head_major,jki,4,23,294400,1.579061,0.5810440509,0,true,20260809
qk_transpose,slm,1,14,2,1,512,64,token_major,ikj,5,0,294400,0.25299,3.626641369,0,true,20260809
probability_value,slm,1,14,2,1,512,64,head_major,ijk,5,1,294400,0.479861,1.912020356,0,true,20260809
probability_value,slm,1,14,2,1,512,64,token_major,kij,5,2,294400,0.068854,13.3253551,0,true,20260809
probability_value,slm,1,14,2,1,512,64,token_major,ikj,5,3,294400,0.06649,13.79912769,0,true,20260809
qk_transpose,slm,1,14,2,1,512,64,head_major,jki,5,4,294400,1.253232,0.7321102557,0,true,20260809
probability_value,slm,1,14,2,1,512,64,token_major,jki,5,5,294400,1.582807,0.5796689047,0,true,20260809
qk_transpose,slm,1,14,2,1,512,64,token_major,jki,5,6,294400,1.240783,0.7394556502,0,true,20260809
qk_transpose,slm,1,14,2,1,512,64,token_major,jik,5,7,294400,0.29317,3.129597162,0,true,20260809
qk_transpose,slm,1,14,2,1,512,64,head_major,jik,5,8,294400,0.287652,3.189631916,0,true,20260809
probability_value,slm,1,14,2,1,512,64,token_major,jik,5,9,294400,0.476575,1.925203798,0,true,20260809
probability_value,slm,1,14,2,1,512,64,head_major,jik,5,10,294400,0.482093,1.903168061,0,true,20260809
qk_transpose,slm,1,14,2,1,512,64,head_major,kij,5,11,294400,0.254242,3.608782184,0,true,20260809
qk_transpose,slm,1,14,2,1,512,64,token_major,kij,5,12,294400,0.255604,3.589552589,0,true,20260809
qk_transpose,slm,1,14,2,1,512,64,head_major,ijk,5,13,294400,0.283596,3.235250145,0,true,20260809
probability_value,slm,1,14,2,1,512,64,head_major,ikj,5,14,294400,0.068183,13.45649209,0,true,20260809
probability_value,slm,1,14,2,1,512,64,head_major,kij,5,15,294400,0.068072,13.4784346,0,true,20260809
probability_value,slm,1,14,2,1,512,64,token_major,ijk,5,16,294400,0.477327,1.922170755,0,true,20260809
qk_transpose,slm,1,14,2,1,512,64,head_major,kji,5,17,294400,0.38002,2.414357139,0,true,20260809
probability_value,slm,1,14,2,1,512,64,head_major,kji,5,18,294400,0.376966,2.433917117,0,true,20260809
probability_value,slm,1,14,2,1,512,64,token_major,kji,5,19,294400,0.383416,2.392972646,0,true,20260809
qk_transpose,slm,1,14,2,1,512,64,token_major,kji,5,20,294400,0.380341,2.412319471,0,true,20260809
qk_transpose,slm,1,14,2,1,512,64,head_major,ikj,5,21,294400,0.254051,3.61149533,0,true,20260809
qk_transpose,slm,1,14,2,1,512,64,token_major,ijk,5,22,294400,0.285609,3.212447787,0,true,20260809
probability_value,slm,1,14,2,1,512,64,head_major,jki,5,23,294400,1.579202,0.580992172,0,true,20260809
qk_transpose,slm,1,14,2,1,512,64,head_major,kij,6,0,294400,0.255464,3.591519744,0,true,20260809
probability_value,slm,1,14,2,1,512,64,token_major,kij,6,1,294400,0.067862,13.52014382,0,true,20260809
probability_value,slm,1,14,2,1,512,64,token_major,jik,6,2,294400,0.475655,1.928927479,0,true,20260809
qk_transpose,slm,1,14,2,1,512,64,token_major,jki,6,3,294400,1.248345,0.7349763086,0,true,20260809
probability_value,slm,1,14,2,1,512,64,head_major,ikj,6,4,294400,0.067671,13.55830415,0,true,20260809
qk_transpose,slm,1,14,2,1,512,64,head_major,jik,6,5,294400,0.288153,3.184086232,0,true,20260809
qk_transpose,slm,1,14,2,1,512,64,token_major,kji,6,6,294400,0.380571,2.410861574,0,true,20260809
probability_value,slm,1,14,2,1,512,64,token_major,ijk,6,7,294400,0.476516,1.925442168,0,true,20260809
probability_value,slm,1,14,2,1,512,64,token_major,kji,6,8,294400,0.378789,2.42220339,0,true,20260809
qk_transpose,slm,1,14,2,1,512,64,token_major,ijk,6,9,294400,0.284427,3.225797832,0,true,20260809
probability_value,slm,1,14,2,1,512,64,head_major,kij,6,10,294400,0.067481,13.59647901,0,true,20260809
qk_transpose,slm,1,14,2,1,512,64,token_major,kij,6,11,294400,0.25332,3.621916943,0,true,20260809
qk_transpose,slm,1,14,2,1,512,64,token_major,jik,6,12,294400,0.288684,3.178229483,0,true,20260809
qk_transpose,slm,1,14,2,1,512,64,head_major,ijk,6,13,294400,0.283616,3.235022002,0,true,20260809
probability_value,slm,1,14,2,1,512,64,head_major,ijk,6,14,294400,0.485309,1.890556326,0,true,20260809
qk_transpose,slm,1,14,2,1,512,64,token_major,ikj,6,15,294400,0.25298,3.626784726,0,true,20260809
probability_value,slm,1,14,2,1,512,64,head_major,kji,6,16,294400,0.376796,2.435015234,0,true,20260809
qk_transpose,slm,1,14,2,1,512,64,head_major,jki,6,17,294400,1.248846,0.7346814579,0,true,20260809
probability_value,slm,1,14,2,1,512,64,head_major,jki,6,18,294400,1.579512,0.5808781446,0,true,20260809
qk_transpose,slm,1,14,2,1,512,64,head_major,kji,6,19,294400,0.381233,2.406675183,0,true,20260809
probability_value,slm,1,14,2,1,512,64,token_major,ikj,6,20,294400,0.06663,13.77013357,0,true,20260809
probability_value,slm,1,14,2,1,512,64,head_major,jik,6,21,294400,0.481052,1.90728653,0,true,20260809
probability_value,slm,1,14,2,1,512,64,token_major,jki,6,22,294400,1.582847,0.5796542559,0,true,20260809
qk_transpose,slm,1,14,2,1,512,64,head_major,ikj,6,23,294400,0.253911,3.613486615,0,true,20260809
probability_value,slm,1,14,2,1,512,64,token_major,kji,7,0,294400,0.378969,2.421052909,0,true,20260809
qk_transpose,slm,1,14,2,1,512,64,token_major,kji,7,1,294400,0.380571,2.410861574,0,true,20260809
probability_value,slm,1,14,2,1,512,64,token_major,ijk,7,2,294400,0.476355,1.926092935,0,true,20260809
probability_value,slm,1,14,2,1,512,64,head_major,kij,7,3,294400,0.068283,13.43678514,0,true,20260809
qk_transpose,slm,1,14,2,1,512,64,head_major,jki,7,4,294400,1.257839,0.7294288061,0,true,20260809
qk_transpose,slm,1,14,2,1,512,64,head_major,jik,7,5,294400,0.287642,3.189742805,0,true,20260809
probability_value,slm,1,14,2,1,512,64,token_major,kij,7,6,294400,0.067302,13.63264093,0,true,20260809
probability_value,slm,1,14,2,1,512,64,token_major,ikj,7,7,294400,0.06676,13.74331935,0,true,20260809
qk_transpose,slm,1,14,2,1,512,64,head_major,ikj,7,8,294400,0.25338,3.621059279,0,true,20260809
probability_value,slm,1,14,2,1,512,64,token_major,jik,7,9,294400,0.476325,1.926214244,0,true,20260809
qk_transpose,slm,1,14,2,1,512,64,token_major,ikj,7,10,294400,0.253461,3.619902076,0,true,20260809
probability_value,slm,1,14,2,1,512,64,token_major,jki,7,11,294400,1.587825,0.5778369783,0,true,20260809
qk_transpose,slm,1,14,2,1,512,64,head_major,ijk,7,12,294400,0.283776,3.233198015,0,true,20260809
qk_transpose,slm,1,14,2,1,512,64,token_major,ijk,7,13,294400,0.284087,3.22965852,0,true,20260809
probability_value,slm,1,14,2,1,512,64,head_major,jik,7,14,294400,0.481273,1.906410707,0,true,20260809
qk_transpose,slm,1,14,2,1,512,64,head_major,kij,7,15,294400,0.254181,3.609648243,0,true,20260809
probability_value,slm,1,14,2,1,512,64,head_major,kji,7,16,294400,0.376645,2.435991451,0,true,20260809
qk_transpose,slm,1,14,2,1,512,64,head_major,kji,7,17,294400,0.37956,2.41728317,0,true,20260809
qk_transpose,slm,1,14,2,1,512,64,token_major,jik,7,18,294400,0.288713,3.177910243,0,true,20260809
probability_value,slm,1,14,2,1,512,64,head_major,jki,7,19,294400,1.5847,0.5789764624,0,true,20260809
qk_transpose,slm,1,14,2,1,512,64,token_major,jki,7,20,294400,1.240763,0.7394675696,0,true,20260809
probability_value,slm,1,14,2,1,512,64,head_major,ikj,7,21,294400,0.068733,13.34881352,0,true,20260809
qk_transpose,slm,1,14,2,1,512,64,token_major,kij,7,22,294400,0.253141,3.624478058,0,true,20260809
probability_value,slm,1,14,2,1,512,64,head_major,ijk,7,23,294400,0.47986,1.91202434,0,true,20260809
qk_transpose,slm,1,14,2,1,512,64,token_major,jki,8,0,294400,1.240954,0.7393537553,0,true,20260809
probability_value,slm,1,14,2,1,512,64,token_major,kji,8,1,294400,0.379,2.420854881,0,true,20260809
probability_value,slm,1,14,2,1,512,64,token_major,kij,8,2,294400,0.067972,13.49826399,0,true,20260809
qk_transpose,slm,1,14,2,1,512,64,head_major,kij,8,3,294400,0.260932,3.516257109,0,true,20260809
qk_transpose,slm,1,14,2,1,512,64,token_major,ijk,8,4,294400,0.284217,3.228181284,0,true,20260809
qk_transpose,slm,1,14,2,1,512,64,head_major,ijk,8,5,294400,0.283515,3.236174453,0,true,20260809
qk_transpose,slm,1,14,2,1,512,64,token_major,ikj,8,6,294400,0.25302,3.626211367,0,true,20260809
probability_value,slm,1,14,2,1,512,64,token_major,jki,8,7,294400,1.582476,0.5797901516,0,true,20260809
qk_transpose,slm,1,14,2,1,512,64,token_major,jik,8,8,294400,0.288594,3.179220635,0,true,20260809
probability_value,slm,1,14,2,1,512,64,head_major,ijk,8,9,294400,0.480622,1.90899293,0,true,20260809
probability_value,slm,1,14,2,1,512,64,head_major,kji,8,10,294400,0.377047,2.433394245,0,true,20260809
qk_transpose,slm,1,14,2,1,512,64,token_major,kji,8,11,294400,0.385279,2.38140153,0,true,20260809
probability_value,slm,1,14,2,1,512,64,head_major,jik,8,12,294400,0.481153,1.906886167,0,true,20260809
qk_transpose,slm,1,14,2,1,512,64,head_major,kji,8,13,294400,0.381262,2.406492124,0,true,20260809
qk_transpose,slm,1,14,2,1,512,64,head_major,jki,8,14,294400,1.248916,0.7346402801,0,true,20260809
probability_value,slm,1,14,2,1,512,64,head_major,jki,8,15,294400,1.6974,0.5405349358,0,true,20260809
qk_transpose,slm,1,14,2,1,512,64,head_major,jik,8,16,294400,0.287832,3.187637233,0,true,20260809
probability_value,slm,1,14,2,1,512,64,token_major,ijk,8,17,294400,0.477727,1.920561325,0,true,20260809
probability_value,slm,1,14,2,1,512,64,head_major,kij,8,18,294400,0.067792,13.53410432,0,true,20260809
probability_value,slm,1,14,2,1,512,64,head_major,ikj,8,19,294400,0.066931,13.70820696,0,true,20260809
qk_transpose,slm,1,14,2,1,512,64,head_major,ikj,8,20,294400,0.253812,3.614896065,0,true,20260809
probability_value,slm,1,14,2,1,512,64,token_major,jik,8,21,294400,0.477066,1.923222363,0,true,20260809
qk_transpose,slm,1,14,2,1,512,64,token_major,kij,8,22,294400,0.25297,3.626928094,0,true,20260809
probability_value,slm,1,14,2,1,512,64,token_major,ikj,8,23,294400,0.068293,13.43481762,0,true,20260809
qk_transpose,slm,1,14,2,1,512,64,token_major,ikj,9,0,294400,0.2531,3.625065192,0,true,20260809
qk_transpose,slm,1,14,2,1,512,64,head_major,kij,9,1,294400,0.254873,3.599847767,0,true,20260809
qk_transpose,slm,1,14,2,1,512,64,token_major,ijk,9,2,294400,0.283816,3.23274234,0,true,20260809
qk_transpose,slm,1,14,2,1,512,64,head_major,ijk,9,3,294400,0.283756,3.233425901,0,true,20260809
probability_value,slm,1,14,2,1,512,64,token_major,jik,9,4,294400,0.476485,1.925567437,0,true,20260809
qk_transpose,slm,1,14,2,1,512,64,head_major,jik,9,5,294400,0.295203,3.108044295,0,true,20260809
qk_transpose,slm,1,14,2,1,512,64,token_major,jik,9,6,294400,0.288623,3.178901196,0,true,20260809
probability_value,slm,1,14,2,1,512,64,head_major,jik,9,7,294400,0.482144,1.902966749,0,true,20260809
probability_value,slm,1,14,2,1,512,64,head_major,ikj,9,8,294400,0.066099,13.88075463,0,true,20260809
probability_value,slm,1,14,2,1,512,64,token_major,jki,9,9,294400,1.581205,0.580256197,0,true,20260809
qk_transpose,slm,1,14,2,1,512,64,token_major,jki,9,10,294400,1.240633,0.7395450548,0,true,20260809
probability_value,slm,1,14,2,1,512,64,token_major,ijk,9,11,294400,0.483677,1.896935351,0,true,20260809
qk_transpose,slm,1,14,2,1,512,64,token_major,kij,9,12,294400,0.254392,3.606654297,0,true,20260809
probability_value,slm,1,14,2,1,512,64,head_major,jki,9,13,294400,1.579472,0.5808928553,0,true,20260809
probability_value,slm,1,14,2,1,512,64,token_major,ikj,9,14,294400,0.067972,13.49826399,0,true,20260809
probability_value,slm,1,14,2,1,512,64,head_major,kij,9,15,294400,0.067461,13.60050992,0,true,20260809
qk_transpose,slm,1,14,2,1,512,64,head_major,jki,9,16,294400,1.249106,0.7345285348,0,true,20260809
probability_value,slm,1,14,2,1,512,64,token_major,kij,9,17,294400,0.068443,13.40537381,0,true,20260809
qk_transpose,slm,1,14,2,1,512,64,token_major,kji,9,18,294400,0.384718,2.384874116,0,true,20260809
qk_transpose,slm,1,14,2,1,512,64,head_major,ikj,9,19,294400,0.253691,3.616620219,0,true,20260809
probability_value,slm,1,14,2,1,512,64,head_major,kji,9,20,294400,0.377056,2.433336162,0,true,20260809
probability_value,slm,1,14,2,1,512,64,token_major,kji,9,21,294400,0.378829,2.421947633,0,true,20260809
probability_value,slm,1,14,2,1,512,64,head_major,ijk,9,22,294400,0.479741,1.912498619,0,true,20260809
qk_transpose,slm,1,14,2,1,512,64,head_major,kji,9,23,294400,0.37992,2.41499263,0,true,20260809
qk_transpose,slm,1,14,2,16,128,64,token_major,jki,0,0,237568,0.728033,5.041002262,0,true,20260809
qk_transpose,slm,1,14,2,16,128,64,token_major,ijk,0,1,237568,1.134023,3.23628004,0,true,20260809
qk_transpose,slm,1,14,2,16,128,64,token_major,jik,0,2,237568,1.147594,3.198009052,0,true,20260809
qk_transpose,slm,1,14,2,16,128,64,token_major,ikj,0,3,237568,1.070888,3.427077341,0,true,20260809
probability_value,slm,1,14,2,16,128,64,head_major,kij,0,4,237568,0.127311,28.82717126,0,true,20260809
probability_value,slm,1,14,2,16,128,64,token_major,ijk,0,5,237568,1.565922,2.343677399,0,true,20260809
probability_value,slm,1,14,2,16,128,64,head_major,ijk,0,6,237568,1.544279,2.376523931,0,true,20260809
probability_value,slm,1,14,2,16,128,64,head_major,jki,0,7,237568,0.731519,5.016979737,0,true,20260809
qk_transpose,slm,1,14,2,16,128,64,head_major,jik,0,8,237568,1.143397,3.209747795,0,true,20260809
qk_transpose,slm,1,14,2,16,128,64,head_major,ikj,0,9,237568,0.328333,11.17772505,0,true,20260809
qk_transpose,slm,1,14,2,16,128,64,head_major,jki,0,10,237568,0.726621,5.050798146,0,true,20260809
qk_transpose,slm,1,14,2,16,128,64,token_major,kji,0,11,237568,0.99941,3.672182588,0,true,20260809
probability_value,slm,1,14,2,16,128,64,token_major,jik,0,12,237568,1.565441,2.344397521,0,true,20260809
probability_value,slm,1,14,2,16,128,64,head_major,kji,0,13,237568,0.730547,5.023654878,0,true,20260809
probability_value,slm,1,14,2,16,128,64,token_major,kij,0,14,237568,0.135514,27.08219077,0,true,20260809
probability_value,slm,1,14,2,16,128,64,token_major,ikj,0,15,237568,0.263876,13.90810835,0,true,20260809
probability_value,slm,1,14,2,16,128,64,token_major,kji,0,16,237568,0.72535,5.059648446,0,true,20260809
probability_value,slm,1,14,2,16,128,64,head_major,ikj,0,17,237568,0.262034,14.0058771,0,true,20260809
probability_value,slm,1,14,2,16,128,64,token_major,jki,0,18,237568,1.003227,3.658210953,0,true,20260809
qk_transpose,slm,1,14,2,16,128,64,token_major,kij,0,19,237568,1.110969,3.30343691,0,true,20260809
qk_transpose,slm,1,14,2,16,128,64,head_major,kij,0,20,237568,0.333832,10.99360157,0,true,20260809
qk_transpose,slm,1,14,2,16,128,64,head_major,ijk,0,21,237568,1.13858,3.223327302,0,true,20260809
qk_transpose,slm,1,14,2,16,128,64,head_major,kji,0,22,237568,0.734823,4.994421786,0,true,20260809
probability_value,slm,1,14,2,16,128,64,head_major,jik,0,23,237568,1.549467,2.368566739,0,true,20260809
probability_value,slm,1,14,2,16,128,64,head_major,ijk,1,0,237568,1.543838,2.377202789,0,true,20260809
probability_value,slm,1,14,2,16,128,64,token_major,ikj,1,1,237568,0.263566,13.92446674,0,true,20260809
qk_transpose,slm,1,14,2,16,128,64,token_major,kij,1,2,237568,1.088975,3.37015634,0,true,20260809
probability_value,slm,1,14,2,16,128,64,token_major,ijk,1,3,237568,1.561685,2.350036019,0,true,20260809
qk_transpose,slm,1,14,2,16,128,64,token_major,ikj,1,4,237568,1.076136,3.410364489,0,true,20260809
qk_transpose,slm,1,14,2,16,128,64,head_major,kji,1,5,237568,0.736376,4.983888666,0,true,20260809
qk_transpose,slm,1,14,2,16,128,64,token_major,kji,1,6,237568,0.998629,3.6750545,0,true,20260809
probability_value,slm,1,14,2,16,128,64,head_major,ikj,1,7,237568,0.263836,13.91021695,0,true,20260809
qk_transpose,slm,1,14,2,16,128,64,token_major,ijk,1,8,237568,1.133673,3.23727918,0,true,20260809
probability_value,slm,1,14,2,16,128,64,token_major,kij,1,9,237568,0.135974,26.99057173,0,true,20260809
qk_transpose,slm,1,14,2,16,128,64,head_major,jik,1,10,237568,1.143468,3.209548496,0,true,20260809
qk_transpose,slm,1,14,2,16,128,64,head_major,ikj,1,11,237568,0.323035,11.36104756,0,true,20260809
probability_value,slm,1,14,2,16,128,64,token_major,jki,1,12,237568,1.007543,3.642540318,0,true,20260809
qk_transpose,slm,1,14,2,16,128,64,head_major,kij,1,13,237568,0.334513,10.97122085,0,true,20260809
qk_transpose,slm,1,14,2,16,128,64,head_major,jki,1,14,237568,0.726801,5.049547263,0,true,20260809
probability_value,slm,1,14,2,16,128,64,head_major,jik,1,15,237568,1.542897,2.378652626,0,true,20260809
qk_transpose,slm,1,14,2,16,128,64,token_major,jki,1,16,237568,0.733251,5.005129212,0,true,20260809
probability_value,slm,1,14,2,16,128,64,token_major,kji,1,17,237568,0.726771,5.0497557,0,true,20260809
probability_value,slm,1,14,2,16,128,64,head_major,kji,1,18,237568,0.725359,5.059585667,0,true,20260809
probability_value,slm,1,14,2,16,128,64,token_major,jik,1,19,237568,1.563057,2.347973235,0,true,20260809
probability_value,slm,1,14,2,16,128,64,head_major,kij,1,20,237568,0.127772,28.72316313,0,true,20260809
probability_value,slm,1,14,2,16,128,64,head_major,jki,1,21,237568,0.738219,4.971446143,0,true,20260809
qk_transpose,slm,1,14,2,16,128,64,head_major,ijk,1,22,237568,1.137709,3.225794997,0,true,20260809
qk_transpose,slm,1,14,2,16,128,64,token_major,jik,1,23,237568,1.140322,3.218403223,0,true,20260809
qk_transpose,slm,1,14,2,16,128,64,head_major,ikj,2,0,237568,0.323146,11.35714507,0,true,20260809
qk_transpose,slm,1,14,2,16,128,64,token_major,kij,2,1,237568,1.097699,3.343371908,0,true,20260809
probability_value,slm,1,14,2,16,128,64,token_major,kij,2,2,237568,0.136035,26.97846878,0,true,20260809
probability_value,slm,1,14,2,16,128,64,head_major,jki,2,3,237568,0.734463,4.996869822,0,true,20260809
probability_value,slm,1,14,2,16,128,64,head_major,kji,2,4,237568,0.725239,5.06042284,0,true,20260809
probability_value,slm,1,14,2,16,128,64,token_major,ikj,2,5,237568,0.263055,13.95151584,0,true,20260809
probability_value,slm,1,14,2,16,128,64,token_major,ijk,2,6,237568,1.556227,2.358278066,0,true,20260809
probability_value,slm,1,14,2,16,128,64,token_major,jki,2,7,237568,1.007122,3.644062983,0,true,20260809
qk_transpose,slm,1,14,2,16,128,64,head_major,kji,2,8,237568,0.736366,4.983956348,0,true,20260809
probability_value,slm,1,14,2,16,128,64,head_major,ikj,2,9,237568,0.263015,13.95363763,0,true,20260809
qk_transpose,slm,1,14,2,16,128,64,token_major,kji,2,10,237568,0.99921,3.672917605,0,true,20260809
probability_value,slm,1,14,2,16,128,64,head_major,kij,2,11,237568,0.128212,28.62459052,0,true,20260809
qk_transpose,slm,1,14,2,16,128,64,head_major,jik,2,12,237568,1.148985,3.194137434,0,true,20260809
probability_value,slm,1,14,2,16,128,64,token_major,kji,2,13,237568,0.726471,5.051841023,0,true,20260809
probability_value,slm,1,14,2,16,128,64,head_major,ijk,2,14,237568,1.544119,2.376770184,0,true,20260809
qk_transpose,slm,1,14,2,16,128,64,token_major,jik,2,15,237568,1.143958,3.208173727,0,true,20260809
qk_transpose,slm,1,14,2,16,128,64,head_major,ijk,2,16,237568,1.137508,3.226365001,0,true,20260809
qk_transpose,slm,1,14,2,16,128,64,token_major,ijk,2,17,237568,1.133823,3.236850902,0,true,20260809
qk_transpose,slm,1,14,2,16,128,64,token_major,jki,2,18,237568,0.727432,5.045167108,0,true,20260809
probability_value,slm,1,14,2,16,128,64,head_major,jik,2,19,237568,1.556598,2.357715993,0,true,20260809
qk_transpose,slm,1,14,2,16,128,64,head_major,jki,2,20,237568,0.727032,5.047942869,0,true,20260809
probability_value,slm,1,14,2,16,128,64,token_major,jik,2,21,237568,1.563678,2.347040759,0,true,20260809
qk_transpose,slm,1,14,2,16,128,64,head_major,kij,2,22,237568,0.334452,10.97322187,0,true,20260809
qk_transpose,slm,1,14,2,16,128,64,token_major,ikj,2,23,237568,1.07853,3.402794544,0,true,20260809
probability_value,slm,1,14,2,16,128,64,token_major,jki,3,0,237568,1.003568,3.656967938,0,true,20260809
probability_value,slm,1,14,2,16,128,64,token_major,ijk,3,1,237568,1.555876,2.358810085,0,true,20260809
qk_transpose,slm,1,14,2,16,128,64,head_major,kji,3,2,237568,0.739761,4.961083377,0,true,20260809
probability_value,slm,1,14,2,16,128,64,head_major,jik,3,3,237568,1.543398,2.377880495,0,true,20260809
qk_transpose,slm,1,14,2,16,128,64,head_major,jki,3,4,237568,0.726861,5.049130439,0,true,20260809
probability_value,slm,1,14,2,16,128,64,token_major,kji,3,5,237568,0.726701,5.050242122,0,true,20260809
qk_transpose,slm,1,14,2,16,128,64,token_major,ikj,3,6,237568,1.080833,3.395543992,0,true,20260809
qk_transpose,slm,1,14,2,16,128,64,token_major,jik,3,7,237568,1.140092,3.219052498,0,true,20260809
probability_value,slm,1,14,2,16,128,64,head_major,ikj,3,8,237568,0.263025,13.95310712,0,true,20260809
probability_value,slm,1,14,2,16,128,64,head_major,ijk,3,9,237568,1.544048,2.376879475,0,true,20260809
qk_transpose,slm,1,14,2,16,128,64,head_major,ijk,3,10,237568,1.137749,3.225681587,0,true,20260809
probability_value,slm,1,14,2,16,128,64,token_major,ikj,3,11,237568,0.265088,13.84451956,0,true,20260809
qk_transpose,slm,1,14,2,16,128,64,token_major,kij,3,12,237568,1.088385,3.37198326,0,true,20260809
probability_value,slm,1,14,2,16,128,64,token_major,jik,3,13,237568,1.589437,2.309003754,0,true,20260809
qk_transpose,slm,1,14,2,16,128,64,token_major,jki,3,14,237568,0.729816,5.028686683,0,true,20260809
qk_transpose,slm,1,14,2,16,128,64,head_major,kij,3,15,237568,0.335764,10.93034393,0,true,20260809
probability_value,slm,1,14,2,16,128,64,head_major,jki,3,16,237568,0.731258,5.018770393,0,true,20260809
qk_transpose,slm,1,14,2,16,128,64,head_major,jik,3,17,237568,1.143297,3.21002854,0,true,20260809
qk_transpose,slm,1,14,2,16,128,64,token_major,kji,3,18,237568,1.010177,3.633042526,0,true,20260809
qk_transpose,slm,1,14,2,16,128,64,head_major,ikj,3,19,237568,0.323525,11.34384051,0,true,20260809
probability_value,slm,1,14,2,16,128,64,token_major,kij,3,20,237568,0.135474,27.09018705,0,true,20260809
qk_transpose,slm,1,14,2,16,128,64,token_major,ijk,3,21,237568,1.133823,3.236850902,0,true,20260809
probability_value,slm,1,14,2,16,128,64,head_major,kij,3,22,237568,0.127792,28.71866784,0,true,20260809
probability_value,slm,1,14,2,16,128,64,head_major,kji,3,23,237568,0.72535,5.059648446,0,true,20260809
probability_value,slm,1,14,2,16,128,64,token_major,kij,4,0,237568,0.135544,27.07619666,0,true,20260809
probability_value,slm,1,14,2,16,128,64,head_major,ikj,4,1,237568,0.262915,13.95894491,0,true,20260809
qk_transpose,slm,1,14,2,16,128,64,head_major,kji,4,2,237568,0.73943,4.963304167,0,true,20260809
qk_transpose,slm,1,14,2,16,128,64,token_major,jki,4,3,237568,0.727222,5.046624002,0,true,20260809
qk_transpose,slm,1,14,2,16,128,64,head_major,ikj,4,4,237568,0.323295,11.35191079,0,true,20260809
probability_value,slm,1,14,2,16,128,64,head_major,kij,4,5,237568,0.128062,28.65811872,0,true,20260809
qk_transpose,slm,1,14,2,16,128,64,token_major,kji,4,6,237568,1.002876,3.659491303,0,true,20260809
probability_value,slm,1,14,2,16,128,64,token_major,ijk,4,7,237568,1.563418,2.347431077,0,true,20260809
qk_transpose,slm,1,14,2,16,128,64,token_major,ikj,4,8,237568,1.076016,3.410744822,0,true,20260809
qk_transpose,slm,1,14,2,16,128,64,head_major,ijk,4,9,237568,1.137368,3.226762139,0,true,20260809
probability_value,slm,1,14,2,16,128,64,token_major,ikj,4,10,237568,0.263416,13.93239591,0,true,20260809
qk_transpose,slm,1,14,2,16,128,64,token_major,ijk,4,11,237568,1.140553,3.217751389,0,true,20260809
probability_value,slm,1,14,2,16,128,64,head_major,jki,4,12,237568,0.73274,5.008619701,0,true,20260809
probability_value,slm,1,14,2,16,128,64,token_major,jki,4,13,237568,1.003447,3.657408911,0,true,20260809
probability_value,slm,1,14,2,16,128,64,head_major,kji,4,14,237568,0.724648,5.064549961,0,true,20260809
qk_transpose,slm,1,14,2,16,128,64,token_major,jik,4,15,237568,1.14582,3.202960325,0,true,20260809
qk_transpose,slm,1,14,2,16,128,64,head_major,jik,4,16,237568,1.14545,3.203994936,0,true,20260809
qk_transpose,slm,1,14,2,16,128,64,head_major,jki,4,17,237568,0.726581,5.051076205,0,true,20260809
probability_value,slm,1,14,2,16,128,64,head_major,jik,4,18,237568,1.555536,2.35932566,0,true,20260809
probability_value,slm,1,14,2,16,128,64,token_major,kji,4,19,237568,0.727122,5.047318057,0,true,20260809
qk_transpose,slm,1,14,2,16,128,64,head_major,kij,4,20,237568,0.333951,10.98968412,0,true,20260809
qk_transpose,slm,1,14,2,16,128,64,token_major,kij,4,21,237568,1.090158,3.366499168,0,true,20260809
probability_value,slm,1,14,2,16,128,64,token_major,jik,4,22,237568,1.57125,2.335730151,0,true,20260809
probability_value,slm,1,14,2,16,128,64,head_major,ijk,4,23,237568,1.5449,2.375568645,0,true,20260809
qk_transpose,slm,1,14,2,16,128,64,token_major,jik,5,0,237568,1.140323,3.218400401,0,true,20260809
probability_value,slm,1,14,2,16,128,64,head_major,ijk,5,1,237568,1.57189,2.334779151,0,true,20260809
qk_transpose,slm,1,14,2,16,128,64,head_major,jik,5,2,237568,1.143367,3.209832014,0,true,20260809
probability_value,slm,1,14,2,16,128,64,head_major,jik,5,3,237568,1.54471,2.375860841,0,true,20260809
probability_value,slm,1,14,2,16,128,64,token_major,jki,5,4,237568,1.007353,3.643227349,0,true,20260809
qk_transpose,slm,1,14,2,16,128,64,head_major,ijk,5,5,237568,1.137348,3.22681888,0,true,20260809
qk_transpose,slm,1,14,2,16,128,64,head_major,ikj,5,6,237568,0.325168,11.28652266,0,true,20260809
qk_transpose,slm,1,14,2,16,128,64,head_major,jki,5,7,237568,0.727473,5.044882765,0,true,20260809
qk_transpose,slm,1,14,2,16,128,64,token_major,jki,5,8,237568,0.728113,5.040448392,0,true,20260809
probability_value,slm,1,14,2,16,128,64,token_major,jik,5,9,237568,1.558601,2.354686029,0,true,20260809
qk_transpose,slm,1,14,2,16,128,64,head_major,kji,5,10,237568,0.735214,4.991765663,0,true,20260809
qk_transpose,slm,1,14,2,16,128,64,token_major,kji,5,11,237568,1.004218,3.654600893,0,true,20260809
qk_transpose,slm,1,14,2,16,128,64,token_major,ikj,5,12,237568,1.077529,3.405955663,0,true,20260809
probability_value,slm,1,14,2,16,128,64,token_major,ijk,5,13,237568,1.556367,2.358065932,0,true,20260809
qk_transpose,slm,1,14,2,16,128,64,token_major,kij,5,14,237568,1.086141,3.378949879,0,true,20260809
qk_transpose,slm,1,14,2,16,128,64,head_major,kij,5,15,237568,0.333101,11.01772736,0,true,20260809
probability_value,slm,1,14,2,16,128,64,head_major,jki,5,16,237568,0.740051,4.959139303,0,true,20260809
qk_transpose,slm,1,14,2,16,128,64,token_major,ijk,5,17,237568,1.134123,3.235994685,0,true,20260809
probability_value,slm,1,14,2,16,128,64,head_major,kji,5,18,237568,0.72599,5.055188088,0,true,20260809
probability_value,slm,1,14,2,16,128,64,token_major,kji,5,19,237568,0.72585,5.056163119,0,true,20260809
probability_value,slm,1,14,2,16,128,64,token_major,kij,5,20,237568,0.135974,26.99057173,0,true,20260809
probability_value,slm,1,14,2,16,128,64,token_major,ikj,5,21,237568,0.263205,13.9435649,0,true,20260809
probability_value,slm,1,14,2,16,128,64,head_major,kij,5,22,237568,0.127892,28.69621243,0,true,20260809
probability_value,slm,1,14,2,16,128,64,head_major,ikj,5,23,237568,0.268924,13.64703782,0,true,20260809
qk_transpose,slm,1,14,2,16,128,64,token_major,ijk,6,0,237568,1.132701,3.240057173,0,true,20260809
probability_value,slm,1,14,2,16,128,64,token_major,kji,6,1,237568,0.726821,5.049408314,0,true,20260809
qk_transpose,slm,1,14,2,16,128,64,token_major,ikj,6,2,237568,1.075785,3.4114772,0,true,20260809
qk_transpose,slm,1,14,2,16,128,64,head_major,ikj,6,3,237568,0.323435,11.34699708,0,true,20260809
probability_value,slm,1,14,2,16,128,64,token_major,ikj,6,4,237568,0.267061,13.74223866,0,true,20260809
qk_transpose,slm,1,14,2,16,128,64,token_major,kij,6,5,237568,1.087553,3.374562895,0,true,20260809
probability_value,slm,1,14,2,16,128,64,token_major,ijk,6,6,237568,1.555896,2.358779764,0,true,20260809
qk_transpose,slm,1,14,2,16,128,64,token_major,kji,6,7,237568,1.003788,3.656166442,0,true,20260809
probability_value,slm,1,14,2,16,128,64,token_major,jki,6,8,237568,1.007783,3.64167286,0,true,20260809
qk_transpose,slm,1,14,2,16,128,64,head_major,kij,6,9,237568,0.332449,11.03933536,0,true,20260809
qk_transpose,slm,1,14,2,16,128,64,head_major,ijk,6,10,237568,1.137528,3.226308275,0,true,20260809
probability_value,slm,1,14,2,16,128,64,head_major,jki,6,11,237568,0.731819,5.014923089,0,true,20260809
qk_transpose,slm,1,14,2,16,128,64,token_major,jik,6,12,237568,1.14531,3.204386585,0,true,20260809
probability_value,slm,1,14,2,16,128,64,head_major,ijk,6,13,237568,1.545,2.375414887,0,true,20260809
qk_transpose,slm,1,14,2,16,128,64,token_major,jki,6,14,237568,0.727803,5.042595318,0,true,20260809
qk_transpose,slm,1,14,2,16,128,64,head_major,jik,6,15,237568,1.147232,3.199018158,0,true,20260809
probability_value,slm,1,14,2,16,128,64,token_major,kij,6,16,237568,0.135734,27.03829549,0,true,20260809
qk_transpose,slm,1,14,2,16,128,64,head_major,kji,6,17,237568,0.734363,4.997550258,0,true,20260809
probability_value,slm,1,14,2,16,128,64,head_major,kij,6,18,237568,0.127902,28.69396882,0,true,20260809
probability_value,slm,1,14,2,16,128,64,token_major,jik,6,19,237568,1.564009,2.346544042,0,true,20260809
qk_transpose,slm,1,14,2,16,128,64,head_major,jki,6,20,237568,0.726722,5.050096185,0,true,20260809
probability_value,slm,1,14,2,16,128,64,head_major,jik,6,21,237568,1.547394,2.371739841,0,true,20260809
probability_value,slm,1,14,2,16,128,64,head_major,ikj,6,22,237568,0.263926,13.9054735,0,true,20260809
probability_value,slm,1,14,2,16,128,64,head_major,kji,6,23,237568,0.724669,5.064403196,0,true,20260809
probability_value,slm,1,14,2,16,128,64,head_major,ikj,7,0,237568,0.262163,13.99898536,0,true,20260809
probability_value,slm,1,14,2,16,128,64,head_major,kij,7,1,237568,0.127742,28.72990872,0,true,20260809
qk_transpose,slm,1,14,2,16,128,64,token_major,ijk,7,2,237568,1.13883,3.222619706,0,true,20260809
probability_value,slm,1,14,2,16,128,64,head_major,jki,7,3,237568,0.731038,5.020280751,0,true,20260809
probability_value,slm,1,14,2,16,128,64,token_major,jik,7,4,237568,1.563559,2.347219389,0,true,20260809
probability_value,slm,1,14,2,16,128,64,head_major,ijk,7,5,237568,1.548555,2.369961674,0,true,20260809
qk_transpose,slm,1,14,2,16,128,64,head_major,ikj,7,6,237568,0.323115,11.35823468,0,true,20260809
qk_transpose,slm,1,14,2,16,128,64,token_major,ikj,7,7,237568,1.069366,3.431955009,0,true,20260809
probability_value,slm,1,14,2,16,128,64,token_major,kij,7,8,237568,0.136215,26.94281834,0,true,20260809
qk_transpose,slm,1,14,2,16,128,64,token_major,jik,7,9,237568,1.140212,3.218713713,0,true,20260809
probability_value,slm,1,14,2,16,128,64,head_major,kji,7,10,237568,0.724989,5.06216784,0,true,20260809
probability_value,slm,1,14,2,16,128,64,token_major,jki,7,11,237568,1.009466,3.635601397,0,true,20260809
qk_transpose,slm,1,14,2,16,128,64,head_major,jki,7,12,237568,0.727443,5.045090818,0,true,20260809
qk_transpose,slm,1,14,2,16,128,64,token_major,kji,7,13,237568,1.002987,3.659086309,0,true,20260809
probability_value,slm,1,14,2,16,128,64,head_major,jik,7,14,237568,1.551681,2.365187174,0,true,20260809
probability_value,slm,1,14,2,16,128,64,token_major,kji,7,15,237568,0.72575,5.0568598,0,true,20260809
qk_transpose,slm,1,14,2,16,128,64,token_major,jki,7,16,237568,0.727753,5.042941767,0,true,20260809
probability_value,slm,1,14,2,16,128,64,token_major,ijk,7,17,237568,1.556828,2.357367673,0,true,20260809
qk_transpose,slm,1,14,2,16,128,64,token_major,kij,7,18,237568,1.093472,3.356296275,0,true,20260809
qk_transpose,slm,1,14,2,16,128,64,head_major,jik,7,19,237568,1.143498,3.209464293,0,true,20260809
qk_transpose,slm,1,14,2,16,128,64,head_major,ijk,7,20,237568,1.137318,3.226903997,0,true,20260809
qk_transpose,slm,1,14,2,16,128,64,head_major,kji,7,21,237568,0.73867,4.968410792,0,true,20260809
qk_transpose,slm,1,14,2,16,128,64,head_major,kij,7,22,237568,0.334422,10.97420624,0,true,20260809
probability_value,slm,1,14,2,16,128,64,token_major,ikj,7,23,237568,0.264537,13.87335609,0,true,20260809
probability_value,slm,1,14,2,16,128,64,token_major,kij,8,0,237568,0.135613,27.06242027,0,true,20260809
qk_transpose,slm,1,14,2,16,128,64,token_major,jik,8,1,237568,1.140262,3.218572574,0,true,20260809
qk_transpose,slm,1,14,2,16,128,64,token_major,kji,8,2,237568,1.002886,3.659454813,0,true,20260809
qk_transpose,slm,1,14,2,16,128,64,token_major,ikj,8,3,237568,1.080412,3.396867121,0,true,20260809
qk_transpose,slm,1,14,2,16,128,64,head_major,kij,8,4,237568,0.334693,10.96532046,0,true,20260809
probability_value,slm,1,14,2,16,128,64,head_major,kji,8,5,237568,0.726731,5.050033644,0,true,20260809
qk_transpose,slm,1,14,2,16,128,64,token_major,kij,8,6,237568,1.087273,3.375431929,0,true,20260809
probability_value,slm,1,14,2,16,128,64,token_major,jki,8,7,237568,1.003527,3.657117347,0,true,20260809
probability_value,slm,1,14,2,16,128,64,head_major,jki,8,8,237568,0.742154,4.945086869,0,true,20260809
qk_transpose,slm,1,14,2,16,128,64,head_major,kji,8,9,237568,0.736346,4.984091718,0,true,20260809
qk_transpose,slm,1,14,2,16,128,64,head_major,ijk,8,10,237568,1.137358,3.226790509,0,true,20260809
probability_value,slm,1,14,2,16,128,64,head_major,jik,8,11,237568,1.548305,2.370344344,0,true,20260809
probability_value,slm,1,14,2,16,128,64,head_major,ijk,8,12,237568,1.544039,2.37689333,0,true,20260809
probability_value,slm,1,14,2,16,128,64,token_major,kji,8,13,237568,0.725399,5.059306671,0,true,20260809
qk_transpose,slm,1,14,2,16,128,64,token_major,ijk,8,14,237568,1.135555,3.23191391,0,true,20260809
qk_transpose,slm,1,14,2,16,128,64,head_major,ikj,8,15,237568,0.322414,11.38293002,0,true,20260809
qk_transpose,slm,1,14,2,16,128,64,head_major,jik,8,16,237568,1.143387,3.209775868,0,true,20260809
probability_value,slm,1,14,2,16,128,64,head_major,kij,8,17,237568,0.127681,28.74363453,0,true,20260809
qk_transpose,slm,1,14,2,16,128,64,head_major,jki,8,18,237568,0.72634,5.052752155,0,true,20260809
probability_value,slm,1,14,2,16,128,64,head_major,ikj,8,19,237568,0.262464,13.98293099,0,true,20260809
probability_value,slm,1,14,2,16,128,64,token_major,jik,8,20,237568,1.570779,2.336430523,0,true,20260809
qk_transpose,slm,1,14,2,16,128,64,token_major,jki,8,21,237568,0.728093,5.040586848,0,true,20260809
probability_value,slm,1,14,2,16,128,64,token_major,ikj,8,22,237568,0.263616,13.92182569,0,true,20260809
probability_value,slm,1,14,2,16,128,64,token_major,ijk,8,23,237568,1.541375,2.381001379,0,true,20260809
probability_value,slm,1,14,2,16,128,64,head_major,ijk,9,0,237568,1.550759,2.366593391,0,true,20260809
probability_value,slm,1,14,2,16,128,64,token_major,kij,9,1,237568,0.135313,27.12241987,0,true,20260809
qk_transpose,slm,1,14,2,16,128,64,token_major,kji,9,2,237568,1.003928,3.655656581,0,true,20260809
qk_transpose,slm,1,14,2,16,128,64,head_major,jik,9,3,237568,1.143507,3.209439033,0,true,20260809
probability_value,slm,1,14,2,16,128,64,token_major,ikj,9,4,237568,0.263336,13.93662849,0,true,20260809
qk_transpose,slm,1,14,2,16,128,64,head_major,jki,9,5,237568,0.736616,4.982264844,0,true,20260809
qk_transpose,slm,1,14,2,16,128,64,head_major,ikj,9,6,237568,0.323636,11.33994982,0,true,20260809
qk_transpose,slm,1,14,2,16,128,64,head_major,ijk,9,7,237568,1.137258,3.227074243,0,true,20260809
qk_transpose,slm,1,14,2,16,128,64,token_major,jik,9,8,237568,1.140302,3.218459671,0,true,20260809
probability_value,slm,1,14,2,16,128,64,token_major,kji,9,9,237568,0.731599,5.016431132,0,true,20260809
probability_value,slm,1,14,2,16,128,64,head_major,kij,9,10,237568,0.127572,28.76819365,0,true,20260809
qk_transpose,slm,1,14,2,16,128,64,head_major,kji,9,11,237568,0.734563,4.996189571,0,true,20260809
probability_value,slm,1,14,2,16,128,64,head_major,kji,9,12,237568,0.72542,5.059160211,0,true,20260809
qk_transpose,slm,1,14,2,16,128,64,token_major,ikj,9,13,237568,1.069967,3.430027281,0,true,20260809
probability_value,slm,1,14,2,16,128,64,token_major,jki,9,14,237568,1.007983,3.640950294,0,true,20260809
qk_transpose,slm,1,14,2,16,128,64,token_major,ijk,9,15,237568,1.134363,3.235310037,0,true,20260809
probability_value,slm,1,14,2,16,128,64,token_major,ijk,9,16,237568,1.556227,2.358278066,0,true,20260809
qk_transpose,slm,1,14,2,16,128,64,token_major,jki,9,17,237568,0.727953,5.041556254,0,true,20260809
probability_value,slm,1,14,2,16,128,64,token_major,jik,9,18,237568,1.566293,2.343122264,0,true,20260809
qk_transpose,slm,1,14,2,16,128,64,token_major,kij,9,19,237568,1.094865,3.352026049,0,true,20260809
probability_value,slm,1,14,2,16,128,64,head_major,jik,9,20,237568,1.550279,2.367326139,0,true,20260809
probability_value,slm,1,14,2,16,128,64,head_major,ikj,9,21,237568,0.263706,13.91707432,0,true,20260809
qk_transpose,slm,1,14,2,16,128,64,head_major,kij,9,22,237568,0.336044,10.9212365,0,true,20260809
probability_value,slm,1,14,2,16,128,64,head_major,jki,9,23,237568,0.731198,5.019182219,0,true,20260809
qk_transpose,slm,1,14,2,16,512,64,token_major,kji,0,0,778240,5.709645,2.571099254,0,true,20260809
probability_value,slm,1,14,2,16,512,64,head_major,ikj,0,1,778240,1.069345,13.72808962,0,true,20260809
qk_transpose,slm,1,14,2,16,512,64,head_major,kij,0,2,778240,4.138014,3.547611004,0,true,20260809
probability_value,slm,1,14,2,16,512,64,head_major,jki,0,3,778240,3.248258,4.519365149,0,true,20260809
probability_value,slm,1,14,2,16,512,64,head_major,kji,0,4,778240,3.219926,4.559130862,0,true,20260809
probability_value,slm,1,14,2,16,512,64,head_major,ijk,0,5,778240,7.539794,1.947011284,0,true,20260809
qk_transpose,slm,1,14,2,16,512,64,head_major,kji,0,6,778240,5.10731,2.874324057,0,true,20260809
qk_transpose,slm,1,14,2,16,512,64,head_major,jki,0,7,778240,5.254461,2.79382871,0,true,20260809
probability_value,slm,1,14,2,16,512,64,token_major,kij,0,8,778240,0.533751,27.50358126,0,true,20260809
probability_value,slm,1,14,2,16,512,64,token_major,jik,0,9,778240,7.575827,1.93775069,0,true,20260809
probability_value,slm,1,14,2,16,512,64,head_major,kij,0,10,778240,0.555905,26.40750488,0,true,20260809
qk_transpose,slm,1,14,2,16,512,64,token_major,ijk,0,11,778240,4.540869,3.232875469,0,true,20260809
qk_transpose,slm,1,14,2,16,512,64,token_major,kij,0,12,778240,4.159737,3.529084651,0,true,20260809
qk_transpose,slm,1,14,2,16,512,64,token_major,jik,0,13,778240,4.60798,3.185791605,0,true,20260809
qk_transpose,slm,1,14,2,16,512,64,head_major,ijk,0,14,778240,4.555271,3.222654371,0,true,20260809
probability_value,slm,1,14,2,16,512,64,head_major,jik,0,15,778240,7.556909,1.942601664,0,true,20260809
probability_value,slm,1,14,2,16,512,64,token_major,ikj,0,16,778240,1.049005,13.99427457,0,true,20260809
qk_transpose,slm,1,14,2,16,512,64,head_major,jik,0,17,778240,4.619117,3.178110448,0,true,20260809
probability_value,slm,1,14,2,16,512,64,token_major,jki,0,18,778240,4.00186,3.668310236,0,true,20260809
qk_transpose,slm,1,14,2,16,512,64,token_major,jki,0,19,778240,5.288772,2.775703698,0,true,20260809
probability_value,slm,1,14,2,16,512,64,token_major,ijk,0,20,778240,7.55082,1.944168183,0,true,20260809
qk_transpose,slm,1,14,2,16,512,64,head_major,ikj,0,21,778240,4.094519,3.585296344,0,true,20260809
qk_transpose,slm,1,14,2,16,512,64,token_major,ikj,0,22,778240,4.077424,3.60032805,0,true,20260809
probability_value,slm,1,14,2,16,512,64,token_major,kji,0,23,778240,3.216451,4.564056471,0,true,20260809
probability_value,slm,1,14,2,16,512,64,head_major,ikj,1,0,778240,1.073612,13.67352824,0,true,20260809
probability_value,slm,1,14,2,16,512,64,token_major,kji,1,1,778240,3.208438,4.575455097,0,true,20260809
qk_transpose,slm,1,14,2,16,512,64,token_major,ijk,1,2,778240,4.54131,3.23256153,0,true,20260809
qk_transpose,slm,1,14,2,16,512,64,head_major,ikj,1,3,778240,4.091124,3.588271585,0,true,20260809
probability_value,slm,1,14,2,16,512,64,head_major,ijk,1,4,778240,7.545332,1.945582249,0,true,20260809
qk_transpose,slm,1,14,2,16,512,64,token_major,jki,1,5,778240,5.256144,2.792934136,0,true,20260809
qk_transpose,slm,1,14,2,16,512,64,head_major,kij,1,6,778240,4.142611,3.543674267,0,true,20260809
qk_transpose,slm,1,14,2,16,512,64,token_major,ikj,1,7,778240,4.081389,3.596830393,0,true,20260809
probability_value,slm,1,14,2,16,512,64,head_major,kij,1,8,778240,0.558188,26.29949766,0,true,20260809
probability_value,slm,1,14,2,16,512,64,token_major,kij,1,9,778240,0.527623,27.82301757,0,true,20260809
probability_value,slm,1,14,2,16,512,64,head_major,jik,1,10,778240,7.556358,1.942743316,0,true,20260809
qk_transpose,slm,1,14,2,16,512,64,token_major,jik,1,11,778240,4.613398,3.182050194,0,true,20260809
probability_value,slm,1,14,2,16,512,64,token_major,jik,1,12,778240,7.579963,1.936693359,0,true,20260809
probability_value,slm,1,14,2,16,512,64,head_major,kji,1,13,778240,3.211113,4.571643539,0,true,20260809
qk_transpose,slm,1,14,2,16,512,64,token_major,kij,1,14,778240,4.166798,3.523104312,0,true,20260809
probability_value,slm,1,14,2,16,512,64,token_major,ikj,1,15,778240,1.040563,14.10780895,0,true,20260809
qk_transpose,slm,1,14,2,16,512,64,head_major,jik,1,16,778240,4.616984,3.179578703,0,true,20260809
probability_value,slm,1,14,2,16,512,64,token_major,jki,1,17,778240,4.00217,3.668026096,0,true,20260809
qk_transpose,slm,1,14,2,16,512,64,head_major,jki,1,18,778240,5.229413,2.807210675,0,true,20260809
probability_value,slm,1,14,2,16,512,64,token_major,ijk,1,19,778240,7.551791,1.943918204,0,true,20260809
probability_value,slm,1,14,2,16,512,64,head_major,jki,1,20,778240,3.250982,4.51557837,0,true,20260809
qk_transpose,slm,1,14,2,16,512,64,token_major,kji,1,21,778240,5.729945,2.561990386,0,true,20260809
qk_transpose,slm,1,14,2,16,512,64,head_major,ijk,1,22,778240,4.557094,3.221365195,0,true,20260809
qk_transpose,slm,1,14,2,16,512,64,head_major,kji,1,23,778240,5.113469,2.870862031,0,true,20260809
qk_transpose,slm,1,14,2,16,512,64,token_major,ikj,2,0,778240,4.0884,3.590662362,0,true,20260809
qk_transpose,slm,1,14,2,16,512,64,token_major,jik,2,1,778240,4.617414,3.179282603,0,true,20260809
qk_transpose,slm,1,14,2,16,512,64,head_major,ikj,2,2,778240,4.091675,3.587788375,0,true,20260809
probability_value,slm,1,14,2,16,512,64,token_major,ijk,2,3,778240,7.557169,1.94253483,0,true,20260809
qk_transpose,slm,1,14,2,16,512,64,token_major,jki,2,4,778240,5.267761,2.786774875,0,true,20260809
qk_transpose,slm,1,14,2,16,512,64,head_major,jik,2,5,778240,4.617615,3.179144212,0,true,20260809
qk_transpose,slm,1,14,2,16,512,64,head_major,ijk,2,6,778240,4.559628,3.21957493,0,true,20260809
qk_transpose,slm,1,14,2,16,512,64,head_major,jki,2,7,778240,5.246689,2.797967251,0,true,20260809
probability_value,slm,1,14,2,16,512,64,token_major,jik,2,8,778240,7.581145,1.936391403,0,true,20260809
probability_value,slm,1,14,2,16,512,64,head_major,jki,2,9,778240,3.267036,4.493389115,0,true,20260809
probability_value,slm,1,14,2,16,512,64,head_major,jik,2,10,778240,7.555677,1.942918418,0,true,20260809
qk_transpose,slm,1,14,2,16,512,64,head_major,kij,2,11,778240,4.149442,3.53784051,0,true,20260809
qk_transpose,slm,1,14,2,16,512,64,head_major,kji,2,12,778240,5.112228,2.871558937,0,true,20260809
qk_transpose,slm,1,14,2,16,512,64,token_major,kij,2,13,778240,4.160979,3.528031264,0,true,20260809
qk_transpose,slm,1,14,2,16,512,64,token_major,kji,2,14,778240,5.735374,2.559565252,0,true,20260809
probability_value,slm,1,14,2,16,512,64,head_major,kij,2,15,778240,0.556846,26.3628795,0,true,20260809
probability_value,slm,1,14,2,16,512,64,head_major,kji,2,16,778240,3.212144,4.570176181,0,true,20260809
probability_value,slm,1,14,2,16,512,64,token_major,ikj,2,17,778240,1.041023,14.10157509,0,true,20260809
probability_value,slm,1,14,2,16,512,64,token_major,kji,2,18,778240,3.214948,4.566190184,0,true,20260809
probability_value,slm,1,14,2,16,512,64,head_major,ijk,2,19,778240,7.547364,1.945058434,0,true,20260809
probability_value,slm,1,14,2,16,512,64,head_major,ikj,2,20,778240,1.07199,13.6942173,0,true,20260809
probability_value,slm,1,14,2,16,512,64,token_major,kij,2,21,778240,0.518028,28.33836009,0,true,20260809
probability_value,slm,1,14,2,16,512,64,token_major,jki,2,22,778240,4.037834,3.635628409,0,true,20260809
qk_transpose,slm,1,14,2,16,512,64,token_major,ijk,2,23,778240,4.543824,3.230773023,0,true,20260809
qk_transpose,slm,1,14,2,16,512,64,token_major,jik,3,0,778240,4.611486,3.183369526,0,true,20260809
probability_value,slm,1,14,2,16,512,64,token_major,jki,3,1,778240,4.027789,3.64469539,0,true,20260809
qk_transpose,slm,1,14,2,16,512,64,head_major,kij,3,2,778240,4.14833,3.538788862,0,true,20260809
probability_value,slm,1,14,2,16,512,64,head_major,ikj,3,3,778240,1.070748,13.71010172,0,true,20260809
qk_transpose,slm,1,14,2,16,512,64,token_major,kij,3,4,778240,4.159306,3.529450346,0,true,20260809
qk_transpose,slm,1,14,2,16,512,64,token_major,ijk,3,5,778240,4.538626,3.234473164,0,true,20260809
probability_value,slm,1,14,2,16,512,64,head_major,kji,3,6,778240,3.211683,4.570832177,0,true,20260809
probability_value,slm,1,14,2,16,512,64,token_major,kji,3,7,778240,3.21606,4.564611357,0,true,20260809
probability_value,slm,1,14,2,16,512,64,head_major,jik,3,8,778240,7.560815,1.941598095,0,true,20260809
qk_transpose,slm,1,14,2,16,512,64,head_major,jki,3,9,778240,5.231537,2.80607095,0,true,20260809
probability_value,slm,1,14,2,16,512,64,token_major,kij,3,10,778240,0.520191,28.22052669,0,true,20260809
probability_value,slm,1,14,2,16,512,64,head_major,jki,3,11,778240,3.235839,4.536710263,0,true,20260809
qk_transpose,slm,1,14,2,16,512,64,token_major,kji,3,12,778240,5.721373,2.565828867,0,true,20260809
qk_transpose,slm,1,14,2,16,512,64,head_major,jik,3,13,778240,4.615842,3.180365359,0,true,20260809
qk_transpose,slm,1,14,2,16,512,64,token_major,ikj,3,14,778240,4.082491,3.595859489,0,true,20260809
probability_value,slm,1,14,2,16,512,64,head_major,kij,3,15,778240,0.556585,26.37524188,0,true,20260809
probability_value,slm,1,14,2,16,512,64,token_major,ijk,3,16,778240,7.551742,1.943930818,0,true,20260809
qk_transpose,slm,1,14,2,16,512,64,head_major,ijk,3,17,778240,4.555761,3.222307755,0,true,20260809
probability_value,slm,1,14,2,16,512,64,token_major,ikj,3,18,778240,1.047623,14.0127355,0,true,20260809
qk_transpose,slm,1,14,2,16,512,64,token_major,jki,3,19,778240,5.281291,2.77963551,0,true,20260809
qk_transpose,slm,1,14,2,16,512,64,head_major,kji,3,20,778240,5.141932,2.854970466,0,true,20260809
qk_transpose,slm,1,14,2,16,512,64,head_major,ikj,3,21,778240,4.093327,3.586340402,0,true,20260809
probability_value,slm,1,14,2,16,512,64,head_major,ijk,3,22,778240,7.551661,1.943951668,0,true,20260809
probability_value,slm,1,14,2,16,512,64,token_major,jik,3,23,778240,7.57699,1.937453263,0,true,20260809
qk_transpose,slm,1,14,2,16,512,64,token_major,kij,4,0,778240,4.170844,3.519686663,0,true,20260809
probability_value,slm,1,14,2,16,512,64,token_major,ijk,4,1,778240,7.548586,1.944743559,0,true,20260809
qk_transpose,slm,1,14,2,16,512,64,token_major,jki,4,2,778240,5.290626,2.774731005,0,true,20260809
qk_transpose,slm,1,14,2,16,512,64,head_major,kij,4,3,778240,4.143673,3.542766044,0,true,20260809
probability_value,slm,1,14,2,16,512,64,head_major,kji,4,4,778240,3.212285,4.569975578,0,true,20260809
qk_transpose,slm,1,14,2,16,512,64,token_major,ijk,4,5,778240,4.546127,3.229136362,0,true,20260809
probability_value,slm,1,14,2,16,512,64,head_major,kij,4,6,778240,0.555935,26.40607985,0,true,20260809
probability_value,slm,1,14,2,16,512,64,head_major,jik,4,7,778240,7.573544,1.938334814,0,true,20260809
qk_transpose,slm,1,14,2,16,512,64,token_major,kji,4,8,778240,5.697577,2.576545082,0,true,20260809
probability_value,slm,1,14,2,16,512,64,token_major,ikj,4,9,778240,1.160503,12.6497424,0,true,20260809
probability_value,slm,1,14,2,16,512,64,token_major,jki,4,10,778240,3.99515,3.674471296,0,true,20260809
probability_value,slm,1,14,2,16,512,64,head_major,jki,4,11,778240,3.238664,4.532753012,0,true,20260809
qk_transpose,slm,1,14,2,16,512,64,head_major,ijk,4,12,778240,4.556142,3.222038295,0,true,20260809
qk_transpose,slm,1,14,2,16,512,64,head_major,jik,4,13,778240,4.616263,3.180075312,0,true,20260809
probability_value,slm,1,14,2,16,512,64,token_major,kij,4,14,778240,0.518839,28.29406425,0,true,20260809
probability_value,slm,1,14,2,16,512,64,token_major,kji,4,15,778240,3.212735,4.569335473,0,true,20260809
qk_transpose,slm,1,14,2,16,512,64,head_major,ikj,4,16,778240,4.092316,3.587226402,0,true,20260809
probability_value,slm,1,14,2,16,512,64,head_major,ikj,4,17,778240,1.074143,13.66676876,0,true,20260809
qk_transpose,slm,1,14,2,16,512,64,token_major,jik,4,18,778240,4.612117,3.182933998,0,true,20260809
qk_transpose,slm,1,14,2,16,512,64,head_major,jki,4,19,778240,5.255353,2.793354509,0,true,20260809
probability_value,slm,1,14,2,16,512,64,token_major,jik,4,20,778240,7.582307,1.936094648,0,true,20260809
qk_transpose,slm,1,14,2,16,512,64,token_major,ikj,4,21,778240,4.084664,3.593946528,0,true,20260809
probability_value,slm,1,14,2,16,512,64,head_major,ijk,4,22,778240,7.543579,1.946034369,0,true,20260809
qk_transpose,slm,1,14,2,16,512,64,head_major,kji,4,23,778240,5.098778,2.879133785,0,true,20260809
qk_transpose,slm,1,14,2,16,512,64,token_major,jki,5,0,778240,5.266219,2.787590869,0,true,20260809
probability_value,slm,1,14,2,16,512,64,token_major,jik,5,1,778240,7.580995,1.936429717,0,true,20260809
probability_value,slm,1,14,2,16,512,64,token_major,kji,5,2,778240,3.208639,4.575168475,0,true,20260809
probability_value,slm,1,14,2,16,512,64,token_major,ijk,5,3,778240,7.549818,1.94442621,0,true,20260809
qk_transpose,slm,1,14,2,16,512,64,token_major,kij,5,4,778240,4.171064,3.519501019,0,true,20260809
probability_value,slm,1,14,2,16,512,64,token_major,ikj,5,5,778240,1.053502,13.93453833,0,true,20260809
qk_transpose,slm,1,14,2,16,512,64,head_major,jki,5,6,778240,5.269794,2.785699783,0,true,20260809
qk_transpose,slm,1,14,2,16,512,64,head_major,kji,5,7,778240,5.12024,2.867065606,0,true,20260809
qk_transpose,slm,1,14,2,16,512,64,head_major,ikj,5,8,778240,4.093618,3.586085463,0,true,20260809
qk_transpose,slm,1,14,2,16,512,64,token_major,ijk,5,9,778240,4.539157,3.234094789,0,true,20260809
probability_value,slm,1,14,2,16,512,64,token_major,jki,5,10,778240,3.999176,3.670772179,0,true,20260809
probability_value,slm,1,14,2,16,512,64,head_major,jki,5,11,778240,3.248999,4.518334416,0,true,20260809
probability_value,slm,1,14,2,16,512,64,head_major,kji,5,12,778240,3.204403,4.581216532,0,true,20260809
probability_value,slm,1,14,2,16,512,64,token_major,kij,5,13,778240,0.518058,28.33671905,0,true,20260809
qk_transpose,slm,1,14,2,16,512,64,token_major,jik,5,14,778240,4.606748,3.186643593,0,true,20260809
qk_transpose,slm,1,14,2,16,512,64,token_major,ikj,5,15,778240,4.080588,3.597536433,0,true,20260809
probability_value,slm,1,14,2,16,512,64,head_major,ijk,5,16,778240,7.543398,1.946081063,0,true,20260809
qk_transpose,slm,1,14,2,16,512,64,head_major,jik,5,17,778240,4.612077,3.182961603,0,true,20260809
qk_transpose,slm,1,14,2,16,512,64,head_major,kij,5,18,778240,4.136442,3.548959226,0,true,20260809
probability_value,slm,1,14,2,16,512,64,head_major,ikj,5,19,778240,1.076878,13.6320586,0,true,20260809
qk_transpose,slm,1,14,2,16,512,64,token_major,kji,5,20,778240,5.697587,2.57654056,0,true,20260809
probability_value,slm,1,14,2,16,512,64,head_major,kij,5,21,778240,0.556366,26.38562385,0,true,20260809
qk_transpose,slm,1,14,2,16,512,64,head_major,ijk,5,22,778240,4.579648,3.20550051,0,true,20260809
probability_value,slm,1,14,2,16,512,64,head_major,jik,5,23,778240,7.556829,1.94262223,0,true,20260809
probability_value,slm,1,14,2,16,512,64,head_major,jik,6,0,778240,7.569798,1.939294021,0,true,20260809
probability_value,slm,1,14,2,16,512,64,token_major,kij,6,1,778240,0.523696,28.03165195,0,true,20260809
probability_value,slm,1,14,2,16,512,64,head_major,kji,6,2,778240,3.213166,4.568722562,0,true,20260809
qk_transpose,slm,1,14,2,16,512,64,head_major,jik,6,3,778240,4.619338,3.1779584,0,true,20260809
qk_transpose,slm,1,14,2,16,512,64,token_major,ijk,6,4,778240,4.553128,3.224171163,0,true,20260809
qk_transpose,slm,1,14,2,16,512,64,token_major,jki,6,5,778240,5.253219,2.794489246,0,true,20260809
qk_transpose,slm,1,14,2,16,512,64,head_major,kij,6,6,778240,4.139357,3.546459994,0,true,20260809
probability_value,slm,1,14,2,16,512,64,token_major,jik,6,7,778240,7.580544,1.936544923,0,true,20260809
qk_transpose,slm,1,14,2,16,512,64,token_major,jik,6,8,778240,4.60733,3.186241055,0,true,20260809
probability_value,slm,1,14,2,16,512,64,head_major,jki,6,9,778240,3.257692,4.50627745,0,true,20260809
qk_transpose,slm,1,14,2,16,512,64,token_major,kij,6,10,778240,4.163724,3.525705354,0,true,20260809
probability_value,slm,1,14,2,16,512,64,head_major,kij,6,11,778240,0.556426,26.38277866,0,true,20260809
qk_transpose,slm,1,14,2,16,512,64,head_major,ijk,6,12,778240,4.560018,3.219299573,0,true,20260809
probability_value,slm,1,14,2,16,512,64,token_major,kji,6,13,778240,3.214848,4.566332219,0,true,20260809
qk_transpose,slm,1,14,2,16,512,64,head_major,jki,6,14,778240,5.230856,2.80643627,0,true,20260809
probability_value,slm,1,14,2,16,512,64,token_major,ijk,6,15,778240,7.551901,1.943889889,0,true,20260809
qk_transpose,slm,1,14,2,16,512,64,token_major,ikj,6,16,778240,4.092886,3.586726823,0,true,20260809
qk_transpose,slm,1,14,2,16,512,64,head_major,ikj,6,17,778240,4.092156,3.58736666,0,true,20260809
qk_transpose,slm,1,14,2,16,512,64,head_major,kji,6,18,778240,5.109012,2.873366514,0,true,20260809
probability_value,slm,1,14,2,16,512,64,head_major,ikj,6,19,778240,1.077778,13.62067513,0,true,20260809
probability_value,slm,1,14,2,16,512,64,head_major,ijk,6,20,778240,7.55038,1.94428148,0,true,20260809
probability_value,slm,1,14,2,16,512,64,token_major,ikj,6,21,778240,1.042406,14.08286599,0,true,20260809
probability_value,slm,1,14,2,16,512,64,token_major,jki,6,22,778240,3.996452,3.673274194,0,true,20260809
qk_transpose,slm,1,14,2,16,512,64,token_major,kji,6,23,778240,5.694803,2.577800145,0,true,20260809
probability_value,slm,1,14,2,16,512,64,token_major,kij,7,0,778240,0.51901,28.28474211,0,true,20260809
probability_value,slm,1,14,2,16,512,64,head_major,jik,7,1,778240,7.562748,1.941101832,0,true,20260809
probability_value,slm,1,14,2,16,512,64,token_major,ikj,7,2,778240,1.049606,13.98626151,0,true,20260809
probability_value,slm,1,14,2,16,512,64,head_major,ikj,7,3,778240,1.066903,13.75951141,0,true,20260809
probability_value,slm,1,14,2,16,512,64,token_major,kji,7,4,778240,3.212525,4.569634166,0,true,20260809
probability_value,slm,1,14,2,16,512,64,head_major,kij,7,5,778240,0.554954,26.45275825,0,true,20260809
qk_transpose,slm,1,14,2,16,512,64,token_major,ikj,7,6,778240,4.086137,3.592650956,0,true,20260809
qk_transpose,slm,1,14,2,16,512,64,token_major,ijk,7,7,778240,4.538937,3.234251544,0,true,20260809
probability_value,slm,1,14,2,16,512,64,token_major,jki,7,8,778240,3.996673,3.673071077,0,true,20260809
qk_transpose,slm,1,14,2,16,512,64,head_major,jik,7,9,778240,4.615092,3.180882201,0,true,20260809
qk_transpose,slm,1,14,2,16,512,64,head_major,jki,7,10,778240,5.257415,2.792258933,0,true,20260809
qk_transpose,slm,1,14,2,16,512,64,head_major,ikj,7,11,778240,4.092236,3.587296529,0,true,20260809
probability_value,slm,1,14,2,16,512,64,head_major,kji,7,12,778240,3.216421,4.564099041,0,true,20260809
probability_value,slm,1,14,2,16,512,64,head_major,ijk,7,13,778240,7.549207,1.944583583,0,true,20260809
qk_transpose,slm,1,14,2,16,512,64,head_major,kij,7,14,778240,4.138985,3.546778739,0,true,20260809
qk_transpose,slm,1,14,2,16,512,64,token_major,kij,7,15,778240,4.172356,3.518411181,0,true,20260809
qk_transpose,slm,1,14,2,16,512,64,head_major,ijk,7,16,778240,4.556092,3.222073654,0,true,20260809
qk_transpose,slm,1,14,2,16,512,64,token_major,jki,7,17,778240,5.252258,2.79500055,0,true,20260809
qk_transpose,slm,1,14,2,16,512,64,head_major,kji,7,18,778240,5.117616,2.868535662,0,true,20260809
probability_value,slm,1,14,2,16,512,64,token_major,ijk,7,19,778240,7.559843,1.941847734,0,true,20260809
probability_value,slm,1,14,2,16,512,64,token_major,jik,7,20,778240,7.572984,1.938478148,0,true,20260809
qk_transpose,slm,1,14,2,16,512,64,token_major,jik,7,21,778240,4.611736,3.183196957,0,true,20260809
qk_transpose,slm,1,14,2,16,512,64,token_major,kji,7,22,778240,5.68651,2.581559515,0,true,20260809
probability_value,slm,1,14,2,16,512,64,head_major,jki,7,23,778240,3.265514,4.495483406,0,true,20260809
qk_transpose,slm,1,14,2,16,512,64,head_major,kij,8,0,778240,4.147039,3.53989051,0,true,20260809
probability_value,slm,1,14,2,16,512,64,head_major,kij,8,1,778240,0.563607,26.04663178,0,true,20260809
probability_value,slm,1,14,2,16,512,64,token_major,ijk,8,2,778240,7.548727,1.944707233,0,true,20260809
probability_value,slm,1,14,2,16,512,64,head_major,kji,8,3,778240,3.212885,4.569122144,0,true,20260809
qk_transpose,slm,1,14,2,16,512,64,head_major,jik,8,4,778240,4.618946,3.178228107,0,true,20260809
qk_transpose,slm,1,14,2,16,512,64,token_major,jki,8,5,778240,5.26719,2.78707698,0,true,20260809
probability_value,slm,1,14,2,16,512,64,head_major,jik,8,6,778240,7.561616,1.941392422,0,true,20260809
probability_value,slm,1,14,2,16,512,64,head_major,jki,8,7,778240,3.238324,4.533228917,0,true,20260809
probability_value,slm,1,14,2,16,512,64,token_major,jki,8,8,778240,4.000348,3.669696736,0,true,20260809
probability_value,slm,1,14,2,16,512,64,token_major,kji,8,9,778240,3.211133,4.571615065,0,true,20260809
probability_value,slm,1,14,2,16,512,64,head_major,ikj,8,10,778240,1.082897,13.55628836,0,true,20260809
probability_value,slm,1,14,2,16,512,64,token_major,jik,8,11,778240,7.578652,1.937028379,0,true,20260809
qk_transpose,slm,1,14,2,16,512,64,token_major,ijk,8,12,778240,4.542032,3.232047683,0,true,20260809
qk_transpose,slm,1,14,2,16,512,64,head_major,ijk,8,13,778240,4.556193,3.222002229,0,true,20260809
qk_transpose,slm,1,14,2,16,512,64,token_major,kij,8,14,778240,4.155341,3.532818125,0,true,20260809
qk_transpose,slm,1,14,2,16,512,64,token_major,jik,8,15,778240,4.610965,3.183729219,0,true,20260809
qk_transpose,slm,1,14,2,16,512,64,head_major,jki,8,16,778240,5.228993,2.807436155,0,true,20260809
probability_value,slm,1,14,2,16,512,64,token_major,kij,8,17,778240,0.524938,27.96532924,0,true,20260809
qk_transpose,slm,1,14,2,16,512,64,head_major,kji,8,18,778240,5.118647,2.86795788,0,true,20260809
qk_transpose,slm,1,14,2,16,512,64,head_major,ikj,8,19,778240,4.09562,3.584332531,0,true,20260809
probability_value,slm,1,14,2,16,512,64,head_major,ijk,8,20,778240,7.542087,1.94641934,0,true,20260809
qk_transpose,slm,1,14,2,16,512,64,token_major,ikj,8,21,778240,4.084694,3.593920132,0,true,20260809
probability_value,slm,1,14,2,16,512,64,token_major,ikj,8,22,778240,1.04534,14.04333901,0,true,20260809
qk_transpose,slm,1,14,2,16,512,64,token_major,kji,8,23,778240,5.690486,2.579755754,0,true,20260809
qk_transpose,slm,1,14,2,16,512,64,token_major,ijk,9,0,778240,4.542883,3.231442236,0,true,20260809
probability_value,slm,1,14,2,16,512,64,token_major,kij,9,1,778240,0.519521,28.25692128,0,true,20260809
probability_value,slm,1,14,2,16,512,64,head_major,ikj,9,2,778240,1.075655,13.647558,0,true,20260809
qk_transpose,slm,1,14,2,16,512,64,head_major,jik,9,3,778240,4.618286,3.178682308,0,true,20260809
probability_value,slm,1,14,2,16,512,64,token_major,kji,9,4,778240,3.218564,4.56106015,0,true,20260809
qk_transpose,slm,1,14,2,16,512,64,head_major,ikj,9,5,778240,4.093377,3.586296596,0,true,20260809
qk_transpose,slm,1,14,2,16,512,64,token_major,jik,9,6,778240,4.607159,3.186359316,0,true,20260809
probability_value,slm,1,14,2,16,512,64,token_major,ijk,9,7,778240,7.552463,1.943745239,0,true,20260809
probability_value,slm,1,14,2,16,512,64,head_major,ijk,9,8,778240,7.546704,1.94522854,0,true,20260809
qk_transpose,slm,1,14,2,16,512,64,token_major,kji,9,9,778240,5.704457,2.573437577,0,true,20260809
probability_value,slm,1,14,2,16,512,64,head_major,kij,9,10,778240,0.558078,26.30468142,0,true,20260809
probability_value,slm,1,14,2,16,512,64,token_major,ikj,9,11,778240,1.040463,14.10916486,0,true,20260809
qk_transpose,slm,1,14,2,16,512,64,token_major,kij,9,12,778240,4.158946,3.529755856,0,true,20260809
probability_value,slm,1,14,2,16,512,64,token_major,jik,9,13,778240,7.576939,1.937466304,0,true,20260809
qk_transpose,slm,1,14,2,16,512,64,token_major,ikj,9,14,778240,4.084705,3.593910454,0,true,20260809
probability_value,slm,1,14,2,16,512,64,head_major,kji,9,15,778240,3.210602,4.572371163,0,true,20260809
probability_value,slm,1,14,2,16,512,64,token_major,jki,9,16,778240,3.997564,3.672252402,0,true,20260809
probability_value,slm,1,14,2,16,512,64,head_major,jki,9,17,778240,3.234528,4.538549056,0,true,20260809
qk_transpose,slm,1,14,2,16,512,64,head_major,jki,9,18,778240,5.241211,2.800891626,0,true,20260809
qk_transpose,slm,1,14,2,16,512,64,head_major,ijk,9,19,778240,4.557044,3.221400539,0,true,20260809
qk_transpose,slm,1,14,2,16,512,64,head_major,kij,9,20,778240,4.140859,3.545173598,0,true,20260809
qk_transpose,slm,1,14,2,16,512,64,head_major,kji,9,21,778240,5.105727,2.875215224,0,true,20260809
probability_value,slm,1,14,2,16,512,64,head_major,jik,9,22,778240,7.563028,1.941029968,0,true,20260809
qk_transpose,slm,1,14,2,16,512,64,token_major,jki,9,23,778240,5.268943,2.786149708,0,true,20260809
qk_transpose,llm,1,28,4,1,128,128,token_major,ijk,0,0,290816,0.382234,2.400372547,0,true,20260809
probability_value,llm,1,28,4,1,128,128,token_major,jki,0,1,290816,1.465451,0.6260898522,0,true,20260809
qk_transpose,llm,1,28,4,1,128,128,token_major,jik,0,2,290816,0.381152,2.407186634,0,true,20260809
probability_value,llm,1,28,4,1,128,128,token_major,ikj,0,3,290816,0.028764,31.89764984,0,true,20260809
probability_value,llm,1,28,4,1,128,128,head_major,kji,0,4,290816,0.37924,2.419322856,0,true,20260809
qk_transpose,llm,1,28,4,1,128,128,token_major,kji,0,5,290816,0.515504,1.779819361,0,true,20260809
qk_transpose,llm,1,28,4,1,128,128,token_major,ikj,0,6,290816,1.020763,0.8988413569,0,true,20260809
qk_transpose,llm,1,28,4,1,128,128,head_major,ikj,0,7,290816,0.255724,3.58786817,0,true,20260809
qk_transpose,llm,1,28,4,1,128,128,head_major,jik,0,8,290816,0.381353,2.405917877,0,true,20260809
qk_transpose,llm,1,28,4,1,128,128,head_major,ijk,0,9,290816,0.381303,2.406233363,0,true,20260809
qk_transpose,llm,1,28,4,1,128,128,head_major,jki,0,10,290816,1.435636,0.6390923605,0,true,20260809
probability_value,llm,1,28,4,1,128,128,token_major,ijk,0,11,290816,0.862596,1.063654364,0,true,20260809
probability_value,llm,1,28,4,1,128,128,head_major,ikj,0,12,290816,0.031368,29.2496812,0,true,20260809
qk_transpose,llm,1,28,4,1,128,128,token_major,jki,0,13,290816,1.433193,0.640181748,0,true,20260809
qk_transpose,llm,1,28,4,1,128,128,token_major,kij,0,14,290816,1.02523,0.8949250412,0,true,20260809
probability_value,llm,1,28,4,1,128,128,head_major,jki,0,15,290816,1.469587,0.6243277873,0,true,20260809
probability_value,llm,1,28,4,1,128,128,token_major,kji,0,16,290816,0.377697,2.42920648,0,true,20260809
qk_transpose,llm,1,28,4,1,128,128,head_major,kji,0,17,290816,0.379159,2.419839698,0,true,20260809
probability_value,llm,1,28,4,1,128,128,token_major,jik,0,18,290816,0.864608,1.06117917,0,true,20260809
probability_value,llm,1,28,4,1,128,128,head_major,kij,0,19,290816,0.035954,25.51882962,0,true,20260809
qk_transpose,llm,1,28,4,1,128,128,head_major,kij,0,20,290816,0.259119,3.540859605,0,true,20260809
probability_value,llm,1,28,4,1,128,128,head_major,jik,0,21,290816,0.395604,2.319248541,0,true,20260809
probability_value,llm,1,28,4,1,128,128,token_major,kij,0,22,290816,0.037446,24.50205629,0,true,20260809
probability_value,llm,1,28,4,1,128,128,head_major,ijk,0,23,290816,0.397236,2.309720166,0,true,20260809
probability_value,llm,1,28,4,1,128,128,token_major,kji,1,0,290816,0.376576,2.436437797,0,true,20260809
qk_transpose,llm,1,28,4,1,128,128,token_major,kij,1,1,290816,1.032932,0.8882520824,0,true,20260809
qk_transpose,llm,1,28,4,1,128,128,token_major,ikj,1,2,290816,1.020783,0.8988237461,0,true,20260809
qk_transpose,llm,1,28,4,1,128,128,token_major,jki,1,3,290816,1.431851,0.6407817573,0,true,20260809
probability_value,llm,1,28,4,1,128,128,head_major,kji,1,4,290816,0.380222,2.413074467,0,true,20260809
qk_transpose,llm,1,28,4,1,128,128,head_major,kij,1,5,290816,0.259119,3.540859605,0,true,20260809
qk_transpose,llm,1,28,4,1,128,128,head_major,ijk,1,6,290816,0.382735,2.39723046,0,true,20260809
probability_value,llm,1,28,4,1,128,128,token_major,jki,1,7,290816,1.464739,0.6263941904,0,true,20260809
qk_transpose,llm,1,28,4,1,128,128,head_major,jik,1,8,290816,0.381292,2.406302781,0,true,20260809
qk_transpose,llm,1,28,4,1,128,128,token_major,ijk,1,9,290816,0.382975,2.395728181,0,true,20260809
probability_value,llm,1,28,4,1,128,128,head_major,ijk,1,10,290816,0.39293,2.335031685,0,true,20260809
probability_value,llm,1,28,4,1,128,128,token_major,ijk,1,11,290816,0.865169,1.060491072,0,true,20260809
qk_transpose,llm,1,28,4,1,128,128,token_major,jik,1,12,290816,0.380761,2.409658552,0,true,20260809
qk_transpose,llm,1,28,4,1,128,128,head_major,ikj,1,13,290816,0.256135,3.582110996,0,true,20260809
qk_transpose,llm,1,28,4,1,128,128,head_major,jki,1,14,290816,1.432051,0.6406922658,0,true,20260809
probability_value,llm,1,28,4,1,128,128,token_major,ikj,1,15,290816,0.028804,31.8533537,0,true,20260809
qk_transpose,llm,1,28,4,1,128,128,token_major,kji,1,16,290816,0.516777,1.775435052,0,true,20260809
probability_value,llm,1,28,4,1,128,128,head_major,kij,1,17,290816,0.036535,25.11301492,0,true,20260809
probability_value,llm,1,28,4,1,128,128,head_major,ikj,1,18,290816,0.030937,29.65717426,0,true,20260809
probability_value,llm,1,28,4,1,128,128,head_major,jki,1,19,290816,1.468245,0.6248984332,0,true,20260809
probability_value,llm,1,28,4,1,128,128,head_major,jik,1,20,290816,0.396515,2.313920028,0,true,20260809
probability_value,llm,1,28,4,1,128,128,token_major,kij,1,21,290816,0.038187,24.02660591,0,true,20260809
probability_value,llm,1,28,4,1,128,128,token_major,jik,1,22,290816,0.874082,1.049677261,0,true,20260809
qk_transpose,llm,1,28,4,1,128,128,head_major,kji,1,23,290816,0.378358,2.424962602,0,true,20260809
probability_value,llm,1,28,4,1,128,128,head_major,kij,2,0,290816,0.035874,25.5757373,0,true,20260809
qk_transpose,llm,1,28,4,1,128,128,head_major,ijk,2,1,290816,0.381192,2.406934038,0,true,20260809
qk_transpose,llm,1,28,4,1,128,128,token_major,kji,2,2,290816,0.522745,1.75516552,0,true,20260809
qk_transpose,llm,1,28,4,1,128,128,token_major,kij,2,3,290816,1.032541,0.8885884435,0,true,20260809
probability_value,llm,1,28,4,1,128,128,token_major,jik,2,4,290816,0.857487,1.069991732,0,true,20260809
probability_value,llm,1,28,4,1,128,128,head_major,jki,2,5,290816,1.470508,0.623936762,0,true,20260809
probability_value,llm,1,28,4,1,128,128,token_major,kji,2,6,290816,0.376606,2.436243714,0,true,20260809
probability_value,llm,1,28,4,1,128,128,head_major,jik,2,7,290816,0.395464,2.320069589,0,true,20260809
probability_value,llm,1,28,4,1,128,128,token_major,kij,2,8,290816,0.037146,24.69994077,0,true,20260809
probability_value,llm,1,28,4,1,128,128,head_major,kji,2,9,290816,0.383436,2.392847829,0,true,20260809
qk_transpose,llm,1,28,4,1,128,128,head_major,jik,2,10,290816,0.381412,2.405545709,0,true,20260809
probability_value,llm,1,28,4,1,128,128,token_major,ikj,2,11,290816,0.028423,32.28033635,0,true,20260809
probability_value,llm,1,28,4,1,128,128,head_major,ikj,2,12,290816,0.030756,29.83170763,0,true,20260809
qk_transpose,llm,1,28,4,1,128,128,token_major,ijk,2,13,290816,0.382144,2.400937866,0,true,20260809
probability_value,llm,1,28,4,1,128,128,head_major,ijk,2,14,290816,0.39254,2.337351607,0,true,20260809
qk_transpose,llm,1,28,4,1,128,128,head_major,kji,2,15,290816,0.378248,2.425667816,0,true,20260809
qk_transpose,llm,1,28,4,1,128,128,head_major,ikj,2,16,290816,0.254612,3.603537932,0,true,20260809
qk_transpose,llm,1,28,4,1,128,128,head_major,jki,2,17,290816,1.4319,0.6407598296,0,true,20260809
qk_transpose,llm,1,28,4,1,128,128,head_major,kij,2,18,290816,0.258919,3.543594715,0,true,20260809
qk_transpose,llm,1,28,4,1,128,128,token_major,jik,2,19,290816,0.387102,2.370186669,0,true,20260809
probability_value,llm,1,28,4,1,128,128,token_major,ijk,2,20,290816,0.866992,1.058261207,0,true,20260809
qk_transpose,llm,1,28,4,1,128,128,token_major,ikj,2,21,290816,1.019471,0.8999804801,0,true,20260809
probability_value,llm,1,28,4,1,128,128,token_major,jki,2,22,290816,1.467564,0.6251884075,0,true,20260809
qk_transpose,llm,1,28,4,1,128,128,token_major,jki,2,23,290816,1.437378,0.6383178259,0,true,20260809
probability_value,llm,1,28,4,1,128,128,token_major,ikj,3,0,290816,0.028723,31.94318142,0,true,20260809
qk_transpose,llm,1,28,4,1,128,128,head_major,ijk,3,1,290816,0.381292,2.406302781,0,true,20260809
qk_transpose,llm,1,28,4,1,128,128,head_major,kji,3,2,290816,0.378408,2.424642185,0,true,20260809
qk_transpose,llm,1,28,4,1,128,128,head_major,jki,3,3,290816,1.431971,0.6407280594,0,true,20260809
probability_value,llm,1,28,4,1,128,128,token_major,kji,3,4,290816,0.377557,2.430107242,0,true,20260809
probability_value,llm,1,28,4,1,128,128,head_major,ijk,3,5,290816,0.400792,2.28922733,0,true,20260809
probability_value,llm,1,28,4,1,128,128,token_major,ijk,3,6,290816,0.867483,1.057662225,0,true,20260809
qk_transpose,llm,1,28,4,1,128,128,token_major,jki,3,7,290816,1.433092,0.6402268661,0,true,20260809
qk_transpose,llm,1,28,4,1,128,128,head_major,kij,3,8,290816,0.260281,3.525051771,0,true,20260809
probability_value,llm,1,28,4,1,128,128,token_major,kij,3,9,290816,0.037747,24.30667338,0,true,20260809
probability_value,llm,1,28,4,1,128,128,head_major,ikj,3,10,290816,0.031678,28.96344466,0,true,20260809
probability_value,llm,1,28,4,1,128,128,token_major,jik,3,11,290816,0.860903,1.065746083,0,true,20260809
qk_transpose,llm,1,28,4,1,128,128,token_major,kij,3,12,290816,1.029546,0.891173391,0,true,20260809
qk_transpose,llm,1,28,4,1,128,128,token_major,jik,3,13,290816,0.381914,2.402383783,0,true,20260809
probability_value,llm,1,28,4,1,128,128,head_major,jik,3,14,290816,0.396005,2.316900039,0,true,20260809
qk_transpose,llm,1,28,4,1,128,128,token_major,ijk,3,15,290816,0.382124,2.401063529,0,true,20260809
probability_value,llm,1,28,4,1,128,128,head_major,jki,3,16,290816,1.462326,0.6274278102,0,true,20260809
qk_transpose,llm,1,28,4,1,128,128,head_major,ikj,3,17,290816,0.256114,3.58240471,0,true,20260809
probability_value,llm,1,28,4,1,128,128,head_major,kij,3,18,290816,0.035613,25.76317637,0,true,20260809
qk_transpose,llm,1,28,4,1,128,128,token_major,kji,3,19,290816,0.522414,1.756277588,0,true,20260809
qk_transpose,llm,1,28,4,1,128,128,token_major,ikj,3,20,290816,1.01831,0.9010065697,0,true,20260809
qk_transpose,llm,1,28,4,1,128,128,head_major,jik,3,21,290816,0.381103,2.407496136,0,true,20260809
probability_value,llm,1,28,4,1,128,128,token_major,jki,3,22,290816,1.467023,0.6254189607,0,true,20260809
probability_value,llm,1,28,4,1,128,128,head_major,kji,3,23,290816,0.375173,2.44554912,0,true,20260809
probability_value,llm,1,28,4,1,128,128,head_major,kji,4,0,290816,0.374993,2.446723005,0,true,20260809
qk_transpose,llm,1,28,4,1,128,128,head_major,ijk,4,1,290816,0.388103,2.364073455,0,true,20260809
probability_value,llm,1,28,4,1,128,128,token_major,ikj,4,2,290816,0.029484,31.11870845,0,true,20260809
qk_transpose,llm,1,28,4,1,128,128,token_major,ikj,4,3,290816,1.023136,0.8967566384,0,true,20260809
probability_value,llm,1,28,4,1,128,128,token_major,jik,4,4,290816,0.860682,1.066019738,0,true,20260809
qk_transpose,llm,1,28,4,1,128,128,head_major,jki,4,5,290816,1.431891,0.640763857,0,true,20260809
probability_value,llm,1,28,4,1,128,128,head_major,jki,4,6,290816,1.472331,0.6231642205,0,true,20260809
qk_transpose,llm,1,28,4,1,128,128,head_major,kji,4,7,290816,0.378689,2.422843019,0,true,20260809
qk_transpose,llm,1,28,4,1,128,128,token_major,kji,4,8,290816,0.520161,1.763884643,0,true,20260809
probability_value,llm,1,28,4,1,128,128,head_major,jik,4,9,290816,0.396095,2.316373597,0,true,20260809
qk_transpose,llm,1,28,4,1,128,128,head_major,kij,4,10,290816,0.258569,3.548391338,0,true,20260809
probability_value,llm,1,28,4,1,128,128,token_major,kij,4,11,290816,0.039078,23.47878602,0,true,20260809
probability_value,llm,1,28,4,1,128,128,head_major,ikj,4,12,290816,0.030436,30.14535419,0,true,20260809
qk_transpose,llm,1,28,4,1,128,128,head_major,jik,4,13,290816,0.381353,2.405917877,0,true,20260809
probability_value,llm,1,28,4,1,128,128,head_major,ijk,4,14,290816,0.39297,2.334794005,0,true,20260809
qk_transpose,llm,1,28,4,1,128,128,token_major,jki,4,15,290816,1.43818,0.6379618685,0,true,20260809
qk_transpose,llm,1,28,4,1,128,128,head_major,ikj,4,16,290816,0.254982,3.5983089,0,true,20260809
probability_value,llm,1,28,4,1,128,128,token_major,jki,4,17,290816,1.467253,0.6253209228,0,true,20260809
qk_transpose,llm,1,28,4,1,128,128,token_major,kij,4,18,290816,1.028735,0.8918759447,0,true,20260809
probability_value,llm,1,28,4,1,128,128,token_major,kji,4,19,290816,0.398399,2.302977668,0,true,20260809
probability_value,llm,1,28,4,1,128,128,head_major,kij,4,20,290816,0.035984,25.49755447,0,true,20260809
qk_transpose,llm,1,28,4,1,128,128,token_major,jik,4,21,290816,0.381773,2.403271054,0,true,20260809
qk_transpose,llm,1,28,4,1,128,128,token_major,ijk,4,22,290816,0.381693,2.403774761,0,true,20260809
probability_value,llm,1,28,4,1,128,128,token_major,ijk,4,23,290816,0.867342,1.057834165,0,true,20260809
qk_transpose,llm,1,28,4,1,128,128,token_major,ijk,5,0,290816,0.381663,2.403963706,0,true,20260809
qk_transpose,llm,1,28,4,1,128,128,token_major,kij,5,1,290816,1.027804,0.8926838191,0,true,20260809
probability_value,llm,1,28,4,1,128,128,token_major,jki,5,2,290816,1.472762,0.6229818531,0,true,20260809
probability_value,llm,1,28,4,1,128,128,token_major,jik,5,3,290816,0.858549,1.068668183,0,true,20260809
probability_value,llm,1,28,4,1,128,128,head_major,kij,5,4,290816,0.036334,25.25194033,0,true,20260809
qk_transpose,llm,1,28,4,1,128,128,head_major,ikj,5,5,290816,0.256385,3.578618094,0,true,20260809
qk_transpose,llm,1,28,4,1,128,128,token_major,jik,5,6,290816,0.382464,2.39892905,0,true,20260809
qk_transpose,llm,1,28,4,1,128,128,token_major,kji,5,7,290816,0.517236,1.773859515,0,true,20260809
probability_value,llm,1,28,4,1,128,128,head_major,jki,5,8,290816,1.47161,0.6234695334,0,true,20260809
probability_value,llm,1,28,4,1,128,128,token_major,kij,5,9,290816,0.038437,23.87033327,0,true,20260809
probability_value,llm,1,28,4,1,128,128,token_major,kji,5,10,290816,0.375984,2.440274054,0,true,20260809
probability_value,llm,1,28,4,1,128,128,token_major,ikj,5,11,290816,0.027541,33.3141135,0,true,20260809
probability_value,llm,1,28,4,1,128,128,head_major,kji,5,12,290816,0.374933,2.447114551,0,true,20260809
qk_transpose,llm,1,28,4,1,128,128,head_major,kij,5,13,290816,0.258959,3.543047355,0,true,20260809
probability_value,llm,1,28,4,1,128,128,head_major,ikj,5,14,290816,0.030887,29.70518341,0,true,20260809
qk_transpose,llm,1,28,4,1,128,128,head_major,ijk,5,15,290816,0.381443,2.40535021,0,true,20260809
probability_value,llm,1,28,4,1,128,128,head_major,ijk,5,16,290816,0.392489,2.337655323,0,true,20260809
qk_transpose,llm,1,28,4,1,128,128,token_major,ikj,5,17,290816,1.035165,0.8863359947,0,true,20260809
probability_value,llm,1,28,4,1,128,128,token_major,ijk,5,18,290816,0.869706,1.054958802,0,true,20260809
qk_transpose,llm,1,28,4,1,128,128,head_major,jik,5,19,290816,0.381433,2.40541327,0,true,20260809
qk_transpose,llm,1,28,4,1,128,128,token_major,jki,5,20,290816,1.433983,0.6398290635,0,true,20260809
qk_transpose,llm,1,28,4,1,128,128,head_major,kji,5,21,290816,0.378218,2.425860218,0,true,20260809
qk_transpose,llm,1,28,4,1,128,128,head_major,jki,5,22,290816,1.436698,0.6386199466,0,true,20260809
probability_value,llm,1,28,4,1,128,128,head_major,jik,5,23,290816,0.396226,2.315607759,0,true,20260809
qk_transpose,llm,1,28,4,1,128,128,token_major,ijk,6,0,290816,0.382624,2.397925901,0,true,20260809
qk_transpose,llm,1,28,4,1,128,128,head_major,ikj,6,1,290816,0.254973,3.598435913,0,true,20260809
qk_transpose,llm,1,28,4,1,128,128,token_major,jik,6,2,290816,0.380642,2.410411883,0,true,20260809
qk_transpose,llm,1,28,4,1,128,128,token_major,jki,6,3,290816,1.432371,0.6405491315,0,true,20260809
probability_value,llm,1,28,4,1,128,128,token_major,jik,6,4,290816,0.864588,1.061203718,0,true,20260809
probability_value,llm,1,28,4,1,128,128,head_major,kji,6,5,290816,0.379359,2.418563946,0,true,20260809
probability_value,llm,1,28,4,1,128,128,token_major,kij,6,6,290816,0.036885,24.87471872,0,true,20260809
probability_value,llm,1,28,4,1,128,128,head_major,jik,6,7,290816,0.395754,2.318369492,0,true,20260809
qk_transpose,llm,1,28,4,1,128,128,head_major,ijk,6,8,290816,0.381232,2.406681496,0,true,20260809
qk_transpose,llm,1,28,4,1,128,128,head_major,jki,6,9,290816,1.431881,0.640768332,0,true,20260809
qk_transpose,llm,1,28,4,1,128,128,head_major,kij,6,10,290816,0.258108,3.554729028,0,true,20260809
qk_transpose,llm,1,28,4,1,128,128,token_major,kij,6,11,290816,1.028234,0.8923105052,0,true,20260809
probability_value,llm,1,28,4,1,128,128,head_major,kij,6,12,290816,0.035844,25.59714318,0,true,20260809
probability_value,llm,1,28,4,1,128,128,head_major,ikj,6,13,290816,0.030967,29.62844318,0,true,20260809
probability_value,llm,1,28,4,1,128,128,head_major,ijk,6,14,290816,0.393631,2.330873331,0,true,20260809
probability_value,llm,1,28,4,1,128,128,head_major,jki,6,15,290816,1.463788,0.6268011488,0,true,20260809
probability_value,llm,1,28,4,1,128,128,token_major,ikj,6,16,290816,0.029965,30.61918905,0,true,20260809
qk_transpose,llm,1,28,4,1,128,128,token_major,ikj,6,17,290816,1.023567,0.8963790353,0,true,20260809
qk_transpose,llm,1,28,4,1,128,128,head_major,kji,6,18,290816,0.37895,2.421174297,0,true,20260809
qk_transpose,llm,1,28,4,1,128,128,head_major,jik,6,19,290816,0.381343,2.405980967,0,true,20260809
qk_transpose,llm,1,28,4,1,128,128,token_major,kji,6,20,290816,0.494623,1.854956199,0,true,20260809
probability_value,llm,1,28,4,1,128,128,token_major,ijk,6,21,290816,0.864849,1.060883461,0,true,20260809
probability_value,llm,1,28,4,1,128,128,token_major,kji,6,22,290816,0.375784,2.441572818,0,true,20260809
probability_value,llm,1,28,4,1,128,128,token_major,jki,6,23,290816,1.467223,0.6253337086,0,true,20260809
qk_transpose,llm,1,28,4,1,128,128,token_major,jki,7,0,290816,1.436187,0.6388471696,0,true,20260809
qk_transpose,llm,1,28,4,1,128,128,head_major,jki,7,1,290816,1.432902,0.6403117589,0,true,20260809
qk_transpose,llm,1,28,4,1,128,128,token_major,kij,7,2,290816,1.026592,0.8937377264,0,true,20260809
qk_transpose,llm,1,28,4,1,128,128,token_major,kji,7,3,290816,0.523216,1.753585517,0,true,20260809
probability_value,llm,1,28,4,1,128,128,token_major,kij,7,4,290816,0.038998,23.5269501,0,true,20260809
qk_transpose,llm,1,28,4,1,128,128,token_major,ikj,7,5,290816,1.027393,0.8930409298,0,true,20260809
probability_value,llm,1,28,4,1,128,128,head_major,jki,7,6,290816,1.47144,0.6235415647,0,true,20260809
probability_value,llm,1,28,4,1,128,128,head_major,ijk,7,7,290816,0.39302,2.334496972,0,true,20260809
qk_transpose,llm,1,28,4,1,128,128,head_major,ijk,7,8,290816,0.381653,2.404026694,0,true,20260809
probability_value,llm,1,28,4,1,128,128,head_major,jik,7,9,290816,0.395605,2.319242679,0,true,20260809
probability_value,llm,1,28,4,1,128,128,head_major,kij,7,10,290816,0.035243,26.03365207,0,true,20260809
qk_transpose,llm,1,28,4,1,128,128,head_major,ikj,7,11,290816,0.255523,3.590690466,0,true,20260809
qk_transpose,llm,1,28,4,1,128,128,head_major,kij,7,12,290816,0.258858,3.544429765,0,true,20260809
qk_transpose,llm,1,28,4,1,128,128,head_major,kji,7,13,290816,0.383486,2.392535842,0,true,20260809
probability_value,llm,1,28,4,1,128,128,token_major,jki,7,14,290816,1.468185,0.6249239708,0,true,20260809
qk_transpose,llm,1,28,4,1,128,128,head_major,jik,7,15,290816,0.381193,2.406927724,0,true,20260809
qk_transpose,llm,1,28,4,1,128,128,token_major,ijk,7,16,290816,0.383476,2.392598233,0,true,20260809
probability_value,llm,1,28,4,1,128,128,token_major,jik,7,17,290816,0.859801,1.067112041,0,true,20260809
probability_value,llm,1,28,4,1,128,128,token_major,ijk,7,18,290816,0.894504,1.025712574,0,true,20260809
probability_value,llm,1,28,4,1,128,128,token_major,ikj,7,19,290816,0.027642,33.19238839,0,true,20260809
qk_transpose,llm,1,28,4,1,128,128,token_major,jik,7,20,290816,0.380782,2.40952566,0,true,20260809
probability_value,llm,1,28,4,1,128,128,head_major,ikj,7,21,290816,0.031887,28.7736068,0,true,20260809
probability_value,llm,1,28,4,1,128,128,token_major,kji,7,22,290816,0.376415,2.437479909,0,true,20260809
probability_value,llm,1,28,4,1,128,128,head_major,kji,7,23,290816,0.375013,2.446592518,0,true,20260809
probability_value,llm,1,28,4,1,128,128,head_major,ikj,8,0,290816,0.030536,30.04663348,0,true,20260809
probability_value,llm,1,28,4,1,128,128,token_major,kij,8,1,290816,0.036886,24.87404435,0,true,20260809
probability_value,llm,1,28,4,1,128,128,token_major,ijk,8,2,290816,0.863677,1.062323068,0,true,20260809
probability_value,llm,1,28,4,1,128,128,head_major,kij,8,3,290816,0.035594,25.7769287,0,true,20260809
qk_transpose,llm,1,28,4,1,128,128,head_major,kji,8,4,290816,0.378749,2.422459201,0,true,20260809
probability_value,llm,1,28,4,1,128,128,token_major,ikj,8,5,290816,0.027902,32.88309082,0,true,20260809
qk_transpose,llm,1,28,4,1,128,128,head_major,ikj,8,6,290816,0.255424,3.592082185,0,true,20260809
qk_transpose,llm,1,28,4,1,128,128,head_major,jki,8,7,290816,1.440263,0.6370392074,0,true,20260809
probability_value,llm,1,28,4,1,128,128,head_major,jik,8,8,290816,0.395874,2.317666732,0,true,20260809
probability_value,llm,1,28,4,1,128,128,head_major,kji,8,9,290816,0.374973,2.446853507,0,true,20260809
qk_transpose,llm,1,28,4,1,128,128,token_major,ijk,8,10,290816,0.382625,2.397919634,0,true,20260809
probability_value,llm,1,28,4,1,128,128,head_major,jki,8,11,290816,1.470148,0.6240895474,0,true,20260809
probability_value,llm,1,28,4,1,128,128,head_major,ijk,8,12,290816,0.391128,2.345789614,0,true,20260809
qk_transpose,llm,1,28,4,1,128,128,token_major,ikj,8,13,290816,1.046552,0.8766922236,0,true,20260809
qk_transpose,llm,1,28,4,1,128,128,token_major,jki,8,14,290816,1.432011,0.6407101621,0,true,20260809
qk_transpose,llm,1,28,4,1,128,128,token_major,jik,8,15,290816,0.380632,2.41047521,0,true,20260809
probability_value,llm,1,28,4,1,128,128,token_major,jik,8,16,290816,0.862866,1.063321535,0,true,20260809
qk_transpose,llm,1,28,4,1,128,128,head_major,ijk,8,17,290816,0.381403,2.405602473,0,true,20260809
probability_value,llm,1,28,4,1,128,128,token_major,jki,8,18,290816,1.472701,0.6230076574,0,true,20260809
qk_transpose,llm,1,28,4,1,128,128,head_major,kij,8,19,290816,0.258528,3.548954078,0,true,20260809
qk_transpose,llm,1,28,4,1,128,128,token_major,kij,8,20,290816,1.029396,0.8913032497,0,true,20260809
probability_value,llm,1,28,4,1,128,128,token_major,kji,8,21,290816,0.378068,2.426822688,0,true,20260809
qk_transpose,llm,1,28,4,1,128,128,token_major,kji,8,22,290816,0.524899,1.747962941,0,true,20260809
qk_transpose,llm,1,28,4,1,128,128,head_major,jik,8,23,290816,0.387242,2.369329773,0,true,20260809
probability_value,llm,1,28,4,1,128,128,token_major,kji,9,0,290816,0.376586,2.436373099,0,true,20260809
qk_transpose,llm,1,28,4,1,128,128,token_major,ikj,9,1,290816,1.020573,0.8990086941,0,true,20260809
qk_transpose,llm,1,28,4,1,128,128,token_major,kij,9,2,290816,1.028204,0.8923365402,0,true,20260809
qk_transpose,llm,1,28,4,1,128,128,head_major,jik,9,3,290816,0.381302,2.406239674,0,true,20260809
qk_transpose,llm,1,28,4,1,128,128,token_major,ijk,9,4,290816,0.381873,2.402641716,0,true,20260809
qk_transpose,llm,1,28,4,1,128,128,head_major,jki,9,5,290816,1.435866,0.6389899893,0,true,20260809
qk_transpose,llm,1,28,4,1,128,128,token_major,kji,9,6,290816,0.516105,1.777746776,0,true,20260809
probability_value,llm,1,28,4,1,128,128,token_major,kij,9,7,290816,0.03974,23.08766985,0,true,20260809
probability_value,llm,1,28,4,1,128,128,head_major,jik,9,8,290816,0.396095,2.316373597,0,true,20260809
qk_transpose,llm,1,28,4,1,128,128,token_major,jik,9,9,290816,0.381663,2.403963706,0,true,20260809
probability_value,llm,1,28,4,1,128,128,token_major,ijk,9,10,290816,0.86578,1.05974266,0,true,20260809
probability_value,llm,1,28,4,1,128,128,head_major,jki,9,11,290816,1.473483,0.6226770177,0,true,20260809
probability_value,llm,1,28,4,1,128,128,token_major,jik,9,12,290816,0.868133,1.056870318,0,true,20260809
qk_transpose,llm,1,28,4,1,128,128,head_major,ikj,9,13,290816,0.255363,3.592940246,0,true,20260809
probability_value,llm,1,28,4,1,128,128,token_major,ikj,9,14,290816,0.028903,31.744248,0,true,20260809
probability_value,llm,1,28,4,1,128,128,head_major,ijk,9,15,290816,0.3927,2.336399287,0,true,20260809
probability_value,llm,1,28,4,1,128,128,head_major,kij,9,16,290816,0.035563,25.79939825,0,true,20260809
qk_transpose,llm,1,28,4,1,128,128,head_major,ijk,9,17,290816,0.382114,2.401126365,0,true,20260809
probability_value,llm,1,28,4,1,128,128,token_major,jki,9,18,290816,1.467514,0.6252097084,0,true,20260809
qk_transpose,llm,1,28,4,1,128,128,head_major,kji,9,19,290816,0.384227,2.387921723,0,true,20260809
qk_transpose,llm,1,28,4,1,128,128,token_major,jki,9,20,290816,1.433633,0.6399852682,0,true,20260809
qk_transpose,llm,1,28,4,1,128,128,head_major,kij,9,21,290816,0.258999,3.542500164,0,true,20260809
probability_value,llm,1,28,4,1,128,128,head_major,ikj,9,22,290816,0.031588,29.04596682,0,true,20260809
probability_value,llm,1,28,4,1,128,128,head_major,kji,9,23,290816,0.375143,2.445744689,0,true,20260809
probability_value,llm,1,28,4,1,512,128,head_major,ikj,0,0,1120256,0.126279,29.06275786,0,true,20260809
probability_value,llm,1,28,4,1,512,128,head_major,ijk,0,1,1120256,1.887364,1.944519446,0,true,20260809
probability_value,llm,1,28,4,1,512,128,token_major,ijk,0,2,1120256,3.400697,1.079195236,0,true,20260809
probability_value,llm,1,28,4,1,512,128,token_major,ikj,0,3,1120256,0.128513,28.55754671,0,true,20260809
qk_transpose,llm,1,28,4,1,512,128,token_major,ijk,0,4,1120256,1.541314,2.381095611,0,true,20260809
qk_transpose,llm,1,28,4,1,512,128,head_major,jki,0,5,1120256,5.734602,0.6399774562,0,true,20260809
qk_transpose,llm,1,28,4,1,512,128,head_major,kji,0,6,1120256,1.530459,2.397983873,0,true,20260809
qk_transpose,llm,1,28,4,1,512,128,token_major,kij,0,7,1120256,4.160348,0.8821415901,0,true,20260809
qk_transpose,llm,1,28,4,1,512,128,head_major,kij,0,8,1120256,1.029215,3.565839985,0,true,20260809
probability_value,llm,1,28,4,1,512,128,head_major,jik,0,9,1120256,1.896137,1.935522591,0,true,20260809
probability_value,llm,1,28,4,1,512,128,token_major,jki,0,10,1120256,6.37868,0.5753566569,0,true,20260809
probability_value,llm,1,28,4,1,512,128,head_major,kji,0,11,1120256,1.505692,2.437428106,0,true,20260809
qk_transpose,llm,1,28,4,1,512,128,head_major,ijk,0,12,1120256,1.525171,2.406298048,0,true,20260809
qk_transpose,llm,1,28,4,1,512,128,token_major,jki,0,13,1120256,5.787352,0.6341442511,0,true,20260809
qk_transpose,llm,1,28,4,1,512,128,token_major,kji,0,14,1120256,2.009168,1.826634707,0,true,20260809
qk_transpose,llm,1,28,4,1,512,128,token_major,ikj,0,15,1120256,4.145376,0.8853276518,0,true,20260809
probability_value,llm,1,28,4,1,512,128,head_major,kij,0,16,1120256,0.147251,24.92353872,0,true,20260809
qk_transpose,llm,1,28,4,1,512,128,head_major,ikj,0,17,1120256,1.027343,3.572337574,0,true,20260809
probability_value,llm,1,28,4,1,512,128,token_major,jik,0,18,1120256,3.408599,1.076693386,0,true,20260809
probability_value,llm,1,28,4,1,512,128,head_major,jki,0,19,1120256,6.332751,0.5795294967,0,true,20260809
probability_value,llm,1,28,4,1,512,128,token_major,kij,0,20,1120256,0.173851,21.11012304,0,true,20260809
probability_value,llm,1,28,4,1,512,128,token_major,kji,0,21,1120256,1.51839,2.417044369,0,true,20260809
qk_transpose,llm,1,28,4,1,512,128,token_major,jik,0,22,1120256,1.546503,2.373106292,0,true,20260809
qk_transpose,llm,1,28,4,1,512,128,head_major,jik,0,23,1120256,1.525591,2.405635586,0,true,20260809
probability_value,llm,1,28,4,1,512,128,head_major,kji,1,0,1120256,1.498621,2.448928715,0,true,20260809
qk_transpose,llm,1,28,4,1,512,128,token_major,ijk,1,1,1120256,1.537039,2.387718204,0,true,20260809
qk_transpose,llm,1,28,4,1,512,128,token_major,ikj,1,2,1120256,4.132226,0.8881450337,0,true,20260809
probability_value,llm,1,28,4,1,512,128,token_major,kij,1,3,1120256,0.175624,20.89700724,0,true,20260809
probability_value,llm,1,28,4,1,512,128,head_major,ikj,1,4,1120256,0.127151,28.86344582,0,true,20260809
probability_value,llm,1,28,4,1,512,128,head_major,jik,1,5,1120256,1.889568,1.942251351,0,true,20260809
qk_transpose,llm,1,28,4,1,512,128,head_major,kij,1,6,1120256,1.036096,3.542158256,0,true,20260809
qk_transpose,llm,1,28,4,1,512,128,token_major,jki,1,7,1120256,5.778749,0.635088321,0,true,20260809
probability_value,llm,1,28,4,1,512,128,token_major,jik,1,8,1120256,3.400036,1.079405042,0,true,20260809
qk_transpose,llm,1,28,4,1,512,128,head_major,jik,1,9,1120256,1.526393,2.404371613,0,true,20260809
qk_transpose,llm,1,28,4,1,512,128,head_major,ijk,1,10,1120256,1.53134,2.396604281,0,true,20260809
probability_value,llm,1,28,4,1,512,128,token_major,ijk,1,11,1120256,3.400978,1.079106069,0,true,20260809
probability_value,llm,1,28,4,1,512,128,head_major,kij,1,12,1120256,0.149083,24.61726689,0,true,20260809
probability_value,llm,1,28,4,1,512,128,token_major,ikj,1,13,1120256,0.129675,28.30164642,0,true,20260809
qk_transpose,llm,1,28,4,1,512,128,token_major,kji,1,14,1120256,1.989087,1.845075655,0,true,20260809
qk_transpose,llm,1,28,4,1,512,128,head_major,kji,1,15,1120256,1.530759,2.397513913,0,true,20260809
probability_value,llm,1,28,4,1,512,128,token_major,jki,1,16,1120256,6.357909,0.5772363209,0,true,20260809
probability_value,llm,1,28,4,1,512,128,head_major,jki,1,17,1120256,6.341404,0.5787387146,0,true,20260809
qk_transpose,llm,1,28,4,1,512,128,token_major,kij,1,18,1120256,4.145926,0.8852102039,0,true,20260809
qk_transpose,llm,1,28,4,1,512,128,token_major,jik,1,19,1120256,1.527935,2.401945109,0,true,20260809
qk_transpose,llm,1,28,4,1,512,128,head_major,jki,1,20,1120256,5.740572,0.6393119013,0,true,20260809
probability_value,llm,1,28,4,1,512,128,token_major,kji,1,21,1120256,1.54459,2.376045423,0,true,20260809
qk_transpose,llm,1,28,4,1,512,128,head_major,ikj,1,22,1120256,1.024238,3.583167194,0,true,20260809
probability_value,llm,1,28,4,1,512,128,head_major,ijk,1,23,1120256,1.893534,1.938183312,0,true,20260809
qk_transpose,llm,1,28,4,1,512,128,head_major,jik,2,0,1120256,1.526573,2.404088111,0,true,20260809
qk_transpose,llm,1,28,4,1,512,128,head_major,ikj,2,1,1120256,1.018209,3.604383776,0,true,20260809
probability_value,llm,1,28,4,1,512,128,head_major,jik,2,2,1120256,2.014576,1.821731223,0,true,20260809
probability_value,llm,1,28,4,1,512,128,head_major,ikj,2,3,1120256,0.12605,29.11555732,0,true,20260809
qk_transpose,llm,1,28,4,1,512,128,token_major,ikj,2,4,1120256,4.14787,0.8847953287,0,true,20260809
probability_value,llm,1,28,4,1,512,128,token_major,ijk,2,5,1120256,3.428929,1.070309709,0,true,20260809
probability_value,llm,1,28,4,1,512,128,head_major,jki,2,6,1120256,6.328584,0.5799110828,0,true,20260809
probability_value,llm,1,28,4,1,512,128,head_major,kji,2,7,1120256,1.503548,2.440903782,0,true,20260809
probability_value,llm,1,28,4,1,512,128,token_major,jik,2,8,1120256,3.405234,1.077757358,0,true,20260809
qk_transpose,llm,1,28,4,1,512,128,token_major,jik,2,9,1120256,1.540423,2.382472866,0,true,20260809
qk_transpose,llm,1,28,4,1,512,128,token_major,ijk,2,10,1120256,1.528366,2.401267759,0,true,20260809
qk_transpose,llm,1,28,4,1,512,128,head_major,kji,2,11,1120256,1.547073,2.37223195,0,true,20260809
probability_value,llm,1,28,4,1,512,128,head_major,kij,2,12,1120256,0.14619,25.10442575,0,true,20260809
qk_transpose,llm,1,28,4,1,512,128,token_major,jki,2,13,1120256,5.781683,0.6347660361,0,true,20260809
probability_value,llm,1,28,4,1,512,128,head_major,ijk,2,14,1120256,1.892222,1.93952718,0,true,20260809
probability_value,llm,1,28,4,1,512,128,token_major,kij,2,15,1120256,0.180731,20.30651078,0,true,20260809
qk_transpose,llm,1,28,4,1,512,128,token_major,kji,2,16,1120256,1.981166,1.852452546,0,true,20260809
qk_transpose,llm,1,28,4,1,512,128,token_major,kij,2,17,1120256,4.142492,0.8859440163,0,true,20260809
probability_value,llm,1,28,4,1,512,128,token_major,jki,2,18,1120256,6.373823,0.5757950919,0,true,20260809
qk_transpose,llm,1,28,4,1,512,128,head_major,jki,2,19,1120256,5.732549,0.6402066515,0,true,20260809
probability_value,llm,1,28,4,1,512,128,token_major,ikj,2,20,1120256,0.140551,26.11163208,0,true,20260809
qk_transpose,llm,1,28,4,1,512,128,head_major,ijk,2,21,1120256,1.530067,2.398598231,0,true,20260809
probability_value,llm,1,28,4,1,512,128,token_major,kji,2,22,1120256,1.523188,2.409430747,0,true,20260809
qk_transpose,llm,1,28,4,1,512,128,head_major,kij,2,23,1120256,1.034133,3.54888201,0,true,20260809
probability_value,llm,1,28,4,1,512,128,token_major,ikj,3,0,1120256,0.128884,28.47534217,0,true,20260809
probability_value,llm,1,28,4,1,512,128,head_major,jki,3,1,1120256,6.337588,0.5790871859,0,true,20260809
qk_transpose,llm,1,28,4,1,512,128,token_major,jik,3,2,1120256,1.556858,2.357322248,0,true,20260809
probability_value,llm,1,28,4,1,512,128,head_major,kji,3,3,1120256,1.498601,2.448961398,0,true,20260809
qk_transpose,llm,1,28,4,1,512,128,token_major,ikj,3,4,1120256,4.135902,0.8873556482,0,true,20260809
qk_transpose,llm,1,28,4,1,512,128,head_major,kij,3,5,1120256,1.029987,3.563167302,0,true,20260809
probability_value,llm,1,28,4,1,512,128,token_major,jik,3,6,1120256,3.419796,1.073168107,0,true,20260809
probability_value,llm,1,28,4,1,512,128,token_major,jki,3,7,1120256,6.35816,0.5772135335,0,true,20260809
probability_value,llm,1,28,4,1,512,128,head_major,ikj,3,8,1120256,0.127442,28.79753927,0,true,20260809
probability_value,llm,1,28,4,1,512,128,token_major,kij,3,9,1120256,0.164718,22.28060078,0,true,20260809
qk_transpose,llm,1,28,4,1,512,128,head_major,kji,3,10,1120256,1.526392,2.404373189,0,true,20260809
qk_transpose,llm,1,28,4,1,512,128,head_major,jki,3,11,1120256,5.740381,0.6393331732,0,true,20260809
probability_value,llm,1,28,4,1,512,128,head_major,kij,3,12,1120256,0.143385,25.59553649,0,true,20260809
qk_transpose,llm,1,28,4,1,512,128,token_major,kij,3,13,1120256,4.156242,0.8830130681,0,true,20260809
qk_transpose,llm,1,28,4,1,512,128,head_major,jik,3,14,1120256,1.526393,2.404371613,0,true,20260809
qk_transpose,llm,1,28,4,1,512,128,token_major,kji,3,15,1120256,2.001676,1.833471551,0,true,20260809
probability_value,llm,1,28,4,1,512,128,token_major,ijk,3,16,1120256,3.403982,1.078153762,0,true,20260809
qk_transpose,llm,1,28,4,1,512,128,token_major,ijk,3,17,1120256,1.5381,2.386071127,0,true,20260809
probability_value,llm,1,28,4,1,512,128,token_major,kji,3,18,1120256,1.527484,2.402654299,0,true,20260809
qk_transpose,llm,1,28,4,1,512,128,head_major,ikj,3,19,1120256,1.040673,3.526579435,0,true,20260809
probability_value,llm,1,28,4,1,512,128,head_major,jik,3,20,1120256,1.891911,1.939846008,0,true,20260809
probability_value,llm,1,28,4,1,512,128,head_major,ijk,3,21,1120256,1.883238,1.948779708,0,true,20260809
qk_transpose,llm,1,28,4,1,512,128,token_major,jki,3,22,1120256,5.785038,0.6343979072,0,true,20260809
qk_transpose,llm,1,28,4,1,512,128,head_major,ijk,3,23,1120256,1.525041,2.406503169,0,true,20260809
qk_transpose,llm,1,28,4,1,512,128,head_major,ijk,4,0,1120256,1.530548,2.397844432,0,true,20260809
probability_value,llm,1,28,4,1,512,128,token_major,jik,4,1,1120256,3.417022,1.074039324,0,true,20260809
qk_transpose,llm,1,28,4,1,512,128,token_major,ikj,4,2,1120256,4.138596,0.8867780281,0,true,20260809
probability_value,llm,1,28,4,1,512,128,head_major,ikj,4,3,1120256,0.130826,28.05265008,0,true,20260809
probability_value,llm,1,28,4,1,512,128,token_major,ikj,4,4,1120256,0.13302,27.5899564,0,true,20260809
qk_transpose,llm,1,28,4,1,512,128,head_major,kji,4,5,1120256,1.525311,2.406077187,0,true,20260809
qk_transpose,llm,1,28,4,1,512,128,token_major,ijk,4,6,1120256,1.533322,2.393506387,0,true,20260809
probability_value,llm,1,28,4,1,512,128,head_major,jki,4,7,1120256,6.330137,0.5797688107,0,true,20260809
qk_transpose,llm,1,28,4,1,512,128,head_major,jik,4,8,1120256,1.526352,2.404436198,0,true,20260809
qk_transpose,llm,1,28,4,1,512,128,token_major,kji,4,9,1120256,1.990389,1.843868711,0,true,20260809
qk_transpose,llm,1,28,4,1,512,128,head_major,ikj,4,10,1120256,1.020292,3.597025165,0,true,20260809
probability_value,llm,1,28,4,1,512,128,head_major,kij,4,11,1120256,0.142284,25.79359591,0,true,20260809
qk_transpose,llm,1,28,4,1,512,128,token_major,jki,4,12,1120256,5.797767,0.6330050863,0,true,20260809
probability_value,llm,1,28,4,1,512,128,head_major,ijk,4,13,1120256,1.886784,1.945117194,0,true,20260809
probability_value,llm,1,28,4,1,512,128,head_major,kji,4,14,1120256,1.507534,2.434449903,0,true,20260809
qk_transpose,llm,1,28,4,1,512,128,token_major,kij,4,15,1120256,4.143753,0.8856744116,0,true,20260809
probability_value,llm,1,28,4,1,512,128,head_major,jik,4,16,1120256,1.887265,1.94462145,0,true,20260809
qk_transpose,llm,1,28,4,1,512,128,head_major,kij,4,17,1120256,1.02511,3.580119207,0,true,20260809
probability_value,llm,1,28,4,1,512,128,token_major,ijk,4,18,1120256,3.419215,1.073350462,0,true,20260809
probability_value,llm,1,28,4,1,512,128,token_major,kji,4,19,1120256,1.619632,2.265956711,0,true,20260809
qk_transpose,llm,1,28,4,1,512,128,head_major,jki,4,20,1120256,5.734162,0.6400265636,0,true,20260809
probability_value,llm,1,28,4,1,512,128,token_major,jki,4,21,1120256,6.399601,0.5734757526,0,true,20260809
qk_transpose,llm,1,28,4,1,512,128,token_major,jik,4,22,1120256,1.545971,2.373922926,0,true,20260809
probability_value,llm,1,28,4,1,512,128,token_major,kij,4,23,1120256,0.16613,22.09122976,0,true,20260809
qk_transpose,llm,1,28,4,1,512,128,token_major,kji,5,0,1120256,2.005221,1.830230184,0,true,20260809
probability_value,llm,1,28,4,1,512,128,head_major,ijk,5,1,1120256,1.887555,1.944322682,0,true,20260809
qk_transpose,llm,1,28,4,1,512,128,head_major,ijk,5,2,1120256,1.525431,2.40588791,0,true,20260809
probability_value,llm,1,28,4,1,512,128,head_major,kij,5,3,1120256,0.147781,24.83415324,0,true,20260809
probability_value,llm,1,28,4,1,512,128,head_major,jki,5,4,1120256,6.324979,0.5802416103,0,true,20260809
probability_value,llm,1,28,4,1,512,128,token_major,kji,5,5,1120256,1.543448,2.377803463,0,true,20260809
qk_transpose,llm,1,28,4,1,512,128,token_major,jik,5,6,1120256,1.536217,2.388995825,0,true,20260809
qk_transpose,llm,1,28,4,1,512,128,head_major,jik,5,7,1120256,1.526613,2.40402512,0,true,20260809
qk_transpose,llm,1,28,4,1,512,128,token_major,kij,5,8,1120256,4.144845,0.885441072,0,true,20260809
probability_value,llm,1,28,4,1,512,128,head_major,ikj,5,9,1120256,0.129615,28.31474752,0,true,20260809
qk_transpose,llm,1,28,4,1,512,128,head_major,ikj,5,10,1120256,1.032721,3.553734261,0,true,20260809
probability_value,llm,1,28,4,1,512,128,token_major,ijk,5,11,1120256,3.405504,1.07767191,0,true,20260809
probability_value,llm,1,28,4,1,512,128,token_major,jki,5,12,1120256,6.353442,0.5776421662,0,true,20260809
probability_value,llm,1,28,4,1,512,128,token_major,jik,5,13,1120256,3.382179,1.085104011,0,true,20260809
probability_value,llm,1,28,4,1,512,128,head_major,kji,5,14,1120256,1.498941,2.448405908,0,true,20260809
qk_transpose,llm,1,28,4,1,512,128,token_major,ijk,5,15,1120256,1.546963,2.372400633,0,true,20260809
probability_value,llm,1,28,4,1,512,128,head_major,jik,5,16,1120256,1.889317,1.942509383,0,true,20260809
qk_transpose,llm,1,28,4,1,512,128,token_major,jki,5,17,1120256,5.782655,0.634659339,0,true,20260809
probability_value,llm,1,28,4,1,512,128,token_major,ikj,5,18,1120256,0.144296,25.43394134,0,true,20260809
qk_transpose,llm,1,28,4,1,512,128,head_major,jki,5,19,1120256,5.734793,0.6399561414,0,true,20260809
qk_transpose,llm,1,28,4,1,512,128,head_major,kij,5,20,1120256,1.023718,3.584987272,0,true,20260809
probability_value,llm,1,28,4,1,512,128,token_major,kij,5,21,1120256,0.170816,21.48520045,0,true,20260809
qk_transpose,llm,1,28,4,1,512,128,token_major,ikj,5,22,1120256,4.133398,0.8878932055,0,true,20260809
qk_transpose,llm,1,28,4,1,512,128,head_major,kji,5,23,1120256,1.523098,2.40957312,0,true,20260809
probability_value,llm,1,28,4,1,512,128,head_major,jik,6,0,1120256,1.890389,1.941407827,0,true,20260809
probability_value,llm,1,28,4,1,512,128,token_major,jki,6,1,1120256,6.375896,0.5756078832,0,true,20260809
probability_value,llm,1,28,4,1,512,128,head_major,kij,6,2,1120256,0.142424,25.76824131,0,true,20260809
qk_transpose,llm,1,28,4,1,512,128,head_major,ikj,6,3,1120256,1.024589,3.581939685,0,true,20260809
probability_value,llm,1,28,4,1,512,128,token_major,ikj,6,4,1120256,0.132419,27.71517683,0,true,20260809
probability_value,llm,1,28,4,1,512,128,token_major,kij,6,5,1120256,0.15968,22.98356713,0,true,20260809
qk_transpose,llm,1,28,4,1,512,128,token_major,kij,6,6,1120256,4.149682,0.884408974,0,true,20260809
probability_value,llm,1,28,4,1,512,128,head_major,jki,6,7,1120256,6.329777,0.5798017845,0,true,20260809
qk_transpose,llm,1,28,4,1,512,128,head_major,jki,6,8,1120256,5.770446,0.6360021392,0,true,20260809
qk_transpose,llm,1,28,4,1,512,128,head_major,jik,6,9,1120256,1.534324,2.391943292,0,true,20260809
probability_value,llm,1,28,4,1,512,128,head_major,ijk,6,10,1120256,1.886173,1.945747288,0,true,20260809
qk_transpose,llm,1,28,4,1,512,128,token_major,ijk,6,11,1120256,1.549767,2.368108238,0,true,20260809
probability_value,llm,1,28,4,1,512,128,head_major,kji,6,12,1120256,1.498801,2.448634609,0,true,20260809
qk_transpose,llm,1,28,4,1,512,128,head_major,kji,6,13,1120256,1.527624,2.402434107,0,true,20260809
qk_transpose,llm,1,28,4,1,512,128,token_major,kji,6,14,1120256,1.988075,1.846014864,0,true,20260809
probability_value,llm,1,28,4,1,512,128,token_major,ijk,6,15,1120256,3.395359,1.080891888,0,true,20260809
probability_value,llm,1,28,4,1,512,128,token_major,kji,6,16,1120256,1.518901,2.416231209,0,true,20260809
qk_transpose,llm,1,28,4,1,512,128,token_major,jik,6,17,1120256,1.537529,2.386957254,0,true,20260809
probability_value,llm,1,28,4,1,512,128,head_major,ikj,6,18,1120256,0.130005,28.22980655,0,true,20260809
qk_transpose,llm,1,28,4,1,512,128,head_major,kij,6,19,1120256,1.030427,3.561645803,0,true,20260809
qk_transpose,llm,1,28,4,1,512,128,token_major,ikj,6,20,1120256,4.132387,0.8881104311,0,true,20260809
qk_transpose,llm,1,28,4,1,512,128,head_major,ijk,6,21,1120256,1.525431,2.40588791,0,true,20260809
qk_transpose,llm,1,28,4,1,512,128,token_major,jki,6,22,1120256,5.781233,0.6348154451,0,true,20260809
probability_value,llm,1,28,4,1,512,128,token_major,jik,6,23,1120256,3.408429,1.076747088,0,true,20260809
probability_value,llm,1,28,4,1,512,128,token_major,kij,7,0,1120256,0.162234,22.6217439,0,true,20260809
qk_transpose,llm,1,28,4,1,512,128,token_major,kji,7,1,1120256,1.992423,1.841986365,0,true,20260809
qk_transpose,llm,1,28,4,1,512,128,head_major,kij,7,2,1120256,1.030548,3.561227619,0,true,20260809
qk_transpose,llm,1,28,4,1,512,128,head_major,kji,7,3,1120256,1.524811,2.406866162,0,true,20260809
qk_transpose,llm,1,28,4,1,512,128,token_major,ikj,7,4,1120256,4.13502,0.8875449212,0,true,20260809
qk_transpose,llm,1,28,4,1,512,128,head_major,ijk,7,5,1120256,1.52545,2.405857944,0,true,20260809
qk_transpose,llm,1,28,4,1,512,128,token_major,kij,7,6,1120256,4.146557,0.8850754976,0,true,20260809
qk_transpose,llm,1,28,4,1,512,128,head_major,jki,7,7,1120256,5.743867,0.6389451566,0,true,20260809
probability_value,llm,1,28,4,1,512,128,token_major,ijk,7,8,1120256,3.41628,1.074272601,0,true,20260809
probability_value,llm,1,28,4,1,512,128,token_major,jik,7,9,1120256,3.436381,1.067988678,0,true,20260809
probability_value,llm,1,28,4,1,512,128,token_major,kji,7,10,1120256,1.5247,2.407041385,0,true,20260809
qk_transpose,llm,1,28,4,1,512,128,token_major,jki,7,11,1120256,5.787742,0.6341015201,0,true,20260809
probability_value,llm,1,28,4,1,512,128,head_major,jik,7,12,1120256,1.91083,1.920639722,0,true,20260809
qk_transpose,llm,1,28,4,1,512,128,head_major,ikj,7,13,1120256,1.027994,3.570075312,0,true,20260809
probability_value,llm,1,28,4,1,512,128,head_major,kji,7,14,1120256,1.509437,2.431380707,0,true,20260809
qk_transpose,llm,1,28,4,1,512,128,token_major,jik,7,15,1120256,1.528145,2.40161503,0,true,20260809
probability_value,llm,1,28,4,1,512,128,head_major,ijk,7,16,1120256,1.885522,1.946419082,0,true,20260809
qk_transpose,llm,1,28,4,1,512,128,token_major,ijk,7,17,1120256,1.548666,2.369791808,0,true,20260809
probability_value,llm,1,28,4,1,512,128,head_major,kij,7,18,1120256,0.142374,25.7772908,0,true,20260809
probability_value,llm,1,28,4,1,512,128,token_major,ikj,7,19,1120256,0.164747,22.27667879,0,true,20260809
probability_value,llm,1,28,4,1,512,128,token_major,jki,7,20,1120256,6.349215,0.5780267324,0,true,20260809
probability_value,llm,1,28,4,1,512,128,head_major,ikj,7,21,1120256,0.128373,28.58869077,0,true,20260809
probability_value,llm,1,28,4,1,512,128,head_major,jki,7,22,1120256,6.330598,0.5797265914,0,true,20260809
qk_transpose,llm,1,28,4,1,512,128,head_major,jik,7,23,1120256,1.525701,2.405462145,0,true,20260809
qk_transpose,llm,1,28,4,1,512,128,token_major,kji,8,0,1120256,2.01046,1.82546084,0,true,20260809
qk_transpose,llm,1,28,4,1,512,128,head_major,ijk,8,1,1120256,1.525181,2.406282271,0,true,20260809
qk_transpose,llm,1,28,4,1,512,128,token_major,jki,8,2,1120256,5.787572,0.6341201457,0,true,20260809
probability_value,llm,1,28,4,1,512,128,head_major,ijk,8,3,1120256,1.888206,1.943652335,0,true,20260809
probability_value,llm,1,28,4,1,512,128,head_major,jik,8,4,1120256,1.890619,1.941171648,0,true,20260809
qk_transpose,llm,1,28,4,1,512,128,token_major,jik,8,5,1120256,1.530208,2.398377214,0,true,20260809
probability_value,llm,1,28,4,1,512,128,token_major,ijk,8,6,1120256,3.425925,1.071248203,0,true,20260809
probability_value,llm,1,28,4,1,512,128,token_major,kji,8,7,1120256,1.520574,2.413572769,0,true,20260809
probability_value,llm,1,28,4,1,512,128,head_major,kji,8,8,1120256,1.536578,2.38843456,0,true,20260809
probability_value,llm,1,28,4,1,512,128,head_major,kij,8,9,1120256,0.142144,25.81900045,0,true,20260809
qk_transpose,llm,1,28,4,1,512,128,head_major,kij,8,10,1120256,1.033332,3.55163297,0,true,20260809
probability_value,llm,1,28,4,1,512,128,head_major,ikj,8,11,1120256,0.12663,28.98220011,0,true,20260809
qk_transpose,llm,1,28,4,1,512,128,head_major,jik,8,12,1120256,1.531339,2.396605846,0,true,20260809
qk_transpose,llm,1,28,4,1,512,128,token_major,kij,8,13,1120256,4.147098,0.8849600371,0,true,20260809
qk_transpose,llm,1,28,4,1,512,128,head_major,kji,8,14,1120256,1.527805,2.402149489,0,true,20260809
qk_transpose,llm,1,28,4,1,512,128,head_major,jki,8,15,1120256,5.732709,0.6401887833,0,true,20260809
probability_value,llm,1,28,4,1,512,128,token_major,jki,8,16,1120256,6.387132,0.5745952957,0,true,20260809
probability_value,llm,1,28,4,1,512,128,token_major,jik,8,17,1120256,3.384984,1.084204829,0,true,20260809
probability_value,llm,1,28,4,1,512,128,token_major,kij,8,18,1120256,0.161062,22.78635556,0,true,20260809
qk_transpose,llm,1,28,4,1,512,128,token_major,ikj,8,19,1120256,4.139777,0.8865250471,0,true,20260809
qk_transpose,llm,1,28,4,1,512,128,head_major,ikj,8,20,1120256,1.029006,3.566564238,0,true,20260809
probability_value,llm,1,28,4,1,512,128,token_major,ikj,8,21,1120256,0.134502,27.28595857,0,true,20260809
qk_transpose,llm,1,28,4,1,512,128,token_major,ijk,8,22,1120256,1.536107,2.3891669,0,true,20260809
probability_value,llm,1,28,4,1,512,128,head_major,jki,8,23,1120256,6.333893,0.5794250077,0,true,20260809
qk_transpose,llm,1,28,4,1,512,128,head_major,ijk,9,0,1120256,1.534724,2.391319872,0,true,20260809
qk_transpose,llm,1,28,4,1,512,128,token_major,ijk,9,1,1120256,1.534325,2.391941733,0,true,20260809
probability_value,llm,1,28,4,1,512,128,head_major,jki,9,2,1120256,6.333983,0.5794167746,0,true,20260809
probability_value,llm,1,28,4,1,512,128,token_major,ikj,9,3,1120256,0.149214,24.59565456,0,true,20260809
qk_transpose,llm,1,28,4,1,512,128,head_major,jik,9,4,1120256,1.526413,2.40434011,0,true,20260809
qk_transpose,llm,1,28,4,1,512,128,head_major,jki,9,5,1120256,5.745899,0.6387191978,0,true,20260809
qk_transpose,llm,1,28,4,1,512,128,head_major,kij,9,6,1120256,1.032481,3.554560326,0,true,20260809
qk_transpose,llm,1,28,4,1,512,128,head_major,kji,9,7,1120256,1.521575,2.41198495,0,true,20260809
probability_value,llm,1,28,4,1,512,128,token_major,kij,9,8,1120256,0.176826,20.75495685,0,true,20260809
qk_transpose,llm,1,28,4,1,512,128,token_major,kji,9,9,1120256,1.998781,1.836127119,0,true,20260809
qk_transpose,llm,1,28,4,1,512,128,token_major,jik,9,10,1120256,1.526803,2.403725955,0,true,20260809
probability_value,llm,1,28,4,1,512,128,head_major,ijk,9,11,1120256,1.896628,1.935021522,0,true,20260809
probability_value,llm,1,28,4,1,512,128,head_major,ikj,9,12,1120256,0.12644,29.02575134,0,true,20260809
qk_transpose,llm,1,28,4,1,512,128,head_major,ikj,9,13,1120256,1.02559,3.578443628,0,true,20260809
probability_value,llm,1,28,4,1,512,128,token_major,kji,9,14,1120256,1.53091,2.397277436,0,true,20260809
qk_transpose,llm,1,28,4,1,512,128,token_major,jki,9,15,1120256,5.790786,0.6337681966,0,true,20260809
probability_value,llm,1,28,4,1,512,128,head_major,kij,9,16,1120256,0.145679,25.19248485,0,true,20260809
probability_value,llm,1,28,4,1,512,128,token_major,jik,9,17,1120256,3.401579,1.07891541,0,true,20260809
probability_value,llm,1,28,4,1,512,128,head_major,jik,9,18,1120256,1.886513,1.945396613,0,true,20260809
probability_value,llm,1,28,4,1,512,128,token_major,ijk,9,19,1120256,3.417823,1.073787613,0,true,20260809
qk_transpose,llm,1,28,4,1,512,128,token_major,ikj,9,20,1120256,4.140389,0.8863940079,0,true,20260809
qk_transpose,llm,1,28,4,1,512,128,token_major,kij,9,21,1120256,4.15507,0.8832621352,0,true,20260809
probability_value,llm,1,28,4,1,512,128,token_major,jki,9,22,1120256,6.379091,0.5753195871,0,true,20260809
probability_value,llm,1,28,4,1,512,128,head_major,kji,9,23,1120256,1.498881,2.448503917,0,true,20260809
qk_transpose,llm,1,28,4,16,128,128,token_major,kji,0,0,720896,4.005486,3.664989467,0,true,20260809
probability_value,llm,1,28,4,16,128,128,head_major,ikj,0,1,720896,0.717578,20.45779553,0,true,20260809
probability_value,llm,1,28,4,16,128,128,token_major,kji,0,2,720896,2.907557,5.048934208,0,true,20260809
probability_value,llm,1,28,4,16,128,128,token_major,kij,0,3,720896,0.499941,29.3635929,0,true,20260809
probability_value,llm,1,28,4,16,128,128,token_major,jki,0,4,720896,4.004384,3.665998066,0,true,20260809
qk_transpose,llm,1,28,4,16,128,128,head_major,kij,0,5,720896,4.140087,3.545834665,0,true,20260809
probability_value,llm,1,28,4,16,128,128,token_major,jik,0,6,720896,14.434588,1.017006097,0,true,20260809
qk_transpose,llm,1,28,4,16,128,128,token_major,ijk,0,7,720896,6.180533,2.375210034,0,true,20260809
qk_transpose,llm,1,28,4,16,128,128,head_major,jki,0,8,720896,2.89613,5.068855335,0,true,20260809
probability_value,llm,1,28,4,16,128,128,head_major,kij,0,9,720896,0.50616,29.00281334,0,true,20260809
probability_value,llm,1,28,4,16,128,128,head_major,ijk,0,10,720896,6.198479,2.368333264,0,true,20260809
qk_transpose,llm,1,28,4,16,128,128,token_major,jki,0,11,720896,2.917291,5.032087646,0,true,20260809
probability_value,llm,1,28,4,16,128,128,head_major,jki,0,12,720896,2.924842,5.019096416,0,true,20260809
qk_transpose,llm,1,28,4,16,128,128,head_major,kji,0,13,720896,2.902269,5.058133481,0,true,20260809
qk_transpose,llm,1,28,4,16,128,128,token_major,ikj,0,14,720896,16.408193,0.8946788961,0,true,20260809
qk_transpose,llm,1,28,4,16,128,128,token_major,kij,0,15,720896,16.782014,0.8747498363,0,true,20260809
probability_value,llm,1,28,4,16,128,128,head_major,kji,0,16,720896,2.903941,5.055221163,0,true,20260809
qk_transpose,llm,1,28,4,16,128,128,head_major,ijk,0,17,720896,6.156476,2.384491388,0,true,20260809
probability_value,llm,1,28,4,16,128,128,head_major,jik,0,18,720896,6.263638,2.343696108,0,true,20260809
probability_value,llm,1,28,4,16,128,128,token_major,ijk,0,19,720896,14.125104,1.039288914,0,true,20260809
qk_transpose,llm,1,28,4,16,128,128,head_major,jik,0,20,720896,6.148464,2.387598594,0,true,20260809
qk_transpose,llm,1,28,4,16,128,128,token_major,jik,0,21,720896,6.160873,2.382789582,0,true,20260809
probability_value,llm,1,28,4,16,128,128,token_major,ikj,0,22,720896,0.717107,20.47123233,0,true,20260809
qk_transpose,llm,1,28,4,16,128,128,head_major,ikj,0,23,720896,4.077764,3.600027858,0,true,20260809
qk_transpose,llm,1,28,4,16,128,128,token_major,kij,1,0,720896,16.866922,0.8703463501,0,true,20260809
probability_value,llm,1,28,4,16,128,128,token_major,jki,1,1,720896,4.030333,3.64239481,0,true,20260809
qk_transpose,llm,1,28,4,16,128,128,token_major,jik,1,2,720896,6.188936,2.371985104,0,true,20260809
probability_value,llm,1,28,4,16,128,128,head_major,kji,1,3,720896,2.897842,5.065860734,0,true,20260809
probability_value,llm,1,28,4,16,128,128,head_major,kij,1,4,720896,0.498659,29.43908362,0,true,20260809
probability_value,llm,1,28,4,16,128,128,token_major,ijk,1,5,720896,14.104653,1.040795828,0,true,20260809
qk_transpose,llm,1,28,4,16,128,128,token_major,jki,1,6,720896,2.930732,5.009009353,0,true,20260809
probability_value,llm,1,28,4,16,128,128,token_major,ikj,1,7,720896,0.713161,20.58450196,0,true,20260809
probability_value,llm,1,28,4,16,128,128,head_major,ikj,1,8,720896,0.719901,20.39178165,0,true,20260809
qk_transpose,llm,1,28,4,16,128,128,head_major,jik,1,9,720896,6.144267,2.389229505,0,true,20260809
qk_transpose,llm,1,28,4,16,128,128,head_major,jki,1,10,720896,2.928458,5.012898939,0,true,20260809
probability_value,llm,1,28,4,16,128,128,token_major,jik,1,11,720896,14.50215,1.012268112,0,true,20260809
qk_transpose,llm,1,28,4,16,128,128,head_major,kij,1,12,720896,4.169552,3.520777292,0,true,20260809
probability_value,llm,1,28,4,16,128,128,head_major,jik,1,13,720896,6.229837,2.356412214,0,true,20260809
probability_value,llm,1,28,4,16,128,128,head_major,jki,1,14,720896,2.927627,5.014321838,0,true,20260809
qk_transpose,llm,1,28,4,16,128,128,head_major,ikj,1,15,720896,4.172817,3.518022477,0,true,20260809
qk_transpose,llm,1,28,4,16,128,128,head_major,kji,1,16,720896,2.90326,5.056406936,0,true,20260809
probability_value,llm,1,28,4,16,128,128,token_major,kij,1,17,720896,0.508925,28.84524046,0,true,20260809
qk_transpose,llm,1,28,4,16,128,128,head_major,ijk,1,18,720896,6.161954,2.382371566,0,true,20260809
probability_value,llm,1,28,4,16,128,128,head_major,ijk,1,19,720896,6.201734,2.367090236,0,true,20260809
qk_transpose,llm,1,28,4,16,128,128,token_major,kji,1,20,720896,4.020468,3.651332133,0,true,20260809
qk_transpose,llm,1,28,4,16,128,128,token_major,ikj,1,21,720896,16.395413,0.895376286,0,true,20260809
qk_transpose,llm,1,28,4,16,128,128,token_major,ijk,1,22,720896,6.179871,2.375464472,0,true,20260809
probability_value,llm,1,28,4,16,128,128,token_major,kji,1,23,720896,2.959816,4.959789392,0,true,20260809
probability_value,llm,1,28,4,16,128,128,head_major,jki,2,0,720896,2.930181,5.009951262,0,true,20260809
probability_value,llm,1,28,4,16,128,128,token_major,ikj,2,1,720896,0.712109,20.61491148,0,true,20260809
probability_value,llm,1,28,4,16,128,128,head_major,ikj,2,2,720896,0.716566,20.4866879,0,true,20260809
qk_transpose,llm,1,28,4,16,128,128,head_major,ikj,2,3,720896,4.075781,3.601779389,0,true,20260809
qk_transpose,llm,1,28,4,16,128,128,token_major,jki,2,4,720896,2.912585,5.040218225,0,true,20260809
probability_value,llm,1,28,4,16,128,128,head_major,kji,2,5,720896,2.898704,5.064354277,0,true,20260809
probability_value,llm,1,28,4,16,128,128,head_major,jik,2,6,720896,6.21922,2.36043491,0,true,20260809
probability_value,llm,1,28,4,16,128,128,token_major,jki,2,7,720896,4.026226,3.646110278,0,true,20260809
qk_transpose,llm,1,28,4,16,128,128,token_major,kji,2,8,720896,4.013908,3.657299569,0,true,20260809
probability_value,llm,1,28,4,16,128,128,head_major,ijk,2,9,720896,6.207894,2.364741408,0,true,20260809
qk_transpose,llm,1,28,4,16,128,128,head_major,jki,2,10,720896,2.900867,5.060578096,0,true,20260809
probability_value,llm,1,28,4,16,128,128,head_major,kij,2,11,720896,0.498969,29.42079368,0,true,20260809
qk_transpose,llm,1,28,4,16,128,128,token_major,ijk,2,12,720896,6.164649,2.381330064,0,true,20260809
qk_transpose,llm,1,28,4,16,128,128,head_major,ijk,2,13,720896,6.160903,2.382777979,0,true,20260809
qk_transpose,llm,1,28,4,16,128,128,head_major,kji,2,14,720896,2.906655,5.050501005,0,true,20260809
qk_transpose,llm,1,28,4,16,128,128,token_major,ikj,2,15,720896,16.377166,0.8963738903,0,true,20260809
probability_value,llm,1,28,4,16,128,128,token_major,kji,2,16,720896,2.941367,4.99089845,0,true,20260809
qk_transpose,llm,1,28,4,16,128,128,token_major,jik,2,17,720896,6.14602,2.388548036,0,true,20260809
qk_transpose,llm,1,28,4,16,128,128,head_major,kij,2,18,720896,4.12799,3.556225669,0,true,20260809
probability_value,llm,1,28,4,16,128,128,token_major,ijk,2,19,720896,14.225595,1.031947275,0,true,20260809
qk_transpose,llm,1,28,4,16,128,128,token_major,kij,2,20,720896,16.968084,0.8651574332,0,true,20260809
probability_value,llm,1,28,4,16,128,128,token_major,jik,2,21,720896,14.452336,1.015757176,0,true,20260809
qk_transpose,llm,1,28,4,16,128,128,head_major,jik,2,22,720896,6.144467,2.389151736,0,true,20260809
probability_value,llm,1,28,4,16,128,128,token_major,kij,2,23,720896,0.513221,28.60378667,0,true,20260809
qk_transpose,llm,1,28,4,16,128,128,head_major,ikj,3,0,720896,4.129172,3.555207678,0,true,20260809
probability_value,llm,1,28,4,16,128,128,token_major,jik,3,1,720896,14.45568,1.015522203,0,true,20260809
qk_transpose,llm,1,28,4,16,128,128,token_major,jik,3,2,720896,6.162596,2.382123378,0,true,20260809
probability_value,llm,1,28,4,16,128,128,head_major,jki,3,3,720896,2.941988,4.989844962,0,true,20260809
qk_transpose,llm,1,28,4,16,128,128,head_major,kji,3,4,720896,2.907566,5.04891858,0,true,20260809
probability_value,llm,1,28,4,16,128,128,head_major,ijk,3,5,720896,6.230397,2.356200415,0,true,20260809
probability_value,llm,1,28,4,16,128,128,token_major,jki,3,6,720896,4.016843,3.654627278,0,true,20260809
probability_value,llm,1,28,4,16,128,128,head_major,ikj,3,7,720896,0.71927,20.40967092,0,true,20260809
qk_transpose,llm,1,28,4,16,128,128,head_major,jki,3,8,720896,2.903771,5.055517119,0,true,20260809
qk_transpose,llm,1,28,4,16,128,128,token_major,ijk,3,9,720896,6.183457,2.374086858,0,true,20260809
probability_value,llm,1,28,4,16,128,128,token_major,kij,3,10,720896,0.504758,29.08337064,0,true,20260809
probability_value,llm,1,28,4,16,128,128,head_major,jik,3,11,720896,6.224598,2.358395514,0,true,20260809
qk_transpose,llm,1,28,4,16,128,128,head_major,ijk,3,12,720896,6.156357,2.384537479,0,true,20260809
qk_transpose,llm,1,28,4,16,128,128,token_major,jki,3,13,720896,2.960516,4.958616674,0,true,20260809
probability_value,llm,1,28,4,16,128,128,token_major,kji,3,14,720896,2.919495,5.028288797,0,true,20260809
probability_value,llm,1,28,4,16,128,128,token_major,ijk,3,15,720896,14.13576,1.038505464,0,true,20260809
qk_transpose,llm,1,28,4,16,128,128,head_major,jik,3,16,720896,6.151329,2.386486562,0,true,20260809
qk_transpose,llm,1,28,4,16,128,128,token_major,kij,3,17,720896,16.864538,0.8704693837,0,true,20260809
qk_transpose,llm,1,28,4,16,128,128,token_major,kji,3,18,720896,4.013859,3.657344217,0,true,20260809
probability_value,llm,1,28,4,16,128,128,head_major,kji,3,19,720896,2.905614,5.052310458,0,true,20260809
qk_transpose,llm,1,28,4,16,128,128,head_major,kij,3,20,720896,4.139337,3.546477129,0,true,20260809
probability_value,llm,1,28,4,16,128,128,head_major,kij,3,21,720896,0.500391,29.33718632,0,true,20260809
probability_value,llm,1,28,4,16,128,128,token_major,ikj,3,22,720896,0.716116,20.49956152,0,true,20260809
qk_transpose,llm,1,28,4,16,128,128,token_major,ikj,3,23,720896,16.357587,0.8974467933,0,true,20260809
probability_value,llm,1,28,4,16,128,128,head_major,kij,4,0,720896,0.498478,29.44977311,0,true,20260809
qk_transpose,llm,1,28,4,16,128,128,head_major,kji,4,1,720896,2.907988,5.048185893,0,true,20260809
probability_value,llm,1,28,4,16,128,128,head_major,kji,4,2,720896,2.891623,5.076755856,0,true,20260809
qk_transpose,llm,1,28,4,16,128,128,head_major,jki,4,3,720896,2.917562,5.031620236,0,true,20260809
probability_value,llm,1,28,4,16,128,128,token_major,jik,4,4,720896,14.44206,1.01647992,0,true,20260809
qk_transpose,llm,1,28,4,16,128,128,token_major,jki,4,5,720896,2.937933,4.996732056,0,true,20260809
probability_value,llm,1,28,4,16,128,128,token_major,kji,4,6,720896,2.928448,5.012916057,0,true,20260809
qk_transpose,llm,1,28,4,16,128,128,token_major,ijk,4,7,720896,6.171939,2.378517351,0,true,20260809
qk_transpose,llm,1,28,4,16,128,128,head_major,ijk,4,8,720896,6.156085,2.384642837,0,true,20260809
probability_value,llm,1,28,4,16,128,128,head_major,ijk,4,9,720896,6.210017,2.363932981,0,true,20260809
qk_transpose,llm,1,28,4,16,128,128,head_major,ikj,4,10,720896,4.074209,3.603169106,0,true,20260809
probability_value,llm,1,28,4,16,128,128,head_major,ikj,4,11,720896,0.718659,20.42702311,0,true,20260809
qk_transpose,llm,1,28,4,16,128,128,token_major,kij,4,12,720896,16.909807,0.8681390627,0,true,20260809
probability_value,llm,1,28,4,16,128,128,token_major,ikj,4,13,720896,0.716186,20.4975579,0,true,20260809
qk_transpose,llm,1,28,4,16,128,128,token_major,jik,4,14,720896,6.146611,2.388318376,0,true,20260809
probability_value,llm,1,28,4,16,128,128,head_major,jki,4,15,720896,2.92984,5.010534364,0,true,20260809
probability_value,llm,1,28,4,16,128,128,token_major,jki,4,16,720896,4.006447,3.66411037,0,true,20260809
probability_value,llm,1,28,4,16,128,128,token_major,ijk,4,17,720896,14.147287,1.037659305,0,true,20260809
qk_transpose,llm,1,28,4,16,128,128,token_major,kji,4,18,720896,4.019427,3.6522778,0,true,20260809
probability_value,llm,1,28,4,16,128,128,token_major,kij,4,19,720896,0.505009,29.0689156,0,true,20260809
qk_transpose,llm,1,28,4,16,128,128,token_major,ikj,4,20,720896,16.435424,0.8931965491,0,true,20260809
probability_value,llm,1,28,4,16,128,128,head_major,jik,4,21,720896,6.23227,2.355492301,0,true,20260809
qk_transpose,llm,1,28,4,16,128,128,head_major,jik,4,22,720896,6.143206,2.389642151,0,true,20260809
qk_transpose,llm,1,28,4,16,128,128,head_major,kij,4,23,720896,4.122301,3.561133454,0,true,20260809
probability_value,llm,1,28,4,16,128,128,token_major,jki,5,0,720896,4.043924,3.630153287,0,true,20260809
qk_transpose,llm,1,28,4,16,128,128,head_major,kji,5,1,720896,2.906966,5.049960681,0,true,20260809
qk_transpose,llm,1,28,4,16,128,128,token_major,jki,5,2,720896,2.92984,5.010534364,0,true,20260809
qk_transpose,llm,1,28,4,16,128,128,token_major,kij,5,3,720896,16.859741,0.8707170531,0,true,20260809
qk_transpose,llm,1,28,4,16,128,128,token_major,ikj,5,4,720896,16.484287,0.8905489209,0,true,20260809
qk_transpose,llm,1,28,4,16,128,128,head_major,kij,5,5,720896,4.136652,3.548779061,0,true,20260809
qk_transpose,llm,1,28,4,16,128,128,head_major,jik,5,6,720896,6.148083,2.387746554,0,true,20260809
probability_value,llm,1,28,4,16,128,128,head_major,jki,5,7,720896,2.949229,4.977593805,0,true,20260809
probability_value,llm,1,28,4,16,128,128,token_major,kij,5,8,720896,0.510647,28.74796875,0,true,20260809
probability_value,llm,1,28,4,16,128,128,token_major,jik,5,9,720896,14.46165,1.015102979,0,true,20260809
qk_transpose,llm,1,28,4,16,128,128,token_major,ijk,5,10,720896,6.166572,2.380587464,0,true,20260809
probability_value,llm,1,28,4,16,128,128,head_major,ikj,5,11,720896,0.719621,20.39971596,0,true,20260809
probability_value,llm,1,28,4,16,128,128,token_major,kji,5,12,720896,2.907716,5.048658122,0,true,20260809
qk_transpose,llm,1,28,4,16,128,128,head_major,ijk,5,13,720896,6.160853,2.382797317,0,true,20260809
qk_transpose,llm,1,28,4,16,128,128,head_major,jki,5,14,720896,2.900537,5.061153848,0,true,20260809
probability_value,llm,1,28,4,16,128,128,head_major,kji,5,15,720896,2.891553,5.076878757,0,true,20260809
qk_transpose,llm,1,28,4,16,128,128,token_major,kji,5,16,720896,4.01558,3.65577675,0,true,20260809
probability_value,llm,1,28,4,16,128,128,head_major,kij,5,17,720896,0.509496,28.81291315,0,true,20260809
probability_value,llm,1,28,4,16,128,128,head_major,jik,5,18,720896,6.217618,2.361043088,0,true,20260809
probability_value,llm,1,28,4,16,128,128,token_major,ijk,5,19,720896,14.147798,1.037621826,0,true,20260809
probability_value,llm,1,28,4,16,128,128,head_major,ijk,5,20,720896,6.197848,2.368574383,0,true,20260809
qk_transpose,llm,1,28,4,16,128,128,token_major,jik,5,21,720896,6.159461,2.383335815,0,true,20260809
qk_transpose,llm,1,28,4,16,128,128,head_major,ikj,5,22,720896,4.077373,3.600373083,0,true,20260809
probability_value,llm,1,28,4,16,128,128,token_major,ikj,5,23,720896,0.716406,20.49126333,0,true,20260809
qk_transpose,llm,1,28,4,16,128,128,token_major,jik,6,0,720896,6.166772,2.380510257,0,true,20260809
qk_transpose,llm,1,28,4,16,128,128,token_major,ijk,6,1,720896,6.159111,2.383471251,0,true,20260809
probability_value,llm,1,28,4,16,128,128,head_major,jik,6,2,720896,6.220202,2.360062262,0,true,20260809
probability_value,llm,1,28,4,16,128,128,token_major,kji,6,3,720896,2.92347,5.021451905,0,true,20260809
qk_transpose,llm,1,28,4,16,128,128,token_major,ikj,6,4,720896,16.422985,0.8938730688,0,true,20260809
qk_transpose,llm,1,28,4,16,128,128,token_major,kji,6,5,720896,4.00866,3.66208758,0,true,20260809
qk_transpose,llm,1,28,4,16,128,128,head_major,jki,6,6,720896,2.900516,5.061190492,0,true,20260809
probability_value,llm,1,28,4,16,128,128,token_major,ikj,6,7,720896,0.715195,20.52596005,0,true,20260809
qk_transpose,llm,1,28,4,16,128,128,head_major,jik,6,8,720896,6.147673,2.387905798,0,true,20260809
qk_transpose,llm,1,28,4,16,128,128,head_major,ijk,6,9,720896,6.156936,2.384313236,0,true,20260809
qk_transpose,llm,1,28,4,16,128,128,head_major,ikj,6,10,720896,4.077674,3.600107316,0,true,20260809
probability_value,llm,1,28,4,16,128,128,head_major,ijk,6,11,720896,6.214964,2.362051333,0,true,20260809
probability_value,llm,1,28,4,16,128,128,token_major,jik,6,12,720896,14.426687,1.017563076,0,true,20260809
probability_value,llm,1,28,4,16,128,128,head_major,jki,6,13,720896,2.937342,4.99773741,0,true,20260809
qk_transpose,llm,1,28,4,16,128,128,head_major,kij,6,14,720896,4.176853,3.514623091,0,true,20260809
qk_transpose,llm,1,28,4,16,128,128,head_major,kji,6,15,720896,2.904372,5.054470984,0,true,20260809
qk_transpose,llm,1,28,4,16,128,128,token_major,jki,6,16,720896,2.942068,4.989709279,0,true,20260809
probability_value,llm,1,28,4,16,128,128,head_major,kij,6,17,720896,0.49895,29.42191402,0,true,20260809
probability_value,llm,1,28,4,16,128,128,token_major,ijk,6,18,720896,14.181569,1.035150906,0,true,20260809
probability_value,llm,1,28,4,16,128,128,token_major,jki,6,19,720896,4.004835,3.665585224,0,true,20260809
probability_value,llm,1,28,4,16,128,128,token_major,kij,6,20,720896,0.49914,29.41071443,0,true,20260809
probability_value,llm,1,28,4,16,128,128,head_major,ikj,6,21,720896,0.719291,20.40907505,0,true,20260809
qk_transpose,llm,1,28,4,16,128,128,token_major,kij,6,22,720896,16.787413,0.874468508,0,true,20260809
probability_value,llm,1,28,4,16,128,128,head_major,kji,6,23,720896,2.904973,5.053425281,0,true,20260809
qk_transpose,llm,1,28,4,16,128,128,token_major,kji,7,0,720896,4.020328,3.651459284,0,true,20260809
probability_value,llm,1,28,4,16,128,128,token_major,jki,7,1,720896,4.018986,3.652678561,0,true,20260809
qk_transpose,llm,1,28,4,16,128,128,token_major,jik,7,2,720896,6.148695,2.387508894,0,true,20260809
probability_value,llm,1,28,4,16,128,128,head_major,kji,7,3,720896,2.884542,5.089218323,0,true,20260809
probability_value,llm,1,28,4,16,128,128,token_major,kji,7,4,720896,2.918874,5.029358581,0,true,20260809
probability_value,llm,1,28,4,16,128,128,token_major,jik,7,5,720896,14.431354,1.017234003,0,true,20260809
qk_transpose,llm,1,28,4,16,128,128,head_major,ikj,7,6,720896,4.082151,3.596158986,0,true,20260809
qk_transpose,llm,1,28,4,16,128,128,token_major,jki,7,7,720896,2.92311,5.022070329,0,true,20260809
qk_transpose,llm,1,28,4,16,128,128,head_major,jki,7,8,720896,2.893215,5.073962357,0,true,20260809
probability_value,llm,1,28,4,16,128,128,head_major,kij,7,9,720896,0.499951,29.36300557,0,true,20260809
probability_value,llm,1,28,4,16,128,128,token_major,ijk,7,10,720896,14.141839,1.038059053,0,true,20260809
probability_value,llm,1,28,4,16,128,128,head_major,jik,7,11,720896,6.214474,2.362237576,0,true,20260809
qk_transpose,llm,1,28,4,16,128,128,head_major,ijk,7,12,720896,6.167673,2.380162502,0,true,20260809
qk_transpose,llm,1,28,4,16,128,128,head_major,kij,7,13,720896,4.122723,3.560768938,0,true,20260809
qk_transpose,llm,1,28,4,16,128,128,head_major,kji,7,14,720896,2.901317,5.05979319,0,true,20260809
probability_value,llm,1,28,4,16,128,128,head_major,ijk,7,15,720896,6.210187,2.36386827,0,true,20260809
qk_transpose,llm,1,28,4,16,128,128,token_major,ijk,7,16,720896,6.17227,2.378389798,0,true,20260809
qk_transpose,llm,1,28,4,16,128,128,token_major,ikj,7,17,720896,16.374612,0.8965137006,0,true,20260809
probability_value,llm,1,28,4,16,128,128,head_major,jki,7,18,720896,2.9295,5.01111589,0,true,20260809
probability_value,llm,1,28,4,16,128,128,head_major,ikj,7,19,720896,0.725559,20.23276398,0,true,20260809
qk_transpose,llm,1,28,4,16,128,128,head_major,jik,7,20,720896,6.1527,2.385954784,0,true,20260809
probability_value,llm,1,28,4,16,128,128,token_major,ikj,7,21,720896,0.716916,20.47668625,0,true,20260809
probability_value,llm,1,28,4,16,128,128,token_major,kij,7,22,720896,0.504328,29.1081677,0,true,20260809
qk_transpose,llm,1,28,4,16,128,128,token_major,kij,7,23,720896,16.809637,0.8733123743,0,true,20260809
probability_value,llm,1,28,4,16,128,128,head_major,jik,8,0,720896,6.22562,2.358008359,0,true,20260809
qk_transpose,llm,1,28,4,16,128,128,head_major,jki,8,1,720896,2.904913,5.053529658,0,true,20260809
probability_value,llm,1,28,4,16,128,128,token_major,ijk,8,2,720896,14.243202,1.030671614,0,true,20260809
qk_transpose,llm,1,28,4,16,128,128,token_major,kij,8,3,720896,16.913442,0.8679524842,0,true,20260809
probability_value,llm,1,28,4,16,128,128,token_major,ikj,8,4,720896,0.715895,20.50588983,0,true,20260809
probability_value,llm,1,28,4,16,128,128,token_major,jik,8,5,720896,14.474329,1.014213785,0,true,20260809
qk_transpose,llm,1,28,4,16,128,128,head_major,ijk,8,6,720896,6.16597,2.380819887,0,true,20260809
qk_transpose,llm,1,28,4,16,128,128,head_major,ikj,8,7,720896,4.075852,3.601716647,0,true,20260809
probability_value,llm,1,28,4,16,128,128,head_major,ijk,8,8,720896,6.202695,2.366723497,0,true,20260809
qk_transpose,llm,1,28,4,16,128,128,token_major,ikj,8,9,720896,16.392149,0.8955545731,0,true,20260809
probability_value,llm,1,28,4,16,128,128,token_major,kji,8,10,720896,2.924091,5.02038548,0,true,20260809
qk_transpose,llm,1,28,4,16,128,128,token_major,jki,8,11,720896,2.92324,5.021846992,0,true,20260809
qk_transpose,llm,1,28,4,16,128,128,head_major,kij,8,12,720896,4.133368,3.551598599,0,true,20260809
probability_value,llm,1,28,4,16,128,128,head_major,jki,8,13,720896,2.934277,5.002957798,0,true,20260809
probability_value,llm,1,28,4,16,128,128,token_major,jki,8,14,720896,4.097684,3.582527106,0,true,20260809
qk_transpose,llm,1,28,4,16,128,128,token_major,jik,8,15,720896,6.148504,2.387583061,0,true,20260809
probability_value,llm,1,28,4,16,128,128,head_major,kji,8,16,720896,2.891622,5.076757612,0,true,20260809
probability_value,llm,1,28,4,16,128,128,head_major,ikj,8,17,720896,0.717798,20.45152536,0,true,20260809
qk_transpose,llm,1,28,4,16,128,128,token_major,kji,8,18,720896,4.010543,3.660368185,0,true,20260809
qk_transpose,llm,1,28,4,16,128,128,head_major,jik,8,19,720896,6.146872,2.388216966,0,true,20260809
qk_transpose,llm,1,28,4,16,128,128,head_major,kji,8,20,720896,2.909409,5.045720282,0,true,20260809
probability_value,llm,1,28,4,16,128,128,head_major,kij,8,21,720896,0.498419,29.45325921,0,true,20260809
probability_value,llm,1,28,4,16,128,128,token_major,kij,8,22,720896,0.504507,29.09784007,0,true,20260809
qk_transpose,llm,1,28,4,16,128,128,token_major,ijk,8,23,720896,6.16563,2.380951176,0,true,20260809
probability_value,llm,1,28,4,16,128,128,head_major,jik,9,0,720896,6.228364,2.356969503,0,true,20260809
probability_value,llm,1,28,4,16,128,128,token_major,ikj,9,1,720896,0.715315,20.52251665,0,true,20260809
probability_value,llm,1,28,4,16,128,128,token_major,jki,9,2,720896,4.000278,3.669760952,0,true,20260809
qk_transpose,llm,1,28,4,16,128,128,token_major,ikj,9,3,720896,16.374232,0.8965345062,0,true,20260809
probability_value,llm,1,28,4,16,128,128,token_major,kij,9,4,720896,0.507241,28.94100437,0,true,20260809
qk_transpose,llm,1,28,4,16,128,128,head_major,jik,9,5,720896,6.145129,2.388894358,0,true,20260809
qk_transpose,llm,1,28,4,16,128,128,token_major,jik,9,6,720896,6.150977,2.386623133,0,true,20260809
qk_transpose,llm,1,28,4,16,128,128,head_major,jki,9,7,720896,2.900596,5.061050901,0,true,20260809
probability_value,llm,1,28,4,16,128,128,token_major,kji,9,8,720896,2.930772,5.008940989,0,true,20260809
probability_value,llm,1,28,4,16,128,128,head_major,jki,9,9,720896,2.925253,5.01839123,0,true,20260809
probability_value,llm,1,28,4,16,128,128,head_major,kji,9,10,720896,2.888408,5.082406641,0,true,20260809
qk_transpose,llm,1,28,4,16,128,128,token_major,jki,9,11,720896,2.922019,5.02394543,0,true,20260809
qk_transpose,llm,1,28,4,16,128,128,token_major,kji,9,12,720896,4.005466,3.665007767,0,true,20260809
qk_transpose,llm,1,28,4,16,128,128,token_major,kij,9,13,720896,16.826501,0.8724371157,0,true,20260809
qk_transpose,llm,1,28,4,16,128,128,token_major,ijk,9,14,720896,6.166031,2.380796334,0,true,20260809
probability_value,llm,1,28,4,16,128,128,head_major,ikj,9,15,720896,0.71905,20.41591544,0,true,20260809
qk_transpose,llm,1,28,4,16,128,128,head_major,kij,9,16,720896,4.138004,3.547619577,0,true,20260809
qk_transpose,llm,1,28,4,16,128,128,head_major,ikj,9,17,720896,4.07463,3.602796818,0,true,20260809
probability_value,llm,1,28,4,16,128,128,token_major,ijk,9,18,720896,14.181118,1.035183827,0,true,20260809
probability_value,llm,1,28,4,16,128,128,head_major,ijk,9,19,720896,6.203607,2.366375562,0,true,20260809
probability_value,llm,1,28,4,16,128,128,token_major,jik,9,20,720896,14.62801,1.003558515,0,true,20260809
probability_value,llm,1,28,4,16,128,128,head_major,kij,9,21,720896,0.499059,29.41548795,0,true,20260809
qk_transpose,llm,1,28,4,16,128,128,head_major,ijk,9,22,720896,6.164338,2.381450206,0,true,20260809
qk_transpose,llm,1,28,4,16,128,128,head_major,kji,9,23,720896,2.911173,5.042662872,0,true,20260809
qk_transpose,llm,1,28,4,16,512,128,head_major,kji,0,0,2195456,19.104543,3.07362788,0,true,20260809
probability_value,llm,1,28,4,16,512,128,token_major,ikj,0,1,2195456,2.847507,20.6216371,0,true,20260809
probability_value,llm,1,28,4,16,512,128,token_major,jki,0,2,2195456,16.364308,3.588312809,0,true,20260809
qk_transpose,llm,1,28,4,16,512,128,token_major,ikj,0,3,2195456,66.999525,0.8764279448,0,true,20260809
probability_value,llm,1,28,4,16,512,128,token_major,kji,0,4,2195456,13.274657,4.423485744,0,true,20260809
probability_value,llm,1,28,4,16,512,128,token_major,kij,0,5,2195456,1.885322,31.14600901,0,true,20260809
probability_value,llm,1,28,4,16,512,128,head_major,jik,0,6,2195456,30.319547,1.936712841,0,true,20260809
probability_value,llm,1,28,4,16,512,128,head_major,kij,0,7,2195456,2.014796,29.14451686,0,true,20260809
probability_value,llm,1,28,4,16,512,128,head_major,kji,0,8,2195456,13.081597,4.488768153,0,true,20260809
qk_transpose,llm,1,28,4,16,512,128,token_major,kji,0,9,2195456,21.380732,2.746409992,0,true,20260809
qk_transpose,llm,1,28,4,16,512,128,token_major,kij,0,10,2195456,66.916111,0.8775204524,0,true,20260809
qk_transpose,llm,1,28,4,16,512,128,head_major,kij,0,11,2195456,16.769175,3.501678288,0,true,20260809
probability_value,llm,1,28,4,16,512,128,token_major,jik,0,12,2195456,55.951132,1.049491832,0,true,20260809
qk_transpose,llm,1,28,4,16,512,128,head_major,jik,0,13,2195456,24.48254,2.398454409,0,true,20260809
probability_value,llm,1,28,4,16,512,128,head_major,jki,0,14,2195456,13.006925,4.51453791,0,true,20260809
qk_transpose,llm,1,28,4,16,512,128,head_major,jki,0,15,2195456,18.958614,3.097286331,0,true,20260809
qk_transpose,llm,1,28,4,16,512,128,head_major,ijk,0,16,2195456,24.466797,2.399997678,0,true,20260809
qk_transpose,llm,1,28,4,16,512,128,token_major,ijk,0,17,2195456,24.523222,2.394475571,0,true,20260809
probability_value,llm,1,28,4,16,512,128,token_major,ijk,0,18,2195456,54.789109,1.071750519,0,true,20260809
probability_value,llm,1,28,4,16,512,128,head_major,ikj,0,19,2195456,2.868348,20.47180328,0,true,20260809
qk_transpose,llm,1,28,4,16,512,128,token_major,jik,0,20,2195456,24.56844,2.39006856,0,true,20260809
qk_transpose,llm,1,28,4,16,512,128,token_major,jki,0,21,2195456,19.048349,3.082695303,0,true,20260809
qk_transpose,llm,1,28,4,16,512,128,head_major,ikj,0,22,2195456,16.408955,3.578549396,0,true,20260809
probability_value,llm,1,28,4,16,512,128,head_major,ijk,0,23,2195456,30.217023,1.943283956,0,true,20260809
probability_value,llm,1,28,4,16,512,128,head_major,ikj,1,0,2195456,2.856029,20.56010496,0,true,20260809
qk_transpose,llm,1,28,4,16,512,128,head_major,jki,1,1,2195456,19.073046,3.078703632,0,true,20260809
probability_value,llm,1,28,4,16,512,128,token_major,jik,1,2,2195456,56.052817,1.047587956,0,true,20260809
qk_transpose,llm,1,28,4,16,512,128,token_major,ijk,1,3,2195456,24.515169,2.395262133,0,true,20260809
probability_value,llm,1,28,4,16,512,128,token_major,kji,1,4,2195456,13.278033,4.422361053,0,true,20260809
probability_value,llm,1,28,4,16,512,128,token_major,ikj,1,5,2195456,2.833475,20.72376005,0,true,20260809
probability_value,llm,1,28,4,16,512,128,head_major,ijk,1,6,2195456,30.206537,1.943958554,0,true,20260809
qk_transpose,llm,1,28,4,16,512,128,head_major,jik,1,7,2195456,24.562982,2.390599643,0,true,20260809
qk_transpose,llm,1,28,4,16,512,128,head_major,kij,1,8,2195456,16.67231,3.522022803,0,true,20260809
qk_transpose,llm,1,28,4,16,512,128,head_major,kji,1,9,2195456,19.059976,3.080814792,0,true,20260809
qk_transpose,llm,1,28,4,16,512,128,token_major,kji,1,10,2195456,21.395514,2.744512518,0,true,20260809
probability_value,llm,1,28,4,16,512,128,token_major,ijk,1,11,2195456,54.774496,1.072036446,0,true,20260809
probability_value,llm,1,28,4,16,512,128,token_major,jki,1,12,2195456,16.377597,3.585401204,0,true,20260809
qk_transpose,llm,1,28,4,16,512,128,head_major,ijk,1,13,2195456,24.427428,2.403865687,0,true,20260809
probability_value,llm,1,28,4,16,512,128,head_major,jik,1,14,2195456,30.326878,1.936244674,0,true,20260809
probability_value,llm,1,28,4,16,512,128,head_major,kji,1,15,2195456,13.097191,4.483423659,0,true,20260809
qk_transpose,llm,1,28,4,16,512,128,head_major,ikj,1,16,2195456,16.43945,3.571911226,0,true,20260809
qk_transpose,llm,1,28,4,16,512,128,token_major,jki,1,17,2195456,19.137142,3.068392135,0,true,20260809
probability_value,llm,1,28,4,16,512,128,head_major,kij,1,18,2195456,2.006905,29.25911092,0,true,20260809
probability_value,llm,1,28,4,16,512,128,token_major,kij,1,19,2195456,1.903098,30.85508786,0,true,20260809
probability_value,llm,1,28,4,16,512,128,head_major,jki,1,20,2195456,12.964632,4.529265158,0,true,20260809
qk_transpose,llm,1,28,4,16,512,128,token_major,kij,1,21,2195456,67.06137,0.8756196898,0,true,20260809
qk_transpose,llm,1,28,4,16,512,128,token_major,jik,1,22,2195456,24.548119,2.392047065,0,true,20260809
qk_transpose,llm,1,28,4,16,512,128,token_major,ikj,1,23,2195456,66.971355,0.8767965946,0,true,20260809
probability_value,llm,1,28,4,16,512,128,head_major,kji,2,0,2195456,13.094256,4.484428592,0,true,20260809
probability_value,llm,1,28,4,16,512,128,token_major,ijk,2,1,2195456,54.867566,1.070217986,0,true,20260809
qk_transpose,llm,1,28,4,16,512,128,head_major,kij,2,2,2195456,16.833352,3.488328171,0,true,20260809
probability_value,llm,1,28,4,16,512,128,token_major,kji,2,3,2195456,13.247216,4.432648792,0,true,20260809
qk_transpose,llm,1,28,4,16,512,128,head_major,jik,2,4,2195456,24.486036,2.398111969,0,true,20260809
probability_value,llm,1,28,4,16,512,128,token_major,kij,2,5,2195456,1.93759,30.30582115,0,true,20260809
probability_value,llm,1,28,4,16,512,128,head_major,jik,2,6,2195456,30.336733,1.935615678,0,true,20260809
probability_value,llm,1,28,4,16,512,128,head_major,jki,2,7,2195456,12.976679,4.525060379,0,true,20260809
probability_value,llm,1,28,4,16,512,128,head_major,ikj,2,8,2195456,2.861849,20.51829289,0,true,20260809
probability_value,llm,1,28,4,16,512,128,token_major,jik,2,9,2195456,56.074489,1.047183078,0,true,20260809
qk_transpose,llm,1,28,4,16,512,128,head_major,jki,2,10,2195456,18.970712,3.09531113,0,true,20260809
qk_transpose,llm,1,28,4,16,512,128,head_major,kji,2,11,2195456,19.112406,3.072363364,0,true,20260809
probability_value,llm,1,28,4,16,512,128,head_major,kij,2,12,2195456,2.022097,29.03928743,0,true,20260809
qk_transpose,llm,1,28,4,16,512,128,token_major,ikj,2,13,2195456,67.07386,0.8754566384,0,true,20260809
qk_transpose,llm,1,28,4,16,512,128,head_major,ijk,2,14,2195456,24.441709,2.402461137,0,true,20260809
qk_transpose,llm,1,28,4,16,512,128,token_major,jki,2,15,2195456,19.14903,3.066487232,0,true,20260809
qk_transpose,llm,1,28,4,16,512,128,token_major,kij,2,16,2195456,67.144456,0.8745361791,0,true,20260809
qk_transpose,llm,1,28,4,16,512,128,token_major,jik,2,17,2195456,24.543753,2.392472577,0,true,20260809
probability_value,llm,1,28,4,16,512,128,token_major,ikj,2,18,2195456,2.854257,20.57286923,0,true,20260809
probability_value,llm,1,28,4,16,512,128,token_major,jki,2,19,2195456,16.353071,3.590778515,0,true,20260809
probability_value,llm,1,28,4,16,512,128,head_major,ijk,2,20,2195456,30.255762,1.940795806,0,true,20260809
qk_transpose,llm,1,28,4,16,512,128,token_major,kji,2,21,2195456,21.350668,2.750277228,0,true,20260809
qk_transpose,llm,1,28,4,16,512,128,token_major,ijk,2,22,2195456,24.480668,2.398637815,0,true,20260809
qk_transpose,llm,1,28,4,16,512,128,head_major,ikj,2,23,2195456,16.419381,3.576277084,0,true,20260809
probability_value,llm,1,28,4,16,512,128,token_major,ikj,3,0,2195456,2.846585,20.62831639,0,true,20260809
qk_transpose,llm,1,28,4,16,512,128,token_major,jik,3,1,2195456,24.613778,2.385666109,0,true,20260809
probability_value,llm,1,28,4,16,512,128,token_major,ijk,3,2,2195456,54.840147,1.070753074,0,true,20260809
probability_value,llm,1,28,4,16,512,128,token_major,kji,3,3,2195456,13.171222,4.458223846,0,true,20260809
qk_transpose,llm,1,28,4,16,512,128,token_major,ijk,3,4,2195456,24.525406,2.394262342,0,true,20260809
qk_transpose,llm,1,28,4,16,512,128,head_major,kji,3,5,2195456,19.113066,3.072257272,0,true,20260809
qk_transpose,llm,1,28,4,16,512,128,head_major,ijk,3,6,2195456,24.443473,2.40228776,0,true,20260809
probability_value,llm,1,28,4,16,512,128,head_major,kij,3,7,2195456,2.018752,29.0874045,0,true,20260809
probability_value,llm,1,28,4,16,512,128,head_major,jik,3,8,2195456,30.28095,1.939181433,0,true,20260809
qk_transpose,llm,1,28,4,16,512,128,token_major,kji,3,9,2195456,21.433152,2.739692977,0,true,20260809
probability_value,llm,1,28,4,16,512,128,head_major,ijk,3,10,2195456,30.236943,1.942003727,0,true,20260809
probability_value,llm,1,28,4,16,512,128,head_major,jki,3,11,2195456,12.97049,4.527219558,0,true,20260809
qk_transpose,llm,1,28,4,16,512,128,token_major,kij,3,12,2195456,67.037736,0.8759283876,0,true,20260809
qk_transpose,llm,1,28,4,16,512,128,head_major,jik,3,13,2195456,24.498565,2.396885532,0,true,20260809
qk_transpose,llm,1,28,4,16,512,128,token_major,ikj,3,14,2195456,66.950846,0.877065183,0,true,20260809
qk_transpose,llm,1,28,4,16,512,128,head_major,jki,3,15,2195456,18.976701,3.094334258,0,true,20260809
probability_value,llm,1,28,4,16,512,128,head_major,ikj,3,16,2195456,2.868057,20.4738804,0,true,20260809
qk_transpose,llm,1,28,4,16,512,128,token_major,jki,3,17,2195456,19.115631,3.071845026,0,true,20260809
probability_value,llm,1,28,4,16,512,128,token_major,jki,3,18,2195456,16.400682,3.580354524,0,true,20260809
probability_value,llm,1,28,4,16,512,128,head_major,kji,3,19,2195456,13.119395,4.475835662,0,true,20260809
probability_value,llm,1,28,4,16,512,128,token_major,jik,3,20,2195456,55.956262,1.049395615,0,true,20260809
qk_transpose,llm,1,28,4,16,512,128,head_major,ikj,3,21,2195456,16.434764,3.572929675,0,true,20260809
qk_transpose,llm,1,28,4,16,512,128,head_major,kij,3,22,2195456,16.646181,3.527551214,0,true,20260809
probability_value,llm,1,28,4,16,512,128,token_major,kij,3,23,2195456,1.915197,30.66016499,0,true,20260809
probability_value,llm,1,28,4,16,512,128,token_major,kij,4,0,2195456,1.835036,31.99951173,0,true,20260809
probability_value,llm,1,28,4,16,512,128,head_major,kij,4,1,2195456,2.012182,29.18237813,0,true,20260809
qk_transpose,llm,1,28,4,16,512,128,head_major,kij,4,2,2195456,16.671269,3.522242728,0,true,20260809
qk_transpose,llm,1,28,4,16,512,128,token_major,ikj,4,3,2195456,67.024958,0.8760953793,0,true,20260809
qk_transpose,llm,1,28,4,16,512,128,head_major,jki,4,4,2195456,18.995611,3.091253869,0,true,20260809
probability_value,llm,1,28,4,16,512,128,token_major,ikj,4,5,2195456,2.855188,20.56616097,0,true,20260809
probability_value,llm,1,28,4,16,512,128,head_major,jik,4,6,2195456,30.319409,1.936721656,0,true,20260809
probability_value,llm,1,28,4,16,512,128,token_major,jki,4,7,2195456,16.428154,3.574367272,0,true,20260809
qk_transpose,llm,1,28,4,16,512,128,token_major,jik,4,8,2195456,24.576563,2.389278598,0,true,20260809
qk_transpose,llm,1,28,4,16,512,128,head_major,kji,4,9,2195456,19.117614,3.071526394,0,true,20260809
qk_transpose,llm,1,28,4,16,512,128,token_major,jki,4,10,2195456,19.153598,3.065755896,0,true,20260809
qk_transpose,llm,1,28,4,16,512,128,head_major,ijk,4,11,2195456,24.433337,2.403284332,0,true,20260809
probability_value,llm,1,28,4,16,512,128,head_major,jki,4,12,2195456,13.014917,4.511765692,0,true,20260809
probability_value,llm,1,28,4,16,512,128,head_major,ijk,4,13,2195456,30.191967,1.944896667,0,true,20260809
qk_transpose,llm,1,28,4,16,512,128,token_major,kji,4,14,2195456,21.360132,2.749058667,0,true,20260809
probability_value,llm,1,28,4,16,512,128,head_major,kji,4,15,2195456,13.08967,4.485999723,0,true,20260809
probability_value,llm,1,28,4,16,512,128,token_major,jik,4,16,2195456,56.045548,1.047723826,0,true,20260809
qk_transpose,llm,1,28,4,16,512,128,token_major,kij,4,17,2195456,67.058118,0.8756621532,0,true,20260809
probability_value,llm,1,28,4,16,512,128,head_major,ikj,4,18,2195456,2.878834,20.39723583,0,true,20260809
qk_transpose,llm,1,28,4,16,512,128,head_major,jik,4,19,2195456,24.480208,2.398682887,0,true,20260809
qk_transpose,llm,1,28,4,16,512,128,head_major,ikj,4,20,2195456,16.359561,3.589354018,0,true,20260809
probability_value,llm,1,28,4,16,512,128,token_major,kji,4,21,2195456,13.273477,4.423878988,0,true,20260809
probability_value,llm,1,28,4,16,512,128,token_major,ijk,4,22,2195456,54.772045,1.072084418,0,true,20260809
qk_transpose,llm,1,28,4,16,512,128,token_major,ijk,4,23,2195456,24.550443,2.391820628,0,true,20260809
qk_transpose,llm,1,28,4,16,512,128,token_major,jki,5,0,2195456,19.092396,3.075583389,0,true,20260809
probability_value,llm,1,28,4,16,512,128,token_major,kij,5,1,2195456,1.901887,30.87473441,0,true,20260809
probability_value,llm,1,28,4,16,512,128,head_major,kji,5,2,2195456,13.092034,4.485189696,0,true,20260809
qk_transpose,llm,1,28,4,16,512,128,token_major,jik,5,3,2195456,24.615712,2.385478673,0,true,20260809
qk_transpose,llm,1,28,4,16,512,128,head_major,kji,5,4,2195456,19.107668,3.073125198,0,true,20260809
qk_transpose,llm,1,28,4,16,512,128,head_major,kij,5,5,2195456,16.66566,3.523428175,0,true,20260809
probability_value,llm,1,28,4,16,512,128,token_major,jik,5,6,2195456,56.087961,1.046931551,0,true,20260809
probability_value,llm,1,28,4,16,512,128,token_major,kji,5,7,2195456,13.172304,4.457857638,0,true,20260809
probability_value,llm,1,28,4,16,512,128,token_major,ijk,5,8,2195456,54.763202,1.072257535,0,true,20260809
probability_value,llm,1,28,4,16,512,128,head_major,jik,5,9,2195456,30.338067,1.935530566,0,true,20260809
qk_transpose,llm,1,28,4,16,512,128,token_major,ikj,5,10,2195456,67.065659,0.875563692,0,true,20260809
qk_transpose,llm,1,28,4,16,512,128,token_major,ijk,5,11,2195456,24.491455,2.397581361,0,true,20260809
probability_value,llm,1,28,4,16,512,128,token_major,jki,5,12,2195456,16.467704,3.56578282,0,true,20260809
probability_value,llm,1,28,4,16,512,128,head_major,kij,5,13,2195456,2.012143,29.18294376,0,true,20260809
qk_transpose,llm,1,28,4,16,512,128,head_major,jik,5,14,2195456,24.513358,2.395439091,0,true,20260809
qk_transpose,llm,1,28,4,16,512,128,head_major,ijk,5,15,2195456,24.433217,2.403296136,0,true,20260809
probability_value,llm,1,28,4,16,512,128,head_major,jki,5,16,2195456,12.998873,4.517334387,0,true,20260809
qk_transpose,llm,1,28,4,16,512,128,head_major,ikj,5,17,2195456,16.381164,3.584620482,0,true,20260809
probability_value,llm,1,28,4,16,512,128,token_major,ikj,5,18,2195456,2.83675,20.69983467,0,true,20260809
qk_transpose,llm,1,28,4,16,512,128,token_major,kij,5,19,2195456,67.073061,0.8754670672,0,true,20260809
qk_transpose,llm,1,28,4,16,512,128,head_major,jki,5,20,2195456,19.013508,3.088344139,0,true,20260809
qk_transpose,llm,1,28,4,16,512,128,token_major,kji,5,21,2195456,21.340853,2.751542124,0,true,20260809
probability_value,llm,1,28,4,16,512,128,head_major,ikj,5,22,2195456,2.901298,20.2393053,0,true,20260809
probability_value,llm,1,28,4,16,512,128,head_major,ijk,5,23,2195456,30.187651,1.945174734,0,true,20260809
probability_value,llm,1,28,4,16,512,128,token_major,ijk,6,0,2195456,54.881269,1.06995077,0,true,20260809
probability_value,llm,1,28,4,16,512,128,token_major,kij,6,1,2195456,1.87105,31.38358462,0,true,20260809
probability_value,llm,1,28,4,16,512,128,head_major,jki,6,2,2195456,13.023821,4.508681131,0,true,20260809
probability_value,llm,1,28,4,16,512,128,head_major,ijk,6,3,2195456,30.194461,1.944736023,0,true,20260809
qk_transpose,llm,1,28,4,16,512,128,head_major,kij,6,4,2195456,16.862748,3.48224714,0,true,20260809
qk_transpose,llm,1,28,4,16,512,128,head_major,ikj,6,5,2195456,16.37869,3.585161939,0,true,20260809
probability_value,llm,1,28,4,16,512,128,token_major,kji,6,6,2195456,13.268008,4.425702487,0,true,20260809
qk_transpose,llm,1,28,4,16,512,128,token_major,ijk,6,7,2195456,24.515181,2.395260961,0,true,20260809
qk_transpose,llm,1,28,4,16,512,128,token_major,jki,6,8,2195456,19.018895,3.087469382,0,true,20260809
qk_transpose,llm,1,28,4,16,512,128,token_major,kji,6,9,2195456,21.230627,2.765827688,0,true,20260809
qk_transpose,llm,1,28,4,16,512,128,head_major,jik,6,10,2195456,24.524235,2.394376665,0,true,20260809
qk_transpose,llm,1,28,4,16,512,128,head_major,ijk,6,11,2195456,24.469292,2.399752964,0,true,20260809
probability_value,llm,1,28,4,16,512,128,token_major,ikj,6,12,2195456,2.842849,20.6554256,0,true,20260809
probability_value,llm,1,28,4,16,512,128,token_major,jik,6,13,2195456,55.902824,1.050398742,0,true,20260809
probability_value,llm,1,28,4,16,512,128,head_major,ikj,6,14,2195456,2.867146,20.48038572,0,true,20260809
qk_transpose,llm,1,28,4,16,512,128,head_major,kji,6,15,2195456,19.129562,3.069607971,0,true,20260809
probability_value,llm,1,28,4,16,512,128,head_major,kij,6,16,2195456,2.018351,29.09318349,0,true,20260809
qk_transpose,llm,1,28,4,16,512,128,token_major,jik,6,17,2195456,24.613538,2.385689371,0,true,20260809
qk_transpose,llm,1,28,4,16,512,128,token_major,ikj,6,18,2195456,66.992851,0.8765152568,0,true,20260809
probability_value,llm,1,28,4,16,512,128,head_major,jik,6,19,2195456,30.362353,1.933982389,0,true,20260809
probability_value,llm,1,28,4,16,512,128,token_major,jki,6,20,2195456,16.435226,3.572829239,0,true,20260809
qk_transpose,llm,1,28,4,16,512,128,head_major,jki,6,21,2195456,18.976131,3.094427204,0,true,20260809
qk_transpose,llm,1,28,4,16,512,128,token_major,kij,6,22,2195456,67.125751,0.874779874,0,true,20260809
probability_value,llm,1,28,4,16,512,128,head_major,kji,6,23,2195456,13.087196,4.486847756,0,true,20260809
probability_value,llm,1,28,4,16,512,128,token_major,jki,7,0,2195456,16.401674,3.580137979,0,true,20260809
probability_value,llm,1,28,4,16,512,128,token_major,kji,7,1,2195456,13.14936,4.465636046,0,true,20260809
probability_value,llm,1,28,4,16,512,128,head_major,kji,7,2,2195456,13.087977,4.486580012,0,true,20260809
probability_value,llm,1,28,4,16,512,128,head_major,ikj,7,3,2195456,2.854867,20.56847342,0,true,20260809
probability_value,llm,1,28,4,16,512,128,head_major,ijk,7,4,2195456,30.181672,1.945560074,0,true,20260809
probability_value,llm,1,28,4,16,512,128,token_major,ikj,7,5,2195456,2.842769,20.65600687,0,true,20260809
probability_value,llm,1,28,4,16,512,128,token_major,kij,7,6,2195456,1.848977,31.75824037,0,true,20260809
qk_transpose,llm,1,28,4,16,512,128,head_major,ikj,7,7,2195456,16.40486,3.579442677,0,true,20260809
qk_transpose,llm,1,28,4,16,512,128,head_major,kji,7,8,2195456,19.054579,3.081687399,0,true,20260809
qk_transpose,llm,1,28,4,16,512,128,head_major,kij,7,9,2195456,16.648625,3.527033374,0,true,20260809
qk_transpose,llm,1,28,4,16,512,128,token_major,kji,7,10,2195456,21.384539,2.74592106,0,true,20260809
probability_value,llm,1,28,4,16,512,128,head_major,jik,7,11,2195456,30.336655,1.935620654,0,true,20260809
probability_value,llm,1,28,4,16,512,128,head_major,jki,7,12,2195456,12.97685,4.525000751,0,true,20260809
qk_transpose,llm,1,28,4,16,512,128,token_major,jik,7,13,2195456,24.557224,2.391160173,0,true,20260809
qk_transpose,llm,1,28,4,16,512,128,token_major,jki,7,14,2195456,19.014039,3.088257892,0,true,20260809
qk_transpose,llm,1,28,4,16,512,128,head_major,ijk,7,15,2195456,24.441481,2.402483548,0,true,20260809
probability_value,llm,1,28,4,16,512,128,token_major,ijk,7,16,2195456,54.796654,1.071602949,0,true,20260809
qk_transpose,llm,1,28,4,16,512,128,token_major,ijk,7,17,2195456,24.515662,2.395213966,0,true,20260809
qk_transpose,llm,1,28,4,16,512,128,head_major,jki,7,18,2195456,18.985035,3.092975915,0,true,20260809
probability_value,llm,1,28,4,16,512,128,token_major,jik,7,19,2195456,56.040752,1.047813491,0,true,20260809
qk_transpose,llm,1,28,4,16,512,128,head_major,jik,7,20,2195456,24.498856,2.396857061,0,true,20260809
qk_transpose,llm,1,28,4,16,512,128,token_major,ikj,7,21,2195456,67.069917,0.875508106,0,true,20260809
probability_value,llm,1,28,4,16,512,128,head_major,kij,7,22,2195456,2.023098,29.02491921,0,true,20260809
qk_transpose,llm,1,28,4,16,512,128,token_major,kij,7,23,2195456,66.999302,0.8764308619,0,true,20260809
qk_transpose,llm,1,28,4,16,512,128,token_major,ijk,8,0,2195456,24.576223,2.389311653,0,true,20260809
qk_transpose,llm,1,28,4,16,512,128,head_major,ikj,8,1,2195456,16.483187,3.562433406,0,true,20260809
probability_value,llm,1,28,4,16,512,128,token_major,ijk,8,2,2195456,54.782673,1.071876431,0,true,20260809
qk_transpose,llm,1,28,4,16,512,128,token_major,jik,8,3,2195456,24.60056,2.386947939,0,true,20260809
probability_value,llm,1,28,4,16,512,128,token_major,ikj,8,4,2195456,2.835278,20.71058147,0,true,20260809
probability_value,llm,1,28,4,16,512,128,token_major,kji,8,5,2195456,13.139635,4.468941184,0,true,20260809
qk_transpose,llm,1,28,4,16,512,128,head_major,kji,8,6,2195456,19.090614,3.075870478,0,true,20260809
qk_transpose,llm,1,28,4,16,512,128,head_major,jik,8,7,2195456,24.482932,2.398416007,0,true,20260809
qk_transpose,llm,1,28,4,16,512,128,token_major,jki,8,8,2195456,19.110174,3.072722205,0,true,20260809
qk_transpose,llm,1,28,4,16,512,128,head_major,kij,8,9,2195456,16.668145,3.522902879,0,true,20260809
probability_value,llm,1,28,4,16,512,128,token_major,jik,8,10,2195456,56.004027,1.048500602,0,true,20260809
qk_transpose,llm,1,28,4,16,512,128,token_major,ikj,8,11,2195456,66.986382,0.8765999035,0,true,20260809
probability_value,llm,1,28,4,16,512,128,token_major,jki,8,12,2195456,16.43784,3.572261076,0,true,20260809
qk_transpose,llm,1,28,4,16,512,128,token_major,kij,8,13,2195456,66.967614,0.8768455749,0,true,20260809
probability_value,llm,1,28,4,16,512,128,head_major,ikj,8,14,2195456,2.873146,20.43761647,0,true,20260809
probability_value,llm,1,28,4,16,512,128,head_major,kji,8,15,2195456,13.079725,4.489410595,0,true,20260809
qk_transpose,llm,1,28,4,16,512,128,head_major,jki,8,16,2195456,18.968711,3.095637653,0,true,20260809
probability_value,llm,1,28,4,16,512,128,head_major,jik,8,17,2195456,30.337536,1.935564444,0,true,20260809
probability_value,llm,1,28,4,16,512,128,token_major,kij,8,18,2195456,1.899844,30.9079356,0,true,20260809
qk_transpose,llm,1,28,4,16,512,128,token_major,kji,8,19,2195456,21.404149,2.743405309,0,true,20260809
probability_value,llm,1,28,4,16,512,128,head_major,kij,8,20,2195456,2.008056,29.24233986,0,true,20260809
qk_transpose,llm,1,28,4,16,512,128,head_major,ijk,8,21,2195456,24.443393,2.402295622,0,true,20260809
probability_value,llm,1,28,4,16,512,128,head_major,jki,8,22,2195456,12.977602,4.524738546,0,true,20260809
probability_value,llm,1,28,4,16,512,128,head_major,ijk,8,23,2195456,30.18691,1.945222482,0,true,20260809
probability_value,llm,1,28,4,16,512,128,token_major,kij,9,0,2195456,1.89689,30.95606809,0,true,20260809
probability_value,llm,1,28,4,16,512,128,head_major,ijk,9,1,2195456,30.196314,1.944616684,0,true,20260809
qk_transpose,llm,1,28,4,16,512,128,head_major,ikj,9,2,2195456,16.417459,3.57669576,0,true,20260809
probability_value,llm,1,28,4,16,512,128,head_major,jik,9,3,2195456,30.291547,1.938503042,0,true,20260809
probability_value,llm,1,28,4,16,512,128,token_major,jik,9,4,2195456,56.088495,1.046921583,0,true,20260809
qk_transpose,llm,1,28,4,16,512,128,head_major,jki,9,5,2195456,19.015191,3.088070796,0,true,20260809
qk_transpose,llm,1,28,4,16,512,128,token_major,kji,9,6,2195456,21.379973,2.746507491,0,true,20260809
probability_value,llm,1,28,4,16,512,128,head_major,kij,9,7,2195456,2.022137,29.03871301,0,true,20260809
qk_transpose,llm,1,28,4,16,512,128,token_major,ikj,9,8,2195456,67.002508,0.8763889256,0,true,20260809
qk_transpose,llm,1,28,4,16,512,128,head_major,jik,9,9,2195456,24.499398,2.396804036,0,true,20260809
probability_value,llm,1,28,4,16,512,128,head_major,ikj,9,10,2195456,3.010241,19.50682886,0,true,20260809
probability_value,llm,1,28,4,16,512,128,head_major,jki,9,11,2195456,12.968359,4.527963484,0,true,20260809
qk_transpose,llm,1,28,4,16,512,128,token_major,ijk,9,12,2195456,24.538246,2.393009509,0,true,20260809
qk_transpose,llm,1,28,4,16,512,128,token_major,jik,9,13,2195456,24.509553,2.395810972,0,true,20260809
qk_transpose,llm,1,28,4,16,512,128,token_major,jki,9,14,2195456,19.010253,3.088872936,0,true,20260809
qk_transpose,llm,1,28,4,16,512,128,head_major,kij,9,15,2195456,16.701546,3.515857514,0,true,20260809
probability_value,llm,1,28,4,16,512,128,token_major,kji,9,16,2195456,13.305605,4.413196995,0,true,20260809
probability_value,llm,1,28,4,16,512,128,token_major,ikj,9,17,2195456,2.833155,20.72610076,0,true,20260809
qk_transpose,llm,1,28,4,16,512,128,head_major,ijk,9,18,2195456,24.432868,2.403330465,0,true,20260809
probability_value,llm,1,28,4,16,512,128,token_major,jki,9,19,2195456,16.387584,3.583216171,0,true,20260809
qk_transpose,llm,1,28,4,16,512,128,head_major,kji,9,20,2195456,19.076794,3.078098762,0,true,20260809
probability_value,llm,1,28,4,16,512,128,head_major,kji,9,21,2195456,13.157372,4.462916759,0,true,20260809
qk_transpose,llm,1,28,4,16,512,128,token_major,kij,9,22,2195456,67.02409,0.8761067252,0,true,20260809
probability_value,llm,1,28,4,16,512,128,token_major,ijk,9,23,2195456,54.784887,1.071833113,0,true,20260809
