shape,num_q_heads,num_kv_heads,head_dim,batch_size,seq_len,block_size,data_seed,round,order_position,candidate,layout,traversal,elapsed_ms,checksum,max_abs_error,max_rel_error,correct
slm_gqa,8,4,64,1,512,64,11,0,0,block_major_block_first,block_major,block_first,0.053721,-0.143197541116,0,0,true
slm_gqa,8,4,64,1,512,64,11,0,1,block_major_head_first,block_major,head_first,0.053662,-0.143197541116,0,0,true
slm_gqa,8,4,64,1,512,64,11,0,2,head_major_block_first,head_major,block_first,0.054232,-0.143197541116,0,0,true
slm_gqa,8,4,64,1,512,64,11,0,3,head_major_head_first,head_major,head_first,0.053782,-0.143197541116,0,0,true
slm_gqa,8,4,64,1,512,64,11,1,0,block_major_block_first,block_major,block_first,0.053471,-0.143197541116,0,0,true
slm_gqa,8,4,64,1,512,64,11,1,1,block_major_head_first,block_major,head_first,0.053552,-0.143197541116,0,0,true
slm_gqa,8,4,64,1,512,64,11,1,2,head_major_block_first,head_major,block_first,0.054243,-0.143197541116,0,0,true
slm_gqa,8,4,64,1,512,64,11,1,3,head_major_head_first,head_major,head_first,0.054021,-0.143197541116,0,0,true
slm_gqa,8,4,64,1,512,64,11,2,0,head_major_block_first,head_major,block_first,0.053991,-0.143197541116,0,0,true
slm_gqa,8,4,64,1,512,64,11,2,1,block_major_head_first,block_major,head_first,0.053601,-0.143197541116,0,0,true
slm_gqa,8,4,64,1,512,64,11,2,2,block_major_block_first,block_major,block_first,0.053261,-0.143197541116,0,0,true
slm_gqa,8,4,64,1,512,64,11,2,3,head_major_head_first,head_major,head_first,0.053551,-0.143197541116,0,0,true
slm_gqa,8,4,64,1,512,64,11,3,0,block_major_block_first,block_major,block_first,0.05318,-0.143197541116,0,0,true
slm_gqa,8,4,64,1,512,64,11,3,1,head_major_block_first,head_major,block_first,0.054102,-0.143197541116,0,0,true
slm_gqa,8,4,64,1,512,64,11,3,2,head_major_head_first,head_major,head_first,0.053551,-0.143197541116,0,0,true
slm_gqa,8,4,64,1,512,64,11,3,3,block_major_head_first,block_major,head_first,0.053901,-0.143197541116,0,0,true
slm_gqa,8,4,64,1,512,64,11,4,0,block_major_block_first,block_major,block_first,0.05317,-0.143197541116,0,0,true
slm_gqa,8,4,64,1,512,64,11,4,1,block_major_head_first,block_major,head_first,0.05325,-0.143197541116,0,0,true
slm_gqa,8,4,64,1,512,64,11,4,2,head_major_block_first,head_major,block_first,0.054363,-0.143197541116,0,0,true
slm_gqa,8,4,64,1,512,64,11,4,3,head_major_head_first,head_major,head_first,0.053591,-0.143197541116,0,0,true
slm_gqa,8,4,64,1,512,64,11,5,0,block_major_block_first,block_major,block_first,0.053311,-0.143197541116,0,0,true
slm_gqa,8,4,64,1,512,64,11,5,1,head_major_block_first,head_major,block_first,0.054022,-0.143197541116,0,0,true
slm_gqa,8,4,64,1,512,64,11,5,2,block_major_head_first,block_major,head_first,0.053642,-0.143197541116,0,0,true
slm_gqa,8,4,64,1,512,64,11,5,3,head_major_head_first,head_major,head_first,0.053652,-0.143197541116,0,0,true
slm_gqa,8,4,64,1,512,64,11,6,0,block_major_block_first,block_major,block_first,0.053451,-0.143197541116,0,0,true
slm_gqa,8,4,64,1,512,64,11,6,1,block_major_head_first,block_major,head_first,0.05312,-0.143197541116,0,0,true
slm_gqa,8,4,64,1,512,64,11,6,2,head_major_head_first,head_major,head_first,0.053962,-0.143197541116,0,0,true
slm_gqa,8,4,64,1,512,64,11,6,3,head_major_block_first,head_major,block_first,0.053681,-0.143197541116,0,0,true
slm_gqa,8,4,64,1,512,64,11,7,0,block_major_block_first,block_major,block_first,0.053491,-0.143197541116,0,0,true
slm_gqa,8,4,64,1,512,64,11,7,1,head_major_head_first,head_major,head_first,0.053601,-0.143197541116,0,0,true
slm_gqa,8,4,64,1,512,64,11,7,2,block_major_head_first,block_major,head_first,0.053401,-0.143197541116,0,0,true
slm_gqa,8,4,64,1,512,64,11,7,3,head_major_block_first,head_major,block_first,0.067022,-0.143197541116,0,0,true
slm_gqa,8,4,64,1,512,64,11,8,0,block_major_block_first,block_major,block_first,0.05348,-0.143197541116,0,0,true
slm_gqa,8,4,64,1,512,64,11,8,1,head_major_head_first,head_major,head_first,0.053901,-0.143197541116,0,0,true
slm_gqa,8,4,64,1,512,64,11,8,2,head_major_block_first,head_major,block_first,0.053601,-0.143197541116,0,0,true
slm_gqa,8,4,64,1,512,64,11,8,3,block_major_head_first,block_major,head_first,0.054092,-0.143197541116,0,0,true
slm_gqa,8,4,64,1,512,64,11,9,0,head_major_head_first,head_major,head_first,0.053621,-0.143197541116,0,0,true
slm_gqa,8,4,64,1,512,64,11,9,1,block_major_head_first,block_major,head_first,0.053521,-0.143197541116,0,0,true
slm_gqa,8,4,64,1,512,64,11,9,2,head_major_block_first,head_major,block_first,0.054092,-0.143197541116,0,0,true
slm_gqa,8,4,64,1,512,64,11,9,3,block_major_block_first,block_major,block_first,0.053622,-0.143197541116,0,0,true
slm_gqa,8,4,64,1,512,64,11,10,0,head_major_head_first,head_major,head_first,0.053752,-0.143197541116,0,0,true
slm_gqa,8,4,64,1,512,64,11,10,1,block_major_head_first,block_major,head_first,0.053571,-0.143197541116,0,0,true
slm_gqa,8,4,64,1,512,64,11,10,2,block_major_block_first,block_major,block_first,0.05301,-0.143197541116,0,0,true
slm_gqa,8,4,64,1,512,64,11,10,3,head_major_block_first,head_major,block_first,0.054132,-0.143197541116,0,0,true
slm_gqa,8,4,64,1,512,64,11,11,0,block_major_block_first,block_major,block_first,0.053261,-0.143197541116,0,0,true
slm_gqa,8,4,64,1,512,64,11,11,1,block_major_head_first,block_major,head_first,0.053251,-0.143197541116,0,0,true
slm_gqa,8,4,64,1,512,64,11,11,2,head_major_block_first,head_major,block_first,0.053781,-0.143197541116,0,0,true
slm_gqa,8,4,64,1,512,64,11,11,3,head_major_head_first,head_major,head_first,0.054242,-0.143197541116,0,0,true
slm_gqa,8,4,64,1,512,64,11,12,0,head_major_block_first,head_major,block_first,0.053982,-0.143197541116,0,0,true
slm_gqa,8,4,64,1,512,64,11,12,1,block_major_block_first,block_major,block_first,0.053541,-0.143197541116,0,0,true
slm_gqa,8,4,64,1,512,64,11,12,2,head_major_head_first,head_major,head_first,0.053842,-0.143197541116,0,0,true
slm_gqa,8,4,64,1,512,64,11,12,3,block_major_head_first,block_major,head_first,0.053681,-0.143197541116,0,0,true
slm_gqa,8,4,64,1,512,64,11,13,0,block_major_block_first,block_major,block_first,0.053011,-0.143197541116,0,0,true
slm_gqa,8,4,64,1,512,64,11,13,1,head_major_block_first,head_major,block_first,0.054423,-0.143197541116,0,0,true
slm_gqa,8,4,64,1,512,64,11,13,2,block_major_head_first,block_major,head_first,0.053931,-0.143197541116,0,0,true
slm_gqa,8,4,64,1,512,64,11,13,3,head_major_head_first,head_major,head_first,0.054061,-0.143197541116,0,0,true
slm_gqa,8,4,64,1,512,64,11,14,0,head_major_head_first,head_major,head_first,0.053161,-0.143197541116,0,0,true
slm_gqa,8,4,64,1,512,64,11,14,1,block_major_head_first,block_major,head_first,0.053531,-0.143197541116,0,0,true
slm_gqa,8,4,64,1,512,64,11,14,2,block_major_block_first,block_major,block_first,0.05329,-0.143197541116,0,0,true
slm_gqa,8,4,64,1,512,64,11,14,3,head_major_block_first,head_major,block_first,0.054152,-0.143197541116,0,0,true
slm_gqa,8,4,64,1,512,64,11,15,0,block_major_head_first,block_major,head_first,0.053872,-0.143197541116,0,0,true
slm_gqa,8,4,64,1,512,64,11,15,1,head_major_head_first,head_major,head_first,0.053721,-0.143197541116,0,0,true
slm_gqa,8,4,64,1,512,64,11,15,2,block_major_block_first,block_major,block_first,0.053411,-0.143197541116,0,0,true
slm_gqa,8,4,64,1,512,64,11,15,3,head_major_block_first,head_major,block_first,0.054102,-0.143197541116,0,0,true
slm_gqa,8,4,64,1,512,64,11,16,0,block_major_head_first,block_major,head_first,0.053831,-0.143197541116,0,0,true
slm_gqa,8,4,64,1,512,64,11,16,1,head_major_head_first,head_major,head_first,0.053511,-0.143197541116,0,0,true
slm_gqa,8,4,64,1,512,64,11,16,2,head_major_block_first,head_major,block_first,0.053912,-0.143197541116,0,0,true
slm_gqa,8,4,64,1,512,64,11,16,3,block_major_block_first,block_major,block_first,0.053531,-0.143197541116,0,0,true
slm_gqa,8,4,64,1,512,64,11,17,0,block_major_block_first,block_major,block_first,0.05301,-0.143197541116,0,0,true
slm_gqa,8,4,64,1,512,64,11,17,1,head_major_block_first,head_major,block_first,0.054322,-0.143197541116,0,0,true
slm_gqa,8,4,64,1,512,64,11,17,2,head_major_head_first,head_major,head_first,0.053872,-0.143197541116,0,0,true
slm_gqa,8,4,64,1,512,64,11,17,3,block_major_head_first,block_major,head_first,0.053891,-0.143197541116,0,0,true
slm_gqa,8,4,64,1,512,64,11,18,0,head_major_head_first,head_major,head_first,0.053451,-0.143197541116,0,0,true
slm_gqa,8,4,64,1,512,64,11,18,1,block_major_block_first,block_major,block_first,0.053301,-0.143197541116,0,0,true
slm_gqa,8,4,64,1,512,64,11,18,2,head_major_block_first,head_major,block_first,0.054021,-0.143197541116,0,0,true
slm_gqa,8,4,64,1,512,64,11,18,3,block_major_head_first,block_major,head_first,0.053902,-0.143197541116,0,0,true
slm_gqa,8,4,64,1,512,64,11,19,0,head_major_head_first,head_major,head_first,0.053811,-0.143197541116,0,0,true
slm_gqa,8,4,64,1,512,64,11,19,1,head_major_block_first,head_major,block_first,0.054973,-0.143197541116,0,0,true
slm_gqa,8,4,64,1,512,64,11,19,2,block_major_head_first,block_major,head_first,0.053831,-0.143197541116,0,0,true
slm_gqa,8,4,64,1,512,64,11,19,3,block_major_block_first,block_major,block_first,0.053201,-0.143197541116,0,0,true
slm_gqa,8,4,64,1,512,64,29,0,0,head_major_block_first,head_major,block_first,0.052058,-1.21350456346,0,0,true
slm_gqa,8,4,64,1,512,64,29,0,1,block_major_head_first,block_major,head_first,0.053972,-1.21350456346,0,0,true
slm_gqa,8,4,64,1,512,64,29,0,2,block_major_block_first,block_major,block_first,0.053391,-1.21350456346,0,0,true
slm_gqa,8,4,64,1,512,64,29,0,3,head_major_head_first,head_major,head_first,0.052069,-1.21350456346,0,0,true
slm_gqa,8,4,64,1,512,64,29,1,0,head_major_head_first,head_major,head_first,0.061633,-1.21350456346,0,0,true
slm_gqa,8,4,64,1,512,64,29,1,1,block_major_block_first,block_major,block_first,0.053591,-1.21350456346,0,0,true
slm_gqa,8,4,64,1,512,64,29,1,2,head_major_block_first,head_major,block_first,0.051939,-1.21350456346,0,0,true
slm_gqa,8,4,64,1,512,64,29,1,3,block_major_head_first,block_major,head_first,0.054162,-1.21350456346,0,0,true
slm_gqa,8,4,64,1,512,64,29,2,0,head_major_block_first,head_major,block_first,0.051898,-1.21350456346,0,0,true
slm_gqa,8,4,64,1,512,64,29,2,1,block_major_block_first,block_major,block_first,0.053391,-1.21350456346,0,0,true
slm_gqa,8,4,64,1,512,64,29,2,2,block_major_head_first,block_major,head_first,0.053421,-1.21350456346,0,0,true
slm_gqa,8,4,64,1,512,64,29,2,3,head_major_head_first,head_major,head_first,0.051608,-1.21350456346,0,0,true
slm_gqa,8,4,64,1,512,64,29,3,0,block_major_block_first,block_major,block_first,0.053531,-1.21350456346,0,0,true
slm_gqa,8,4,64,1,512,64,29,3,1,head_major_block_first,head_major,block_first,0.051858,-1.21350456346,0,0,true
slm_gqa,8,4,64,1,512,64,29,3,2,head_major_head_first,head_major,head_first,0.051548,-1.21350456346,0,0,true
slm_gqa,8,4,64,1,512,64,29,3,3,block_major_head_first,block_major,head_first,0.054353,-1.21350456346,0,0,true
slm_gqa,8,4,64,1,512,64,29,4,0,head_major_head_first,head_major,head_first,0.051317,-1.21350456346,0,0,true
slm_gqa,8,4,64,1,512,64,29,4,1,head_major_block_first,head_major,block_first,0.051588,-1.21350456346,0,0,true
slm_gqa,8,4,64,1,512,64,29,4,2,block_major_block_first,block_major,block_first,0.053751,-1.21350456346,0,0,true
slm_gqa,8,4,64,1,512,64,29,4,3,block_major_head_first,block_major,head_first,0.053581,-1.21350456346,0,0,true
slm_gqa,8,4,64,1,512,64,29,5,0,head_major_head_first,head_major,head_first,0.052089,-1.21350456346,0,0,true
slm_gqa,8,4,64,1,512,64,29,5,1,block_major_head_first,block_major,head_first,0.053261,-1.21350456346,0,0,true
slm_gqa,8,4,64,1,512,64,29,5,2,head_major_block_first,head_major,block_first,0.051809,-1.21350456346,0,0,true
slm_gqa,8,4,64,1,512,64,29,5,3,block_major_block_first,block_major,block_first,0.054562,-1.21350456346,0,0,true
slm_gqa,8,4,64,1,512,64,29,6,0,block_major_block_first,block_major,block_first,0.0529,-1.21350456346,0,0,true
slm_gqa,8,4,64,1,512,64,29,6,1,block_major_head_first,block_major,head_first,0.053431,-1.21350456346,0,0,true
slm_gqa,8,4,64,1,512,64,29,6,2,head_major_head_first,head_major,head_first,0.051709,-1.21350456346,0,0,true
slm_gqa,8,4,64,1,512,64,29,6,3,head_major_block_first,head_major,block_first,0.051628,-1.21350456346,0,0,true
slm_gqa,8,4,64,1,512,64,29,7,0,block_major_block_first,block_major,block_first,0.053441,-1.21350456346,0,0,true
slm_gqa,8,4,64,1,512,64,29,7,1,block_major_head_first,block_major,head_first,0.053581,-1.21350456346,0,0,true
slm_gqa,8,4,64,1,512,64,29,7,2,head_major_head_first,head_major,head_first,0.052069,-1.21350456346,0,0,true
slm_gqa,8,4,64,1,512,64,29,7,3,head_major_block_first,head_major,block_first,0.051508,-1.21350456346,0,0,true
slm_gqa,8,4,64,1,512,64,29,8,0,head_major_block_first,head_major,block_first,0.051328,-1.21350456346,0,0,true
slm_gqa,8,4,64,1,512,64,29,8,1,block_major_head_first,block_major,head_first,0.053772,-1.21350456346,0,0,true
slm_gqa,8,4,64,1,512,64,29,8,2,head_major_head_first,head_major,head_first,0.051477,-1.21350456346,0,0,true
slm_gqa,8,4,64,1,512,64,29,8,3,block_major_block_first,block_major,block_first,0.053521,-1.21350456346,0,0,true
slm_gqa,8,4,64,1,512,64,29,9,0,head_major_head_first,head_major,head_first,0.051618,-1.21350456346,0,0,true
slm_gqa,8,4,64,1,512,64,29,9,1,block_major_head_first,block_major,head_first,0.054542,-1.21350456346,0,0,true
slm_gqa,8,4,64,1,512,64,29,9,2,head_major_block_first,head_major,block_first,0.051658,-1.21350456346,0,0,true
slm_gqa,8,4,64,1,512,64,29,9,3,block_major_block_first,block_major,block_first,0.053451,-1.21350456346,0,0,true
slm_gqa,8,4,64,1,512,64,29,10,0,head_major_block_first,head_major,block_first,0.051939,-1.21350456346,0,0,true
slm_gqa,8,4,64,1,512,64,29,10,1,head_major_head_first,head_major,head_first,0.051638,-1.21350456346,0,0,true
slm_gqa,8,4,64,1,512,64,29,10,2,block_major_head_first,block_major,head_first,0.053821,-1.21350456346,0,0,true
slm_gqa,8,4,64,1,512,64,29,10,3,block_major_block_first,block_major,block_first,0.05283,-1.21350456346,0,0,true
slm_gqa,8,4,64,1,512,64,29,11,0,block_major_block_first,block_major,block_first,0.05289,-1.21350456346,0,0,true
slm_gqa,8,4,64,1,512,64,29,11,1,head_major_block_first,head_major,block_first,0.052169,-1.21350456346,0,0,true
slm_gqa,8,4,64,1,512,64,29,11,2,block_major_head_first,block_major,head_first,0.053821,-1.21350456346,0,0,true
slm_gqa,8,4,64,1,512,64,29,11,3,head_major_head_first,head_major,head_first,0.051558,-1.21350456346,0,0,true
slm_gqa,8,4,64,1,512,64,29,12,0,block_major_head_first,block_major,head_first,0.053882,-1.21350456346,0,0,true
slm_gqa,8,4,64,1,512,64,29,12,1,head_major_head_first,head_major,head_first,0.051498,-1.21350456346,0,0,true
slm_gqa,8,4,64,1,512,64,29,12,2,head_major_block_first,head_major,block_first,0.051518,-1.21350456346,0,0,true
slm_gqa,8,4,64,1,512,64,29,12,3,block_major_block_first,block_major,block_first,0.053712,-1.21350456346,0,0,true
slm_gqa,8,4,64,1,512,64,29,13,0,block_major_block_first,block_major,block_first,0.053091,-1.21350456346,0,0,true
slm_gqa,8,4,64,1,512,64,29,13,1,block_major_head_first,block_major,head_first,0.05329,-1.21350456346,0,0,true
slm_gqa,8,4,64,1,512,64,29,13,2,head_major_block_first,head_major,block_first,0.051798,-1.21350456346,0,0,true
slm_gqa,8,4,64,1,512,64,29,13,3,head_major_head_first,head_major,head_first,0.051748,-1.21350456346,0,0,true
slm_gqa,8,4,64,1,512,64,29,14,0,head_major_block_first,head_major,block_first,0.051467,-1.21350456346,0,0,true
slm_gqa,8,4,64,1,512,64,29,14,1,block_major_block_first,block_major,block_first,0.053702,-1.21350456346,0,0,true
slm_gqa,8,4,64,1,512,64,29,14,2,block_major_head_first,block_major,head_first,0.05316,-1.21350456346,0,0,true
slm_gqa,8,4,64,1,512,64,29,14,3,head_major_head_first,head_major,head_first,0.051729,-1.21350456346,0,0,true
slm_gqa,8,4,64,1,512,64,29,15,0,head_major_head_first,head_major,head_first,0.051047,-1.21350456346,0,0,true
slm_gqa,8,4,64,1,512,64,29,15,1,block_major_head_first,block_major,head_first,0.053651,-1.21350456346,0,0,true
slm_gqa,8,4,64,1,512,64,29,15,2,block_major_block_first,block_major,block_first,0.053381,-1.21350456346,0,0,true
slm_gqa,8,4,64,1,512,64,29,15,3,head_major_block_first,head_major,block_first,0.051999,-1.21350456346,0,0,true
slm_gqa,8,4,64,1,512,64,29,16,0,head_major_head_first,head_major,head_first,0.051708,-1.21350456346,0,0,true
slm_gqa,8,4,64,1,512,64,29,16,1,head_major_block_first,head_major,block_first,0.051478,-1.21350456346,0,0,true
slm_gqa,8,4,64,1,512,64,29,16,2,block_major_head_first,block_major,head_first,0.053642,-1.21350456346,0,0,true
slm_gqa,8,4,64,1,512,64,29,16,3,block_major_block_first,block_major,block_first,0.053782,-1.21350456346,0,0,true
slm_gqa,8,4,64,1,512,64,29,17,0,head_major_block_first,head_major,block_first,0.0524,-1.21350456346,0,0,true
slm_gqa,8,4,64,1,512,64,29,17,1,block_major_block_first,block_major,block_first,0.053661,-1.21350456346,0,0,true
slm_gqa,8,4,64,1,512,64,29,17,2,block_major_head_first,block_major,head_first,0.053431,-1.21350456346,0,0,true
slm_gqa,8,4,64,1,512,64,29,17,3,head_major_head_first,head_major,head_first,0.051718,-1.21350456346,0,0,true
slm_gqa,8,4,64,1,512,64,29,18,0,block_major_block_first,block_major,block_first,0.053471,-1.21350456346,0,0,true
slm_gqa,8,4,64,1,512,64,29,18,1,head_major_head_first,head_major,head_first,0.062605,-1.21350456346,0,0,true
slm_gqa,8,4,64,1,512,64,29,18,2,block_major_head_first,block_major,head_first,0.053911,-1.21350456346,0,0,true
slm_gqa,8,4,64,1,512,64,29,18,3,head_major_block_first,head_major,block_first,0.052379,-1.21350456346,0,0,true
slm_gqa,8,4,64,1,512,64,29,19,0,head_major_head_first,head_major,head_first,0.051458,-1.21350456346,0,0,true
slm_gqa,8,4,64,1,512,64,29,19,1,block_major_head_first,block_major,head_first,0.053601,-1.21350456346,0,0,true
slm_gqa,8,4,64,1,512,64,29,19,2,block_major_block_first,block_major,block_first,0.05326,-1.21350456346,0,0,true
slm_gqa,8,4,64,1,512,64,29,19,3,head_major_block_first,head_major,block_first,0.052049,-1.21350456346,0,0,true
slm_gqa,8,4,64,1,512,64,47,0,0,head_major_head_first,head_major,head_first,0.051097,2.51669499708,0,0,true
slm_gqa,8,4,64,1,512,64,47,0,1,block_major_head_first,block_major,head_first,0.054883,2.51669499708,0,0,true
slm_gqa,8,4,64,1,512,64,47,0,2,block_major_block_first,block_major,block_first,0.05329,2.51669499708,0,0,true
slm_gqa,8,4,64,1,512,64,47,0,3,head_major_block_first,head_major,block_first,0.051638,2.51669499708,0,0,true
slm_gqa,8,4,64,1,512,64,47,1,0,block_major_head_first,block_major,head_first,0.054262,2.51669499708,0,0,true
slm_gqa,8,4,64,1,512,64,47,1,1,head_major_block_first,head_major,block_first,0.051708,2.51669499708,0,0,true
slm_gqa,8,4,64,1,512,64,47,1,2,block_major_block_first,block_major,block_first,0.053881,2.51669499708,0,0,true
slm_gqa,8,4,64,1,512,64,47,1,3,head_major_head_first,head_major,head_first,0.051337,2.51669499708,0,0,true
slm_gqa,8,4,64,1,512,64,47,2,0,block_major_block_first,block_major,block_first,0.053851,2.51669499708,0,0,true
slm_gqa,8,4,64,1,512,64,47,2,1,head_major_block_first,head_major,block_first,0.051698,2.51669499708,0,0,true
slm_gqa,8,4,64,1,512,64,47,2,2,head_major_head_first,head_major,head_first,0.051197,2.51669499708,0,0,true
slm_gqa,8,4,64,1,512,64,47,2,3,block_major_head_first,block_major,head_first,0.054612,2.51669499708,0,0,true
slm_gqa,8,4,64,1,512,64,47,3,0,block_major_head_first,block_major,head_first,0.053742,2.51669499708,0,0,true
slm_gqa,8,4,64,1,512,64,47,3,1,head_major_block_first,head_major,block_first,0.051729,2.51669499708,0,0,true
slm_gqa,8,4,64,1,512,64,47,3,2,head_major_head_first,head_major,head_first,0.050928,2.51669499708,0,0,true
slm_gqa,8,4,64,1,512,64,47,3,3,block_major_block_first,block_major,block_first,0.053772,2.51669499708,0,0,true
slm_gqa,8,4,64,1,512,64,47,4,0,block_major_head_first,block_major,head_first,0.054062,2.51669499708,0,0,true
slm_gqa,8,4,64,1,512,64,47,4,1,block_major_block_first,block_major,block_first,0.053041,2.51669499708,0,0,true
slm_gqa,8,4,64,1,512,64,47,4,2,head_major_block_first,head_major,block_first,0.051999,2.51669499708,0,0,true
slm_gqa,8,4,64,1,512,64,47,4,3,head_major_head_first,head_major,head_first,0.051097,2.51669499708,0,0,true
slm_gqa,8,4,64,1,512,64,47,5,0,head_major_head_first,head_major,head_first,0.050727,2.51669499708,0,0,true
slm_gqa,8,4,64,1,512,64,47,5,1,block_major_block_first,block_major,block_first,0.053722,2.51669499708,0,0,true
slm_gqa,8,4,64,1,512,64,47,5,2,head_major_block_first,head_major,block_first,0.051618,2.51669499708,0,0,true
slm_gqa,8,4,64,1,512,64,47,5,3,block_major_head_first,block_major,head_first,0.055023,2.51669499708,0,0,true
slm_gqa,8,4,64,1,512,64,47,6,0,head_major_block_first,head_major,block_first,0.051918,2.51669499708,0,0,true
slm_gqa,8,4,64,1,512,64,47,6,1,block_major_block_first,block_major,block_first,0.053751,2.51669499708,0,0,true
slm_gqa,8,4,64,1,512,64,47,6,2,head_major_head_first,head_major,head_first,0.051358,2.51669499708,0,0,true
slm_gqa,8,4,64,1,512,64,47,6,3,block_major_head_first,block_major,head_first,0.054392,2.51669499708,0,0,true
slm_gqa,8,4,64,1,512,64,47,7,0,head_major_block_first,head_major,block_first,0.051748,2.51669499708,0,0,true
slm_gqa,8,4,64,1,512,64,47,7,1,block_major_block_first,block_major,block_first,0.053931,2.51669499708,0,0,true
slm_gqa,8,4,64,1,512,64,47,7,2,block_major_head_first,block_major,head_first,0.053461,2.51669499708,0,0,true
slm_gqa,8,4,64,1,512,64,47,7,3,head_major_head_first,head_major,head_first,0.051408,2.51669499708,0,0,true
slm_gqa,8,4,64,1,512,64,47,8,0,block_major_block_first,block_major,block_first,0.053752,2.51669499708,0,0,true
slm_gqa,8,4,64,1,512,64,47,8,1,head_major_block_first,head_major,block_first,0.051818,2.51669499708,0,0,true
slm_gqa,8,4,64,1,512,64,47,8,2,head_major_head_first,head_major,head_first,0.051227,2.51669499708,0,0,true
slm_gqa,8,4,64,1,512,64,47,8,3,block_major_head_first,block_major,head_first,0.054402,2.51669499708,0,0,true
slm_gqa,8,4,64,1,512,64,47,9,0,block_major_block_first,block_major,block_first,0.053181,2.51669499708,0,0,true
slm_gqa,8,4,64,1,512,64,47,9,1,block_major_head_first,block_major,head_first,0.053762,2.51669499708,0,0,true
slm_gqa,8,4,64,1,512,64,47,9,2,head_major_head_first,head_major,head_first,0.051608,2.51669499708,0,0,true
slm_gqa,8,4,64,1,512,64,47,9,3,head_major_block_first,head_major,block_first,0.051568,2.51669499708,0,0,true
slm_gqa,8,4,64,1,512,64,47,10,0,block_major_block_first,block_major,block_first,0.054042,2.51669499708,0,0,true
slm_gqa,8,4,64,1,512,64,47,10,1,block_major_head_first,block_major,head_first,0.054092,2.51669499708,0,0,true
slm_gqa,8,4,64,1,512,64,47,10,2,head_major_block_first,head_major,block_first,0.051768,2.51669499708,0,0,true
slm_gqa,8,4,64,1,512,64,47,10,3,head_major_head_first,head_major,head_first,0.051328,2.51669499708,0,0,true
slm_gqa,8,4,64,1,512,64,47,11,0,block_major_block_first,block_major,block_first,0.054162,2.51669499708,0,0,true
slm_gqa,8,4,64,1,512,64,47,11,1,block_major_head_first,block_major,head_first,0.053832,2.51669499708,0,0,true
slm_gqa,8,4,64,1,512,64,47,11,2,head_major_block_first,head_major,block_first,0.051468,2.51669499708,0,0,true
slm_gqa,8,4,64,1,512,64,47,11,3,head_major_head_first,head_major,head_first,0.051488,2.51669499708,0,0,true
slm_gqa,8,4,64,1,512,64,47,12,0,head_major_head_first,head_major,head_first,0.050806,2.51669499708,0,0,true
slm_gqa,8,4,64,1,512,64,47,12,1,block_major_block_first,block_major,block_first,0.053741,2.51669499708,0,0,true
slm_gqa,8,4,64,1,512,64,47,12,2,block_major_head_first,block_major,head_first,0.054072,2.51669499708,0,0,true
slm_gqa,8,4,64,1,512,64,47,12,3,head_major_block_first,head_major,block_first,0.051408,2.51669499708,0,0,true
slm_gqa,8,4,64,1,512,64,47,13,0,block_major_block_first,block_major,block_first,0.053802,2.51669499708,0,0,true
slm_gqa,8,4,64,1,512,64,47,13,1,block_major_head_first,block_major,head_first,0.053611,2.51669499708,0,0,true
slm_gqa,8,4,64,1,512,64,47,13,2,head_major_block_first,head_major,block_first,0.051788,2.51669499708,0,0,true
slm_gqa,8,4,64,1,512,64,47,13,3,head_major_head_first,head_major,head_first,0.061914,2.51669499708,0,0,true
slm_gqa,8,4,64,1,512,64,47,14,0,head_major_block_first,head_major,block_first,0.051078,2.51669499708,0,0,true
slm_gqa,8,4,64,1,512,64,47,14,1,block_major_block_first,block_major,block_first,0.054102,2.51669499708,0,0,true
slm_gqa,8,4,64,1,512,64,47,14,2,block_major_head_first,block_major,head_first,0.053941,2.51669499708,0,0,true
slm_gqa,8,4,64,1,512,64,47,14,3,head_major_head_first,head_major,head_first,0.051508,2.51669499708,0,0,true
slm_gqa,8,4,64,1,512,64,47,15,0,block_major_block_first,block_major,block_first,0.053831,2.51669499708,0,0,true
slm_gqa,8,4,64,1,512,64,47,15,1,head_major_block_first,head_major,block_first,0.051608,2.51669499708,0,0,true
slm_gqa,8,4,64,1,512,64,47,15,2,head_major_head_first,head_major,head_first,0.051128,2.51669499708,0,0,true
slm_gqa,8,4,64,1,512,64,47,15,3,block_major_head_first,block_major,head_first,0.054653,2.51669499708,0,0,true
slm_gqa,8,4,64,1,512,64,47,16,0,head_major_block_first,head_major,block_first,0.051498,2.51669499708,0,0,true
slm_gqa,8,4,64,1,512,64,47,16,1,head_major_head_first,head_major,head_first,0.050897,2.51669499708,0,0,true
slm_gqa,8,4,64,1,512,64,47,16,2,block_major_block_first,block_major,block_first,0.053911,2.51669499708,0,0,true
slm_gqa,8,4,64,1,512,64,47,16,3,block_major_head_first,block_major,head_first,0.053942,2.51669499708,0,0,true
slm_gqa,8,4,64,1,512,64,47,17,0,block_major_head_first,block_major,head_first,0.053711,2.51669499708,0,0,true
slm_gqa,8,4,64,1,512,64,47,17,1,head_major_block_first,head_major,block_first,0.051438,2.51669499708,0,0,true
slm_gqa,8,4,64,1,512,64,47,17,2,head_major_head_first,head_major,head_first,0.051128,2.51669499708,0,0,true
slm_gqa,8,4,64,1,512,64,47,17,3,block_major_block_first,block_major,block_first,0.054262,2.51669499708,0,0,true
slm_gqa,8,4,64,1,512,64,47,18,0,head_major_head_first,head_major,head_first,0.051257,2.51669499708,0,0,true
slm_gqa,8,4,64,1,512,64,47,18,1,head_major_block_first,head_major,block_first,0.051118,2.51669499708,0,0,true
slm_gqa,8,4,64,1,512,64,47,18,2,block_major_head_first,block_major,head_first,0.054803,2.51669499708,0,0,true
slm_gqa,8,4,64,1,512,64,47,18,3,block_major_block_first,block_major,block_first,0.053231,2.51669499708,0,0,true
slm_gqa,8,4,64,1,512,64,47,19,0,block_major_head_first,block_major,head_first,0.053601,2.51669499708,0,0,true
slm_gqa,8,4,64,1,512,64,47,19,1,block_major_block_first,block_major,block_first,0.053191,2.51669499708,0,0,true
slm_gqa,8,4,64,1,512,64,47,19,2,head_major_block_first,head_major,block_first,0.051628,2.51669499708,0,0,true
slm_gqa,8,4,64,1,512,64,47,19,3,head_major_head_first,head_major,head_first,0.051147,2.51669499708,0,0,true
slm_gqa,8,4,64,1,2048,64,11,0,0,block_major_block_first,block_major,block_first,0.168074,0.285165353938,0,0,true
slm_gqa,8,4,64,1,2048,64,11,0,1,head_major_block_first,head_major,block_first,0.169797,0.285165353938,0,0,true
slm_gqa,8,4,64,1,2048,64,11,0,2,block_major_head_first,block_major,head_first,0.172872,0.285165353938,0,0,true
slm_gqa,8,4,64,1,2048,64,11,0,3,head_major_head_first,head_major,head_first,0.170548,0.285165353938,0,0,true
slm_gqa,8,4,64,1,2048,64,11,1,0,block_major_block_first,block_major,block_first,0.168675,0.285165353938,0,0,true
slm_gqa,8,4,64,1,2048,64,11,1,1,head_major_block_first,head_major,block_first,0.169076,0.285165353938,0,0,true
slm_gqa,8,4,64,1,2048,64,11,1,2,head_major_head_first,head_major,head_first,0.168315,0.285165353938,0,0,true
slm_gqa,8,4,64,1,2048,64,11,1,3,block_major_head_first,block_major,head_first,0.188375,0.285165353938,0,0,true
slm_gqa,8,4,64,1,2048,64,11,2,0,block_major_block_first,block_major,block_first,0.169046,0.285165353938,0,0,true
slm_gqa,8,4,64,1,2048,64,11,2,1,head_major_head_first,head_major,head_first,0.095745,0.285165353938,0,0,true
slm_gqa,8,4,64,1,2048,64,11,2,2,block_major_head_first,block_major,head_first,0.087192,0.285165353938,0,0,true
slm_gqa,8,4,64,1,2048,64,11,2,3,head_major_block_first,head_major,block_first,0.084939,0.285165353938,0,0,true
slm_gqa,8,4,64,1,2048,64,11,3,0,head_major_block_first,head_major,block_first,0.084758,0.285165353938,0,0,true
slm_gqa,8,4,64,1,2048,64,11,3,1,block_major_block_first,block_major,block_first,0.084397,0.285165353938,0,0,true
slm_gqa,8,4,64,1,2048,64,11,3,2,block_major_head_first,block_major,head_first,0.086981,0.285165353938,0,0,true
slm_gqa,8,4,64,1,2048,64,11,3,3,head_major_head_first,head_major,head_first,0.084178,0.285165353938,0,0,true
slm_gqa,8,4,64,1,2048,64,11,4,0,head_major_block_first,head_major,block_first,0.085319,0.285165353938,0,0,true
slm_gqa,8,4,64,1,2048,64,11,4,1,block_major_head_first,block_major,head_first,0.087472,0.285165353938,0,0,true
slm_gqa,8,4,64,1,2048,64,11,4,2,block_major_block_first,block_major,block_first,0.085009,0.285165353938,0,0,true
slm_gqa,8,4,64,1,2048,64,11,4,3,head_major_head_first,head_major,head_first,0.084298,0.285165353938,0,0,true
slm_gqa,8,4,64,1,2048,64,11,5,0,block_major_block_first,block_major,block_first,0.084227,0.285165353938,0,0,true
slm_gqa,8,4,64,1,2048,64,11,5,1,head_major_block_first,head_major,block_first,0.085149,0.285165353938,0,0,true
slm_gqa,8,4,64,1,2048,64,11,5,2,block_major_head_first,block_major,head_first,0.087492,0.285165353938,0,0,true
slm_gqa,8,4,64,1,2048,64,11,5,3,head_major_head_first,head_major,head_first,0.084478,0.285165353938,0,0,true
slm_gqa,8,4,64,1,2048,64,11,6,0,block_major_block_first,block_major,block_first,0.084248,0.285165353938,0,0,true
slm_gqa,8,4,64,1,2048,64,11,6,1,block_major_head_first,block_major,head_first,0.086802,0.285165353938,0,0,true
slm_gqa,8,4,64,1,2048,64,11,6,2,head_major_head_first,head_major,head_first,0.084237,0.285165353938,0,0,true
slm_gqa,8,4,64,1,2048,64,11,6,3,head_major_block_first,head_major,block_first,0.085269,0.285165353938,0,0,true
slm_gqa,8,4,64,1,2048,64,11,7,0,head_major_block_first,head_major,block_first,0.085099,0.285165353938,0,0,true
slm_gqa,8,4,64,1,2048,64,11,7,1,head_major_head_first,head_major,head_first,0.084578,0.285165353938,0,0,true
slm_gqa,8,4,64,1,2048,64,11,7,2,block_major_block_first,block_major,block_first,0.085139,0.285165353938,0,0,true
slm_gqa,8,4,64,1,2048,64,11,7,3,block_major_head_first,block_major,head_first,0.087282,0.285165353938,0,0,true
slm_gqa,8,4,64,1,2048,64,11,8,0,head_major_head_first,head_major,head_first,0.084729,0.285165353938,0,0,true
slm_gqa,8,4,64,1,2048,64,11,8,1,head_major_block_first,head_major,block_first,0.085359,0.285165353938,0,0,true
slm_gqa,8,4,64,1,2048,64,11,8,2,block_major_head_first,block_major,head_first,0.087663,0.285165353938,0,0,true
slm_gqa,8,4,64,1,2048,64,11,8,3,block_major_block_first,block_major,block_first,0.084578,0.285165353938,0,0,true
slm_gqa,8,4,64,1,2048,64,11,9,0,block_major_block_first,block_major,block_first,0.084228,0.285165353938,0,0,true
slm_gqa,8,4,64,1,2048,64,11,9,1,head_major_block_first,head_major,block_first,0.08551,0.285165353938,0,0,true
slm_gqa,8,4,64,1,2048,64,11,9,2,block_major_head_first,block_major,head_first,0.087342,0.285165353938,0,0,true
slm_gqa,8,4,64,1,2048,64,11,9,3,head_major_head_first,head_major,head_first,0.084719,0.285165353938,0,0,true
slm_gqa,8,4,64,1,2048,64,11,10,0,head_major_block_first,head_major,block_first,0.085239,0.285165353938,0,0,true
slm_gqa,8,4,64,1,2048,64,11,10,1,block_major_head_first,block_major,head_first,0.087963,0.285165353938,0,0,true
slm_gqa,8,4,64,1,2048,64,11,10,2,head_major_head_first,head_major,head_first,0.084938,0.285165353938,0,0,true
slm_gqa,8,4,64,1,2048,64,11,10,3,block_major_block_first,block_major,block_first,0.084508,0.285165353938,0,0,true
slm_gqa,8,4,64,1,2048,64,11,11,0,block_major_block_first,block_major,block_first,0.084458,0.285165353938,0,0,true
slm_gqa,8,4,64,1,2048,64,11,11,1,block_major_head_first,block_major,head_first,0.087152,0.285165353938,0,0,true
slm_gqa,8,4,64,1,2048,64,11,11,2,head_major_block_first,head_major,block_first,0.085179,0.285165353938,0,0,true
slm_gqa,8,4,64,1,2048,64,11,11,3,head_major_head_first,head_major,head_first,0.084919,0.285165353938,0,0,true
slm_gqa,8,4,64,1,2048,64,11,12,0,block_major_head_first,block_major,head_first,0.087362,0.285165353938,0,0,true
slm_gqa,8,4,64,1,2048,64,11,12,1,head_major_block_first,head_major,block_first,0.085209,0.285165353938,0,0,true
slm_gqa,8,4,64,1,2048,64,11,12,2,block_major_block_first,block_major,block_first,0.093412,0.285165353938,0,0,true
slm_gqa,8,4,64,1,2048,64,11,12,3,head_major_head_first,head_major,head_first,0.084177,0.285165353938,0,0,true
slm_gqa,8,4,64,1,2048,64,11,13,0,block_major_block_first,block_major,block_first,0.084467,0.285165353938,0,0,true
slm_gqa,8,4,64,1,2048,64,11,13,1,block_major_head_first,block_major,head_first,0.087432,0.285165353938,0,0,true
slm_gqa,8,4,64,1,2048,64,11,13,2,head_major_block_first,head_major,block_first,0.08563,0.285165353938,0,0,true
slm_gqa,8,4,64,1,2048,64,11,13,3,head_major_head_first,head_major,head_first,0.084448,0.285165353938,0,0,true
slm_gqa,8,4,64,1,2048,64,11,14,0,head_major_block_first,head_major,block_first,0.084988,0.285165353938,0,0,true
slm_gqa,8,4,64,1,2048,64,11,14,1,head_major_head_first,head_major,head_first,0.084378,0.285165353938,0,0,true
slm_gqa,8,4,64,1,2048,64,11,14,2,block_major_block_first,block_major,block_first,0.085059,0.285165353938,0,0,true
slm_gqa,8,4,64,1,2048,64,11,14,3,block_major_head_first,block_major,head_first,0.087132,0.285165353938,0,0,true
slm_gqa,8,4,64,1,2048,64,11,15,0,head_major_head_first,head_major,head_first,0.084508,0.285165353938,0,0,true
slm_gqa,8,4,64,1,2048,64,11,15,1,head_major_block_first,head_major,block_first,0.085289,0.285165353938,0,0,true
slm_gqa,8,4,64,1,2048,64,11,15,2,block_major_head_first,block_major,head_first,0.086812,0.285165353938,0,0,true
slm_gqa,8,4,64,1,2048,64,11,15,3,block_major_block_first,block_major,block_first,0.084488,0.285165353938,0,0,true
slm_gqa,8,4,64,1,2048,64,11,16,0,head_major_head_first,head_major,head_first,0.084348,0.285165353938,0,0,true
slm_gqa,8,4,64,1,2048,64,11,16,1,head_major_block_first,head_major,block_first,0.085119,0.285165353938,0,0,true
slm_gqa,8,4,64,1,2048,64,11,16,2,block_major_head_first,block_major,head_first,0.087563,0.285165353938,0,0,true
slm_gqa,8,4,64,1,2048,64,11,16,3,block_major_block_first,block_major,block_first,0.084418,0.285165353938,0,0,true
slm_gqa,8,4,64,1,2048,64,11,17,0,head_major_head_first,head_major,head_first,0.084638,0.285165353938,0,0,true
slm_gqa,8,4,64,1,2048,64,11,17,1,block_major_head_first,block_major,head_first,0.087092,0.285165353938,0,0,true
slm_gqa,8,4,64,1,2048,64,11,17,2,block_major_block_first,block_major,block_first,0.084618,0.285165353938,0,0,true
slm_gqa,8,4,64,1,2048,64,11,17,3,head_major_block_first,head_major,block_first,0.085659,0.285165353938,0,0,true
slm_gqa,8,4,64,1,2048,64,11,18,0,block_major_head_first,block_major,head_first,0.087332,0.285165353938,0,0,true
slm_gqa,8,4,64,1,2048,64,11,18,1,head_major_head_first,head_major,head_first,0.085109,0.285165353938,0,0,true
slm_gqa,8,4,64,1,2048,64,11,18,2,block_major_block_first,block_major,block_first,0.085029,0.285165353938,0,0,true
slm_gqa,8,4,64,1,2048,64,11,18,3,head_major_block_first,head_major,block_first,0.08546,0.285165353938,0,0,true
slm_gqa,8,4,64,1,2048,64,11,19,0,head_major_block_first,head_major,block_first,0.084728,0.285165353938,0,0,true
slm_gqa,8,4,64,1,2048,64,11,19,1,head_major_head_first,head_major,head_first,0.084248,0.285165353938,0,0,true
slm_gqa,8,4,64,1,2048,64,11,19,2,block_major_head_first,block_major,head_first,0.086811,0.285165353938,0,0,true
slm_gqa,8,4,64,1,2048,64,11,19,3,block_major_block_first,block_major,block_first,0.084488,0.285165353938,0,0,true
slm_gqa,8,4,64,1,2048,64,29,0,0,head_major_head_first,head_major,head_first,0.081103,-0.322057832962,0,0,true
slm_gqa,8,4,64,1,2048,64,29,0,1,head_major_block_first,head_major,block_first,0.081453,-0.322057832962,0,0,true
slm_gqa,8,4,64,1,2048,64,29,0,2,block_major_head_first,block_major,head_first,0.087252,-0.322057832962,0,0,true
slm_gqa,8,4,64,1,2048,64,29,0,3,block_major_block_first,block_major,block_first,0.084648,-0.322057832962,0,0,true
slm_gqa,8,4,64,1,2048,64,29,1,0,head_major_block_first,head_major,block_first,0.081534,-0.322057832962,0,0,true
slm_gqa,8,4,64,1,2048,64,29,1,1,block_major_block_first,block_major,block_first,0.084488,-0.322057832962,0,0,true
slm_gqa,8,4,64,1,2048,64,29,1,2,head_major_head_first,head_major,head_first,0.081323,-0.322057832962,0,0,true
slm_gqa,8,4,64,1,2048,64,29,1,3,block_major_head_first,block_major,head_first,0.086531,-0.322057832962,0,0,true
slm_gqa,8,4,64,1,2048,64,29,2,0,head_major_block_first,head_major,block_first,0.081964,-0.322057832962,0,0,true
slm_gqa,8,4,64,1,2048,64,29,2,1,head_major_head_first,head_major,head_first,0.081233,-0.322057832962,0,0,true
slm_gqa,8,4,64,1,2048,64,29,2,2,block_major_head_first,block_major,head_first,0.086481,-0.322057832962,0,0,true
slm_gqa,8,4,64,1,2048,64,29,2,3,block_major_block_first,block_major,block_first,0.084818,-0.322057832962,0,0,true
slm_gqa,8,4,64,1,2048,64,29,3,0,head_major_block_first,head_major,block_first,0.081924,-0.322057832962,0,0,true
slm_gqa,8,4,64,1,2048,64,29,3,1,block_major_block_first,block_major,block_first,0.084608,-0.322057832962,0,0,true
slm_gqa,8,4,64,1,2048,64,29,3,2,head_major_head_first,head_major,head_first,0.081403,-0.322057832962,0,0,true
slm_gqa,8,4,64,1,2048,64,29,3,3,block_major_head_first,block_major,head_first,0.087051,-0.322057832962,0,0,true
slm_gqa,8,4,64,1,2048,64,29,4,0,head_major_block_first,head_major,block_first,0.081483,-0.322057832962,0,0,true
slm_gqa,8,4,64,1,2048,64,29,4,1,block_major_block_first,block_major,block_first,0.084218,-0.322057832962,0,0,true
slm_gqa,8,4,64,1,2048,64,29,4,2,head_major_head_first,head_major,head_first,0.081403,-0.322057832962,0,0,true
slm_gqa,8,4,64,1,2048,64,29,4,3,block_major_head_first,block_major,head_first,0.086501,-0.322057832962,0,0,true
slm_gqa,8,4,64,1,2048,64,29,5,0,block_major_block_first,block_major,block_first,0.084898,-0.322057832962,0,0,true
slm_gqa,8,4,64,1,2048,64,29,5,1,block_major_head_first,block_major,head_first,0.086751,-0.322057832962,0,0,true
slm_gqa,8,4,64,1,2048,64,29,5,2,head_major_block_first,head_major,block_first,0.086881,-0.322057832962,0,0,true
slm_gqa,8,4,64,1,2048,64,29,5,3,head_major_head_first,head_major,head_first,0.081353,-0.322057832962,0,0,true
slm_gqa,8,4,64,1,2048,64,29,6,0,block_major_head_first,block_major,head_first,0.086841,-0.322057832962,0,0,true
slm_gqa,8,4,64,1,2048,64,29,6,1,head_major_block_first,head_major,block_first,0.081694,-0.322057832962,0,0,true
slm_gqa,8,4,64,1,2048,64,29,6,2,head_major_head_first,head_major,head_first,0.081724,-0.322057832962,0,0,true
slm_gqa,8,4,64,1,2048,64,29,6,3,block_major_block_first,block_major,block_first,0.084769,-0.322057832962,0,0,true
slm_gqa,8,4,64,1,2048,64,29,7,0,head_major_head_first,head_major,head_first,0.080992,-0.322057832962,0,0,true
slm_gqa,8,4,64,1,2048,64,29,7,1,block_major_block_first,block_major,block_first,0.084618,-0.322057832962,0,0,true
slm_gqa,8,4,64,1,2048,64,29,7,2,head_major_block_first,head_major,block_first,0.081604,-0.322057832962,0,0,true
slm_gqa,8,4,64,1,2048,64,29,7,3,block_major_head_first,block_major,head_first,0.086911,-0.322057832962,0,0,true
slm_gqa,8,4,64,1,2048,64,29,8,0,head_major_head_first,head_major,head_first,0.081153,-0.322057832962,0,0,true
slm_gqa,8,4,64,1,2048,64,29,8,1,block_major_block_first,block_major,block_first,0.084739,-0.322057832962,0,0,true
slm_gqa,8,4,64,1,2048,64,29,8,2,head_major_block_first,head_major,block_first,0.081864,-0.322057832962,0,0,true
slm_gqa,8,4,64,1,2048,64,29,8,3,block_major_head_first,block_major,head_first,0.086521,-0.322057832962,0,0,true
slm_gqa,8,4,64,1,2048,64,29,9,0,block_major_head_first,block_major,head_first,0.086031,-0.322057832962,0,0,true
slm_gqa,8,4,64,1,2048,64,29,9,1,block_major_block_first,block_major,block_first,0.084558,-0.322057832962,0,0,true
slm_gqa,8,4,64,1,2048,64,29,9,2,head_major_head_first,head_major,head_first,0.080632,-0.322057832962,0,0,true
slm_gqa,8,4,64,1,2048,64,29,9,3,head_major_block_first,head_major,block_first,0.081404,-0.322057832962,0,0,true
slm_gqa,8,4,64,1,2048,64,29,10,0,head_major_block_first,head_major,block_first,0.081473,-0.322057832962,0,0,true
slm_gqa,8,4,64,1,2048,64,29,10,1,block_major_block_first,block_major,block_first,0.084548,-0.322057832962,0,0,true
slm_gqa,8,4,64,1,2048,64,29,10,2,block_major_head_first,block_major,head_first,0.086601,-0.322057832962,0,0,true
slm_gqa,8,4,64,1,2048,64,29,10,3,head_major_head_first,head_major,head_first,0.081223,-0.322057832962,0,0,true
slm_gqa,8,4,64,1,2048,64,29,11,0,block_major_block_first,block_major,block_first,0.084648,-0.322057832962,0,0,true
slm_gqa,8,4,64,1,2048,64,29,11,1,head_major_block_first,head_major,block_first,0.081263,-0.322057832962,0,0,true
slm_gqa,8,4,64,1,2048,64,29,11,2,block_major_head_first,block_major,head_first,0.086471,-0.322057832962,0,0,true
slm_gqa,8,4,64,1,2048,64,29,11,3,head_major_head_first,head_major,head_first,0.080842,-0.322057832962,0,0,true
slm_gqa,8,4,64,1,2048,64,29,12,0,block_major_head_first,block_major,head_first,0.086972,-0.322057832962,0,0,true
slm_gqa,8,4,64,1,2048,64,29,12,1,head_major_head_first,head_major,head_first,0.080992,-0.322057832962,0,0,true
slm_gqa,8,4,64,1,2048,64,29,12,2,head_major_block_first,head_major,block_first,0.081353,-0.322057832962,0,0,true
slm_gqa,8,4,64,1,2048,64,29,12,3,block_major_block_first,block_major,block_first,0.084758,-0.322057832962,0,0,true
slm_gqa,8,4,64,1,2048,64,29,13,0,block_major_block_first,block_major,block_first,0.085059,-0.322057832962,0,0,true
slm_gqa,8,4,64,1,2048,64,29,13,1,block_major_head_first,block_major,head_first,0.086772,-0.322057832962,0,0,true
slm_gqa,8,4,64,1,2048,64,29,13,2,head_major_head_first,head_major,head_first,0.081383,-0.322057832962,0,0,true
slm_gqa,8,4,64,1,2048,64,29,13,3,head_major_block_first,head_major,block_first,0.081504,-0.322057832962,0,0,true
slm_gqa,8,4,64,1,2048,64,29,14,0,head_major_head_first,head_major,head_first,0.081403,-0.322057832962,0,0,true
slm_gqa,8,4,64,1,2048,64,29,14,1,block_major_block_first,block_major,block_first,0.084899,-0.322057832962,0,0,true
slm_gqa,8,4,64,1,2048,64,29,14,2,block_major_head_first,block_major,head_first,0.087142,-0.322057832962,0,0,true
slm_gqa,8,4,64,1,2048,64,29,14,3,head_major_block_first,head_major,block_first,0.081594,-0.322057832962,0,0,true
slm_gqa,8,4,64,1,2048,64,29,15,0,head_major_head_first,head_major,head_first,0.081143,-0.322057832962,0,0,true
slm_gqa,8,4,64,1,2048,64,29,15,1,head_major_block_first,head_major,block_first,0.081764,-0.322057832962,0,0,true
slm_gqa,8,4,64,1,2048,64,29,15,2,block_major_block_first,block_major,block_first,0.084738,-0.322057832962,0,0,true
slm_gqa,8,4,64,1,2048,64,29,15,3,block_major_head_first,block_major,head_first,0.086751,-0.322057832962,0,0,true
slm_gqa,8,4,64,1,2048,64,29,16,0,block_major_head_first,block_major,head_first,0.086071,-0.322057832962,0,0,true
slm_gqa,8,4,64,1,2048,64,29,16,1,block_major_block_first,block_major,block_first,0.084558,-0.322057832962,0,0,true
slm_gqa,8,4,64,1,2048,64,29,16,2,head_major_head_first,head_major,head_first,0.081183,-0.322057832962,0,0,true
slm_gqa,8,4,64,1,2048,64,29,16,3,head_major_block_first,head_major,block_first,0.081443,-0.322057832962,0,0,true
slm_gqa,8,4,64,1,2048,64,29,17,0,head_major_head_first,head_major,head_first,0.091037,-0.322057832962,0,0,true
slm_gqa,8,4,64,1,2048,64,29,17,1,head_major_block_first,head_major,block_first,0.081614,-0.322057832962,0,0,true
slm_gqa,8,4,64,1,2048,64,29,17,2,block_major_block_first,block_major,block_first,0.084938,-0.322057832962,0,0,true
slm_gqa,8,4,64,1,2048,64,29,17,3,block_major_head_first,block_major,head_first,0.086761,-0.322057832962,0,0,true
slm_gqa,8,4,64,1,2048,64,29,18,0,block_major_block_first,block_major,block_first,0.084728,-0.322057832962,0,0,true
slm_gqa,8,4,64,1,2048,64,29,18,1,head_major_block_first,head_major,block_first,0.081634,-0.322057832962,0,0,true
slm_gqa,8,4,64,1,2048,64,29,18,2,block_major_head_first,block_major,head_first,0.087172,-0.322057832962,0,0,true
slm_gqa,8,4,64,1,2048,64,29,18,3,head_major_head_first,head_major,head_first,0.080973,-0.322057832962,0,0,true
slm_gqa,8,4,64,1,2048,64,29,19,0,block_major_head_first,block_major,head_first,0.086681,-0.322057832962,0,0,true
slm_gqa,8,4,64,1,2048,64,29,19,1,head_major_head_first,head_major,head_first,0.080733,-0.322057832962,0,0,true
slm_gqa,8,4,64,1,2048,64,29,19,2,head_major_block_first,head_major,block_first,0.081784,-0.322057832962,0,0,true
slm_gqa,8,4,64,1,2048,64,29,19,3,block_major_block_first,block_major,block_first,0.085509,-0.322057832962,0,0,true
slm_gqa,8,4,64,1,2048,64,47,0,0,head_major_block_first,head_major,block_first,0.082034,1.06403485323,0,0,true
slm_gqa,8,4,64,1,2048,64,47,0,1,head_major_head_first,head_major,head_first,0.081123,1.06403485323,0,0,true
slm_gqa,8,4,64,1,2048,64,47,0,2,block_major_head_first,block_major,head_first,0.086531,1.06403485323,0,0,true
slm_gqa,8,4,64,1,2048,64,47,0,3,block_major_block_first,block_major,block_first,0.084538,1.06403485323,0,0,true
slm_gqa,8,4,64,1,2048,64,47,1,0,block_major_head_first,block_major,head_first,0.086691,1.06403485323,0,0,true
slm_gqa,8,4,64,1,2048,64,47,1,1,head_major_block_first,head_major,block_first,0.081824,1.06403485323,0,0,true
slm_gqa,8,4,64,1,2048,64,47,1,2,head_major_head_first,head_major,head_first,0.081293,1.06403485323,0,0,true
slm_gqa,8,4,64,1,2048,64,47,1,3,block_major_block_first,block_major,block_first,0.085059,1.06403485323,0,0,true
slm_gqa,8,4,64,1,2048,64,47,2,0,head_major_head_first,head_major,head_first,0.081323,1.06403485323,0,0,true
slm_gqa,8,4,64,1,2048,64,47,2,1,block_major_block_first,block_major,block_first,0.085059,1.06403485323,0,0,true
slm_gqa,8,4,64,1,2048,64,47,2,2,block_major_head_first,block_major,head_first,0.086521,1.06403485323,0,0,true
slm_gqa,8,4,64,1,2048,64,47,2,3,head_major_block_first,head_major,block_first,0.081924,1.06403485323,0,0,true
slm_gqa,8,4,64,1,2048,64,47,3,0,block_major_head_first,block_major,head_first,0.086792,1.06403485323,0,0,true
slm_gqa,8,4,64,1,2048,64,47,3,1,head_major_head_first,head_major,head_first,0.081343,1.06403485323,0,0,true
slm_gqa,8,4,64,1,2048,64,47,3,2,head_major_block_first,head_major,block_first,0.081544,1.06403485323,0,0,true
slm_gqa,8,4,64,1,2048,64,47,3,3,block_major_block_first,block_major,block_first,0.084908,1.06403485323,0,0,true
slm_gqa,8,4,64,1,2048,64,47,4,0,block_major_head_first,block_major,head_first,0.08647,1.06403485323,0,0,true
slm_gqa,8,4,64,1,2048,64,47,4,1,head_major_head_first,head_major,head_first,0.081333,1.06403485323,0,0,true
slm_gqa,8,4,64,1,2048,64,47,4,2,block_major_block_first,block_major,block_first,0.085069,1.06403485323,0,0,true
slm_gqa,8,4,64,1,2048,64,47,4,3,head_major_block_first,head_major,block_first,0.081704,1.06403485323,0,0,true
slm_gqa,8,4,64,1,2048,64,47,5,0,head_major_block_first,head_major,block_first,0.081313,1.06403485323,0,0,true
slm_gqa,8,4,64,1,2048,64,47,5,1,block_major_block_first,block_major,block_first,0.084578,1.06403485323,0,0,true
slm_gqa,8,4,64,1,2048,64,47,5,2,head_major_head_first,head_major,head_first,0.080842,1.06403485323,0,0,true
slm_gqa,8,4,64,1,2048,64,47,5,3,block_major_head_first,block_major,head_first,0.086791,1.06403485323,0,0,true
slm_gqa,8,4,64,1,2048,64,47,6,0,block_major_block_first,block_major,block_first,0.084749,1.06403485323,0,0,true
slm_gqa,8,4,64,1,2048,64,47,6,1,head_major_block_first,head_major,block_first,0.081353,1.06403485323,0,0,true
slm_gqa,8,4,64,1,2048,64,47,6,2,block_major_head_first,block_major,head_first,0.086241,1.06403485323,0,0,true
slm_gqa,8,4,64,1,2048,64,47,6,3,head_major_head_first,head_major,head_first,0.081543,1.06403485323,0,0,true
slm_gqa,8,4,64,1,2048,64,47,7,0,block_major_block_first,block_major,block_first,0.084689,1.06403485323,0,0,true
slm_gqa,8,4,64,1,2048,64,47,7,1,block_major_head_first,block_major,head_first,0.086971,1.06403485323,0,0,true
slm_gqa,8,4,64,1,2048,64,47,7,2,head_major_block_first,head_major,block_first,0.082054,1.06403485323,0,0,true
slm_gqa,8,4,64,1,2048,64,47,7,3,head_major_head_first,head_major,head_first,0.081133,1.06403485323,0,0,true
slm_gqa,8,4,64,1,2048,64,47,8,0,block_major_block_first,block_major,block_first,0.084688,1.06403485323,0,0,true
slm_gqa,8,4,64,1,2048,64,47,8,1,block_major_head_first,block_major,head_first,0.086541,1.06403485323,0,0,true
slm_gqa,8,4,64,1,2048,64,47,8,2,head_major_head_first,head_major,head_first,0.080863,1.06403485323,0,0,true
slm_gqa,8,4,64,1,2048,64,47,8,3,head_major_block_first,head_major,block_first,0.081584,1.06403485323,0,0,true
slm_gqa,8,4,64,1,2048,64,47,9,0,block_major_head_first,block_major,head_first,0.086561,1.06403485323,0,0,true
slm_gqa,8,4,64,1,2048,64,47,9,1,head_major_head_first,head_major,head_first,0.081453,1.06403485323,0,0,true
slm_gqa,8,4,64,1,2048,64,47,9,2,block_major_block_first,block_major,block_first,0.084869,1.06403485323,0,0,true
slm_gqa,8,4,64,1,2048,64,47,9,3,head_major_block_first,head_major,block_first,0.081373,1.06403485323,0,0,true
slm_gqa,8,4,64,1,2048,64,47,10,0,head_major_head_first,head_major,head_first,0.081153,1.06403485323,0,0,true
slm_gqa,8,4,64,1,2048,64,47,10,1,block_major_head_first,block_major,head_first,0.0923,1.06403485323,0,0,true
slm_gqa,8,4,64,1,2048,64,47,10,2,block_major_block_first,block_major,block_first,0.085059,1.06403485323,0,0,true
slm_gqa,8,4,64,1,2048,64,47,10,3,head_major_block_first,head_major,block_first,0.081804,1.06403485323,0,0,true
slm_gqa,8,4,64,1,2048,64,47,11,0,block_major_head_first,block_major,head_first,0.087563,1.06403485323,0,0,true
slm_gqa,8,4,64,1,2048,64,47,11,1,head_major_block_first,head_major,block_first,0.081003,1.06403485323,0,0,true
slm_gqa,8,4,64,1,2048,64,47,11,2,head_major_head_first,head_major,head_first,0.081223,1.06403485323,0,0,true
slm_gqa,8,4,64,1,2048,64,47,11,3,block_major_block_first,block_major,block_first,0.084798,1.06403485323,0,0,true
slm_gqa,8,4,64,1,2048,64,47,12,0,block_major_head_first,block_major,head_first,0.086481,1.06403485323,0,0,true
slm_gqa,8,4,64,1,2048,64,47,12,1,block_major_block_first,block_major,block_first,0.084578,1.06403485323,0,0,true
slm_gqa,8,4,64,1,2048,64,47,12,2,head_major_block_first,head_major,block_first,0.081824,1.06403485323,0,0,true
slm_gqa,8,4,64,1,2048,64,47,12,3,head_major_head_first,head_major,head_first,0.081173,1.06403485323,0,0,true
slm_gqa,8,4,64,1,2048,64,47,13,0,block_major_block_first,block_major,block_first,0.085009,1.06403485323,0,0,true
slm_gqa,8,4,64,1,2048,64,47,13,1,head_major_block_first,head_major,block_first,0.081293,1.06403485323,0,0,true
slm_gqa,8,4,64,1,2048,64,47,13,2,block_major_head_first,block_major,head_first,0.086701,1.06403485323,0,0,true
slm_gqa,8,4,64,1,2048,64,47,13,3,head_major_head_first,head_major,head_first,0.080902,1.06403485323,0,0,true
slm_gqa,8,4,64,1,2048,64,47,14,0,block_major_head_first,block_major,head_first,0.087132,1.06403485323,0,0,true
slm_gqa,8,4,64,1,2048,64,47,14,1,head_major_head_first,head_major,head_first,0.081493,1.06403485323,0,0,true
slm_gqa,8,4,64,1,2048,64,47,14,2,block_major_block_first,block_major,block_first,0.085069,1.06403485323,0,0,true
slm_gqa,8,4,64,1,2048,64,47,14,3,head_major_block_first,head_major,block_first,0.081263,1.06403485323,0,0,true
slm_gqa,8,4,64,1,2048,64,47,15,0,block_major_block_first,block_major,block_first,0.084608,1.06403485323,0,0,true
slm_gqa,8,4,64,1,2048,64,47,15,1,head_major_block_first,head_major,block_first,0.081403,1.06403485323,0,0,true
slm_gqa,8,4,64,1,2048,64,47,15,2,head_major_head_first,head_major,head_first,0.081333,1.06403485323,0,0,true
slm_gqa,8,4,64,1,2048,64,47,15,3,block_major_head_first,block_major,head_first,0.086571,1.06403485323,0,0,true
slm_gqa,8,4,64,1,2048,64,47,16,0,head_major_head_first,head_major,head_first,0.080793,1.06403485323,0,0,true
slm_gqa,8,4,64,1,2048,64,47,16,1,block_major_head_first,block_major,head_first,0.086911,1.06403485323,0,0,true
slm_gqa,8,4,64,1,2048,64,47,16,2,head_major_block_first,head_major,block_first,0.081813,1.06403485323,0,0,true
slm_gqa,8,4,64,1,2048,64,47,16,3,block_major_block_first,block_major,block_first,0.085038,1.06403485323,0,0,true
slm_gqa,8,4,64,1,2048,64,47,17,0,head_major_head_first,head_major,head_first,0.080843,1.06403485323,0,0,true
slm_gqa,8,4,64,1,2048,64,47,17,1,block_major_block_first,block_major,block_first,0.084548,1.06403485323,0,0,true
slm_gqa,8,4,64,1,2048,64,47,17,2,head_major_block_first,head_major,block_first,0.081413,1.06403485323,0,0,true
slm_gqa,8,4,64,1,2048,64,47,17,3,block_major_head_first,block_major,head_first,0.086651,1.06403485323,0,0,true
slm_gqa,8,4,64,1,2048,64,47,18,0,head_major_block_first,head_major,block_first,0.081494,1.06403485323,0,0,true
slm_gqa,8,4,64,1,2048,64,47,18,1,head_major_head_first,head_major,head_first,0.082034,1.06403485323,0,0,true
slm_gqa,8,4,64,1,2048,64,47,18,2,block_major_head_first,block_major,head_first,0.086381,1.06403485323,0,0,true
slm_gqa,8,4,64,1,2048,64,47,18,3,block_major_block_first,block_major,block_first,0.084698,1.06403485323,0,0,true
slm_gqa,8,4,64,1,2048,64,47,19,0,block_major_head_first,block_major,head_first,0.087302,1.06403485323,0,0,true
slm_gqa,8,4,64,1,2048,64,47,19,1,head_major_block_first,head_major,block_first,0.081824,1.06403485323,0,0,true
slm_gqa,8,4,64,1,2048,64,47,19,2,head_major_head_first,head_major,head_first,0.080882,1.06403485323,0,0,true
slm_gqa,8,4,64,1,2048,64,47,19,3,block_major_block_first,block_major,block_first,0.085048,1.06403485323,0,0,true
slm_gqa,8,4,64,1,8192,64,11,0,0,block_major_block_first,block_major,block_first,0.339204,0.474399836859,0,0,true
slm_gqa,8,4,64,1,8192,64,11,0,1,block_major_head_first,block_major,head_first,0.349149,0.474399836859,0,0,true
slm_gqa,8,4,64,1,8192,64,11,0,2,head_major_head_first,head_major,head_first,0.339384,0.474399836859,0,0,true
slm_gqa,8,4,64,1,8192,64,11,0,3,head_major_block_first,head_major,block_first,0.341066,0.474399836859,0,0,true
slm_gqa,8,4,64,1,8192,64,11,1,0,block_major_block_first,block_major,block_first,0.339624,0.474399836859,0,0,true
slm_gqa,8,4,64,1,8192,64,11,1,1,head_major_block_first,head_major,block_first,0.341447,0.474399836859,0,0,true
slm_gqa,8,4,64,1,8192,64,11,1,2,head_major_head_first,head_major,head_first,0.335618,0.474399836859,0,0,true
slm_gqa,8,4,64,1,8192,64,11,1,3,block_major_head_first,block_major,head_first,0.35639,0.474399836859,0,0,true
slm_gqa,8,4,64,1,8192,64,11,2,0,head_major_block_first,head_major,block_first,0.340826,0.474399836859,0,0,true
slm_gqa,8,4,64,1,8192,64,11,2,1,block_major_block_first,block_major,block_first,0.345423,0.474399836859,0,0,true
slm_gqa,8,4,64,1,8192,64,11,2,2,block_major_head_first,block_major,head_first,0.352073,0.474399836859,0,0,true
slm_gqa,8,4,64,1,8192,64,11,2,3,head_major_head_first,head_major,head_first,0.340014,0.474399836859,0,0,true
slm_gqa,8,4,64,1,8192,64,11,3,0,block_major_block_first,block_major,block_first,0.339203,0.474399836859,0,0,true
slm_gqa,8,4,64,1,8192,64,11,3,1,head_major_block_first,head_major,block_first,0.341938,0.474399836859,0,0,true
slm_gqa,8,4,64,1,8192,64,11,3,2,block_major_head_first,block_major,head_first,0.356089,0.474399836859,0,0,true
slm_gqa,8,4,64,1,8192,64,11,3,3,head_major_head_first,head_major,head_first,0.3367,0.474399836859,0,0,true
slm_gqa,8,4,64,1,8192,64,11,4,0,head_major_head_first,head_major,head_first,0.334957,0.474399836859,0,0,true
slm_gqa,8,4,64,1,8192,64,11,4,1,block_major_block_first,block_major,block_first,0.339805,0.474399836859,0,0,true
slm_gqa,8,4,64,1,8192,64,11,4,2,head_major_block_first,head_major,block_first,0.342669,0.474399836859,0,0,true
slm_gqa,8,4,64,1,8192,64,11,4,3,block_major_head_first,block_major,head_first,0.354797,0.474399836859,0,0,true
slm_gqa,8,4,64,1,8192,64,11,5,0,block_major_block_first,block_major,block_first,0.339073,0.474399836859,0,0,true
slm_gqa,8,4,64,1,8192,64,11,5,1,head_major_head_first,head_major,head_first,0.344832,0.474399836859,0,0,true
slm_gqa,8,4,64,1,8192,64,11,5,2,head_major_block_first,head_major,block_first,0.341026,0.474399836859,0,0,true
slm_gqa,8,4,64,1,8192,64,11,5,3,block_major_head_first,block_major,head_first,0.358152,0.474399836859,0,0,true
slm_gqa,8,4,64,1,8192,64,11,6,0,block_major_head_first,block_major,head_first,0.35014,0.474399836859,0,0,true
slm_gqa,8,4,64,1,8192,64,11,6,1,block_major_block_first,block_major,block_first,0.337291,0.474399836859,0,0,true
slm_gqa,8,4,64,1,8192,64,11,6,2,head_major_block_first,head_major,block_first,0.344451,0.474399836859,0,0,true
slm_gqa,8,4,64,1,8192,64,11,6,3,head_major_head_first,head_major,head_first,0.336399,0.474399836859,0,0,true
slm_gqa,8,4,64,1,8192,64,11,7,0,head_major_head_first,head_major,head_first,0.335899,0.474399836859,0,0,true
slm_gqa,8,4,64,1,8192,64,11,7,1,block_major_head_first,block_major,head_first,0.360225,0.474399836859,0,0,true
slm_gqa,8,4,64,1,8192,64,11,7,2,block_major_block_first,block_major,block_first,0.338362,0.474399836859,0,0,true
slm_gqa,8,4,64,1,8192,64,11,7,3,head_major_block_first,head_major,block_first,0.3441,0.474399836859,0,0,true
slm_gqa,8,4,64,1,8192,64,11,8,0,block_major_block_first,block_major,block_first,0.345843,0.474399836859,0,0,true
slm_gqa,8,4,64,1,8192,64,11,8,1,block_major_head_first,block_major,head_first,0.349229,0.474399836859,0,0,true
slm_gqa,8,4,64,1,8192,64,11,8,2,head_major_head_first,head_major,head_first,0.33669,0.474399836859,0,0,true
slm_gqa,8,4,64,1,8192,64,11,8,3,head_major_block_first,head_major,block_first,0.340184,0.474399836859,0,0,true
slm_gqa,8,4,64,1,8192,64,11,9,0,head_major_block_first,head_major,block_first,0.338553,0.474399836859,0,0,true
slm_gqa,8,4,64,1,8192,64,11,9,1,block_major_block_first,block_major,block_first,0.342688,0.474399836859,0,0,true
slm_gqa,8,4,64,1,8192,64,11,9,2,head_major_head_first,head_major,head_first,0.335517,0.474399836859,0,0,true
slm_gqa,8,4,64,1,8192,64,11,9,3,block_major_head_first,block_major,head_first,0.356299,0.474399836859,0,0,true
slm_gqa,8,4,64,1,8192,64,11,10,0,block_major_block_first,block_major,block_first,0.337942,0.474399836859,0,0,true
slm_gqa,8,4,64,1,8192,64,11,10,1,head_major_head_first,head_major,head_first,0.338122,0.474399836859,0,0,true
slm_gqa,8,4,64,1,8192,64,11,10,2,head_major_block_first,head_major,block_first,0.340015,0.474399836859,0,0,true
slm_gqa,8,4,64,1,8192,64,11,10,3,block_major_head_first,block_major,head_first,0.356039,0.474399836859,0,0,true
slm_gqa,8,4,64,1,8192,64,11,11,0,block_major_block_first,block_major,block_first,0.345964,0.474399836859,0,0,true
slm_gqa,8,4,64,1,8192,64,11,11,1,block_major_head_first,block_major,head_first,0.348929,0.474399836859,0,0,true
slm_gqa,8,4,64,1,8192,64,11,11,2,head_major_head_first,head_major,head_first,0.339403,0.474399836859,0,0,true
slm_gqa,8,4,64,1,8192,64,11,11,3,head_major_block_first,head_major,block_first,0.340024,0.474399836859,0,0,true
slm_gqa,8,4,64,1,8192,64,11,12,0,block_major_head_first,block_major,head_first,0.355798,0.474399836859,0,0,true
slm_gqa,8,4,64,1,8192,64,11,12,1,head_major_head_first,head_major,head_first,0.33708,0.474399836859,0,0,true
slm_gqa,8,4,64,1,8192,64,11,12,2,block_major_block_first,block_major,block_first,0.339204,0.474399836859,0,0,true
slm_gqa,8,4,64,1,8192,64,11,12,3,head_major_block_first,head_major,block_first,0.344101,0.474399836859,0,0,true
slm_gqa,8,4,64,1,8192,64,11,13,0,block_major_head_first,block_major,head_first,0.356008,0.474399836859,0,0,true
slm_gqa,8,4,64,1,8192,64,11,13,1,head_major_block_first,head_major,block_first,0.341627,0.474399836859,0,0,true
slm_gqa,8,4,64,1,8192,64,11,13,2,block_major_block_first,block_major,block_first,0.341727,0.474399836859,0,0,true
slm_gqa,8,4,64,1,8192,64,11,13,3,head_major_head_first,head_major,head_first,0.34409,0.474399836859,0,0,true
slm_gqa,8,4,64,1,8192,64,11,14,0,block_major_head_first,block_major,head_first,0.356139,0.474399836859,0,0,true
slm_gqa,8,4,64,1,8192,64,11,14,1,head_major_head_first,head_major,head_first,0.336249,0.474399836859,0,0,true
slm_gqa,8,4,64,1,8192,64,11,14,2,head_major_block_first,head_major,block_first,0.340575,0.474399836859,0,0,true
slm_gqa,8,4,64,1,8192,64,11,14,3,block_major_block_first,block_major,block_first,0.340164,0.474399836859,0,0,true
slm_gqa,8,4,64,1,8192,64,11,15,0,block_major_block_first,block_major,block_first,0.337871,0.474399836859,0,0,true
slm_gqa,8,4,64,1,8192,64,11,15,1,head_major_block_first,head_major,block_first,0.345073,0.474399836859,0,0,true
slm_gqa,8,4,64,1,8192,64,11,15,2,head_major_head_first,head_major,head_first,0.336199,0.474399836859,0,0,true
slm_gqa,8,4,64,1,8192,64,11,15,3,block_major_head_first,block_major,head_first,0.358874,0.474399836859,0,0,true
slm_gqa,8,4,64,1,8192,64,11,16,0,head_major_head_first,head_major,head_first,0.337191,0.474399836859,0,0,true
slm_gqa,8,4,64,1,8192,64,11,16,1,block_major_block_first,block_major,block_first,0.341096,0.474399836859,0,0,true
slm_gqa,8,4,64,1,8192,64,11,16,2,head_major_block_first,head_major,block_first,0.344191,0.474399836859,0,0,true
slm_gqa,8,4,64,1,8192,64,11,16,3,block_major_head_first,block_major,head_first,0.365112,0.474399836859,0,0,true
slm_gqa,8,4,64,1,8192,64,11,17,0,head_major_block_first,head_major,block_first,0.342799,0.474399836859,0,0,true
slm_gqa,8,4,64,1,8192,64,11,17,1,block_major_block_first,block_major,block_first,0.338903,0.474399836859,0,0,true
slm_gqa,8,4,64,1,8192,64,11,17,2,block_major_head_first,block_major,head_first,0.349389,0.474399836859,0,0,true
slm_gqa,8,4,64,1,8192,64,11,17,3,head_major_head_first,head_major,head_first,0.33746,0.474399836859,0,0,true
slm_gqa,8,4,64,1,8192,64,11,18,0,block_major_head_first,block_major,head_first,0.353034,0.474399836859,0,0,true
slm_gqa,8,4,64,1,8192,64,11,18,1,head_major_head_first,head_major,head_first,0.33663,0.474399836859,0,0,true
slm_gqa,8,4,64,1,8192,64,11,18,2,block_major_block_first,block_major,block_first,0.339274,0.474399836859,0,0,true
slm_gqa,8,4,64,1,8192,64,11,18,3,head_major_block_first,head_major,block_first,0.344231,0.474399836859,0,0,true
slm_gqa,8,4,64,1,8192,64,11,19,0,head_major_head_first,head_major,head_first,0.33689,0.474399836859,0,0,true
slm_gqa,8,4,64,1,8192,64,11,19,1,block_major_block_first,block_major,block_first,0.339374,0.474399836859,0,0,true
slm_gqa,8,4,64,1,8192,64,11,19,2,block_major_head_first,block_major,head_first,0.3502,0.474399836859,0,0,true
slm_gqa,8,4,64,1,8192,64,11,19,3,head_major_block_first,head_major,block_first,0.343831,0.474399836859,0,0,true
slm_gqa,8,4,64,1,8192,64,29,0,0,head_major_head_first,head_major,head_first,0.321166,0.807820656002,0,0,true
slm_gqa,8,4,64,1,8192,64,29,0,1,block_major_block_first,block_major,block_first,0.339343,0.807820656002,0,0,true
slm_gqa,8,4,64,1,8192,64,29,0,2,head_major_block_first,head_major,block_first,0.328527,0.807820656002,0,0,true
slm_gqa,8,4,64,1,8192,64,29,0,3,block_major_head_first,block_major,head_first,0.355338,0.807820656002,0,0,true
slm_gqa,8,4,64,1,8192,64,29,1,0,head_major_block_first,head_major,block_first,0.334627,0.807820656002,0,0,true
slm_gqa,8,4,64,1,8192,64,29,1,1,block_major_block_first,block_major,block_first,0.339895,0.807820656002,0,0,true
slm_gqa,8,4,64,1,8192,64,29,1,2,block_major_head_first,block_major,head_first,0.350741,0.807820656002,0,0,true
slm_gqa,8,4,64,1,8192,64,29,1,3,head_major_head_first,head_major,head_first,0.321877,0.807820656002,0,0,true
slm_gqa,8,4,64,1,8192,64,29,2,0,block_major_block_first,block_major,block_first,0.339464,0.807820656002,0,0,true
slm_gqa,8,4,64,1,8192,64,29,2,1,head_major_block_first,head_major,block_first,0.329108,0.807820656002,0,0,true
slm_gqa,8,4,64,1,8192,64,29,2,2,head_major_head_first,head_major,head_first,0.321116,0.807820656002,0,0,true
slm_gqa,8,4,64,1,8192,64,29,2,3,block_major_head_first,block_major,head_first,0.354938,0.807820656002,0,0,true
slm_gqa,8,4,64,1,8192,64,29,3,0,head_major_block_first,head_major,block_first,0.327536,0.807820656002,0,0,true
slm_gqa,8,4,64,1,8192,64,29,3,1,head_major_head_first,head_major,head_first,0.320445,0.807820656002,0,0,true
slm_gqa,8,4,64,1,8192,64,29,3,2,block_major_head_first,block_major,head_first,0.35668,0.807820656002,0,0,true
slm_gqa,8,4,64,1,8192,64,29,3,3,block_major_block_first,block_major,block_first,0.338212,0.807820656002,0,0,true
slm_gqa,8,4,64,1,8192,64,29,4,0,head_major_block_first,head_major,block_first,0.333314,0.807820656002,0,0,true
slm_gqa,8,4,64,1,8192,64,29,4,1,block_major_head_first,block_major,head_first,0.354477,0.807820656002,0,0,true
slm_gqa,8,4,64,1,8192,64,29,4,2,block_major_block_first,block_major,block_first,0.337501,0.807820656002,0,0,true
slm_gqa,8,4,64,1,8192,64,29,4,3,head_major_head_first,head_major,head_first,0.321657,0.807820656002,0,0,true
slm_gqa,8,4,64,1,8192,64,29,5,0,head_major_block_first,head_major,block_first,0.325553,0.807820656002,0,0,true
slm_gqa,8,4,64,1,8192,64,29,5,1,block_major_head_first,block_major,head_first,0.354327,0.807820656002,0,0,true
slm_gqa,8,4,64,1,8192,64,29,5,2,head_major_head_first,head_major,head_first,0.321206,0.807820656002,0,0,true
slm_gqa,8,4,64,1,8192,64,29,5,3,block_major_block_first,block_major,block_first,0.339895,0.807820656002,0,0,true
slm_gqa,8,4,64,1,8192,64,29,6,0,head_major_block_first,head_major,block_first,0.327145,0.807820656002,0,0,true
slm_gqa,8,4,64,1,8192,64,29,6,1,block_major_block_first,block_major,block_first,0.340455,0.807820656002,0,0,true
slm_gqa,8,4,64,1,8192,64,29,6,2,head_major_head_first,head_major,head_first,0.320274,0.807820656002,0,0,true
slm_gqa,8,4,64,1,8192,64,29,6,3,block_major_head_first,block_major,head_first,0.354006,0.807820656002,0,0,true
slm_gqa,8,4,64,1,8192,64,29,7,0,block_major_block_first,block_major,block_first,0.345423,0.807820656002,0,0,true
slm_gqa,8,4,64,1,8192,64,29,7,1,head_major_block_first,head_major,block_first,0.3305,0.807820656002,0,0,true
slm_gqa,8,4,64,1,8192,64,29,7,2,head_major_head_first,head_major,head_first,0.321446,0.807820656002,0,0,true
slm_gqa,8,4,64,1,8192,64,29,7,3,block_major_head_first,block_major,head_first,0.356129,0.807820656002,0,0,true
slm_gqa,8,4,64,1,8192,64,29,8,0,block_major_head_first,block_major,head_first,0.351742,0.807820656002,0,0,true
slm_gqa,8,4,64,1,8192,64,29,8,1,block_major_block_first,block_major,block_first,0.338252,0.807820656002,0,0,true
slm_gqa,8,4,64,1,8192,64,29,8,2,head_major_block_first,head_major,block_first,0.330661,0.807820656002,0,0,true
slm_gqa,8,4,64,1,8192,64,29,8,3,head_major_head_first,head_major,head_first,0.319424,0.807820656002,0,0,true
slm_gqa,8,4,64,1,8192,64,29,9,0,block_major_head_first,block_major,head_first,0.354987,0.807820656002,0,0,true
slm_gqa,8,4,64,1,8192,64,29,9,1,head_major_head_first,head_major,head_first,0.320004,0.807820656002,0,0,true
slm_gqa,8,4,64,1,8192,64,29,9,2,head_major_block_first,head_major,block_first,0.32374,0.807820656002,0,0,true
slm_gqa,8,4,64,1,8192,64,29,9,3,block_major_block_first,block_major,block_first,0.340154,0.807820656002,0,0,true
slm_gqa,8,4,64,1,8192,64,29,10,0,head_major_block_first,head_major,block_first,0.333565,0.807820656002,0,0,true
slm_gqa,8,4,64,1,8192,64,29,10,1,block_major_head_first,block_major,head_first,0.355047,0.807820656002,0,0,true
slm_gqa,8,4,64,1,8192,64,29,10,2,head_major_head_first,head_major,head_first,0.320955,0.807820656002,0,0,true
slm_gqa,8,4,64,1,8192,64,29,10,3,block_major_block_first,block_major,block_first,0.339994,0.807820656002,0,0,true
slm_gqa,8,4,64,1,8192,64,29,11,0,block_major_head_first,block_major,head_first,0.351532,0.807820656002,0,0,true
slm_gqa,8,4,64,1,8192,64,29,11,1,head_major_head_first,head_major,head_first,0.321156,0.807820656002,0,0,true
slm_gqa,8,4,64,1,8192,64,29,11,2,head_major_block_first,head_major,block_first,0.328167,0.807820656002,0,0,true
slm_gqa,8,4,64,1,8192,64,29,11,3,block_major_block_first,block_major,block_first,0.339755,0.807820656002,0,0,true
slm_gqa,8,4,64,1,8192,64,29,12,0,head_major_block_first,head_major,block_first,0.327736,0.807820656002,0,0,true
slm_gqa,8,4,64,1,8192,64,29,12,1,head_major_head_first,head_major,head_first,0.321026,0.807820656002,0,0,true
slm_gqa,8,4,64,1,8192,64,29,12,2,block_major_head_first,block_major,head_first,0.355759,0.807820656002,0,0,true
slm_gqa,8,4,64,1,8192,64,29,12,3,block_major_block_first,block_major,block_first,0.337631,0.807820656002,0,0,true
slm_gqa,8,4,64,1,8192,64,29,13,0,block_major_block_first,block_major,block_first,0.344492,0.807820656002,0,0,true
slm_gqa,8,4,64,1,8192,64,29,13,1,head_major_head_first,head_major,head_first,0.321947,0.807820656002,0,0,true
slm_gqa,8,4,64,1,8192,64,29,13,2,head_major_block_first,head_major,block_first,0.327195,0.807820656002,0,0,true
slm_gqa,8,4,64,1,8192,64,29,13,3,block_major_head_first,block_major,head_first,0.356229,0.807820656002,0,0,true
slm_gqa,8,4,64,1,8192,64,29,14,0,block_major_head_first,block_major,head_first,0.349659,0.807820656002,0,0,true
slm_gqa,8,4,64,1,8192,64,29,14,1,block_major_block_first,block_major,block_first,0.337461,0.807820656002,0,0,true
slm_gqa,8,4,64,1,8192,64,29,14,2,head_major_head_first,head_major,head_first,0.3232,0.807820656002,0,0,true
slm_gqa,8,4,64,1,8192,64,29,14,3,head_major_block_first,head_major,block_first,0.325473,0.807820656002,0,0,true
slm_gqa,8,4,64,1,8192,64,29,15,0,head_major_block_first,head_major,block_first,0.326224,0.807820656002,0,0,true
slm_gqa,8,4,64,1,8192,64,29,15,1,block_major_head_first,block_major,head_first,0.355718,0.807820656002,0,0,true
slm_gqa,8,4,64,1,8192,64,29,15,2,block_major_block_first,block_major,block_first,0.337712,0.807820656002,0,0,true
slm_gqa,8,4,64,1,8192,64,29,15,3,head_major_head_first,head_major,head_first,0.326925,0.807820656002,0,0,true
slm_gqa,8,4,64,1,8192,64,29,16,0,block_major_block_first,block_major,block_first,0.338903,0.807820656002,0,0,true
slm_gqa,8,4,64,1,8192,64,29,16,1,head_major_block_first,head_major,block_first,0.324792,0.807820656002,0,0,true
slm_gqa,8,4,64,1,8192,64,29,16,2,block_major_head_first,block_major,head_first,0.354817,0.807820656002,0,0,true
slm_gqa,8,4,64,1,8192,64,29,16,3,head_major_head_first,head_major,head_first,0.322008,0.807820656002,0,0,true
slm_gqa,8,4,64,1,8192,64,29,17,0,block_major_head_first,block_major,head_first,0.352994,0.807820656002,0,0,true
slm_gqa,8,4,64,1,8192,64,29,17,1,block_major_block_first,block_major,block_first,0.345773,0.807820656002,0,0,true
slm_gqa,8,4,64,1,8192,64,29,17,2,head_major_block_first,head_major,block_first,0.331312,0.807820656002,0,0,true
slm_gqa,8,4,64,1,8192,64,29,17,3,head_major_head_first,head_major,head_first,0.320385,0.807820656002,0,0,true
slm_gqa,8,4,64,1,8192,64,29,18,0,head_major_head_first,head_major,head_first,0.320195,0.807820656002,0,0,true
slm_gqa,8,4,64,1,8192,64,29,18,1,block_major_head_first,block_major,head_first,0.358453,0.807820656002,0,0,true
slm_gqa,8,4,64,1,8192,64,29,18,2,block_major_block_first,block_major,block_first,0.338402,0.807820656002,0,0,true
slm_gqa,8,4,64,1,8192,64,29,18,3,head_major_block_first,head_major,block_first,0.38321,0.807820656002,0,0,true
slm_gqa,8,4,64,1,8192,64,29,19,0,block_major_block_first,block_major,block_first,0.365152,0.807820656002,0,0,true
slm_gqa,8,4,64,1,8192,64,29,19,1,block_major_head_first,block_major,head_first,0.352133,0.807820656002,0,0,true
slm_gqa,8,4,64,1,8192,64,29,19,2,head_major_head_first,head_major,head_first,0.323059,0.807820656002,0,0,true
slm_gqa,8,4,64,1,8192,64,29,19,3,head_major_block_first,head_major,block_first,0.332283,0.807820656002,0,0,true
slm_gqa,8,4,64,1,8192,64,47,0,0,block_major_head_first,block_major,head_first,0.340085,0.619413773247,0,0,true
slm_gqa,8,4,64,1,8192,64,47,0,1,head_major_head_first,head_major,head_first,0.337701,0.619413773247,0,0,true
slm_gqa,8,4,64,1,8192,64,47,0,2,block_major_block_first,block_major,block_first,0.332103,0.619413773247,0,0,true
slm_gqa,8,4,64,1,8192,64,47,0,3,head_major_block_first,head_major,block_first,0.34354,0.619413773247,0,0,true
slm_gqa,8,4,64,1,8192,64,47,1,0,head_major_head_first,head_major,head_first,0.335077,0.619413773247,0,0,true
slm_gqa,8,4,64,1,8192,64,47,1,1,block_major_head_first,block_major,head_first,0.345373,0.619413773247,0,0,true
slm_gqa,8,4,64,1,8192,64,47,1,2,head_major_block_first,head_major,block_first,0.342429,0.619413773247,0,0,true
slm_gqa,8,4,64,1,8192,64,47,1,3,block_major_block_first,block_major,block_first,0.326144,0.619413773247,0,0,true
slm_gqa,8,4,64,1,8192,64,47,2,0,block_major_block_first,block_major,block_first,0.32357,0.619413773247,0,0,true
slm_gqa,8,4,64,1,8192,64,47,2,1,head_major_head_first,head_major,head_first,0.33702,0.619413773247,0,0,true
slm_gqa,8,4,64,1,8192,64,47,2,2,head_major_block_first,head_major,block_first,0.339104,0.619413773247,0,0,true
slm_gqa,8,4,64,1,8192,64,47,2,3,block_major_head_first,block_major,head_first,0.348688,0.619413773247,0,0,true
slm_gqa,8,4,64,1,8192,64,47,3,0,head_major_head_first,head_major,head_first,0.335087,0.619413773247,0,0,true
slm_gqa,8,4,64,1,8192,64,47,3,1,block_major_block_first,block_major,block_first,0.331361,0.619413773247,0,0,true
slm_gqa,8,4,64,1,8192,64,47,3,2,block_major_head_first,block_major,head_first,0.341657,0.619413773247,0,0,true
slm_gqa,8,4,64,1,8192,64,47,3,3,head_major_block_first,head_major,block_first,0.346004,0.619413773247,0,0,true
slm_gqa,8,4,64,1,8192,64,47,4,0,head_major_head_first,head_major,head_first,0.333525,0.619413773247,0,0,true
slm_gqa,8,4,64,1,8192,64,47,4,1,block_major_head_first,block_major,head_first,0.34406,0.619413773247,0,0,true
slm_gqa,8,4,64,1,8192,64,47,4,2,block_major_block_first,block_major,block_first,0.325122,0.619413773247,0,0,true
slm_gqa,8,4,64,1,8192,64,47,4,3,head_major_block_first,head_major,block_first,0.342588,0.619413773247,0,0,true
slm_gqa,8,4,64,1,8192,64,47,5,0,head_major_block_first,head_major,block_first,0.339684,0.619413773247,0,0,true
slm_gqa,8,4,64,1,8192,64,47,5,1,block_major_block_first,block_major,block_first,0.325723,0.619413773247,0,0,true
slm_gqa,8,4,64,1,8192,64,47,5,2,head_major_head_first,head_major,head_first,0.337671,0.619413773247,0,0,true
slm_gqa,8,4,64,1,8192,64,47,5,3,block_major_head_first,block_major,head_first,0.34382,0.619413773247,0,0,true
slm_gqa,8,4,64,1,8192,64,47,6,0,head_major_block_first,head_major,block_first,0.341887,0.619413773247,0,0,true
slm_gqa,8,4,64,1,8192,64,47,6,1,block_major_head_first,block_major,head_first,0.352914,0.619413773247,0,0,true
slm_gqa,8,4,64,1,8192,64,47,6,2,head_major_head_first,head_major,head_first,0.33723,0.619413773247,0,0,true
slm_gqa,8,4,64,1,8192,64,47,6,3,block_major_block_first,block_major,block_first,0.325162,0.619413773247,0,0,true
slm_gqa,8,4,64,1,8192,64,47,7,0,head_major_head_first,head_major,head_first,0.334427,0.619413773247,0,0,true
slm_gqa,8,4,64,1,8192,64,47,7,1,head_major_block_first,head_major,block_first,0.339454,0.619413773247,0,0,true
slm_gqa,8,4,64,1,8192,64,47,7,2,block_major_block_first,block_major,block_first,0.327025,0.619413773247,0,0,true
slm_gqa,8,4,64,1,8192,64,47,7,3,block_major_head_first,block_major,head_first,0.340555,0.619413773247,0,0,true
slm_gqa,8,4,64,1,8192,64,47,8,0,block_major_block_first,block_major,block_first,0.324532,0.619413773247,0,0,true
slm_gqa,8,4,64,1,8192,64,47,8,1,head_major_head_first,head_major,head_first,0.337721,0.619413773247,0,0,true
slm_gqa,8,4,64,1,8192,64,47,8,2,block_major_head_first,block_major,head_first,0.343049,0.619413773247,0,0,true
slm_gqa,8,4,64,1,8192,64,47,8,3,head_major_block_first,head_major,block_first,0.34358,0.619413773247,0,0,true
slm_gqa,8,4,64,1,8192,64,47,9,0,block_major_head_first,block_major,head_first,0.342808,0.619413773247,0,0,true
slm_gqa,8,4,64,1,8192,64,47,9,1,head_major_head_first,head_major,head_first,0.3438,0.619413773247,0,0,true
slm_gqa,8,4,64,1,8192,64,47,9,2,head_major_block_first,head_major,block_first,0.340265,0.619413773247,0,0,true
slm_gqa,8,4,64,1,8192,64,47,9,3,block_major_block_first,block_major,block_first,0.325453,0.619413773247,0,0,true
slm_gqa,8,4,64,1,8192,64,47,10,0,block_major_head_first,block_major,head_first,0.341537,0.619413773247,0,0,true
slm_gqa,8,4,64,1,8192,64,47,10,1,head_major_block_first,head_major,block_first,0.342718,0.619413773247,0,0,true
slm_gqa,8,4,64,1,8192,64,47,10,2,head_major_head_first,head_major,head_first,0.334866,0.619413773247,0,0,true
slm_gqa,8,4,64,1,8192,64,47,10,3,block_major_block_first,block_major,block_first,0.325743,0.619413773247,0,0,true
slm_gqa,8,4,64,1,8192,64,47,11,0,block_major_block_first,block_major,block_first,0.323941,0.619413773247,0,0,true
slm_gqa,8,4,64,1,8192,64,47,11,1,head_major_block_first,head_major,block_first,0.342939,0.619413773247,0,0,true
slm_gqa,8,4,64,1,8192,64,47,11,2,block_major_head_first,block_major,head_first,0.343059,0.619413773247,0,0,true
slm_gqa,8,4,64,1,8192,64,47,11,3,head_major_head_first,head_major,head_first,0.334866,0.619413773247,0,0,true
slm_gqa,8,4,64,1,8192,64,47,12,0,head_major_block_first,head_major,block_first,0.339484,0.619413773247,0,0,true
slm_gqa,8,4,64,1,8192,64,47,12,1,head_major_head_first,head_major,head_first,0.342318,0.619413773247,0,0,true
slm_gqa,8,4,64,1,8192,64,47,12,2,block_major_head_first,block_major,head_first,0.347516,0.619413773247,0,0,true
slm_gqa,8,4,64,1,8192,64,47,12,3,block_major_block_first,block_major,block_first,0.324701,0.619413773247,0,0,true
slm_gqa,8,4,64,1,8192,64,47,13,0,block_major_head_first,block_major,head_first,0.34359,0.619413773247,0,0,true
slm_gqa,8,4,64,1,8192,64,47,13,1,block_major_block_first,block_major,block_first,0.32385,0.619413773247,0,0,true
slm_gqa,8,4,64,1,8192,64,47,13,2,head_major_block_first,head_major,block_first,0.348978,0.619413773247,0,0,true
slm_gqa,8,4,64,1,8192,64,47,13,3,head_major_head_first,head_major,head_first,0.333375,0.619413773247,0,0,true
slm_gqa,8,4,64,1,8192,64,47,14,0,head_major_block_first,head_major,block_first,0.338502,0.619413773247,0,0,true
slm_gqa,8,4,64,1,8192,64,47,14,1,head_major_head_first,head_major,head_first,0.334597,0.619413773247,0,0,true
slm_gqa,8,4,64,1,8192,64,47,14,2,block_major_head_first,block_major,head_first,0.349739,0.619413773247,0,0,true
slm_gqa,8,4,64,1,8192,64,47,14,3,block_major_block_first,block_major,block_first,0.324832,0.619413773247,0,0,true
slm_gqa,8,4,64,1,8192,64,47,15,0,head_major_head_first,head_major,head_first,0.341788,0.619413773247,0,0,true
slm_gqa,8,4,64,1,8192,64,47,15,1,head_major_block_first,head_major,block_first,0.339524,0.619413773247,0,0,true
slm_gqa,8,4,64,1,8192,64,47,15,2,block_major_block_first,block_major,block_first,0.326464,0.619413773247,0,0,true
slm_gqa,8,4,64,1,8192,64,47,15,3,block_major_head_first,block_major,head_first,0.341597,0.619413773247,0,0,true
slm_gqa,8,4,64,1,8192,64,47,16,0,head_major_head_first,head_major,head_first,0.335608,0.619413773247,0,0,true
slm_gqa,8,4,64,1,8192,64,47,16,1,block_major_head_first,block_major,head_first,0.344852,0.619413773247,0,0,true
slm_gqa,8,4,64,1,8192,64,47,16,2,block_major_block_first,block_major,block_first,0.325262,0.619413773247,0,0,true
slm_gqa,8,4,64,1,8192,64,47,16,3,head_major_block_first,head_major,block_first,0.343479,0.619413773247,0,0,true
slm_gqa,8,4,64,1,8192,64,47,17,0,head_major_block_first,head_major,block_first,0.339163,0.619413773247,0,0,true
slm_gqa,8,4,64,1,8192,64,47,17,1,block_major_head_first,block_major,head_first,0.344492,0.619413773247,0,0,true
slm_gqa,8,4,64,1,8192,64,47,17,2,block_major_block_first,block_major,block_first,0.324512,0.619413773247,0,0,true
slm_gqa,8,4,64,1,8192,64,47,17,3,head_major_head_first,head_major,head_first,0.339283,0.619413773247,0,0,true
slm_gqa,8,4,64,1,8192,64,47,18,0,block_major_head_first,block_major,head_first,0.349459,0.619413773247,0,0,true
slm_gqa,8,4,64,1,8192,64,47,18,1,head_major_block_first,head_major,block_first,0.343209,0.619413773247,0,0,true
slm_gqa,8,4,64,1,8192,64,47,18,2,block_major_block_first,block_major,block_first,0.32426,0.619413773247,0,0,true
slm_gqa,8,4,64,1,8192,64,47,18,3,head_major_head_first,head_major,head_first,0.334486,0.619413773247,0,0,true
slm_gqa,8,4,64,1,8192,64,47,19,0,head_major_head_first,head_major,head_first,0.334146,0.619413773247,0,0,true
slm_gqa,8,4,64,1,8192,64,47,19,1,block_major_block_first,block_major,block_first,0.325863,0.619413773247,0,0,true
slm_gqa,8,4,64,1,8192,64,47,19,2,head_major_block_first,head_major,block_first,0.342789,0.619413773247,0,0,true
slm_gqa,8,4,64,1,8192,64,47,19,3,block_major_head_first,block_major,head_first,0.344541,0.619413773247,0,0,true
slm_gqa,8,4,64,1,16384,64,11,0,0,head_major_head_first,head_major,head_first,0.77267,0.250955587647,0,0,true
slm_gqa,8,4,64,1,16384,64,11,0,1,block_major_block_first,block_major,block_first,0.795244,0.250955587647,0,0,true
slm_gqa,8,4,64,1,16384,64,11,0,2,head_major_block_first,head_major,block_first,0.791348,0.250955587647,0,0,true
slm_gqa,8,4,64,1,16384,64,11,0,3,block_major_head_first,block_major,head_first,0.929006,0.250955587647,0,0,true
slm_gqa,8,4,64,1,16384,64,11,1,0,block_major_block_first,block_major,block_first,0.752719,0.250955587647,0,0,true
slm_gqa,8,4,64,1,16384,64,11,1,1,head_major_head_first,head_major,head_first,0.794583,0.250955587647,0,0,true
slm_gqa,8,4,64,1,16384,64,11,1,2,head_major_block_first,head_major,block_first,0.830066,0.250955587647,0,0,true
slm_gqa,8,4,64,1,16384,64,11,1,3,block_major_head_first,block_major,head_first,0.90504,0.250955587647,0,0,true
slm_gqa,8,4,64,1,16384,64,11,2,0,head_major_block_first,head_major,block_first,0.8388,0.250955587647,0,0,true
slm_gqa,8,4,64,1,16384,64,11,2,1,block_major_head_first,block_major,head_first,0.883167,0.250955587647,0,0,true
slm_gqa,8,4,64,1,16384,64,11,2,2,block_major_block_first,block_major,block_first,0.75324,0.250955587647,0,0,true
slm_gqa,8,4,64,1,16384,64,11,2,3,head_major_head_first,head_major,head_first,0.770737,0.250955587647,0,0,true
slm_gqa,8,4,64,1,16384,64,11,3,0,block_major_block_first,block_major,block_first,0.758788,0.250955587647,0,0,true
slm_gqa,8,4,64,1,16384,64,11,3,1,block_major_head_first,block_major,head_first,0.820262,0.250955587647,0,0,true
slm_gqa,8,4,64,1,16384,64,11,3,2,head_major_head_first,head_major,head_first,0.788914,0.250955587647,0,0,true
slm_gqa,8,4,64,1,16384,64,11,3,3,head_major_block_first,head_major,block_first,0.841724,0.250955587647,0,0,true
slm_gqa,8,4,64,1,16384,64,11,4,0,block_major_head_first,block_major,head_first,0.902786,0.250955587647,0,0,true
slm_gqa,8,4,64,1,16384,64,11,4,1,head_major_block_first,head_major,block_first,0.844258,0.250955587647,0,0,true
slm_gqa,8,4,64,1,16384,64,11,4,2,head_major_head_first,head_major,head_first,0.76005,0.250955587647,0,0,true
slm_gqa,8,4,64,1,16384,64,11,4,3,block_major_block_first,block_major,block_first,0.775484,0.250955587647,0,0,true
slm_gqa,8,4,64,1,16384,64,11,5,0,block_major_head_first,block_major,head_first,0.913212,0.250955587647,0,0,true
slm_gqa,8,4,64,1,16384,64,11,5,1,block_major_block_first,block_major,block_first,0.737487,0.250955587647,0,0,true
slm_gqa,8,4,64,1,16384,64,11,5,2,head_major_block_first,head_major,block_first,0.848855,0.250955587647,0,0,true
slm_gqa,8,4,64,1,16384,64,11,5,3,head_major_head_first,head_major,head_first,0.769845,0.250955587647,0,0,true
slm_gqa,8,4,64,1,16384,64,11,6,0,block_major_block_first,block_major,block_first,0.75962,0.250955587647,0,0,true
slm_gqa,8,4,64,1,16384,64,11,6,1,block_major_head_first,block_major,head_first,0.863317,0.250955587647,0,0,true
slm_gqa,8,4,64,1,16384,64,11,6,2,head_major_head_first,head_major,head_first,0.795544,0.250955587647,0,0,true
slm_gqa,8,4,64,1,16384,64,11,6,3,head_major_block_first,head_major,block_first,0.818429,0.250955587647,0,0,true
slm_gqa,8,4,64,1,16384,64,11,7,0,head_major_block_first,head_major,block_first,0.81222,0.250955587647,0,0,true
slm_gqa,8,4,64,1,16384,64,11,7,1,block_major_block_first,block_major,block_first,0.769956,0.250955587647,0,0,true
slm_gqa,8,4,64,1,16384,64,11,7,2,head_major_head_first,head_major,head_first,0.773291,0.250955587647,0,0,true
slm_gqa,8,4,64,1,16384,64,11,7,3,block_major_head_first,block_major,head_first,0.92452,0.250955587647,0,0,true
slm_gqa,8,4,64,1,16384,64,11,8,0,block_major_block_first,block_major,block_first,0.749725,0.250955587647,0,0,true
slm_gqa,8,4,64,1,16384,64,11,8,1,head_major_head_first,head_major,head_first,0.770517,0.250955587647,0,0,true
slm_gqa,8,4,64,1,16384,64,11,8,2,block_major_head_first,block_major,head_first,0.860433,0.250955587647,0,0,true
slm_gqa,8,4,64,1,16384,64,11,8,3,head_major_block_first,head_major,block_first,0.859301,0.250955587647,0,0,true
slm_gqa,8,4,64,1,16384,64,11,9,0,head_major_block_first,head_major,block_first,0.819821,0.250955587647,0,0,true
slm_gqa,8,4,64,1,16384,64,11,9,1,block_major_block_first,block_major,block_first,0.771418,0.250955587647,0,0,true
slm_gqa,8,4,64,1,16384,64,11,9,2,head_major_head_first,head_major,head_first,0.759019,0.250955587647,0,0,true
slm_gqa,8,4,64,1,16384,64,11,9,3,block_major_head_first,block_major,head_first,0.924519,0.250955587647,0,0,true
slm_gqa,8,4,64,1,16384,64,11,10,0,block_major_block_first,block_major,block_first,0.74002,0.250955587647,0,0,true
slm_gqa,8,4,64,1,16384,64,11,10,1,head_major_head_first,head_major,head_first,0.777277,0.250955587647,0,0,true
slm_gqa,8,4,64,1,16384,64,11,10,2,head_major_block_first,head_major,block_first,0.818929,0.250955587647,0,0,true
slm_gqa,8,4,64,1,16384,64,11,10,3,block_major_head_first,block_major,head_first,0.899712,0.250955587647,0,0,true
slm_gqa,8,4,64,1,16384,64,11,11,0,head_major_block_first,head_major,block_first,0.847643,0.250955587647,0,0,true
slm_gqa,8,4,64,1,16384,64,11,11,1,block_major_block_first,block_major,block_first,0.761193,0.250955587647,0,0,true
slm_gqa,8,4,64,1,16384,64,11,11,2,block_major_head_first,block_major,head_first,0.846542,0.250955587647,0,0,true
slm_gqa,8,4,64,1,16384,64,11,11,3,head_major_head_first,head_major,head_first,0.771989,0.250955587647,0,0,true
slm_gqa,8,4,64,1,16384,64,11,12,0,head_major_block_first,head_major,block_first,0.822124,0.250955587647,0,0,true
slm_gqa,8,4,64,1,16384,64,11,12,1,head_major_head_first,head_major,head_first,0.769646,0.250955587647,0,0,true
slm_gqa,8,4,64,1,16384,64,11,12,2,block_major_head_first,block_major,head_first,0.935807,0.250955587647,0,0,true
slm_gqa,8,4,64,1,16384,64,11,12,3,block_major_block_first,block_major,block_first,0.749775,0.250955587647,0,0,true
slm_gqa,8,4,64,1,16384,64,11,13,0,block_major_block_first,block_major,block_first,0.741202,0.250955587647,0,0,true
slm_gqa,8,4,64,1,16384,64,11,13,1,block_major_head_first,block_major,head_first,0.804848,0.250955587647,0,0,true
slm_gqa,8,4,64,1,16384,64,11,13,2,head_major_block_first,head_major,block_first,0.866071,0.250955587647,0,0,true
slm_gqa,8,4,64,1,16384,64,11,13,3,head_major_head_first,head_major,head_first,0.783556,0.250955587647,0,0,true
slm_gqa,8,4,64,1,16384,64,11,14,0,block_major_head_first,block_major,head_first,0.880263,0.250955587647,0,0,true
slm_gqa,8,4,64,1,16384,64,11,14,1,block_major_block_first,block_major,block_first,0.735574,0.250955587647,0,0,true
slm_gqa,8,4,64,1,16384,64,11,14,2,head_major_block_first,head_major,block_first,0.850638,0.250955587647,0,0,true
slm_gqa,8,4,64,1,16384,64,11,14,3,head_major_head_first,head_major,head_first,0.77908,0.250955587647,0,0,true
slm_gqa,8,4,64,1,16384,64,11,15,0,block_major_block_first,block_major,block_first,0.766049,0.250955587647,0,0,true
slm_gqa,8,4,64,1,16384,64,11,15,1,head_major_head_first,head_major,head_first,0.759479,0.250955587647,0,0,true
slm_gqa,8,4,64,1,16384,64,11,15,2,block_major_head_first,block_major,head_first,0.899661,0.250955587647,0,0,true
slm_gqa,8,4,64,1,16384,64,11,15,3,head_major_block_first,head_major,block_first,0.833652,0.250955587647,0,0,true
slm_gqa,8,4,64,1,16384,64,11,16,0,head_major_head_first,head_major,head_first,0.77263,0.250955587647,0,0,true
slm_gqa,8,4,64,1,16384,64,11,16,1,block_major_head_first,block_major,head_first,0.910869,0.250955587647,0,0,true
slm_gqa,8,4,64,1,16384,64,11,16,2,block_major_block_first,block_major,block_first,0.748473,0.250955587647,0,0,true
slm_gqa,8,4,64,1,16384,64,11,16,3,head_major_block_first,head_major,block_first,0.851138,0.250955587647,0,0,true
slm_gqa,8,4,64,1,16384,64,11,17,0,head_major_block_first,head_major,block_first,0.820522,0.250955587647,0,0,true
slm_gqa,8,4,64,1,16384,64,11,17,1,head_major_head_first,head_major,head_first,0.77305,0.250955587647,0,0,true
slm_gqa,8,4,64,1,16384,64,11,17,2,block_major_head_first,block_major,head_first,0.930148,0.250955587647,0,0,true
slm_gqa,8,4,64,1,16384,64,11,17,3,block_major_block_first,block_major,block_first,0.754302,0.250955587647,0,0,true
slm_gqa,8,4,64,1,16384,64,11,18,0,block_major_block_first,block_major,block_first,0.736885,0.250955587647,0,0,true
slm_gqa,8,4,64,1,16384,64,11,18,1,head_major_block_first,head_major,block_first,0.843407,0.250955587647,0,0,true
slm_gqa,8,4,64,1,16384,64,11,18,2,head_major_head_first,head_major,head_first,0.782435,0.250955587647,0,0,true
slm_gqa,8,4,64,1,16384,64,11,18,3,block_major_head_first,block_major,head_first,0.895725,0.250955587647,0,0,true
slm_gqa,8,4,64,1,16384,64,11,19,0,block_major_head_first,block_major,head_first,0.822895,0.250955587647,0,0,true
slm_gqa,8,4,64,1,16384,64,11,19,1,head_major_block_first,head_major,block_first,0.838078,0.250955587647,0,0,true
slm_gqa,8,4,64,1,16384,64,11,19,2,head_major_head_first,head_major,head_first,0.776615,0.250955587647,0,0,true
slm_gqa,8,4,64,1,16384,64,11,19,3,block_major_block_first,block_major,block_first,0.783936,0.250955587647,0,0,true
slm_gqa,8,4,64,1,16384,64,29,0,0,block_major_block_first,block_major,block_first,0.724316,0.375345703908,0,0,true
slm_gqa,8,4,64,1,16384,64,29,0,1,block_major_head_first,block_major,head_first,0.857098,0.375345703908,0,0,true
slm_gqa,8,4,64,1,16384,64,29,0,2,head_major_head_first,head_major,head_first,0.800612,0.375345703908,0,0,true
slm_gqa,8,4,64,1,16384,64,29,0,3,head_major_block_first,head_major,block_first,0.836777,0.375345703908,0,0,true
slm_gqa,8,4,64,1,16384,64,29,1,0,block_major_head_first,block_major,head_first,0.886281,0.375345703908,0,0,true
slm_gqa,8,4,64,1,16384,64,29,1,1,head_major_block_first,head_major,block_first,0.855124,0.375345703908,0,0,true
slm_gqa,8,4,64,1,16384,64,29,1,2,head_major_head_first,head_major,head_first,0.755494,0.375345703908,0,0,true
slm_gqa,8,4,64,1,16384,64,29,1,3,block_major_block_first,block_major,block_first,0.730575,0.375345703908,0,0,true
slm_gqa,8,4,64,1,16384,64,29,2,0,block_major_head_first,block_major,head_first,0.875856,0.375345703908,0,0,true
slm_gqa,8,4,64,1,16384,64,29,2,1,block_major_block_first,block_major,block_first,0.706669,0.375345703908,0,0,true
slm_gqa,8,4,64,1,16384,64,29,2,2,head_major_block_first,head_major,block_first,0.869375,0.375345703908,0,0,true
slm_gqa,8,4,64,1,16384,64,29,2,3,head_major_head_first,head_major,head_first,0.775183,0.375345703908,0,0,true
slm_gqa,8,4,64,1,16384,64,29,3,0,head_major_block_first,head_major,block_first,0.817157,0.375345703908,0,0,true
slm_gqa,8,4,64,1,16384,64,29,3,1,block_major_block_first,block_major,block_first,0.735333,0.375345703908,0,0,true
slm_gqa,8,4,64,1,16384,64,29,3,2,block_major_head_first,block_major,head_first,0.888925,0.375345703908,0,0,true
slm_gqa,8,4,64,1,16384,64,29,3,3,head_major_head_first,head_major,head_first,0.795424,0.375345703908,0,0,true
slm_gqa,8,4,64,1,16384,64,29,4,0,block_major_block_first,block_major,block_first,0.724557,0.375345703908,0,0,true
slm_gqa,8,4,64,1,16384,64,29,4,1,head_major_head_first,head_major,head_first,0.784848,0.375345703908,0,0,true
slm_gqa,8,4,64,1,16384,64,29,4,2,head_major_block_first,head_major,block_first,0.818489,0.375345703908,0,0,true
slm_gqa,8,4,64,1,16384,64,29,4,3,block_major_head_first,block_major,head_first,0.907123,0.375345703908,0,0,true
slm_gqa,8,4,64,1,16384,64,29,5,0,head_major_block_first,head_major,block_first,0.839691,0.375345703908,0,0,true
slm_gqa,8,4,64,1,16384,64,29,5,1,head_major_head_first,head_major,head_first,0.757536,0.375345703908,0,0,true
slm_gqa,8,4,64,1,16384,64,29,5,2,block_major_head_first,block_major,head_first,0.910779,0.375345703908,0,0,true
slm_gqa,8,4,64,1,16384,64,29,5,3,block_major_block_first,block_major,block_first,0.72006,0.375345703908,0,0,true
slm_gqa,8,4,64,1,16384,64,29,6,0,block_major_block_first,block_major,block_first,0.701522,0.375345703908,0,0,true
slm_gqa,8,4,64,1,16384,64,29,6,1,head_major_head_first,head_major,head_first,0.792169,0.375345703908,0,0,true
slm_gqa,8,4,64,1,16384,64,29,6,2,head_major_block_first,head_major,block_first,0.830978,0.375345703908,0,0,true
slm_gqa,8,4,64,1,16384,64,29,6,3,block_major_head_first,block_major,head_first,0.882145,0.375345703908,0,0,true
slm_gqa,8,4,64,1,16384,64,29,7,0,block_major_head_first,block_major,head_first,0.811348,0.375345703908,0,0,true
slm_gqa,8,4,64,1,16384,64,29,7,1,head_major_head_first,head_major,head_first,0.784587,0.375345703908,0,0,true
slm_gqa,8,4,64,1,16384,64,29,7,2,head_major_block_first,head_major,block_first,0.853031,0.375345703908,0,0,true
slm_gqa,8,4,64,1,16384,64,29,7,3,block_major_block_first,block_major,block_first,0.728032,0.375345703908,0,0,true
slm_gqa,8,4,64,1,16384,64,29,8,0,block_major_block_first,block_major,block_first,0.7139,0.375345703908,0,0,true
slm_gqa,8,4,64,1,16384,64,29,8,1,head_major_block_first,head_major,block_first,0.842365,0.375345703908,0,0,true
slm_gqa,8,4,64,1,16384,64,29,8,2,block_major_head_first,block_major,head_first,0.873823,0.375345703908,0,0,true
slm_gqa,8,4,64,1,16384,64,29,8,3,head_major_head_first,head_major,head_first,0.792961,0.375345703908,0,0,true
slm_gqa,8,4,64,1,16384,64,29,9,0,head_major_block_first,head_major,block_first,0.820552,0.375345703908,0,0,true
slm_gqa,8,4,64,1,16384,64,29,9,1,block_major_block_first,block_major,block_first,0.736224,0.375345703908,0,0,true
slm_gqa,8,4,64,1,16384,64,29,9,2,block_major_head_first,block_major,head_first,0.863447,0.375345703908,0,0,true
slm_gqa,8,4,64,1,16384,64,29,9,3,head_major_head_first,head_major,head_first,0.784577,0.375345703908,0,0,true
slm_gqa,8,4,64,1,16384,64,29,10,0,block_major_head_first,block_major,head_first,0.86508,0.375345703908,0,0,true
slm_gqa,8,4,64,1,16384,64,29,10,1,head_major_head_first,head_major,head_first,0.782524,0.375345703908,0,0,true
slm_gqa,8,4,64,1,16384,64,29,10,2,head_major_block_first,head_major,block_first,0.824178,0.375345703908,0,0,true
slm_gqa,8,4,64,1,16384,64,29,10,3,block_major_block_first,block_major,block_first,0.729704,0.375345703908,0,0,true
slm_gqa,8,4,64,1,16384,64,29,11,0,head_major_head_first,head_major,head_first,0.766029,0.375345703908,0,0,true
slm_gqa,8,4,64,1,16384,64,29,11,1,block_major_block_first,block_major,block_first,0.747822,0.375345703908,0,0,true
slm_gqa,8,4,64,1,16384,64,29,11,2,head_major_block_first,head_major,block_first,0.827183,0.375345703908,0,0,true
slm_gqa,8,4,64,1,16384,64,29,11,3,block_major_head_first,block_major,head_first,0.896207,0.375345703908,0,0,true
slm_gqa,8,4,64,1,16384,64,29,12,0,head_major_block_first,head_major,block_first,0.835315,0.375345703908,0,0,true
slm_gqa,8,4,64,1,16384,64,29,12,1,head_major_head_first,head_major,head_first,0.763045,0.375345703908,0,0,true
slm_gqa,8,4,64,1,16384,64,29,12,2,block_major_head_first,block_major,head_first,0.924409,0.375345703908,0,0,true
slm_gqa,8,4,64,1,16384,64,29,12,3,block_major_block_first,block_major,block_first,0.71309,0.375345703908,0,0,true
slm_gqa,8,4,64,1,16384,64,29,13,0,head_major_block_first,head_major,block_first,0.841594,0.375345703908,0,0,true
slm_gqa,8,4,64,1,16384,64,29,13,1,block_major_head_first,block_major,head_first,0.848625,0.375345703908,0,0,true
slm_gqa,8,4,64,1,16384,64,29,13,2,block_major_block_first,block_major,block_first,0.699979,0.375345703908,0,0,true
slm_gqa,8,4,64,1,16384,64,29,13,3,head_major_head_first,head_major,head_first,0.808734,0.375345703908,0,0,true
slm_gqa,8,4,64,1,16384,64,29,14,0,block_major_head_first,block_major,head_first,0.83941,0.375345703908,0,0,true
slm_gqa,8,4,64,1,16384,64,29,14,1,head_major_block_first,head_major,block_first,0.842284,0.375345703908,0,0,true
slm_gqa,8,4,64,1,16384,64,29,14,2,head_major_head_first,head_major,head_first,0.773851,0.375345703908,0,0,true
slm_gqa,8,4,64,1,16384,64,29,14,3,block_major_block_first,block_major,block_first,0.725288,0.375345703908,0,0,true
slm_gqa,8,4,64,1,16384,64,29,15,0,block_major_head_first,block_major,head_first,0.873041,0.375345703908,0,0,true
slm_gqa,8,4,64,1,16384,64,29,15,1,head_major_block_first,head_major,block_first,0.843427,0.375345703908,0,0,true
slm_gqa,8,4,64,1,16384,64,29,15,2,block_major_block_first,block_major,block_first,0.717376,0.375345703908,0,0,true
slm_gqa,8,4,64,1,16384,64,29,15,3,head_major_head_first,head_major,head_first,0.787131,0.375345703908,0,0,true
slm_gqa,8,4,64,1,16384,64,29,16,0,block_major_head_first,block_major,head_first,0.858269,0.375345703908,0,0,true
slm_gqa,8,4,64,1,16384,64,29,16,1,block_major_block_first,block_major,block_first,0.716444,0.375345703908,0,0,true
slm_gqa,8,4,64,1,16384,64,29,16,2,head_major_block_first,head_major,block_first,0.8454,0.375345703908,0,0,true
slm_gqa,8,4,64,1,16384,64,29,16,3,head_major_head_first,head_major,head_first,0.774473,0.375345703908,0,0,true
slm_gqa,8,4,64,1,16384,64,29,17,0,head_major_block_first,head_major,block_first,0.806611,0.375345703908,0,0,true
slm_gqa,8,4,64,1,16384,64,29,17,1,block_major_head_first,block_major,head_first,0.916337,0.375345703908,0,0,true
slm_gqa,8,4,64,1,16384,64,29,17,2,block_major_block_first,block_major,block_first,0.737096,0.375345703908,0,0,true
slm_gqa,8,4,64,1,16384,64,29,17,3,head_major_head_first,head_major,head_first,0.783136,0.375345703908,0,0,true
slm_gqa,8,4,64,1,16384,64,29,18,0,head_major_head_first,head_major,head_first,0.754593,0.375345703908,0,0,true
slm_gqa,8,4,64,1,16384,64,29,18,1,block_major_head_first,block_major,head_first,0.883567,0.375345703908,0,0,true
slm_gqa,8,4,64,1,16384,64,29,18,2,block_major_block_first,block_major,block_first,0.705879,0.375345703908,0,0,true
slm_gqa,8,4,64,1,16384,64,29,18,3,head_major_block_first,head_major,block_first,0.859301,0.375345703908,0,0,true
slm_gqa,8,4,64,1,16384,64,29,19,0,head_major_block_first,head_major,block_first,0.843216,0.375345703908,0,0,true
slm_gqa,8,4,64,1,16384,64,29,19,1,head_major_head_first,head_major,head_first,0.757406,0.375345703908,0,0,true
slm_gqa,8,4,64,1,16384,64,29,19,2,block_major_head_first,block_major,head_first,0.933974,0.375345703908,0,0,true
slm_gqa,8,4,64,1,16384,64,29,19,3,block_major_block_first,block_major,block_first,0.724396,0.375345703908,0,0,true
slm_gqa,8,4,64,1,16384,64,47,0,0,head_major_head_first,head_major,head_first,0.768043,0.101931087487,0,0,true
slm_gqa,8,4,64,1,16384,64,47,0,1,block_major_block_first,block_major,block_first,0.722223,0.101931087487,0,0,true
slm_gqa,8,4,64,1,16384,64,47,0,2,head_major_block_first,head_major,block_first,0.843286,0.101931087487,0,0,true
slm_gqa,8,4,64,1,16384,64,47,0,3,block_major_head_first,block_major,head_first,0.927664,0.101931087487,0,0,true
slm_gqa,8,4,64,1,16384,64,47,1,0,head_major_block_first,head_major,block_first,0.857127,0.101931087487,0,0,true
slm_gqa,8,4,64,1,16384,64,47,1,1,block_major_head_first,block_major,head_first,0.873312,0.101931087487,0,0,true
slm_gqa,8,4,64,1,16384,64,47,1,2,block_major_block_first,block_major,block_first,0.70649,0.101931087487,0,0,true
slm_gqa,8,4,64,1,16384,64,47,1,3,head_major_head_first,head_major,head_first,0.785239,0.101931087487,0,0,true
slm_gqa,8,4,64,1,16384,64,47,2,0,block_major_block_first,block_major,block_first,0.738858,0.101931087487,0,0,true
slm_gqa,8,4,64,1,16384,64,47,2,1,head_major_block_first,head_major,block_first,0.850217,0.101931087487,0,0,true
slm_gqa,8,4,64,1,16384,64,47,2,2,head_major_head_first,head_major,head_first,0.773911,0.101931087487,0,0,true
slm_gqa,8,4,64,1,16384,64,47,2,3,block_major_head_first,block_major,head_first,0.904959,0.101931087487,0,0,true
slm_gqa,8,4,64,1,16384,64,47,3,0,head_major_block_first,head_major,block_first,0.8527,0.101931087487,0,0,true
slm_gqa,8,4,64,1,16384,64,47,3,1,block_major_block_first,block_major,block_first,0.728042,0.101931087487,0,0,true
slm_gqa,8,4,64,1,16384,64,47,3,2,head_major_head_first,head_major,head_first,0.769294,0.101931087487,0,0,true
slm_gqa,8,4,64,1,16384,64,47,3,3,block_major_head_first,block_major,head_first,0.884218,0.101931087487,0,0,true
slm_gqa,8,4,64,1,16384,64,47,4,0,block_major_head_first,block_major,head_first,0.811128,0.101931087487,0,0,true
slm_gqa,8,4,64,1,16384,64,47,4,1,block_major_block_first,block_major,block_first,0.712809,0.101931087487,0,0,true
slm_gqa,8,4,64,1,16384,64,47,4,2,head_major_head_first,head_major,head_first,0.782885,0.101931087487,0,0,true
slm_gqa,8,4,64,1,16384,64,47,4,3,head_major_block_first,head_major,block_first,0.841704,0.101931087487,0,0,true
slm_gqa,8,4,64,1,16384,64,47,5,0,head_major_block_first,head_major,block_first,0.824939,0.101931087487,0,0,true
slm_gqa,8,4,64,1,16384,64,47,5,1,block_major_head_first,block_major,head_first,0.910679,0.101931087487,0,0,true
slm_gqa,8,4,64,1,16384,64,47,5,2,block_major_block_first,block_major,block_first,0.72669,0.101931087487,0,0,true
slm_gqa,8,4,64,1,16384,64,47,5,3,head_major_head_first,head_major,head_first,0.781303,0.101931087487,0,0,true
slm_gqa,8,4,64,1,16384,64,47,6,0,block_major_head_first,block_major,head_first,0.848044,0.101931087487,0,0,true
slm_gqa,8,4,64,1,16384,64,47,6,1,head_major_head_first,head_major,head_first,0.786961,0.101931087487,0,0,true
slm_gqa,8,4,64,1,16384,64,47,6,2,block_major_block_first,block_major,block_first,0.723215,0.101931087487,0,0,true
slm_gqa,8,4,64,1,16384,64,47,6,3,head_major_block_first,head_major,block_first,0.849516,0.101931087487,0,0,true
slm_gqa,8,4,64,1,16384,64,47,7,0,block_major_block_first,block_major,block_first,0.716454,0.101931087487,0,0,true
slm_gqa,8,4,64,1,16384,64,47,7,1,head_major_block_first,head_major,block_first,0.834483,0.101931087487,0,0,true
slm_gqa,8,4,64,1,16384,64,47,7,2,head_major_head_first,head_major,head_first,0.75996,0.101931087487,0,0,true
slm_gqa,8,4,64,1,16384,64,47,7,3,block_major_head_first,block_major,head_first,0.911069,0.101931087487,0,0,true
slm_gqa,8,4,64,1,16384,64,47,8,0,head_major_block_first,head_major,block_first,0.85869,0.101931087487,0,0,true
slm_gqa,8,4,64,1,16384,64,47,8,1,head_major_head_first,head_major,head_first,0.747612,0.101931087487,0,0,true
slm_gqa,8,4,64,1,16384,64,47,8,2,block_major_head_first,block_major,head_first,0.909377,0.101931087487,0,0,true
slm_gqa,8,4,64,1,16384,64,47,8,3,block_major_block_first,block_major,block_first,0.71343,0.101931087487,0,0,true
slm_gqa,8,4,64,1,16384,64,47,9,0,head_major_block_first,head_major,block_first,0.84528,0.101931087487,0,0,true
slm_gqa,8,4,64,1,16384,64,47,9,1,block_major_block_first,block_major,block_first,0.728844,0.101931087487,0,0,true
slm_gqa,8,4,64,1,16384,64,47,9,2,block_major_head_first,block_major,head_first,0.81923,0.101931087487,0,0,true
slm_gqa,8,4,64,1,16384,64,47,9,3,head_major_head_first,head_major,head_first,0.786771,0.101931087487,0,0,true
slm_gqa,8,4,64,1,16384,64,47,10,0,head_major_head_first,head_major,head_first,0.763806,0.101931087487,0,0,true
slm_gqa,8,4,64,1,16384,64,47,10,1,block_major_block_first,block_major,block_first,0.721622,0.101931087487,0,0,true
slm_gqa,8,4,64,1,16384,64,47,10,2,head_major_block_first,head_major,block_first,0.846381,0.101931087487,0,0,true
slm_gqa,8,4,64,1,16384,64,47,10,3,block_major_head_first,block_major,head_first,0.888034,0.101931087487,0,0,true
slm_gqa,8,4,64,1,16384,64,47,11,0,block_major_head_first,block_major,head_first,0.803396,0.101931087487,0,0,true
slm_gqa,8,4,64,1,16384,64,47,11,1,head_major_block_first,head_major,block_first,0.845059,0.101931087487,0,0,true
slm_gqa,8,4,64,1,16384,64,47,11,2,head_major_head_first,head_major,head_first,0.764467,0.101931087487,0,0,true
slm_gqa,8,4,64,1,16384,64,47,11,3,block_major_block_first,block_major,block_first,0.74018,0.101931087487,0,0,true
slm_gqa,8,4,64,1,16384,64,47,12,0,head_major_block_first,head_major,block_first,0.836126,0.101931087487,0,0,true
slm_gqa,8,4,64,1,16384,64,47,12,1,head_major_head_first,head_major,head_first,0.757696,0.101931087487,0,0,true
slm_gqa,8,4,64,1,16384,64,47,12,2,block_major_block_first,block_major,block_first,0.72675,0.101931087487,0,0,true
slm_gqa,8,4,64,1,16384,64,47,12,3,block_major_head_first,block_major,head_first,0.878339,0.101931087487,0,0,true
slm_gqa,8,4,64,1,16384,64,47,13,0,block_major_head_first,block_major,head_first,0.814723,0.101931087487,0,0,true
slm_gqa,8,4,64,1,16384,64,47,13,1,head_major_block_first,head_major,block_first,0.852972,0.101931087487,0,0,true
slm_gqa,8,4,64,1,16384,64,47,13,2,block_major_block_first,block_major,block_first,0.708732,0.101931087487,0,0,true
slm_gqa,8,4,64,1,16384,64,47,13,3,head_major_head_first,head_major,head_first,0.776105,0.101931087487,0,0,true
slm_gqa,8,4,64,1,16384,64,47,14,0,head_major_head_first,head_major,head_first,0.760581,0.101931087487,0,0,true
slm_gqa,8,4,64,1,16384,64,47,14,1,block_major_block_first,block_major,block_first,0.739459,0.101931087487,0,0,true
slm_gqa,8,4,64,1,16384,64,47,14,2,head_major_block_first,head_major,block_first,0.82622,0.101931087487,0,0,true
slm_gqa,8,4,64,1,16384,64,47,14,3,block_major_head_first,block_major,head_first,0.890808,0.101931087487,0,0,true
slm_gqa,8,4,64,1,16384,64,47,15,0,block_major_block_first,block_major,block_first,0.708161,0.101931087487,0,0,true
slm_gqa,8,4,64,1,16384,64,47,15,1,head_major_head_first,head_major,head_first,0.780361,0.101931087487,0,0,true
slm_gqa,8,4,64,1,16384,64,47,15,2,head_major_block_first,head_major,block_first,0.845951,0.101931087487,0,0,true
slm_gqa,8,4,64,1,16384,64,47,15,3,block_major_head_first,block_major,head_first,0.886181,0.101931087487,0,0,true
slm_gqa,8,4,64,1,16384,64,47,16,0,head_major_block_first,head_major,block_first,0.843256,0.101931087487,0,0,true
slm_gqa,8,4,64,1,16384,64,47,16,1,block_major_block_first,block_major,block_first,0.735624,0.101931087487,0,0,true
slm_gqa,8,4,64,1,16384,64,47,16,2,head_major_head_first,head_major,head_first,0.768033,0.101931087487,0,0,true
slm_gqa,8,4,64,1,16384,64,47,16,3,block_major_head_first,block_major,head_first,0.893863,0.101931087487,0,0,true
slm_gqa,8,4,64,1,16384,64,47,17,0,block_major_head_first,block_major,head_first,0.804107,0.101931087487,0,0,true
slm_gqa,8,4,64,1,16384,64,47,17,1,block_major_block_first,block_major,block_first,0.689584,0.101931087487,0,0,true
slm_gqa,8,4,64,1,16384,64,47,17,2,head_major_block_first,head_major,block_first,0.851859,0.101931087487,0,0,true
slm_gqa,8,4,64,1,16384,64,47,17,3,head_major_head_first,head_major,head_first,0.762935,0.101931087487,0,0,true
slm_gqa,8,4,64,1,16384,64,47,18,0,block_major_head_first,block_major,head_first,0.889446,0.101931087487,0,0,true
slm_gqa,8,4,64,1,16384,64,47,18,1,head_major_block_first,head_major,block_first,0.838269,0.101931087487,0,0,true
slm_gqa,8,4,64,1,16384,64,47,18,2,head_major_head_first,head_major,head_first,0.749344,0.101931087487,0,0,true
slm_gqa,8,4,64,1,16384,64,47,18,3,block_major_block_first,block_major,block_first,0.730315,0.101931087487,0,0,true
slm_gqa,8,4,64,1,16384,64,47,19,0,head_major_head_first,head_major,head_first,0.766891,0.101931087487,0,0,true
slm_gqa,8,4,64,1,16384,64,47,19,1,block_major_block_first,block_major,block_first,0.744387,0.101931087487,0,0,true
slm_gqa,8,4,64,1,16384,64,47,19,2,block_major_head_first,block_major,head_first,0.855855,0.101931087487,0,0,true
slm_gqa,8,4,64,1,16384,64,47,19,3,head_major_block_first,head_major,block_first,0.850678,0.101931087487,0,0,true
slm_gqa,8,4,64,4,512,64,11,0,0,block_major_head_first,block_major,head_first,0.089486,-3.99557000881,0,0,true
slm_gqa,8,4,64,4,512,64,11,0,1,head_major_head_first,head_major,head_first,0.08624,-3.99557000881,0,0,true
slm_gqa,8,4,64,4,512,64,11,0,2,head_major_block_first,head_major,block_first,0.086581,-3.99557000881,0,0,true
slm_gqa,8,4,64,4,512,64,11,0,3,block_major_block_first,block_major,block_first,0.094984,-3.99557000881,0,0,true
slm_gqa,8,4,64,4,512,64,11,1,0,block_major_block_first,block_major,block_first,0.087292,-3.99557000881,0,0,true
slm_gqa,8,4,64,4,512,64,11,1,1,head_major_block_first,head_major,block_first,0.086521,-3.99557000881,0,0,true
slm_gqa,8,4,64,4,512,64,11,1,2,block_major_head_first,block_major,head_first,0.088364,-3.99557000881,0,0,true
slm_gqa,8,4,64,4,512,64,11,1,3,head_major_head_first,head_major,head_first,0.08628,-3.99557000881,0,0,true
slm_gqa,8,4,64,4,512,64,11,2,0,block_major_block_first,block_major,block_first,0.087042,-3.99557000881,0,0,true
slm_gqa,8,4,64,4,512,64,11,2,1,head_major_block_first,head_major,block_first,0.086241,-3.99557000881,0,0,true
slm_gqa,8,4,64,4,512,64,11,2,2,head_major_head_first,head_major,head_first,0.085789,-3.99557000881,0,0,true
slm_gqa,8,4,64,4,512,64,11,2,3,block_major_head_first,block_major,head_first,0.087953,-3.99557000881,0,0,true
slm_gqa,8,4,64,4,512,64,11,3,0,head_major_block_first,head_major,block_first,0.08601,-3.99557000881,0,0,true
slm_gqa,8,4,64,4,512,64,11,3,1,block_major_head_first,block_major,head_first,0.088284,-3.99557000881,0,0,true
slm_gqa,8,4,64,4,512,64,11,3,2,block_major_block_first,block_major,block_first,0.086991,-3.99557000881,0,0,true
slm_gqa,8,4,64,4,512,64,11,3,3,head_major_head_first,head_major,head_first,0.08599,-3.99557000881,0,0,true
slm_gqa,8,4,64,4,512,64,11,4,0,block_major_head_first,block_major,head_first,0.088103,-3.99557000881,0,0,true
slm_gqa,8,4,64,4,512,64,11,4,1,block_major_block_first,block_major,block_first,0.086911,-3.99557000881,0,0,true
slm_gqa,8,4,64,4,512,64,11,4,2,head_major_head_first,head_major,head_first,0.08573,-3.99557000881,0,0,true
slm_gqa,8,4,64,4,512,64,11,4,3,head_major_block_first,head_major,block_first,0.086181,-3.99557000881,0,0,true
slm_gqa,8,4,64,4,512,64,11,5,0,head_major_block_first,head_major,block_first,0.085499,-3.99557000881,0,0,true
slm_gqa,8,4,64,4,512,64,11,5,1,head_major_head_first,head_major,head_first,0.085749,-3.99557000881,0,0,true
slm_gqa,8,4,64,4,512,64,11,5,2,block_major_head_first,block_major,head_first,0.087833,-3.99557000881,0,0,true
slm_gqa,8,4,64,4,512,64,11,5,3,block_major_block_first,block_major,block_first,0.087141,-3.99557000881,0,0,true
slm_gqa,8,4,64,4,512,64,11,6,0,head_major_head_first,head_major,head_first,0.08567,-3.99557000881,0,0,true
slm_gqa,8,4,64,4,512,64,11,6,1,block_major_head_first,block_major,head_first,0.087923,-3.99557000881,0,0,true
slm_gqa,8,4,64,4,512,64,11,6,2,block_major_block_first,block_major,block_first,0.086982,-3.99557000881,0,0,true
slm_gqa,8,4,64,4,512,64,11,6,3,head_major_block_first,head_major,block_first,0.08589,-3.99557000881,0,0,true
slm_gqa,8,4,64,4,512,64,11,7,0,block_major_head_first,block_major,head_first,0.088645,-3.99557000881,0,0,true
slm_gqa,8,4,64,4,512,64,11,7,1,block_major_block_first,block_major,block_first,0.086772,-3.99557000881,0,0,true
slm_gqa,8,4,64,4,512,64,11,7,2,head_major_block_first,head_major,block_first,0.086161,-3.99557000881,0,0,true
slm_gqa,8,4,64,4,512,64,11,7,3,head_major_head_first,head_major,head_first,0.08593,-3.99557000881,0,0,true
slm_gqa,8,4,64,4,512,64,11,8,0,block_major_block_first,block_major,block_first,0.086982,-3.99557000881,0,0,true
slm_gqa,8,4,64,4,512,64,11,8,1,head_major_head_first,head_major,head_first,0.08575,-3.99557000881,0,0,true
slm_gqa,8,4,64,4,512,64,11,8,2,head_major_block_first,head_major,block_first,0.08565,-3.99557000881,0,0,true
slm_gqa,8,4,64,4,512,64,11,8,3,block_major_head_first,block_major,head_first,0.089044,-3.99557000881,0,0,true
slm_gqa,8,4,64,4,512,64,11,9,0,block_major_block_first,block_major,block_first,0.086732,-3.99557000881,0,0,true
slm_gqa,8,4,64,4,512,64,11,9,1,head_major_block_first,head_major,block_first,0.08591,-3.99557000881,0,0,true
slm_gqa,8,4,64,4,512,64,11,9,2,block_major_head_first,block_major,head_first,0.088053,-3.99557000881,0,0,true
slm_gqa,8,4,64,4,512,64,11,9,3,head_major_head_first,head_major,head_first,0.085629,-3.99557000881,0,0,true
slm_gqa,8,4,64,4,512,64,11,10,0,head_major_block_first,head_major,block_first,0.08586,-3.99557000881,0,0,true
slm_gqa,8,4,64,4,512,64,11,10,1,block_major_block_first,block_major,block_first,0.086852,-3.99557000881,0,0,true
slm_gqa,8,4,64,4,512,64,11,10,2,block_major_head_first,block_major,head_first,0.088054,-3.99557000881,0,0,true
slm_gqa,8,4,64,4,512,64,11,10,3,head_major_head_first,head_major,head_first,0.08598,-3.99557000881,0,0,true
slm_gqa,8,4,64,4,512,64,11,11,0,block_major_head_first,block_major,head_first,0.087843,-3.99557000881,0,0,true
slm_gqa,8,4,64,4,512,64,11,11,1,head_major_head_first,head_major,head_first,0.085709,-3.99557000881,0,0,true
slm_gqa,8,4,64,4,512,64,11,11,2,block_major_block_first,block_major,block_first,0.086972,-3.99557000881,0,0,true
slm_gqa,8,4,64,4,512,64,11,11,3,head_major_block_first,head_major,block_first,0.091619,-3.99557000881,0,0,true
slm_gqa,8,4,64,4,512,64,11,12,0,head_major_block_first,head_major,block_first,0.085619,-3.99557000881,0,0,true
slm_gqa,8,4,64,4,512,64,11,12,1,block_major_block_first,block_major,block_first,0.087162,-3.99557000881,0,0,true
slm_gqa,8,4,64,4,512,64,11,12,2,block_major_head_first,block_major,head_first,0.087923,-3.99557000881,0,0,true
slm_gqa,8,4,64,4,512,64,11,12,3,head_major_head_first,head_major,head_first,0.08583,-3.99557000881,0,0,true
slm_gqa,8,4,64,4,512,64,11,13,0,block_major_block_first,block_major,block_first,0.087022,-3.99557000881,0,0,true
slm_gqa,8,4,64,4,512,64,11,13,1,block_major_head_first,block_major,head_first,0.087723,-3.99557000881,0,0,true
slm_gqa,8,4,64,4,512,64,11,13,2,head_major_block_first,head_major,block_first,0.08614,-3.99557000881,0,0,true
slm_gqa,8,4,64,4,512,64,11,13,3,head_major_head_first,head_major,head_first,0.085189,-3.99557000881,0,0,true
slm_gqa,8,4,64,4,512,64,11,14,0,block_major_block_first,block_major,block_first,0.086921,-3.99557000881,0,0,true
slm_gqa,8,4,64,4,512,64,11,14,1,block_major_head_first,block_major,head_first,0.087723,-3.99557000881,0,0,true
slm_gqa,8,4,64,4,512,64,11,14,2,head_major_head_first,head_major,head_first,0.08573,-3.99557000881,0,0,true
slm_gqa,8,4,64,4,512,64,11,14,3,head_major_block_first,head_major,block_first,0.086451,-3.99557000881,0,0,true
slm_gqa,8,4,64,4,512,64,11,15,0,block_major_head_first,block_major,head_first,0.087672,-3.99557000881,0,0,true
slm_gqa,8,4,64,4,512,64,11,15,1,head_major_block_first,head_major,block_first,0.086,-3.99557000881,0,0,true
slm_gqa,8,4,64,4,512,64,11,15,2,block_major_block_first,block_major,block_first,0.087042,-3.99557000881,0,0,true
slm_gqa,8,4,64,4,512,64,11,15,3,head_major_head_first,head_major,head_first,0.086231,-3.99557000881,0,0,true
slm_gqa,8,4,64,4,512,64,11,16,0,head_major_head_first,head_major,head_first,0.085128,-3.99557000881,0,0,true
slm_gqa,8,4,64,4,512,64,11,16,1,block_major_block_first,block_major,block_first,0.086631,-3.99557000881,0,0,true
slm_gqa,8,4,64,4,512,64,11,16,2,block_major_head_first,block_major,head_first,0.088193,-3.99557000881,0,0,true
slm_gqa,8,4,64,4,512,64,11,16,3,head_major_block_first,head_major,block_first,0.08587,-3.99557000881,0,0,true
slm_gqa,8,4,64,4,512,64,11,17,0,block_major_block_first,block_major,block_first,0.086771,-3.99557000881,0,0,true
slm_gqa,8,4,64,4,512,64,11,17,1,head_major_head_first,head_major,head_first,0.085419,-3.99557000881,0,0,true
slm_gqa,8,4,64,4,512,64,11,17,2,block_major_head_first,block_major,head_first,0.087853,-3.99557000881,0,0,true
slm_gqa,8,4,64,4,512,64,11,17,3,head_major_block_first,head_major,block_first,0.08614,-3.99557000881,0,0,true
slm_gqa,8,4,64,4,512,64,11,18,0,head_major_head_first,head_major,head_first,0.08621,-3.99557000881,0,0,true
slm_gqa,8,4,64,4,512,64,11,18,1,head_major_block_first,head_major,block_first,0.086481,-3.99557000881,0,0,true
slm_gqa,8,4,64,4,512,64,11,18,2,block_major_head_first,block_major,head_first,0.087973,-3.99557000881,0,0,true
slm_gqa,8,4,64,4,512,64,11,18,3,block_major_block_first,block_major,block_first,0.086782,-3.99557000881,0,0,true
slm_gqa,8,4,64,4,512,64,11,19,0,head_major_head_first,head_major,head_first,0.085319,-3.99557000881,0,0,true
slm_gqa,8,4,64,4,512,64,11,19,1,head_major_block_first,head_major,block_first,0.086131,-3.99557000881,0,0,true
slm_gqa,8,4,64,4,512,64,11,19,2,block_major_block_first,block_major,block_first,0.086822,-3.99557000881,0,0,true
slm_gqa,8,4,64,4,512,64,11,19,3,block_major_head_first,block_major,head_first,0.087553,-3.99557000881,0,0,true
slm_gqa,8,4,64,4,512,64,29,0,0,block_major_head_first,block_major,head_first,0.087792,-3.07884274748,0,0,true
slm_gqa,8,4,64,4,512,64,29,0,1,head_major_block_first,head_major,block_first,0.08625,-3.07884274748,0,0,true
slm_gqa,8,4,64,4,512,64,29,0,2,head_major_head_first,head_major,head_first,0.085659,-3.07884274748,0,0,true
slm_gqa,8,4,64,4,512,64,29,0,3,block_major_block_first,block_major,block_first,0.087082,-3.07884274748,0,0,true
slm_gqa,8,4,64,4,512,64,29,1,0,head_major_block_first,head_major,block_first,0.08604,-3.07884274748,0,0,true
slm_gqa,8,4,64,4,512,64,29,1,1,block_major_head_first,block_major,head_first,0.087752,-3.07884274748,0,0,true
slm_gqa,8,4,64,4,512,64,29,1,2,block_major_block_first,block_major,block_first,0.086601,-3.07884274748,0,0,true
slm_gqa,8,4,64,4,512,64,29,1,3,head_major_head_first,head_major,head_first,0.08565,-3.07884274748,0,0,true
slm_gqa,8,4,64,4,512,64,29,2,0,block_major_block_first,block_major,block_first,0.086772,-3.07884274748,0,0,true
slm_gqa,8,4,64,4,512,64,29,2,1,head_major_block_first,head_major,block_first,0.086321,-3.07884274748,0,0,true
slm_gqa,8,4,64,4,512,64,29,2,2,block_major_head_first,block_major,head_first,0.088023,-3.07884274748,0,0,true
slm_gqa,8,4,64,4,512,64,29,2,3,head_major_head_first,head_major,head_first,0.085829,-3.07884274748,0,0,true
slm_gqa,8,4,64,4,512,64,29,3,0,block_major_head_first,block_major,head_first,0.088043,-3.07884274748,0,0,true
slm_gqa,8,4,64,4,512,64,29,3,1,block_major_block_first,block_major,block_first,0.086651,-3.07884274748,0,0,true
slm_gqa,8,4,64,4,512,64,29,3,2,head_major_block_first,head_major,block_first,0.086531,-3.07884274748,0,0,true
slm_gqa,8,4,64,4,512,64,29,3,3,head_major_head_first,head_major,head_first,0.085619,-3.07884274748,0,0,true
slm_gqa,8,4,64,4,512,64,29,4,0,block_major_block_first,block_major,block_first,0.087232,-3.07884274748,0,0,true
slm_gqa,8,4,64,4,512,64,29,4,1,head_major_block_first,head_major,block_first,0.086,-3.07884274748,0,0,true
slm_gqa,8,4,64,4,512,64,29,4,2,head_major_head_first,head_major,head_first,0.08552,-3.07884274748,0,0,true
slm_gqa,8,4,64,4,512,64,29,4,3,block_major_head_first,block_major,head_first,0.088695,-3.07884274748,0,0,true
slm_gqa,8,4,64,4,512,64,29,5,0,block_major_head_first,block_major,head_first,0.087633,-3.07884274748,0,0,true
slm_gqa,8,4,64,4,512,64,29,5,1,block_major_block_first,block_major,block_first,0.087132,-3.07884274748,0,0,true
slm_gqa,8,4,64,4,512,64,29,5,2,head_major_block_first,head_major,block_first,0.08602,-3.07884274748,0,0,true
slm_gqa,8,4,64,4,512,64,29,5,3,head_major_head_first,head_major,head_first,0.085249,-3.07884274748,0,0,true
slm_gqa,8,4,64,4,512,64,29,6,0,block_major_head_first,block_major,head_first,0.087622,-3.07884274748,0,0,true
slm_gqa,8,4,64,4,512,64,29,6,1,head_major_block_first,head_major,block_first,0.098118,-3.07884274748,0,0,true
slm_gqa,8,4,64,4,512,64,29,6,2,block_major_block_first,block_major,block_first,0.087192,-3.07884274748,0,0,true
slm_gqa,8,4,64,4,512,64,29,6,3,head_major_head_first,head_major,head_first,0.085739,-3.07884274748,0,0,true
slm_gqa,8,4,64,4,512,64,29,7,0,block_major_head_first,block_major,head_first,0.087693,-3.07884274748,0,0,true
slm_gqa,8,4,64,4,512,64,29,7,1,head_major_block_first,head_major,block_first,0.086451,-3.07884274748,0,0,true
slm_gqa,8,4,64,4,512,64,29,7,2,head_major_head_first,head_major,head_first,0.08581,-3.07884274748,0,0,true
slm_gqa,8,4,64,4,512,64,29,7,3,block_major_block_first,block_major,block_first,0.086721,-3.07884274748,0,0,true
slm_gqa,8,4,64,4,512,64,29,8,0,block_major_head_first,block_major,head_first,0.087823,-3.07884274748,0,0,true
slm_gqa,8,4,64,4,512,64,29,8,1,block_major_block_first,block_major,block_first,0.086661,-3.07884274748,0,0,true
slm_gqa,8,4,64,4,512,64,29,8,2,head_major_head_first,head_major,head_first,0.085249,-3.07884274748,0,0,true
slm_gqa,8,4,64,4,512,64,29,8,3,head_major_block_first,head_major,block_first,0.086101,-3.07884274748,0,0,true
slm_gqa,8,4,64,4,512,64,29,9,0,block_major_head_first,block_major,head_first,0.097388,-3.07884274748,0,0,true
slm_gqa,8,4,64,4,512,64,29,9,1,head_major_block_first,head_major,block_first,0.08573,-3.07884274748,0,0,true
slm_gqa,8,4,64,4,512,64,29,9,2,head_major_head_first,head_major,head_first,0.085569,-3.07884274748,0,0,true
slm_gqa,8,4,64,4,512,64,29,9,3,block_major_block_first,block_major,block_first,0.087012,-3.07884274748,0,0,true
slm_gqa,8,4,64,4,512,64,29,10,0,head_major_block_first,head_major,block_first,0.08598,-3.07884274748,0,0,true
slm_gqa,8,4,64,4,512,64,29,10,1,block_major_head_first,block_major,head_first,0.088074,-3.07884274748,0,0,true
slm_gqa,8,4,64,4,512,64,29,10,2,head_major_head_first,head_major,head_first,0.08541,-3.07884274748,0,0,true
slm_gqa,8,4,64,4,512,64,29,10,3,block_major_block_first,block_major,block_first,0.087012,-3.07884274748,0,0,true
slm_gqa,8,4,64,4,512,64,29,11,0,head_major_block_first,head_major,block_first,0.08599,-3.07884274748,0,0,true
slm_gqa,8,4,64,4,512,64,29,11,1,head_major_head_first,head_major,head_first,0.085529,-3.07884274748,0,0,true
slm_gqa,8,4,64,4,512,64,29,11,2,block_major_head_first,block_major,head_first,0.088153,-3.07884274748,0,0,true
slm_gqa,8,4,64,4,512,64,29,11,3,block_major_block_first,block_major,block_first,0.086771,-3.07884274748,0,0,true
slm_gqa,8,4,64,4,512,64,29,12,0,head_major_block_first,head_major,block_first,0.08606,-3.07884274748,0,0,true
slm_gqa,8,4,64,4,512,64,29,12,1,block_major_block_first,block_major,block_first,0.086691,-3.07884274748,0,0,true
slm_gqa,8,4,64,4,512,64,29,12,2,head_major_head_first,head_major,head_first,0.085609,-3.07884274748,0,0,true
slm_gqa,8,4,64,4,512,64,29,12,3,block_major_head_first,block_major,head_first,0.087993,-3.07884274748,0,0,true
slm_gqa,8,4,64,4,512,64,29,13,0,head_major_head_first,head_major,head_first,0.085099,-3.07884274748,0,0,true
slm_gqa,8,4,64,4,512,64,29,13,1,block_major_head_first,block_major,head_first,0.087473,-3.07884274748,0,0,true
slm_gqa,8,4,64,4,512,64,29,13,2,head_major_block_first,head_major,block_first,0.086121,-3.07884274748,0,0,true
slm_gqa,8,4,64,4,512,64,29,13,3,block_major_block_first,block_major,block_first,0.086882,-3.07884274748,0,0,true
slm_gqa,8,4,64,4,512,64,29,14,0,block_major_block_first,block_major,block_first,0.08634,-3.07884274748,0,0,true
slm_gqa,8,4,64,4,512,64,29,14,1,block_major_head_first,block_major,head_first,0.087773,-3.07884274748,0,0,true
slm_gqa,8,4,64,4,512,64,29,14,2,head_major_head_first,head_major,head_first,0.085629,-3.07884274748,0,0,true
slm_gqa,8,4,64,4,512,64,29,14,3,head_major_block_first,head_major,block_first,0.08628,-3.07884274748,0,0,true
slm_gqa,8,4,64,4,512,64,29,15,0,block_major_block_first,block_major,block_first,0.086942,-3.07884274748,0,0,true
slm_gqa,8,4,64,4,512,64,29,15,1,block_major_head_first,block_major,head_first,0.087633,-3.07884274748,0,0,true
slm_gqa,8,4,64,4,512,64,29,15,2,head_major_head_first,head_major,head_first,0.086441,-3.07884274748,0,0,true
slm_gqa,8,4,64,4,512,64,29,15,3,head_major_block_first,head_major,block_first,0.086241,-3.07884274748,0,0,true
slm_gqa,8,4,64,4,512,64,29,16,0,head_major_head_first,head_major,head_first,0.08561,-3.07884274748,0,0,true
slm_gqa,8,4,64,4,512,64,29,16,1,block_major_block_first,block_major,block_first,0.087112,-3.07884274748,0,0,true
slm_gqa,8,4,64,4,512,64,29,16,2,block_major_head_first,block_major,head_first,0.087733,-3.07884274748,0,0,true
slm_gqa,8,4,64,4,512,64,29,16,3,head_major_block_first,head_major,block_first,0.0862,-3.07884274748,0,0,true
slm_gqa,8,4,64,4,512,64,29,17,0,block_major_head_first,block_major,head_first,0.087713,-3.07884274748,0,0,true
slm_gqa,8,4,64,4,512,64,29,17,1,head_major_block_first,head_major,block_first,0.08574,-3.07884274748,0,0,true
slm_gqa,8,4,64,4,512,64,29,17,2,block_major_block_first,block_major,block_first,0.087322,-3.07884274748,0,0,true
slm_gqa,8,4,64,4,512,64,29,17,3,head_major_head_first,head_major,head_first,0.086,-3.07884274748,0,0,true
slm_gqa,8,4,64,4,512,64,29,18,0,block_major_head_first,block_major,head_first,0.087772,-3.07884274748,0,0,true
slm_gqa,8,4,64,4,512,64,29,18,1,head_major_block_first,head_major,block_first,0.08567,-3.07884274748,0,0,true
slm_gqa,8,4,64,4,512,64,29,18,2,block_major_block_first,block_major,block_first,0.086832,-3.07884274748,0,0,true
slm_gqa,8,4,64,4,512,64,29,18,3,head_major_head_first,head_major,head_first,0.085439,-3.07884274748,0,0,true
slm_gqa,8,4,64,4,512,64,29,19,0,head_major_block_first,head_major,block_first,0.085839,-3.07884274748,0,0,true
slm_gqa,8,4,64,4,512,64,29,19,1,head_major_head_first,head_major,head_first,0.08556,-3.07884274748,0,0,true
slm_gqa,8,4,64,4,512,64,29,19,2,block_major_head_first,block_major,head_first,0.087663,-3.07884274748,0,0,true
slm_gqa,8,4,64,4,512,64,29,19,3,block_major_block_first,block_major,block_first,0.086901,-3.07884274748,0,0,true
slm_gqa,8,4,64,4,512,64,47,0,0,block_major_head_first,block_major,head_first,0.087762,0.436525885292,0,0,true
slm_gqa,8,4,64,4,512,64,47,0,1,head_major_head_first,head_major,head_first,0.08607,0.436525885292,0,0,true
slm_gqa,8,4,64,4,512,64,47,0,2,block_major_block_first,block_major,block_first,0.086691,0.436525885292,0,0,true
slm_gqa,8,4,64,4,512,64,47,0,3,head_major_block_first,head_major,block_first,0.08607,0.436525885292,0,0,true
slm_gqa,8,4,64,4,512,64,47,1,0,head_major_block_first,head_major,block_first,0.08594,0.436525885292,0,0,true
slm_gqa,8,4,64,4,512,64,47,1,1,block_major_block_first,block_major,block_first,0.086901,0.436525885292,0,0,true
slm_gqa,8,4,64,4,512,64,47,1,2,block_major_head_first,block_major,head_first,0.087713,0.436525885292,0,0,true
slm_gqa,8,4,64,4,512,64,47,1,3,head_major_head_first,head_major,head_first,0.08566,0.436525885292,0,0,true
slm_gqa,8,4,64,4,512,64,47,2,0,head_major_block_first,head_major,block_first,0.0861,0.436525885292,0,0,true
slm_gqa,8,4,64,4,512,64,47,2,1,head_major_head_first,head_major,head_first,0.085439,0.436525885292,0,0,true
slm_gqa,8,4,64,4,512,64,47,2,2,block_major_block_first,block_major,block_first,0.087132,0.436525885292,0,0,true
slm_gqa,8,4,64,4,512,64,47,2,3,block_major_head_first,block_major,head_first,0.087793,0.436525885292,0,0,true
slm_gqa,8,4,64,4,512,64,47,3,0,block_major_head_first,block_major,head_first,0.087563,0.436525885292,0,0,true
slm_gqa,8,4,64,4,512,64,47,3,1,head_major_block_first,head_major,block_first,0.086281,0.436525885292,0,0,true
slm_gqa,8,4,64,4,512,64,47,3,2,head_major_head_first,head_major,head_first,0.085639,0.436525885292,0,0,true
slm_gqa,8,4,64,4,512,64,47,3,3,block_major_block_first,block_major,block_first,0.087052,0.436525885292,0,0,true
slm_gqa,8,4,64,4,512,64,47,4,0,head_major_block_first,head_major,block_first,0.086151,0.436525885292,0,0,true
slm_gqa,8,4,64,4,512,64,47,4,1,block_major_block_first,block_major,block_first,0.086942,0.436525885292,0,0,true
slm_gqa,8,4,64,4,512,64,47,4,2,block_major_head_first,block_major,head_first,0.088404,0.436525885292,0,0,true
slm_gqa,8,4,64,4,512,64,47,4,3,head_major_head_first,head_major,head_first,0.08585,0.436525885292,0,0,true
slm_gqa,8,4,64,4,512,64,47,5,0,head_major_block_first,head_major,block_first,0.087483,0.436525885292,0,0,true
slm_gqa,8,4,64,4,512,64,47,5,1,block_major_block_first,block_major,block_first,0.086641,0.436525885292,0,0,true
slm_gqa,8,4,64,4,512,64,47,5,2,block_major_head_first,block_major,head_first,0.087462,0.436525885292,0,0,true
slm_gqa,8,4,64,4,512,64,47,5,3,head_major_head_first,head_major,head_first,0.085569,0.436525885292,0,0,true
slm_gqa,8,4,64,4,512,64,47,6,0,head_major_head_first,head_major,head_first,0.085209,0.436525885292,0,0,true
slm_gqa,8,4,64,4,512,64,47,6,1,block_major_head_first,block_major,head_first,0.093101,0.436525885292,0,0,true
slm_gqa,8,4,64,4,512,64,47,6,2,block_major_block_first,block_major,block_first,0.086662,0.436525885292,0,0,true
slm_gqa,8,4,64,4,512,64,47,6,3,head_major_block_first,head_major,block_first,0.086661,0.436525885292,0,0,true
slm_gqa,8,4,64,4,512,64,47,7,0,block_major_block_first,block_major,block_first,0.086841,0.436525885292,0,0,true
slm_gqa,8,4,64,4,512,64,47,7,1,block_major_head_first,block_major,head_first,0.087883,0.436525885292,0,0,true
slm_gqa,8,4,64,4,512,64,47,7,2,head_major_head_first,head_major,head_first,0.085599,0.436525885292,0,0,true
slm_gqa,8,4,64,4,512,64,47,7,3,head_major_block_first,head_major,block_first,0.086361,0.436525885292,0,0,true
slm_gqa,8,4,64,4,512,64,47,8,0,block_major_head_first,block_major,head_first,0.088013,0.436525885292,0,0,true
slm_gqa,8,4,64,4,512,64,47,8,1,head_major_head_first,head_major,head_first,0.08575,0.436525885292,0,0,true
slm_gqa,8,4,64,4,512,64,47,8,2,block_major_block_first,block_major,block_first,0.086831,0.436525885292,0,0,true
slm_gqa,8,4,64,4,512,64,47,8,3,head_major_block_first,head_major,block_first,0.086501,0.436525885292,0,0,true
slm_gqa,8,4,64,4,512,64,47,9,0,block_major_head_first,block_major,head_first,0.087473,0.436525885292,0,0,true
slm_gqa,8,4,64,4,512,64,47,9,1,head_major_head_first,head_major,head_first,0.085629,0.436525885292,0,0,true
slm_gqa,8,4,64,4,512,64,47,9,2,head_major_block_first,head_major,block_first,0.08597,0.436525885292,0,0,true
slm_gqa,8,4,64,4,512,64,47,9,3,block_major_block_first,block_major,block_first,0.087672,0.436525885292,0,0,true
slm_gqa,8,4,64,4,512,64,47,10,0,block_major_block_first,block_major,block_first,0.086721,0.436525885292,0,0,true
slm_gqa,8,4,64,4,512,64,47,10,1,head_major_head_first,head_major,head_first,0.086131,0.436525885292,0,0,true
slm_gqa,8,4,64,4,512,64,47,10,2,head_major_block_first,head_major,block_first,0.086051,0.436525885292,0,0,true
slm_gqa,8,4,64,4,512,64,47,10,3,block_major_head_first,block_major,head_first,0.087893,0.436525885292,0,0,true
slm_gqa,8,4,64,4,512,64,47,11,0,block_major_block_first,block_major,block_first,0.086761,0.436525885292,0,0,true
slm_gqa,8,4,64,4,512,64,47,11,1,head_major_block_first,head_major,block_first,0.086201,0.436525885292,0,0,true
slm_gqa,8,4,64,4,512,64,47,11,2,head_major_head_first,head_major,head_first,0.08538,0.436525885292,0,0,true
slm_gqa,8,4,64,4,512,64,47,11,3,block_major_head_first,block_major,head_first,0.087693,0.436525885292,0,0,true
slm_gqa,8,4,64,4,512,64,47,12,0,head_major_block_first,head_major,block_first,0.08568,0.436525885292,0,0,true
slm_gqa,8,4,64,4,512,64,47,12,1,head_major_head_first,head_major,head_first,0.085489,0.436525885292,0,0,true
slm_gqa,8,4,64,4,512,64,47,12,2,block_major_head_first,block_major,head_first,0.087692,0.436525885292,0,0,true
slm_gqa,8,4,64,4,512,64,47,12,3,block_major_block_first,block_major,block_first,0.086671,0.436525885292,0,0,true
slm_gqa,8,4,64,4,512,64,47,13,0,head_major_block_first,head_major,block_first,0.08582,0.436525885292,0,0,true
slm_gqa,8,4,64,4,512,64,47,13,1,head_major_head_first,head_major,head_first,0.085299,0.436525885292,0,0,true
slm_gqa,8,4,64,4,512,64,47,13,2,block_major_block_first,block_major,block_first,0.087011,0.436525885292,0,0,true
slm_gqa,8,4,64,4,512,64,47,13,3,block_major_head_first,block_major,head_first,0.087923,0.436525885292,0,0,true
slm_gqa,8,4,64,4,512,64,47,14,0,head_major_head_first,head_major,head_first,0.08597,0.436525885292,0,0,true
slm_gqa,8,4,64,4,512,64,47,14,1,block_major_block_first,block_major,block_first,0.087332,0.436525885292,0,0,true
slm_gqa,8,4,64,4,512,64,47,14,2,block_major_head_first,block_major,head_first,0.088004,0.436525885292,0,0,true
slm_gqa,8,4,64,4,512,64,47,14,3,head_major_block_first,head_major,block_first,0.086611,0.436525885292,0,0,true
slm_gqa,8,4,64,4,512,64,47,15,0,block_major_head_first,block_major,head_first,0.087733,0.436525885292,0,0,true
slm_gqa,8,4,64,4,512,64,47,15,1,head_major_head_first,head_major,head_first,0.085479,0.436525885292,0,0,true
slm_gqa,8,4,64,4,512,64,47,15,2,block_major_block_first,block_major,block_first,0.087071,0.436525885292,0,0,true
slm_gqa,8,4,64,4,512,64,47,15,3,head_major_block_first,head_major,block_first,0.086491,0.436525885292,0,0,true
slm_gqa,8,4,64,4,512,64,47,16,0,block_major_head_first,block_major,head_first,0.087973,0.436525885292,0,0,true
slm_gqa,8,4,64,4,512,64,47,16,1,head_major_block_first,head_major,block_first,0.08569,0.436525885292,0,0,true
slm_gqa,8,4,64,4,512,64,47,16,2,head_major_head_first,head_major,head_first,0.085309,0.436525885292,0,0,true
slm_gqa,8,4,64,4,512,64,47,16,3,block_major_block_first,block_major,block_first,0.087212,0.436525885292,0,0,true
slm_gqa,8,4,64,4,512,64,47,17,0,head_major_head_first,head_major,head_first,0.0855,0.436525885292,0,0,true
slm_gqa,8,4,64,4,512,64,47,17,1,block_major_block_first,block_major,block_first,0.094343,0.436525885292,0,0,true
slm_gqa,8,4,64,4,512,64,47,17,2,head_major_block_first,head_major,block_first,0.08596,0.436525885292,0,0,true
slm_gqa,8,4,64,4,512,64,47,17,3,block_major_head_first,block_major,head_first,0.087742,0.436525885292,0,0,true
slm_gqa,8,4,64,4,512,64,47,18,0,block_major_head_first,block_major,head_first,0.087523,0.436525885292,0,0,true
slm_gqa,8,4,64,4,512,64,47,18,1,block_major_block_first,block_major,block_first,0.086901,0.436525885292,0,0,true
slm_gqa,8,4,64,4,512,64,47,18,2,head_major_head_first,head_major,head_first,0.08599,0.436525885292,0,0,true
slm_gqa,8,4,64,4,512,64,47,18,3,head_major_block_first,head_major,block_first,0.08619,0.436525885292,0,0,true
slm_gqa,8,4,64,4,512,64,47,19,0,block_major_block_first,block_major,block_first,0.087212,0.436525885292,0,0,true
slm_gqa,8,4,64,4,512,64,47,19,1,block_major_head_first,block_major,head_first,0.087973,0.436525885292,0,0,true
slm_gqa,8,4,64,4,512,64,47,19,2,head_major_head_first,head_major,head_first,0.08556,0.436525885292,0,0,true
slm_gqa,8,4,64,4,512,64,47,19,3,head_major_block_first,head_major,block_first,0.08625,0.436525885292,0,0,true
slm_gqa,8,4,64,4,2048,64,11,0,0,block_major_block_first,block_major,block_first,0.337541,-1.91728624544,0,0,true
slm_gqa,8,4,64,4,2048,64,11,0,1,head_major_block_first,head_major,block_first,0.344962,-1.91728624544,0,0,true
slm_gqa,8,4,64,4,2048,64,11,0,2,head_major_head_first,head_major,head_first,0.345443,-1.91728624544,0,0,true
slm_gqa,8,4,64,4,2048,64,11,0,3,block_major_head_first,block_major,head_first,0.354516,-1.91728624544,0,0,true
slm_gqa,8,4,64,4,2048,64,11,1,0,block_major_block_first,block_major,block_first,0.337872,-1.91728624544,0,0,true
slm_gqa,8,4,64,4,2048,64,11,1,1,head_major_head_first,head_major,head_first,0.342248,-1.91728624544,0,0,true
slm_gqa,8,4,64,4,2048,64,11,1,2,block_major_head_first,block_major,head_first,0.352063,-1.91728624544,0,0,true
slm_gqa,8,4,64,4,2048,64,11,1,3,head_major_block_first,head_major,block_first,0.344692,-1.91728624544,0,0,true
slm_gqa,8,4,64,4,2048,64,11,2,0,block_major_block_first,block_major,block_first,0.338332,-1.91728624544,0,0,true
slm_gqa,8,4,64,4,2048,64,11,2,1,head_major_block_first,head_major,block_first,0.34348,-1.91728624544,0,0,true
slm_gqa,8,4,64,4,2048,64,11,2,2,head_major_head_first,head_major,head_first,0.338582,-1.91728624544,0,0,true
slm_gqa,8,4,64,4,2048,64,11,2,3,block_major_head_first,block_major,head_first,0.354216,-1.91728624544,0,0,true
slm_gqa,8,4,64,4,2048,64,11,3,0,block_major_head_first,block_major,head_first,0.348147,-1.91728624544,0,0,true
slm_gqa,8,4,64,4,2048,64,11,3,1,head_major_block_first,head_major,block_first,0.343981,-1.91728624544,0,0,true
slm_gqa,8,4,64,4,2048,64,11,3,2,head_major_head_first,head_major,head_first,0.344601,-1.91728624544,0,0,true
slm_gqa,8,4,64,4,2048,64,11,3,3,block_major_block_first,block_major,block_first,0.341097,-1.91728624544,0,0,true
slm_gqa,8,4,64,4,2048,64,11,4,0,head_major_block_first,head_major,block_first,0.34342,-1.91728624544,0,0,true
slm_gqa,8,4,64,4,2048,64,11,4,1,block_major_head_first,block_major,head_first,0.351712,-1.91728624544,0,0,true
slm_gqa,8,4,64,4,2048,64,11,4,2,block_major_block_first,block_major,block_first,0.337912,-1.91728624544,0,0,true
slm_gqa,8,4,64,4,2048,64,11,4,3,head_major_head_first,head_major,head_first,0.339975,-1.91728624544,0,0,true
slm_gqa,8,4,64,4,2048,64,11,5,0,block_major_block_first,block_major,block_first,0.338583,-1.91728624544,0,0,true
slm_gqa,8,4,64,4,2048,64,11,5,1,block_major_head_first,block_major,head_first,0.349069,-1.91728624544,0,0,true
slm_gqa,8,4,64,4,2048,64,11,5,2,head_major_block_first,head_major,block_first,0.346364,-1.91728624544,0,0,true
slm_gqa,8,4,64,4,2048,64,11,5,3,head_major_head_first,head_major,head_first,0.338542,-1.91728624544,0,0,true
slm_gqa,8,4,64,4,2048,64,11,6,0,head_major_head_first,head_major,head_first,0.339474,-1.91728624544,0,0,true
slm_gqa,8,4,64,4,2048,64,11,6,1,block_major_block_first,block_major,block_first,0.349148,-1.91728624544,0,0,true
slm_gqa,8,4,64,4,2048,64,11,6,2,head_major_block_first,head_major,block_first,0.348898,-1.91728624544,0,0,true
slm_gqa,8,4,64,4,2048,64,11,6,3,block_major_head_first,block_major,head_first,0.352714,-1.91728624544,0,0,true
slm_gqa,8,4,64,4,2048,64,11,7,0,head_major_head_first,head_major,head_first,0.338232,-1.91728624544,0,0,true
slm_gqa,8,4,64,4,2048,64,11,7,1,block_major_block_first,block_major,block_first,0.339003,-1.91728624544,0,0,true
slm_gqa,8,4,64,4,2048,64,11,7,2,head_major_block_first,head_major,block_first,0.34372,-1.91728624544,0,0,true
slm_gqa,8,4,64,4,2048,64,11,7,3,block_major_head_first,block_major,head_first,0.352373,-1.91728624544,0,0,true
slm_gqa,8,4,64,4,2048,64,11,8,0,block_major_head_first,block_major,head_first,0.348708,-1.91728624544,0,0,true
slm_gqa,8,4,64,4,2048,64,11,8,1,head_major_block_first,head_major,block_first,0.346725,-1.91728624544,0,0,true
slm_gqa,8,4,64,4,2048,64,11,8,2,block_major_block_first,block_major,block_first,0.339634,-1.91728624544,0,0,true
slm_gqa,8,4,64,4,2048,64,11,8,3,head_major_head_first,head_major,head_first,0.338602,-1.91728624544,0,0,true
slm_gqa,8,4,64,4,2048,64,11,9,0,head_major_block_first,head_major,block_first,0.340395,-1.91728624544,0,0,true
slm_gqa,8,4,64,4,2048,64,11,9,1,block_major_block_first,block_major,block_first,0.345913,-1.91728624544,0,0,true
slm_gqa,8,4,64,4,2048,64,11,9,2,head_major_head_first,head_major,head_first,0.339724,-1.91728624544,0,0,true
slm_gqa,8,4,64,4,2048,64,11,9,3,block_major_head_first,block_major,head_first,0.353205,-1.91728624544,0,0,true
slm_gqa,8,4,64,4,2048,64,11,10,0,block_major_block_first,block_major,block_first,0.33674,-1.91728624544,0,0,true
slm_gqa,8,4,64,4,2048,64,11,10,1,head_major_block_first,head_major,block_first,0.346204,-1.91728624544,0,0,true
slm_gqa,8,4,64,4,2048,64,11,10,2,block_major_head_first,block_major,head_first,0.35008,-1.91728624544,0,0,true
slm_gqa,8,4,64,4,2048,64,11,10,3,head_major_head_first,head_major,head_first,0.341567,-1.91728624544,0,0,true
slm_gqa,8,4,64,4,2048,64,11,11,0,block_major_block_first,block_major,block_first,0.339013,-1.91728624544,0,0,true
slm_gqa,8,4,64,4,2048,64,11,11,1,head_major_head_first,head_major,head_first,0.340596,-1.91728624544,0,0,true
slm_gqa,8,4,64,4,2048,64,11,11,2,block_major_head_first,block_major,head_first,0.351743,-1.91728624544,0,0,true
slm_gqa,8,4,64,4,2048,64,11,11,3,head_major_block_first,head_major,block_first,0.34401,-1.91728624544,0,0,true
slm_gqa,8,4,64,4,2048,64,11,12,0,head_major_head_first,head_major,head_first,0.343801,-1.91728624544,0,0,true
slm_gqa,8,4,64,4,2048,64,11,12,1,block_major_head_first,block_major,head_first,0.354216,-1.91728624544,0,0,true
slm_gqa,8,4,64,4,2048,64,11,12,2,block_major_block_first,block_major,block_first,0.338402,-1.91728624544,0,0,true
slm_gqa,8,4,64,4,2048,64,11,12,3,head_major_block_first,head_major,block_first,0.345193,-1.91728624544,0,0,true
slm_gqa,8,4,64,4,2048,64,11,13,0,head_major_block_first,head_major,block_first,0.340946,-1.91728624544,0,0,true
slm_gqa,8,4,64,4,2048,64,11,13,1,head_major_head_first,head_major,head_first,0.337581,-1.91728624544,0,0,true
slm_gqa,8,4,64,4,2048,64,11,13,2,block_major_block_first,block_major,block_first,0.342478,-1.91728624544,0,0,true
slm_gqa,8,4,64,4,2048,64,11,13,3,block_major_head_first,block_major,head_first,0.354817,-1.91728624544,0,0,true
slm_gqa,8,4,64,4,2048,64,11,14,0,block_major_block_first,block_major,block_first,0.344401,-1.91728624544,0,0,true
slm_gqa,8,4,64,4,2048,64,11,14,1,block_major_head_first,block_major,head_first,0.347997,-1.91728624544,0,0,true
slm_gqa,8,4,64,4,2048,64,11,14,2,head_major_head_first,head_major,head_first,0.344322,-1.91728624544,0,0,true
slm_gqa,8,4,64,4,2048,64,11,14,3,head_major_block_first,head_major,block_first,0.341106,-1.91728624544,0,0,true
slm_gqa,8,4,64,4,2048,64,11,15,0,block_major_block_first,block_major,block_first,0.346294,-1.91728624544,0,0,true
slm_gqa,8,4,64,4,2048,64,11,15,1,block_major_head_first,block_major,head_first,0.348217,-1.91728624544,0,0,true
slm_gqa,8,4,64,4,2048,64,11,15,2,head_major_head_first,head_major,head_first,0.340266,-1.91728624544,0,0,true
slm_gqa,8,4,64,4,2048,64,11,15,3,head_major_block_first,head_major,block_first,0.341106,-1.91728624544,0,0,true
slm_gqa,8,4,64,4,2048,64,11,16,0,head_major_head_first,head_major,head_first,0.337982,-1.91728624544,0,0,true
slm_gqa,8,4,64,4,2048,64,11,16,1,head_major_block_first,head_major,block_first,0.340005,-1.91728624544,0,0,true
slm_gqa,8,4,64,4,2048,64,11,16,2,block_major_head_first,block_major,head_first,0.357762,-1.91728624544,0,0,true
slm_gqa,8,4,64,4,2048,64,11,16,3,block_major_block_first,block_major,block_first,0.337761,-1.91728624544,0,0,true
slm_gqa,8,4,64,4,2048,64,11,17,0,block_major_head_first,block_major,head_first,0.347716,-1.91728624544,0,0,true
slm_gqa,8,4,64,4,2048,64,11,17,1,block_major_block_first,block_major,block_first,0.33684,-1.91728624544,0,0,true
slm_gqa,8,4,64,4,2048,64,11,17,2,head_major_block_first,head_major,block_first,0.348938,-1.91728624544,0,0,true
slm_gqa,8,4,64,4,2048,64,11,17,3,head_major_head_first,head_major,head_first,0.344992,-1.91728624544,0,0,true
slm_gqa,8,4,64,4,2048,64,11,18,0,block_major_head_first,block_major,head_first,0.354286,-1.91728624544,0,0,true
slm_gqa,8,4,64,4,2048,64,11,18,1,head_major_block_first,head_major,block_first,0.34345,-1.91728624544,0,0,true
slm_gqa,8,4,64,4,2048,64,11,18,2,head_major_head_first,head_major,head_first,0.338052,-1.91728624544,0,0,true
slm_gqa,8,4,64,4,2048,64,11,18,3,block_major_block_first,block_major,block_first,0.340665,-1.91728624544,0,0,true
slm_gqa,8,4,64,4,2048,64,11,19,0,head_major_head_first,head_major,head_first,0.338933,-1.91728624544,0,0,true
slm_gqa,8,4,64,4,2048,64,11,19,1,head_major_block_first,head_major,block_first,0.341457,-1.91728624544,0,0,true
slm_gqa,8,4,64,4,2048,64,11,19,2,block_major_head_first,block_major,head_first,0.353055,-1.91728624544,0,0,true
slm_gqa,8,4,64,4,2048,64,11,19,3,block_major_block_first,block_major,block_first,0.337151,-1.91728624544,0,0,true
slm_gqa,8,4,64,4,2048,64,29,0,0,block_major_block_first,block_major,block_first,0.337601,1.31791484715,0,0,true
slm_gqa,8,4,64,4,2048,64,29,0,1,head_major_head_first,head_major,head_first,0.340876,1.31791484715,0,0,true
slm_gqa,8,4,64,4,2048,64,29,0,2,block_major_head_first,block_major,head_first,0.351202,1.31791484715,0,0,true
slm_gqa,8,4,64,4,2048,64,29,0,3,head_major_block_first,head_major,block_first,0.345372,1.31791484715,0,0,true
slm_gqa,8,4,64,4,2048,64,29,1,0,block_major_head_first,block_major,head_first,0.352273,1.31791484715,0,0,true
slm_gqa,8,4,64,4,2048,64,29,1,1,head_major_block_first,head_major,block_first,0.343049,1.31791484715,0,0,true
slm_gqa,8,4,64,4,2048,64,29,1,2,head_major_head_first,head_major,head_first,0.337431,1.31791484715,0,0,true
slm_gqa,8,4,64,4,2048,64,29,1,3,block_major_block_first,block_major,block_first,0.339875,1.31791484715,0,0,true
slm_gqa,8,4,64,4,2048,64,29,2,0,block_major_head_first,block_major,head_first,0.356209,1.31791484715,0,0,true
slm_gqa,8,4,64,4,2048,64,29,2,1,head_major_head_first,head_major,head_first,0.340075,1.31791484715,0,0,true
slm_gqa,8,4,64,4,2048,64,29,2,2,head_major_block_first,head_major,block_first,0.341457,1.31791484715,0,0,true
slm_gqa,8,4,64,4,2048,64,29,2,3,block_major_block_first,block_major,block_first,0.341176,1.31791484715,0,0,true
slm_gqa,8,4,64,4,2048,64,29,3,0,head_major_block_first,head_major,block_first,0.343981,1.31791484715,0,0,true
slm_gqa,8,4,64,4,2048,64,29,3,1,block_major_block_first,block_major,block_first,0.338863,1.31791484715,0,0,true
slm_gqa,8,4,64,4,2048,64,29,3,2,head_major_head_first,head_major,head_first,0.339724,1.31791484715,0,0,true
slm_gqa,8,4,64,4,2048,64,29,3,3,block_major_head_first,block_major,head_first,0.353525,1.31791484715,0,0,true
slm_gqa,8,4,64,4,2048,64,29,4,0,head_major_block_first,head_major,block_first,0.344732,1.31791484715,0,0,true
slm_gqa,8,4,64,4,2048,64,29,4,1,block_major_head_first,block_major,head_first,0.353064,1.31791484715,0,0,true
slm_gqa,8,4,64,4,2048,64,29,4,2,head_major_head_first,head_major,head_first,0.338973,1.31791484715,0,0,true
slm_gqa,8,4,64,4,2048,64,29,4,3,block_major_block_first,block_major,block_first,0.340485,1.31791484715,0,0,true
slm_gqa,8,4,64,4,2048,64,29,5,0,head_major_head_first,head_major,head_first,0.345573,1.31791484715,0,0,true
slm_gqa,8,4,64,4,2048,64,29,5,1,head_major_block_first,head_major,block_first,0.340876,1.31791484715,0,0,true
slm_gqa,8,4,64,4,2048,64,29,5,2,block_major_head_first,block_major,head_first,0.354807,1.31791484715,0,0,true
slm_gqa,8,4,64,4,2048,64,29,5,3,block_major_block_first,block_major,block_first,0.33701,1.31791484715,0,0,true
slm_gqa,8,4,64,4,2048,64,29,6,0,block_major_head_first,block_major,head_first,0.347696,1.31791484715,0,0,true
slm_gqa,8,4,64,4,2048,64,29,6,1,head_major_block_first,head_major,block_first,0.347586,1.31791484715,0,0,true
slm_gqa,8,4,64,4,2048,64,29,6,2,block_major_block_first,block_major,block_first,0.337932,1.31791484715,0,0,true
slm_gqa,8,4,64,4,2048,64,29,6,3,head_major_head_first,head_major,head_first,0.338613,1.31791484715,0,0,true
slm_gqa,8,4,64,4,2048,64,29,7,0,block_major_head_first,block_major,head_first,0.351452,1.31791484715,0,0,true
slm_gqa,8,4,64,4,2048,64,29,7,1,block_major_block_first,block_major,block_first,0.337832,1.31791484715,0,0,true
slm_gqa,8,4,64,4,2048,64,29,7,2,head_major_block_first,head_major,block_first,0.346945,1.31791484715,0,0,true
slm_gqa,8,4,64,4,2048,64,29,7,3,head_major_head_first,head_major,head_first,0.346605,1.31791484715,0,0,true
slm_gqa,8,4,64,4,2048,64,29,8,0,head_major_head_first,head_major,head_first,0.337842,1.31791484715,0,0,true
slm_gqa,8,4,64,4,2048,64,29,8,1,head_major_block_first,head_major,block_first,0.341087,1.31791484715,0,0,true
slm_gqa,8,4,64,4,2048,64,29,8,2,block_major_head_first,block_major,head_first,0.356159,1.31791484715,0,0,true
slm_gqa,8,4,64,4,2048,64,29,8,3,block_major_block_first,block_major,block_first,0.337441,1.31791484715,0,0,true
slm_gqa,8,4,64,4,2048,64,29,9,0,head_major_block_first,head_major,block_first,0.345323,1.31791484715,0,0,true
slm_gqa,8,4,64,4,2048,64,29,9,1,head_major_head_first,head_major,head_first,0.337771,1.31791484715,0,0,true
slm_gqa,8,4,64,4,2048,64,29,9,2,block_major_block_first,block_major,block_first,0.339654,1.31791484715,0,0,true
slm_gqa,8,4,64,4,2048,64,29,9,3,block_major_head_first,block_major,head_first,0.347436,1.31791484715,0,0,true
slm_gqa,8,4,64,4,2048,64,29,10,0,head_major_head_first,head_major,head_first,0.340305,1.31791484715,0,0,true
slm_gqa,8,4,64,4,2048,64,29,10,1,block_major_head_first,block_major,head_first,0.351682,1.31791484715,0,0,true
slm_gqa,8,4,64,4,2048,64,29,10,2,block_major_block_first,block_major,block_first,0.33751,1.31791484715,0,0,true
slm_gqa,8,4,64,4,2048,64,29,10,3,head_major_block_first,head_major,block_first,0.356549,1.31791484715,0,0,true
slm_gqa,8,4,64,4,2048,64,29,11,0,block_major_head_first,block_major,head_first,0.350521,1.31791484715,0,0,true
slm_gqa,8,4,64,4,2048,64,29,11,1,head_major_block_first,head_major,block_first,0.34305,1.31791484715,0,0,true
slm_gqa,8,4,64,4,2048,64,29,11,2,block_major_block_first,block_major,block_first,0.340415,1.31791484715,0,0,true
slm_gqa,8,4,64,4,2048,64,29,11,3,head_major_head_first,head_major,head_first,0.341216,1.31791484715,0,0,true
slm_gqa,8,4,64,4,2048,64,29,12,0,head_major_head_first,head_major,head_first,0.337831,1.31791484715,0,0,true
slm_gqa,8,4,64,4,2048,64,29,12,1,block_major_head_first,block_major,head_first,0.353385,1.31791484715,0,0,true
slm_gqa,8,4,64,4,2048,64,29,12,2,head_major_block_first,head_major,block_first,0.343009,1.31791484715,0,0,true
slm_gqa,8,4,64,4,2048,64,29,12,3,block_major_block_first,block_major,block_first,0.338222,1.31791484715,0,0,true
slm_gqa,8,4,64,4,2048,64,29,13,0,head_major_block_first,head_major,block_first,0.342398,1.31791484715,0,0,true
slm_gqa,8,4,64,4,2048,64,29,13,1,block_major_head_first,block_major,head_first,0.352424,1.31791484715,0,0,true
slm_gqa,8,4,64,4,2048,64,29,13,2,block_major_block_first,block_major,block_first,0.345113,1.31791484715,0,0,true
slm_gqa,8,4,64,4,2048,64,29,13,3,head_major_head_first,head_major,head_first,0.342268,1.31791484715,0,0,true
slm_gqa,8,4,64,4,2048,64,29,14,0,block_major_head_first,block_major,head_first,0.352263,1.31791484715,0,0,true
slm_gqa,8,4,64,4,2048,64,29,14,1,head_major_block_first,head_major,block_first,0.3435,1.31791484715,0,0,true
slm_gqa,8,4,64,4,2048,64,29,14,2,block_major_block_first,block_major,block_first,0.338082,1.31791484715,0,0,true
slm_gqa,8,4,64,4,2048,64,29,14,3,head_major_head_first,head_major,head_first,0.340155,1.31791484715,0,0,true
slm_gqa,8,4,64,4,2048,64,29,15,0,head_major_block_first,head_major,block_first,0.341186,1.31791484715,0,0,true
slm_gqa,8,4,64,4,2048,64,29,15,1,head_major_head_first,head_major,head_first,0.337451,1.31791484715,0,0,true
slm_gqa,8,4,64,4,2048,64,29,15,2,block_major_block_first,block_major,block_first,0.341217,1.31791484715,0,0,true
slm_gqa,8,4,64,4,2048,64,29,15,3,block_major_head_first,block_major,head_first,0.349138,1.31791484715,0,0,true
slm_gqa,8,4,64,4,2048,64,29,16,0,block_major_head_first,block_major,head_first,0.348367,1.31791484715,0,0,true
slm_gqa,8,4,64,4,2048,64,29,16,1,block_major_block_first,block_major,block_first,0.33666,1.31791484715,0,0,true
slm_gqa,8,4,64,4,2048,64,29,16,2,head_major_head_first,head_major,head_first,0.349459,1.31791484715,0,0,true
slm_gqa,8,4,64,4,2048,64,29,16,3,head_major_block_first,head_major,block_first,0.341687,1.31791484715,0,0,true
slm_gqa,8,4,64,4,2048,64,29,17,0,block_major_block_first,block_major,block_first,0.340756,1.31791484715,0,0,true
slm_gqa,8,4,64,4,2048,64,29,17,1,head_major_head_first,head_major,head_first,0.339324,1.31791484715,0,0,true
slm_gqa,8,4,64,4,2048,64,29,17,2,block_major_head_first,block_major,head_first,0.351712,1.31791484715,0,0,true
slm_gqa,8,4,64,4,2048,64,29,17,3,head_major_block_first,head_major,block_first,0.343049,1.31791484715,0,0,true
slm_gqa,8,4,64,4,2048,64,29,18,0,block_major_head_first,block_major,head_first,0.352333,1.31791484715,0,0,true
slm_gqa,8,4,64,4,2048,64,29,18,1,head_major_block_first,head_major,block_first,0.34384,1.31791484715,0,0,true
slm_gqa,8,4,64,4,2048,64,29,18,2,head_major_head_first,head_major,head_first,0.33727,1.31791484715,0,0,true
slm_gqa,8,4,64,4,2048,64,29,18,3,block_major_block_first,block_major,block_first,0.340385,1.31791484715,0,0,true
slm_gqa,8,4,64,4,2048,64,29,19,0,block_major_head_first,block_major,head_first,0.347666,1.31791484715,0,0,true
slm_gqa,8,4,64,4,2048,64,29,19,1,block_major_block_first,block_major,block_first,0.346465,1.31791484715,0,0,true
slm_gqa,8,4,64,4,2048,64,29,19,2,head_major_head_first,head_major,head_first,0.342679,1.31791484715,0,0,true
slm_gqa,8,4,64,4,2048,64,29,19,3,head_major_block_first,head_major,block_first,0.340846,1.31791484715,0,0,true
slm_gqa,8,4,64,4,2048,64,47,0,0,head_major_block_first,head_major,block_first,0.345663,0.0536276522208,0,0,true
slm_gqa,8,4,64,4,2048,64,47,0,1,block_major_block_first,block_major,block_first,0.340115,0.0536276522208,0,0,true
slm_gqa,8,4,64,4,2048,64,47,0,2,block_major_head_first,block_major,head_first,0.347486,0.0536276522208,0,0,true
slm_gqa,8,4,64,4,2048,64,47,0,3,head_major_head_first,head_major,head_first,0.348708,0.0536276522208,0,0,true
slm_gqa,8,4,64,4,2048,64,47,1,0,head_major_head_first,head_major,head_first,0.339214,0.0536276522208,0,0,true
slm_gqa,8,4,64,4,2048,64,47,1,1,block_major_block_first,block_major,block_first,0.340005,0.0536276522208,0,0,true
slm_gqa,8,4,64,4,2048,64,47,1,2,head_major_block_first,head_major,block_first,0.34383,0.0536276522208,0,0,true
slm_gqa,8,4,64,4,2048,64,47,1,3,block_major_head_first,block_major,head_first,0.352754,0.0536276522208,0,0,true
slm_gqa,8,4,64,4,2048,64,47,2,0,block_major_head_first,block_major,head_first,0.348878,0.0536276522208,0,0,true
slm_gqa,8,4,64,4,2048,64,47,2,1,block_major_block_first,block_major,block_first,0.338513,0.0536276522208,0,0,true
slm_gqa,8,4,64,4,2048,64,47,2,2,head_major_head_first,head_major,head_first,0.341697,0.0536276522208,0,0,true
slm_gqa,8,4,64,4,2048,64,47,2,3,head_major_block_first,head_major,block_first,0.341547,0.0536276522208,0,0,true
slm_gqa,8,4,64,4,2048,64,47,3,0,block_major_head_first,block_major,head_first,0.355909,0.0536276522208,0,0,true
slm_gqa,8,4,64,4,2048,64,47,3,1,block_major_block_first,block_major,block_first,0.338533,0.0536276522208,0,0,true
slm_gqa,8,4,64,4,2048,64,47,3,2,head_major_block_first,head_major,block_first,0.345683,0.0536276522208,0,0,true
slm_gqa,8,4,64,4,2048,64,47,3,3,head_major_head_first,head_major,head_first,0.345042,0.0536276522208,0,0,true
slm_gqa,8,4,64,4,2048,64,47,4,0,block_major_block_first,block_major,block_first,0.340706,0.0536276522208,0,0,true
slm_gqa,8,4,64,4,2048,64,47,4,1,block_major_head_first,block_major,head_first,0.35016,0.0536276522208,0,0,true
slm_gqa,8,4,64,4,2048,64,47,4,2,head_major_head_first,head_major,head_first,0.342138,0.0536276522208,0,0,true
slm_gqa,8,4,64,4,2048,64,47,4,3,head_major_block_first,head_major,block_first,0.342208,0.0536276522208,0,0,true
slm_gqa,8,4,64,4,2048,64,47,5,0,block_major_block_first,block_major,block_first,0.341217,0.0536276522208,0,0,true
slm_gqa,8,4,64,4,2048,64,47,5,1,head_major_head_first,head_major,head_first,0.339735,0.0536276522208,0,0,true
slm_gqa,8,4,64,4,2048,64,47,5,2,head_major_block_first,head_major,block_first,0.341116,0.0536276522208,0,0,true
slm_gqa,8,4,64,4,2048,64,47,5,3,block_major_head_first,block_major,head_first,0.354436,0.0536276522208,0,0,true
slm_gqa,8,4,64,4,2048,64,47,6,0,block_major_head_first,block_major,head_first,0.347696,0.0536276522208,0,0,true
slm_gqa,8,4,64,4,2048,64,47,6,1,head_major_block_first,head_major,block_first,0.345593,0.0536276522208,0,0,true
slm_gqa,8,4,64,4,2048,64,47,6,2,block_major_block_first,block_major,block_first,0.344781,0.0536276522208,0,0,true
slm_gqa,8,4,64,4,2048,64,47,6,3,head_major_head_first,head_major,head_first,0.340476,0.0536276522208,0,0,true
slm_gqa,8,4,64,4,2048,64,47,7,0,block_major_head_first,block_major,head_first,0.353845,0.0536276522208,0,0,true
slm_gqa,8,4,64,4,2048,64,47,7,1,head_major_block_first,head_major,block_first,0.345032,0.0536276522208,0,0,true
slm_gqa,8,4,64,4,2048,64,47,7,2,block_major_block_first,block_major,block_first,0.340245,0.0536276522208,0,0,true
slm_gqa,8,4,64,4,2048,64,47,7,3,head_major_head_first,head_major,head_first,0.339884,0.0536276522208,0,0,true
slm_gqa,8,4,64,4,2048,64,47,8,0,block_major_block_first,block_major,block_first,0.338983,0.0536276522208,0,0,true
slm_gqa,8,4,64,4,2048,64,47,8,1,block_major_head_first,block_major,head_first,0.347897,0.0536276522208,0,0,true
slm_gqa,8,4,64,4,2048,64,47,8,2,head_major_head_first,head_major,head_first,0.341207,0.0536276522208,0,0,true
slm_gqa,8,4,64,4,2048,64,47,8,3,head_major_block_first,head_major,block_first,0.342678,0.0536276522208,0,0,true
slm_gqa,8,4,64,4,2048,64,47,9,0,block_major_head_first,block_major,head_first,0.354217,0.0536276522208,0,0,true
slm_gqa,8,4,64,4,2048,64,47,9,1,head_major_head_first,head_major,head_first,0.339975,0.0536276522208,0,0,true
slm_gqa,8,4,64,4,2048,64,47,9,2,head_major_block_first,head_major,block_first,0.347606,0.0536276522208,0,0,true
slm_gqa,8,4,64,4,2048,64,47,9,3,block_major_block_first,block_major,block_first,0.34355,0.0536276522208,0,0,true
slm_gqa,8,4,64,4,2048,64,47,10,0,block_major_block_first,block_major,block_first,0.339173,0.0536276522208,0,0,true
slm_gqa,8,4,64,4,2048,64,47,10,1,block_major_head_first,block_major,head_first,0.347726,0.0536276522208,0,0,true
slm_gqa,8,4,64,4,2048,64,47,10,2,head_major_head_first,head_major,head_first,0.341777,0.0536276522208,0,0,true
slm_gqa,8,4,64,4,2048,64,47,10,3,head_major_block_first,head_major,block_first,0.341938,0.0536276522208,0,0,true
slm_gqa,8,4,64,4,2048,64,47,11,0,head_major_head_first,head_major,head_first,0.338563,0.0536276522208,0,0,true
slm_gqa,8,4,64,4,2048,64,47,11,1,head_major_block_first,head_major,block_first,0.340856,0.0536276522208,0,0,true
slm_gqa,8,4,64,4,2048,64,47,11,2,block_major_block_first,block_major,block_first,0.342168,0.0536276522208,0,0,true
slm_gqa,8,4,64,4,2048,64,47,11,3,block_major_head_first,block_major,head_first,0.35051,0.0536276522208,0,0,true
slm_gqa,8,4,64,4,2048,64,47,12,0,block_major_head_first,block_major,head_first,0.349018,0.0536276522208,0,0,true
slm_gqa,8,4,64,4,2048,64,47,12,1,head_major_head_first,head_major,head_first,0.354276,0.0536276522208,0,0,true
slm_gqa,8,4,64,4,2048,64,47,12,2,block_major_block_first,block_major,block_first,0.338302,0.0536276522208,0,0,true
slm_gqa,8,4,64,4,2048,64,47,12,3,head_major_block_first,head_major,block_first,0.343971,0.0536276522208,0,0,true
slm_gqa,8,4,64,4,2048,64,47,13,0,head_major_block_first,head_major,block_first,0.341226,0.0536276522208,0,0,true
slm_gqa,8,4,64,4,2048,64,47,13,1,head_major_head_first,head_major,head_first,0.337611,0.0536276522208,0,0,true
slm_gqa,8,4,64,4,2048,64,47,13,2,block_major_head_first,block_major,head_first,0.354567,0.0536276522208,0,0,true
slm_gqa,8,4,64,4,2048,64,47,13,3,block_major_block_first,block_major,block_first,0.338162,0.0536276522208,0,0,true
slm_gqa,8,4,64,4,2048,64,47,14,0,block_major_head_first,block_major,head_first,0.348608,0.0536276522208,0,0,true
slm_gqa,8,4,64,4,2048,64,47,14,1,head_major_block_first,head_major,block_first,0.346235,0.0536276522208,0,0,true
slm_gqa,8,4,64,4,2048,64,47,14,2,block_major_block_first,block_major,block_first,0.339835,0.0536276522208,0,0,true
slm_gqa,8,4,64,4,2048,64,47,14,3,head_major_head_first,head_major,head_first,0.341758,0.0536276522208,0,0,true
slm_gqa,8,4,64,4,2048,64,47,15,0,head_major_head_first,head_major,head_first,0.338963,0.0536276522208,0,0,true
slm_gqa,8,4,64,4,2048,64,47,15,1,block_major_head_first,block_major,head_first,0.361647,0.0536276522208,0,0,true
slm_gqa,8,4,64,4,2048,64,47,15,2,block_major_block_first,block_major,block_first,0.339053,0.0536276522208,0,0,true
slm_gqa,8,4,64,4,2048,64,47,15,3,head_major_block_first,head_major,block_first,0.346915,0.0536276522208,0,0,true
slm_gqa,8,4,64,4,2048,64,47,16,0,block_major_head_first,block_major,head_first,0.350951,0.0536276522208,0,0,true
slm_gqa,8,4,64,4,2048,64,47,16,1,block_major_block_first,block_major,block_first,0.337841,0.0536276522208,0,0,true
slm_gqa,8,4,64,4,2048,64,47,16,2,head_major_head_first,head_major,head_first,0.342398,0.0536276522208,0,0,true
slm_gqa,8,4,64,4,2048,64,47,16,3,head_major_block_first,head_major,block_first,0.342999,0.0536276522208,0,0,true
slm_gqa,8,4,64,4,2048,64,47,17,0,block_major_block_first,block_major,block_first,0.340005,0.0536276522208,0,0,true
slm_gqa,8,4,64,4,2048,64,47,17,1,head_major_block_first,head_major,block_first,0.344001,0.0536276522208,0,0,true
slm_gqa,8,4,64,4,2048,64,47,17,2,block_major_head_first,block_major,head_first,0.350911,0.0536276522208,0,0,true
slm_gqa,8,4,64,4,2048,64,47,17,3,head_major_head_first,head_major,head_first,0.342108,0.0536276522208,0,0,true
slm_gqa,8,4,64,4,2048,64,47,18,0,block_major_block_first,block_major,block_first,0.344342,0.0536276522208,0,0,true
slm_gqa,8,4,64,4,2048,64,47,18,1,head_major_head_first,head_major,head_first,0.341988,0.0536276522208,0,0,true
slm_gqa,8,4,64,4,2048,64,47,18,2,block_major_head_first,block_major,head_first,0.352874,0.0536276522208,0,0,true
slm_gqa,8,4,64,4,2048,64,47,18,3,head_major_block_first,head_major,block_first,0.343249,0.0536276522208,0,0,true
slm_gqa,8,4,64,4,2048,64,47,19,0,head_major_block_first,head_major,block_first,0.340365,0.0536276522208,0,0,true
slm_gqa,8,4,64,4,2048,64,47,19,1,block_major_block_first,block_major,block_first,0.340415,0.0536276522208,0,0,true
slm_gqa,8,4,64,4,2048,64,47,19,2,block_major_head_first,block_major,head_first,0.348568,0.0536276522208,0,0,true
slm_gqa,8,4,64,4,2048,64,47,19,3,head_major_head_first,head_major,head_first,0.341456,0.0536276522208,0,0,true
slm_gqa,8,4,64,4,8192,64,11,0,0,head_major_block_first,head_major,block_first,1.968991,-0.50278046134,0,0,true
slm_gqa,8,4,64,4,8192,64,11,0,1,block_major_head_first,block_major,head_first,2.329576,-0.50278046134,0,0,true
slm_gqa,8,4,64,4,8192,64,11,0,2,head_major_head_first,head_major,head_first,1.900837,-0.50278046134,0,0,true
slm_gqa,8,4,64,4,8192,64,11,0,3,block_major_block_first,block_major,block_first,1.914138,-0.50278046134,0,0,true
slm_gqa,8,4,64,4,8192,64,11,1,0,head_major_head_first,head_major,head_first,1.885484,-0.50278046134,0,0,true
slm_gqa,8,4,64,4,8192,64,11,1,1,block_major_head_first,block_major,head_first,2.217307,-0.50278046134,0,0,true
slm_gqa,8,4,64,4,8192,64,11,1,2,block_major_block_first,block_major,block_first,1.845764,-0.50278046134,0,0,true
slm_gqa,8,4,64,4,8192,64,11,1,3,head_major_block_first,head_major,block_first,1.999416,-0.50278046134,0,0,true
slm_gqa,8,4,64,4,8192,64,11,2,0,block_major_block_first,block_major,block_first,1.856019,-0.50278046134,0,0,true
slm_gqa,8,4,64,4,8192,64,11,2,1,head_major_head_first,head_major,head_first,1.94904,-0.50278046134,0,0,true
slm_gqa,8,4,64,4,8192,64,11,2,2,block_major_head_first,block_major,head_first,2.148752,-0.50278046134,0,0,true
slm_gqa,8,4,64,4,8192,64,11,2,3,head_major_block_first,head_major,block_first,1.987929,-0.50278046134,0,0,true
slm_gqa,8,4,64,4,8192,64,11,3,0,head_major_block_first,head_major,block_first,1.978895,-0.50278046134,0,0,true
slm_gqa,8,4,64,4,8192,64,11,3,1,head_major_head_first,head_major,head_first,1.908528,-0.50278046134,0,0,true
slm_gqa,8,4,64,4,8192,64,11,3,2,block_major_block_first,block_major,block_first,1.965675,-0.50278046134,0,0,true
slm_gqa,8,4,64,4,8192,64,11,3,3,block_major_head_first,block_major,head_first,2.261813,-0.50278046134,0,0,true
slm_gqa,8,4,64,4,8192,64,11,4,0,block_major_block_first,block_major,block_first,1.770611,-0.50278046134,0,0,true
slm_gqa,8,4,64,4,8192,64,11,4,1,head_major_block_first,head_major,block_first,2.003172,-0.50278046134,0,0,true
slm_gqa,8,4,64,4,8192,64,11,4,2,block_major_head_first,block_major,head_first,2.037834,-0.50278046134,0,0,true
slm_gqa,8,4,64,4,8192,64,11,4,3,head_major_head_first,head_major,head_first,1.949361,-0.50278046134,0,0,true
slm_gqa,8,4,64,4,8192,64,11,5,0,block_major_head_first,block_major,head_first,2.108401,-0.50278046134,0,0,true
slm_gqa,8,4,64,4,8192,64,11,5,1,head_major_head_first,head_major,head_first,1.948329,-0.50278046134,0,0,true
slm_gqa,8,4,64,4,8192,64,11,5,2,block_major_block_first,block_major,block_first,1.84367,-0.50278046134,0,0,true
slm_gqa,8,4,64,4,8192,64,11,5,3,head_major_block_first,head_major,block_first,2.00192,-0.50278046134,0,0,true
slm_gqa,8,4,64,4,8192,64,11,6,0,head_major_block_first,head_major,block_first,1.98887,-0.50278046134,0,0,true
slm_gqa,8,4,64,4,8192,64,11,6,1,head_major_head_first,head_major,head_first,1.908609,-0.50278046134,0,0,true
slm_gqa,8,4,64,4,8192,64,11,6,2,block_major_head_first,block_major,head_first,2.313632,-0.50278046134,0,0,true
slm_gqa,8,4,64,4,8192,64,11,6,3,block_major_block_first,block_major,block_first,1.884061,-0.50278046134,0,0,true
slm_gqa,8,4,64,4,8192,64,11,7,0,block_major_head_first,block_major,head_first,2.055913,-0.50278046134,0,0,true
slm_gqa,8,4,64,4,8192,64,11,7,1,block_major_block_first,block_major,block_first,1.798202,-0.50278046134,0,0,true
slm_gqa,8,4,64,4,8192,64,11,7,2,head_major_head_first,head_major,head_first,1.943652,-0.50278046134,0,0,true
slm_gqa,8,4,64,4,8192,64,11,7,3,head_major_block_first,head_major,block_first,1.971114,-0.50278046134,0,0,true
slm_gqa,8,4,64,4,8192,64,11,8,0,head_major_block_first,head_major,block_first,1.796249,-0.50278046134,0,0,true
slm_gqa,8,4,64,4,8192,64,11,8,1,block_major_head_first,block_major,head_first,2.25924,-0.50278046134,0,0,true
slm_gqa,8,4,64,4,8192,64,11,8,2,block_major_block_first,block_major,block_first,1.800976,-0.50278046134,0,0,true
slm_gqa,8,4,64,4,8192,64,11,8,3,head_major_head_first,head_major,head_first,1.971304,-0.50278046134,0,0,true
slm_gqa,8,4,64,4,8192,64,11,9,0,head_major_head_first,head_major,head_first,1.822409,-0.50278046134,0,0,true
slm_gqa,8,4,64,4,8192,64,11,9,1,head_major_block_first,head_major,block_first,1.848167,-0.50278046134,0,0,true
slm_gqa,8,4,64,4,8192,64,11,9,2,block_major_head_first,block_major,head_first,2.268243,-0.50278046134,0,0,true
slm_gqa,8,4,64,4,8192,64,11,9,3,block_major_block_first,block_major,block_first,1.855618,-0.50278046134,0,0,true
slm_gqa,8,4,64,4,8192,64,11,10,0,head_major_head_first,head_major,head_first,1.923972,-0.50278046134,0,0,true
slm_gqa,8,4,64,4,8192,64,11,10,1,block_major_block_first,block_major,block_first,1.847907,-0.50278046134,0,0,true
slm_gqa,8,4,64,4,8192,64,11,10,2,head_major_block_first,head_major,block_first,1.992305,-0.50278046134,0,0,true
slm_gqa,8,4,64,4,8192,64,11,10,3,block_major_head_first,block_major,head_first,2.227021,-0.50278046134,0,0,true
slm_gqa,8,4,64,4,8192,64,11,11,0,block_major_head_first,block_major,head_first,2.091045,-0.50278046134,0,0,true
slm_gqa,8,4,64,4,8192,64,11,11,1,head_major_block_first,head_major,block_first,2.003943,-0.50278046134,0,0,true
slm_gqa,8,4,64,4,8192,64,11,11,2,head_major_head_first,head_major,head_first,1.885734,-0.50278046134,0,0,true
slm_gqa,8,4,64,4,8192,64,11,11,3,block_major_block_first,block_major,block_first,1.883521,-0.50278046134,0,0,true
slm_gqa,8,4,64,4,8192,64,11,12,0,block_major_block_first,block_major,block_first,1.890772,-0.50278046134,0,0,true
slm_gqa,8,4,64,4,8192,64,11,12,1,head_major_block_first,head_major,block_first,1.983813,-0.50278046134,0,0,true
slm_gqa,8,4,64,4,8192,64,11,12,2,block_major_head_first,block_major,head_first,2.156354,-0.50278046134,0,0,true
slm_gqa,8,4,64,4,8192,64,11,12,3,head_major_head_first,head_major,head_first,1.899685,-0.50278046134,0,0,true
slm_gqa,8,4,64,4,8192,64,11,13,0,block_major_block_first,block_major,block_first,1.872043,-0.50278046134,0,0,true
slm_gqa,8,4,64,4,8192,64,11,13,1,head_major_block_first,head_major,block_first,1.993147,-0.50278046134,0,0,true
slm_gqa,8,4,64,4,8192,64,11,13,2,head_major_head_first,head_major,head_first,1.928319,-0.50278046134,0,0,true
slm_gqa,8,4,64,4,8192,64,11,13,3,block_major_head_first,block_major,head_first,2.220381,-0.50278046134,0,0,true
slm_gqa,8,4,64,4,8192,64,11,14,0,block_major_block_first,block_major,block_first,1.841728,-0.50278046134,0,0,true
slm_gqa,8,4,64,4,8192,64,11,14,1,head_major_head_first,head_major,head_first,1.924043,-0.50278046134,0,0,true
slm_gqa,8,4,64,4,8192,64,11,14,2,block_major_head_first,block_major,head_first,2.085747,-0.50278046134,0,0,true
slm_gqa,8,4,64,4,8192,64,11,14,3,head_major_block_first,head_major,block_first,1.996402,-0.50278046134,0,0,true
slm_gqa,8,4,64,4,8192,64,11,15,0,head_major_block_first,head_major,block_first,1.992366,-0.50278046134,0,0,true
slm_gqa,8,4,64,4,8192,64,11,15,1,block_major_head_first,block_major,head_first,2.176083,-0.50278046134,0,0,true
slm_gqa,8,4,64,4,8192,64,11,15,2,block_major_block_first,block_major,block_first,1.843251,-0.50278046134,0,0,true
slm_gqa,8,4,64,4,8192,64,11,15,3,head_major_head_first,head_major,head_first,1.910712,-0.50278046134,0,0,true
slm_gqa,8,4,64,4,8192,64,11,16,0,head_major_block_first,head_major,block_first,2.006717,-0.50278046134,0,0,true
slm_gqa,8,4,64,4,8192,64,11,16,1,block_major_block_first,block_major,block_first,1.912946,-0.50278046134,0,0,true
slm_gqa,8,4,64,4,8192,64,11,16,2,block_major_head_first,block_major,head_first,2.159198,-0.50278046134,0,0,true
slm_gqa,8,4,64,4,8192,64,11,16,3,head_major_head_first,head_major,head_first,1.908769,-0.50278046134,0,0,true
slm_gqa,8,4,64,4,8192,64,11,17,0,block_major_block_first,block_major,block_first,1.845364,-0.50278046134,0,0,true
slm_gqa,8,4,64,4,8192,64,11,17,1,block_major_head_first,block_major,head_first,2.026127,-0.50278046134,0,0,true
slm_gqa,8,4,64,4,8192,64,11,17,2,head_major_head_first,head_major,head_first,1.927298,-0.50278046134,0,0,true
slm_gqa,8,4,64,4,8192,64,11,17,3,head_major_block_first,head_major,block_first,1.993778,-0.50278046134,0,0,true
slm_gqa,8,4,64,4,8192,64,11,18,0,head_major_head_first,head_major,head_first,1.877152,-0.50278046134,0,0,true
slm_gqa,8,4,64,4,8192,64,11,18,1,block_major_head_first,block_major,head_first,2.267282,-0.50278046134,0,0,true
slm_gqa,8,4,64,4,8192,64,11,18,2,block_major_block_first,block_major,block_first,1.802789,-0.50278046134,0,0,true
slm_gqa,8,4,64,4,8192,64,11,18,3,head_major_block_first,head_major,block_first,1.999607,-0.50278046134,0,0,true
slm_gqa,8,4,64,4,8192,64,11,19,0,block_major_block_first,block_major,block_first,1.829409,-0.50278046134,0,0,true
slm_gqa,8,4,64,4,8192,64,11,19,1,head_major_head_first,head_major,head_first,1.912405,-0.50278046134,0,0,true
slm_gqa,8,4,64,4,8192,64,11,19,2,block_major_head_first,block_major,head_first,2.103474,-0.50278046134,0,0,true
slm_gqa,8,4,64,4,8192,64,11,19,3,head_major_block_first,head_major,block_first,1.98877,-0.50278046134,0,0,true
slm_gqa,8,4,64,4,8192,64,29,0,0,block_major_head_first,block_major,head_first,2.154871,0.19890332767,0,0,true
slm_gqa,8,4,64,4,8192,64,29,0,1,head_major_head_first,head_major,head_first,1.913527,0.19890332767,0,0,true
slm_gqa,8,4,64,4,8192,64,29,0,2,head_major_block_first,head_major,block_first,1.996863,0.19890332767,0,0,true
slm_gqa,8,4,64,4,8192,64,29,0,3,block_major_block_first,block_major,block_first,1.892024,0.19890332767,0,0,true
slm_gqa,8,4,64,4,8192,64,29,1,0,head_major_head_first,head_major,head_first,1.892444,0.19890332767,0,0,true
slm_gqa,8,4,64,4,8192,64,29,1,1,head_major_block_first,head_major,block_first,1.979046,0.19890332767,0,0,true
slm_gqa,8,4,64,4,8192,64,29,1,2,block_major_block_first,block_major,block_first,1.914949,0.19890332767,0,0,true
slm_gqa,8,4,64,4,8192,64,29,1,3,block_major_head_first,block_major,head_first,2.317198,0.19890332767,0,0,true
slm_gqa,8,4,64,4,8192,64,29,2,0,head_major_head_first,head_major,head_first,1.906185,0.19890332767,0,0,true
slm_gqa,8,4,64,4,8192,64,29,2,1,head_major_block_first,head_major,block_first,1.975039,0.19890332767,0,0,true
slm_gqa,8,4,64,4,8192,64,29,2,2,block_major_block_first,block_major,block_first,1.941289,0.19890332767,0,0,true
slm_gqa,8,4,64,4,8192,64,29,2,3,block_major_head_first,block_major,head_first,2.272991,0.19890332767,0,0,true
slm_gqa,8,4,64,4,8192,64,29,3,0,head_major_block_first,head_major,block_first,2.00144,0.19890332767,0,0,true
slm_gqa,8,4,64,4,8192,64,29,3,1,block_major_block_first,block_major,block_first,1.873286,0.19890332767,0,0,true
slm_gqa,8,4,64,4,8192,64,29,3,2,block_major_head_first,block_major,head_first,2.149664,0.19890332767,0,0,true
slm_gqa,8,4,64,4,8192,64,29,3,3,head_major_head_first,head_major,head_first,1.931303,0.19890332767,0,0,true
slm_gqa,8,4,64,4,8192,64,29,4,0,block_major_block_first,block_major,block_first,1.868568,0.19890332767,0,0,true
slm_gqa,8,4,64,4,8192,64,29,4,1,block_major_head_first,block_major,head_first,2.109624,0.19890332767,0,0,true
slm_gqa,8,4,64,4,8192,64,29,4,2,head_major_block_first,head_major,block_first,2.010643,0.19890332767,0,0,true
slm_gqa,8,4,64,4,8192,64,29,4,3,head_major_head_first,head_major,head_first,1.891744,0.19890332767,0,0,true
slm_gqa,8,4,64,4,8192,64,29,5,0,head_major_head_first,head_major,head_first,1.880396,0.19890332767,0,0,true
slm_gqa,8,4,64,4,8192,64,29,5,1,block_major_head_first,block_major,head_first,2.289215,0.19890332767,0,0,true
slm_gqa,8,4,64,4,8192,64,29,5,2,head_major_block_first,head_major,block_first,1.999807,0.19890332767,0,0,true
slm_gqa,8,4,64,4,8192,64,29,5,3,block_major_block_first,block_major,block_first,1.886235,0.19890332767,0,0,true
slm_gqa,8,4,64,4,8192,64,29,6,0,head_major_block_first,head_major,block_first,1.98195,0.19890332767,0,0,true
slm_gqa,8,4,64,4,8192,64,29,6,1,head_major_head_first,head_major,head_first,1.873325,0.19890332767,0,0,true
slm_gqa,8,4,64,4,8192,64,29,6,2,block_major_block_first,block_major,block_first,1.911263,0.19890332767,0,0,true
slm_gqa,8,4,64,4,8192,64,29,6,3,block_major_head_first,block_major,head_first,2.268613,0.19890332767,0,0,true
slm_gqa,8,4,64,4,8192,64,29,7,0,head_major_block_first,head_major,block_first,2.00135,0.19890332767,0,0,true
slm_gqa,8,4,64,4,8192,64,29,7,1,head_major_head_first,head_major,head_first,1.870812,0.19890332767,0,0,true
slm_gqa,8,4,64,4,8192,64,29,7,2,block_major_block_first,block_major,block_first,1.908919,0.19890332767,0,0,true
slm_gqa,8,4,64,4,8192,64,29,7,3,block_major_head_first,block_major,head_first,2.15314,0.19890332767,0,0,true
slm_gqa,8,4,64,4,8192,64,29,8,0,head_major_head_first,head_major,head_first,1.924573,0.19890332767,0,0,true
slm_gqa,8,4,64,4,8192,64,29,8,1,head_major_block_first,head_major,block_first,1.990453,0.19890332767,0,0,true
slm_gqa,8,4,64,4,8192,64,29,8,2,block_major_head_first,block_major,head_first,2.256345,0.19890332767,0,0,true
slm_gqa,8,4,64,4,8192,64,29,8,3,block_major_block_first,block_major,block_first,1.845814,0.19890332767,0,0,true
slm_gqa,8,4,64,4,8192,64,29,9,0,block_major_head_first,block_major,head_first,2.07444,0.19890332767,0,0,true
slm_gqa,8,4,64,4,8192,64,29,9,1,head_major_block_first,head_major,block_first,1.994249,0.19890332767,0,0,true
slm_gqa,8,4,64,4,8192,64,29,9,2,head_major_head_first,head_major,head_first,1.920307,0.19890332767,0,0,true
slm_gqa,8,4,64,4,8192,64,29,9,3,block_major_block_first,block_major,block_first,1.912896,0.19890332767,0,0,true
slm_gqa,8,4,64,4,8192,64,29,10,0,head_major_head_first,head_major,head_first,1.885204,0.19890332767,0,0,true
slm_gqa,8,4,64,4,8192,64,29,10,1,head_major_block_first,head_major,block_first,1.975069,0.19890332767,0,0,true
slm_gqa,8,4,64,4,8192,64,29,10,2,block_major_block_first,block_major,block_first,1.949751,0.19890332767,0,0,true
slm_gqa,8,4,64,4,8192,64,29,10,3,block_major_head_first,block_major,head_first,2.053569,0.19890332767,0,0,true
slm_gqa,8,4,64,4,8192,64,29,11,0,block_major_head_first,block_major,head_first,1.987007,0.19890332767,0,0,true
slm_gqa,8,4,64,4,8192,64,29,11,1,head_major_block_first,head_major,block_first,2.00172,0.19890332767,0,0,true
slm_gqa,8,4,64,4,8192,64,29,11,2,head_major_head_first,head_major,head_first,1.878373,0.19890332767,0,0,true
slm_gqa,8,4,64,4,8192,64,29,11,3,block_major_block_first,block_major,block_first,1.926677,0.19890332767,0,0,true
slm_gqa,8,4,64,4,8192,64,29,12,0,head_major_block_first,head_major,block_first,1.961999,0.19890332767,0,0,true
slm_gqa,8,4,64,4,8192,64,29,12,1,block_major_head_first,block_major,head_first,2.141051,0.19890332767,0,0,true
slm_gqa,8,4,64,4,8192,64,29,12,2,block_major_block_first,block_major,block_first,1.828017,0.19890332767,0,0,true
slm_gqa,8,4,64,4,8192,64,29,12,3,head_major_head_first,head_major,head_first,1.92933,0.19890332767,0,0,true
slm_gqa,8,4,64,4,8192,64,29,13,0,block_major_head_first,block_major,head_first,2.095813,0.19890332767,0,0,true
slm_gqa,8,4,64,4,8192,64,29,13,1,block_major_block_first,block_major,block_first,1.810671,0.19890332767,0,0,true
slm_gqa,8,4,64,4,8192,64,29,13,2,head_major_block_first,head_major,block_first,2.000668,0.19890332767,0,0,true
slm_gqa,8,4,64,4,8192,64,29,13,3,head_major_head_first,head_major,head_first,1.917383,0.19890332767,0,0,true
slm_gqa,8,4,64,4,8192,64,29,14,0,head_major_head_first,head_major,head_first,1.888629,0.19890332767,0,0,true
slm_gqa,8,4,64,4,8192,64,29,14,1,head_major_block_first,head_major,block_first,1.900286,0.19890332767,0,0,true
slm_gqa,8,4,64,4,8192,64,29,14,2,block_major_block_first,block_major,block_first,1.965796,0.19890332767,0,0,true
slm_gqa,8,4,64,4,8192,64,29,14,3,block_major_head_first,block_major,head_first,2.130575,0.19890332767,0,0,true
slm_gqa,8,4,64,4,8192,64,29,15,0,block_major_block_first,block_major,block_first,1.745823,0.19890332767,0,0,true
slm_gqa,8,4,64,4,8192,64,29,15,1,block_major_head_first,block_major,head_first,1.821457,0.19890332767,0,0,true
slm_gqa,8,4,64,4,8192,64,29,15,2,head_major_block_first,head_major,block_first,2.003873,0.19890332767,0,0,true
slm_gqa,8,4,64,4,8192,64,29,15,3,head_major_head_first,head_major,head_first,1.883662,0.19890332767,0,0,true
slm_gqa,8,4,64,4,8192,64,29,16,0,block_major_block_first,block_major,block_first,1.970082,0.19890332767,0,0,true
slm_gqa,8,4,64,4,8192,64,29,16,1,head_major_head_first,head_major,head_first,1.862389,0.19890332767,0,0,true
slm_gqa,8,4,64,4,8192,64,29,16,2,block_major_head_first,block_major,head_first,2.176254,0.19890332767,0,0,true
slm_gqa,8,4,64,4,8192,64,29,16,3,head_major_block_first,head_major,block_first,2.005215,0.19890332767,0,0,true
slm_gqa,8,4,64,4,8192,64,29,17,0,block_major_block_first,block_major,block_first,1.897782,0.19890332767,0,0,true
slm_gqa,8,4,64,4,8192,64,29,17,1,block_major_head_first,block_major,head_first,2.166509,0.19890332767,0,0,true
slm_gqa,8,4,64,4,8192,64,29,17,2,head_major_head_first,head_major,head_first,1.897122,0.19890332767,0,0,true
slm_gqa,8,4,64,4,8192,64,29,17,3,head_major_block_first,head_major,block_first,1.993628,0.19890332767,0,0,true
slm_gqa,8,4,64,4,8192,64,29,18,0,block_major_head_first,block_major,head_first,2.249255,0.19890332767,0,0,true
slm_gqa,8,4,64,4,8192,64,29,18,1,head_major_block_first,head_major,block_first,1.99508,0.19890332767,0,0,true
slm_gqa,8,4,64,4,8192,64,29,18,2,head_major_head_first,head_major,head_first,1.911774,0.19890332767,0,0,true
slm_gqa,8,4,64,4,8192,64,29,18,3,block_major_block_first,block_major,block_first,1.93549,0.19890332767,0,0,true
slm_gqa,8,4,64,4,8192,64,29,19,0,block_major_head_first,block_major,head_first,2.26547,0.19890332767,0,0,true
slm_gqa,8,4,64,4,8192,64,29,19,1,head_major_block_first,head_major,block_first,2.007168,0.19890332767,0,0,true
slm_gqa,8,4,64,4,8192,64,29,19,2,head_major_head_first,head_major,head_first,1.900287,0.19890332767,0,0,true
slm_gqa,8,4,64,4,8192,64,29,19,3,block_major_block_first,block_major,block_first,1.908519,0.19890332767,0,0,true
slm_gqa,8,4,64,4,8192,64,47,0,0,block_major_head_first,block_major,head_first,2.280962,0.868996347902,0,0,true
slm_gqa,8,4,64,4,8192,64,47,0,1,head_major_block_first,head_major,block_first,1.980338,0.868996347902,0,0,true
slm_gqa,8,4,64,4,8192,64,47,0,2,block_major_block_first,block_major,block_first,1.936742,0.868996347902,0,0,true
slm_gqa,8,4,64,4,8192,64,47,0,3,head_major_head_first,head_major,head_first,1.864662,0.868996347902,0,0,true
slm_gqa,8,4,64,4,8192,64,47,1,0,head_major_head_first,head_major,head_first,1.892595,0.868996347902,0,0,true
slm_gqa,8,4,64,4,8192,64,47,1,1,block_major_block_first,block_major,block_first,1.92927,0.868996347902,0,0,true
slm_gqa,8,4,64,4,8192,64,47,1,2,head_major_block_first,head_major,block_first,1.9754,0.868996347902,0,0,true
slm_gqa,8,4,64,4,8192,64,47,1,3,block_major_head_first,block_major,head_first,2.482047,0.868996347902,0,0,true
slm_gqa,8,4,64,4,8192,64,47,2,0,head_major_block_first,head_major,block_first,1.964063,0.868996347902,0,0,true
slm_gqa,8,4,64,4,8192,64,47,2,1,block_major_block_first,block_major,block_first,1.940698,0.868996347902,0,0,true
slm_gqa,8,4,64,4,8192,64,47,2,2,head_major_head_first,head_major,head_first,1.867867,0.868996347902,0,0,true
slm_gqa,8,4,64,4,8192,64,47,2,3,block_major_head_first,block_major,head_first,2.422527,0.868996347902,0,0,true
slm_gqa,8,4,64,4,8192,64,47,3,0,block_major_block_first,block_major,block_first,1.907978,0.868996347902,0,0,true
slm_gqa,8,4,64,4,8192,64,47,3,1,head_major_block_first,head_major,block_first,1.977793,0.868996347902,0,0,true
slm_gqa,8,4,64,4,8192,64,47,3,2,block_major_head_first,block_major,head_first,2.149263,0.868996347902,0,0,true
slm_gqa,8,4,64,4,8192,64,47,3,3,head_major_head_first,head_major,head_first,1.888108,0.868996347902,0,0,true
slm_gqa,8,4,64,4,8192,64,47,4,0,head_major_block_first,head_major,block_first,1.980378,0.868996347902,0,0,true
slm_gqa,8,4,64,4,8192,64,47,4,1,block_major_head_first,block_major,head_first,2.228483,0.868996347902,0,0,true
slm_gqa,8,4,64,4,8192,64,47,4,2,block_major_block_first,block_major,block_first,1.877142,0.868996347902,0,0,true
slm_gqa,8,4,64,4,8192,64,47,4,3,head_major_head_first,head_major,head_first,1.900957,0.868996347902,0,0,true
slm_gqa,8,4,64,4,8192,64,47,5,0,block_major_head_first,block_major,head_first,2.128282,0.868996347902,0,0,true
slm_gqa,8,4,64,4,8192,64,47,5,1,block_major_block_first,block_major,block_first,1.857812,0.868996347902,0,0,true
slm_gqa,8,4,64,4,8192,64,47,5,2,head_major_head_first,head_major,head_first,1.90939,0.868996347902,0,0,true
slm_gqa,8,4,64,4,8192,64,47,5,3,head_major_block_first,head_major,block_first,2.005025,0.868996347902,0,0,true
slm_gqa,8,4,64,4,8192,64,47,6,0,block_major_block_first,block_major,block_first,1.94241,0.868996347902,0,0,true
slm_gqa,8,4,64,4,8192,64,47,6,1,head_major_head_first,head_major,head_first,1.914168,0.868996347902,0,0,true
slm_gqa,8,4,64,4,8192,64,47,6,2,block_major_head_first,block_major,head_first,2.184757,0.868996347902,0,0,true
slm_gqa,8,4,64,4,8192,64,47,6,3,head_major_block_first,head_major,block_first,1.999557,0.868996347902,0,0,true
slm_gqa,8,4,64,4,8192,64,47,7,0,head_major_head_first,head_major,head_first,1.891563,0.868996347902,0,0,true
slm_gqa,8,4,64,4,8192,64,47,7,1,block_major_block_first,block_major,block_first,1.960027,0.868996347902,0,0,true
slm_gqa,8,4,64,4,8192,64,47,7,2,head_major_block_first,head_major,block_first,1.96215,0.868996347902,0,0,true
slm_gqa,8,4,64,4,8192,64,47,7,3,block_major_head_first,block_major,head_first,2.349847,0.868996347902,0,0,true
slm_gqa,8,4,64,4,8192,64,47,8,0,head_major_head_first,head_major,head_first,1.897132,0.868996347902,0,0,true
slm_gqa,8,4,64,4,8192,64,47,8,1,block_major_block_first,block_major,block_first,1.927818,0.868996347902,0,0,true
slm_gqa,8,4,64,4,8192,64,47,8,2,head_major_block_first,head_major,block_first,1.975911,0.868996347902,0,0,true
slm_gqa,8,4,64,4,8192,64,47,8,3,block_major_head_first,block_major,head_first,2.296536,0.868996347902,0,0,true
slm_gqa,8,4,64,4,8192,64,47,9,0,head_major_block_first,head_major,block_first,1.977653,0.868996347902,0,0,true
slm_gqa,8,4,64,4,8192,64,47,9,1,block_major_head_first,block_major,head_first,2.164707,0.868996347902,0,0,true
slm_gqa,8,4,64,4,8192,64,47,9,2,head_major_head_first,head_major,head_first,1.906556,0.868996347902,0,0,true
slm_gqa,8,4,64,4,8192,64,47,9,3,block_major_block_first,block_major,block_first,1.912725,0.868996347902,0,0,true
slm_gqa,8,4,64,4,8192,64,47,10,0,block_major_head_first,block_major,head_first,2.126949,0.868996347902,0,0,true
slm_gqa,8,4,64,4,8192,64,47,10,1,head_major_block_first,head_major,block_first,2.004504,0.868996347902,0,0,true
slm_gqa,8,4,64,4,8192,64,47,10,2,block_major_block_first,block_major,block_first,1.868809,0.868996347902,0,0,true
slm_gqa,8,4,64,4,8192,64,47,10,3,head_major_head_first,head_major,head_first,1.92231,0.868996347902,0,0,true
slm_gqa,8,4,64,4,8192,64,47,11,0,block_major_head_first,block_major,head_first,2.206359,0.868996347902,0,0,true
slm_gqa,8,4,64,4,8192,64,47,11,1,head_major_block_first,head_major,block_first,2.000868,0.868996347902,0,0,true
slm_gqa,8,4,64,4,8192,64,47,11,2,block_major_block_first,block_major,block_first,1.88271,0.868996347902,0,0,true
slm_gqa,8,4,64,4,8192,64,47,11,3,head_major_head_first,head_major,head_first,1.917162,0.868996347902,0,0,true
slm_gqa,8,4,64,4,8192,64,47,12,0,block_major_head_first,block_major,head_first,2.13399,0.868996347902,0,0,true
slm_gqa,8,4,64,4,8192,64,47,12,1,head_major_head_first,head_major,head_first,1.909581,0.868996347902,0,0,true
slm_gqa,8,4,64,4,8192,64,47,12,2,head_major_block_first,head_major,block_first,1.980227,0.868996347902,0,0,true
slm_gqa,8,4,64,4,8192,64,47,12,3,block_major_block_first,block_major,block_first,1.929761,0.868996347902,0,0,true
slm_gqa,8,4,64,4,8192,64,47,13,0,block_major_block_first,block_major,block_first,1.895489,0.868996347902,0,0,true
slm_gqa,8,4,64,4,8192,64,47,13,1,head_major_head_first,head_major,head_first,1.918073,0.868996347902,0,0,true
slm_gqa,8,4,64,4,8192,64,47,13,2,head_major_block_first,head_major,block_first,1.978655,0.868996347902,0,0,true
slm_gqa,8,4,64,4,8192,64,47,13,3,block_major_head_first,block_major,head_first,2.326411,0.868996347902,0,0,true
slm_gqa,8,4,64,4,8192,64,47,14,0,head_major_head_first,head_major,head_first,1.88924,0.868996347902,0,0,true
slm_gqa,8,4,64,4,8192,64,47,14,1,head_major_block_first,head_major,block_first,1.992796,0.868996347902,0,0,true
slm_gqa,8,4,64,4,8192,64,47,14,2,block_major_block_first,block_major,block_first,1.917032,0.868996347902,0,0,true
slm_gqa,8,4,64,4,8192,64,47,14,3,block_major_head_first,block_major,head_first,2.234913,0.868996347902,0,0,true
slm_gqa,8,4,64,4,8192,64,47,15,0,head_major_block_first,head_major,block_first,1.98202,0.868996347902,0,0,true
slm_gqa,8,4,64,4,8192,64,47,15,1,head_major_head_first,head_major,head_first,1.88269,0.868996347902,0,0,true
slm_gqa,8,4,64,4,8192,64,47,15,2,block_major_block_first,block_major,block_first,1.921579,0.868996347902,0,0,true
slm_gqa,8,4,64,4,8192,64,47,15,3,block_major_head_first,block_major,head_first,2.260592,0.868996347902,0,0,true
slm_gqa,8,4,64,4,8192,64,47,16,0,block_major_block_first,block_major,block_first,1.842839,0.868996347902,0,0,true
slm_gqa,8,4,64,4,8192,64,47,16,1,block_major_head_first,block_major,head_first,2.068721,0.868996347902,0,0,true
slm_gqa,8,4,64,4,8192,64,47,16,2,head_major_block_first,head_major,block_first,1.996512,0.868996347902,0,0,true
slm_gqa,8,4,64,4,8192,64,47,16,3,head_major_head_first,head_major,head_first,1.894968,0.868996347902,0,0,true
slm_gqa,8,4,64,4,8192,64,47,17,0,block_major_block_first,block_major,block_first,1.872495,0.868996347902,0,0,true
slm_gqa,8,4,64,4,8192,64,47,17,1,block_major_head_first,block_major,head_first,2.131005,0.868996347902,0,0,true
slm_gqa,8,4,64,4,8192,64,47,17,2,head_major_head_first,head_major,head_first,1.904773,0.868996347902,0,0,true
slm_gqa,8,4,64,4,8192,64,47,17,3,head_major_block_first,head_major,block_first,2.007268,0.868996347902,0,0,true
slm_gqa,8,4,64,4,8192,64,47,18,0,block_major_block_first,block_major,block_first,1.943232,0.868996347902,0,0,true
slm_gqa,8,4,64,4,8192,64,47,18,1,head_major_head_first,head_major,head_first,1.899415,0.868996347902,0,0,true
slm_gqa,8,4,64,4,8192,64,47,18,2,head_major_block_first,head_major,block_first,1.983863,0.868996347902,0,0,true
slm_gqa,8,4,64,4,8192,64,47,18,3,block_major_head_first,block_major,head_first,2.267272,0.868996347902,0,0,true
slm_gqa,8,4,64,4,8192,64,47,19,0,head_major_head_first,head_major,head_first,1.902079,0.868996347902,0,0,true
slm_gqa,8,4,64,4,8192,64,47,19,1,block_major_head_first,block_major,head_first,2.133139,0.868996347902,0,0,true
slm_gqa,8,4,64,4,8192,64,47,19,2,head_major_block_first,head_major,block_first,1.990704,0.868996347902,0,0,true
slm_gqa,8,4,64,4,8192,64,47,19,3,block_major_block_first,block_major,block_first,1.908298,0.868996347902,0,0,true
slm_gqa,8,4,64,4,16384,64,11,0,0,block_major_block_first,block_major,block_first,3.858942,-0.786001668453,0,0,true
slm_gqa,8,4,64,4,16384,64,11,0,1,block_major_head_first,block_major,head_first,4.666824,-0.786001668453,0,0,true
slm_gqa,8,4,64,4,16384,64,11,0,2,head_major_block_first,head_major,block_first,4.059344,-0.786001668453,0,0,true
slm_gqa,8,4,64,4,16384,64,11,0,3,head_major_head_first,head_major,head_first,3.844119,-0.786001668453,0,0,true
slm_gqa,8,4,64,4,16384,64,11,1,0,block_major_block_first,block_major,block_first,3.906593,-0.786001668453,0,0,true
slm_gqa,8,4,64,4,16384,64,11,1,1,head_major_head_first,head_major,head_first,3.830558,-0.786001668453,0,0,true
slm_gqa,8,4,64,4,16384,64,11,1,2,head_major_block_first,head_major,block_first,4.012093,-0.786001668453,0,0,true
slm_gqa,8,4,64,4,16384,64,11,1,3,block_major_head_first,block_major,head_first,4.891024,-0.786001668453,0,0,true
slm_gqa,8,4,64,4,16384,64,11,2,0,block_major_block_first,block_major,block_first,3.874615,-0.786001668453,0,0,true
slm_gqa,8,4,64,4,16384,64,11,2,1,head_major_head_first,head_major,head_first,3.854985,-0.786001668453,0,0,true
slm_gqa,8,4,64,4,16384,64,11,2,2,block_major_head_first,block_major,head_first,4.629468,-0.786001668453,0,0,true
slm_gqa,8,4,64,4,16384,64,11,2,3,head_major_block_first,head_major,block_first,4.047486,-0.786001668453,0,0,true
slm_gqa,8,4,64,4,16384,64,11,3,0,block_major_block_first,block_major,block_first,3.888866,-0.786001668453,0,0,true
slm_gqa,8,4,64,4,16384,64,11,3,1,block_major_head_first,block_major,head_first,4.682537,-0.786001668453,0,0,true
slm_gqa,8,4,64,4,16384,64,11,3,2,head_major_block_first,head_major,block_first,4.051523,-0.786001668453,0,0,true
slm_gqa,8,4,64,4,16384,64,11,3,3,head_major_head_first,head_major,head_first,3.844269,-0.786001668453,0,0,true
slm_gqa,8,4,64,4,16384,64,11,4,0,block_major_block_first,block_major,block_first,3.896598,-0.786001668453,0,0,true
slm_gqa,8,4,64,4,16384,64,11,4,1,block_major_head_first,block_major,head_first,4.883773,-0.786001668453,0,0,true
slm_gqa,8,4,64,4,16384,64,11,4,2,head_major_block_first,head_major,block_first,4.031282,-0.786001668453,0,0,true
slm_gqa,8,4,64,4,16384,64,11,4,3,head_major_head_first,head_major,head_first,3.826522,-0.786001668453,0,0,true
slm_gqa,8,4,64,4,16384,64,11,5,0,block_major_block_first,block_major,block_first,3.917049,-0.786001668453,0,0,true
slm_gqa,8,4,64,4,16384,64,11,5,1,head_major_block_first,head_major,block_first,4.015929,-0.786001668453,0,0,true
slm_gqa,8,4,64,4,16384,64,11,5,2,head_major_head_first,head_major,head_first,3.801965,-0.786001668453,0,0,true
slm_gqa,8,4,64,4,16384,64,11,5,3,block_major_head_first,block_major,head_first,4.956993,-0.786001668453,0,0,true
slm_gqa,8,4,64,4,16384,64,11,6,0,head_major_block_first,head_major,block_first,4.027586,-0.786001668453,0,0,true
slm_gqa,8,4,64,4,16384,64,11,6,1,head_major_head_first,head_major,head_first,3.767884,-0.786001668453,0,0,true
slm_gqa,8,4,64,4,16384,64,11,6,2,block_major_block_first,block_major,block_first,3.9043,-0.786001668453,0,0,true
slm_gqa,8,4,64,4,16384,64,11,6,3,block_major_head_first,block_major,head_first,4.875079,-0.786001668453,0,0,true
slm_gqa,8,4,64,4,16384,64,11,7,0,block_major_head_first,block_major,head_first,4.596598,-0.786001668453,0,0,true
slm_gqa,8,4,64,4,16384,64,11,7,1,head_major_block_first,head_major,block_first,4.038453,-0.786001668453,0,0,true
slm_gqa,8,4,64,4,16384,64,11,7,2,block_major_block_first,block_major,block_first,3.905822,-0.786001668453,0,0,true
slm_gqa,8,4,64,4,16384,64,11,7,3,head_major_head_first,head_major,head_first,3.856468,-0.786001668453,0,0,true
slm_gqa,8,4,64,4,16384,64,11,8,0,head_major_head_first,head_major,head_first,3.832562,-0.786001668453,0,0,true
slm_gqa,8,4,64,4,16384,64,11,8,1,block_major_head_first,block_major,head_first,4.94173,-0.786001668453,0,0,true
slm_gqa,8,4,64,4,16384,64,11,8,2,block_major_block_first,block_major,block_first,3.862086,-0.786001668453,0,0,true
slm_gqa,8,4,64,4,16384,64,11,8,3,head_major_block_first,head_major,block_first,4.034718,-0.786001668453,0,0,true
slm_gqa,8,4,64,4,16384,64,11,9,0,block_major_block_first,block_major,block_first,3.888185,-0.786001668453,0,0,true
slm_gqa,8,4,64,4,16384,64,11,9,1,head_major_head_first,head_major,head_first,3.909067,-0.786001668453,0,0,true
slm_gqa,8,4,64,4,16384,64,11,9,2,block_major_head_first,block_major,head_first,4.834067,-0.786001668453,0,0,true
slm_gqa,8,4,64,4,16384,64,11,9,3,head_major_block_first,head_major,block_first,4.059715,-0.786001668453,0,0,true
slm_gqa,8,4,64,4,16384,64,11,10,0,block_major_block_first,block_major,block_first,3.875366,-0.786001668453,0,0,true
slm_gqa,8,4,64,4,16384,64,11,10,1,block_major_head_first,block_major,head_first,4.781377,-0.786001668453,0,0,true
slm_gqa,8,4,64,4,16384,64,11,10,2,head_major_head_first,head_major,head_first,3.880314,-0.786001668453,0,0,true
slm_gqa,8,4,64,4,16384,64,11,10,3,head_major_block_first,head_major,block_first,4.020145,-0.786001668453,0,0,true
slm_gqa,8,4,64,4,16384,64,11,11,0,block_major_block_first,block_major,block_first,3.892512,-0.786001668453,0,0,true
slm_gqa,8,4,64,4,16384,64,11,11,1,head_major_block_first,head_major,block_first,4.022539,-0.786001668453,0,0,true
slm_gqa,8,4,64,4,16384,64,11,11,2,head_major_head_first,head_major,head_first,3.844059,-0.786001668453,0,0,true
slm_gqa,8,4,64,4,16384,64,11,11,3,block_major_head_first,block_major,head_first,4.898675,-0.786001668453,0,0,true
slm_gqa,8,4,64,4,16384,64,11,12,0,block_major_head_first,block_major,head_first,4.585081,-0.786001668453,0,0,true
slm_gqa,8,4,64,4,16384,64,11,12,1,head_major_block_first,head_major,block_first,4.058083,-0.786001668453,0,0,true
slm_gqa,8,4,64,4,16384,64,11,12,2,block_major_block_first,block_major,block_first,3.878702,-0.786001668453,0,0,true
slm_gqa,8,4,64,4,16384,64,11,12,3,head_major_head_first,head_major,head_first,3.88418,-0.786001668453,0,0,true
slm_gqa,8,4,64,4,16384,64,11,13,0,head_major_head_first,head_major,head_first,3.860023,-0.786001668453,0,0,true
slm_gqa,8,4,64,4,16384,64,11,13,1,block_major_head_first,block_major,head_first,4.872105,-0.786001668453,0,0,true
slm_gqa,8,4,64,4,16384,64,11,13,2,block_major_block_first,block_major,block_first,3.873613,-0.786001668453,0,0,true
slm_gqa,8,4,64,4,16384,64,11,13,3,head_major_block_first,head_major,block_first,4.024642,-0.786001668453,0,0,true
slm_gqa,8,4,64,4,16384,64,11,14,0,block_major_head_first,block_major,head_first,4.659623,-0.786001668453,0,0,true
slm_gqa,8,4,64,4,16384,64,11,14,1,head_major_block_first,head_major,block_first,4.041437,-0.786001668453,0,0,true
slm_gqa,8,4,64,4,16384,64,11,14,2,head_major_head_first,head_major,head_first,3.842277,-0.786001668453,0,0,true
slm_gqa,8,4,64,4,16384,64,11,14,3,block_major_block_first,block_major,block_first,3.905783,-0.786001668453,0,0,true
slm_gqa,8,4,64,4,16384,64,11,15,0,block_major_head_first,block_major,head_first,4.904053,-0.786001668453,0,0,true
slm_gqa,8,4,64,4,16384,64,11,15,1,block_major_block_first,block_major,block_first,3.866552,-0.786001668453,0,0,true
slm_gqa,8,4,64,4,16384,64,11,15,2,head_major_head_first,head_major,head_first,3.932583,-0.786001668453,0,0,true
slm_gqa,8,4,64,4,16384,64,11,15,3,head_major_block_first,head_major,block_first,4.022499,-0.786001668453,0,0,true
slm_gqa,8,4,64,4,16384,64,11,16,0,head_major_block_first,head_major,block_first,4.01645,-0.786001668453,0,0,true
slm_gqa,8,4,64,4,16384,64,11,16,1,block_major_head_first,block_major,head_first,4.981771,-0.786001668453,0,0,true
slm_gqa,8,4,64,4,16384,64,11,16,2,head_major_head_first,head_major,head_first,3.836007,-0.786001668453,0,0,true
slm_gqa,8,4,64,4,16384,64,11,16,3,block_major_block_first,block_major,block_first,3.91766,-0.786001668453,0,0,true
slm_gqa,8,4,64,4,16384,64,11,17,0,block_major_head_first,block_major,head_first,4.763219,-0.786001668453,0,0,true
slm_gqa,8,4,64,4,16384,64,11,17,1,head_major_block_first,head_major,block_first,4.020826,-0.786001668453,0,0,true
slm_gqa,8,4,64,4,16384,64,11,17,2,block_major_block_first,block_major,block_first,3.8848,-0.786001668453,0,0,true
slm_gqa,8,4,64,4,16384,64,11,17,3,head_major_head_first,head_major,head_first,3.81835,-0.786001668453,0,0,true
slm_gqa,8,4,64,4,16384,64,11,18,0,head_major_head_first,head_major,head_first,3.863638,-0.786001668453,0,0,true
slm_gqa,8,4,64,4,16384,64,11,18,1,block_major_block_first,block_major,block_first,3.887354,-0.786001668453,0,0,true
slm_gqa,8,4,64,4,16384,64,11,18,2,head_major_block_first,head_major,block_first,4.014657,-0.786001668453,0,0,true
slm_gqa,8,4,64,4,16384,64,11,18,3,block_major_head_first,block_major,head_first,4.984505,-0.786001668453,0,0,true
slm_gqa,8,4,64,4,16384,64,11,19,0,block_major_block_first,block_major,block_first,3.863879,-0.786001668453,0,0,true
slm_gqa,8,4,64,4,16384,64,11,19,1,head_major_head_first,head_major,head_first,3.92397,-0.786001668453,0,0,true
slm_gqa,8,4,64,4,16384,64,11,19,2,head_major_block_first,head_major,block_first,4.021608,-0.786001668453,0,0,true
slm_gqa,8,4,64,4,16384,64,11,19,3,block_major_head_first,block_major,head_first,4.916512,-0.786001668453,0,0,true
slm_gqa,8,4,64,4,16384,64,29,0,0,block_major_head_first,block_major,head_first,4.602537,-0.364573298086,0,0,true
slm_gqa,8,4,64,4,16384,64,29,0,1,head_major_head_first,head_major,head_first,3.862867,-0.364573298086,0,0,true
slm_gqa,8,4,64,4,16384,64,29,0,2,block_major_block_first,block_major,block_first,3.883829,-0.364573298086,0,0,true
slm_gqa,8,4,64,4,16384,64,29,0,3,head_major_block_first,head_major,block_first,4.024231,-0.364573298086,0,0,true
slm_gqa,8,4,64,4,16384,64,29,1,0,block_major_head_first,block_major,head_first,4.727616,-0.364573298086,0,0,true
slm_gqa,8,4,64,4,16384,64,29,1,1,block_major_block_first,block_major,block_first,3.841916,-0.364573298086,0,0,true
slm_gqa,8,4,64,4,16384,64,29,1,2,head_major_block_first,head_major,block_first,4.043441,-0.364573298086,0,0,true
slm_gqa,8,4,64,4,16384,64,29,1,3,head_major_head_first,head_major,head_first,3.884489,-0.364573298086,0,0,true
slm_gqa,8,4,64,4,16384,64,29,2,0,block_major_block_first,block_major,block_first,3.890379,-0.364573298086,0,0,true
slm_gqa,8,4,64,4,16384,64,29,2,1,head_major_block_first,head_major,block_first,4.02382,-0.364573298086,0,0,true
slm_gqa,8,4,64,4,16384,64,29,2,2,head_major_head_first,head_major,head_first,3.801905,-0.364573298086,0,0,true
slm_gqa,8,4,64,4,16384,64,29,2,3,block_major_head_first,block_major,head_first,4.876792,-0.364573298086,0,0,true
slm_gqa,8,4,64,4,16384,64,29,3,0,block_major_block_first,block_major,block_first,3.840564,-0.364573298086,0,0,true
slm_gqa,8,4,64,4,16384,64,29,3,1,head_major_block_first,head_major,block_first,4.081749,-0.364573298086,0,0,true
slm_gqa,8,4,64,4,16384,64,29,3,2,head_major_head_first,head_major,head_first,3.860152,-0.364573298086,0,0,true
slm_gqa,8,4,64,4,16384,64,29,3,3,block_major_head_first,block_major,head_first,4.800067,-0.364573298086,0,0,true
slm_gqa,8,4,64,4,16384,64,29,4,0,head_major_head_first,head_major,head_first,3.880464,-0.364573298086,0,0,true
slm_gqa,8,4,64,4,16384,64,29,4,1,block_major_block_first,block_major,block_first,3.867144,-0.364573298086,0,0,true
slm_gqa,8,4,64,4,16384,64,29,4,2,head_major_block_first,head_major,block_first,4.017551,-0.364573298086,0,0,true
slm_gqa,8,4,64,4,16384,64,29,4,3,block_major_head_first,block_major,head_first,4.812074,-0.364573298086,0,0,true
slm_gqa,8,4,64,4,16384,64,29,5,0,head_major_block_first,head_major,block_first,4.026535,-0.364573298086,0,0,true
slm_gqa,8,4,64,4,16384,64,29,5,1,head_major_head_first,head_major,head_first,3.794103,-0.364573298086,0,0,true
slm_gqa,8,4,64,4,16384,64,29,5,2,block_major_head_first,block_major,head_first,4.853036,-0.364573298086,0,0,true
slm_gqa,8,4,64,4,16384,64,29,5,3,block_major_block_first,block_major,block_first,3.85205,-0.364573298086,0,0,true
slm_gqa,8,4,64,4,16384,64,29,6,0,block_major_block_first,block_major,block_first,3.846732,-0.364573298086,0,0,true
slm_gqa,8,4,64,4,16384,64,29,6,1,block_major_head_first,block_major,head_first,4.63809,-0.364573298086,0,0,true
slm_gqa,8,4,64,4,16384,64,29,6,2,head_major_head_first,head_major,head_first,3.854374,-0.364573298086,0,0,true
slm_gqa,8,4,64,4,16384,64,29,6,3,head_major_block_first,head_major,block_first,4.020095,-0.364573298086,0,0,true
slm_gqa,8,4,64,4,16384,64,29,7,0,head_major_head_first,head_major,head_first,3.840543,-0.364573298086,0,0,true
slm_gqa,8,4,64,4,16384,64,29,7,1,head_major_block_first,head_major,block_first,4.011903,-0.364573298086,0,0,true
slm_gqa,8,4,64,4,16384,64,29,7,2,block_major_head_first,block_major,head_first,4.823301,-0.364573298086,0,0,true
slm_gqa,8,4,64,4,16384,64,29,7,3,block_major_block_first,block_major,block_first,3.859903,-0.364573298086,0,0,true
slm_gqa,8,4,64,4,16384,64,29,8,0,block_major_block_first,block_major,block_first,3.846722,-0.364573298086,0,0,true
slm_gqa,8,4,64,4,16384,64,29,8,1,head_major_block_first,head_major,block_first,4.045554,-0.364573298086,0,0,true
slm_gqa,8,4,64,4,16384,64,29,8,2,block_major_head_first,block_major,head_first,4.658742,-0.364573298086,0,0,true
slm_gqa,8,4,64,4,16384,64,29,8,3,head_major_head_first,head_major,head_first,3.941176,-0.364573298086,0,0,true
slm_gqa,8,4,64,4,16384,64,29,9,0,head_major_head_first,head_major,head_first,3.814054,-0.364573298086,0,0,true
slm_gqa,8,4,64,4,16384,64,29,9,1,head_major_block_first,head_major,block_first,4.019184,-0.364573298086,0,0,true
slm_gqa,8,4,64,4,16384,64,29,9,2,block_major_head_first,block_major,head_first,4.912596,-0.364573298086,0,0,true
slm_gqa,8,4,64,4,16384,64,29,9,3,block_major_block_first,block_major,block_first,3.884069,-0.364573298086,0,0,true
slm_gqa,8,4,64,4,16384,64,29,10,0,block_major_block_first,block_major,block_first,3.835986,-0.364573298086,0,0,true
slm_gqa,8,4,64,4,16384,64,29,10,1,block_major_head_first,block_major,head_first,4.634014,-0.364573298086,0,0,true
slm_gqa,8,4,64,4,16384,64,29,10,2,head_major_head_first,head_major,head_first,3.891771,-0.364573298086,0,0,true
slm_gqa,8,4,64,4,16384,64,29,10,3,head_major_block_first,head_major,block_first,4.02343,-0.364573298086,0,0,true
slm_gqa,8,4,64,4,16384,64,29,11,0,block_major_head_first,block_major,head_first,4.676749,-0.364573298086,0,0,true
slm_gqa,8,4,64,4,16384,64,29,11,1,head_major_head_first,head_major,head_first,3.885301,-0.364573298086,0,0,true
slm_gqa,8,4,64,4,16384,64,29,11,2,head_major_block_first,head_major,block_first,4.021918,-0.364573298086,0,0,true
slm_gqa,8,4,64,4,16384,64,29,11,3,block_major_block_first,block_major,block_first,3.871249,-0.364573298086,0,0,true
slm_gqa,8,4,64,4,16384,64,29,12,0,block_major_block_first,block_major,block_first,3.846763,-0.364573298086,0,0,true
slm_gqa,8,4,64,4,16384,64,29,12,1,block_major_head_first,block_major,head_first,4.91548,-0.364573298086,0,0,true
slm_gqa,8,4,64,4,16384,64,29,12,2,head_major_block_first,head_major,block_first,4.033806,-0.364573298086,0,0,true
slm_gqa,8,4,64,4,16384,64,29,12,3,head_major_head_first,head_major,head_first,3.846823,-0.364573298086,0,0,true
slm_gqa,8,4,64,4,16384,64,29,13,0,block_major_block_first,block_major,block_first,3.862046,-0.364573298086,0,0,true
slm_gqa,8,4,64,4,16384,64,29,13,1,head_major_block_first,head_major,block_first,4.024742,-0.364573298086,0,0,true
slm_gqa,8,4,64,4,16384,64,29,13,2,head_major_head_first,head_major,head_first,3.780783,-0.364573298086,0,0,true
slm_gqa,8,4,64,4,16384,64,29,13,3,block_major_head_first,block_major,head_first,5.002373,-0.364573298086,0,0,true
slm_gqa,8,4,64,4,16384,64,29,14,0,head_major_head_first,head_major,head_first,3.832932,-0.364573298086,0,0,true
slm_gqa,8,4,64,4,16384,64,29,14,1,head_major_block_first,head_major,block_first,4.020496,-0.364573298086,0,0,true
slm_gqa,8,4,64,4,16384,64,29,14,2,block_major_block_first,block_major,block_first,3.893554,-0.364573298086,0,0,true
slm_gqa,8,4,64,4,16384,64,29,14,3,block_major_head_first,block_major,head_first,4.92823,-0.364573298086,0,0,true
slm_gqa,8,4,64,4,16384,64,29,15,0,block_major_head_first,block_major,head_first,4.592401,-0.364573298086,0,0,true
slm_gqa,8,4,64,4,16384,64,29,15,1,head_major_head_first,head_major,head_first,3.901065,-0.364573298086,0,0,true
slm_gqa,8,4,64,4,16384,64,29,15,2,block_major_block_first,block_major,block_first,3.869286,-0.364573298086,0,0,true
slm_gqa,8,4,64,4,16384,64,29,15,3,head_major_block_first,head_major,block_first,4.032364,-0.364573298086,0,0,true
slm_gqa,8,4,64,4,16384,64,29,16,0,block_major_head_first,block_major,head_first,4.645031,-0.364573298086,0,0,true
slm_gqa,8,4,64,4,16384,64,29,16,1,head_major_block_first,head_major,block_first,4.0301,-0.364573298086,0,0,true
slm_gqa,8,4,64,4,16384,64,29,16,2,block_major_block_first,block_major,block_first,3.869477,-0.364573298086,0,0,true
slm_gqa,8,4,64,4,16384,64,29,16,3,head_major_head_first,head_major,head_first,3.872972,-0.364573298086,0,0,true
slm_gqa,8,4,64,4,16384,64,29,17,0,block_major_head_first,block_major,head_first,4.86893,-0.364573298086,0,0,true
slm_gqa,8,4,64,4,16384,64,29,17,1,head_major_head_first,head_major,head_first,3.866292,-0.364573298086,0,0,true
slm_gqa,8,4,64,4,16384,64,29,17,2,block_major_block_first,block_major,block_first,3.865651,-0.364573298086,0,0,true
slm_gqa,8,4,64,4,16384,64,29,17,3,head_major_block_first,head_major,block_first,4.033395,-0.364573298086,0,0,true
slm_gqa,8,4,64,4,16384,64,29,18,0,block_major_block_first,block_major,block_first,3.89795,-0.364573298086,0,0,true
slm_gqa,8,4,64,4,16384,64,29,18,1,block_major_head_first,block_major,head_first,4.819455,-0.364573298086,0,0,true
slm_gqa,8,4,64,4,16384,64,29,18,2,head_major_head_first,head_major,head_first,3.905301,-0.364573298086,0,0,true
slm_gqa,8,4,64,4,16384,64,29,18,3,head_major_block_first,head_major,block_first,4.028548,-0.364573298086,0,0,true
slm_gqa,8,4,64,4,16384,64,29,19,0,block_major_block_first,block_major,block_first,3.863699,-0.364573298086,0,0,true
slm_gqa,8,4,64,4,16384,64,29,19,1,block_major_head_first,block_major,head_first,4.808318,-0.364573298086,0,0,true
slm_gqa,8,4,64,4,16384,64,29,19,2,head_major_block_first,head_major,block_first,4.034427,-0.364573298086,0,0,true
slm_gqa,8,4,64,4,16384,64,29,19,3,head_major_head_first,head_major,head_first,3.84526,-0.364573298086,0,0,true
slm_gqa,8,4,64,4,16384,64,47,0,0,block_major_head_first,block_major,head_first,4.668797,0.070493042042,0,0,true
slm_gqa,8,4,64,4,16384,64,47,0,1,head_major_head_first,head_major,head_first,3.907966,0.070493042042,0,0,true
slm_gqa,8,4,64,4,16384,64,47,0,2,head_major_block_first,head_major,block_first,4.034958,0.070493042042,0,0,true
slm_gqa,8,4,64,4,16384,64,47,0,3,block_major_block_first,block_major,block_first,3.870499,0.070493042042,0,0,true
slm_gqa,8,4,64,4,16384,64,47,1,0,block_major_block_first,block_major,block_first,3.839922,0.070493042042,0,0,true
slm_gqa,8,4,64,4,16384,64,47,1,1,block_major_head_first,block_major,head_first,4.780757,0.070493042042,0,0,true
slm_gqa,8,4,64,4,16384,64,47,1,2,head_major_block_first,head_major,block_first,4.064442,0.070493042042,0,0,true
slm_gqa,8,4,64,4,16384,64,47,1,3,head_major_head_first,head_major,head_first,3.823087,0.070493042042,0,0,true
slm_gqa,8,4,64,4,16384,64,47,2,0,head_major_block_first,head_major,block_first,4.008117,0.070493042042,0,0,true
slm_gqa,8,4,64,4,16384,64,47,2,1,block_major_head_first,block_major,head_first,4.920417,0.070493042042,0,0,true
slm_gqa,8,4,64,4,16384,64,47,2,2,block_major_block_first,block_major,block_first,3.853473,0.070493042042,0,0,true
slm_gqa,8,4,64,4,16384,64,47,2,3,head_major_head_first,head_major,head_first,3.884891,0.070493042042,0,0,true
slm_gqa,8,4,64,4,16384,64,47,3,0,block_major_block_first,block_major,block_first,3.854735,0.070493042042,0,0,true
slm_gqa,8,4,64,4,16384,64,47,3,1,head_major_block_first,head_major,block_first,4.041387,0.070493042042,0,0,true
slm_gqa,8,4,64,4,16384,64,47,3,2,block_major_head_first,block_major,head_first,4.870473,0.070493042042,0,0,true
slm_gqa,8,4,64,4,16384,64,47,3,3,head_major_head_first,head_major,head_first,3.87791,0.070493042042,0,0,true
slm_gqa,8,4,64,4,16384,64,47,4,0,head_major_head_first,head_major,head_first,3.84495,0.070493042042,0,0,true
slm_gqa,8,4,64,4,16384,64,47,4,1,block_major_head_first,block_major,head_first,4.976854,0.070493042042,0,0,true
slm_gqa,8,4,64,4,16384,64,47,4,2,head_major_block_first,head_major,block_first,4.020416,0.070493042042,0,0,true
slm_gqa,8,4,64,4,16384,64,47,4,3,block_major_block_first,block_major,block_first,3.844819,0.070493042042,0,0,true
slm_gqa,8,4,64,4,16384,64,47,5,0,head_major_block_first,head_major,block_first,4.02304,0.070493042042,0,0,true
slm_gqa,8,4,64,4,16384,64,47,5,1,block_major_head_first,block_major,head_first,4.888579,0.070493042042,0,0,true
slm_gqa,8,4,64,4,16384,64,47,5,2,head_major_head_first,head_major,head_first,3.869066,0.070493042042,0,0,true
slm_gqa,8,4,64,4,16384,64,47,5,3,block_major_block_first,block_major,block_first,3.856197,0.070493042042,0,0,true
slm_gqa,8,4,64,4,16384,64,47,6,0,head_major_block_first,head_major,block_first,4.029429,0.070493042042,0,0,true
slm_gqa,8,4,64,4,16384,64,47,6,1,block_major_block_first,block_major,block_first,3.866483,0.070493042042,0,0,true
slm_gqa,8,4,64,4,16384,64,47,6,2,block_major_head_first,block_major,head_first,4.817912,0.070493042042,0,0,true
slm_gqa,8,4,64,4,16384,64,47,6,3,head_major_head_first,head_major,head_first,3.947265,0.070493042042,0,0,true
slm_gqa,8,4,64,4,16384,64,47,7,0,head_major_head_first,head_major,head_first,3.828184,0.070493042042,0,0,true
slm_gqa,8,4,64,4,16384,64,47,7,1,block_major_block_first,block_major,block_first,3.874806,0.070493042042,0,0,true
slm_gqa,8,4,64,4,16384,64,47,7,2,block_major_head_first,block_major,head_first,4.864614,0.070493042042,0,0,true
slm_gqa,8,4,64,4,16384,64,47,7,3,head_major_block_first,head_major,block_first,4.038644,0.070493042042,0,0,true
slm_gqa,8,4,64,4,16384,64,47,8,0,block_major_head_first,block_major,head_first,4.704551,0.070493042042,0,0,true
slm_gqa,8,4,64,4,16384,64,47,8,1,block_major_block_first,block_major,block_first,3.836006,0.070493042042,0,0,true
slm_gqa,8,4,64,4,16384,64,47,8,2,head_major_head_first,head_major,head_first,3.897019,0.070493042042,0,0,true
slm_gqa,8,4,64,4,16384,64,47,8,3,head_major_block_first,head_major,block_first,4.023671,0.070493042042,0,0,true
slm_gqa,8,4,64,4,16384,64,47,9,0,head_major_head_first,head_major,head_first,3.799661,0.070493042042,0,0,true
slm_gqa,8,4,64,4,16384,64,47,9,1,head_major_block_first,head_major,block_first,4.010631,0.070493042042,0,0,true
slm_gqa,8,4,64,4,16384,64,47,9,2,block_major_head_first,block_major,head_first,4.989092,0.070493042042,0,0,true
slm_gqa,8,4,64,4,16384,64,47,9,3,block_major_block_first,block_major,block_first,3.8847,0.070493042042,0,0,true
slm_gqa,8,4,64,4,16384,64,47,10,0,head_major_block_first,head_major,block_first,4.04291,0.070493042042,0,0,true
slm_gqa,8,4,64,4,16384,64,47,10,1,head_major_head_first,head_major,head_first,3.81206,0.070493042042,0,0,true
slm_gqa,8,4,64,4,16384,64,47,10,2,block_major_block_first,block_major,block_first,3.874935,0.070493042042,0,0,true
slm_gqa,8,4,64,4,16384,64,47,10,3,block_major_head_first,block_major,head_first,4.758153,0.070493042042,0,0,true
slm_gqa,8,4,64,4,16384,64,47,11,0,block_major_block_first,block_major,block_first,3.828305,0.070493042042,0,0,true
slm_gqa,8,4,64,4,16384,64,47,11,1,head_major_block_first,head_major,block_first,4.0367,0.070493042042,0,0,true
slm_gqa,8,4,64,4,16384,64,47,11,2,head_major_head_first,head_major,head_first,3.828906,0.070493042042,0,0,true
slm_gqa,8,4,64,4,16384,64,47,11,3,block_major_head_first,block_major,head_first,4.84259,0.070493042042,0,0,true
slm_gqa,8,4,64,4,16384,64,47,12,0,block_major_head_first,block_major,head_first,4.584449,0.070493042042,0,0,true
slm_gqa,8,4,64,4,16384,64,47,12,1,head_major_block_first,head_major,block_first,4.065794,0.070493042042,0,0,true
slm_gqa,8,4,64,4,16384,64,47,12,2,head_major_head_first,head_major,head_first,3.87805,0.070493042042,0,0,true
slm_gqa,8,4,64,4,16384,64,47,12,3,block_major_block_first,block_major,block_first,3.838891,0.070493042042,0,0,true
slm_gqa,8,4,64,4,16384,64,47,13,0,block_major_block_first,block_major,block_first,3.854294,0.070493042042,0,0,true
slm_gqa,8,4,64,4,16384,64,47,13,1,head_major_block_first,head_major,block_first,4.029599,0.070493042042,0,0,true
slm_gqa,8,4,64,4,16384,64,47,13,2,head_major_head_first,head_major,head_first,3.801884,0.070493042042,0,0,true
slm_gqa,8,4,64,4,16384,64,47,13,3,block_major_head_first,block_major,head_first,4.958175,0.070493042042,0,0,true
slm_gqa,8,4,64,4,16384,64,47,14,0,head_major_head_first,head_major,head_first,3.861735,0.070493042042,0,0,true
slm_gqa,8,4,64,4,16384,64,47,14,1,block_major_block_first,block_major,block_first,3.863077,0.070493042042,0,0,true
slm_gqa,8,4,64,4,16384,64,47,14,2,head_major_block_first,head_major,block_first,4.02994,0.070493042042,0,0,true
slm_gqa,8,4,64,4,16384,64,47,14,3,block_major_head_first,block_major,head_first,4.831824,0.070493042042,0,0,true
slm_gqa,8,4,64,4,16384,64,47,15,0,head_major_head_first,head_major,head_first,3.876758,0.070493042042,0,0,true
slm_gqa,8,4,64,4,16384,64,47,15,1,head_major_block_first,head_major,block_first,4.024602,0.070493042042,0,0,true
slm_gqa,8,4,64,4,16384,64,47,15,2,block_major_head_first,block_major,head_first,4.918485,0.070493042042,0,0,true
slm_gqa,8,4,64,4,16384,64,47,15,3,block_major_block_first,block_major,block_first,3.830148,0.070493042042,0,0,true
slm_gqa,8,4,64,4,16384,64,47,16,0,head_major_head_first,head_major,head_first,3.868025,0.070493042042,0,0,true
slm_gqa,8,4,64,4,16384,64,47,16,1,head_major_block_first,head_major,block_first,4.030712,0.070493042042,0,0,true
slm_gqa,8,4,64,4,16384,64,47,16,2,block_major_head_first,block_major,head_first,4.867849,0.070493042042,0,0,true
slm_gqa,8,4,64,4,16384,64,47,16,3,block_major_block_first,block_major,block_first,3.841455,0.070493042042,0,0,true
slm_gqa,8,4,64,4,16384,64,47,17,0,block_major_head_first,block_major,head_first,4.633784,0.070493042042,0,0,true
slm_gqa,8,4,64,4,16384,64,47,17,1,head_major_block_first,head_major,block_first,4.048138,0.070493042042,0,0,true
slm_gqa,8,4,64,4,16384,64,47,17,2,head_major_head_first,head_major,head_first,3.928677,0.070493042042,0,0,true
slm_gqa,8,4,64,4,16384,64,47,17,3,block_major_block_first,block_major,block_first,3.851189,0.070493042042,0,0,true
slm_gqa,8,4,64,4,16384,64,47,18,0,head_major_block_first,head_major,block_first,4.025333,0.070493042042,0,0,true
slm_gqa,8,4,64,4,16384,64,47,18,1,block_major_head_first,block_major,head_first,4.807367,0.070493042042,0,0,true
slm_gqa,8,4,64,4,16384,64,47,18,2,head_major_head_first,head_major,head_first,3.869297,0.070493042042,0,0,true
slm_gqa,8,4,64,4,16384,64,47,18,3,block_major_block_first,block_major,block_first,3.842737,0.070493042042,0,0,true
slm_gqa,8,4,64,4,16384,64,47,19,0,block_major_head_first,block_major,head_first,4.696259,0.070493042042,0,0,true
slm_gqa,8,4,64,4,16384,64,47,19,1,head_major_head_first,head_major,head_first,3.941206,0.070493042042,0,0,true
slm_gqa,8,4,64,4,16384,64,47,19,2,block_major_block_first,block_major,block_first,3.865592,0.070493042042,0,0,true
slm_gqa,8,4,64,4,16384,64,47,19,3,head_major_block_first,head_major,block_first,4.044912,0.070493042042,0,0,true
llama_gqa,32,8,128,1,512,64,11,0,0,head_major_head_first,head_major,head_first,0.149736,-6.04212232159,0,0,true
llama_gqa,32,8,128,1,512,64,11,0,1,head_major_block_first,head_major,block_first,0.149377,-6.04212232159,0,0,true
llama_gqa,32,8,128,1,512,64,11,0,2,block_major_head_first,block_major,head_first,0.153883,-6.04212232159,0,0,true
llama_gqa,32,8,128,1,512,64,11,0,3,block_major_block_first,block_major,block_first,0.152541,-6.04212232159,0,0,true
llama_gqa,32,8,128,1,512,64,11,1,0,block_major_block_first,block_major,block_first,0.15207,-6.04212232159,0,0,true
llama_gqa,32,8,128,1,512,64,11,1,1,head_major_block_first,head_major,block_first,0.149837,-6.04212232159,0,0,true
llama_gqa,32,8,128,1,512,64,11,1,2,block_major_head_first,block_major,head_first,0.153893,-6.04212232159,0,0,true
llama_gqa,32,8,128,1,512,64,11,1,3,head_major_head_first,head_major,head_first,0.148665,-6.04212232159,0,0,true
llama_gqa,32,8,128,1,512,64,11,2,0,block_major_block_first,block_major,block_first,0.153142,-6.04212232159,0,0,true
llama_gqa,32,8,128,1,512,64,11,2,1,block_major_head_first,block_major,head_first,0.152151,-6.04212232159,0,0,true
llama_gqa,32,8,128,1,512,64,11,2,2,head_major_head_first,head_major,head_first,0.148775,-6.04212232159,0,0,true
llama_gqa,32,8,128,1,512,64,11,2,3,head_major_block_first,head_major,block_first,0.157769,-6.04212232159,0,0,true
llama_gqa,32,8,128,1,512,64,11,3,0,head_major_head_first,head_major,head_first,0.147713,-6.04212232159,0,0,true
llama_gqa,32,8,128,1,512,64,11,3,1,block_major_block_first,block_major,block_first,0.152461,-6.04212232159,0,0,true
llama_gqa,32,8,128,1,512,64,11,3,2,block_major_head_first,block_major,head_first,0.152751,-6.04212232159,0,0,true
llama_gqa,32,8,128,1,512,64,11,3,3,head_major_block_first,head_major,block_first,0.148685,-6.04212232159,0,0,true
llama_gqa,32,8,128,1,512,64,11,4,0,block_major_head_first,block_major,head_first,0.152541,-6.04212232159,0,0,true
llama_gqa,32,8,128,1,512,64,11,4,1,head_major_head_first,head_major,head_first,0.148435,-6.04212232159,0,0,true
llama_gqa,32,8,128,1,512,64,11,4,2,block_major_block_first,block_major,block_first,0.151659,-6.04212232159,0,0,true
llama_gqa,32,8,128,1,512,64,11,4,3,head_major_block_first,head_major,block_first,0.148595,-6.04212232159,0,0,true
llama_gqa,32,8,128,1,512,64,11,5,0,head_major_block_first,head_major,block_first,0.147974,-6.04212232159,0,0,true
llama_gqa,32,8,128,1,512,64,11,5,1,block_major_head_first,block_major,head_first,0.153302,-6.04212232159,0,0,true
llama_gqa,32,8,128,1,512,64,11,5,2,block_major_block_first,block_major,block_first,0.151329,-6.04212232159,0,0,true
llama_gqa,32,8,128,1,512,64,11,5,3,head_major_head_first,head_major,head_first,0.147974,-6.04212232159,0,0,true
llama_gqa,32,8,128,1,512,64,11,6,0,head_major_block_first,head_major,block_first,0.148064,-6.04212232159,0,0,true
llama_gqa,32,8,128,1,512,64,11,6,1,block_major_block_first,block_major,block_first,0.15178,-6.04212232159,0,0,true
llama_gqa,32,8,128,1,512,64,11,6,2,block_major_head_first,block_major,head_first,0.15203,-6.04212232159,0,0,true
llama_gqa,32,8,128,1,512,64,11,6,3,head_major_head_first,head_major,head_first,0.148224,-6.04212232159,0,0,true
llama_gqa,32,8,128,1,512,64,11,7,0,head_major_head_first,head_major,head_first,0.147753,-6.04212232159,0,0,true
llama_gqa,32,8,128,1,512,64,11,7,1,block_major_head_first,block_major,head_first,0.15225,-6.04212232159,0,0,true
llama_gqa,32,8,128,1,512,64,11,7,2,head_major_block_first,head_major,block_first,0.148605,-6.04212232159,0,0,true
llama_gqa,32,8,128,1,512,64,11,7,3,block_major_block_first,block_major,block_first,0.15212,-6.04212232159,0,0,true
llama_gqa,32,8,128,1,512,64,11,8,0,block_major_head_first,block_major,head_first,0.152211,-6.04212232159,0,0,true
llama_gqa,32,8,128,1,512,64,11,8,1,head_major_head_first,head_major,head_first,0.147703,-6.04212232159,0,0,true
llama_gqa,32,8,128,1,512,64,11,8,2,head_major_block_first,head_major,block_first,0.148405,-6.04212232159,0,0,true
llama_gqa,32,8,128,1,512,64,11,8,3,block_major_block_first,block_major,block_first,0.151319,-6.04212232159,0,0,true
llama_gqa,32,8,128,1,512,64,11,9,0,block_major_block_first,block_major,block_first,0.15167,-6.04212232159,0,0,true
llama_gqa,32,8,128,1,512,64,11,9,1,head_major_head_first,head_major,head_first,0.153492,-6.04212232159,0,0,true
llama_gqa,32,8,128,1,512,64,11,9,2,block_major_head_first,block_major,head_first,0.152051,-6.04212232159,0,0,true
llama_gqa,32,8,128,1,512,64,11,9,3,head_major_block_first,head_major,block_first,0.148564,-6.04212232159,0,0,true
llama_gqa,32,8,128,1,512,64,11,10,0,block_major_head_first,block_major,head_first,0.152231,-6.04212232159,0,0,true
llama_gqa,32,8,128,1,512,64,11,10,1,head_major_head_first,head_major,head_first,0.147643,-6.04212232159,0,0,true
llama_gqa,32,8,128,1,512,64,11,10,2,block_major_block_first,block_major,block_first,0.15178,-6.04212232159,0,0,true
llama_gqa,32,8,128,1,512,64,11,10,3,head_major_block_first,head_major,block_first,0.148575,-6.04212232159,0,0,true
llama_gqa,32,8,128,1,512,64,11,11,0,block_major_head_first,block_major,head_first,0.15213,-6.04212232159,0,0,true
llama_gqa,32,8,128,1,512,64,11,11,1,head_major_block_first,head_major,block_first,0.148415,-6.04212232159,0,0,true
llama_gqa,32,8,128,1,512,64,11,11,2,head_major_head_first,head_major,head_first,0.147633,-6.04212232159,0,0,true
llama_gqa,32,8,128,1,512,64,11,11,3,block_major_block_first,block_major,block_first,0.151439,-6.04212232159,0,0,true
llama_gqa,32,8,128,1,512,64,11,12,0,block_major_head_first,block_major,head_first,0.15206,-6.04212232159,0,0,true
llama_gqa,32,8,128,1,512,64,11,12,1,block_major_block_first,block_major,block_first,0.15152,-6.04212232159,0,0,true
llama_gqa,32,8,128,1,512,64,11,12,2,head_major_head_first,head_major,head_first,0.148284,-6.04212232159,0,0,true
llama_gqa,32,8,128,1,512,64,11,12,3,head_major_block_first,head_major,block_first,0.148375,-6.04212232159,0,0,true
llama_gqa,32,8,128,1,512,64,11,13,0,block_major_head_first,block_major,head_first,0.151859,-6.04212232159,0,0,true
llama_gqa,32,8,128,1,512,64,11,13,1,head_major_block_first,head_major,block_first,0.148555,-6.04212232159,0,0,true
llama_gqa,32,8,128,1,512,64,11,13,2,block_major_block_first,block_major,block_first,0.151439,-6.04212232159,0,0,true
llama_gqa,32,8,128,1,512,64,11,13,3,head_major_head_first,head_major,head_first,0.147804,-6.04212232159,0,0,true
llama_gqa,32,8,128,1,512,64,11,14,0,block_major_head_first,block_major,head_first,0.15201,-6.04212232159,0,0,true
llama_gqa,32,8,128,1,512,64,11,14,1,block_major_block_first,block_major,block_first,0.151159,-6.04212232159,0,0,true
llama_gqa,32,8,128,1,512,64,11,14,2,head_major_head_first,head_major,head_first,0.148034,-6.04212232159,0,0,true
llama_gqa,32,8,128,1,512,64,11,14,3,head_major_block_first,head_major,block_first,0.148966,-6.04212232159,0,0,true
llama_gqa,32,8,128,1,512,64,11,15,0,block_major_head_first,block_major,head_first,0.153292,-6.04212232159,0,0,true
llama_gqa,32,8,128,1,512,64,11,15,1,head_major_block_first,head_major,block_first,0.148695,-6.04212232159,0,0,true
llama_gqa,32,8,128,1,512,64,11,15,2,head_major_head_first,head_major,head_first,0.147924,-6.04212232159,0,0,true
llama_gqa,32,8,128,1,512,64,11,15,3,block_major_block_first,block_major,block_first,0.157889,-6.04212232159,0,0,true
llama_gqa,32,8,128,1,512,64,11,16,0,head_major_block_first,head_major,block_first,0.148545,-6.04212232159,0,0,true
llama_gqa,32,8,128,1,512,64,11,16,1,block_major_head_first,block_major,head_first,0.152121,-6.04212232159,0,0,true
llama_gqa,32,8,128,1,512,64,11,16,2,block_major_block_first,block_major,block_first,0.15192,-6.04212232159,0,0,true
llama_gqa,32,8,128,1,512,64,11,16,3,head_major_head_first,head_major,head_first,0.147674,-6.04212232159,0,0,true
llama_gqa,32,8,128,1,512,64,11,17,0,head_major_head_first,head_major,head_first,0.147643,-6.04212232159,0,0,true
llama_gqa,32,8,128,1,512,64,11,17,1,block_major_head_first,block_major,head_first,0.152281,-6.04212232159,0,0,true
llama_gqa,32,8,128,1,512,64,11,17,2,head_major_block_first,head_major,block_first,0.148925,-6.04212232159,0,0,true
llama_gqa,32,8,128,1,512,64,11,17,3,block_major_block_first,block_major,block_first,0.15184,-6.04212232159,0,0,true
llama_gqa,32,8,128,1,512,64,11,18,0,head_major_head_first,head_major,head_first,0.148004,-6.04212232159,0,0,true
llama_gqa,32,8,128,1,512,64,11,18,1,block_major_head_first,block_major,head_first,0.152221,-6.04212232159,0,0,true
llama_gqa,32,8,128,1,512,64,11,18,2,head_major_block_first,head_major,block_first,0.148475,-6.04212232159,0,0,true
llama_gqa,32,8,128,1,512,64,11,18,3,block_major_block_first,block_major,block_first,0.151619,-6.04212232159,0,0,true
llama_gqa,32,8,128,1,512,64,11,19,0,block_major_head_first,block_major,head_first,0.15174,-6.04212232159,0,0,true
llama_gqa,32,8,128,1,512,64,11,19,1,head_major_head_first,head_major,head_first,0.147583,-6.04212232159,0,0,true
llama_gqa,32,8,128,1,512,64,11,19,2,block_major_block_first,block_major,block_first,0.15161,-6.04212232159,0,0,true
llama_gqa,32,8,128,1,512,64,11,19,3,head_major_block_first,head_major,block_first,0.148404,-6.04212232159,0,0,true
llama_gqa,32,8,128,1,512,64,29,0,0,block_major_block_first,block_major,block_first,0.151108,7.63101062499,0,0,true
llama_gqa,32,8,128,1,512,64,29,0,1,block_major_head_first,block_major,head_first,0.151439,7.63101062499,0,0,true
llama_gqa,32,8,128,1,512,64,29,0,2,head_major_head_first,head_major,head_first,0.147474,7.63101062499,0,0,true
llama_gqa,32,8,128,1,512,64,29,0,3,head_major_block_first,head_major,block_first,0.147613,7.63101062499,0,0,true
llama_gqa,32,8,128,1,512,64,29,1,0,block_major_block_first,block_major,block_first,0.15171,7.63101062499,0,0,true
llama_gqa,32,8,128,1,512,64,29,1,1,head_major_head_first,head_major,head_first,0.147022,7.63101062499,0,0,true
llama_gqa,32,8,128,1,512,64,29,1,2,block_major_head_first,block_major,head_first,0.152061,7.63101062499,0,0,true
llama_gqa,32,8,128,1,512,64,29,1,3,head_major_block_first,head_major,block_first,0.148394,7.63101062499,0,0,true
llama_gqa,32,8,128,1,512,64,29,2,0,head_major_head_first,head_major,head_first,0.147233,7.63101062499,0,0,true
llama_gqa,32,8,128,1,512,64,29,2,1,block_major_head_first,block_major,head_first,0.15175,7.63101062499,0,0,true
llama_gqa,32,8,128,1,512,64,29,2,2,block_major_block_first,block_major,block_first,0.151149,7.63101062499,0,0,true
llama_gqa,32,8,128,1,512,64,29,2,3,head_major_block_first,head_major,block_first,0.147883,7.63101062499,0,0,true
llama_gqa,32,8,128,1,512,64,29,3,0,block_major_head_first,block_major,head_first,0.151068,7.63101062499,0,0,true
llama_gqa,32,8,128,1,512,64,29,3,1,head_major_block_first,head_major,block_first,0.147834,7.63101062499,0,0,true
llama_gqa,32,8,128,1,512,64,29,3,2,block_major_block_first,block_major,block_first,0.151119,7.63101062499,0,0,true
llama_gqa,32,8,128,1,512,64,29,3,3,head_major_head_first,head_major,head_first,0.147303,7.63101062499,0,0,true
llama_gqa,32,8,128,1,512,64,29,4,0,block_major_block_first,block_major,block_first,0.151679,7.63101062499,0,0,true
llama_gqa,32,8,128,1,512,64,29,4,1,block_major_head_first,block_major,head_first,0.156297,7.63101062499,0,0,true
llama_gqa,32,8,128,1,512,64,29,4,2,head_major_block_first,head_major,block_first,0.148295,7.63101062499,0,0,true
llama_gqa,32,8,128,1,512,64,29,4,3,head_major_head_first,head_major,head_first,0.147132,7.63101062499,0,0,true
llama_gqa,32,8,128,1,512,64,29,5,0,head_major_head_first,head_major,head_first,0.147133,7.63101062499,0,0,true
llama_gqa,32,8,128,1,512,64,29,5,1,block_major_block_first,block_major,block_first,0.1515,7.63101062499,0,0,true
llama_gqa,32,8,128,1,512,64,29,5,2,head_major_block_first,head_major,block_first,0.148044,7.63101062499,0,0,true
llama_gqa,32,8,128,1,512,64,29,5,3,block_major_head_first,block_major,head_first,0.15199,7.63101062499,0,0,true
llama_gqa,32,8,128,1,512,64,29,6,0,head_major_block_first,head_major,block_first,0.147684,7.63101062499,0,0,true
llama_gqa,32,8,128,1,512,64,29,6,1,block_major_head_first,block_major,head_first,0.15191,7.63101062499,0,0,true
llama_gqa,32,8,128,1,512,64,29,6,2,head_major_head_first,head_major,head_first,0.147423,7.63101062499,0,0,true
llama_gqa,32,8,128,1,512,64,29,6,3,block_major_block_first,block_major,block_first,0.151099,7.63101062499,0,0,true
llama_gqa,32,8,128,1,512,64,29,7,0,head_major_head_first,head_major,head_first,0.147123,7.63101062499,0,0,true
llama_gqa,32,8,128,1,512,64,29,7,1,head_major_block_first,head_major,block_first,0.147964,7.63101062499,0,0,true
llama_gqa,32,8,128,1,512,64,29,7,2,block_major_block_first,block_major,block_first,0.151369,7.63101062499,0,0,true
llama_gqa,32,8,128,1,512,64,29,7,3,block_major_head_first,block_major,head_first,0.151419,7.63101062499,0,0,true
llama_gqa,32,8,128,1,512,64,29,8,0,head_major_head_first,head_major,head_first,0.147533,7.63101062499,0,0,true
llama_gqa,32,8,128,1,512,64,29,8,1,block_major_block_first,block_major,block_first,0.150808,7.63101062499,0,0,true
llama_gqa,32,8,128,1,512,64,29,8,2,head_major_block_first,head_major,block_first,0.148115,7.63101062499,0,0,true
llama_gqa,32,8,128,1,512,64,29,8,3,block_major_head_first,block_major,head_first,0.151509,7.63101062499,0,0,true
llama_gqa,32,8,128,1,512,64,29,9,0,head_major_block_first,head_major,block_first,0.147533,7.63101062499,0,0,true
llama_gqa,32,8,128,1,512,64,29,9,1,block_major_block_first,block_major,block_first,0.151199,7.63101062499,0,0,true
llama_gqa,32,8,128,1,512,64,29,9,2,head_major_head_first,head_major,head_first,0.147373,7.63101062499,0,0,true
llama_gqa,32,8,128,1,512,64,29,9,3,block_major_head_first,block_major,head_first,0.1516,7.63101062499,0,0,true
llama_gqa,32,8,128,1,512,64,29,10,0,block_major_block_first,block_major,block_first,0.150928,7.63101062499,0,0,true
llama_gqa,32,8,128,1,512,64,29,10,1,block_major_head_first,block_major,head_first,0.151109,7.63101062499,0,0,true
llama_gqa,32,8,128,1,512,64,29,10,2,head_major_head_first,head_major,head_first,0.147153,7.63101062499,0,0,true
llama_gqa,32,8,128,1,512,64,29,10,3,head_major_block_first,head_major,block_first,0.153983,7.63101062499,0,0,true
llama_gqa,32,8,128,1,512,64,29,11,0,head_major_head_first,head_major,head_first,0.149396,7.63101062499,0,0,true
llama_gqa,32,8,128,1,512,64,29,11,1,block_major_head_first,block_major,head_first,0.15202,7.63101062499,0,0,true
llama_gqa,32,8,128,1,512,64,29,11,2,block_major_block_first,block_major,block_first,0.150728,7.63101062499,0,0,true
llama_gqa,32,8,128,1,512,64,29,11,3,head_major_block_first,head_major,block_first,0.147854,7.63101062499,0,0,true
llama_gqa,32,8,128,1,512,64,29,12,0,head_major_head_first,head_major,head_first,0.146882,7.63101062499,0,0,true
llama_gqa,32,8,128,1,512,64,29,12,1,block_major_head_first,block_major,head_first,0.15155,7.63101062499,0,0,true
llama_gqa,32,8,128,1,512,64,29,12,2,head_major_block_first,head_major,block_first,0.147753,7.63101062499,0,0,true
llama_gqa,32,8,128,1,512,64,29,12,3,block_major_block_first,block_major,block_first,0.151179,7.63101062499,0,0,true
llama_gqa,32,8,128,1,512,64,29,13,0,block_major_head_first,block_major,head_first,0.150588,7.63101062499,0,0,true
llama_gqa,32,8,128,1,512,64,29,13,1,head_major_head_first,head_major,head_first,0.147263,7.63101062499,0,0,true
llama_gqa,32,8,128,1,512,64,29,13,2,head_major_block_first,head_major,block_first,0.147734,7.63101062499,0,0,true
llama_gqa,32,8,128,1,512,64,29,13,3,block_major_block_first,block_major,block_first,0.150748,7.63101062499,0,0,true
llama_gqa,32,8,128,1,512,64,29,14,0,head_major_block_first,head_major,block_first,0.147293,7.63101062499,0,0,true
llama_gqa,32,8,128,1,512,64,29,14,1,block_major_block_first,block_major,block_first,0.151019,7.63101062499,0,0,true
llama_gqa,32,8,128,1,512,64,29,14,2,head_major_head_first,head_major,head_first,0.146852,7.63101062499,0,0,true
llama_gqa,32,8,128,1,512,64,29,14,3,block_major_head_first,block_major,head_first,0.151099,7.63101062499,0,0,true
llama_gqa,32,8,128,1,512,64,29,15,0,head_major_block_first,head_major,block_first,0.147683,7.63101062499,0,0,true
llama_gqa,32,8,128,1,512,64,29,15,1,block_major_head_first,block_major,head_first,0.15196,7.63101062499,0,0,true
llama_gqa,32,8,128,1,512,64,29,15,2,block_major_block_first,block_major,block_first,0.150868,7.63101062499,0,0,true
llama_gqa,32,8,128,1,512,64,29,15,3,head_major_head_first,head_major,head_first,0.147463,7.63101062499,0,0,true
llama_gqa,32,8,128,1,512,64,29,16,0,block_major_block_first,block_major,block_first,0.150979,7.63101062499,0,0,true
llama_gqa,32,8,128,1,512,64,29,16,1,head_major_block_first,head_major,block_first,0.147944,7.63101062499,0,0,true
llama_gqa,32,8,128,1,512,64,29,16,2,head_major_head_first,head_major,head_first,0.146892,7.63101062499,0,0,true
llama_gqa,32,8,128,1,512,64,29,16,3,block_major_head_first,block_major,head_first,0.151239,7.63101062499,0,0,true
llama_gqa,32,8,128,1,512,64,29,17,0,block_major_block_first,block_major,block_first,0.151259,7.63101062499,0,0,true
llama_gqa,32,8,128,1,512,64,29,17,1,head_major_head_first,head_major,head_first,0.152481,7.63101062499,0,0,true
llama_gqa,32,8,128,1,512,64,29,17,2,block_major_head_first,block_major,head_first,0.150909,7.63101062499,0,0,true
llama_gqa,32,8,128,1,512,64,29,17,3,head_major_block_first,head_major,block_first,0.147703,7.63101062499,0,0,true
llama_gqa,32,8,128,1,512,64,29,18,0,head_major_head_first,head_major,head_first,0.147052,7.63101062499,0,0,true
llama_gqa,32,8,128,1,512,64,29,18,1,head_major_block_first,head_major,block_first,0.147423,7.63101062499,0,0,true
llama_gqa,32,8,128,1,512,64,29,18,2,block_major_block_first,block_major,block_first,0.1515,7.63101062499,0,0,true
llama_gqa,32,8,128,1,512,64,29,18,3,block_major_head_first,block_major,head_first,0.151399,7.63101062499,0,0,true
llama_gqa,32,8,128,1,512,64,29,19,0,block_major_head_first,block_major,head_first,0.150838,7.63101062499,0,0,true
llama_gqa,32,8,128,1,512,64,29,19,1,block_major_block_first,block_major,block_first,0.150788,7.63101062499,0,0,true
llama_gqa,32,8,128,1,512,64,29,19,2,head_major_head_first,head_major,head_first,0.147213,7.63101062499,0,0,true
llama_gqa,32,8,128,1,512,64,29,19,3,head_major_block_first,head_major,block_first,0.147583,7.63101062499,0,0,true
llama_gqa,32,8,128,1,512,64,47,0,0,head_major_block_first,head_major,block_first,0.148345,4.31408216208,0,0,true
llama_gqa,32,8,128,1,512,64,47,0,1,block_major_block_first,block_major,block_first,0.15158,4.31408216208,0,0,true
llama_gqa,32,8,128,1,512,64,47,0,2,block_major_head_first,block_major,head_first,0.15172,4.31408216208,0,0,true
llama_gqa,32,8,128,1,512,64,47,0,3,head_major_head_first,head_major,head_first,0.147834,4.31408216208,0,0,true
llama_gqa,32,8,128,1,512,64,47,1,0,head_major_head_first,head_major,head_first,0.147243,4.31408216208,0,0,true
llama_gqa,32,8,128,1,512,64,47,1,1,block_major_block_first,block_major,block_first,0.15186,4.31408216208,0,0,true
llama_gqa,32,8,128,1,512,64,47,1,2,head_major_block_first,head_major,block_first,0.148214,4.31408216208,0,0,true
llama_gqa,32,8,128,1,512,64,47,1,3,block_major_head_first,block_major,head_first,0.151499,4.31408216208,0,0,true
llama_gqa,32,8,128,1,512,64,47,2,0,head_major_head_first,head_major,head_first,0.147703,4.31408216208,0,0,true
llama_gqa,32,8,128,1,512,64,47,2,1,head_major_block_first,head_major,block_first,0.147754,4.31408216208,0,0,true
llama_gqa,32,8,128,1,512,64,47,2,2,block_major_block_first,block_major,block_first,0.151649,4.31408216208,0,0,true
llama_gqa,32,8,128,1,512,64,47,2,3,block_major_head_first,block_major,head_first,0.15206,4.31408216208,0,0,true
llama_gqa,32,8,128,1,512,64,47,3,0,head_major_block_first,head_major,block_first,0.148284,4.31408216208,0,0,true
llama_gqa,32,8,128,1,512,64,47,3,1,block_major_head_first,block_major,head_first,0.15227,4.31408216208,0,0,true
llama_gqa,32,8,128,1,512,64,47,3,2,head_major_head_first,head_major,head_first,0.147654,4.31408216208,0,0,true
llama_gqa,32,8,128,1,512,64,47,3,3,block_major_block_first,block_major,block_first,0.152381,4.31408216208,0,0,true
llama_gqa,32,8,128,1,512,64,47,4,0,head_major_block_first,head_major,block_first,0.148274,4.31408216208,0,0,true
llama_gqa,32,8,128,1,512,64,47,4,1,block_major_block_first,block_major,block_first,0.151209,4.31408216208,0,0,true
llama_gqa,32,8,128,1,512,64,47,4,2,head_major_head_first,head_major,head_first,0.147503,4.31408216208,0,0,true
llama_gqa,32,8,128,1,512,64,47,4,3,block_major_head_first,block_major,head_first,0.15192,4.31408216208,0,0,true
llama_gqa,32,8,128,1,512,64,47,5,0,block_major_block_first,block_major,block_first,0.151709,4.31408216208,0,0,true
llama_gqa,32,8,128,1,512,64,47,5,1,head_major_block_first,head_major,block_first,0.148695,4.31408216208,0,0,true
llama_gqa,32,8,128,1,512,64,47,5,2,block_major_head_first,block_major,head_first,0.15182,4.31408216208,0,0,true
llama_gqa,32,8,128,1,512,64,47,5,3,head_major_head_first,head_major,head_first,0.155816,4.31408216208,0,0,true
llama_gqa,32,8,128,1,512,64,47,6,0,block_major_head_first,block_major,head_first,0.15193,4.31408216208,0,0,true
llama_gqa,32,8,128,1,512,64,47,6,1,head_major_block_first,head_major,block_first,0.147984,4.31408216208,0,0,true
llama_gqa,32,8,128,1,512,64,47,6,2,head_major_head_first,head_major,head_first,0.147834,4.31408216208,0,0,true
llama_gqa,32,8,128,1,512,64,47,6,3,block_major_block_first,block_major,block_first,0.151679,4.31408216208,0,0,true
llama_gqa,32,8,128,1,512,64,47,7,0,head_major_block_first,head_major,block_first,0.148375,4.31408216208,0,0,true
llama_gqa,32,8,128,1,512,64,47,7,1,head_major_head_first,head_major,head_first,0.147453,4.31408216208,0,0,true
llama_gqa,32,8,128,1,512,64,47,7,2,block_major_block_first,block_major,block_first,0.15175,4.31408216208,0,0,true
llama_gqa,32,8,128,1,512,64,47,7,3,block_major_head_first,block_major,head_first,0.15188,4.31408216208,0,0,true
llama_gqa,32,8,128,1,512,64,47,8,0,block_major_block_first,block_major,block_first,0.151118,4.31408216208,0,0,true
llama_gqa,32,8,128,1,512,64,47,8,1,head_major_head_first,head_major,head_first,0.147994,4.31408216208,0,0,true
llama_gqa,32,8,128,1,512,64,47,8,2,head_major_block_first,head_major,block_first,0.147893,4.31408216208,0,0,true
llama_gqa,32,8,128,1,512,64,47,8,3,block_major_head_first,block_major,head_first,0.152041,4.31408216208,0,0,true
llama_gqa,32,8,128,1,512,64,47,9,0,block_major_block_first,block_major,block_first,0.151559,4.31408216208,0,0,true
llama_gqa,32,8,128,1,512,64,47,9,1,head_major_head_first,head_major,head_first,0.147804,4.31408216208,0,0,true
llama_gqa,32,8,128,1,512,64,47,9,2,head_major_block_first,head_major,block_first,0.147783,4.31408216208,0,0,true
llama_gqa,32,8,128,1,512,64,47,9,3,block_major_head_first,block_major,head_first,0.15166,4.31408216208,0,0,true
llama_gqa,32,8,128,1,512,64,47,10,0,block_major_head_first,block_major,head_first,0.151259,4.31408216208,0,0,true
llama_gqa,32,8,128,1,512,64,47,10,1,block_major_block_first,block_major,block_first,0.151099,4.31408216208,0,0,true
llama_gqa,32,8,128,1,512,64,47,10,2,head_major_block_first,head_major,block_first,0.148294,4.31408216208,0,0,true
llama_gqa,32,8,128,1,512,64,47,10,3,head_major_head_first,head_major,head_first,0.147343,4.31408216208,0,0,true
llama_gqa,32,8,128,1,512,64,47,11,0,block_major_block_first,block_major,block_first,0.151449,4.31408216208,0,0,true
llama_gqa,32,8,128,1,512,64,47,11,1,head_major_block_first,head_major,block_first,0.147924,4.31408216208,0,0,true
llama_gqa,32,8,128,1,512,64,47,11,2,head_major_head_first,head_major,head_first,0.147423,4.31408216208,0,0,true
llama_gqa,32,8,128,1,512,64,47,11,3,block_major_head_first,block_major,head_first,0.15186,4.31408216208,0,0,true
llama_gqa,32,8,128,1,512,64,47,12,0,block_major_head_first,block_major,head_first,0.151179,4.31408216208,0,0,true
llama_gqa,32,8,128,1,512,64,47,12,1,head_major_block_first,head_major,block_first,0.153642,4.31408216208,0,0,true
llama_gqa,32,8,128,1,512,64,47,12,2,block_major_block_first,block_major,block_first,0.151609,4.31408216208,0,0,true
llama_gqa,32,8,128,1,512,64,47,12,3,head_major_head_first,head_major,head_first,0.147774,4.31408216208,0,0,true
llama_gqa,32,8,128,1,512,64,47,13,0,head_major_block_first,head_major,block_first,0.148054,4.31408216208,0,0,true
llama_gqa,32,8,128,1,512,64,47,13,1,block_major_head_first,block_major,head_first,0.15186,4.31408216208,0,0,true
llama_gqa,32,8,128,1,512,64,47,13,2,head_major_head_first,head_major,head_first,0.147744,4.31408216208,0,0,true
llama_gqa,32,8,128,1,512,64,47,13,3,block_major_block_first,block_major,block_first,0.151569,4.31408216208,0,0,true
llama_gqa,32,8,128,1,512,64,47,14,0,head_major_block_first,head_major,block_first,0.148124,4.31408216208,0,0,true
llama_gqa,32,8,128,1,512,64,47,14,1,block_major_head_first,block_major,head_first,0.152391,4.31408216208,0,0,true
llama_gqa,32,8,128,1,512,64,47,14,2,block_major_block_first,block_major,block_first,0.15232,4.31408216208,0,0,true
llama_gqa,32,8,128,1,512,64,47,14,3,head_major_head_first,head_major,head_first,0.148024,4.31408216208,0,0,true
llama_gqa,32,8,128,1,512,64,47,15,0,block_major_head_first,block_major,head_first,0.15202,4.31408216208,0,0,true
llama_gqa,32,8,128,1,512,64,47,15,1,block_major_block_first,block_major,block_first,0.151299,4.31408216208,0,0,true
llama_gqa,32,8,128,1,512,64,47,15,2,head_major_head_first,head_major,head_first,0.147543,4.31408216208,0,0,true
llama_gqa,32,8,128,1,512,64,47,15,3,head_major_block_first,head_major,block_first,0.147964,4.31408216208,0,0,true
llama_gqa,32,8,128,1,512,64,47,16,0,head_major_block_first,head_major,block_first,0.148555,4.31408216208,0,0,true
llama_gqa,32,8,128,1,512,64,47,16,1,block_major_head_first,block_major,head_first,0.15215,4.31408216208,0,0,true
llama_gqa,32,8,128,1,512,64,47,16,2,block_major_block_first,block_major,block_first,0.151449,4.31408216208,0,0,true
llama_gqa,32,8,128,1,512,64,47,16,3,head_major_head_first,head_major,head_first,0.148295,4.31408216208,0,0,true
llama_gqa,32,8,128,1,512,64,47,17,0,head_major_block_first,head_major,block_first,0.148405,4.31408216208,0,0,true
llama_gqa,32,8,128,1,512,64,47,17,1,block_major_block_first,block_major,block_first,0.151519,4.31408216208,0,0,true
llama_gqa,32,8,128,1,512,64,47,17,2,head_major_head_first,head_major,head_first,0.147463,4.31408216208,0,0,true
llama_gqa,32,8,128,1,512,64,47,17,3,block_major_head_first,block_major,head_first,0.15164,4.31408216208,0,0,true
llama_gqa,32,8,128,1,512,64,47,18,0,block_major_block_first,block_major,block_first,0.151329,4.31408216208,0,0,true
llama_gqa,32,8,128,1,512,64,47,18,1,head_major_head_first,head_major,head_first,0.147964,4.31408216208,0,0,true
llama_gqa,32,8,128,1,512,64,47,18,2,block_major_head_first,block_major,head_first,0.15194,4.31408216208,0,0,true
llama_gqa,32,8,128,1,512,64,47,18,3,head_major_block_first,head_major,block_first,0.154574,4.31408216208,0,0,true
llama_gqa,32,8,128,1,512,64,47,19,0,block_major_head_first,block_major,head_first,0.151639,4.31408216208,0,0,true
llama_gqa,32,8,128,1,512,64,47,19,1,head_major_head_first,head_major,head_first,0.147594,4.31408216208,0,0,true
llama_gqa,32,8,128,1,512,64,47,19,2,head_major_block_first,head_major,block_first,0.147924,4.31408216208,0,0,true
llama_gqa,32,8,128,1,512,64,47,19,3,block_major_block_first,block_major,block_first,0.151409,4.31408216208,0,0,true
llama_gqa,32,8,128,1,2048,64,11,0,0,block_major_head_first,block_major,head_first,0.589493,-2.23473054245,0,0,true
llama_gqa,32,8,128,1,2048,64,11,0,1,head_major_head_first,head_major,head_first,0.595271,-2.23473054245,0,0,true
llama_gqa,32,8,128,1,2048,64,11,0,2,head_major_block_first,head_major,block_first,0.589973,-2.23473054245,0,0,true
llama_gqa,32,8,128,1,2048,64,11,0,3,block_major_block_first,block_major,block_first,0.594349,-2.23473054245,0,0,true
llama_gqa,32,8,128,1,2048,64,11,1,0,block_major_block_first,block_major,block_first,0.585987,-2.23473054245,0,0,true
llama_gqa,32,8,128,1,2048,64,11,1,1,head_major_block_first,head_major,block_first,0.599567,-2.23473054245,0,0,true
llama_gqa,32,8,128,1,2048,64,11,1,2,head_major_head_first,head_major,head_first,0.592477,-2.23473054245,0,0,true
llama_gqa,32,8,128,1,2048,64,11,1,3,block_major_head_first,block_major,head_first,0.600048,-2.23473054245,0,0,true
llama_gqa,32,8,128,1,2048,64,11,2,0,head_major_head_first,head_major,head_first,0.593268,-2.23473054245,0,0,true
llama_gqa,32,8,128,1,2048,64,11,2,1,head_major_block_first,head_major,block_first,0.599277,-2.23473054245,0,0,true
llama_gqa,32,8,128,1,2048,64,11,2,2,block_major_head_first,block_major,head_first,0.602121,-2.23473054245,0,0,true
llama_gqa,32,8,128,1,2048,64,11,2,3,block_major_block_first,block_major,block_first,0.586188,-2.23473054245,0,0,true
llama_gqa,32,8,128,1,2048,64,11,3,0,head_major_block_first,head_major,block_first,0.599237,-2.23473054245,0,0,true
llama_gqa,32,8,128,1,2048,64,11,3,1,block_major_head_first,block_major,head_first,0.597334,-2.23473054245,0,0,true
llama_gqa,32,8,128,1,2048,64,11,3,2,block_major_block_first,block_major,block_first,0.585567,-2.23473054245,0,0,true
llama_gqa,32,8,128,1,2048,64,11,3,3,head_major_head_first,head_major,head_first,0.596573,-2.23473054245,0,0,true
llama_gqa,32,8,128,1,2048,64,11,4,0,head_major_block_first,head_major,block_first,0.597334,-2.23473054245,0,0,true
llama_gqa,32,8,128,1,2048,64,11,4,1,block_major_head_first,block_major,head_first,0.600829,-2.23473054245,0,0,true
llama_gqa,32,8,128,1,2048,64,11,4,2,head_major_head_first,head_major,head_first,0.593338,-2.23473054245,0,0,true
llama_gqa,32,8,128,1,2048,64,11,4,3,block_major_block_first,block_major,block_first,0.58795,-2.23473054245,0,0,true
llama_gqa,32,8,128,1,2048,64,11,5,0,head_major_head_first,head_major,head_first,0.593078,-2.23473054245,0,0,true
llama_gqa,32,8,128,1,2048,64,11,5,1,block_major_head_first,block_major,head_first,0.597194,-2.23473054245,0,0,true
llama_gqa,32,8,128,1,2048,64,11,5,2,head_major_block_first,head_major,block_first,0.595672,-2.23473054245,0,0,true
llama_gqa,32,8,128,1,2048,64,11,5,3,block_major_block_first,block_major,block_first,0.591776,-2.23473054245,0,0,true
llama_gqa,32,8,128,1,2048,64,11,6,0,block_major_block_first,block_major,block_first,0.585296,-2.23473054245,0,0,true
llama_gqa,32,8,128,1,2048,64,11,6,1,head_major_head_first,head_major,head_first,0.595671,-2.23473054245,0,0,true
llama_gqa,32,8,128,1,2048,64,11,6,2,head_major_block_first,head_major,block_first,0.591124,-2.23473054245,0,0,true
llama_gqa,32,8,128,1,2048,64,11,6,3,block_major_head_first,block_major,head_first,0.598727,-2.23473054245,0,0,true
llama_gqa,32,8,128,1,2048,64,11,7,0,head_major_block_first,head_major,block_first,0.597354,-2.23473054245,0,0,true
llama_gqa,32,8,128,1,2048,64,11,7,1,block_major_head_first,block_major,head_first,0.604215,-2.23473054245,0,0,true
llama_gqa,32,8,128,1,2048,64,11,7,2,head_major_head_first,head_major,head_first,0.5944,-2.23473054245,0,0,true
llama_gqa,32,8,128,1,2048,64,11,7,3,block_major_block_first,block_major,block_first,0.590624,-2.23473054245,0,0,true
llama_gqa,32,8,128,1,2048,64,11,8,0,block_major_head_first,block_major,head_first,0.591896,-2.23473054245,0,0,true
llama_gqa,32,8,128,1,2048,64,11,8,1,block_major_block_first,block_major,block_first,0.584204,-2.23473054245,0,0,true
llama_gqa,32,8,128,1,2048,64,11,8,2,head_major_block_first,head_major,block_first,0.598937,-2.23473054245,0,0,true
llama_gqa,32,8,128,1,2048,64,11,8,3,head_major_head_first,head_major,head_first,0.59439,-2.23473054245,0,0,true
llama_gqa,32,8,128,1,2048,64,11,9,0,block_major_head_first,block_major,head_first,0.607599,-2.23473054245,0,0,true
llama_gqa,32,8,128,1,2048,64,11,9,1,head_major_head_first,head_major,head_first,0.59461,-2.23473054245,0,0,true
llama_gqa,32,8,128,1,2048,64,11,9,2,block_major_block_first,block_major,block_first,0.58823,-2.23473054245,0,0,true
llama_gqa,32,8,128,1,2048,64,11,9,3,head_major_block_first,head_major,block_first,0.596823,-2.23473054245,0,0,true
llama_gqa,32,8,128,1,2048,64,11,10,0,block_major_block_first,block_major,block_first,0.587639,-2.23473054245,0,0,true
llama_gqa,32,8,128,1,2048,64,11,10,1,block_major_head_first,block_major,head_first,0.590584,-2.23473054245,0,0,true
llama_gqa,32,8,128,1,2048,64,11,10,2,head_major_block_first,head_major,block_first,0.606168,-2.23473054245,0,0,true
llama_gqa,32,8,128,1,2048,64,11,10,3,head_major_head_first,head_major,head_first,0.592086,-2.23473054245,0,0,true
llama_gqa,32,8,128,1,2048,64,11,11,0,block_major_head_first,block_major,head_first,0.600309,-2.23473054245,0,0,true
llama_gqa,32,8,128,1,2048,64,11,11,1,block_major_block_first,block_major,block_first,0.586568,-2.23473054245,0,0,true
llama_gqa,32,8,128,1,2048,64,11,11,2,head_major_head_first,head_major,head_first,0.593849,-2.23473054245,0,0,true
llama_gqa,32,8,128,1,2048,64,11,11,3,head_major_block_first,head_major,block_first,0.591225,-2.23473054245,0,0,true
llama_gqa,32,8,128,1,2048,64,11,12,0,block_major_head_first,block_major,head_first,0.599838,-2.23473054245,0,0,true
llama_gqa,32,8,128,1,2048,64,11,12,1,head_major_head_first,head_major,head_first,0.598976,-2.23473054245,0,0,true
llama_gqa,32,8,128,1,2048,64,11,12,2,block_major_block_first,block_major,block_first,0.587539,-2.23473054245,0,0,true
llama_gqa,32,8,128,1,2048,64,11,12,3,head_major_block_first,head_major,block_first,0.598556,-2.23473054245,0,0,true
llama_gqa,32,8,128,1,2048,64,11,13,0,head_major_head_first,head_major,head_first,0.591535,-2.23473054245,0,0,true
llama_gqa,32,8,128,1,2048,64,11,13,1,block_major_block_first,block_major,block_first,0.587649,-2.23473054245,0,0,true
llama_gqa,32,8,128,1,2048,64,11,13,2,head_major_block_first,head_major,block_first,0.5946,-2.23473054245,0,0,true
llama_gqa,32,8,128,1,2048,64,11,13,3,block_major_head_first,block_major,head_first,0.597024,-2.23473054245,0,0,true
llama_gqa,32,8,128,1,2048,64,11,14,0,block_major_block_first,block_major,block_first,0.592357,-2.23473054245,0,0,true
llama_gqa,32,8,128,1,2048,64,11,14,1,block_major_head_first,block_major,head_first,0.589543,-2.23473054245,0,0,true
llama_gqa,32,8,128,1,2048,64,11,14,2,head_major_block_first,head_major,block_first,0.600909,-2.23473054245,0,0,true
llama_gqa,32,8,128,1,2048,64,11,14,3,head_major_head_first,head_major,head_first,0.592417,-2.23473054245,0,0,true
llama_gqa,32,8,128,1,2048,64,11,15,0,head_major_block_first,head_major,block_first,0.589452,-2.23473054245,0,0,true
llama_gqa,32,8,128,1,2048,64,11,15,1,block_major_head_first,block_major,head_first,0.603814,-2.23473054245,0,0,true
llama_gqa,32,8,128,1,2048,64,11,15,2,head_major_head_first,head_major,head_first,0.597905,-2.23473054245,0,0,true
llama_gqa,32,8,128,1,2048,64,11,15,3,block_major_block_first,block_major,block_first,0.5881,-2.23473054245,0,0,true
llama_gqa,32,8,128,1,2048,64,11,16,0,head_major_block_first,head_major,block_first,0.596453,-2.23473054245,0,0,true
llama_gqa,32,8,128,1,2048,64,11,16,1,block_major_head_first,block_major,head_first,0.596062,-2.23473054245,0,0,true
llama_gqa,32,8,128,1,2048,64,11,16,2,block_major_block_first,block_major,block_first,0.584795,-2.23473054245,0,0,true
llama_gqa,32,8,128,1,2048,64,11,16,3,head_major_head_first,head_major,head_first,0.595201,-2.23473054245,0,0,true
llama_gqa,32,8,128,1,2048,64,11,17,0,head_major_head_first,head_major,head_first,0.592978,-2.23473054245,0,0,true
llama_gqa,32,8,128,1,2048,64,11,17,1,block_major_block_first,block_major,block_first,0.597344,-2.23473054245,0,0,true
llama_gqa,32,8,128,1,2048,64,11,17,2,block_major_head_first,block_major,head_first,0.589743,-2.23473054245,0,0,true
llama_gqa,32,8,128,1,2048,64,11,17,3,head_major_block_first,head_major,block_first,0.597094,-2.23473054245,0,0,true
llama_gqa,32,8,128,1,2048,64,11,18,0,block_major_block_first,block_major,block_first,0.587189,-2.23473054245,0,0,true
llama_gqa,32,8,128,1,2048,64,11,18,1,head_major_block_first,head_major,block_first,0.594791,-2.23473054245,0,0,true
llama_gqa,32,8,128,1,2048,64,11,18,2,block_major_head_first,block_major,head_first,0.597344,-2.23473054245,0,0,true
llama_gqa,32,8,128,1,2048,64,11,18,3,head_major_head_first,head_major,head_first,0.593679,-2.23473054245,0,0,true
llama_gqa,32,8,128,1,2048,64,11,19,0,block_major_head_first,block_major,head_first,0.605787,-2.23473054245,0,0,true
llama_gqa,32,8,128,1,2048,64,11,19,1,head_major_head_first,head_major,head_first,0.595161,-2.23473054245,0,0,true
llama_gqa,32,8,128,1,2048,64,11,19,2,block_major_block_first,block_major,block_first,0.58775,-2.23473054245,0,0,true
llama_gqa,32,8,128,1,2048,64,11,19,3,head_major_block_first,head_major,block_first,0.597074,-2.23473054245,0,0,true
llama_gqa,32,8,128,1,2048,64,29,0,0,block_major_head_first,block_major,head_first,0.597014,6.68970025239,0,0,true
llama_gqa,32,8,128,1,2048,64,29,0,1,head_major_head_first,head_major,head_first,0.597865,6.68970025239,0,0,true
llama_gqa,32,8,128,1,2048,64,29,0,2,head_major_block_first,head_major,block_first,0.590995,6.68970025239,0,0,true
llama_gqa,32,8,128,1,2048,64,29,0,3,block_major_block_first,block_major,block_first,0.589522,6.68970025239,0,0,true
llama_gqa,32,8,128,1,2048,64,29,1,0,head_major_block_first,head_major,block_first,0.596443,6.68970025239,0,0,true
llama_gqa,32,8,128,1,2048,64,29,1,1,block_major_head_first,block_major,head_first,0.596883,6.68970025239,0,0,true
llama_gqa,32,8,128,1,2048,64,29,1,2,head_major_head_first,head_major,head_first,0.593459,6.68970025239,0,0,true
llama_gqa,32,8,128,1,2048,64,29,1,3,block_major_block_first,block_major,block_first,0.594289,6.68970025239,0,0,true
llama_gqa,32,8,128,1,2048,64,29,2,0,block_major_block_first,block_major,block_first,0.584985,6.68970025239,0,0,true
llama_gqa,32,8,128,1,2048,64,29,2,1,head_major_block_first,head_major,block_first,0.596493,6.68970025239,0,0,true
llama_gqa,32,8,128,1,2048,64,29,2,2,block_major_head_first,block_major,head_first,0.595671,6.68970025239,0,0,true
llama_gqa,32,8,128,1,2048,64,29,2,3,head_major_head_first,head_major,head_first,0.593769,6.68970025239,0,0,true
llama_gqa,32,8,128,1,2048,64,29,3,0,head_major_head_first,head_major,head_first,0.592166,6.68970025239,0,0,true
llama_gqa,32,8,128,1,2048,64,29,3,1,head_major_block_first,head_major,block_first,0.589643,6.68970025239,0,0,true
llama_gqa,32,8,128,1,2048,64,29,3,2,block_major_head_first,block_major,head_first,0.6082,6.68970025239,0,0,true
llama_gqa,32,8,128,1,2048,64,29,3,3,block_major_block_first,block_major,block_first,0.585987,6.68970025239,0,0,true
llama_gqa,32,8,128,1,2048,64,29,4,0,head_major_head_first,head_major,head_first,0.59465,6.68970025239,0,0,true
llama_gqa,32,8,128,1,2048,64,29,4,1,head_major_block_first,head_major,block_first,0.590744,6.68970025239,0,0,true
llama_gqa,32,8,128,1,2048,64,29,4,2,block_major_head_first,block_major,head_first,0.597344,6.68970025239,0,0,true
llama_gqa,32,8,128,1,2048,64,29,4,3,block_major_block_first,block_major,block_first,0.586037,6.68970025239,0,0,true
llama_gqa,32,8,128,1,2048,64,29,5,0,block_major_block_first,block_major,block_first,0.590644,6.68970025239,0,0,true
llama_gqa,32,8,128,1,2048,64,29,5,1,head_major_head_first,head_major,head_first,0.596222,6.68970025239,0,0,true
llama_gqa,32,8,128,1,2048,64,29,5,2,block_major_head_first,block_major,head_first,0.597505,6.68970025239,0,0,true
llama_gqa,32,8,128,1,2048,64,29,5,3,head_major_block_first,head_major,block_first,0.596943,6.68970025239,0,0,true
llama_gqa,32,8,128,1,2048,64,29,6,0,head_major_block_first,head_major,block_first,0.589702,6.68970025239,0,0,true
llama_gqa,32,8,128,1,2048,64,29,6,1,block_major_block_first,block_major,block_first,0.588441,6.68970025239,0,0,true
llama_gqa,32,8,128,1,2048,64,29,6,2,head_major_head_first,head_major,head_first,0.593118,6.68970025239,0,0,true
llama_gqa,32,8,128,1,2048,64,29,6,3,block_major_head_first,block_major,head_first,0.635121,6.68970025239,0,0,true
llama_gqa,32,8,128,1,2048,64,29,7,0,block_major_block_first,block_major,block_first,0.584825,6.68970025239,0,0,true
llama_gqa,32,8,128,1,2048,64,29,7,1,head_major_head_first,head_major,head_first,0.595251,6.68970025239,0,0,true
llama_gqa,32,8,128,1,2048,64,29,7,2,head_major_block_first,head_major,block_first,0.590895,6.68970025239,0,0,true
llama_gqa,32,8,128,1,2048,64,29,7,3,block_major_head_first,block_major,head_first,0.597845,6.68970025239,0,0,true
llama_gqa,32,8,128,1,2048,64,29,8,0,block_major_block_first,block_major,block_first,0.585136,6.68970025239,0,0,true
llama_gqa,32,8,128,1,2048,64,29,8,1,head_major_head_first,head_major,head_first,0.602122,6.68970025239,0,0,true
llama_gqa,32,8,128,1,2048,64,29,8,2,head_major_block_first,head_major,block_first,0.590814,6.68970025239,0,0,true
llama_gqa,32,8,128,1,2048,64,29,8,3,block_major_head_first,block_major,head_first,0.596203,6.68970025239,0,0,true
llama_gqa,32,8,128,1,2048,64,29,9,0,block_major_block_first,block_major,block_first,0.585516,6.68970025239,0,0,true
llama_gqa,32,8,128,1,2048,64,29,9,1,block_major_head_first,block_major,head_first,0.589893,6.68970025239,0,0,true
llama_gqa,32,8,128,1,2048,64,29,9,2,head_major_block_first,head_major,block_first,0.602392,6.68970025239,0,0,true
llama_gqa,32,8,128,1,2048,64,29,9,3,head_major_head_first,head_major,head_first,0.592257,6.68970025239,0,0,true
llama_gqa,32,8,128,1,2048,64,29,10,0,block_major_head_first,block_major,head_first,0.602442,6.68970025239,0,0,true
llama_gqa,32,8,128,1,2048,64,29,10,1,block_major_block_first,block_major,block_first,0.584825,6.68970025239,0,0,true
llama_gqa,32,8,128,1,2048,64,29,10,2,head_major_block_first,head_major,block_first,0.597575,6.68970025239,0,0,true
llama_gqa,32,8,128,1,2048,64,29,10,3,head_major_head_first,head_major,head_first,0.591636,6.68970025239,0,0,true
llama_gqa,32,8,128,1,2048,64,29,11,0,head_major_block_first,head_major,block_first,0.589602,6.68970025239,0,0,true
llama_gqa,32,8,128,1,2048,64,29,11,1,head_major_head_first,head_major,head_first,0.591055,6.68970025239,0,0,true
llama_gqa,32,8,128,1,2048,64,29,11,2,block_major_head_first,block_major,head_first,0.597885,6.68970025239,0,0,true
llama_gqa,32,8,128,1,2048,64,29,11,3,block_major_block_first,block_major,block_first,0.593198,6.68970025239,0,0,true
llama_gqa,32,8,128,1,2048,64,29,12,0,block_major_block_first,block_major,block_first,0.586247,6.68970025239,0,0,true
llama_gqa,32,8,128,1,2048,64,29,12,1,head_major_block_first,head_major,block_first,0.600779,6.68970025239,0,0,true
llama_gqa,32,8,128,1,2048,64,29,12,2,block_major_head_first,block_major,head_first,0.596143,6.68970025239,0,0,true
llama_gqa,32,8,128,1,2048,64,29,12,3,head_major_head_first,head_major,head_first,0.593508,6.68970025239,0,0,true
llama_gqa,32,8,128,1,2048,64,29,13,0,head_major_head_first,head_major,head_first,0.593278,6.68970025239,0,0,true
llama_gqa,32,8,128,1,2048,64,29,13,1,block_major_block_first,block_major,block_first,0.598185,6.68970025239,0,0,true
llama_gqa,32,8,128,1,2048,64,29,13,2,head_major_block_first,head_major,block_first,0.600169,6.68970025239,0,0,true
llama_gqa,32,8,128,1,2048,64,29,13,3,block_major_head_first,block_major,head_first,0.595581,6.68970025239,0,0,true
llama_gqa,32,8,128,1,2048,64,29,14,0,head_major_block_first,head_major,block_first,0.595542,6.68970025239,0,0,true
llama_gqa,32,8,128,1,2048,64,29,14,1,block_major_head_first,block_major,head_first,0.595662,6.68970025239,0,0,true
llama_gqa,32,8,128,1,2048,64,29,14,2,head_major_head_first,head_major,head_first,0.595822,6.68970025239,0,0,true
llama_gqa,32,8,128,1,2048,64,29,14,3,block_major_block_first,block_major,block_first,0.588411,6.68970025239,0,0,true
llama_gqa,32,8,128,1,2048,64,29,15,0,head_major_block_first,head_major,block_first,0.607239,6.68970025239,0,0,true
llama_gqa,32,8,128,1,2048,64,29,15,1,block_major_head_first,block_major,head_first,0.595982,6.68970025239,0,0,true
llama_gqa,32,8,128,1,2048,64,29,15,2,head_major_head_first,head_major,head_first,0.594469,6.68970025239,0,0,true
llama_gqa,32,8,128,1,2048,64,29,15,3,block_major_block_first,block_major,block_first,0.586608,6.68970025239,0,0,true
llama_gqa,32,8,128,1,2048,64,29,16,0,head_major_head_first,head_major,head_first,0.593518,6.68970025239,0,0,true
llama_gqa,32,8,128,1,2048,64,29,16,1,head_major_block_first,head_major,block_first,0.590343,6.68970025239,0,0,true
llama_gqa,32,8,128,1,2048,64,29,16,2,block_major_head_first,block_major,head_first,0.596343,6.68970025239,0,0,true
llama_gqa,32,8,128,1,2048,64,29,16,3,block_major_block_first,block_major,block_first,0.593979,6.68970025239,0,0,true
llama_gqa,32,8,128,1,2048,64,29,17,0,head_major_block_first,head_major,block_first,0.600088,6.68970025239,0,0,true
llama_gqa,32,8,128,1,2048,64,29,17,1,block_major_head_first,block_major,head_first,0.594409,6.68970025239,0,0,true
llama_gqa,32,8,128,1,2048,64,29,17,2,block_major_block_first,block_major,block_first,0.584735,6.68970025239,0,0,true
llama_gqa,32,8,128,1,2048,64,29,17,3,head_major_head_first,head_major,head_first,0.59432,6.68970025239,0,0,true
llama_gqa,32,8,128,1,2048,64,29,18,0,block_major_head_first,block_major,head_first,0.596663,6.68970025239,0,0,true
llama_gqa,32,8,128,1,2048,64,29,18,1,block_major_block_first,block_major,block_first,0.592357,6.68970025239,0,0,true
llama_gqa,32,8,128,1,2048,64,29,18,2,head_major_block_first,head_major,block_first,0.601961,6.68970025239,0,0,true
llama_gqa,32,8,128,1,2048,64,29,18,3,head_major_head_first,head_major,head_first,0.592297,6.68970025239,0,0,true
llama_gqa,32,8,128,1,2048,64,29,19,0,block_major_head_first,block_major,head_first,0.597765,6.68970025239,0,0,true
llama_gqa,32,8,128,1,2048,64,29,19,1,head_major_head_first,head_major,head_first,0.593038,6.68970025239,0,0,true
llama_gqa,32,8,128,1,2048,64,29,19,2,head_major_block_first,head_major,block_first,0.589452,6.68970025239,0,0,true
llama_gqa,32,8,128,1,2048,64,29,19,3,block_major_block_first,block_major,block_first,0.58771,6.68970025239,0,0,true
llama_gqa,32,8,128,1,2048,64,47,0,0,head_major_head_first,head_major,head_first,0.592597,3.03768900127,0,0,true
llama_gqa,32,8,128,1,2048,64,47,0,1,head_major_block_first,head_major,block_first,0.588881,3.03768900127,0,0,true
llama_gqa,32,8,128,1,2048,64,47,0,2,block_major_head_first,block_major,head_first,0.598976,3.03768900127,0,0,true
llama_gqa,32,8,128,1,2048,64,47,0,3,block_major_block_first,block_major,block_first,0.585657,3.03768900127,0,0,true
llama_gqa,32,8,128,1,2048,64,47,1,0,block_major_block_first,block_major,block_first,0.584024,3.03768900127,0,0,true
llama_gqa,32,8,128,1,2048,64,47,1,1,block_major_head_first,block_major,head_first,0.599838,3.03768900127,0,0,true
llama_gqa,32,8,128,1,2048,64,47,1,2,head_major_block_first,head_major,block_first,0.603314,3.03768900127,0,0,true
llama_gqa,32,8,128,1,2048,64,47,1,3,head_major_head_first,head_major,head_first,0.592647,3.03768900127,0,0,true
llama_gqa,32,8,128,1,2048,64,47,2,0,block_major_block_first,block_major,block_first,0.589071,3.03768900127,0,0,true
llama_gqa,32,8,128,1,2048,64,47,2,1,head_major_head_first,head_major,head_first,0.592768,3.03768900127,0,0,true
llama_gqa,32,8,128,1,2048,64,47,2,2,block_major_head_first,block_major,head_first,0.597434,3.03768900127,0,0,true
llama_gqa,32,8,128,1,2048,64,47,2,3,head_major_block_first,head_major,block_first,0.605336,3.03768900127,0,0,true
llama_gqa,32,8,128,1,2048,64,47,3,0,head_major_head_first,head_major,head_first,0.592126,3.03768900127,0,0,true
llama_gqa,32,8,128,1,2048,64,47,3,1,block_major_head_first,block_major,head_first,0.599237,3.03768900127,0,0,true
llama_gqa,32,8,128,1,2048,64,47,3,2,head_major_block_first,head_major,block_first,0.601851,3.03768900127,0,0,true
llama_gqa,32,8,128,1,2048,64,47,3,3,block_major_block_first,block_major,block_first,0.588511,3.03768900127,0,0,true
llama_gqa,32,8,128,1,2048,64,47,4,0,head_major_head_first,head_major,head_first,0.593869,3.03768900127,0,0,true
llama_gqa,32,8,128,1,2048,64,47,4,1,head_major_block_first,head_major,block_first,0.588621,3.03768900127,0,0,true
llama_gqa,32,8,128,1,2048,64,47,4,2,block_major_head_first,block_major,head_first,0.606318,3.03768900127,0,0,true
llama_gqa,32,8,128,1,2048,64,47,4,3,block_major_block_first,block_major,block_first,0.586267,3.03768900127,0,0,true
llama_gqa,32,8,128,1,2048,64,47,5,0,block_major_head_first,block_major,head_first,0.588361,3.03768900127,0,0,true
llama_gqa,32,8,128,1,2048,64,47,5,1,block_major_block_first,block_major,block_first,0.585567,3.03768900127,0,0,true
llama_gqa,32,8,128,1,2048,64,47,5,2,head_major_block_first,head_major,block_first,0.604695,3.03768900127,0,0,true
llama_gqa,32,8,128,1,2048,64,47,5,3,head_major_head_first,head_major,head_first,0.591595,3.03768900127,0,0,true
llama_gqa,32,8,128,1,2048,64,47,6,0,head_major_block_first,head_major,block_first,0.590084,3.03768900127,0,0,true
llama_gqa,32,8,128,1,2048,64,47,6,1,block_major_head_first,block_major,head_first,0.607119,3.03768900127,0,0,true
llama_gqa,32,8,128,1,2048,64,47,6,2,block_major_block_first,block_major,block_first,0.585806,3.03768900127,0,0,true
llama_gqa,32,8,128,1,2048,64,47,6,3,head_major_head_first,head_major,head_first,0.59422,3.03768900127,0,0,true
llama_gqa,32,8,128,1,2048,64,47,7,0,block_major_head_first,block_major,head_first,0.597795,3.03768900127,0,0,true
llama_gqa,32,8,128,1,2048,64,47,7,1,block_major_block_first,block_major,block_first,0.585156,3.03768900127,0,0,true
llama_gqa,32,8,128,1,2048,64,47,7,2,head_major_head_first,head_major,head_first,0.595321,3.03768900127,0,0,true
llama_gqa,32,8,128,1,2048,64,47,7,3,head_major_block_first,head_major,block_first,0.598436,3.03768900127,0,0,true
llama_gqa,32,8,128,1,2048,64,47,8,0,block_major_block_first,block_major,block_first,0.588361,3.03768900127,0,0,true
llama_gqa,32,8,128,1,2048,64,47,8,1,block_major_head_first,block_major,head_first,0.589622,3.03768900127,0,0,true
llama_gqa,32,8,128,1,2048,64,47,8,2,head_major_block_first,head_major,block_first,0.597565,3.03768900127,0,0,true
llama_gqa,32,8,128,1,2048,64,47,8,3,head_major_head_first,head_major,head_first,0.592327,3.03768900127,0,0,true
llama_gqa,32,8,128,1,2048,64,47,9,0,head_major_block_first,head_major,block_first,0.590113,3.03768900127,0,0,true
llama_gqa,32,8,128,1,2048,64,47,9,1,head_major_head_first,head_major,head_first,0.592217,3.03768900127,0,0,true
llama_gqa,32,8,128,1,2048,64,47,9,2,block_major_block_first,block_major,block_first,0.597023,3.03768900127,0,0,true
llama_gqa,32,8,128,1,2048,64,47,9,3,block_major_head_first,block_major,head_first,0.589893,3.03768900127,0,0,true
llama_gqa,32,8,128,1,2048,64,47,10,0,head_major_block_first,head_major,block_first,0.597725,3.03768900127,0,0,true
llama_gqa,32,8,128,1,2048,64,47,10,1,block_major_block_first,block_major,block_first,0.586278,3.03768900127,0,0,true
llama_gqa,32,8,128,1,2048,64,47,10,2,block_major_head_first,block_major,head_first,0.589382,3.03768900127,0,0,true
llama_gqa,32,8,128,1,2048,64,47,10,3,head_major_head_first,head_major,head_first,0.593909,3.03768900127,0,0,true
llama_gqa,32,8,128,1,2048,64,47,11,0,block_major_head_first,block_major,head_first,0.597885,3.03768900127,0,0,true
llama_gqa,32,8,128,1,2048,64,47,11,1,head_major_head_first,head_major,head_first,0.599227,3.03768900127,0,0,true
llama_gqa,32,8,128,1,2048,64,47,11,2,block_major_block_first,block_major,block_first,0.587119,3.03768900127,0,0,true
llama_gqa,32,8,128,1,2048,64,47,11,3,head_major_block_first,head_major,block_first,0.597715,3.03768900127,0,0,true
llama_gqa,32,8,128,1,2048,64,47,12,0,head_major_head_first,head_major,head_first,0.591956,3.03768900127,0,0,true
llama_gqa,32,8,128,1,2048,64,47,12,1,head_major_block_first,head_major,block_first,0.589352,3.03768900127,0,0,true
llama_gqa,32,8,128,1,2048,64,47,12,2,block_major_head_first,block_major,head_first,0.600339,3.03768900127,0,0,true
llama_gqa,32,8,128,1,2048,64,47,12,3,block_major_block_first,block_major,block_first,0.592016,3.03768900127,0,0,true
llama_gqa,32,8,128,1,2048,64,47,13,0,head_major_head_first,head_major,head_first,0.597524,3.03768900127,0,0,true
llama_gqa,32,8,128,1,2048,64,47,13,1,block_major_head_first,block_major,head_first,0.596103,3.03768900127,0,0,true
llama_gqa,32,8,128,1,2048,64,47,13,2,head_major_block_first,head_major,block_first,0.597835,3.03768900127,0,0,true
llama_gqa,32,8,128,1,2048,64,47,13,3,block_major_block_first,block_major,block_first,0.587179,3.03768900127,0,0,true
llama_gqa,32,8,128,1,2048,64,47,14,0,block_major_block_first,block_major,block_first,0.585266,3.03768900127,0,0,true
llama_gqa,32,8,128,1,2048,64,47,14,1,head_major_head_first,head_major,head_first,0.595522,3.03768900127,0,0,true
llama_gqa,32,8,128,1,2048,64,47,14,2,head_major_block_first,head_major,block_first,0.597094,3.03768900127,0,0,true
llama_gqa,32,8,128,1,2048,64,47,14,3,block_major_head_first,block_major,head_first,0.597845,3.03768900127,0,0,true
llama_gqa,32,8,128,1,2048,64,47,15,0,block_major_head_first,block_major,head_first,0.589292,3.03768900127,0,0,true
llama_gqa,32,8,128,1,2048,64,47,15,1,head_major_block_first,head_major,block_first,0.599157,3.03768900127,0,0,true
llama_gqa,32,8,128,1,2048,64,47,15,2,block_major_block_first,block_major,block_first,0.587879,3.03768900127,0,0,true
llama_gqa,32,8,128,1,2048,64,47,15,3,head_major_head_first,head_major,head_first,0.593188,3.03768900127,0,0,true
llama_gqa,32,8,128,1,2048,64,47,16,0,block_major_block_first,block_major,block_first,0.588241,3.03768900127,0,0,true
llama_gqa,32,8,128,1,2048,64,47,16,1,head_major_head_first,head_major,head_first,0.635041,3.03768900127,0,0,true
llama_gqa,32,8,128,1,2048,64,47,16,2,block_major_head_first,block_major,head_first,0.597615,3.03768900127,0,0,true
llama_gqa,32,8,128,1,2048,64,47,16,3,head_major_block_first,head_major,block_first,0.596653,3.03768900127,0,0,true
llama_gqa,32,8,128,1,2048,64,47,17,0,block_major_head_first,block_major,head_first,0.596583,3.03768900127,0,0,true
llama_gqa,32,8,128,1,2048,64,47,17,1,head_major_block_first,head_major,block_first,0.59462,3.03768900127,0,0,true
llama_gqa,32,8,128,1,2048,64,47,17,2,head_major_head_first,head_major,head_first,0.593588,3.03768900127,0,0,true
llama_gqa,32,8,128,1,2048,64,47,17,3,block_major_block_first,block_major,block_first,0.597634,3.03768900127,0,0,true
llama_gqa,32,8,128,1,2048,64,47,18,0,head_major_block_first,head_major,block_first,0.596102,3.03768900127,0,0,true
llama_gqa,32,8,128,1,2048,64,47,18,1,block_major_head_first,block_major,head_first,0.595181,3.03768900127,0,0,true
llama_gqa,32,8,128,1,2048,64,47,18,2,block_major_block_first,block_major,block_first,0.586188,3.03768900127,0,0,true
llama_gqa,32,8,128,1,2048,64,47,18,3,head_major_head_first,head_major,head_first,0.594941,3.03768900127,0,0,true
llama_gqa,32,8,128,1,2048,64,47,19,0,block_major_head_first,block_major,head_first,0.597865,3.03768900127,0,0,true
llama_gqa,32,8,128,1,2048,64,47,19,1,head_major_block_first,head_major,block_first,0.598986,3.03768900127,0,0,true
llama_gqa,32,8,128,1,2048,64,47,19,2,head_major_head_first,head_major,head_first,0.598456,3.03768900127,0,0,true
llama_gqa,32,8,128,1,2048,64,47,19,3,block_major_block_first,block_major,block_first,0.589272,3.03768900127,0,0,true
llama_gqa,32,8,128,1,8192,64,11,0,0,head_major_block_first,head_major,block_first,2.863174,-0.359992591274,0,0,true
llama_gqa,32,8,128,1,8192,64,11,0,1,block_major_head_first,block_major,head_first,2.835963,-0.359992591274,0,0,true
llama_gqa,32,8,128,1,8192,64,11,0,2,block_major_block_first,block_major,block_first,2.693588,-0.359992591274,0,0,true
llama_gqa,32,8,128,1,8192,64,11,0,3,head_major_head_first,head_major,head_first,2.743512,-0.359992591274,0,0,true
llama_gqa,32,8,128,1,8192,64,11,1,0,head_major_block_first,head_major,block_first,2.751645,-0.359992591274,0,0,true
llama_gqa,32,8,128,1,8192,64,11,1,1,head_major_head_first,head_major,head_first,2.694479,-0.359992591274,0,0,true
llama_gqa,32,8,128,1,8192,64,11,1,2,block_major_head_first,block_major,head_first,2.936695,-0.359992591274,0,0,true
llama_gqa,32,8,128,1,8192,64,11,1,3,block_major_block_first,block_major,block_first,2.670782,-0.359992591274,0,0,true
llama_gqa,32,8,128,1,8192,64,11,2,0,block_major_head_first,block_major,head_first,2.719446,-0.359992591274,0,0,true
llama_gqa,32,8,128,1,8192,64,11,2,1,block_major_block_first,block_major,block_first,2.581297,-0.359992591274,0,0,true
llama_gqa,32,8,128,1,8192,64,11,2,2,head_major_head_first,head_major,head_first,2.842683,-0.359992591274,0,0,true
llama_gqa,32,8,128,1,8192,64,11,2,3,head_major_block_first,head_major,block_first,2.66237,-0.359992591274,0,0,true
llama_gqa,32,8,128,1,8192,64,11,3,0,block_major_block_first,block_major,block_first,2.879338,-0.359992591274,0,0,true
llama_gqa,32,8,128,1,8192,64,11,3,1,block_major_head_first,block_major,head_first,2.822312,-0.359992591274,0,0,true
llama_gqa,32,8,128,1,8192,64,11,3,2,head_major_block_first,head_major,block_first,2.77474,-0.359992591274,0,0,true
llama_gqa,32,8,128,1,8192,64,11,3,3,head_major_head_first,head_major,head_first,2.723893,-0.359992591274,0,0,true
llama_gqa,32,8,128,1,8192,64,11,4,0,head_major_head_first,head_major,head_first,2.685375,-0.359992591274,0,0,true
llama_gqa,32,8,128,1,8192,64,11,4,1,block_major_head_first,block_major,head_first,2.974462,-0.359992591274,0,0,true
llama_gqa,32,8,128,1,8192,64,11,4,2,block_major_block_first,block_major,block_first,2.700948,-0.359992591274,0,0,true
llama_gqa,32,8,128,1,8192,64,11,4,3,head_major_block_first,head_major,block_first,2.877445,-0.359992591274,0,0,true
llama_gqa,32,8,128,1,8192,64,11,5,0,block_major_block_first,block_major,block_first,2.749192,-0.359992591274,0,0,true
llama_gqa,32,8,128,1,8192,64,11,5,1,head_major_block_first,head_major,block_first,2.73504,-0.359992591274,0,0,true
llama_gqa,32,8,128,1,8192,64,11,5,2,block_major_head_first,block_major,head_first,2.93318,-0.359992591274,0,0,true
llama_gqa,32,8,128,1,8192,64,11,5,3,head_major_head_first,head_major,head_first,2.700397,-0.359992591274,0,0,true
llama_gqa,32,8,128,1,8192,64,11,6,0,head_major_head_first,head_major,head_first,2.680337,-0.359992591274,0,0,true
llama_gqa,32,8,128,1,8192,64,11,6,1,head_major_block_first,head_major,block_first,2.693497,-0.359992591274,0,0,true
llama_gqa,32,8,128,1,8192,64,11,6,2,block_major_head_first,block_major,head_first,2.943045,-0.359992591274,0,0,true
llama_gqa,32,8,128,1,8192,64,11,6,3,block_major_block_first,block_major,block_first,2.729171,-0.359992591274,0,0,true
llama_gqa,32,8,128,1,8192,64,11,7,0,block_major_block_first,block_major,block_first,2.760318,-0.359992591274,0,0,true
llama_gqa,32,8,128,1,8192,64,11,7,1,head_major_block_first,head_major,block_first,2.87386,-0.359992591274,0,0,true
llama_gqa,32,8,128,1,8192,64,11,7,2,block_major_head_first,block_major,head_first,2.879498,-0.359992591274,0,0,true
llama_gqa,32,8,128,1,8192,64,11,7,3,head_major_head_first,head_major,head_first,2.703772,-0.359992591274,0,0,true
llama_gqa,32,8,128,1,8192,64,11,8,0,head_major_block_first,head_major,block_first,2.718425,-0.359992591274,0,0,true
llama_gqa,32,8,128,1,8192,64,11,8,1,head_major_head_first,head_major,head_first,2.660978,-0.359992591274,0,0,true
llama_gqa,32,8,128,1,8192,64,11,8,2,block_major_head_first,block_major,head_first,2.917706,-0.359992591274,0,0,true
llama_gqa,32,8,128,1,8192,64,11,8,3,block_major_block_first,block_major,block_first,2.707288,-0.359992591274,0,0,true
llama_gqa,32,8,128,1,8192,64,11,9,0,head_major_head_first,head_major,head_first,2.837795,-0.359992591274,0,0,true
llama_gqa,32,8,128,1,8192,64,11,9,1,block_major_block_first,block_major,block_first,2.729852,-0.359992591274,0,0,true
llama_gqa,32,8,128,1,8192,64,11,9,2,block_major_head_first,block_major,head_first,2.836534,-0.359992591274,0,0,true
llama_gqa,32,8,128,1,8192,64,11,9,3,head_major_block_first,head_major,block_first,2.808271,-0.359992591274,0,0,true
llama_gqa,32,8,128,1,8192,64,11,10,0,head_major_head_first,head_major,head_first,2.693307,-0.359992591274,0,0,true
llama_gqa,32,8,128,1,8192,64,11,10,1,block_major_block_first,block_major,block_first,2.723302,-0.359992591274,0,0,true
llama_gqa,32,8,128,1,8192,64,11,10,2,block_major_head_first,block_major,head_first,2.874712,-0.359992591274,0,0,true
llama_gqa,32,8,128,1,8192,64,11,10,3,head_major_block_first,head_major,block_first,2.749552,-0.359992591274,0,0,true
llama_gqa,32,8,128,1,8192,64,11,11,0,block_major_head_first,block_major,head_first,2.844115,-0.359992591274,0,0,true
llama_gqa,32,8,128,1,8192,64,11,11,1,block_major_block_first,block_major,block_first,2.692696,-0.359992591274,0,0,true
llama_gqa,32,8,128,1,8192,64,11,11,2,head_major_head_first,head_major,head_first,2.726627,-0.359992591274,0,0,true
llama_gqa,32,8,128,1,8192,64,11,11,3,head_major_block_first,head_major,block_first,2.746217,-0.359992591274,0,0,true
llama_gqa,32,8,128,1,8192,64,11,12,0,block_major_head_first,block_major,head_first,2.864747,-0.359992591274,0,0,true
llama_gqa,32,8,128,1,8192,64,11,12,1,head_major_block_first,head_major,block_first,2.731174,-0.359992591274,0,0,true
llama_gqa,32,8,128,1,8192,64,11,12,2,head_major_head_first,head_major,head_first,2.68864,-0.359992591274,0,0,true
llama_gqa,32,8,128,1,8192,64,11,12,3,block_major_block_first,block_major,block_first,2.713117,-0.359992591274,0,0,true
llama_gqa,32,8,128,1,8192,64,11,13,0,block_major_block_first,block_major,block_first,2.684493,-0.359992591274,0,0,true
llama_gqa,32,8,128,1,8192,64,11,13,1,head_major_head_first,head_major,head_first,2.737574,-0.359992591274,0,0,true
llama_gqa,32,8,128,1,8192,64,11,13,2,block_major_head_first,block_major,head_first,2.87992,-0.359992591274,0,0,true
llama_gqa,32,8,128,1,8192,64,11,13,3,head_major_block_first,head_major,block_first,2.75489,-0.359992591274,0,0,true
llama_gqa,32,8,128,1,8192,64,11,14,0,head_major_block_first,head_major,block_first,2.704584,-0.359992591274,0,0,true
llama_gqa,32,8,128,1,8192,64,11,14,1,head_major_head_first,head_major,head_first,2.673437,-0.359992591274,0,0,true
llama_gqa,32,8,128,1,8192,64,11,14,2,block_major_block_first,block_major,block_first,2.734559,-0.359992591274,0,0,true
llama_gqa,32,8,128,1,8192,64,11,14,3,block_major_head_first,block_major,head_first,2.905818,-0.359992591274,0,0,true
llama_gqa,32,8,128,1,8192,64,11,15,0,head_major_head_first,head_major,head_first,2.699947,-0.359992591274,0,0,true
llama_gqa,32,8,128,1,8192,64,11,15,1,block_major_block_first,block_major,block_first,2.71521,-0.359992591274,0,0,true
llama_gqa,32,8,128,1,8192,64,11,15,2,head_major_block_first,head_major,block_first,2.712476,-0.359992591274,0,0,true
llama_gqa,32,8,128,1,8192,64,11,15,3,block_major_head_first,block_major,head_first,2.965269,-0.359992591274,0,0,true
llama_gqa,32,8,128,1,8192,64,11,16,0,head_major_head_first,head_major,head_first,2.704234,-0.359992591274,0,0,true
llama_gqa,32,8,128,1,8192,64,11,16,1,head_major_block_first,head_major,block_first,2.701599,-0.359992591274,0,0,true
llama_gqa,32,8,128,1,8192,64,11,16,2,block_major_head_first,block_major,head_first,2.913851,-0.359992591274,0,0,true
llama_gqa,32,8,128,1,8192,64,11,16,3,block_major_block_first,block_major,block_first,2.716392,-0.359992591274,0,0,true
llama_gqa,32,8,128,1,8192,64,11,17,0,head_major_head_first,head_major,head_first,2.696862,-0.359992591274,0,0,true
llama_gqa,32,8,128,1,8192,64,11,17,1,block_major_head_first,block_major,head_first,2.861581,-0.359992591274,0,0,true
llama_gqa,32,8,128,1,8192,64,11,17,2,block_major_block_first,block_major,block_first,2.729422,-0.359992591274,0,0,true
llama_gqa,32,8,128,1,8192,64,11,17,3,head_major_block_first,head_major,block_first,2.759336,-0.359992591274,0,0,true
llama_gqa,32,8,128,1,8192,64,11,18,0,head_major_block_first,head_major,block_first,2.725365,-0.359992591274,0,0,true
llama_gqa,32,8,128,1,8192,64,11,18,1,block_major_head_first,block_major,head_first,2.887531,-0.359992591274,0,0,true
llama_gqa,32,8,128,1,8192,64,11,18,2,block_major_block_first,block_major,block_first,2.696262,-0.359992591274,0,0,true
llama_gqa,32,8,128,1,8192,64,11,18,3,head_major_head_first,head_major,head_first,2.705776,-0.359992591274,0,0,true
llama_gqa,32,8,128,1,8192,64,11,19,0,head_major_block_first,head_major,block_first,2.736713,-0.359992591274,0,0,true
llama_gqa,32,8,128,1,8192,64,11,19,1,block_major_head_first,block_major,head_first,2.905367,-0.359992591274,0,0,true
llama_gqa,32,8,128,1,8192,64,11,19,2,head_major_head_first,head_major,head_first,2.696442,-0.359992591274,0,0,true
llama_gqa,32,8,128,1,8192,64,11,19,3,block_major_block_first,block_major,block_first,2.708429,-0.359992591274,0,0,true
llama_gqa,32,8,128,1,8192,64,29,0,0,head_major_head_first,head_major,head_first,2.686606,-0.39141947912,0,0,true
llama_gqa,32,8,128,1,8192,64,29,0,1,block_major_block_first,block_major,block_first,2.748441,-0.39141947912,0,0,true
llama_gqa,32,8,128,1,8192,64,29,0,2,block_major_head_first,block_major,head_first,2.874502,-0.39141947912,0,0,true
llama_gqa,32,8,128,1,8192,64,29,0,3,head_major_block_first,head_major,block_first,2.800018,-0.39141947912,0,0,true
llama_gqa,32,8,128,1,8192,64,29,1,0,head_major_head_first,head_major,head_first,2.683522,-0.39141947912,0,0,true
llama_gqa,32,8,128,1,8192,64,29,1,1,block_major_head_first,block_major,head_first,2.883194,-0.39141947912,0,0,true
llama_gqa,32,8,128,1,8192,64,29,1,2,head_major_block_first,head_major,block_first,2.72848,-0.39141947912,0,0,true
llama_gqa,32,8,128,1,8192,64,29,1,3,block_major_block_first,block_major,block_first,2.728611,-0.39141947912,0,0,true
llama_gqa,32,8,128,1,8192,64,29,2,0,block_major_block_first,block_major,block_first,2.697543,-0.39141947912,0,0,true
llama_gqa,32,8,128,1,8192,64,29,2,1,block_major_head_first,block_major,head_first,2.824125,-0.39141947912,0,0,true
llama_gqa,32,8,128,1,8192,64,29,2,2,head_major_block_first,head_major,block_first,2.831536,-0.39141947912,0,0,true
llama_gqa,32,8,128,1,8192,64,29,2,3,head_major_head_first,head_major,head_first,2.714178,-0.39141947912,0,0,true
llama_gqa,32,8,128,1,8192,64,29,3,0,block_major_head_first,block_major,head_first,2.909875,-0.39141947912,0,0,true
llama_gqa,32,8,128,1,8192,64,29,3,1,block_major_block_first,block_major,block_first,2.685174,-0.39141947912,0,0,true
llama_gqa,32,8,128,1,8192,64,29,3,2,head_major_block_first,head_major,block_first,2.871757,-0.39141947912,0,0,true
llama_gqa,32,8,128,1,8192,64,29,3,3,head_major_head_first,head_major,head_first,2.712986,-0.39141947912,0,0,true
llama_gqa,32,8,128,1,8192,64,29,4,0,head_major_head_first,head_major,head_first,2.672906,-0.39141947912,0,0,true
llama_gqa,32,8,128,1,8192,64,29,4,1,block_major_block_first,block_major,block_first,2.871867,-0.39141947912,0,0,true
llama_gqa,32,8,128,1,8192,64,29,4,2,block_major_head_first,block_major,head_first,2.773719,-0.39141947912,0,0,true
llama_gqa,32,8,128,1,8192,64,29,4,3,head_major_block_first,head_major,block_first,2.862173,-0.39141947912,0,0,true
llama_gqa,32,8,128,1,8192,64,29,5,0,head_major_head_first,head_major,head_first,2.657763,-0.39141947912,0,0,true
llama_gqa,32,8,128,1,8192,64,29,5,1,block_major_head_first,block_major,head_first,2.981754,-0.39141947912,0,0,true
llama_gqa,32,8,128,1,8192,64,29,5,2,block_major_block_first,block_major,block_first,2.733748,-0.39141947912,0,0,true
llama_gqa,32,8,128,1,8192,64,29,5,3,head_major_block_first,head_major,block_first,2.856133,-0.39141947912,0,0,true
llama_gqa,32,8,128,1,8192,64,29,6,0,block_major_head_first,block_major,head_first,2.829473,-0.39141947912,0,0,true
llama_gqa,32,8,128,1,8192,64,29,6,1,head_major_block_first,head_major,block_first,2.768961,-0.39141947912,0,0,true
llama_gqa,32,8,128,1,8192,64,29,6,2,block_major_block_first,block_major,block_first,2.700538,-0.39141947912,0,0,true
llama_gqa,32,8,128,1,8192,64,29,6,3,head_major_head_first,head_major,head_first,2.706136,-0.39141947912,0,0,true
llama_gqa,32,8,128,1,8192,64,29,7,0,block_major_head_first,block_major,head_first,2.874521,-0.39141947912,0,0,true
llama_gqa,32,8,128,1,8192,64,29,7,1,block_major_block_first,block_major,block_first,2.69547,-0.39141947912,0,0,true
llama_gqa,32,8,128,1,8192,64,29,7,2,head_major_block_first,head_major,block_first,2.777775,-0.39141947912,0,0,true
llama_gqa,32,8,128,1,8192,64,29,7,3,head_major_head_first,head_major,head_first,2.698554,-0.39141947912,0,0,true
llama_gqa,32,8,128,1,8192,64,29,8,0,head_major_block_first,head_major,block_first,2.716592,-0.39141947912,0,0,true
llama_gqa,32,8,128,1,8192,64,29,8,1,block_major_block_first,block_major,block_first,2.841701,-0.39141947912,0,0,true
llama_gqa,32,8,128,1,8192,64,29,8,2,block_major_head_first,block_major,head_first,2.770053,-0.39141947912,0,0,true
llama_gqa,32,8,128,1,8192,64,29,8,3,head_major_head_first,head_major,head_first,2.839028,-0.39141947912,0,0,true
llama_gqa,32,8,128,1,8192,64,29,9,0,head_major_head_first,head_major,head_first,2.667848,-0.39141947912,0,0,true
llama_gqa,32,8,128,1,8192,64,29,9,1,head_major_block_first,head_major,block_first,2.664333,-0.39141947912,0,0,true
llama_gqa,32,8,128,1,8192,64,29,9,2,block_major_block_first,block_major,block_first,2.862373,-0.39141947912,0,0,true
llama_gqa,32,8,128,1,8192,64,29,9,3,block_major_head_first,block_major,head_first,2.804104,-0.39141947912,0,0,true
llama_gqa,32,8,128,1,8192,64,29,10,0,block_major_head_first,block_major,head_first,2.703963,-0.39141947912,0,0,true
llama_gqa,32,8,128,1,8192,64,29,10,1,block_major_block_first,block_major,block_first,2.58309,-0.39141947912,0,0,true
llama_gqa,32,8,128,1,8192,64,29,10,2,head_major_head_first,head_major,head_first,2.842552,-0.39141947912,0,0,true
llama_gqa,32,8,128,1,8192,64,29,10,3,head_major_block_first,head_major,block_first,2.67572,-0.39141947912,0,0,true
llama_gqa,32,8,128,1,8192,64,29,11,0,block_major_head_first,block_major,head_first,2.951548,-0.39141947912,0,0,true
llama_gqa,32,8,128,1,8192,64,29,11,1,head_major_head_first,head_major,head_first,2.797044,-0.39141947912,0,0,true
llama_gqa,32,8,128,1,8192,64,29,11,2,head_major_block_first,head_major,block_first,2.711505,-0.39141947912,0,0,true
llama_gqa,32,8,128,1,8192,64,29,11,3,block_major_block_first,block_major,block_first,2.888723,-0.39141947912,0,0,true
llama_gqa,32,8,128,1,8192,64,29,12,0,head_major_block_first,head_major,block_first,2.714008,-0.39141947912,0,0,true
llama_gqa,32,8,128,1,8192,64,29,12,1,head_major_head_first,head_major,head_first,2.646946,-0.39141947912,0,0,true
llama_gqa,32,8,128,1,8192,64,29,12,2,block_major_block_first,block_major,block_first,2.817294,-0.39141947912,0,0,true
llama_gqa,32,8,128,1,8192,64,29,12,3,block_major_head_first,block_major,head_first,2.938488,-0.39141947912,0,0,true
llama_gqa,32,8,128,1,8192,64,29,13,0,head_major_block_first,head_major,block_first,2.718986,-0.39141947912,0,0,true
llama_gqa,32,8,128,1,8192,64,29,13,1,block_major_head_first,block_major,head_first,2.878557,-0.39141947912,0,0,true
llama_gqa,32,8,128,1,8192,64,29,13,2,head_major_head_first,head_major,head_first,2.690262,-0.39141947912,0,0,true
llama_gqa,32,8,128,1,8192,64,29,13,3,block_major_block_first,block_major,block_first,2.721449,-0.39141947912,0,0,true
llama_gqa,32,8,128,1,8192,64,29,14,0,block_major_head_first,block_major,head_first,2.874992,-0.39141947912,0,0,true
llama_gqa,32,8,128,1,8192,64,29,14,1,head_major_block_first,head_major,block_first,2.747829,-0.39141947912,0,0,true
llama_gqa,32,8,128,1,8192,64,29,14,2,head_major_head_first,head_major,head_first,2.673697,-0.39141947912,0,0,true
llama_gqa,32,8,128,1,8192,64,29,14,3,block_major_block_first,block_major,block_first,2.772126,-0.39141947912,0,0,true
llama_gqa,32,8,128,1,8192,64,29,15,0,block_major_head_first,block_major,head_first,2.888492,-0.39141947912,0,0,true
llama_gqa,32,8,128,1,8192,64,29,15,1,head_major_block_first,head_major,block_first,2.739907,-0.39141947912,0,0,true
llama_gqa,32,8,128,1,8192,64,29,15,2,block_major_block_first,block_major,block_first,2.701288,-0.39141947912,0,0,true
llama_gqa,32,8,128,1,8192,64,29,15,3,head_major_head_first,head_major,head_first,2.70828,-0.39141947912,0,0,true
llama_gqa,32,8,128,1,8192,64,29,16,0,head_major_block_first,head_major,block_first,2.718335,-0.39141947912,0,0,true
llama_gqa,32,8,128,1,8192,64,29,16,1,block_major_block_first,block_major,block_first,2.711555,-0.39141947912,0,0,true
llama_gqa,32,8,128,1,8192,64,29,16,2,block_major_head_first,block_major,head_first,2.875022,-0.39141947912,0,0,true
llama_gqa,32,8,128,1,8192,64,29,16,3,head_major_head_first,head_major,head_first,2.715129,-0.39141947912,0,0,true
llama_gqa,32,8,128,1,8192,64,29,17,0,block_major_block_first,block_major,block_first,2.699577,-0.39141947912,0,0,true
llama_gqa,32,8,128,1,8192,64,29,17,1,block_major_head_first,block_major,head_first,2.854581,-0.39141947912,0,0,true
llama_gqa,32,8,128,1,8192,64,29,17,2,head_major_head_first,head_major,head_first,2.832457,-0.39141947912,0,0,true
llama_gqa,32,8,128,1,8192,64,29,17,3,head_major_block_first,head_major,block_first,2.726377,-0.39141947912,0,0,true
llama_gqa,32,8,128,1,8192,64,29,18,0,head_major_block_first,head_major,block_first,2.719546,-0.39141947912,0,0,true
llama_gqa,32,8,128,1,8192,64,29,18,1,head_major_head_first,head_major,head_first,2.623441,-0.39141947912,0,0,true
llama_gqa,32,8,128,1,8192,64,29,18,2,block_major_head_first,block_major,head_first,2.948182,-0.39141947912,0,0,true
llama_gqa,32,8,128,1,8192,64,29,18,3,block_major_block_first,block_major,block_first,2.693647,-0.39141947912,0,0,true
llama_gqa,32,8,128,1,8192,64,29,19,0,head_major_head_first,head_major,head_first,2.867921,-0.39141947912,0,0,true
llama_gqa,32,8,128,1,8192,64,29,19,1,block_major_head_first,block_major,head_first,2.92662,-0.39141947912,0,0,true
llama_gqa,32,8,128,1,8192,64,29,19,2,head_major_block_first,head_major,block_first,2.714599,-0.39141947912,0,0,true
llama_gqa,32,8,128,1,8192,64,29,19,3,block_major_block_first,block_major,block_first,2.751725,-0.39141947912,0,0,true
llama_gqa,32,8,128,1,8192,64,47,0,0,head_major_block_first,head_major,block_first,2.728149,2.56460858077,0,0,true
llama_gqa,32,8,128,1,8192,64,47,0,1,head_major_head_first,head_major,head_first,2.658194,2.56460858077,0,0,true
llama_gqa,32,8,128,1,8192,64,47,0,2,block_major_block_first,block_major,block_first,2.865207,2.56460858077,0,0,true
llama_gqa,32,8,128,1,8192,64,47,0,3,block_major_head_first,block_major,head_first,2.77477,2.56460858077,0,0,true
llama_gqa,32,8,128,1,8192,64,47,1,0,block_major_head_first,block_major,head_first,2.7017,2.56460858077,0,0,true
llama_gqa,32,8,128,1,8192,64,47,1,1,head_major_head_first,head_major,head_first,2.84746,2.56460858077,0,0,true
llama_gqa,32,8,128,1,8192,64,47,1,2,head_major_block_first,head_major,block_first,2.684523,2.56460858077,0,0,true
llama_gqa,32,8,128,1,8192,64,47,1,3,block_major_block_first,block_major,block_first,2.877936,2.56460858077,0,0,true
llama_gqa,32,8,128,1,8192,64,47,2,0,block_major_block_first,block_major,block_first,2.680327,2.56460858077,0,0,true
llama_gqa,32,8,128,1,8192,64,47,2,1,block_major_head_first,block_major,head_first,2.80743,2.56460858077,0,0,true
llama_gqa,32,8,128,1,8192,64,47,2,2,head_major_head_first,head_major,head_first,2.782081,2.56460858077,0,0,true
llama_gqa,32,8,128,1,8192,64,47,2,3,head_major_block_first,head_major,block_first,2.764935,2.56460858077,0,0,true
llama_gqa,32,8,128,1,8192,64,47,3,0,block_major_head_first,block_major,head_first,2.918167,2.56460858077,0,0,true
llama_gqa,32,8,128,1,8192,64,47,3,1,block_major_block_first,block_major,block_first,2.70215,2.56460858077,0,0,true
llama_gqa,32,8,128,1,8192,64,47,3,2,head_major_block_first,head_major,block_first,2.779217,2.56460858077,0,0,true
llama_gqa,32,8,128,1,8192,64,47,3,3,head_major_head_first,head_major,head_first,2.706326,2.56460858077,0,0,true
llama_gqa,32,8,128,1,8192,64,47,4,0,block_major_head_first,block_major,head_first,2.876915,2.56460858077,0,0,true
llama_gqa,32,8,128,1,8192,64,47,4,1,head_major_head_first,head_major,head_first,2.719006,2.56460858077,0,0,true
llama_gqa,32,8,128,1,8192,64,47,4,2,block_major_block_first,block_major,block_first,2.704824,2.56460858077,0,0,true
llama_gqa,32,8,128,1,8192,64,47,4,3,head_major_block_first,head_major,block_first,2.747429,2.56460858077,0,0,true
llama_gqa,32,8,128,1,8192,64,47,5,0,head_major_block_first,head_major,block_first,2.760188,2.56460858077,0,0,true
llama_gqa,32,8,128,1,8192,64,47,5,1,head_major_head_first,head_major,head_first,2.64219,2.56460858077,0,0,true
llama_gqa,32,8,128,1,8192,64,47,5,2,block_major_block_first,block_major,block_first,2.874051,2.56460858077,0,0,true
llama_gqa,32,8,128,1,8192,64,47,5,3,block_major_head_first,block_major,head_first,2.787609,2.56460858077,0,0,true
llama_gqa,32,8,128,1,8192,64,47,6,0,block_major_head_first,block_major,head_first,2.686797,2.56460858077,0,0,true
llama_gqa,32,8,128,1,8192,64,47,6,1,head_major_block_first,head_major,block_first,2.878176,2.56460858077,0,0,true
llama_gqa,32,8,128,1,8192,64,47,6,2,head_major_head_first,head_major,head_first,2.643972,2.56460858077,0,0,true
llama_gqa,32,8,128,1,8192,64,47,6,3,block_major_block_first,block_major,block_first,2.876845,2.56460858077,0,0,true
llama_gqa,32,8,128,1,8192,64,47,7,0,head_major_block_first,head_major,block_first,2.720127,2.56460858077,0,0,true
llama_gqa,32,8,128,1,8192,64,47,7,1,block_major_head_first,block_major,head_first,2.915002,2.56460858077,0,0,true
llama_gqa,32,8,128,1,8192,64,47,7,2,head_major_head_first,head_major,head_first,2.703783,2.56460858077,0,0,true
llama_gqa,32,8,128,1,8192,64,47,7,3,block_major_block_first,block_major,block_first,2.726006,2.56460858077,0,0,true
llama_gqa,32,8,128,1,8192,64,47,8,0,head_major_block_first,head_major,block_first,2.733979,2.56460858077,0,0,true
llama_gqa,32,8,128,1,8192,64,47,8,1,head_major_head_first,head_major,head_first,2.686015,2.56460858077,0,0,true
llama_gqa,32,8,128,1,8192,64,47,8,2,block_major_block_first,block_major,block_first,2.730353,2.56460858077,0,0,true
llama_gqa,32,8,128,1,8192,64,47,8,3,block_major_head_first,block_major,head_first,2.910435,2.56460858077,0,0,true
llama_gqa,32,8,128,1,8192,64,47,9,0,head_major_block_first,head_major,block_first,2.74853,2.56460858077,0,0,true
llama_gqa,32,8,128,1,8192,64,47,9,1,block_major_block_first,block_major,block_first,2.7156,2.56460858077,0,0,true
llama_gqa,32,8,128,1,8192,64,47,9,2,head_major_head_first,head_major,head_first,2.694679,2.56460858077,0,0,true
llama_gqa,32,8,128,1,8192,64,47,9,3,block_major_head_first,block_major,head_first,2.874001,2.56460858077,0,0,true
llama_gqa,32,8,128,1,8192,64,47,10,0,head_major_head_first,head_major,head_first,2.702781,2.56460858077,0,0,true
llama_gqa,32,8,128,1,8192,64,47,10,1,head_major_block_first,head_major,block_first,2.709932,2.56460858077,0,0,true
llama_gqa,32,8,128,1,8192,64,47,10,2,block_major_block_first,block_major,block_first,2.723052,2.56460858077,0,0,true
llama_gqa,32,8,128,1,8192,64,47,10,3,block_major_head_first,block_major,head_first,2.879238,2.56460858077,0,0,true
llama_gqa,32,8,128,1,8192,64,47,11,0,head_major_head_first,head_major,head_first,2.699657,2.56460858077,0,0,true
llama_gqa,32,8,128,1,8192,64,47,11,1,block_major_head_first,block_major,head_first,2.845687,2.56460858077,0,0,true
llama_gqa,32,8,128,1,8192,64,47,11,2,head_major_block_first,head_major,block_first,2.753578,2.56460858077,0,0,true
llama_gqa,32,8,128,1,8192,64,47,11,3,block_major_block_first,block_major,block_first,2.694359,2.56460858077,0,0,true
llama_gqa,32,8,128,1,8192,64,47,12,0,block_major_head_first,block_major,head_first,2.855322,2.56460858077,0,0,true
llama_gqa,32,8,128,1,8192,64,47,12,1,head_major_head_first,head_major,head_first,2.721039,2.56460858077,0,0,true
llama_gqa,32,8,128,1,8192,64,47,12,2,block_major_block_first,block_major,block_first,2.696872,2.56460858077,0,0,true
llama_gqa,32,8,128,1,8192,64,47,12,3,head_major_block_first,head_major,block_first,2.746537,2.56460858077,0,0,true
llama_gqa,32,8,128,1,8192,64,47,13,0,head_major_block_first,head_major,block_first,2.717894,2.56460858077,0,0,true
llama_gqa,32,8,128,1,8192,64,47,13,1,head_major_head_first,head_major,head_first,2.663231,2.56460858077,0,0,true
llama_gqa,32,8,128,1,8192,64,47,13,2,block_major_head_first,block_major,head_first,2.932339,2.56460858077,0,0,true
llama_gqa,32,8,128,1,8192,64,47,13,3,block_major_block_first,block_major,block_first,2.70887,2.56460858077,0,0,true
llama_gqa,32,8,128,1,8192,64,47,14,0,head_major_block_first,head_major,block_first,2.86028,2.56460858077,0,0,true
llama_gqa,32,8,128,1,8192,64,47,14,1,block_major_block_first,block_major,block_first,2.720468,2.56460858077,0,0,true
llama_gqa,32,8,128,1,8192,64,47,14,2,block_major_head_first,block_major,head_first,2.856514,2.56460858077,0,0,true
llama_gqa,32,8,128,1,8192,64,47,14,3,head_major_head_first,head_major,head_first,2.745456,2.56460858077,0,0,true
llama_gqa,32,8,128,1,8192,64,47,15,0,head_major_head_first,head_major,head_first,2.700738,2.56460858077,0,0,true
llama_gqa,32,8,128,1,8192,64,47,15,1,head_major_block_first,head_major,block_first,2.733728,2.56460858077,0,0,true
llama_gqa,32,8,128,1,8192,64,47,15,2,block_major_block_first,block_major,block_first,2.838517,2.56460858077,0,0,true
llama_gqa,32,8,128,1,8192,64,47,15,3,block_major_head_first,block_major,head_first,2.802091,2.56460858077,0,0,true
llama_gqa,32,8,128,1,8192,64,47,16,0,block_major_block_first,block_major,block_first,2.633937,2.56460858077,0,0,true
llama_gqa,32,8,128,1,8192,64,47,16,1,block_major_head_first,block_major,head_first,2.685214,2.56460858077,0,0,true
llama_gqa,32,8,128,1,8192,64,47,16,2,head_major_head_first,head_major,head_first,2.864225,2.56460858077,0,0,true
llama_gqa,32,8,128,1,8192,64,47,16,3,head_major_block_first,head_major,block_first,2.669962,2.56460858077,0,0,true
llama_gqa,32,8,128,1,8192,64,47,17,0,head_major_head_first,head_major,head_first,2.581318,2.56460858077,0,0,true
llama_gqa,32,8,128,1,8192,64,47,17,1,block_major_head_first,block_major,head_first,2.94696,2.56460858077,0,0,true
llama_gqa,32,8,128,1,8192,64,47,17,2,block_major_block_first,block_major,block_first,2.655299,2.56460858077,0,0,true
llama_gqa,32,8,128,1,8192,64,47,17,3,head_major_block_first,head_major,block_first,2.882353,2.56460858077,0,0,true
llama_gqa,32,8,128,1,8192,64,47,18,0,block_major_head_first,block_major,head_first,2.909064,2.56460858077,0,0,true
llama_gqa,32,8,128,1,8192,64,47,18,1,head_major_head_first,head_major,head_first,2.691795,2.56460858077,0,0,true
llama_gqa,32,8,128,1,8192,64,47,18,2,block_major_block_first,block_major,block_first,2.734338,2.56460858077,0,0,true
llama_gqa,32,8,128,1,8192,64,47,18,3,head_major_block_first,head_major,block_first,2.743032,2.56460858077,0,0,true
llama_gqa,32,8,128,1,8192,64,47,19,0,head_major_head_first,head_major,head_first,2.657392,2.56460858077,0,0,true
llama_gqa,32,8,128,1,8192,64,47,19,1,block_major_block_first,block_major,block_first,2.743733,2.56460858077,0,0,true
llama_gqa,32,8,128,1,8192,64,47,19,2,head_major_block_first,head_major,block_first,2.740288,2.56460858077,0,0,true
llama_gqa,32,8,128,1,8192,64,47,19,3,block_major_head_first,block_major,head_first,2.928683,2.56460858077,0,0,true
llama_gqa,32,8,128,1,16384,64,11,0,0,head_major_head_first,head_major,head_first,5.619827,1.05858455139,0,0,true
llama_gqa,32,8,128,1,16384,64,11,0,1,block_major_block_first,block_major,block_first,5.571023,1.05858455139,0,0,true
llama_gqa,32,8,128,1,16384,64,11,0,2,block_major_head_first,block_major,head_first,5.928524,1.05858455139,0,0,true
llama_gqa,32,8,128,1,16384,64,11,0,3,head_major_block_first,head_major,block_first,5.709993,1.05858455139,0,0,true
llama_gqa,32,8,128,1,16384,64,11,1,0,head_major_block_first,head_major,block_first,5.633648,1.05858455139,0,0,true
llama_gqa,32,8,128,1,16384,64,11,1,1,block_major_head_first,block_major,head_first,5.993582,1.05858455139,0,0,true
llama_gqa,32,8,128,1,16384,64,11,1,2,block_major_block_first,block_major,block_first,5.53643,1.05858455139,0,0,true
llama_gqa,32,8,128,1,16384,64,11,1,3,head_major_head_first,head_major,head_first,5.650002,1.05858455139,0,0,true
llama_gqa,32,8,128,1,16384,64,11,2,0,block_major_block_first,block_major,block_first,5.574929,1.05858455139,0,0,true
llama_gqa,32,8,128,1,16384,64,11,2,1,block_major_head_first,block_major,head_first,5.894873,1.05858455139,0,0,true
llama_gqa,32,8,128,1,16384,64,11,2,2,head_major_block_first,head_major,block_first,5.712768,1.05858455139,0,0,true
llama_gqa,32,8,128,1,16384,64,11,2,3,head_major_head_first,head_major,head_first,5.641079,1.05858455139,0,0,true
llama_gqa,32,8,128,1,16384,64,11,3,0,block_major_head_first,block_major,head_first,5.96541,1.05858455139,0,0,true
llama_gqa,32,8,128,1,16384,64,11,3,1,head_major_block_first,head_major,block_first,5.746178,1.05858455139,0,0,true
llama_gqa,32,8,128,1,16384,64,11,3,2,block_major_block_first,block_major,block_first,5.564202,1.05858455139,0,0,true
llama_gqa,32,8,128,1,16384,64,11,3,3,head_major_head_first,head_major,head_first,5.636932,1.05858455139,0,0,true
llama_gqa,32,8,128,1,16384,64,11,4,0,block_major_block_first,block_major,block_first,5.553036,1.05858455139,0,0,true
llama_gqa,32,8,128,1,16384,64,11,4,1,head_major_block_first,head_major,block_first,5.69522,1.05858455139,0,0,true
llama_gqa,32,8,128,1,16384,64,11,4,2,block_major_head_first,block_major,head_first,5.954192,1.05858455139,0,0,true
llama_gqa,32,8,128,1,16384,64,11,4,3,head_major_head_first,head_major,head_first,5.647068,1.05858455139,0,0,true
llama_gqa,32,8,128,1,16384,64,11,5,0,head_major_head_first,head_major,head_first,5.550482,1.05858455139,0,0,true
llama_gqa,32,8,128,1,16384,64,11,5,1,block_major_head_first,block_major,head_first,5.988435,1.05858455139,0,0,true
llama_gqa,32,8,128,1,16384,64,11,5,2,head_major_block_first,head_major,block_first,5.636662,1.05858455139,0,0,true
llama_gqa,32,8,128,1,16384,64,11,5,3,block_major_block_first,block_major,block_first,5.670223,1.05858455139,0,0,true
llama_gqa,32,8,128,1,16384,64,11,6,0,head_major_head_first,head_major,head_first,5.553406,1.05858455139,0,0,true
llama_gqa,32,8,128,1,16384,64,11,6,1,block_major_head_first,block_major,head_first,5.971479,1.05858455139,0,0,true
llama_gqa,32,8,128,1,16384,64,11,6,2,head_major_block_first,head_major,block_first,5.654298,1.05858455139,0,0,true
llama_gqa,32,8,128,1,16384,64,11,6,3,block_major_block_first,block_major,block_first,5.568809,1.05858455139,0,0,true
llama_gqa,32,8,128,1,16384,64,11,7,0,block_major_head_first,block_major,head_first,5.910046,1.05858455139,0,0,true
llama_gqa,32,8,128,1,16384,64,11,7,1,head_major_head_first,head_major,head_first,5.64237,1.05858455139,0,0,true
llama_gqa,32,8,128,1,16384,64,11,7,2,head_major_block_first,head_major,block_first,5.689713,1.05858455139,0,0,true
llama_gqa,32,8,128,1,16384,64,11,7,3,block_major_block_first,block_major,block_first,5.752267,1.05858455139,0,0,true
llama_gqa,32,8,128,1,16384,64,11,8,0,head_major_block_first,head_major,block_first,5.623091,1.05858455139,0,0,true
llama_gqa,32,8,128,1,16384,64,11,8,1,block_major_block_first,block_major,block_first,5.617643,1.05858455139,0,0,true
llama_gqa,32,8,128,1,16384,64,11,8,2,block_major_head_first,block_major,head_first,6.012641,1.05858455139,0,0,true
llama_gqa,32,8,128,1,16384,64,11,8,3,head_major_head_first,head_major,head_first,5.724905,1.05858455139,0,0,true
llama_gqa,32,8,128,1,16384,64,11,9,0,block_major_head_first,block_major,head_first,5.85992,1.05858455139,0,0,true
llama_gqa,32,8,128,1,16384,64,11,9,1,block_major_block_first,block_major,block_first,5.511883,1.05858455139,0,0,true
llama_gqa,32,8,128,1,16384,64,11,9,2,head_major_block_first,head_major,block_first,5.736253,1.05858455139,0,0,true
llama_gqa,32,8,128,1,16384,64,11,9,3,head_major_head_first,head_major,head_first,5.654869,1.05858455139,0,0,true
llama_gqa,32,8,128,1,16384,64,11,10,0,head_major_block_first,head_major,block_first,5.655491,1.05858455139,0,0,true
llama_gqa,32,8,128,1,16384,64,11,10,1,block_major_head_first,block_major,head_first,5.95849,1.05858455139,0,0,true
llama_gqa,32,8,128,1,16384,64,11,10,2,head_major_head_first,head_major,head_first,5.750335,1.05858455139,0,0,true
llama_gqa,32,8,128,1,16384,64,11,10,3,block_major_block_first,block_major,block_first,5.630413,1.05858455139,0,0,true
llama_gqa,32,8,128,1,16384,64,11,11,0,block_major_head_first,block_major,head_first,5.829654,1.05858455139,0,0,true
llama_gqa,32,8,128,1,16384,64,11,11,1,block_major_block_first,block_major,block_first,5.477561,1.05858455139,0,0,true
llama_gqa,32,8,128,1,16384,64,11,11,2,head_major_head_first,head_major,head_first,5.696142,1.05858455139,0,0,true
llama_gqa,32,8,128,1,16384,64,11,11,3,head_major_block_first,head_major,block_first,5.696753,1.05858455139,0,0,true
llama_gqa,32,8,128,1,16384,64,11,12,0,head_major_head_first,head_major,head_first,5.573607,1.05858455139,0,0,true
llama_gqa,32,8,128,1,16384,64,11,12,1,block_major_head_first,block_major,head_first,6.060684,1.05858455139,0,0,true
llama_gqa,32,8,128,1,16384,64,11,12,2,head_major_block_first,head_major,block_first,5.695711,1.05858455139,0,0,true
llama_gqa,32,8,128,1,16384,64,11,12,3,block_major_block_first,block_major,block_first,5.586216,1.05858455139,0,0,true
llama_gqa,32,8,128,1,16384,64,11,13,0,block_major_block_first,block_major,block_first,5.493445,1.05858455139,0,0,true
llama_gqa,32,8,128,1,16384,64,11,13,1,block_major_head_first,block_major,head_first,5.883696,1.05858455139,0,0,true
llama_gqa,32,8,128,1,16384,64,11,13,2,head_major_block_first,head_major,block_first,5.735462,1.05858455139,0,0,true
llama_gqa,32,8,128,1,16384,64,11,13,3,head_major_head_first,head_major,head_first,5.618866,1.05858455139,0,0,true
llama_gqa,32,8,128,1,16384,64,11,14,0,head_major_block_first,head_major,block_first,5.726828,1.05858455139,0,0,true
llama_gqa,32,8,128,1,16384,64,11,14,1,block_major_head_first,block_major,head_first,5.96567,1.05858455139,0,0,true
llama_gqa,32,8,128,1,16384,64,11,14,2,block_major_block_first,block_major,block_first,5.647138,1.05858455139,0,0,true
llama_gqa,32,8,128,1,16384,64,11,14,3,head_major_head_first,head_major,head_first,5.736172,1.05858455139,0,0,true
llama_gqa,32,8,128,1,16384,64,11,15,0,block_major_block_first,block_major,block_first,5.700369,1.05858455139,0,0,true
llama_gqa,32,8,128,1,16384,64,11,15,1,head_major_block_first,head_major,block_first,5.58249,1.05858455139,0,0,true
llama_gqa,32,8,128,1,16384,64,11,15,2,head_major_head_first,head_major,head_first,5.465132,1.05858455139,0,0,true
llama_gqa,32,8,128,1,16384,64,11,15,3,block_major_head_first,block_major,head_first,6.142407,1.05858455139,0,0,true
llama_gqa,32,8,128,1,16384,64,11,16,0,head_major_block_first,head_major,block_first,5.625545,1.05858455139,0,0,true
llama_gqa,32,8,128,1,16384,64,11,16,1,block_major_block_first,block_major,block_first,5.621309,1.05858455139,0,0,true
llama_gqa,32,8,128,1,16384,64,11,16,2,block_major_head_first,block_major,head_first,5.937628,1.05858455139,0,0,true
llama_gqa,32,8,128,1,16384,64,11,16,3,head_major_head_first,head_major,head_first,5.640618,1.05858455139,0,0,true
llama_gqa,32,8,128,1,16384,64,11,17,0,block_major_head_first,block_major,head_first,5.889675,1.05858455139,0,0,true
llama_gqa,32,8,128,1,16384,64,11,17,1,head_major_head_first,head_major,head_first,5.640297,1.05858455139,0,0,true
llama_gqa,32,8,128,1,16384,64,11,17,2,block_major_block_first,block_major,block_first,5.552705,1.05858455139,0,0,true
llama_gqa,32,8,128,1,16384,64,11,17,3,head_major_block_first,head_major,block_first,5.646117,1.05858455139,0,0,true
llama_gqa,32,8,128,1,16384,64,11,18,0,head_major_head_first,head_major,head_first,5.597302,1.05858455139,0,0,true
llama_gqa,32,8,128,1,16384,64,11,18,1,head_major_block_first,head_major,block_first,5.600106,1.05858455139,0,0,true
llama_gqa,32,8,128,1,16384,64,11,18,2,block_major_block_first,block_major,block_first,5.788241,1.05858455139,0,0,true
llama_gqa,32,8,128,1,16384,64,11,18,3,block_major_head_first,block_major,head_first,6.001043,1.05858455139,0,0,true
llama_gqa,32,8,128,1,16384,64,11,19,0,block_major_block_first,block_major,block_first,5.618134,1.05858455139,0,0,true
llama_gqa,32,8,128,1,16384,64,11,19,1,head_major_block_first,head_major,block_first,5.791256,1.05858455139,0,0,true
llama_gqa,32,8,128,1,16384,64,11,19,2,block_major_head_first,block_major,head_first,6.118801,1.05858455139,0,0,true
llama_gqa,32,8,128,1,16384,64,11,19,3,head_major_head_first,head_major,head_first,5.616392,1.05858455139,0,0,true
llama_gqa,32,8,128,1,16384,64,29,0,0,head_major_head_first,head_major,head_first,5.600838,-1.80729857846,0,0,true
llama_gqa,32,8,128,1,16384,64,29,0,1,block_major_head_first,block_major,head_first,5.936005,-1.80729857846,0,0,true
llama_gqa,32,8,128,1,16384,64,29,0,2,head_major_block_first,head_major,block_first,5.649992,-1.80729857846,0,0,true
llama_gqa,32,8,128,1,16384,64,29,0,3,block_major_block_first,block_major,block_first,5.613787,-1.80729857846,0,0,true
llama_gqa,32,8,128,1,16384,64,29,1,0,head_major_block_first,head_major,block_first,5.624453,-1.80729857846,0,0,true
llama_gqa,32,8,128,1,16384,64,29,1,1,block_major_head_first,block_major,head_first,5.953692,-1.80729857846,0,0,true
llama_gqa,32,8,128,1,16384,64,29,1,2,head_major_head_first,head_major,head_first,5.605425,-1.80729857846,0,0,true
llama_gqa,32,8,128,1,16384,64,29,1,3,block_major_block_first,block_major,block_first,5.590672,-1.80729857846,0,0,true
llama_gqa,32,8,128,1,16384,64,29,2,0,head_major_head_first,head_major,head_first,5.581308,-1.80729857846,0,0,true
llama_gqa,32,8,128,1,16384,64,29,2,1,block_major_block_first,block_major,block_first,5.568919,-1.80729857846,0,0,true
llama_gqa,32,8,128,1,16384,64,29,2,2,head_major_block_first,head_major,block_first,5.631003,-1.80729857846,0,0,true
llama_gqa,32,8,128,1,16384,64,29,2,3,block_major_head_first,block_major,head_first,5.97871,-1.80729857846,0,0,true
llama_gqa,32,8,128,1,16384,64,29,3,0,block_major_head_first,block_major,head_first,5.829444,-1.80729857846,0,0,true
llama_gqa,32,8,128,1,16384,64,29,3,1,block_major_block_first,block_major,block_first,5.485333,-1.80729857846,0,0,true
llama_gqa,32,8,128,1,16384,64,29,3,2,head_major_head_first,head_major,head_first,5.700759,-1.80729857846,0,0,true
llama_gqa,32,8,128,1,16384,64,29,3,3,head_major_block_first,head_major,block_first,5.730113,-1.80729857846,0,0,true
llama_gqa,32,8,128,1,16384,64,29,4,0,head_major_block_first,head_major,block_first,5.75366,-1.80729857846,0,0,true
llama_gqa,32,8,128,1,16384,64,29,4,1,head_major_head_first,head_major,head_first,5.582129,-1.80729857846,0,0,true
llama_gqa,32,8,128,1,16384,64,29,4,2,block_major_block_first,block_major,block_first,5.775132,-1.80729857846,0,0,true
llama_gqa,32,8,128,1,16384,64,29,4,3,block_major_head_first,block_major,head_first,5.823515,-1.80729857846,0,0,true
llama_gqa,32,8,128,1,16384,64,29,5,0,head_major_head_first,head_major,head_first,5.735932,-1.80729857846,0,0,true
llama_gqa,32,8,128,1,16384,64,29,5,1,head_major_block_first,head_major,block_first,5.643102,-1.80729857846,0,0,true
llama_gqa,32,8,128,1,16384,64,29,5,2,block_major_head_first,block_major,head_first,5.969145,-1.80729857846,0,0,true
llama_gqa,32,8,128,1,16384,64,29,5,3,block_major_block_first,block_major,block_first,5.625105,-1.80729857846,0,0,true
llama_gqa,32,8,128,1,16384,64,29,6,0,block_major_head_first,block_major,head_first,5.769132,-1.80729857846,0,0,true
llama_gqa,32,8,128,1,16384,64,29,6,1,block_major_block_first,block_major,block_first,5.572204,-1.80729857846,0,0,true
llama_gqa,32,8,128,1,16384,64,29,6,2,head_major_block_first,head_major,block_first,5.798027,-1.80729857846,0,0,true
llama_gqa,32,8,128,1,16384,64,29,6,3,head_major_head_first,head_major,head_first,5.674619,-1.80729857846,0,0,true
llama_gqa,32,8,128,1,16384,64,29,7,0,head_major_head_first,head_major,head_first,5.686768,-1.80729857846,0,0,true
llama_gqa,32,8,128,1,16384,64,29,7,1,block_major_block_first,block_major,block_first,5.773649,-1.80729857846,0,0,true
llama_gqa,32,8,128,1,16384,64,29,7,2,block_major_head_first,block_major,head_first,5.835233,-1.80729857846,0,0,true
llama_gqa,32,8,128,1,16384,64,29,7,3,head_major_block_first,head_major,block_first,5.808743,-1.80729857846,0,0,true
llama_gqa,32,8,128,1,16384,64,29,8,0,head_major_head_first,head_major,head_first,5.584824,-1.80729857846,0,0,true
llama_gqa,32,8,128,1,16384,64,29,8,1,block_major_head_first,block_major,head_first,5.952721,-1.80729857846,0,0,true
llama_gqa,32,8,128,1,16384,64,29,8,2,block_major_block_first,block_major,block_first,5.630973,-1.80729857846,0,0,true
llama_gqa,32,8,128,1,16384,64,29,8,3,head_major_block_first,head_major,block_first,5.802233,-1.80729857846,0,0,true
llama_gqa,32,8,128,1,16384,64,29,9,0,head_major_head_first,head_major,head_first,5.575139,-1.80729857846,0,0,true
llama_gqa,32,8,128,1,16384,64,29,9,1,block_major_head_first,block_major,head_first,5.948994,-1.80729857846,0,0,true
llama_gqa,32,8,128,1,16384,64,29,9,2,head_major_block_first,head_major,block_first,5.79411,-1.80729857846,0,0,true
llama_gqa,32,8,128,1,16384,64,29,9,3,block_major_block_first,block_major,block_first,5.678355,-1.80729857846,0,0,true
llama_gqa,32,8,128,1,16384,64,29,10,0,head_major_block_first,head_major,block_first,5.611183,-1.80729857846,0,0,true
llama_gqa,32,8,128,1,16384,64,29,10,1,block_major_block_first,block_major,block_first,5.62194,-1.80729857846,0,0,true
llama_gqa,32,8,128,1,16384,64,29,10,2,head_major_head_first,head_major,head_first,5.525864,-1.80729857846,0,0,true
llama_gqa,32,8,128,1,16384,64,29,10,3,block_major_head_first,block_major,head_first,6.061956,-1.80729857846,0,0,true
llama_gqa,32,8,128,1,16384,64,29,11,0,block_major_block_first,block_major,block_first,5.589791,-1.80729857846,0,0,true
llama_gqa,32,8,128,1,16384,64,29,11,1,head_major_block_first,head_major,block_first,5.695801,-1.80729857846,0,0,true
llama_gqa,32,8,128,1,16384,64,29,11,2,head_major_head_first,head_major,head_first,5.55599,-1.80729857846,0,0,true
llama_gqa,32,8,128,1,16384,64,29,11,3,block_major_head_first,block_major,head_first,5.994694,-1.80729857846,0,0,true
llama_gqa,32,8,128,1,16384,64,29,12,0,head_major_block_first,head_major,block_first,5.652276,-1.80729857846,0,0,true
llama_gqa,32,8,128,1,16384,64,29,12,1,head_major_head_first,head_major,head_first,5.535409,-1.80729857846,0,0,true
llama_gqa,32,8,128,1,16384,64,29,12,2,block_major_head_first,block_major,head_first,6.007583,-1.80729857846,0,0,true
llama_gqa,32,8,128,1,16384,64,29,12,3,block_major_block_first,block_major,block_first,5.565665,-1.80729857846,0,0,true
llama_gqa,32,8,128,1,16384,64,29,13,0,head_major_block_first,head_major,block_first,5.677133,-1.80729857846,0,0,true
llama_gqa,32,8,128,1,16384,64,29,13,1,block_major_block_first,block_major,block_first,5.582691,-1.80729857846,0,0,true
llama_gqa,32,8,128,1,16384,64,29,13,2,head_major_head_first,head_major,head_first,5.599445,-1.80729857846,0,0,true
llama_gqa,32,8,128,1,16384,64,29,13,3,block_major_head_first,block_major,head_first,5.949917,-1.80729857846,0,0,true
llama_gqa,32,8,128,1,16384,64,29,14,0,head_major_block_first,head_major,block_first,5.683493,-1.80729857846,0,0,true
llama_gqa,32,8,128,1,16384,64,29,14,1,block_major_head_first,block_major,head_first,5.901433,-1.80729857846,0,0,true
llama_gqa,32,8,128,1,16384,64,29,14,2,block_major_block_first,block_major,block_first,5.544653,-1.80729857846,0,0,true
llama_gqa,32,8,128,1,16384,64,29,14,3,head_major_head_first,head_major,head_first,5.659677,-1.80729857846,0,0,true
llama_gqa,32,8,128,1,16384,64,29,15,0,block_major_block_first,block_major,block_first,5.546976,-1.80729857846,0,0,true
llama_gqa,32,8,128,1,16384,64,29,15,1,block_major_head_first,block_major,head_first,5.87941,-1.80729857846,0,0,true
llama_gqa,32,8,128,1,16384,64,29,15,2,head_major_block_first,head_major,block_first,5.731395,-1.80729857846,0,0,true
llama_gqa,32,8,128,1,16384,64,29,15,3,head_major_head_first,head_major,head_first,5.667328,-1.80729857846,0,0,true
llama_gqa,32,8,128,1,16384,64,29,16,0,head_major_head_first,head_major,head_first,5.653808,-1.80729857846,0,0,true
llama_gqa,32,8,128,1,16384,64,29,16,1,block_major_head_first,block_major,head_first,5.950217,-1.80729857846,0,0,true
llama_gqa,32,8,128,1,16384,64,29,16,2,head_major_block_first,head_major,block_first,5.790195,-1.80729857846,0,0,true
llama_gqa,32,8,128,1,16384,64,29,16,3,block_major_block_first,block_major,block_first,5.719528,-1.80729857846,0,0,true
llama_gqa,32,8,128,1,16384,64,29,17,0,head_major_block_first,head_major,block_first,5.558574,-1.80729857846,0,0,true
llama_gqa,32,8,128,1,16384,64,29,17,1,block_major_head_first,block_major,head_first,6.149569,-1.80729857846,0,0,true
llama_gqa,32,8,128,1,16384,64,29,17,2,head_major_head_first,head_major,head_first,5.58276,-1.80729857846,0,0,true
llama_gqa,32,8,128,1,16384,64,29,17,3,block_major_block_first,block_major,block_first,5.623452,-1.80729857846,0,0,true
llama_gqa,32,8,128,1,16384,64,29,18,0,block_major_block_first,block_major,block_first,5.550221,-1.80729857846,0,0,true
llama_gqa,32,8,128,1,16384,64,29,18,1,head_major_block_first,head_major,block_first,5.625235,-1.80729857846,0,0,true
llama_gqa,32,8,128,1,16384,64,29,18,2,head_major_head_first,head_major,head_first,5.558864,-1.80729857846,0,0,true
llama_gqa,32,8,128,1,16384,64,29,18,3,block_major_head_first,block_major,head_first,6.083588,-1.80729857846,0,0,true
llama_gqa,32,8,128,1,16384,64,29,19,0,head_major_head_first,head_major,head_first,5.585895,-1.80729857846,0,0,true
llama_gqa,32,8,128,1,16384,64,29,19,1,head_major_block_first,head_major,block_first,5.619976,-1.80729857846,0,0,true
llama_gqa,32,8,128,1,16384,64,29,19,2,block_major_block_first,block_major,block_first,5.709562,-1.80729857846,0,0,true
llama_gqa,32,8,128,1,16384,64,29,19,3,block_major_head_first,block_major,head_first,5.95942,-1.80729857846,0,0,true
llama_gqa,32,8,128,1,16384,64,47,0,0,block_major_block_first,block_major,block_first,5.75458,1.7887766766,0,0,true
llama_gqa,32,8,128,1,16384,64,47,0,1,head_major_block_first,head_major,block_first,5.624523,1.7887766766,0,0,true
llama_gqa,32,8,128,1,16384,64,47,0,2,block_major_head_first,block_major,head_first,6.066323,1.7887766766,0,0,true
llama_gqa,32,8,128,1,16384,64,47,0,3,head_major_head_first,head_major,head_first,5.618985,1.7887766766,0,0,true
llama_gqa,32,8,128,1,16384,64,47,1,0,block_major_head_first,block_major,head_first,5.921543,1.7887766766,0,0,true
llama_gqa,32,8,128,1,16384,64,47,1,1,head_major_head_first,head_major,head_first,5.631874,1.7887766766,0,0,true
llama_gqa,32,8,128,1,16384,64,47,1,2,head_major_block_first,head_major,block_first,5.664204,1.7887766766,0,0,true
llama_gqa,32,8,128,1,16384,64,47,1,3,block_major_block_first,block_major,block_first,5.769103,1.7887766766,0,0,true
llama_gqa,32,8,128,1,16384,64,47,2,0,head_major_head_first,head_major,head_first,5.626457,1.7887766766,0,0,true
llama_gqa,32,8,128,1,16384,64,47,2,1,block_major_block_first,block_major,block_first,5.646707,1.7887766766,0,0,true
llama_gqa,32,8,128,1,16384,64,47,2,2,block_major_head_first,block_major,head_first,6.019802,1.7887766766,0,0,true
llama_gqa,32,8,128,1,16384,64,47,2,3,head_major_block_first,head_major,block_first,5.749192,1.7887766766,0,0,true
llama_gqa,32,8,128,1,16384,64,47,3,0,block_major_head_first,block_major,head_first,5.95192,1.7887766766,0,0,true
llama_gqa,32,8,128,1,16384,64,47,3,1,block_major_block_first,block_major,block_first,5.523441,1.7887766766,0,0,true
llama_gqa,32,8,128,1,16384,64,47,3,2,head_major_block_first,head_major,block_first,5.765247,1.7887766766,0,0,true
llama_gqa,32,8,128,1,16384,64,47,3,3,head_major_head_first,head_major,head_first,5.646096,1.7887766766,0,0,true
llama_gqa,32,8,128,1,16384,64,47,4,0,block_major_block_first,block_major,block_first,5.743945,1.7887766766,0,0,true
llama_gqa,32,8,128,1,16384,64,47,4,1,head_major_head_first,head_major,head_first,5.536821,1.7887766766,0,0,true
llama_gqa,32,8,128,1,16384,64,47,4,2,head_major_block_first,head_major,block_first,5.499544,1.7887766766,0,0,true
llama_gqa,32,8,128,1,16384,64,47,4,3,block_major_head_first,block_major,head_first,6.213125,1.7887766766,0,0,true
llama_gqa,32,8,128,1,16384,64,47,5,0,head_major_head_first,head_major,head_first,5.588158,1.7887766766,0,0,true
llama_gqa,32,8,128,1,16384,64,47,5,1,block_major_block_first,block_major,block_first,5.635921,1.7887766766,0,0,true
llama_gqa,32,8,128,1,16384,64,47,5,2,block_major_head_first,block_major,head_first,5.964338,1.7887766766,0,0,true
llama_gqa,32,8,128,1,16384,64,47,5,3,head_major_block_first,head_major,block_first,5.684865,1.7887766766,0,0,true
llama_gqa,32,8,128,1,16384,64,47,6,0,block_major_block_first,block_major,block_first,5.577903,1.7887766766,0,0,true
llama_gqa,32,8,128,1,16384,64,47,6,1,block_major_head_first,block_major,head_first,5.9124,1.7887766766,0,0,true
llama_gqa,32,8,128,1,16384,64,47,6,2,head_major_block_first,head_major,block_first,5.723954,1.7887766766,0,0,true
llama_gqa,32,8,128,1,16384,64,47,6,3,head_major_head_first,head_major,head_first,5.630613,1.7887766766,0,0,true
llama_gqa,32,8,128,1,16384,64,47,7,0,head_major_head_first,head_major,head_first,5.648671,1.7887766766,0,0,true
llama_gqa,32,8,128,1,16384,64,47,7,1,block_major_block_first,block_major,block_first,5.771877,1.7887766766,0,0,true
llama_gqa,32,8,128,1,16384,64,47,7,2,head_major_block_first,head_major,block_first,5.711896,1.7887766766,0,0,true
llama_gqa,32,8,128,1,16384,64,47,7,3,block_major_head_first,block_major,head_first,5.987483,1.7887766766,0,0,true
llama_gqa,32,8,128,1,16384,64,47,8,0,block_major_block_first,block_major,block_first,5.524142,1.7887766766,0,0,true
llama_gqa,32,8,128,1,16384,64,47,8,1,head_major_block_first,head_major,block_first,5.744074,1.7887766766,0,0,true
llama_gqa,32,8,128,1,16384,64,47,8,2,head_major_head_first,head_major,head_first,5.640939,1.7887766766,0,0,true
llama_gqa,32,8,128,1,16384,64,47,8,3,block_major_head_first,block_major,head_first,6.082527,1.7887766766,0,0,true
llama_gqa,32,8,128,1,16384,64,47,9,0,block_major_head_first,block_major,head_first,5.786689,1.7887766766,0,0,true
llama_gqa,32,8,128,1,16384,64,47,9,1,head_major_block_first,head_major,block_first,5.731325,1.7887766766,0,0,true
llama_gqa,32,8,128,1,16384,64,47,9,2,head_major_head_first,head_major,head_first,5.637964,1.7887766766,0,0,true
llama_gqa,32,8,128,1,16384,64,47,9,3,block_major_block_first,block_major,block_first,5.752287,1.7887766766,0,0,true
llama_gqa,32,8,128,1,16384,64,47,10,0,head_major_block_first,head_major,block_first,5.578003,1.7887766766,0,0,true
llama_gqa,32,8,128,1,16384,64,47,10,1,head_major_head_first,head_major,head_first,5.473324,1.7887766766,0,0,true
llama_gqa,32,8,128,1,16384,64,47,10,2,block_major_block_first,block_major,block_first,5.82721,1.7887766766,0,0,true
llama_gqa,32,8,128,1,16384,64,47,10,3,block_major_head_first,block_major,head_first,6.097189,1.7887766766,0,0,true
llama_gqa,32,8,128,1,16384,64,47,11,0,block_major_block_first,block_major,block_first,5.567627,1.7887766766,0,0,true
llama_gqa,32,8,128,1,16384,64,47,11,1,head_major_block_first,head_major,block_first,5.716403,1.7887766766,0,0,true
llama_gqa,32,8,128,1,16384,64,47,11,2,head_major_head_first,head_major,head_first,5.644624,1.7887766766,0,0,true
llama_gqa,32,8,128,1,16384,64,47,11,3,block_major_head_first,block_major,head_first,6.08445,1.7887766766,0,0,true
llama_gqa,32,8,128,1,16384,64,47,12,0,block_major_head_first,block_major,head_first,5.792899,1.7887766766,0,0,true
llama_gqa,32,8,128,1,16384,64,47,12,1,head_major_block_first,head_major,block_first,5.725907,1.7887766766,0,0,true
llama_gqa,32,8,128,1,16384,64,47,12,2,head_major_head_first,head_major,head_first,5.653487,1.7887766766,0,0,true
llama_gqa,32,8,128,1,16384,64,47,12,3,block_major_block_first,block_major,block_first,5.785097,1.7887766766,0,0,true
llama_gqa,32,8,128,1,16384,64,47,13,0,head_major_head_first,head_major,head_first,5.662702,1.7887766766,0,0,true
llama_gqa,32,8,128,1,16384,64,47,13,1,block_major_block_first,block_major,block_first,5.539465,1.7887766766,0,0,true
llama_gqa,32,8,128,1,16384,64,47,13,2,block_major_head_first,block_major,head_first,6.014755,1.7887766766,0,0,true
llama_gqa,32,8,128,1,16384,64,47,13,3,head_major_block_first,head_major,block_first,5.746689,1.7887766766,0,0,true
llama_gqa,32,8,128,1,16384,64,47,14,0,block_major_block_first,block_major,block_first,5.53658,1.7887766766,0,0,true
llama_gqa,32,8,128,1,16384,64,47,14,1,block_major_head_first,block_major,head_first,5.946882,1.7887766766,0,0,true
llama_gqa,32,8,128,1,16384,64,47,14,2,head_major_block_first,head_major,block_first,5.743704,1.7887766766,0,0,true
llama_gqa,32,8,128,1,16384,64,47,14,3,head_major_head_first,head_major,head_first,5.634909,1.7887766766,0,0,true
llama_gqa,32,8,128,1,16384,64,47,15,0,head_major_head_first,head_major,head_first,5.666607,1.7887766766,0,0,true
llama_gqa,32,8,128,1,16384,64,47,15,1,head_major_block_first,head_major,block_first,5.57628,1.7887766766,0,0,true
llama_gqa,32,8,128,1,16384,64,47,15,2,block_major_head_first,block_major,head_first,6.175677,1.7887766766,0,0,true
llama_gqa,32,8,128,1,16384,64,47,15,3,block_major_block_first,block_major,block_first,5.669852,1.7887766766,0,0,true
llama_gqa,32,8,128,1,16384,64,47,16,0,head_major_block_first,head_major,block_first,5.777926,1.7887766766,0,0,true
llama_gqa,32,8,128,1,16384,64,47,16,1,block_major_block_first,block_major,block_first,5.812448,1.7887766766,0,0,true
llama_gqa,32,8,128,1,16384,64,47,16,2,head_major_head_first,head_major,head_first,5.58922,1.7887766766,0,0,true
llama_gqa,32,8,128,1,16384,64,47,16,3,block_major_head_first,block_major,head_first,6.069967,1.7887766766,0,0,true
llama_gqa,32,8,128,1,16384,64,47,17,0,block_major_block_first,block_major,block_first,5.54915,1.7887766766,0,0,true
llama_gqa,32,8,128,1,16384,64,47,17,1,head_major_head_first,head_major,head_first,5.666136,1.7887766766,0,0,true
llama_gqa,32,8,128,1,16384,64,47,17,2,head_major_block_first,head_major,block_first,5.665396,1.7887766766,0,0,true
llama_gqa,32,8,128,1,16384,64,47,17,3,block_major_head_first,block_major,head_first,6.090689,1.7887766766,0,0,true
llama_gqa,32,8,128,1,16384,64,47,18,0,head_major_block_first,head_major,block_first,5.674319,1.7887766766,0,0,true
llama_gqa,32,8,128,1,16384,64,47,18,1,head_major_head_first,head_major,head_first,5.556991,1.7887766766,0,0,true
llama_gqa,32,8,128,1,16384,64,47,18,2,block_major_head_first,block_major,head_first,5.961033,1.7887766766,0,0,true
llama_gqa,32,8,128,1,16384,64,47,18,3,block_major_block_first,block_major,block_first,5.586827,1.7887766766,0,0,true
llama_gqa,32,8,128,1,16384,64,47,19,0,block_major_block_first,block_major,block_first,5.572155,1.7887766766,0,0,true
llama_gqa,32,8,128,1,16384,64,47,19,1,head_major_block_first,head_major,block_first,5.763433,1.7887766766,0,0,true
llama_gqa,32,8,128,1,16384,64,47,19,2,block_major_head_first,block_major,head_first,5.871678,1.7887766766,0,0,true
llama_gqa,32,8,128,1,16384,64,47,19,3,head_major_head_first,head_major,head_first,5.66169,1.7887766766,0,0,true
llama_gqa,32,8,128,4,512,64,11,0,0,block_major_block_first,block_major,block_first,0.59454,13.0418069913,0,0,true
llama_gqa,32,8,128,4,512,64,11,0,1,head_major_head_first,head_major,head_first,0.606648,13.0418069913,0,0,true
llama_gqa,32,8,128,4,512,64,11,0,2,head_major_block_first,head_major,block_first,0.597885,13.0418069913,0,0,true
llama_gqa,32,8,128,4,512,64,11,0,3,block_major_head_first,block_major,head_first,0.600128,13.0418069913,0,0,true
llama_gqa,32,8,128,4,512,64,11,1,0,block_major_block_first,block_major,block_first,0.590334,13.0418069913,0,0,true
llama_gqa,32,8,128,4,512,64,11,1,1,head_major_head_first,head_major,head_first,0.600509,13.0418069913,0,0,true
llama_gqa,32,8,128,4,512,64,11,1,2,head_major_block_first,head_major,block_first,0.596743,13.0418069913,0,0,true
llama_gqa,32,8,128,4,512,64,11,1,3,block_major_head_first,block_major,head_first,0.604876,13.0418069913,0,0,true
llama_gqa,32,8,128,4,512,64,11,2,0,head_major_head_first,head_major,head_first,0.597675,13.0418069913,0,0,true
llama_gqa,32,8,128,4,512,64,11,2,1,block_major_block_first,block_major,block_first,0.592938,13.0418069913,0,0,true
llama_gqa,32,8,128,4,512,64,11,2,2,block_major_head_first,block_major,head_first,0.591796,13.0418069913,0,0,true
llama_gqa,32,8,128,4,512,64,11,2,3,head_major_block_first,head_major,block_first,0.603263,13.0418069913,0,0,true
llama_gqa,32,8,128,4,512,64,11,3,0,head_major_head_first,head_major,head_first,0.595161,13.0418069913,0,0,true
llama_gqa,32,8,128,4,512,64,11,3,1,head_major_block_first,head_major,block_first,0.597064,13.0418069913,0,0,true
llama_gqa,32,8,128,4,512,64,11,3,2,block_major_head_first,block_major,head_first,0.610575,13.0418069913,0,0,true
llama_gqa,32,8,128,4,512,64,11,3,3,block_major_block_first,block_major,block_first,0.591555,13.0418069913,0,0,true
llama_gqa,32,8,128,4,512,64,11,4,0,head_major_block_first,head_major,block_first,0.604155,13.0418069913,0,0,true
llama_gqa,32,8,128,4,512,64,11,4,1,head_major_head_first,head_major,head_first,0.595672,13.0418069913,0,0,true
llama_gqa,32,8,128,4,512,64,11,4,2,block_major_block_first,block_major,block_first,0.593899,13.0418069913,0,0,true
llama_gqa,32,8,128,4,512,64,11,4,3,block_major_head_first,block_major,head_first,0.593167,13.0418069913,0,0,true
llama_gqa,32,8,128,4,512,64,11,5,0,head_major_head_first,head_major,head_first,0.605376,13.0418069913,0,0,true
llama_gqa,32,8,128,4,512,64,11,5,1,block_major_block_first,block_major,block_first,0.593018,13.0418069913,0,0,true
llama_gqa,32,8,128,4,512,64,11,5,2,block_major_head_first,block_major,head_first,0.591826,13.0418069913,0,0,true
llama_gqa,32,8,128,4,512,64,11,5,3,head_major_block_first,head_major,block_first,0.605937,13.0418069913,0,0,true
llama_gqa,32,8,128,4,512,64,11,6,0,block_major_block_first,block_major,block_first,0.590834,13.0418069913,0,0,true
llama_gqa,32,8,128,4,512,64,11,6,1,head_major_block_first,head_major,block_first,0.604184,13.0418069913,0,0,true
llama_gqa,32,8,128,4,512,64,11,6,2,head_major_head_first,head_major,head_first,0.596303,13.0418069913,0,0,true
llama_gqa,32,8,128,4,512,64,11,6,3,block_major_head_first,block_major,head_first,0.606528,13.0418069913,0,0,true
llama_gqa,32,8,128,4,512,64,11,7,0,block_major_block_first,block_major,block_first,0.591475,13.0418069913,0,0,true
llama_gqa,32,8,128,4,512,64,11,7,1,block_major_head_first,block_major,head_first,0.591486,13.0418069913,0,0,true
llama_gqa,32,8,128,4,512,64,11,7,2,head_major_block_first,head_major,block_first,0.606178,13.0418069913,0,0,true
llama_gqa,32,8,128,4,512,64,11,7,3,head_major_head_first,head_major,head_first,0.595561,13.0418069913,0,0,true
llama_gqa,32,8,128,4,512,64,11,8,0,block_major_block_first,block_major,block_first,0.592868,13.0418069913,0,0,true
llama_gqa,32,8,128,4,512,64,11,8,1,head_major_head_first,head_major,head_first,0.605236,13.0418069913,0,0,true
llama_gqa,32,8,128,4,512,64,11,8,2,head_major_block_first,head_major,block_first,0.596743,13.0418069913,0,0,true
llama_gqa,32,8,128,4,512,64,11,8,3,block_major_head_first,block_major,head_first,0.597845,13.0418069913,0,0,true
llama_gqa,32,8,128,4,512,64,11,9,0,head_major_head_first,head_major,head_first,0.597424,13.0418069913,0,0,true
llama_gqa,32,8,128,4,512,64,11,9,1,head_major_block_first,head_major,block_first,0.596062,13.0418069913,0,0,true
llama_gqa,32,8,128,4,512,64,11,9,2,block_major_block_first,block_major,block_first,0.59427,13.0418069913,0,0,true
llama_gqa,32,8,128,4,512,64,11,9,3,block_major_head_first,block_major,head_first,0.592097,13.0418069913,0,0,true
llama_gqa,32,8,128,4,512,64,11,10,0,head_major_head_first,head_major,head_first,0.598867,13.0418069913,0,0,true
llama_gqa,32,8,128,4,512,64,11,10,1,block_major_head_first,block_major,head_first,0.598276,13.0418069913,0,0,true
llama_gqa,32,8,128,4,512,64,11,10,2,block_major_block_first,block_major,block_first,0.590995,13.0418069913,0,0,true
llama_gqa,32,8,128,4,512,64,11,10,3,head_major_block_first,head_major,block_first,0.603433,13.0418069913,0,0,true
llama_gqa,32,8,128,4,512,64,11,11,0,block_major_head_first,block_major,head_first,0.596222,13.0418069913,0,0,true
llama_gqa,32,8,128,4,512,64,11,11,1,head_major_head_first,head_major,head_first,0.598095,13.0418069913,0,0,true
llama_gqa,32,8,128,4,512,64,11,11,2,head_major_block_first,head_major,block_first,0.605837,13.0418069913,0,0,true
llama_gqa,32,8,128,4,512,64,11,11,3,block_major_block_first,block_major,block_first,0.593058,13.0418069913,0,0,true
llama_gqa,32,8,128,4,512,64,11,12,0,head_major_head_first,head_major,head_first,0.598836,13.0418069913,0,0,true
llama_gqa,32,8,128,4,512,64,11,12,1,head_major_block_first,head_major,block_first,0.597485,13.0418069913,0,0,true
llama_gqa,32,8,128,4,512,64,11,12,2,block_major_block_first,block_major,block_first,0.593769,13.0418069913,0,0,true
llama_gqa,32,8,128,4,512,64,11,12,3,block_major_head_first,block_major,head_first,0.592688,13.0418069913,0,0,true
llama_gqa,32,8,128,4,512,64,11,13,0,block_major_head_first,block_major,head_first,0.597254,13.0418069913,0,0,true
llama_gqa,32,8,128,4,512,64,11,13,1,block_major_block_first,block_major,block_first,0.591035,13.0418069913,0,0,true
llama_gqa,32,8,128,4,512,64,11,13,2,head_major_head_first,head_major,head_first,0.603303,13.0418069913,0,0,true
llama_gqa,32,8,128,4,512,64,11,13,3,head_major_block_first,head_major,block_first,0.597735,13.0418069913,0,0,true
llama_gqa,32,8,128,4,512,64,11,14,0,head_major_head_first,head_major,head_first,0.595632,13.0418069913,0,0,true
llama_gqa,32,8,128,4,512,64,11,14,1,block_major_block_first,block_major,block_first,0.59435,13.0418069913,0,0,true
llama_gqa,32,8,128,4,512,64,11,14,2,block_major_head_first,block_major,head_first,0.591756,13.0418069913,0,0,true
llama_gqa,32,8,128,4,512,64,11,14,3,head_major_block_first,head_major,block_first,0.643334,13.0418069913,0,0,true
llama_gqa,32,8,128,4,512,64,11,15,0,block_major_head_first,block_major,head_first,0.597895,13.0418069913,0,0,true
llama_gqa,32,8,128,4,512,64,11,15,1,head_major_head_first,head_major,head_first,0.598376,13.0418069913,0,0,true
llama_gqa,32,8,128,4,512,64,11,15,2,block_major_block_first,block_major,block_first,0.592567,13.0418069913,0,0,true
llama_gqa,32,8,128,4,512,64,11,15,3,head_major_block_first,head_major,block_first,0.60132,13.0418069913,0,0,true
llama_gqa,32,8,128,4,512,64,11,16,0,block_major_block_first,block_major,block_first,0.592958,13.0418069913,0,0,true
llama_gqa,32,8,128,4,512,64,11,16,1,head_major_block_first,head_major,block_first,0.60785,13.0418069913,0,0,true
llama_gqa,32,8,128,4,512,64,11,16,2,head_major_head_first,head_major,head_first,0.595131,13.0418069913,0,0,true
llama_gqa,32,8,128,4,512,64,11,16,3,block_major_head_first,block_major,head_first,0.598757,13.0418069913,0,0,true
llama_gqa,32,8,128,4,512,64,11,17,0,head_major_head_first,head_major,head_first,0.598256,13.0418069913,0,0,true
llama_gqa,32,8,128,4,512,64,11,17,1,head_major_block_first,head_major,block_first,0.597344,13.0418069913,0,0,true
llama_gqa,32,8,128,4,512,64,11,17,2,block_major_block_first,block_major,block_first,0.594169,13.0418069913,0,0,true
llama_gqa,32,8,128,4,512,64,11,17,3,block_major_head_first,block_major,head_first,0.591355,13.0418069913,0,0,true
llama_gqa,32,8,128,4,512,64,11,18,0,block_major_block_first,block_major,block_first,0.59495,13.0418069913,0,0,true
llama_gqa,32,8,128,4,512,64,11,18,1,head_major_head_first,head_major,head_first,0.601831,13.0418069913,0,0,true
llama_gqa,32,8,128,4,512,64,11,18,2,head_major_block_first,head_major,block_first,0.597925,13.0418069913,0,0,true
llama_gqa,32,8,128,4,512,64,11,18,3,block_major_head_first,block_major,head_first,0.598907,13.0418069913,0,0,true
llama_gqa,32,8,128,4,512,64,11,19,0,block_major_head_first,block_major,head_first,0.591105,13.0418069913,0,0,true
llama_gqa,32,8,128,4,512,64,11,19,1,head_major_head_first,head_major,head_first,0.599268,13.0418069913,0,0,true
llama_gqa,32,8,128,4,512,64,11,19,2,block_major_block_first,block_major,block_first,0.598255,13.0418069913,0,0,true
llama_gqa,32,8,128,4,512,64,11,19,3,head_major_block_first,head_major,block_first,0.601851,13.0418069913,0,0,true
llama_gqa,32,8,128,4,512,64,29,0,0,head_major_block_first,head_major,block_first,0.596944,6.34827591308,0,0,true
llama_gqa,32,8,128,4,512,64,29,0,1,head_major_head_first,head_major,head_first,0.595531,6.34827591308,0,0,true
llama_gqa,32,8,128,4,512,64,29,0,2,block_major_head_first,block_major,head_first,0.601089,6.34827591308,0,0,true
llama_gqa,32,8,128,4,512,64,29,0,3,block_major_block_first,block_major,block_first,0.596623,6.34827591308,0,0,true
llama_gqa,32,8,128,4,512,64,29,1,0,block_major_head_first,block_major,head_first,0.590724,6.34827591308,0,0,true
llama_gqa,32,8,128,4,512,64,29,1,1,block_major_block_first,block_major,block_first,0.589633,6.34827591308,0,0,true
llama_gqa,32,8,128,4,512,64,29,1,2,head_major_block_first,head_major,block_first,0.6075,6.34827591308,0,0,true
llama_gqa,32,8,128,4,512,64,29,1,3,head_major_head_first,head_major,head_first,0.595631,6.34827591308,0,0,true
llama_gqa,32,8,128,4,512,64,29,2,0,block_major_block_first,block_major,block_first,0.59461,6.34827591308,0,0,true
llama_gqa,32,8,128,4,512,64,29,2,1,head_major_head_first,head_major,head_first,0.605516,6.34827591308,0,0,true
llama_gqa,32,8,128,4,512,64,29,2,2,head_major_block_first,head_major,block_first,0.597615,6.34827591308,0,0,true
llama_gqa,32,8,128,4,512,64,29,2,3,block_major_head_first,block_major,head_first,0.599808,6.34827591308,0,0,true
llama_gqa,32,8,128,4,512,64,29,3,0,head_major_head_first,head_major,head_first,0.597875,6.34827591308,0,0,true
llama_gqa,32,8,128,4,512,64,29,3,1,head_major_block_first,head_major,block_first,0.597334,6.34827591308,0,0,true
llama_gqa,32,8,128,4,512,64,29,3,2,block_major_block_first,block_major,block_first,0.59431,6.34827591308,0,0,true
llama_gqa,32,8,128,4,512,64,29,3,3,block_major_head_first,block_major,head_first,0.591946,6.34827591308,0,0,true
llama_gqa,32,8,128,4,512,64,29,4,0,head_major_head_first,head_major,head_first,0.606569,6.34827591308,0,0,true
llama_gqa,32,8,128,4,512,64,29,4,1,block_major_block_first,block_major,block_first,0.593228,6.34827591308,0,0,true
llama_gqa,32,8,128,4,512,64,29,4,2,head_major_block_first,head_major,block_first,0.604054,6.34827591308,0,0,true
llama_gqa,32,8,128,4,512,64,29,4,3,block_major_head_first,block_major,head_first,0.597854,6.34827591308,0,0,true
llama_gqa,32,8,128,4,512,64,29,5,0,head_major_head_first,head_major,head_first,0.598916,6.34827591308,0,0,true
llama_gqa,32,8,128,4,512,64,29,5,1,block_major_block_first,block_major,block_first,0.593177,6.34827591308,0,0,true
llama_gqa,32,8,128,4,512,64,29,5,2,block_major_head_first,block_major,head_first,0.597384,6.34827591308,0,0,true
llama_gqa,32,8,128,4,512,64,29,5,3,head_major_block_first,head_major,block_first,0.604545,6.34827591308,0,0,true
llama_gqa,32,8,128,4,512,64,29,6,0,block_major_head_first,block_major,head_first,0.598927,6.34827591308,0,0,true
llama_gqa,32,8,128,4,512,64,29,6,1,head_major_head_first,head_major,head_first,0.599257,6.34827591308,0,0,true
llama_gqa,32,8,128,4,512,64,29,6,2,head_major_block_first,head_major,block_first,0.596462,6.34827591308,0,0,true
llama_gqa,32,8,128,4,512,64,29,6,3,block_major_block_first,block_major,block_first,0.595201,6.34827591308,0,0,true
llama_gqa,32,8,128,4,512,64,29,7,0,block_major_head_first,block_major,head_first,0.599828,6.34827591308,0,0,true
llama_gqa,32,8,128,4,512,64,29,7,1,head_major_head_first,head_major,head_first,0.60121,6.34827591308,0,0,true
llama_gqa,32,8,128,4,512,64,29,7,2,block_major_block_first,block_major,block_first,0.593358,6.34827591308,0,0,true
llama_gqa,32,8,128,4,512,64,29,7,3,head_major_block_first,head_major,block_first,0.601971,6.34827591308,0,0,true
llama_gqa,32,8,128,4,512,64,29,8,0,head_major_block_first,head_major,block_first,0.597374,6.34827591308,0,0,true
llama_gqa,32,8,128,4,512,64,29,8,1,block_major_head_first,block_major,head_first,0.598956,6.34827591308,0,0,true
llama_gqa,32,8,128,4,512,64,29,8,2,head_major_head_first,head_major,head_first,0.599568,6.34827591308,0,0,true
llama_gqa,32,8,128,4,512,64,29,8,3,block_major_block_first,block_major,block_first,0.603163,6.34827591308,0,0,true
llama_gqa,32,8,128,4,512,64,29,9,0,head_major_head_first,head_major,head_first,0.599077,6.34827591308,0,0,true
llama_gqa,32,8,128,4,512,64,29,9,1,block_major_block_first,block_major,block_first,0.593628,6.34827591308,0,0,true
llama_gqa,32,8,128,4,512,64,29,9,2,block_major_head_first,block_major,head_first,0.592357,6.34827591308,0,0,true
llama_gqa,32,8,128,4,512,64,29,9,3,head_major_block_first,head_major,block_first,0.606198,6.34827591308,0,0,true
llama_gqa,32,8,128,4,512,64,29,10,0,block_major_head_first,block_major,head_first,0.595411,6.34827591308,0,0,true
llama_gqa,32,8,128,4,512,64,29,10,1,block_major_block_first,block_major,block_first,0.594971,6.34827591308,0,0,true
llama_gqa,32,8,128,4,512,64,29,10,2,head_major_block_first,head_major,block_first,0.605527,6.34827591308,0,0,true
llama_gqa,32,8,128,4,512,64,29,10,3,head_major_head_first,head_major,head_first,0.597004,6.34827591308,0,0,true
llama_gqa,32,8,128,4,512,64,29,11,0,block_major_head_first,block_major,head_first,0.599758,6.34827591308,0,0,true
llama_gqa,32,8,128,4,512,64,29,11,1,head_major_block_first,head_major,block_first,0.602582,6.34827591308,0,0,true
llama_gqa,32,8,128,4,512,64,29,11,2,head_major_head_first,head_major,head_first,0.595321,6.34827591308,0,0,true
llama_gqa,32,8,128,4,512,64,29,11,3,block_major_block_first,block_major,block_first,0.593899,6.34827591308,0,0,true
llama_gqa,32,8,128,4,512,64,29,12,0,head_major_head_first,head_major,head_first,0.608902,6.34827591308,0,0,true
llama_gqa,32,8,128,4,512,64,29,12,1,block_major_block_first,block_major,block_first,0.591766,6.34827591308,0,0,true
llama_gqa,32,8,128,4,512,64,29,12,2,block_major_head_first,block_major,head_first,0.591546,6.34827591308,0,0,true
llama_gqa,32,8,128,4,512,64,29,12,3,head_major_block_first,head_major,block_first,0.604535,6.34827591308,0,0,true
llama_gqa,32,8,128,4,512,64,29,13,0,head_major_head_first,head_major,head_first,0.596283,6.34827591308,0,0,true
llama_gqa,32,8,128,4,512,64,29,13,1,block_major_block_first,block_major,block_first,0.59497,6.34827591308,0,0,true
llama_gqa,32,8,128,4,512,64,29,13,2,block_major_head_first,block_major,head_first,0.598526,6.34827591308,0,0,true
llama_gqa,32,8,128,4,512,64,29,13,3,head_major_block_first,head_major,block_first,0.605396,6.34827591308,0,0,true
llama_gqa,32,8,128,4,512,64,29,14,0,block_major_block_first,block_major,block_first,0.592968,6.34827591308,0,0,true
llama_gqa,32,8,128,4,512,64,29,14,1,block_major_head_first,block_major,head_first,0.592457,6.34827591308,0,0,true
llama_gqa,32,8,128,4,512,64,29,14,2,head_major_head_first,head_major,head_first,0.60108,6.34827591308,0,0,true
llama_gqa,32,8,128,4,512,64,29,14,3,head_major_block_first,head_major,block_first,0.597655,6.34827591308,0,0,true
llama_gqa,32,8,128,4,512,64,29,15,0,block_major_block_first,block_major,block_first,0.594179,6.34827591308,0,0,true
llama_gqa,32,8,128,4,512,64,29,15,1,head_major_head_first,head_major,head_first,0.606939,6.34827591308,0,0,true
llama_gqa,32,8,128,4,512,64,29,15,2,head_major_block_first,head_major,block_first,0.596693,6.34827591308,0,0,true
llama_gqa,32,8,128,4,512,64,29,15,3,block_major_head_first,block_major,head_first,0.600329,6.34827591308,0,0,true
llama_gqa,32,8,128,4,512,64,29,16,0,head_major_block_first,head_major,block_first,0.603093,6.34827591308,0,0,true
llama_gqa,32,8,128,4,512,64,29,16,1,head_major_head_first,head_major,head_first,0.594881,6.34827591308,0,0,true
llama_gqa,32,8,128,4,512,64,29,16,2,block_major_block_first,block_major,block_first,0.594099,6.34827591308,0,0,true
llama_gqa,32,8,128,4,512,64,29,16,3,block_major_head_first,block_major,head_first,0.598626,6.34827591308,0,0,true
llama_gqa,32,8,128,4,512,64,29,17,0,head_major_head_first,head_major,head_first,0.602061,6.34827591308,0,0,true
llama_gqa,32,8,128,4,512,64,29,17,1,block_major_block_first,block_major,block_first,0.592988,6.34827591308,0,0,true
llama_gqa,32,8,128,4,512,64,29,17,2,head_major_block_first,head_major,block_first,0.603173,6.34827591308,0,0,true
llama_gqa,32,8,128,4,512,64,29,17,3,block_major_head_first,block_major,head_first,0.599258,6.34827591308,0,0,true
llama_gqa,32,8,128,4,512,64,29,18,0,head_major_block_first,head_major,block_first,0.601931,6.34827591308,0,0,true
llama_gqa,32,8,128,4,512,64,29,18,1,block_major_head_first,block_major,head_first,0.598996,6.34827591308,0,0,true
llama_gqa,32,8,128,4,512,64,29,18,2,head_major_head_first,head_major,head_first,0.605928,6.34827591308,0,0,true
llama_gqa,32,8,128,4,512,64,29,18,3,block_major_block_first,block_major,block_first,0.592086,6.34827591308,0,0,true
llama_gqa,32,8,128,4,512,64,29,19,0,head_major_head_first,head_major,head_first,0.598266,6.34827591308,0,0,true
llama_gqa,32,8,128,4,512,64,29,19,1,head_major_block_first,head_major,block_first,0.603804,6.34827591308,0,0,true
llama_gqa,32,8,128,4,512,64,29,19,2,block_major_block_first,block_major,block_first,0.595732,6.34827591308,0,0,true
llama_gqa,32,8,128,4,512,64,29,19,3,block_major_head_first,block_major,head_first,0.591856,6.34827591308,0,0,true
llama_gqa,32,8,128,4,512,64,47,0,0,head_major_head_first,head_major,head_first,0.595832,-1.50856387377,0,0,true
llama_gqa,32,8,128,4,512,64,47,0,1,block_major_head_first,block_major,head_first,0.599828,-1.50856387377,0,0,true
llama_gqa,32,8,128,4,512,64,47,0,2,block_major_block_first,block_major,block_first,0.590924,-1.50856387377,0,0,true
llama_gqa,32,8,128,4,512,64,47,0,3,head_major_block_first,head_major,block_first,0.603995,-1.50856387377,0,0,true
llama_gqa,32,8,128,4,512,64,47,1,0,head_major_head_first,head_major,head_first,0.602812,-1.50856387377,0,0,true
llama_gqa,32,8,128,4,512,64,47,1,1,block_major_head_first,block_major,head_first,0.603994,-1.50856387377,0,0,true
llama_gqa,32,8,128,4,512,64,47,1,2,head_major_block_first,head_major,block_first,0.601801,-1.50856387377,0,0,true
llama_gqa,32,8,128,4,512,64,47,1,3,block_major_block_first,block_major,block_first,0.592977,-1.50856387377,0,0,true
llama_gqa,32,8,128,4,512,64,47,2,0,head_major_block_first,head_major,block_first,0.602271,-1.50856387377,0,0,true
llama_gqa,32,8,128,4,512,64,47,2,1,block_major_head_first,block_major,head_first,0.597114,-1.50856387377,0,0,true
llama_gqa,32,8,128,4,512,64,47,2,2,head_major_head_first,head_major,head_first,0.598336,-1.50856387377,0,0,true
llama_gqa,32,8,128,4,512,64,47,2,3,block_major_block_first,block_major,block_first,0.598496,-1.50856387377,0,0,true
llama_gqa,32,8,128,4,512,64,47,3,0,block_major_head_first,block_major,head_first,0.591725,-1.50856387377,0,0,true
llama_gqa,32,8,128,4,512,64,47,3,1,head_major_head_first,head_major,head_first,0.599958,-1.50856387377,0,0,true
llama_gqa,32,8,128,4,512,64,47,3,2,block_major_block_first,block_major,block_first,0.591976,-1.50856387377,0,0,true
llama_gqa,32,8,128,4,512,64,47,3,3,head_major_block_first,head_major,block_first,0.603734,-1.50856387377,0,0,true
llama_gqa,32,8,128,4,512,64,47,4,0,block_major_block_first,block_major,block_first,0.592106,-1.50856387377,0,0,true
llama_gqa,32,8,128,4,512,64,47,4,1,head_major_block_first,head_major,block_first,0.608992,-1.50856387377,0,0,true
llama_gqa,32,8,128,4,512,64,47,4,2,block_major_head_first,block_major,head_first,0.597124,-1.50856387377,0,0,true
llama_gqa,32,8,128,4,512,64,47,4,3,head_major_head_first,head_major,head_first,0.598235,-1.50856387377,0,0,true
llama_gqa,32,8,128,4,512,64,47,5,0,block_major_block_first,block_major,block_first,0.593409,-1.50856387377,0,0,true
llama_gqa,32,8,128,4,512,64,47,5,1,head_major_head_first,head_major,head_first,0.598285,-1.50856387377,0,0,true
llama_gqa,32,8,128,4,512,64,47,5,2,head_major_block_first,head_major,block_first,0.596983,-1.50856387377,0,0,true
llama_gqa,32,8,128,4,512,64,47,5,3,block_major_head_first,block_major,head_first,0.600569,-1.50856387377,0,0,true
llama_gqa,32,8,128,4,512,64,47,6,0,block_major_block_first,block_major,block_first,0.636734,-1.50856387377,0,0,true
llama_gqa,32,8,128,4,512,64,47,6,1,head_major_block_first,head_major,block_first,0.606978,-1.50856387377,0,0,true
llama_gqa,32,8,128,4,512,64,47,6,2,block_major_head_first,block_major,head_first,0.596553,-1.50856387377,0,0,true
llama_gqa,32,8,128,4,512,64,47,6,3,head_major_head_first,head_major,head_first,0.599588,-1.50856387377,0,0,true
llama_gqa,32,8,128,4,512,64,47,7,0,block_major_head_first,block_major,head_first,0.598015,-1.50856387377,0,0,true
llama_gqa,32,8,128,4,512,64,47,7,1,head_major_head_first,head_major,head_first,0.598786,-1.50856387377,0,0,true
llama_gqa,32,8,128,4,512,64,47,7,2,head_major_block_first,head_major,block_first,0.603954,-1.50856387377,0,0,true
llama_gqa,32,8,128,4,512,64,47,7,3,block_major_block_first,block_major,block_first,0.595501,-1.50856387377,0,0,true
llama_gqa,32,8,128,4,512,64,47,8,0,head_major_head_first,head_major,head_first,0.597865,-1.50856387377,0,0,true
llama_gqa,32,8,128,4,512,64,47,8,1,block_major_block_first,block_major,block_first,0.592307,-1.50856387377,0,0,true
llama_gqa,32,8,128,4,512,64,47,8,2,head_major_block_first,head_major,block_first,0.602602,-1.50856387377,0,0,true
llama_gqa,32,8,128,4,512,64,47,8,3,block_major_head_first,block_major,head_first,0.596634,-1.50856387377,0,0,true
llama_gqa,32,8,128,4,512,64,47,9,0,head_major_block_first,head_major,block_first,0.60107,-1.50856387377,0,0,true
llama_gqa,32,8,128,4,512,64,47,9,1,head_major_head_first,head_major,head_first,0.600859,-1.50856387377,0,0,true
llama_gqa,32,8,128,4,512,64,47,9,2,block_major_head_first,block_major,head_first,0.598336,-1.50856387377,0,0,true
llama_gqa,32,8,128,4,512,64,47,9,3,block_major_block_first,block_major,block_first,0.592176,-1.50856387377,0,0,true
llama_gqa,32,8,128,4,512,64,47,10,0,head_major_head_first,head_major,head_first,0.600579,-1.50856387377,0,0,true
llama_gqa,32,8,128,4,512,64,47,10,1,head_major_block_first,head_major,block_first,0.597555,-1.50856387377,0,0,true
llama_gqa,32,8,128,4,512,64,47,10,2,block_major_head_first,block_major,head_first,0.599247,-1.50856387377,0,0,true
llama_gqa,32,8,128,4,512,64,47,10,3,block_major_block_first,block_major,block_first,0.600469,-1.50856387377,0,0,true
llama_gqa,32,8,128,4,512,64,47,11,0,head_major_block_first,head_major,block_first,0.605847,-1.50856387377,0,0,true
llama_gqa,32,8,128,4,512,64,47,11,1,block_major_head_first,block_major,head_first,0.598416,-1.50856387377,0,0,true
llama_gqa,32,8,128,4,512,64,47,11,2,block_major_block_first,block_major,block_first,0.591806,-1.50856387377,0,0,true
llama_gqa,32,8,128,4,512,64,47,11,3,head_major_head_first,head_major,head_first,0.60087,-1.50856387377,0,0,true
llama_gqa,32,8,128,4,512,64,47,12,0,block_major_head_first,block_major,head_first,0.598045,-1.50856387377,0,0,true
llama_gqa,32,8,128,4,512,64,47,12,1,head_major_block_first,head_major,block_first,0.604185,-1.50856387377,0,0,true
llama_gqa,32,8,128,4,512,64,47,12,2,block_major_block_first,block_major,block_first,0.592817,-1.50856387377,0,0,true
llama_gqa,32,8,128,4,512,64,47,12,3,head_major_head_first,head_major,head_first,0.597685,-1.50856387377,0,0,true
llama_gqa,32,8,128,4,512,64,47,13,0,head_major_head_first,head_major,head_first,0.595932,-1.50856387377,0,0,true
llama_gqa,32,8,128,4,512,64,47,13,1,block_major_block_first,block_major,block_first,0.593629,-1.50856387377,0,0,true
llama_gqa,32,8,128,4,512,64,47,13,2,block_major_head_first,block_major,head_first,0.591456,-1.50856387377,0,0,true
llama_gqa,32,8,128,4,512,64,47,13,3,head_major_block_first,head_major,block_first,0.605286,-1.50856387377,0,0,true
llama_gqa,32,8,128,4,512,64,47,14,0,head_major_block_first,head_major,block_first,0.601721,-1.50856387377,0,0,true
llama_gqa,32,8,128,4,512,64,47,14,1,head_major_head_first,head_major,head_first,0.595491,-1.50856387377,0,0,true
llama_gqa,32,8,128,4,512,64,47,14,2,block_major_head_first,block_major,head_first,0.600058,-1.50856387377,0,0,true
llama_gqa,32,8,128,4,512,64,47,14,3,block_major_block_first,block_major,block_first,0.590694,-1.50856387377,0,0,true
llama_gqa,32,8,128,4,512,64,47,15,0,head_major_head_first,head_major,head_first,0.599368,-1.50856387377,0,0,true
llama_gqa,32,8,128,4,512,64,47,15,1,head_major_block_first,head_major,block_first,0.596272,-1.50856387377,0,0,true
llama_gqa,32,8,128,4,512,64,47,15,2,block_major_block_first,block_major,block_first,0.592867,-1.50856387377,0,0,true
llama_gqa,32,8,128,4,512,64,47,15,3,block_major_head_first,block_major,head_first,0.593217,-1.50856387377,0,0,true
llama_gqa,32,8,128,4,512,64,47,16,0,block_major_head_first,block_major,head_first,0.591265,-1.50856387377,0,0,true
llama_gqa,32,8,128,4,512,64,47,16,1,head_major_block_first,head_major,block_first,0.606939,-1.50856387377,0,0,true
llama_gqa,32,8,128,4,512,64,47,16,2,head_major_head_first,head_major,head_first,0.596613,-1.50856387377,0,0,true
llama_gqa,32,8,128,4,512,64,47,16,3,block_major_block_first,block_major,block_first,0.595912,-1.50856387377,0,0,true
llama_gqa,32,8,128,4,512,64,47,17,0,head_major_head_first,head_major,head_first,0.597124,-1.50856387377,0,0,true
llama_gqa,32,8,128,4,512,64,47,17,1,block_major_block_first,block_major,block_first,0.597444,-1.50856387377,0,0,true
llama_gqa,32,8,128,4,512,64,47,17,2,head_major_block_first,head_major,block_first,0.602632,-1.50856387377,0,0,true
llama_gqa,32,8,128,4,512,64,47,17,3,block_major_head_first,block_major,head_first,0.599057,-1.50856387377,0,0,true
llama_gqa,32,8,128,4,512,64,47,18,0,block_major_head_first,block_major,head_first,0.591145,-1.50856387377,0,0,true
llama_gqa,32,8,128,4,512,64,47,18,1,head_major_block_first,head_major,block_first,0.603333,-1.50856387377,0,0,true
llama_gqa,32,8,128,4,512,64,47,18,2,block_major_block_first,block_major,block_first,0.592918,-1.50856387377,0,0,true
llama_gqa,32,8,128,4,512,64,47,18,3,head_major_head_first,head_major,head_first,0.608621,-1.50856387377,0,0,true
llama_gqa,32,8,128,4,512,64,47,19,0,block_major_head_first,block_major,head_first,0.598416,-1.50856387377,0,0,true
llama_gqa,32,8,128,4,512,64,47,19,1,block_major_block_first,block_major,block_first,0.589703,-1.50856387377,0,0,true
llama_gqa,32,8,128,4,512,64,47,19,2,head_major_block_first,head_major,block_first,0.604665,-1.50856387377,0,0,true
llama_gqa,32,8,128,4,512,64,47,19,3,head_major_head_first,head_major,head_first,0.595772,-1.50856387377,0,0,true
llama_gqa,32,8,128,4,2048,64,11,0,0,block_major_block_first,block_major,block_first,2.715951,5.67604862303,0,0,true
llama_gqa,32,8,128,4,2048,64,11,0,1,head_major_block_first,head_major,block_first,2.749692,5.67604862303,0,0,true
llama_gqa,32,8,128,4,2048,64,11,0,2,head_major_head_first,head_major,head_first,2.700488,5.67604862303,0,0,true
llama_gqa,32,8,128,4,2048,64,11,0,3,block_major_head_first,block_major,head_first,2.818246,5.67604862303,0,0,true
llama_gqa,32,8,128,4,2048,64,11,1,0,head_major_head_first,head_major,head_first,2.705024,5.67604862303,0,0,true
llama_gqa,32,8,128,4,2048,64,11,1,1,block_major_block_first,block_major,block_first,2.712906,5.67604862303,0,0,true
llama_gqa,32,8,128,4,2048,64,11,1,2,block_major_head_first,block_major,head_first,2.793458,5.67604862303,0,0,true
llama_gqa,32,8,128,4,2048,64,11,1,3,head_major_block_first,head_major,block_first,2.757164,5.67604862303,0,0,true
llama_gqa,32,8,128,4,2048,64,11,2,0,head_major_head_first,head_major,head_first,2.70239,5.67604862303,0,0,true
llama_gqa,32,8,128,4,2048,64,11,2,1,block_major_head_first,block_major,head_first,2.791235,5.67604862303,0,0,true
llama_gqa,32,8,128,4,2048,64,11,2,2,head_major_block_first,head_major,block_first,2.738775,5.67604862303,0,0,true
llama_gqa,32,8,128,4,2048,64,11,2,3,block_major_block_first,block_major,block_first,2.720047,5.67604862303,0,0,true
llama_gqa,32,8,128,4,2048,64,11,3,0,block_major_block_first,block_major,block_first,2.729862,5.67604862303,0,0,true
llama_gqa,32,8,128,4,2048,64,11,3,1,block_major_head_first,block_major,head_first,2.78784,5.67604862303,0,0,true
llama_gqa,32,8,128,4,2048,64,11,3,2,head_major_block_first,head_major,block_first,2.835261,5.67604862303,0,0,true
llama_gqa,32,8,128,4,2048,64,11,3,3,head_major_head_first,head_major,head_first,2.712876,5.67604862303,0,0,true
llama_gqa,32,8,128,4,2048,64,11,4,0,block_major_head_first,block_major,head_first,2.80073,5.67604862303,0,0,true
llama_gqa,32,8,128,4,2048,64,11,4,1,head_major_head_first,head_major,head_first,2.724013,5.67604862303,0,0,true
llama_gqa,32,8,128,4,2048,64,11,4,2,head_major_block_first,head_major,block_first,2.726176,5.67604862303,0,0,true
llama_gqa,32,8,128,4,2048,64,11,4,3,block_major_block_first,block_major,block_first,2.80775,5.67604862303,0,0,true
llama_gqa,32,8,128,4,2048,64,11,5,0,head_major_head_first,head_major,head_first,2.696441,5.67604862303,0,0,true
llama_gqa,32,8,128,4,2048,64,11,5,1,block_major_head_first,block_major,head_first,2.813258,5.67604862303,0,0,true
llama_gqa,32,8,128,4,2048,64,11,5,2,head_major_block_first,head_major,block_first,2.737955,5.67604862303,0,0,true
llama_gqa,32,8,128,4,2048,64,11,5,3,block_major_block_first,block_major,block_first,2.745656,5.67604862303,0,0,true
llama_gqa,32,8,128,4,2048,64,11,6,0,head_major_head_first,head_major,head_first,2.696191,5.67604862303,0,0,true
llama_gqa,32,8,128,4,2048,64,11,6,1,block_major_block_first,block_major,block_first,2.744404,5.67604862303,0,0,true
llama_gqa,32,8,128,4,2048,64,11,6,2,head_major_block_first,head_major,block_first,2.74845,5.67604862303,0,0,true
llama_gqa,32,8,128,4,2048,64,11,6,3,block_major_head_first,block_major,head_first,2.815541,5.67604862303,0,0,true
llama_gqa,32,8,128,4,2048,64,11,7,0,block_major_head_first,block_major,head_first,2.796704,5.67604862303,0,0,true
llama_gqa,32,8,128,4,2048,64,11,7,1,head_major_head_first,head_major,head_first,2.740338,5.67604862303,0,0,true
llama_gqa,32,8,128,4,2048,64,11,7,2,head_major_block_first,head_major,block_first,2.789192,5.67604862303,0,0,true
llama_gqa,32,8,128,4,2048,64,11,7,3,block_major_block_first,block_major,block_first,2.733097,5.67604862303,0,0,true
llama_gqa,32,8,128,4,2048,64,11,8,0,block_major_block_first,block_major,block_first,2.72186,5.67604862303,0,0,true
llama_gqa,32,8,128,4,2048,64,11,8,1,block_major_head_first,block_major,head_first,2.787189,5.67604862303,0,0,true
llama_gqa,32,8,128,4,2048,64,11,8,2,head_major_head_first,head_major,head_first,2.746898,5.67604862303,0,0,true
llama_gqa,32,8,128,4,2048,64,11,8,3,head_major_block_first,head_major,block_first,2.756473,5.67604862303,0,0,true
llama_gqa,32,8,128,4,2048,64,11,9,0,block_major_head_first,block_major,head_first,2.787669,5.67604862303,0,0,true
llama_gqa,32,8,128,4,2048,64,11,9,1,head_major_block_first,head_major,block_first,2.760128,5.67604862303,0,0,true
llama_gqa,32,8,128,4,2048,64,11,9,2,block_major_block_first,block_major,block_first,2.717784,5.67604862303,0,0,true
llama_gqa,32,8,128,4,2048,64,11,9,3,head_major_head_first,head_major,head_first,2.733588,5.67604862303,0,0,true
llama_gqa,32,8,128,4,2048,64,11,10,0,block_major_head_first,block_major,head_first,2.793398,5.67604862303,0,0,true
llama_gqa,32,8,128,4,2048,64,11,10,1,head_major_head_first,head_major,head_first,2.71536,5.67604862303,0,0,true
llama_gqa,32,8,128,4,2048,64,11,10,2,block_major_block_first,block_major,block_first,2.725646,5.67604862303,0,0,true
llama_gqa,32,8,128,4,2048,64,11,10,3,head_major_block_first,head_major,block_first,2.744414,5.67604862303,0,0,true
llama_gqa,32,8,128,4,2048,64,11,11,0,block_major_block_first,block_major,block_first,2.707598,5.67604862303,0,0,true
llama_gqa,32,8,128,4,2048,64,11,11,1,head_major_head_first,head_major,head_first,2.716101,5.67604862303,0,0,true
llama_gqa,32,8,128,4,2048,64,11,11,2,head_major_block_first,head_major,block_first,2.740879,5.67604862303,0,0,true
llama_gqa,32,8,128,4,2048,64,11,11,3,block_major_head_first,block_major,head_first,2.815211,5.67604862303,0,0,true
llama_gqa,32,8,128,4,2048,64,11,12,0,head_major_block_first,head_major,block_first,2.731926,5.67604862303,0,0,true
llama_gqa,32,8,128,4,2048,64,11,12,1,head_major_head_first,head_major,head_first,2.699035,5.67604862303,0,0,true
llama_gqa,32,8,128,4,2048,64,11,12,2,block_major_block_first,block_major,block_first,2.744835,5.67604862303,0,0,true
llama_gqa,32,8,128,4,2048,64,11,12,3,block_major_head_first,block_major,head_first,2.859529,5.67604862303,0,0,true
llama_gqa,32,8,128,4,2048,64,11,13,0,head_major_head_first,head_major,head_first,2.715731,5.67604862303,0,0,true
llama_gqa,32,8,128,4,2048,64,11,13,1,block_major_head_first,block_major,head_first,2.797044,5.67604862303,0,0,true
llama_gqa,32,8,128,4,2048,64,11,13,2,head_major_block_first,head_major,block_first,2.742612,5.67604862303,0,0,true
llama_gqa,32,8,128,4,2048,64,11,13,3,block_major_block_first,block_major,block_first,2.723152,5.67604862303,0,0,true
llama_gqa,32,8,128,4,2048,64,11,14,0,block_major_head_first,block_major,head_first,2.773047,5.67604862303,0,0,true
llama_gqa,32,8,128,4,2048,64,11,14,1,block_major_block_first,block_major,block_first,2.707818,5.67604862303,0,0,true
llama_gqa,32,8,128,4,2048,64,11,14,2,head_major_head_first,head_major,head_first,2.852798,5.67604862303,0,0,true
llama_gqa,32,8,128,4,2048,64,11,14,3,head_major_block_first,head_major,block_first,2.7751,5.67604862303,0,0,true
llama_gqa,32,8,128,4,2048,64,11,15,0,head_major_block_first,head_major,block_first,2.683883,5.67604862303,0,0,true
llama_gqa,32,8,128,4,2048,64,11,15,1,block_major_block_first,block_major,block_first,2.894841,5.67604862303,0,0,true
llama_gqa,32,8,128,4,2048,64,11,15,2,head_major_head_first,head_major,head_first,2.777774,5.67604862303,0,0,true
llama_gqa,32,8,128,4,2048,64,11,15,3,block_major_head_first,block_major,head_first,2.871226,5.67604862303,0,0,true
llama_gqa,32,8,128,4,2048,64,11,16,0,head_major_head_first,head_major,head_first,2.686146,5.67604862303,0,0,true
llama_gqa,32,8,128,4,2048,64,11,16,1,block_major_head_first,block_major,head_first,2.853269,5.67604862303,0,0,true
llama_gqa,32,8,128,4,2048,64,11,16,2,block_major_block_first,block_major,block_first,2.760759,5.67604862303,0,0,true
llama_gqa,32,8,128,4,2048,64,11,16,3,head_major_block_first,head_major,block_first,2.74877,5.67604862303,0,0,true
llama_gqa,32,8,128,4,2048,64,11,17,0,block_major_head_first,block_major,head_first,2.802843,5.67604862303,0,0,true
llama_gqa,32,8,128,4,2048,64,11,17,1,head_major_head_first,head_major,head_first,2.737794,5.67604862303,0,0,true
llama_gqa,32,8,128,4,2048,64,11,17,2,head_major_block_first,head_major,block_first,2.733768,5.67604862303,0,0,true
llama_gqa,32,8,128,4,2048,64,11,17,3,block_major_block_first,block_major,block_first,2.748531,5.67604862303,0,0,true
llama_gqa,32,8,128,4,2048,64,11,18,0,head_major_block_first,head_major,block_first,2.740057,5.67604862303,0,0,true
llama_gqa,32,8,128,4,2048,64,11,18,1,head_major_head_first,head_major,head_first,2.674668,5.67604862303,0,0,true
llama_gqa,32,8,128,4,2048,64,11,18,2,block_major_head_first,block_major,head_first,2.845357,5.67604862303,0,0,true
llama_gqa,32,8,128,4,2048,64,11,18,3,block_major_block_first,block_major,block_first,2.735301,5.67604862303,0,0,true
llama_gqa,32,8,128,4,2048,64,11,19,0,block_major_block_first,block_major,block_first,2.749802,5.67604862303,0,0,true
llama_gqa,32,8,128,4,2048,64,11,19,1,head_major_block_first,head_major,block_first,2.835942,5.67604862303,0,0,true
llama_gqa,32,8,128,4,2048,64,11,19,2,head_major_head_first,head_major,head_first,2.716282,5.67604862303,0,0,true
llama_gqa,32,8,128,4,2048,64,11,19,3,block_major_head_first,block_major,head_first,2.822593,5.67604862303,0,0,true
llama_gqa,32,8,128,4,2048,64,29,0,0,head_major_head_first,head_major,head_first,2.704234,-0.0686243124781,0,0,true
llama_gqa,32,8,128,4,2048,64,29,0,1,block_major_head_first,block_major,head_first,2.788291,-0.0686243124781,0,0,true
llama_gqa,32,8,128,4,2048,64,29,0,2,head_major_block_first,head_major,block_first,2.757224,-0.0686243124781,0,0,true
llama_gqa,32,8,128,4,2048,64,29,0,3,block_major_block_first,block_major,block_first,2.712125,-0.0686243124781,0,0,true
llama_gqa,32,8,128,4,2048,64,29,1,0,head_major_block_first,head_major,block_first,2.735931,-0.0686243124781,0,0,true
llama_gqa,32,8,128,4,2048,64,29,1,1,head_major_head_first,head_major,head_first,2.694609,-0.0686243124781,0,0,true
llama_gqa,32,8,128,4,2048,64,29,1,2,block_major_head_first,block_major,head_first,2.796724,-0.0686243124781,0,0,true
llama_gqa,32,8,128,4,2048,64,29,1,3,block_major_block_first,block_major,block_first,2.708339,-0.0686243124781,0,0,true
llama_gqa,32,8,128,4,2048,64,29,2,0,block_major_block_first,block_major,block_first,2.709571,-0.0686243124781,0,0,true
llama_gqa,32,8,128,4,2048,64,29,2,1,head_major_block_first,head_major,block_first,2.850215,-0.0686243124781,0,0,true
llama_gqa,32,8,128,4,2048,64,29,2,2,block_major_head_first,block_major,head_first,2.779317,-0.0686243124781,0,0,true
llama_gqa,32,8,128,4,2048,64,29,2,3,head_major_head_first,head_major,head_first,2.751034,-0.0686243124781,0,0,true
llama_gqa,32,8,128,4,2048,64,29,3,0,head_major_head_first,head_major,head_first,2.717814,-0.0686243124781,0,0,true
llama_gqa,32,8,128,4,2048,64,29,3,1,block_major_block_first,block_major,block_first,2.725095,-0.0686243124781,0,0,true
llama_gqa,32,8,128,4,2048,64,29,3,2,head_major_block_first,head_major,block_first,2.743713,-0.0686243124781,0,0,true
llama_gqa,32,8,128,4,2048,64,29,3,3,block_major_head_first,block_major,head_first,2.80167,-0.0686243124781,0,0,true
llama_gqa,32,8,128,4,2048,64,29,4,0,block_major_head_first,block_major,head_first,2.799548,-0.0686243124781,0,0,true
llama_gqa,32,8,128,4,2048,64,29,4,1,head_major_block_first,head_major,block_first,2.753769,-0.0686243124781,0,0,true
llama_gqa,32,8,128,4,2048,64,29,4,2,head_major_head_first,head_major,head_first,2.706026,-0.0686243124781,0,0,true
llama_gqa,32,8,128,4,2048,64,29,4,3,block_major_block_first,block_major,block_first,2.738936,-0.0686243124781,0,0,true
llama_gqa,32,8,128,4,2048,64,29,5,0,head_major_head_first,head_major,head_first,2.686576,-0.0686243124781,0,0,true
llama_gqa,32,8,128,4,2048,64,29,5,1,head_major_block_first,head_major,block_first,2.717764,-0.0686243124781,0,0,true
llama_gqa,32,8,128,4,2048,64,29,5,2,block_major_head_first,block_major,head_first,2.811045,-0.0686243124781,0,0,true
llama_gqa,32,8,128,4,2048,64,29,5,3,block_major_block_first,block_major,block_first,2.724694,-0.0686243124781,0,0,true
llama_gqa,32,8,128,4,2048,64,29,6,0,head_major_head_first,head_major,head_first,2.720939,-0.0686243124781,0,0,true
llama_gqa,32,8,128,4,2048,64,29,6,1,block_major_head_first,block_major,head_first,2.797495,-0.0686243124781,0,0,true
llama_gqa,32,8,128,4,2048,64,29,6,2,head_major_block_first,head_major,block_first,2.736081,-0.0686243124781,0,0,true
llama_gqa,32,8,128,4,2048,64,29,6,3,block_major_block_first,block_major,block_first,2.723122,-0.0686243124781,0,0,true
llama_gqa,32,8,128,4,2048,64,29,7,0,block_major_head_first,block_major,head_first,2.787469,-0.0686243124781,0,0,true
llama_gqa,32,8,128,4,2048,64,29,7,1,head_major_block_first,head_major,block_first,2.77466,-0.0686243124781,0,0,true
llama_gqa,32,8,128,4,2048,64,29,7,2,head_major_head_first,head_major,head_first,2.70219,-0.0686243124781,0,0,true
llama_gqa,32,8,128,4,2048,64,29,7,3,block_major_block_first,block_major,block_first,2.720387,-0.0686243124781,0,0,true
llama_gqa,32,8,128,4,2048,64,29,8,0,head_major_head_first,head_major,head_first,2.709341,-0.0686243124781,0,0,true
llama_gqa,32,8,128,4,2048,64,29,8,1,block_major_head_first,block_major,head_first,2.775421,-0.0686243124781,0,0,true
llama_gqa,32,8,128,4,2048,64,29,8,2,block_major_block_first,block_major,block_first,2.70858,-0.0686243124781,0,0,true
llama_gqa,32,8,128,4,2048,64,29,8,3,head_major_block_first,head_major,block_first,2.760398,-0.0686243124781,0,0,true
llama_gqa,32,8,128,4,2048,64,29,9,0,head_major_head_first,head_major,head_first,2.69567,-0.0686243124781,0,0,true
llama_gqa,32,8,128,4,2048,64,29,9,1,block_major_head_first,block_major,head_first,2.836173,-0.0686243124781,0,0,true
llama_gqa,32,8,128,4,2048,64,29,9,2,block_major_block_first,block_major,block_first,2.74166,-0.0686243124781,0,0,true
llama_gqa,32,8,128,4,2048,64,29,9,3,head_major_block_first,head_major,block_first,2.757755,-0.0686243124781,0,0,true
llama_gqa,32,8,128,4,2048,64,29,10,0,block_major_block_first,block_major,block_first,2.710363,-0.0686243124781,0,0,true
llama_gqa,32,8,128,4,2048,64,29,10,1,head_major_block_first,head_major,block_first,2.755101,-0.0686243124781,0,0,true
llama_gqa,32,8,128,4,2048,64,29,10,2,head_major_head_first,head_major,head_first,2.690613,-0.0686243124781,0,0,true
llama_gqa,32,8,128,4,2048,64,29,10,3,block_major_head_first,block_major,head_first,2.797054,-0.0686243124781,0,0,true
llama_gqa,32,8,128,4,2048,64,29,11,0,block_major_head_first,block_major,head_first,2.799808,-0.0686243124781,0,0,true
llama_gqa,32,8,128,4,2048,64,29,11,1,head_major_block_first,head_major,block_first,2.759437,-0.0686243124781,0,0,true
llama_gqa,32,8,128,4,2048,64,29,11,2,head_major_head_first,head_major,head_first,2.703663,-0.0686243124781,0,0,true
llama_gqa,32,8,128,4,2048,64,29,11,3,block_major_block_first,block_major,block_first,2.72831,-0.0686243124781,0,0,true
llama_gqa,32,8,128,4,2048,64,29,12,0,block_major_block_first,block_major,block_first,2.724324,-0.0686243124781,0,0,true
llama_gqa,32,8,128,4,2048,64,29,12,1,block_major_head_first,block_major,head_first,2.786187,-0.0686243124781,0,0,true
llama_gqa,32,8,128,4,2048,64,29,12,2,head_major_head_first,head_major,head_first,2.790624,-0.0686243124781,0,0,true
llama_gqa,32,8,128,4,2048,64,29,12,3,head_major_block_first,head_major,block_first,2.757204,-0.0686243124781,0,0,true
llama_gqa,32,8,128,4,2048,64,29,13,0,head_major_head_first,head_major,head_first,2.685055,-0.0686243124781,0,0,true
llama_gqa,32,8,128,4,2048,64,29,13,1,block_major_block_first,block_major,block_first,2.82803,-0.0686243124781,0,0,true
llama_gqa,32,8,128,4,2048,64,29,13,2,block_major_head_first,block_major,head_first,2.755871,-0.0686243124781,0,0,true
llama_gqa,32,8,128,4,2048,64,29,13,3,head_major_block_first,head_major,block_first,2.78778,-0.0686243124781,0,0,true
llama_gqa,32,8,128,4,2048,64,29,14,0,head_major_block_first,head_major,block_first,2.757484,-0.0686243124781,0,0,true
llama_gqa,32,8,128,4,2048,64,29,14,1,block_major_block_first,block_major,block_first,2.72859,-0.0686243124781,0,0,true
llama_gqa,32,8,128,4,2048,64,29,14,2,head_major_head_first,head_major,head_first,2.717513,-0.0686243124781,0,0,true
llama_gqa,32,8,128,4,2048,64,29,14,3,block_major_head_first,block_major,head_first,2.785586,-0.0686243124781,0,0,true
llama_gqa,32,8,128,4,2048,64,29,15,0,head_major_head_first,head_major,head_first,2.72202,-0.0686243124781,0,0,true
llama_gqa,32,8,128,4,2048,64,29,15,1,block_major_head_first,block_major,head_first,2.777474,-0.0686243124781,0,0,true
llama_gqa,32,8,128,4,2048,64,29,15,2,head_major_block_first,head_major,block_first,2.746908,-0.0686243124781,0,0,true
llama_gqa,32,8,128,4,2048,64,29,15,3,block_major_block_first,block_major,block_first,2.728229,-0.0686243124781,0,0,true
llama_gqa,32,8,128,4,2048,64,29,16,0,block_major_block_first,block_major,block_first,2.719386,-0.0686243124781,0,0,true
llama_gqa,32,8,128,4,2048,64,29,16,1,head_major_block_first,head_major,block_first,2.786267,-0.0686243124781,0,0,true
llama_gqa,32,8,128,4,2048,64,29,16,2,block_major_head_first,block_major,head_first,2.784435,-0.0686243124781,0,0,true
llama_gqa,32,8,128,4,2048,64,29,16,3,head_major_head_first,head_major,head_first,2.743853,-0.0686243124781,0,0,true
llama_gqa,32,8,128,4,2048,64,29,17,0,block_major_head_first,block_major,head_first,2.781661,-0.0686243124781,0,0,true
llama_gqa,32,8,128,4,2048,64,29,17,1,head_major_head_first,head_major,head_first,2.739818,-0.0686243124781,0,0,true
llama_gqa,32,8,128,4,2048,64,29,17,2,block_major_block_first,block_major,block_first,2.707168,-0.0686243124781,0,0,true
llama_gqa,32,8,128,4,2048,64,29,17,3,head_major_block_first,head_major,block_first,2.766197,-0.0686243124781,0,0,true
llama_gqa,32,8,128,4,2048,64,29,18,0,head_major_block_first,head_major,block_first,2.735981,-0.0686243124781,0,0,true
llama_gqa,32,8,128,4,2048,64,29,18,1,block_major_block_first,block_major,block_first,2.715541,-0.0686243124781,0,0,true
llama_gqa,32,8,128,4,2048,64,29,18,2,block_major_head_first,block_major,head_first,2.793648,-0.0686243124781,0,0,true
llama_gqa,32,8,128,4,2048,64,29,18,3,head_major_head_first,head_major,head_first,2.723072,-0.0686243124781,0,0,true
llama_gqa,32,8,128,4,2048,64,29,19,0,block_major_head_first,block_major,head_first,2.80821,-0.0686243124781,0,0,true
llama_gqa,32,8,128,4,2048,64,29,19,1,head_major_head_first,head_major,head_first,2.72156,-0.0686243124781,0,0,true
llama_gqa,32,8,128,4,2048,64,29,19,2,block_major_block_first,block_major,block_first,2.719346,-0.0686243124781,0,0,true
llama_gqa,32,8,128,4,2048,64,29,19,3,head_major_block_first,head_major,block_first,2.737454,-0.0686243124781,0,0,true
llama_gqa,32,8,128,4,2048,64,47,0,0,block_major_head_first,block_major,head_first,2.844256,-15.0446234433,0,0,true
llama_gqa,32,8,128,4,2048,64,47,0,1,head_major_block_first,head_major,block_first,2.749762,-15.0446234433,0,0,true
llama_gqa,32,8,128,4,2048,64,47,0,2,head_major_head_first,head_major,head_first,2.692225,-15.0446234433,0,0,true
llama_gqa,32,8,128,4,2048,64,47,0,3,block_major_block_first,block_major,block_first,2.75475,-15.0446234433,0,0,true
llama_gqa,32,8,128,4,2048,64,47,1,0,block_major_block_first,block_major,block_first,2.724474,-15.0446234433,0,0,true
llama_gqa,32,8,128,4,2048,64,47,1,1,head_major_block_first,head_major,block_first,2.741209,-15.0446234433,0,0,true
llama_gqa,32,8,128,4,2048,64,47,1,2,block_major_head_first,block_major,head_first,2.829733,-15.0446234433,0,0,true
llama_gqa,32,8,128,4,2048,64,47,1,3,head_major_head_first,head_major,head_first,2.718946,-15.0446234433,0,0,true
llama_gqa,32,8,128,4,2048,64,47,2,0,head_major_block_first,head_major,block_first,2.723582,-15.0446234433,0,0,true
llama_gqa,32,8,128,4,2048,64,47,2,1,head_major_head_first,head_major,head_first,2.674778,-15.0446234433,0,0,true
llama_gqa,32,8,128,4,2048,64,47,2,2,block_major_head_first,block_major,head_first,2.82759,-15.0446234433,0,0,true
llama_gqa,32,8,128,4,2048,64,47,2,3,block_major_block_first,block_major,block_first,2.728691,-15.0446234433,0,0,true
llama_gqa,32,8,128,4,2048,64,47,3,0,head_major_head_first,head_major,head_first,2.710783,-15.0446234433,0,0,true
llama_gqa,32,8,128,4,2048,64,47,3,1,head_major_block_first,head_major,block_first,2.740638,-15.0446234433,0,0,true
llama_gqa,32,8,128,4,2048,64,47,3,2,block_major_head_first,block_major,head_first,2.827269,-15.0446234433,0,0,true
llama_gqa,32,8,128,4,2048,64,47,3,3,block_major_block_first,block_major,block_first,2.72815,-15.0446234433,0,0,true
llama_gqa,32,8,128,4,2048,64,47,4,0,block_major_block_first,block_major,block_first,2.72203,-15.0446234433,0,0,true
llama_gqa,32,8,128,4,2048,64,47,4,1,head_major_block_first,head_major,block_first,2.769923,-15.0446234433,0,0,true
llama_gqa,32,8,128,4,2048,64,47,4,2,block_major_head_first,block_major,head_first,2.783683,-15.0446234433,0,0,true
llama_gqa,32,8,128,4,2048,64,47,4,3,head_major_head_first,head_major,head_first,2.742691,-15.0446234433,0,0,true
llama_gqa,32,8,128,4,2048,64,47,5,0,head_major_head_first,head_major,head_first,2.707839,-15.0446234433,0,0,true
llama_gqa,32,8,128,4,2048,64,47,5,1,head_major_block_first,head_major,block_first,2.735801,-15.0446234433,0,0,true
llama_gqa,32,8,128,4,2048,64,47,5,2,block_major_block_first,block_major,block_first,2.802682,-15.0446234433,0,0,true
llama_gqa,32,8,128,4,2048,64,47,5,3,block_major_head_first,block_major,head_first,2.786497,-15.0446234433,0,0,true
llama_gqa,32,8,128,4,2048,64,47,6,0,block_major_head_first,block_major,head_first,2.760578,-15.0446234433,0,0,true
llama_gqa,32,8,128,4,2048,64,47,6,1,block_major_block_first,block_major,block_first,2.658655,-15.0446234433,0,0,true
llama_gqa,32,8,128,4,2048,64,47,6,2,head_major_head_first,head_major,head_first,2.871917,-15.0446234433,0,0,true
llama_gqa,32,8,128,4,2048,64,47,6,3,head_major_block_first,head_major,block_first,2.74807,-15.0446234433,0,0,true
llama_gqa,32,8,128,4,2048,64,47,7,0,head_major_block_first,head_major,block_first,2.647277,-15.0446234433,0,0,true
llama_gqa,32,8,128,4,2048,64,47,7,1,head_major_head_first,head_major,head_first,2.594347,-15.0446234433,0,0,true
llama_gqa,32,8,128,4,2048,64,47,7,2,block_major_head_first,block_major,head_first,2.934332,-15.0446234433,0,0,true
llama_gqa,32,8,128,4,2048,64,47,7,3,block_major_block_first,block_major,block_first,2.730262,-15.0446234433,0,0,true
llama_gqa,32,8,128,4,2048,64,47,8,0,block_major_head_first,block_major,head_first,2.69534,-15.0446234433,0,0,true
llama_gqa,32,8,128,4,2048,64,47,8,1,block_major_block_first,block_major,block_first,2.632585,-15.0446234433,0,0,true
llama_gqa,32,8,128,4,2048,64,47,8,2,head_major_head_first,head_major,head_first,2.93364,-15.0446234433,0,0,true
llama_gqa,32,8,128,4,2048,64,47,8,3,head_major_block_first,head_major,block_first,2.738225,-15.0446234433,0,0,true
llama_gqa,32,8,128,4,2048,64,47,9,0,head_major_head_first,head_major,head_first,2.618594,-15.0446234433,0,0,true
llama_gqa,32,8,128,4,2048,64,47,9,1,head_major_block_first,head_major,block_first,2.620437,-15.0446234433,0,0,true
llama_gqa,32,8,128,4,2048,64,47,9,2,block_major_head_first,block_major,head_first,2.903855,-15.0446234433,0,0,true
llama_gqa,32,8,128,4,2048,64,47,9,3,block_major_block_first,block_major,block_first,2.732005,-15.0446234433,0,0,true
llama_gqa,32,8,128,4,2048,64,47,10,0,head_major_head_first,head_major,head_first,2.87369,-15.0446234433,0,0,true
llama_gqa,32,8,128,4,2048,64,47,10,1,block_major_head_first,block_major,head_first,2.775922,-15.0446234433,0,0,true
llama_gqa,32,8,128,4,2048,64,47,10,2,head_major_block_first,head_major,block_first,2.766828,-15.0446234433,0,0,true
llama_gqa,32,8,128,4,2048,64,47,10,3,block_major_block_first,block_major,block_first,2.725485,-15.0446234433,0,0,true
llama_gqa,32,8,128,4,2048,64,47,11,0,head_major_head_first,head_major,head_first,2.716251,-15.0446234433,0,0,true
llama_gqa,32,8,128,4,2048,64,47,11,1,block_major_head_first,block_major,head_first,2.799949,-15.0446234433,0,0,true
llama_gqa,32,8,128,4,2048,64,47,11,2,block_major_block_first,block_major,block_first,2.733458,-15.0446234433,0,0,true
llama_gqa,32,8,128,4,2048,64,47,11,3,head_major_block_first,head_major,block_first,2.769753,-15.0446234433,0,0,true
llama_gqa,32,8,128,4,2048,64,47,12,0,block_major_head_first,block_major,head_first,2.761961,-15.0446234433,0,0,true
llama_gqa,32,8,128,4,2048,64,47,12,1,head_major_block_first,head_major,block_first,2.766157,-15.0446234433,0,0,true
llama_gqa,32,8,128,4,2048,64,47,12,2,block_major_block_first,block_major,block_first,2.72205,-15.0446234433,0,0,true
llama_gqa,32,8,128,4,2048,64,47,12,3,head_major_head_first,head_major,head_first,2.717293,-15.0446234433,0,0,true
llama_gqa,32,8,128,4,2048,64,47,13,0,block_major_head_first,block_major,head_first,2.80751,-15.0446234433,0,0,true
llama_gqa,32,8,128,4,2048,64,47,13,1,block_major_block_first,block_major,block_first,2.726166,-15.0446234433,0,0,true
llama_gqa,32,8,128,4,2048,64,47,13,2,head_major_block_first,head_major,block_first,2.793669,-15.0446234433,0,0,true
llama_gqa,32,8,128,4,2048,64,47,13,3,head_major_head_first,head_major,head_first,2.726847,-15.0446234433,0,0,true
llama_gqa,32,8,128,4,2048,64,47,14,0,head_major_block_first,head_major,block_first,2.739286,-15.0446234433,0,0,true
llama_gqa,32,8,128,4,2048,64,47,14,1,block_major_block_first,block_major,block_first,2.846108,-15.0446234433,0,0,true
llama_gqa,32,8,128,4,2048,64,47,14,2,block_major_head_first,block_major,head_first,2.770363,-15.0446234433,0,0,true
llama_gqa,32,8,128,4,2048,64,47,14,3,head_major_head_first,head_major,head_first,2.766527,-15.0446234433,0,0,true
llama_gqa,32,8,128,4,2048,64,47,15,0,head_major_head_first,head_major,head_first,2.728109,-15.0446234433,0,0,true
llama_gqa,32,8,128,4,2048,64,47,15,1,block_major_head_first,block_major,head_first,2.808601,-15.0446234433,0,0,true
llama_gqa,32,8,128,4,2048,64,47,15,2,block_major_block_first,block_major,block_first,2.713968,-15.0446234433,0,0,true
llama_gqa,32,8,128,4,2048,64,47,15,3,head_major_block_first,head_major,block_first,2.772056,-15.0446234433,0,0,true
llama_gqa,32,8,128,4,2048,64,47,16,0,block_major_head_first,block_major,head_first,2.773168,-15.0446234433,0,0,true
llama_gqa,32,8,128,4,2048,64,47,16,1,head_major_block_first,head_major,block_first,2.780118,-15.0446234433,0,0,true
llama_gqa,32,8,128,4,2048,64,47,16,2,head_major_head_first,head_major,head_first,2.724774,-15.0446234433,0,0,true
llama_gqa,32,8,128,4,2048,64,47,16,3,block_major_block_first,block_major,block_first,2.713087,-15.0446234433,0,0,true
llama_gqa,32,8,128,4,2048,64,47,17,0,block_major_block_first,block_major,block_first,2.716682,-15.0446234433,0,0,true
llama_gqa,32,8,128,4,2048,64,47,17,1,head_major_head_first,head_major,head_first,2.765436,-15.0446234433,0,0,true
llama_gqa,32,8,128,4,2048,64,47,17,2,block_major_head_first,block_major,head_first,2.785897,-15.0446234433,0,0,true
llama_gqa,32,8,128,4,2048,64,47,17,3,head_major_block_first,head_major,block_first,2.751324,-15.0446234433,0,0,true
llama_gqa,32,8,128,4,2048,64,47,18,0,head_major_block_first,head_major,block_first,2.74816,-15.0446234433,0,0,true
llama_gqa,32,8,128,4,2048,64,47,18,1,block_major_head_first,block_major,head_first,2.786448,-15.0446234433,0,0,true
llama_gqa,32,8,128,4,2048,64,47,18,2,head_major_head_first,head_major,head_first,2.705184,-15.0446234433,0,0,true
llama_gqa,32,8,128,4,2048,64,47,18,3,block_major_block_first,block_major,block_first,2.729772,-15.0446234433,0,0,true
llama_gqa,32,8,128,4,2048,64,47,19,0,block_major_head_first,block_major,head_first,2.767189,-15.0446234433,0,0,true
llama_gqa,32,8,128,4,2048,64,47,19,1,head_major_block_first,head_major,block_first,2.755451,-15.0446234433,0,0,true
llama_gqa,32,8,128,4,2048,64,47,19,2,head_major_head_first,head_major,head_first,2.702831,-15.0446234433,0,0,true
llama_gqa,32,8,128,4,2048,64,47,19,3,block_major_block_first,block_major,block_first,2.738936,-15.0446234433,0,0,true
llama_gqa,32,8,128,4,8192,64,11,0,0,block_major_block_first,block_major,block_first,11.610014,1.77196070493,0,0,true
llama_gqa,32,8,128,4,8192,64,11,0,1,head_major_block_first,head_major,block_first,11.559768,1.77196070493,0,0,true
llama_gqa,32,8,128,4,8192,64,11,0,2,block_major_head_first,block_major,head_first,11.841223,1.77196070493,0,0,true
llama_gqa,32,8,128,4,8192,64,11,0,3,head_major_head_first,head_major,head_first,11.520187,1.77196070493,0,0,true
llama_gqa,32,8,128,4,8192,64,11,1,0,head_major_head_first,head_major,head_first,11.502591,1.77196070493,0,0,true
llama_gqa,32,8,128,4,8192,64,11,1,1,block_major_head_first,block_major,head_first,12.041347,1.77196070493,0,0,true
llama_gqa,32,8,128,4,8192,64,11,1,2,head_major_block_first,head_major,block_first,11.584966,1.77196070493,0,0,true
llama_gqa,32,8,128,4,8192,64,11,1,3,block_major_block_first,block_major,block_first,11.555651,1.77196070493,0,0,true
llama_gqa,32,8,128,4,8192,64,11,2,0,block_major_block_first,block_major,block_first,11.518315,1.77196070493,0,0,true
llama_gqa,32,8,128,4,8192,64,11,2,1,block_major_head_first,block_major,head_first,12.005342,1.77196070493,0,0,true
llama_gqa,32,8,128,4,8192,64,11,2,2,head_major_head_first,head_major,head_first,11.545927,1.77196070493,0,0,true
llama_gqa,32,8,128,4,8192,64,11,2,3,head_major_block_first,head_major,block_first,11.504985,1.77196070493,0,0,true
llama_gqa,32,8,128,4,8192,64,11,3,0,head_major_block_first,head_major,block_first,11.580689,1.77196070493,0,0,true
llama_gqa,32,8,128,4,8192,64,11,3,1,head_major_head_first,head_major,head_first,11.181835,1.77196070493,0,0,true
llama_gqa,32,8,128,4,8192,64,11,3,2,block_major_block_first,block_major,block_first,11.541971,1.77196070493,0,0,true
llama_gqa,32,8,128,4,8192,64,11,3,3,block_major_head_first,block_major,head_first,11.994246,1.77196070493,0,0,true
llama_gqa,32,8,128,4,8192,64,11,4,0,block_major_block_first,block_major,block_first,11.58809,1.77196070493,0,0,true
llama_gqa,32,8,128,4,8192,64,11,4,1,head_major_head_first,head_major,head_first,11.516422,1.77196070493,0,0,true
llama_gqa,32,8,128,4,8192,64,11,4,2,block_major_head_first,block_major,head_first,11.790386,1.77196070493,0,0,true
llama_gqa,32,8,128,4,8192,64,11,4,3,head_major_block_first,head_major,block_first,11.60074,1.77196070493,0,0,true
llama_gqa,32,8,128,4,8192,64,11,5,0,block_major_block_first,block_major,block_first,11.63449,1.77196070493,0,0,true
llama_gqa,32,8,128,4,8192,64,11,5,1,block_major_head_first,block_major,head_first,11.812831,1.77196070493,0,0,true
llama_gqa,32,8,128,4,8192,64,11,5,2,head_major_block_first,head_major,block_first,11.589633,1.77196070493,0,0,true
llama_gqa,32,8,128,4,8192,64,11,5,3,head_major_head_first,head_major,head_first,11.495601,1.77196070493,0,0,true
llama_gqa,32,8,128,4,8192,64,11,6,0,head_major_head_first,head_major,head_first,11.174845,1.77196070493,0,0,true
llama_gqa,32,8,128,4,8192,64,11,6,1,head_major_block_first,head_major,block_first,11.246203,1.77196070493,0,0,true
llama_gqa,32,8,128,4,8192,64,11,6,2,block_major_block_first,block_major,block_first,11.559968,1.77196070493,0,0,true
llama_gqa,32,8,128,4,8192,64,11,6,3,block_major_head_first,block_major,head_first,12.030309,1.77196070493,0,0,true
llama_gqa,32,8,128,4,8192,64,11,7,0,head_major_head_first,head_major,head_first,11.510613,1.77196070493,0,0,true
llama_gqa,32,8,128,4,8192,64,11,7,1,head_major_block_first,head_major,block_first,11.590574,1.77196070493,0,0,true
llama_gqa,32,8,128,4,8192,64,11,7,2,block_major_block_first,block_major,block_first,11.579748,1.77196070493,0,0,true
llama_gqa,32,8,128,4,8192,64,11,7,3,block_major_head_first,block_major,head_first,11.81844,1.77196070493,0,0,true
llama_gqa,32,8,128,4,8192,64,11,8,0,head_major_block_first,head_major,block_first,11.633219,1.77196070493,0,0,true
llama_gqa,32,8,128,4,8192,64,11,8,1,head_major_head_first,head_major,head_first,11.505386,1.77196070493,0,0,true
llama_gqa,32,8,128,4,8192,64,11,8,2,block_major_head_first,block_major,head_first,11.879542,1.77196070493,0,0,true
llama_gqa,32,8,128,4,8192,64,11,8,3,block_major_block_first,block_major,block_first,11.553218,1.77196070493,0,0,true
llama_gqa,32,8,128,4,8192,64,11,9,0,head_major_block_first,head_major,block_first,11.589122,1.77196070493,0,0,true
llama_gqa,32,8,128,4,8192,64,11,9,1,block_major_block_first,block_major,block_first,11.556453,1.77196070493,0,0,true
llama_gqa,32,8,128,4,8192,64,11,9,2,head_major_head_first,head_major,head_first,11.512916,1.77196070493,0,0,true
llama_gqa,32,8,128,4,8192,64,11,9,3,block_major_head_first,block_major,head_first,11.811088,1.77196070493,0,0,true
llama_gqa,32,8,128,4,8192,64,11,10,0,head_major_block_first,head_major,block_first,11.617034,1.77196070493,0,0,true
llama_gqa,32,8,128,4,8192,64,11,10,1,block_major_block_first,block_major,block_first,11.576233,1.77196070493,0,0,true
llama_gqa,32,8,128,4,8192,64,11,10,2,block_major_head_first,block_major,head_first,11.801103,1.77196070493,0,0,true
llama_gqa,32,8,128,4,8192,64,11,10,3,head_major_head_first,head_major,head_first,11.581942,1.77196070493,0,0,true
llama_gqa,32,8,128,4,8192,64,11,11,0,head_major_block_first,head_major,block_first,11.540117,1.77196070493,0,0,true
llama_gqa,32,8,128,4,8192,64,11,11,1,block_major_block_first,block_major,block_first,11.561581,1.77196070493,0,0,true
llama_gqa,32,8,128,4,8192,64,11,11,2,head_major_head_first,head_major,head_first,11.491715,1.77196070493,0,0,true
llama_gqa,32,8,128,4,8192,64,11,11,3,block_major_head_first,block_major,head_first,11.798549,1.77196070493,0,0,true
llama_gqa,32,8,128,4,8192,64,11,12,0,block_major_block_first,block_major,block_first,11.582222,1.77196070493,0,0,true
llama_gqa,32,8,128,4,8192,64,11,12,1,block_major_head_first,block_major,head_first,12.006303,1.77196070493,0,0,true
llama_gqa,32,8,128,4,8192,64,11,12,2,head_major_block_first,head_major,block_first,11.575722,1.77196070493,0,0,true
llama_gqa,32,8,128,4,8192,64,11,12,3,head_major_head_first,head_major,head_first,11.488911,1.77196070493,0,0,true
llama_gqa,32,8,128,4,8192,64,11,13,0,head_major_block_first,head_major,block_first,11.577685,1.77196070493,0,0,true
llama_gqa,32,8,128,4,8192,64,11,13,1,block_major_block_first,block_major,block_first,11.564344,1.77196070493,0,0,true
llama_gqa,32,8,128,4,8192,64,11,13,2,block_major_head_first,block_major,head_first,11.816606,1.77196070493,0,0,true
llama_gqa,32,8,128,4,8192,64,11,13,3,head_major_head_first,head_major,head_first,11.508029,1.77196070493,0,0,true
llama_gqa,32,8,128,4,8192,64,11,14,0,block_major_head_first,block_major,head_first,11.810587,1.77196070493,0,0,true
llama_gqa,32,8,128,4,8192,64,11,14,1,head_major_head_first,head_major,head_first,11.506907,1.77196070493,0,0,true
llama_gqa,32,8,128,4,8192,64,11,14,2,block_major_block_first,block_major,block_first,11.558886,1.77196070493,0,0,true
llama_gqa,32,8,128,4,8192,64,11,14,3,head_major_block_first,head_major,block_first,11.587769,1.77196070493,0,0,true
llama_gqa,32,8,128,4,8192,64,11,15,0,block_major_block_first,block_major,block_first,11.629042,1.77196070493,0,0,true
llama_gqa,32,8,128,4,8192,64,11,15,1,block_major_head_first,block_major,head_first,11.79273,1.77196070493,0,0,true
llama_gqa,32,8,128,4,8192,64,11,15,2,head_major_head_first,head_major,head_first,11.540839,1.77196070493,0,0,true
llama_gqa,32,8,128,4,8192,64,11,15,3,head_major_block_first,head_major,block_first,11.566748,1.77196070493,0,0,true
llama_gqa,32,8,128,4,8192,64,11,16,0,head_major_head_first,head_major,head_first,11.47548,1.77196070493,0,0,true
llama_gqa,32,8,128,4,8192,64,11,16,1,head_major_block_first,head_major,block_first,11.295628,1.77196070493,0,0,true
llama_gqa,32,8,128,4,8192,64,11,16,2,block_major_head_first,block_major,head_first,12.042518,1.77196070493,0,0,true
llama_gqa,32,8,128,4,8192,64,11,16,3,block_major_block_first,block_major,block_first,11.55464,1.77196070493,0,0,true
llama_gqa,32,8,128,4,8192,64,11,17,0,block_major_head_first,block_major,head_first,12.184403,1.77196070493,0,0,true
llama_gqa,32,8,128,4,8192,64,11,17,1,head_major_block_first,head_major,block_first,11.591155,1.77196070493,0,0,true
llama_gqa,32,8,128,4,8192,64,11,17,2,head_major_head_first,head_major,head_first,11.488399,1.77196070493,0,0,true
llama_gqa,32,8,128,4,8192,64,11,17,3,block_major_block_first,block_major,block_first,11.591396,1.77196070493,0,0,true
llama_gqa,32,8,128,4,8192,64,11,18,0,head_major_head_first,head_major,head_first,11.532286,1.77196070493,0,0,true
llama_gqa,32,8,128,4,8192,64,11,18,1,head_major_block_first,head_major,block_first,11.589623,1.77196070493,0,0,true
llama_gqa,32,8,128,4,8192,64,11,18,2,block_major_block_first,block_major,block_first,11.57469,1.77196070493,0,0,true
llama_gqa,32,8,128,4,8192,64,11,18,3,block_major_head_first,block_major,head_first,11.907434,1.77196070493,0,0,true
llama_gqa,32,8,128,4,8192,64,11,19,0,head_major_block_first,head_major,block_first,11.612697,1.77196070493,0,0,true
llama_gqa,32,8,128,4,8192,64,11,19,1,block_major_block_first,block_major,block_first,11.579668,1.77196070493,0,0,true
llama_gqa,32,8,128,4,8192,64,11,19,2,block_major_head_first,block_major,head_first,11.813963,1.77196070493,0,0,true
llama_gqa,32,8,128,4,8192,64,11,19,3,head_major_head_first,head_major,head_first,11.550984,1.77196070493,0,0,true
llama_gqa,32,8,128,4,8192,64,29,0,0,block_major_head_first,block_major,head_first,11.824138,-4.98419535771,0,0,true
llama_gqa,32,8,128,4,8192,64,29,0,1,head_major_block_first,head_major,block_first,11.596703,-4.98419535771,0,0,true
llama_gqa,32,8,128,4,8192,64,29,0,2,head_major_head_first,head_major,head_first,11.507989,-4.98419535771,0,0,true
llama_gqa,32,8,128,4,8192,64,29,0,3,block_major_block_first,block_major,block_first,11.566969,-4.98419535771,0,0,true
llama_gqa,32,8,128,4,8192,64,29,1,0,block_major_head_first,block_major,head_first,11.84548,-4.98419535771,0,0,true
llama_gqa,32,8,128,4,8192,64,29,1,1,block_major_block_first,block_major,block_first,11.578486,-4.98419535771,0,0,true
llama_gqa,32,8,128,4,8192,64,29,1,2,head_major_block_first,head_major,block_first,11.582402,-4.98419535771,0,0,true
llama_gqa,32,8,128,4,8192,64,29,1,3,head_major_head_first,head_major,head_first,11.49528,-4.98419535771,0,0,true
llama_gqa,32,8,128,4,8192,64,29,2,0,block_major_block_first,block_major,block_first,11.563704,-4.98419535771,0,0,true
llama_gqa,32,8,128,4,8192,64,29,2,1,head_major_block_first,head_major,block_first,11.565916,-4.98419535771,0,0,true
llama_gqa,32,8,128,4,8192,64,29,2,2,head_major_head_first,head_major,head_first,11.500578,-4.98419535771,0,0,true
llama_gqa,32,8,128,4,8192,64,29,2,3,block_major_head_first,block_major,head_first,11.863227,-4.98419535771,0,0,true
llama_gqa,32,8,128,4,8192,64,29,3,0,block_major_block_first,block_major,block_first,11.564806,-4.98419535771,0,0,true
llama_gqa,32,8,128,4,8192,64,29,3,1,head_major_head_first,head_major,head_first,11.497494,-4.98419535771,0,0,true
llama_gqa,32,8,128,4,8192,64,29,3,2,head_major_block_first,head_major,block_first,11.597685,-4.98419535771,0,0,true
llama_gqa,32,8,128,4,8192,64,29,3,3,block_major_head_first,block_major,head_first,11.805269,-4.98419535771,0,0,true
llama_gqa,32,8,128,4,8192,64,29,4,0,head_major_head_first,head_major,head_first,11.507488,-4.98419535771,0,0,true
llama_gqa,32,8,128,4,8192,64,29,4,1,block_major_block_first,block_major,block_first,11.56828,-4.98419535771,0,0,true
llama_gqa,32,8,128,4,8192,64,29,4,2,block_major_head_first,block_major,head_first,11.776195,-4.98419535771,0,0,true
llama_gqa,32,8,128,4,8192,64,29,4,3,head_major_block_first,head_major,block_first,11.591936,-4.98419535771,0,0,true
llama_gqa,32,8,128,4,8192,64,29,5,0,block_major_head_first,block_major,head_first,11.828744,-4.98419535771,0,0,true
llama_gqa,32,8,128,4,8192,64,29,5,1,block_major_block_first,block_major,block_first,11.568461,-4.98419535771,0,0,true
llama_gqa,32,8,128,4,8192,64,29,5,2,head_major_block_first,head_major,block_first,11.59391,-4.98419535771,0,0,true
llama_gqa,32,8,128,4,8192,64,29,5,3,head_major_head_first,head_major,head_first,11.502831,-4.98419535771,0,0,true
llama_gqa,32,8,128,4,8192,64,29,6,0,head_major_block_first,head_major,block_first,11.580779,-4.98419535771,0,0,true
llama_gqa,32,8,128,4,8192,64,29,6,1,head_major_head_first,head_major,head_first,11.307074,-4.98419535771,0,0,true
llama_gqa,32,8,128,4,8192,64,29,6,2,block_major_head_first,block_major,head_first,12.141878,-4.98419535771,0,0,true
llama_gqa,32,8,128,4,8192,64,29,6,3,block_major_block_first,block_major,block_first,11.562662,-4.98419535771,0,0,true
llama_gqa,32,8,128,4,8192,64,29,7,0,head_major_head_first,head_major,head_first,11.5223,-4.98419535771,0,0,true
llama_gqa,32,8,128,4,8192,64,29,7,1,head_major_block_first,head_major,block_first,11.56097,-4.98419535771,0,0,true
llama_gqa,32,8,128,4,8192,64,29,7,2,block_major_block_first,block_major,block_first,11.573248,-4.98419535771,0,0,true
llama_gqa,32,8,128,4,8192,64,29,7,3,block_major_head_first,block_major,head_first,11.809546,-4.98419535771,0,0,true
llama_gqa,32,8,128,4,8192,64,29,8,0,head_major_block_first,head_major,block_first,11.550584,-4.98419535771,0,0,true
llama_gqa,32,8,128,4,8192,64,29,8,1,block_major_head_first,block_major,head_first,11.787922,-4.98419535771,0,0,true
llama_gqa,32,8,128,4,8192,64,29,8,2,head_major_head_first,head_major,head_first,11.513147,-4.98419535771,0,0,true
llama_gqa,32,8,128,4,8192,64,29,8,3,block_major_block_first,block_major,block_first,11.635172,-4.98419535771,0,0,true
llama_gqa,32,8,128,4,8192,64,29,9,0,head_major_head_first,head_major,head_first,11.527178,-4.98419535771,0,0,true
llama_gqa,32,8,128,4,8192,64,29,9,1,block_major_block_first,block_major,block_first,11.574339,-4.98419535771,0,0,true
llama_gqa,32,8,128,4,8192,64,29,9,2,block_major_head_first,block_major,head_first,11.900924,-4.98419535771,0,0,true
llama_gqa,32,8,128,4,8192,64,29,9,3,head_major_block_first,head_major,block_first,11.593689,-4.98419535771,0,0,true
llama_gqa,32,8,128,4,8192,64,29,10,0,block_major_head_first,block_major,head_first,11.800963,-4.98419535771,0,0,true
llama_gqa,32,8,128,4,8192,64,29,10,1,block_major_block_first,block_major,block_first,11.563362,-4.98419535771,0,0,true
llama_gqa,32,8,128,4,8192,64,29,10,2,head_major_head_first,head_major,head_first,11.492436,-4.98419535771,0,0,true
llama_gqa,32,8,128,4,8192,64,29,10,3,head_major_block_first,head_major,block_first,11.582321,-4.98419535771,0,0,true
llama_gqa,32,8,128,4,8192,64,29,11,0,head_major_block_first,head_major,block_first,11.553147,-4.98419535771,0,0,true
llama_gqa,32,8,128,4,8192,64,29,11,1,block_major_block_first,block_major,block_first,11.567169,-4.98419535771,0,0,true
llama_gqa,32,8,128,4,8192,64,29,11,2,head_major_head_first,head_major,head_first,11.540569,-4.98419535771,0,0,true
llama_gqa,32,8,128,4,8192,64,29,11,3,block_major_head_first,block_major,head_first,11.798039,-4.98419535771,0,0,true
llama_gqa,32,8,128,4,8192,64,29,12,0,head_major_block_first,head_major,block_first,11.587499,-4.98419535771,0,0,true
llama_gqa,32,8,128,4,8192,64,29,12,1,head_major_head_first,head_major,head_first,11.512475,-4.98419535771,0,0,true
llama_gqa,32,8,128,4,8192,64,29,12,2,block_major_block_first,block_major,block_first,11.572888,-4.98419535771,0,0,true
llama_gqa,32,8,128,4,8192,64,29,12,3,block_major_head_first,block_major,head_first,11.785549,-4.98419535771,0,0,true
llama_gqa,32,8,128,4,8192,64,29,13,0,block_major_head_first,block_major,head_first,11.826602,-4.98419535771,0,0,true
llama_gqa,32,8,128,4,8192,64,29,13,1,head_major_block_first,head_major,block_first,11.587259,-4.98419535771,0,0,true
llama_gqa,32,8,128,4,8192,64,29,13,2,block_major_block_first,block_major,block_first,11.560669,-4.98419535771,0,0,true
llama_gqa,32,8,128,4,8192,64,29,13,3,head_major_head_first,head_major,head_first,11.50159,-4.98419535771,0,0,true
llama_gqa,32,8,128,4,8192,64,29,14,0,head_major_block_first,head_major,block_first,11.571856,-4.98419535771,0,0,true
llama_gqa,32,8,128,4,8192,64,29,14,1,head_major_head_first,head_major,head_first,11.504323,-4.98419535771,0,0,true
llama_gqa,32,8,128,4,8192,64,29,14,2,block_major_block_first,block_major,block_first,11.564976,-4.98419535771,0,0,true
llama_gqa,32,8,128,4,8192,64,29,14,3,block_major_head_first,block_major,head_first,11.862596,-4.98419535771,0,0,true
llama_gqa,32,8,128,4,8192,64,29,15,0,head_major_block_first,head_major,block_first,11.575401,-4.98419535771,0,0,true
llama_gqa,32,8,128,4,8192,64,29,15,1,head_major_head_first,head_major,head_first,11.492335,-4.98419535771,0,0,true
llama_gqa,32,8,128,4,8192,64,29,15,2,block_major_block_first,block_major,block_first,11.565065,-4.98419535771,0,0,true
llama_gqa,32,8,128,4,8192,64,29,15,3,block_major_head_first,block_major,head_first,11.856888,-4.98419535771,0,0,true
llama_gqa,32,8,128,4,8192,64,29,16,0,head_major_block_first,head_major,block_first,11.598336,-4.98419535771,0,0,true
llama_gqa,32,8,128,4,8192,64,29,16,1,head_major_head_first,head_major,head_first,11.504022,-4.98419535771,0,0,true
llama_gqa,32,8,128,4,8192,64,29,16,2,block_major_head_first,block_major,head_first,11.811238,-4.98419535771,0,0,true
llama_gqa,32,8,128,4,8192,64,29,16,3,block_major_block_first,block_major,block_first,11.570454,-4.98419535771,0,0,true
llama_gqa,32,8,128,4,8192,64,29,17,0,head_major_head_first,head_major,head_first,11.526006,-4.98419535771,0,0,true
llama_gqa,32,8,128,4,8192,64,29,17,1,block_major_head_first,block_major,head_first,11.819371,-4.98419535771,0,0,true
llama_gqa,32,8,128,4,8192,64,29,17,2,block_major_block_first,block_major,block_first,11.563603,-4.98419535771,0,0,true
llama_gqa,32,8,128,4,8192,64,29,17,3,head_major_block_first,head_major,block_first,11.628672,-4.98419535771,0,0,true
llama_gqa,32,8,128,4,8192,64,29,18,0,block_major_block_first,block_major,block_first,11.551074,-4.98419535771,0,0,true
llama_gqa,32,8,128,4,8192,64,29,18,1,block_major_head_first,block_major,head_first,11.793712,-4.98419535771,0,0,true
llama_gqa,32,8,128,4,8192,64,29,18,2,head_major_head_first,head_major,head_first,11.499226,-4.98419535771,0,0,true
llama_gqa,32,8,128,4,8192,64,29,18,3,head_major_block_first,head_major,block_first,11.591515,-4.98419535771,0,0,true
llama_gqa,32,8,128,4,8192,64,29,19,0,head_major_block_first,head_major,block_first,11.637005,-4.98419535771,0,0,true
llama_gqa,32,8,128,4,8192,64,29,19,1,head_major_head_first,head_major,head_first,11.234114,-4.98419535771,0,0,true
llama_gqa,32,8,128,4,8192,64,29,19,2,block_major_block_first,block_major,block_first,11.542231,-4.98419535771,0,0,true
llama_gqa,32,8,128,4,8192,64,29,19,3,block_major_head_first,block_major,head_first,11.986603,-4.98419535771,0,0,true
llama_gqa,32,8,128,4,8192,64,47,0,0,block_major_head_first,block_major,head_first,11.846341,-5.23406216935,0,0,true
llama_gqa,32,8,128,4,8192,64,47,0,1,block_major_block_first,block_major,block_first,11.573809,-5.23406216935,0,0,true
llama_gqa,32,8,128,4,8192,64,47,0,2,head_major_block_first,head_major,block_first,11.584305,-5.23406216935,0,0,true
llama_gqa,32,8,128,4,8192,64,47,0,3,head_major_head_first,head_major,head_first,11.49548,-5.23406216935,0,0,true
llama_gqa,32,8,128,4,8192,64,47,1,0,block_major_head_first,block_major,head_first,11.822355,-5.23406216935,0,0,true
llama_gqa,32,8,128,4,8192,64,47,1,1,block_major_block_first,block_major,block_first,11.575642,-5.23406216935,0,0,true
llama_gqa,32,8,128,4,8192,64,47,1,2,head_major_block_first,head_major,block_first,11.593789,-5.23406216935,0,0,true
llama_gqa,32,8,128,4,8192,64,47,1,3,head_major_head_first,head_major,head_first,11.506888,-5.23406216935,0,0,true
llama_gqa,32,8,128,4,8192,64,47,2,0,block_major_block_first,block_major,block_first,11.577164,-5.23406216935,0,0,true
llama_gqa,32,8,128,4,8192,64,47,2,1,block_major_head_first,block_major,head_first,11.787042,-5.23406216935,0,0,true
llama_gqa,32,8,128,4,8192,64,47,2,2,head_major_block_first,head_major,block_first,11.597324,-5.23406216935,0,0,true
llama_gqa,32,8,128,4,8192,64,47,2,3,head_major_head_first,head_major,head_first,11.504164,-5.23406216935,0,0,true
llama_gqa,32,8,128,4,8192,64,47,3,0,head_major_block_first,head_major,block_first,11.318672,-5.23406216935,0,0,true
llama_gqa,32,8,128,4,8192,64,47,3,1,head_major_head_first,head_major,head_first,11.148695,-5.23406216935,0,0,true
llama_gqa,32,8,128,4,8192,64,47,3,2,block_major_head_first,block_major,head_first,12.122519,-5.23406216935,0,0,true
llama_gqa,32,8,128,4,8192,64,47,3,3,block_major_block_first,block_major,block_first,11.579247,-5.23406216935,0,0,true
llama_gqa,32,8,128,4,8192,64,47,4,0,block_major_head_first,block_major,head_first,12.100807,-5.23406216935,0,0,true
llama_gqa,32,8,128,4,8192,64,47,4,1,head_major_block_first,head_major,block_first,11.56791,-5.23406216935,0,0,true
llama_gqa,32,8,128,4,8192,64,47,4,2,block_major_block_first,block_major,block_first,11.568281,-5.23406216935,0,0,true
llama_gqa,32,8,128,4,8192,64,47,4,3,head_major_head_first,head_major,head_first,11.531215,-5.23406216935,0,0,true
llama_gqa,32,8,128,4,8192,64,47,5,0,head_major_block_first,head_major,block_first,11.602041,-5.23406216935,0,0,true
llama_gqa,32,8,128,4,8192,64,47,5,1,block_major_head_first,block_major,head_first,11.827943,-5.23406216935,0,0,true
llama_gqa,32,8,128,4,8192,64,47,5,2,head_major_head_first,head_major,head_first,11.50852,-5.23406216935,0,0,true
llama_gqa,32,8,128,4,8192,64,47,5,3,block_major_block_first,block_major,block_first,11.582723,-5.23406216935,0,0,true
llama_gqa,32,8,128,4,8192,64,47,6,0,block_major_head_first,block_major,head_first,11.80562,-5.23406216935,0,0,true
llama_gqa,32,8,128,4,8192,64,47,6,1,block_major_block_first,block_major,block_first,11.578666,-5.23406216935,0,0,true
llama_gqa,32,8,128,4,8192,64,47,6,2,head_major_head_first,head_major,head_first,11.496021,-5.23406216935,0,0,true
llama_gqa,32,8,128,4,8192,64,47,6,3,head_major_block_first,head_major,block_first,11.61412,-5.23406216935,0,0,true
llama_gqa,32,8,128,4,8192,64,47,7,0,head_major_block_first,head_major,block_first,11.566578,-5.23406216935,0,0,true
llama_gqa,32,8,128,4,8192,64,47,7,1,block_major_block_first,block_major,block_first,11.573588,-5.23406216935,0,0,true
llama_gqa,32,8,128,4,8192,64,47,7,2,block_major_head_first,block_major,head_first,11.794664,-5.23406216935,0,0,true
llama_gqa,32,8,128,4,8192,64,47,7,3,head_major_head_first,head_major,head_first,11.499336,-5.23406216935,0,0,true
llama_gqa,32,8,128,4,8192,64,47,8,0,block_major_head_first,block_major,head_first,11.794302,-5.23406216935,0,0,true
llama_gqa,32,8,128,4,8192,64,47,8,1,block_major_block_first,block_major,block_first,11.570955,-5.23406216935,0,0,true
llama_gqa,32,8,128,4,8192,64,47,8,2,head_major_block_first,head_major,block_first,11.571305,-5.23406216935,0,0,true
llama_gqa,32,8,128,4,8192,64,47,8,3,head_major_head_first,head_major,head_first,11.542752,-5.23406216935,0,0,true
llama_gqa,32,8,128,4,8192,64,47,9,0,block_major_head_first,block_major,head_first,11.795104,-5.23406216935,0,0,true
llama_gqa,32,8,128,4,8192,64,47,9,1,block_major_block_first,block_major,block_first,11.579046,-5.23406216935,0,0,true
llama_gqa,32,8,128,4,8192,64,47,9,2,head_major_head_first,head_major,head_first,11.508079,-5.23406216935,0,0,true
llama_gqa,32,8,128,4,8192,64,47,9,3,head_major_block_first,head_major,block_first,11.56809,-5.23406216935,0,0,true
llama_gqa,32,8,128,4,8192,64,47,10,0,block_major_head_first,block_major,head_first,11.817928,-5.23406216935,0,0,true
llama_gqa,32,8,128,4,8192,64,47,10,1,head_major_head_first,head_major,head_first,11.542071,-5.23406216935,0,0,true
llama_gqa,32,8,128,4,8192,64,47,10,2,head_major_block_first,head_major,block_first,11.597344,-5.23406216935,0,0,true
llama_gqa,32,8,128,4,8192,64,47,10,3,block_major_block_first,block_major,block_first,11.569542,-5.23406216935,0,0,true
llama_gqa,32,8,128,4,8192,64,47,11,0,head_major_head_first,head_major,head_first,11.593228,-5.23406216935,0,0,true
llama_gqa,32,8,128,4,8192,64,47,11,1,block_major_head_first,block_major,head_first,11.813411,-5.23406216935,0,0,true
llama_gqa,32,8,128,4,8192,64,47,11,2,head_major_block_first,head_major,block_first,11.584665,-5.23406216935,0,0,true
llama_gqa,32,8,128,4,8192,64,47,11,3,block_major_block_first,block_major,block_first,11.543383,-5.23406216935,0,0,true
llama_gqa,32,8,128,4,8192,64,47,12,0,head_major_head_first,head_major,head_first,11.490152,-5.23406216935,0,0,true
llama_gqa,32,8,128,4,8192,64,47,12,1,block_major_head_first,block_major,head_first,11.793201,-5.23406216935,0,0,true
llama_gqa,32,8,128,4,8192,64,47,12,2,head_major_block_first,head_major,block_first,11.604645,-5.23406216935,0,0,true
llama_gqa,32,8,128,4,8192,64,47,12,3,block_major_block_first,block_major,block_first,11.566488,-5.23406216935,0,0,true
llama_gqa,32,8,128,4,8192,64,47,13,0,head_major_block_first,head_major,block_first,11.568501,-5.23406216935,0,0,true
llama_gqa,32,8,128,4,8192,64,47,13,1,block_major_block_first,block_major,block_first,11.566077,-5.23406216935,0,0,true
llama_gqa,32,8,128,4,8192,64,47,13,2,head_major_head_first,head_major,head_first,11.501339,-5.23406216935,0,0,true
llama_gqa,32,8,128,4,8192,64,47,13,3,block_major_head_first,block_major,head_first,11.840713,-5.23406216935,0,0,true
llama_gqa,32,8,128,4,8192,64,47,14,0,block_major_head_first,block_major,head_first,11.824748,-5.23406216935,0,0,true
llama_gqa,32,8,128,4,8192,64,47,14,1,block_major_block_first,block_major,block_first,11.649573,-5.23406216935,0,0,true
llama_gqa,32,8,128,4,8192,64,47,14,2,head_major_head_first,head_major,head_first,11.505755,-5.23406216935,0,0,true
llama_gqa,32,8,128,4,8192,64,47,14,3,head_major_block_first,head_major,block_first,11.579667,-5.23406216935,0,0,true
llama_gqa,32,8,128,4,8192,64,47,15,0,block_major_head_first,block_major,head_first,11.792009,-5.23406216935,0,0,true
llama_gqa,32,8,128,4,8192,64,47,15,1,head_major_block_first,head_major,block_first,11.613058,-5.23406216935,0,0,true
llama_gqa,32,8,128,4,8192,64,47,15,2,block_major_block_first,block_major,block_first,11.562351,-5.23406216935,0,0,true
llama_gqa,32,8,128,4,8192,64,47,15,3,head_major_head_first,head_major,head_first,11.508389,-5.23406216935,0,0,true
llama_gqa,32,8,128,4,8192,64,47,16,0,block_major_block_first,block_major,block_first,11.568641,-5.23406216935,0,0,true
llama_gqa,32,8,128,4,8192,64,47,16,1,block_major_head_first,block_major,head_first,11.95078,-5.23406216935,0,0,true
llama_gqa,32,8,128,4,8192,64,47,16,2,head_major_block_first,head_major,block_first,11.606879,-5.23406216935,0,0,true
llama_gqa,32,8,128,4,8192,64,47,16,3,head_major_head_first,head_major,head_first,11.499427,-5.23406216935,0,0,true
llama_gqa,32,8,128,4,8192,64,47,17,0,block_major_head_first,block_major,head_first,11.828144,-5.23406216935,0,0,true
llama_gqa,32,8,128,4,8192,64,47,17,1,head_major_block_first,head_major,block_first,11.59465,-5.23406216935,0,0,true
llama_gqa,32,8,128,4,8192,64,47,17,2,head_major_head_first,head_major,head_first,11.496753,-5.23406216935,0,0,true
llama_gqa,32,8,128,4,8192,64,47,17,3,block_major_block_first,block_major,block_first,11.605877,-5.23406216935,0,0,true
llama_gqa,32,8,128,4,8192,64,47,18,0,head_major_block_first,head_major,block_first,11.591255,-5.23406216935,0,0,true
llama_gqa,32,8,128,4,8192,64,47,18,1,head_major_head_first,head_major,head_first,11.366285,-5.23406216935,0,0,true
llama_gqa,32,8,128,4,8192,64,47,18,2,block_major_block_first,block_major,block_first,11.553858,-5.23406216935,0,0,true
llama_gqa,32,8,128,4,8192,64,47,18,3,block_major_head_first,block_major,head_first,12.016779,-5.23406216935,0,0,true
llama_gqa,32,8,128,4,8192,64,47,19,0,head_major_head_first,head_major,head_first,11.503853,-5.23406216935,0,0,true
llama_gqa,32,8,128,4,8192,64,47,19,1,block_major_block_first,block_major,block_first,11.599378,-5.23406216935,0,0,true
llama_gqa,32,8,128,4,8192,64,47,19,2,head_major_block_first,head_major,block_first,11.585857,-5.23406216935,0,0,true
llama_gqa,32,8,128,4,8192,64,47,19,3,block_major_head_first,block_major,head_first,11.797988,-5.23406216935,0,0,true
llama_gqa,32,8,128,4,16384,64,11,0,0,head_major_block_first,head_major,block_first,23.527072,2.44158965785,0,0,true
llama_gqa,32,8,128,4,16384,64,11,0,1,block_major_head_first,block_major,head_first,23.795428,2.44158965785,0,0,true
llama_gqa,32,8,128,4,16384,64,11,0,2,block_major_block_first,block_major,block_first,23.155049,2.44158965785,0,0,true
llama_gqa,32,8,128,4,16384,64,11,0,3,head_major_head_first,head_major,head_first,22.997391,2.44158965785,0,0,true
llama_gqa,32,8,128,4,16384,64,11,1,0,block_major_block_first,block_major,block_first,23.128298,2.44158965785,0,0,true
llama_gqa,32,8,128,4,16384,64,11,1,1,head_major_block_first,head_major,block_first,23.64491,2.44158965785,0,0,true
llama_gqa,32,8,128,4,16384,64,11,1,2,block_major_head_first,block_major,head_first,23.813015,2.44158965785,0,0,true
llama_gqa,32,8,128,4,16384,64,11,1,3,head_major_head_first,head_major,head_first,22.975087,2.44158965785,0,0,true
llama_gqa,32,8,128,4,16384,64,11,2,0,block_major_head_first,block_major,head_first,23.801797,2.44158965785,0,0,true
llama_gqa,32,8,128,4,16384,64,11,2,1,head_major_block_first,head_major,block_first,23.585511,2.44158965785,0,0,true
llama_gqa,32,8,128,4,16384,64,11,2,2,head_major_head_first,head_major,head_first,22.983809,2.44158965785,0,0,true
llama_gqa,32,8,128,4,16384,64,11,2,3,block_major_block_first,block_major,block_first,23.150802,2.44158965785,0,0,true
llama_gqa,32,8,128,4,16384,64,11,3,0,head_major_head_first,head_major,head_first,23.03078,2.44158965785,0,0,true
llama_gqa,32,8,128,4,16384,64,11,3,1,block_major_head_first,block_major,head_first,23.840717,2.44158965785,0,0,true
llama_gqa,32,8,128,4,16384,64,11,3,2,block_major_block_first,block_major,block_first,23.111012,2.44158965785,0,0,true
llama_gqa,32,8,128,4,16384,64,11,3,3,head_major_block_first,head_major,block_first,23.57874,2.44158965785,0,0,true
llama_gqa,32,8,128,4,16384,64,11,4,0,head_major_block_first,head_major,block_first,23.590708,2.44158965785,0,0,true
llama_gqa,32,8,128,4,16384,64,11,4,1,block_major_block_first,block_major,block_first,23.130511,2.44158965785,0,0,true
llama_gqa,32,8,128,4,16384,64,11,4,2,head_major_head_first,head_major,head_first,22.982237,2.44158965785,0,0,true
llama_gqa,32,8,128,4,16384,64,11,4,3,block_major_head_first,block_major,head_first,23.941179,2.44158965785,0,0,true
llama_gqa,32,8,128,4,16384,64,11,5,0,block_major_block_first,block_major,block_first,23.110561,2.44158965785,0,0,true
llama_gqa,32,8,128,4,16384,64,11,5,1,head_major_head_first,head_major,head_first,22.98361,2.44158965785,0,0,true
llama_gqa,32,8,128,4,16384,64,11,5,2,head_major_block_first,head_major,block_first,23.580773,2.44158965785,0,0,true
llama_gqa,32,8,128,4,16384,64,11,5,3,block_major_head_first,block_major,head_first,23.804592,2.44158965785,0,0,true
llama_gqa,32,8,128,4,16384,64,11,6,0,block_major_block_first,block_major,block_first,23.134657,2.44158965785,0,0,true
llama_gqa,32,8,128,4,16384,64,11,6,1,head_major_block_first,head_major,block_first,23.527653,2.44158965785,0,0,true
llama_gqa,32,8,128,4,16384,64,11,6,2,block_major_head_first,block_major,head_first,23.84309,2.44158965785,0,0,true
llama_gqa,32,8,128,4,16384,64,11,6,3,head_major_head_first,head_major,head_first,22.995878,2.44158965785,0,0,true
llama_gqa,32,8,128,4,16384,64,11,7,0,head_major_head_first,head_major,head_first,22.962687,2.44158965785,0,0,true
llama_gqa,32,8,128,4,16384,64,11,7,1,block_major_block_first,block_major,block_first,23.170582,2.44158965785,0,0,true
llama_gqa,32,8,128,4,16384,64,11,7,2,head_major_block_first,head_major,block_first,23.594573,2.44158965785,0,0,true
llama_gqa,32,8,128,4,16384,64,11,7,3,block_major_head_first,block_major,head_first,23.787306,2.44158965785,0,0,true
llama_gqa,32,8,128,4,16384,64,11,8,0,head_major_head_first,head_major,head_first,22.993514,2.44158965785,0,0,true
llama_gqa,32,8,128,4,16384,64,11,8,1,head_major_block_first,head_major,block_first,23.577779,2.44158965785,0,0,true
llama_gqa,32,8,128,4,16384,64,11,8,2,block_major_block_first,block_major,block_first,23.128088,2.44158965785,0,0,true
llama_gqa,32,8,128,4,16384,64,11,8,3,block_major_head_first,block_major,head_first,23.805323,2.44158965785,0,0,true
llama_gqa,32,8,128,4,16384,64,11,9,0,block_major_head_first,block_major,head_first,23.798001,2.44158965785,0,0,true
llama_gqa,32,8,128,4,16384,64,11,9,1,head_major_head_first,head_major,head_first,23.092625,2.44158965785,0,0,true
llama_gqa,32,8,128,4,16384,64,11,9,2,block_major_block_first,block_major,block_first,23.119014,2.44158965785,0,0,true
llama_gqa,32,8,128,4,16384,64,11,9,3,head_major_block_first,head_major,block_first,23.539942,2.44158965785,0,0,true
llama_gqa,32,8,128,4,16384,64,11,10,0,head_major_block_first,head_major,block_first,23.516436,2.44158965785,0,0,true
llama_gqa,32,8,128,4,16384,64,11,10,1,block_major_head_first,block_major,head_first,23.778062,2.44158965785,0,0,true
llama_gqa,32,8,128,4,16384,64,11,10,2,head_major_head_first,head_major,head_first,22.999864,2.44158965785,0,0,true
llama_gqa,32,8,128,4,16384,64,11,10,3,block_major_block_first,block_major,block_first,23.114097,2.44158965785,0,0,true
llama_gqa,32,8,128,4,16384,64,11,11,0,block_major_head_first,block_major,head_first,23.841337,2.44158965785,0,0,true
llama_gqa,32,8,128,4,16384,64,11,11,1,head_major_block_first,head_major,block_first,23.648816,2.44158965785,0,0,true
llama_gqa,32,8,128,4,16384,64,11,11,2,head_major_head_first,head_major,head_first,22.995757,2.44158965785,0,0,true
llama_gqa,32,8,128,4,16384,64,11,11,3,block_major_block_first,block_major,block_first,23.101438,2.44158965785,0,0,true
llama_gqa,32,8,128,4,16384,64,11,12,0,block_major_block_first,block_major,block_first,23.150892,2.44158965785,0,0,true
llama_gqa,32,8,128,4,16384,64,11,12,1,head_major_head_first,head_major,head_first,23.008487,2.44158965785,0,0,true
llama_gqa,32,8,128,4,16384,64,11,12,2,block_major_head_first,block_major,head_first,23.822218,2.44158965785,0,0,true
llama_gqa,32,8,128,4,16384,64,11,12,3,head_major_block_first,head_major,block_first,23.57847,2.44158965785,0,0,true
llama_gqa,32,8,128,4,16384,64,11,13,0,block_major_head_first,block_major,head_first,23.785302,2.44158965785,0,0,true
llama_gqa,32,8,128,4,16384,64,11,13,1,block_major_block_first,block_major,block_first,23.148689,2.44158965785,0,0,true
llama_gqa,32,8,128,4,16384,64,11,13,2,head_major_block_first,head_major,block_first,23.584248,2.44158965785,0,0,true
llama_gqa,32,8,128,4,16384,64,11,13,3,head_major_head_first,head_major,head_first,22.983829,2.44158965785,0,0,true
llama_gqa,32,8,128,4,16384,64,11,14,0,head_major_head_first,head_major,head_first,23.035097,2.44158965785,0,0,true
llama_gqa,32,8,128,4,16384,64,11,14,1,head_major_block_first,head_major,block_first,23.474653,2.44158965785,0,0,true
llama_gqa,32,8,128,4,16384,64,11,14,2,block_major_head_first,block_major,head_first,24.242776,2.44158965785,0,0,true
llama_gqa,32,8,128,4,16384,64,11,14,3,block_major_block_first,block_major,block_first,23.119945,2.44158965785,0,0,true
llama_gqa,32,8,128,4,16384,64,11,15,0,head_major_head_first,head_major,head_first,23.017951,2.44158965785,0,0,true
llama_gqa,32,8,128,4,16384,64,11,15,1,block_major_head_first,block_major,head_first,23.908549,2.44158965785,0,0,true
llama_gqa,32,8,128,4,16384,64,11,15,2,block_major_block_first,block_major,block_first,23.119785,2.44158965785,0,0,true
llama_gqa,32,8,128,4,16384,64,11,15,3,head_major_block_first,head_major,block_first,23.593743,2.44158965785,0,0,true
llama_gqa,32,8,128,4,16384,64,11,16,0,head_major_head_first,head_major,head_first,22.979533,2.44158965785,0,0,true
llama_gqa,32,8,128,4,16384,64,11,16,1,head_major_block_first,head_major,block_first,23.618621,2.44158965785,0,0,true
llama_gqa,32,8,128,4,16384,64,11,16,2,block_major_head_first,block_major,head_first,23.817761,2.44158965785,0,0,true
llama_gqa,32,8,128,4,16384,64,11,16,3,block_major_block_first,block_major,block_first,23.113826,2.44158965785,0,0,true
llama_gqa,32,8,128,4,16384,64,11,17,0,block_major_head_first,block_major,head_first,23.799053,2.44158965785,0,0,true
llama_gqa,32,8,128,4,16384,64,11,17,1,head_major_block_first,head_major,block_first,23.606572,2.44158965785,0,0,true
llama_gqa,32,8,128,4,16384,64,11,17,2,head_major_head_first,head_major,head_first,22.979573,2.44158965785,0,0,true
llama_gqa,32,8,128,4,16384,64,11,17,3,block_major_block_first,block_major,block_first,23.123901,2.44158965785,0,0,true
llama_gqa,32,8,128,4,16384,64,11,18,0,block_major_block_first,block_major,block_first,23.151874,2.44158965785,0,0,true
llama_gqa,32,8,128,4,16384,64,11,18,1,head_major_head_first,head_major,head_first,22.999564,2.44158965785,0,0,true
llama_gqa,32,8,128,4,16384,64,11,18,2,head_major_block_first,head_major,block_first,23.569847,2.44158965785,0,0,true
llama_gqa,32,8,128,4,16384,64,11,18,3,block_major_head_first,block_major,head_first,23.867747,2.44158965785,0,0,true
llama_gqa,32,8,128,4,16384,64,11,19,0,head_major_head_first,head_major,head_first,22.987234,2.44158965785,0,0,true
llama_gqa,32,8,128,4,16384,64,11,19,1,block_major_block_first,block_major,block_first,23.135429,2.44158965785,0,0,true
llama_gqa,32,8,128,4,16384,64,11,19,2,head_major_block_first,head_major,block_first,23.583848,2.44158965785,0,0,true
llama_gqa,32,8,128,4,16384,64,11,19,3,block_major_head_first,block_major,head_first,23.862139,2.44158965785,0,0,true
llama_gqa,32,8,128,4,16384,64,29,0,0,block_major_head_first,block_major,head_first,23.845633,-1.72906401912,0,0,true
llama_gqa,32,8,128,4,16384,64,29,0,1,head_major_head_first,head_major,head_first,22.996058,-1.72906401912,0,0,true
llama_gqa,32,8,128,4,16384,64,29,0,2,head_major_block_first,head_major,block_first,23.583847,-1.72906401912,0,0,true
llama_gqa,32,8,128,4,16384,64,29,0,3,block_major_block_first,block_major,block_first,23.161007,-1.72906401912,0,0,true
llama_gqa,32,8,128,4,16384,64,29,1,0,block_major_head_first,block_major,head_first,23.78376,-1.72906401912,0,0,true
llama_gqa,32,8,128,4,16384,64,29,1,1,block_major_block_first,block_major,block_first,23.154498,-1.72906401912,0,0,true
llama_gqa,32,8,128,4,16384,64,29,1,2,head_major_block_first,head_major,block_first,23.586081,-1.72906401912,0,0,true
llama_gqa,32,8,128,4,16384,64,29,1,3,head_major_head_first,head_major,head_first,22.994196,-1.72906401912,0,0,true
llama_gqa,32,8,128,4,16384,64,29,2,0,head_major_head_first,head_major,head_first,23.018582,-1.72906401912,0,0,true
llama_gqa,32,8,128,4,16384,64,29,2,1,head_major_block_first,head_major,block_first,23.587724,-1.72906401912,0,0,true
llama_gqa,32,8,128,4,16384,64,29,2,2,block_major_block_first,block_major,block_first,23.091121,-1.72906401912,0,0,true
llama_gqa,32,8,128,4,16384,64,29,2,3,block_major_head_first,block_major,head_first,23.831543,-1.72906401912,0,0,true
llama_gqa,32,8,128,4,16384,64,29,3,0,head_major_head_first,head_major,head_first,23.064071,-1.72906401912,0,0,true
llama_gqa,32,8,128,4,16384,64,29,3,1,head_major_block_first,head_major,block_first,23.569776,-1.72906401912,0,0,true
llama_gqa,32,8,128,4,16384,64,29,3,2,block_major_head_first,block_major,head_first,23.855599,-1.72906401912,0,0,true
llama_gqa,32,8,128,4,16384,64,29,3,3,block_major_block_first,block_major,block_first,23.113476,-1.72906401912,0,0,true
llama_gqa,32,8,128,4,16384,64,29,4,0,head_major_head_first,head_major,head_first,22.965693,-1.72906401912,0,0,true
llama_gqa,32,8,128,4,16384,64,29,4,1,head_major_block_first,head_major,block_first,23.580012,-1.72906401912,0,0,true
llama_gqa,32,8,128,4,16384,64,29,4,2,block_major_head_first,block_major,head_first,23.865814,-1.72906401912,0,0,true
llama_gqa,32,8,128,4,16384,64,29,4,3,block_major_block_first,block_major,block_first,23.239898,-1.72906401912,0,0,true
llama_gqa,32,8,128,4,16384,64,29,5,0,head_major_head_first,head_major,head_first,22.983239,-1.72906401912,0,0,true
llama_gqa,32,8,128,4,16384,64,29,5,1,head_major_block_first,head_major,block_first,23.558829,-1.72906401912,0,0,true
llama_gqa,32,8,128,4,16384,64,29,5,2,block_major_head_first,block_major,head_first,23.837531,-1.72906401912,0,0,true
llama_gqa,32,8,128,4,16384,64,29,5,3,block_major_block_first,block_major,block_first,23.177833,-1.72906401912,0,0,true
llama_gqa,32,8,128,4,16384,64,29,6,0,block_major_head_first,block_major,head_first,23.778532,-1.72906401912,0,0,true
llama_gqa,32,8,128,4,16384,64,29,6,1,head_major_block_first,head_major,block_first,23.575916,-1.72906401912,0,0,true
llama_gqa,32,8,128,4,16384,64,29,6,2,block_major_block_first,block_major,block_first,23.141588,-1.72906401912,0,0,true
llama_gqa,32,8,128,4,16384,64,29,6,3,head_major_head_first,head_major,head_first,23.060085,-1.72906401912,0,0,true
llama_gqa,32,8,128,4,16384,64,29,7,0,head_major_head_first,head_major,head_first,23.009488,-1.72906401912,0,0,true
llama_gqa,32,8,128,4,16384,64,29,7,1,block_major_block_first,block_major,block_first,23.203443,-1.72906401912,0,0,true
llama_gqa,32,8,128,4,16384,64,29,7,2,head_major_block_first,head_major,block_first,23.53272,-1.72906401912,0,0,true
llama_gqa,32,8,128,4,16384,64,29,7,3,block_major_head_first,block_major,head_first,23.907026,-1.72906401912,0,0,true
llama_gqa,32,8,128,4,16384,64,29,8,0,block_major_block_first,block_major,block_first,23.119444,-1.72906401912,0,0,true
llama_gqa,32,8,128,4,16384,64,29,8,1,head_major_block_first,head_major,block_first,23.638951,-1.72906401912,0,0,true
llama_gqa,32,8,128,4,16384,64,29,8,2,head_major_head_first,head_major,head_first,23.066344,-1.72906401912,0,0,true
llama_gqa,32,8,128,4,16384,64,29,8,3,block_major_head_first,block_major,head_first,23.819735,-1.72906401912,0,0,true
llama_gqa,32,8,128,4,16384,64,29,9,0,block_major_head_first,block_major,head_first,23.767926,-1.72906401912,0,0,true
llama_gqa,32,8,128,4,16384,64,29,9,1,head_major_block_first,head_major,block_first,23.686963,-1.72906401912,0,0,true
llama_gqa,32,8,128,4,16384,64,29,9,2,head_major_head_first,head_major,head_first,23.033996,-1.72906401912,0,0,true
llama_gqa,32,8,128,4,16384,64,29,9,3,block_major_block_first,block_major,block_first,23.097922,-1.72906401912,0,0,true
llama_gqa,32,8,128,4,16384,64,29,10,0,block_major_head_first,block_major,head_first,23.749738,-1.72906401912,0,0,true
llama_gqa,32,8,128,4,16384,64,29,10,1,head_major_head_first,head_major,head_first,23.033074,-1.72906401912,0,0,true
llama_gqa,32,8,128,4,16384,64,29,10,2,block_major_block_first,block_major,block_first,23.097261,-1.72906401912,0,0,true
llama_gqa,32,8,128,4,16384,64,29,10,3,head_major_block_first,head_major,block_first,23.57862,-1.72906401912,0,0,true
llama_gqa,32,8,128,4,16384,64,29,11,0,head_major_head_first,head_major,head_first,22.992122,-1.72906401912,0,0,true
llama_gqa,32,8,128,4,16384,64,29,11,1,block_major_head_first,block_major,head_first,23.81698,-1.72906401912,0,0,true
llama_gqa,32,8,128,4,16384,64,29,11,2,head_major_block_first,head_major,block_first,23.600173,-1.72906401912,0,0,true
llama_gqa,32,8,128,4,16384,64,29,11,3,block_major_block_first,block_major,block_first,23.079134,-1.72906401912,0,0,true
llama_gqa,32,8,128,4,16384,64,29,12,0,head_major_head_first,head_major,head_first,22.995507,-1.72906401912,0,0,true
llama_gqa,32,8,128,4,16384,64,29,12,1,block_major_block_first,block_major,block_first,23.134578,-1.72906401912,0,0,true
llama_gqa,32,8,128,4,16384,64,29,12,2,block_major_head_first,block_major,head_first,23.780255,-1.72906401912,0,0,true
llama_gqa,32,8,128,4,16384,64,29,12,3,head_major_block_first,head_major,block_first,23.595104,-1.72906401912,0,0,true
llama_gqa,32,8,128,4,16384,64,29,13,0,block_major_head_first,block_major,head_first,23.816169,-1.72906401912,0,0,true
llama_gqa,32,8,128,4,16384,64,29,13,1,block_major_block_first,block_major,block_first,23.133386,-1.72906401912,0,0,true
llama_gqa,32,8,128,4,16384,64,29,13,2,head_major_block_first,head_major,block_first,23.616787,-1.72906401912,0,0,true
llama_gqa,32,8,128,4,16384,64,29,13,3,head_major_head_first,head_major,head_first,23.027415,-1.72906401912,0,0,true
llama_gqa,32,8,128,4,16384,64,29,14,0,block_major_block_first,block_major,block_first,23.105493,-1.72906401912,0,0,true
llama_gqa,32,8,128,4,16384,64,29,14,1,head_major_block_first,head_major,block_first,23.588124,-1.72906401912,0,0,true
llama_gqa,32,8,128,4,16384,64,29,14,2,block_major_head_first,block_major,head_first,23.802749,-1.72906401912,0,0,true
llama_gqa,32,8,128,4,16384,64,29,14,3,head_major_head_first,head_major,head_first,23.019994,-1.72906401912,0,0,true
llama_gqa,32,8,128,4,16384,64,29,15,0,block_major_block_first,block_major,block_first,23.106545,-1.72906401912,0,0,true
llama_gqa,32,8,128,4,16384,64,29,15,1,block_major_head_first,block_major,head_first,23.907337,-1.72906401912,0,0,true
llama_gqa,32,8,128,4,16384,64,29,15,2,head_major_head_first,head_major,head_first,22.981586,-1.72906401912,0,0,true
llama_gqa,32,8,128,4,16384,64,29,15,3,head_major_block_first,head_major,block_first,23.580132,-1.72906401912,0,0,true
llama_gqa,32,8,128,4,16384,64,29,16,0,block_major_head_first,block_major,head_first,23.802749,-1.72906401912,0,0,true
llama_gqa,32,8,128,4,16384,64,29,16,1,head_major_head_first,head_major,head_first,22.984821,-1.72906401912,0,0,true
llama_gqa,32,8,128,4,16384,64,29,16,2,block_major_block_first,block_major,block_first,23.123641,-1.72906401912,0,0,true
llama_gqa,32,8,128,4,16384,64,29,16,3,head_major_block_first,head_major,block_first,23.587614,-1.72906401912,0,0,true
llama_gqa,32,8,128,4,16384,64,29,17,0,head_major_block_first,head_major,block_first,23.538669,-1.72906401912,0,0,true
llama_gqa,32,8,128,4,16384,64,29,17,1,head_major_head_first,head_major,head_first,22.982407,-1.72906401912,0,0,true
llama_gqa,32,8,128,4,16384,64,29,17,2,block_major_head_first,block_major,head_first,23.804132,-1.72906401912,0,0,true
llama_gqa,32,8,128,4,16384,64,29,17,3,block_major_block_first,block_major,block_first,23.161248,-1.72906401912,0,0,true
llama_gqa,32,8,128,4,16384,64,29,18,0,block_major_head_first,block_major,head_first,23.725081,-1.72906401912,0,0,true
llama_gqa,32,8,128,4,16384,64,29,18,1,head_major_block_first,head_major,block_first,23.621875,-1.72906401912,0,0,true
llama_gqa,32,8,128,4,16384,64,29,18,2,head_major_head_first,head_major,head_first,22.994206,-1.72906401912,0,0,true
llama_gqa,32,8,128,4,16384,64,29,18,3,block_major_block_first,block_major,block_first,23.101257,-1.72906401912,0,0,true
llama_gqa,32,8,128,4,16384,64,29,19,0,head_major_head_first,head_major,head_first,22.981095,-1.72906401912,0,0,true
llama_gqa,32,8,128,4,16384,64,29,19,1,head_major_block_first,head_major,block_first,23.590447,-1.72906401912,0,0,true
llama_gqa,32,8,128,4,16384,64,29,19,2,block_major_block_first,block_major,block_first,23.091143,-1.72906401912,0,0,true
llama_gqa,32,8,128,4,16384,64,29,19,3,block_major_head_first,block_major,head_first,23.851282,-1.72906401912,0,0,true
llama_gqa,32,8,128,4,16384,64,47,0,0,block_major_head_first,block_major,head_first,23.842719,-1.07429961004,0,0,true
llama_gqa,32,8,128,4,16384,64,47,0,1,head_major_head_first,head_major,head_first,23.000985,-1.07429961004,0,0,true
llama_gqa,32,8,128,4,16384,64,47,0,2,block_major_block_first,block_major,block_first,23.127086,-1.07429961004,0,0,true
llama_gqa,32,8,128,4,16384,64,47,0,3,head_major_block_first,head_major,block_first,23.560022,-1.07429961004,0,0,true
llama_gqa,32,8,128,4,16384,64,47,1,0,head_major_head_first,head_major,head_first,23.055789,-1.07429961004,0,0,true
llama_gqa,32,8,128,4,16384,64,47,1,1,block_major_head_first,block_major,head_first,23.77721,-1.07429961004,0,0,true
llama_gqa,32,8,128,4,16384,64,47,1,2,block_major_block_first,block_major,block_first,23.179776,-1.07429961004,0,0,true
llama_gqa,32,8,128,4,16384,64,47,1,3,head_major_block_first,head_major,block_first,23.593602,-1.07429961004,0,0,true
llama_gqa,32,8,128,4,16384,64,47,2,0,head_major_block_first,head_major,block_first,23.657759,-1.07429961004,0,0,true
llama_gqa,32,8,128,4,16384,64,47,2,1,block_major_head_first,block_major,head_first,23.794156,-1.07429961004,0,0,true
llama_gqa,32,8,128,4,16384,64,47,2,2,head_major_head_first,head_major,head_first,23.000685,-1.07429961004,0,0,true
llama_gqa,32,8,128,4,16384,64,47,2,3,block_major_block_first,block_major,block_first,23.120506,-1.07429961004,0,0,true
llama_gqa,32,8,128,4,16384,64,47,3,0,head_major_block_first,head_major,block_first,23.562676,-1.07429961004,0,0,true
llama_gqa,32,8,128,4,16384,64,47,3,1,block_major_head_first,block_major,head_first,23.841468,-1.07429961004,0,0,true
llama_gqa,32,8,128,4,16384,64,47,3,2,head_major_head_first,head_major,head_first,23.060385,-1.07429961004,0,0,true
llama_gqa,32,8,128,4,16384,64,47,3,3,block_major_block_first,block_major,block_first,23.143892,-1.07429961004,0,0,true
llama_gqa,32,8,128,4,16384,64,47,4,0,block_major_head_first,block_major,head_first,23.827766,-1.07429961004,0,0,true
llama_gqa,32,8,128,4,16384,64,47,4,1,head_major_block_first,head_major,block_first,23.58576,-1.07429961004,0,0,true
llama_gqa,32,8,128,4,16384,64,47,4,2,block_major_block_first,block_major,block_first,23.160226,-1.07429961004,0,0,true
llama_gqa,32,8,128,4,16384,64,47,4,3,head_major_head_first,head_major,head_first,23.084281,-1.07429961004,0,0,true
llama_gqa,32,8,128,4,16384,64,47,5,0,block_major_head_first,block_major,head_first,23.801617,-1.07429961004,0,0,true
llama_gqa,32,8,128,4,16384,64,47,5,1,head_major_block_first,head_major,block_first,23.584219,-1.07429961004,0,0,true
llama_gqa,32,8,128,4,16384,64,47,5,2,head_major_head_first,head_major,head_first,22.9909,-1.07429961004,0,0,true
llama_gqa,32,8,128,4,16384,64,47,5,3,block_major_block_first,block_major,block_first,23.132845,-1.07429961004,0,0,true
llama_gqa,32,8,128,4,16384,64,47,6,0,block_major_head_first,block_major,head_first,23.887918,-1.07429961004,0,0,true
llama_gqa,32,8,128,4,16384,64,47,6,1,head_major_block_first,head_major,block_first,23.602546,-1.07429961004,0,0,true
llama_gqa,32,8,128,4,16384,64,47,6,2,head_major_head_first,head_major,head_first,23.059894,-1.07429961004,0,0,true
llama_gqa,32,8,128,4,16384,64,47,6,3,block_major_block_first,block_major,block_first,23.134868,-1.07429961004,0,0,true
llama_gqa,32,8,128,4,16384,64,47,7,0,head_major_block_first,head_major,block_first,23.626151,-1.07429961004,0,0,true
llama_gqa,32,8,128,4,16384,64,47,7,1,block_major_block_first,block_major,block_first,23.132134,-1.07429961004,0,0,true
llama_gqa,32,8,128,4,16384,64,47,7,2,block_major_head_first,block_major,head_first,23.875199,-1.07429961004,0,0,true
llama_gqa,32,8,128,4,16384,64,47,7,3,head_major_head_first,head_major,head_first,23.00441,-1.07429961004,0,0,true
llama_gqa,32,8,128,4,16384,64,47,8,0,block_major_block_first,block_major,block_first,23.111513,-1.07429961004,0,0,true
llama_gqa,32,8,128,4,16384,64,47,8,1,head_major_head_first,head_major,head_first,22.9849,-1.07429961004,0,0,true
llama_gqa,32,8,128,4,16384,64,47,8,2,block_major_head_first,block_major,head_first,23.775718,-1.07429961004,0,0,true
llama_gqa,32,8,128,4,16384,64,47,8,3,head_major_block_first,head_major,block_first,23.582676,-1.07429961004,0,0,true
llama_gqa,32,8,128,4,16384,64,47,9,0,head_major_head_first,head_major,head_first,23.028407,-1.07429961004,0,0,true
llama_gqa,32,8,128,4,16384,64,47,9,1,block_major_block_first,block_major,block_first,23.135168,-1.07429961004,0,0,true
llama_gqa,32,8,128,4,16384,64,47,9,2,block_major_head_first,block_major,head_first,23.79691,-1.07429961004,0,0,true
llama_gqa,32,8,128,4,16384,64,47,9,3,head_major_block_first,head_major,block_first,23.597839,-1.07429961004,0,0,true
llama_gqa,32,8,128,4,16384,64,47,10,0,block_major_head_first,block_major,head_first,23.787926,-1.07429961004,0,0,true
llama_gqa,32,8,128,4,16384,64,47,10,1,head_major_block_first,head_major,block_first,23.607614,-1.07429961004,0,0,true
llama_gqa,32,8,128,4,16384,64,47,10,2,head_major_head_first,head_major,head_first,23.035557,-1.07429961004,0,0,true
llama_gqa,32,8,128,4,16384,64,47,10,3,block_major_block_first,block_major,block_first,23.132384,-1.07429961004,0,0,true
llama_gqa,32,8,128,4,16384,64,47,11,0,block_major_block_first,block_major,block_first,23.104092,-1.07429961004,0,0,true
llama_gqa,32,8,128,4,16384,64,47,11,1,block_major_head_first,block_major,head_first,23.805904,-1.07429961004,0,0,true
llama_gqa,32,8,128,4,16384,64,47,11,2,head_major_block_first,head_major,block_first,23.593382,-1.07429961004,0,0,true
llama_gqa,32,8,128,4,16384,64,47,11,3,head_major_head_first,head_major,head_first,22.993744,-1.07429961004,0,0,true
llama_gqa,32,8,128,4,16384,64,47,12,0,head_major_head_first,head_major,head_first,22.993294,-1.07429961004,0,0,true
llama_gqa,32,8,128,4,16384,64,47,12,1,block_major_head_first,block_major,head_first,23.78998,-1.07429961004,0,0,true
llama_gqa,32,8,128,4,16384,64,47,12,2,block_major_block_first,block_major,block_first,23.138613,-1.07429961004,0,0,true
llama_gqa,32,8,128,4,16384,64,47,12,3,head_major_block_first,head_major,block_first,23.615605,-1.07429961004,0,0,true
llama_gqa,32,8,128,4,16384,64,47,13,0,block_major_head_first,block_major,head_first,23.849039,-1.07429961004,0,0,true
llama_gqa,32,8,128,4,16384,64,47,13,1,block_major_block_first,block_major,block_first,23.156951,-1.07429961004,0,0,true
llama_gqa,32,8,128,4,16384,64,47,13,2,head_major_block_first,head_major,block_first,23.557848,-1.07429961004,0,0,true
llama_gqa,32,8,128,4,16384,64,47,13,3,head_major_head_first,head_major,head_first,23.039133,-1.07429961004,0,0,true
llama_gqa,32,8,128,4,16384,64,47,14,0,head_major_block_first,head_major,block_first,23.589096,-1.07429961004,0,0,true
llama_gqa,32,8,128,4,16384,64,47,14,1,block_major_head_first,block_major,head_first,23.79061,-1.07429961004,0,0,true
llama_gqa,32,8,128,4,16384,64,47,14,2,block_major_block_first,block_major,block_first,23.125384,-1.07429961004,0,0,true
llama_gqa,32,8,128,4,16384,64,47,14,3,head_major_head_first,head_major,head_first,22.987966,-1.07429961004,0,0,true
llama_gqa,32,8,128,4,16384,64,47,15,0,head_major_block_first,head_major,block_first,23.590308,-1.07429961004,0,0,true
llama_gqa,32,8,128,4,16384,64,47,15,1,block_major_head_first,block_major,head_first,23.785993,-1.07429961004,0,0,true
llama_gqa,32,8,128,4,16384,64,47,15,2,block_major_block_first,block_major,block_first,23.22206,-1.07429961004,0,0,true
llama_gqa,32,8,128,4,16384,64,47,15,3,head_major_head_first,head_major,head_first,23.046895,-1.07429961004,0,0,true
llama_gqa,32,8,128,4,16384,64,47,16,0,head_major_block_first,head_major,block_first,23.543917,-1.07429961004,0,0,true
llama_gqa,32,8,128,4,16384,64,47,16,1,head_major_head_first,head_major,head_first,22.99799,-1.07429961004,0,0,true
llama_gqa,32,8,128,4,16384,64,47,16,2,block_major_head_first,block_major,head_first,23.87599,-1.07429961004,0,0,true
llama_gqa,32,8,128,4,16384,64,47,16,3,block_major_block_first,block_major,block_first,23.137242,-1.07429961004,0,0,true
llama_gqa,32,8,128,4,16384,64,47,17,0,block_major_block_first,block_major,block_first,23.136581,-1.07429961004,0,0,true
llama_gqa,32,8,128,4,16384,64,47,17,1,head_major_block_first,head_major,block_first,23.554714,-1.07429961004,0,0,true
llama_gqa,32,8,128,4,16384,64,47,17,2,block_major_head_first,block_major,head_first,23.888328,-1.07429961004,0,0,true
llama_gqa,32,8,128,4,16384,64,47,17,3,head_major_head_first,head_major,head_first,23.08395,-1.07429961004,0,0,true
llama_gqa,32,8,128,4,16384,64,47,18,0,block_major_block_first,block_major,block_first,23.126325,-1.07429961004,0,0,true
llama_gqa,32,8,128,4,16384,64,47,18,1,head_major_block_first,head_major,block_first,23.604588,-1.07429961004,0,0,true
llama_gqa,32,8,128,4,16384,64,47,18,2,block_major_head_first,block_major,head_first,23.896251,-1.07429961004,0,0,true
llama_gqa,32,8,128,4,16384,64,47,18,3,head_major_head_first,head_major,head_first,23.018302,-1.07429961004,0,0,true
llama_gqa,32,8,128,4,16384,64,47,19,0,head_major_block_first,head_major,block_first,23.609837,-1.07429961004,0,0,true
llama_gqa,32,8,128,4,16384,64,47,19,1,block_major_block_first,block_major,block_first,23.113456,-1.07429961004,0,0,true
llama_gqa,32,8,128,4,16384,64,47,19,2,head_major_head_first,head_major,head_first,22.992042,-1.07429961004,0,0,true
llama_gqa,32,8,128,4,16384,64,47,19,3,block_major_head_first,block_major,head_first,23.839524,-1.07429961004,0,0,true
mha,8,8,64,1,512,64,11,0,0,head_major_block_first,head_major,block_first,0.023345,1.19296919581,0,0,true
mha,8,8,64,1,512,64,11,0,1,head_major_head_first,head_major,head_first,0.022494,1.19296919581,0,0,true
mha,8,8,64,1,512,64,11,0,2,block_major_head_first,block_major,head_first,0.021913,1.19296919581,0,0,true
mha,8,8,64,1,512,64,11,0,3,block_major_block_first,block_major,block_first,0.021422,1.19296919581,0,0,true
mha,8,8,64,1,512,64,11,1,0,block_major_block_first,block_major,block_first,0.021332,1.19296919581,0,0,true
mha,8,8,64,1,512,64,11,1,1,block_major_head_first,block_major,head_first,0.021483,1.19296919581,0,0,true
mha,8,8,64,1,512,64,11,1,2,head_major_head_first,head_major,head_first,0.021983,1.19296919581,0,0,true
mha,8,8,64,1,512,64,11,1,3,head_major_block_first,head_major,block_first,0.022464,1.19296919581,0,0,true
mha,8,8,64,1,512,64,11,2,0,block_major_head_first,block_major,head_first,0.021923,1.19296919581,0,0,true
mha,8,8,64,1,512,64,11,2,1,block_major_block_first,block_major,block_first,0.021222,1.19296919581,0,0,true
mha,8,8,64,1,512,64,11,2,2,head_major_block_first,head_major,block_first,0.022745,1.19296919581,0,0,true
mha,8,8,64,1,512,64,11,2,3,head_major_head_first,head_major,head_first,0.022133,1.19296919581,0,0,true
mha,8,8,64,1,512,64,11,3,0,head_major_block_first,head_major,block_first,0.022705,1.19296919581,0,0,true
mha,8,8,64,1,512,64,11,3,1,head_major_head_first,head_major,head_first,0.022123,1.19296919581,0,0,true
mha,8,8,64,1,512,64,11,3,2,block_major_head_first,block_major,head_first,0.021793,1.19296919581,0,0,true
mha,8,8,64,1,512,64,11,3,3,block_major_block_first,block_major,block_first,0.021192,1.19296919581,0,0,true
mha,8,8,64,1,512,64,11,4,0,head_major_block_first,head_major,block_first,0.022644,1.19296919581,0,0,true
mha,8,8,64,1,512,64,11,4,1,head_major_head_first,head_major,head_first,0.022253,1.19296919581,0,0,true
mha,8,8,64,1,512,64,11,4,2,block_major_block_first,block_major,block_first,0.021012,1.19296919581,0,0,true
mha,8,8,64,1,512,64,11,4,3,block_major_head_first,block_major,head_first,0.021833,1.19296919581,0,0,true
mha,8,8,64,1,512,64,11,5,0,block_major_block_first,block_major,block_first,0.021292,1.19296919581,0,0,true
mha,8,8,64,1,512,64,11,5,1,head_major_block_first,head_major,block_first,0.022615,1.19296919581,0,0,true
mha,8,8,64,1,512,64,11,5,2,block_major_head_first,block_major,head_first,0.021823,1.19296919581,0,0,true
mha,8,8,64,1,512,64,11,5,3,head_major_head_first,head_major,head_first,0.022073,1.19296919581,0,0,true
mha,8,8,64,1,512,64,11,6,0,head_major_head_first,head_major,head_first,0.022134,1.19296919581,0,0,true
mha,8,8,64,1,512,64,11,6,1,block_major_head_first,block_major,head_first,0.021432,1.19296919581,0,0,true
mha,8,8,64,1,512,64,11,6,2,head_major_block_first,head_major,block_first,0.022715,1.19296919581,0,0,true
mha,8,8,64,1,512,64,11,6,3,block_major_block_first,block_major,block_first,0.021102,1.19296919581,0,0,true
mha,8,8,64,1,512,64,11,7,0,block_major_head_first,block_major,head_first,0.021592,1.19296919581,0,0,true
mha,8,8,64,1,512,64,11,7,1,head_major_block_first,head_major,block_first,0.022625,1.19296919581,0,0,true
mha,8,8,64,1,512,64,11,7,2,head_major_head_first,head_major,head_first,0.021993,1.19296919581,0,0,true
mha,8,8,64,1,512,64,11,7,3,block_major_block_first,block_major,block_first,0.021092,1.19296919581,0,0,true
mha,8,8,64,1,512,64,11,8,0,head_major_block_first,head_major,block_first,0.022654,1.19296919581,0,0,true
mha,8,8,64,1,512,64,11,8,1,block_major_block_first,block_major,block_first,0.020892,1.19296919581,0,0,true
mha,8,8,64,1,512,64,11,8,2,block_major_head_first,block_major,head_first,0.021562,1.19296919581,0,0,true
mha,8,8,64,1,512,64,11,8,3,head_major_head_first,head_major,head_first,0.022034,1.19296919581,0,0,true
mha,8,8,64,1,512,64,11,9,0,head_major_block_first,head_major,block_first,0.022885,1.19296919581,0,0,true
mha,8,8,64,1,512,64,11,9,1,block_major_head_first,block_major,head_first,0.021803,1.19296919581,0,0,true
mha,8,8,64,1,512,64,11,9,2,head_major_head_first,head_major,head_first,0.022084,1.19296919581,0,0,true
mha,8,8,64,1,512,64,11,9,3,block_major_block_first,block_major,block_first,0.021092,1.19296919581,0,0,true
mha,8,8,64,1,512,64,11,10,0,block_major_block_first,block_major,block_first,0.021132,1.19296919581,0,0,true
mha,8,8,64,1,512,64,11,10,1,head_major_block_first,head_major,block_first,0.022704,1.19296919581,0,0,true
mha,8,8,64,1,512,64,11,10,2,block_major_head_first,block_major,head_first,0.021533,1.19296919581,0,0,true
mha,8,8,64,1,512,64,11,10,3,head_major_head_first,head_major,head_first,0.022254,1.19296919581,0,0,true
mha,8,8,64,1,512,64,11,11,0,block_major_block_first,block_major,block_first,0.021012,1.19296919581,0,0,true
mha,8,8,64,1,512,64,11,11,1,block_major_head_first,block_major,head_first,0.021373,1.19296919581,0,0,true
mha,8,8,64,1,512,64,11,11,2,head_major_head_first,head_major,head_first,0.022113,1.19296919581,0,0,true
mha,8,8,64,1,512,64,11,11,3,head_major_block_first,head_major,block_first,0.022634,1.19296919581,0,0,true
mha,8,8,64,1,512,64,11,12,0,head_major_head_first,head_major,head_first,0.022204,1.19296919581,0,0,true
mha,8,8,64,1,512,64,11,12,1,head_major_block_first,head_major,block_first,0.022684,1.19296919581,0,0,true
mha,8,8,64,1,512,64,11,12,2,block_major_head_first,block_major,head_first,0.021533,1.19296919581,0,0,true
mha,8,8,64,1,512,64,11,12,3,block_major_block_first,block_major,block_first,0.021232,1.19296919581,0,0,true
mha,8,8,64,1,512,64,11,13,0,block_major_head_first,block_major,head_first,0.021513,1.19296919581,0,0,true
mha,8,8,64,1,512,64,11,13,1,head_major_block_first,head_major,block_first,0.022725,1.19296919581,0,0,true
mha,8,8,64,1,512,64,11,13,2,head_major_head_first,head_major,head_first,0.022113,1.19296919581,0,0,true
mha,8,8,64,1,512,64,11,13,3,block_major_block_first,block_major,block_first,0.021162,1.19296919581,0,0,true
mha,8,8,64,1,512,64,11,14,0,head_major_block_first,head_major,block_first,0.022684,1.19296919581,0,0,true
mha,8,8,64,1,512,64,11,14,1,block_major_head_first,block_major,head_first,0.021853,1.19296919581,0,0,true
mha,8,8,64,1,512,64,11,14,2,block_major_block_first,block_major,block_first,0.021192,1.19296919581,0,0,true
mha,8,8,64,1,512,64,11,14,3,head_major_head_first,head_major,head_first,0.021983,1.19296919581,0,0,true
mha,8,8,64,1,512,64,11,15,0,block_major_block_first,block_major,block_first,0.020891,1.19296919581,0,0,true
mha,8,8,64,1,512,64,11,15,1,head_major_head_first,head_major,head_first,0.022174,1.19296919581,0,0,true
mha,8,8,64,1,512,64,11,15,2,block_major_head_first,block_major,head_first,0.021683,1.19296919581,0,0,true
mha,8,8,64,1,512,64,11,15,3,head_major_block_first,head_major,block_first,0.022764,1.19296919581,0,0,true
mha,8,8,64,1,512,64,11,16,0,head_major_block_first,head_major,block_first,0.022414,1.19296919581,0,0,true
mha,8,8,64,1,512,64,11,16,1,head_major_head_first,head_major,head_first,0.022124,1.19296919581,0,0,true
mha,8,8,64,1,512,64,11,16,2,block_major_block_first,block_major,block_first,0.021172,1.19296919581,0,0,true
mha,8,8,64,1,512,64,11,16,3,block_major_head_first,block_major,head_first,0.021653,1.19296919581,0,0,true
mha,8,8,64,1,512,64,11,17,0,head_major_head_first,head_major,head_first,0.021833,1.19296919581,0,0,true
mha,8,8,64,1,512,64,11,17,1,block_major_block_first,block_major,block_first,0.021082,1.19296919581,0,0,true
mha,8,8,64,1,512,64,11,17,2,head_major_block_first,head_major,block_first,0.022644,1.19296919581,0,0,true
mha,8,8,64,1,512,64,11,17,3,block_major_head_first,block_major,head_first,0.021593,1.19296919581,0,0,true
mha,8,8,64,1,512,64,11,18,0,head_major_block_first,head_major,block_first,0.022484,1.19296919581,0,0,true
mha,8,8,64,1,512,64,11,18,1,block_major_block_first,block_major,block_first,0.020922,1.19296919581,0,0,true
mha,8,8,64,1,512,64,11,18,2,block_major_head_first,block_major,head_first,0.021532,1.19296919581,0,0,true
mha,8,8,64,1,512,64,11,18,3,head_major_head_first,head_major,head_first,0.022194,1.19296919581,0,0,true
mha,8,8,64,1,512,64,11,19,0,head_major_head_first,head_major,head_first,0.022124,1.19296919581,0,0,true
mha,8,8,64,1,512,64,11,19,1,block_major_head_first,block_major,head_first,0.021443,1.19296919581,0,0,true
mha,8,8,64,1,512,64,11,19,2,block_major_block_first,block_major,block_first,0.021322,1.19296919581,0,0,true
mha,8,8,64,1,512,64,11,19,3,head_major_block_first,head_major,block_first,0.022714,1.19296919581,0,0,true
mha,8,8,64,1,512,64,29,0,0,block_major_block_first,block_major,block_first,0.021112,0.915947791626,0,0,true
mha,8,8,64,1,512,64,29,0,1,head_major_head_first,head_major,head_first,0.021863,0.915947791626,0,0,true
mha,8,8,64,1,512,64,29,0,2,head_major_block_first,head_major,block_first,0.022584,0.915947791626,0,0,true
mha,8,8,64,1,512,64,29,0,3,block_major_head_first,block_major,head_first,0.021623,0.915947791626,0,0,true
mha,8,8,64,1,512,64,29,1,0,block_major_head_first,block_major,head_first,0.021393,0.915947791626,0,0,true
mha,8,8,64,1,512,64,29,1,1,head_major_block_first,head_major,block_first,0.022664,0.915947791626,0,0,true
mha,8,8,64,1,512,64,29,1,2,block_major_block_first,block_major,block_first,0.020972,0.915947791626,0,0,true
mha,8,8,64,1,512,64,29,1,3,head_major_head_first,head_major,head_first,0.022103,0.915947791626,0,0,true
mha,8,8,64,1,512,64,29,2,0,head_major_block_first,head_major,block_first,0.022283,0.915947791626,0,0,true
mha,8,8,64,1,512,64,29,2,1,head_major_head_first,head_major,head_first,0.022224,0.915947791626,0,0,true
mha,8,8,64,1,512,64,29,2,2,block_major_block_first,block_major,block_first,0.020902,0.915947791626,0,0,true
mha,8,8,64,1,512,64,29,2,3,block_major_head_first,block_major,head_first,0.021502,0.915947791626,0,0,true
mha,8,8,64,1,512,64,29,3,0,block_major_block_first,block_major,block_first,0.021162,0.915947791626,0,0,true
mha,8,8,64,1,512,64,29,3,1,head_major_block_first,head_major,block_first,0.022755,0.915947791626,0,0,true
mha,8,8,64,1,512,64,29,3,2,head_major_head_first,head_major,head_first,0.022113,0.915947791626,0,0,true
mha,8,8,64,1,512,64,29,3,3,block_major_head_first,block_major,head_first,0.021553,0.915947791626,0,0,true
mha,8,8,64,1,512,64,29,4,0,head_major_block_first,head_major,block_first,0.022564,0.915947791626,0,0,true
mha,8,8,64,1,512,64,29,4,1,block_major_block_first,block_major,block_first,0.020922,0.915947791626,0,0,true
mha,8,8,64,1,512,64,29,4,2,head_major_head_first,head_major,head_first,0.022024,0.915947791626,0,0,true
mha,8,8,64,1,512,64,29,4,3,block_major_head_first,block_major,head_first,0.021462,0.915947791626,0,0,true
mha,8,8,64,1,512,64,29,5,0,head_major_head_first,head_major,head_first,0.022084,0.915947791626,0,0,true
mha,8,8,64,1,512,64,29,5,1,block_major_head_first,block_major,head_first,0.021362,0.915947791626,0,0,true
mha,8,8,64,1,512,64,29,5,2,head_major_block_first,head_major,block_first,0.022735,0.915947791626,0,0,true
mha,8,8,64,1,512,64,29,5,3,block_major_block_first,block_major,block_first,0.020972,0.915947791626,0,0,true
mha,8,8,64,1,512,64,29,6,0,block_major_block_first,block_major,block_first,0.021062,0.915947791626,0,0,true
mha,8,8,64,1,512,64,29,6,1,block_major_head_first,block_major,head_first,0.021522,0.915947791626,0,0,true
mha,8,8,64,1,512,64,29,6,2,head_major_block_first,head_major,block_first,0.022725,0.915947791626,0,0,true
mha,8,8,64,1,512,64,29,6,3,head_major_head_first,head_major,head_first,0.022153,0.915947791626,0,0,true
mha,8,8,64,1,512,64,29,7,0,block_major_block_first,block_major,block_first,0.020901,0.915947791626,0,0,true
mha,8,8,64,1,512,64,29,7,1,head_major_head_first,head_major,head_first,0.021863,0.915947791626,0,0,true
mha,8,8,64,1,512,64,29,7,2,block_major_head_first,block_major,head_first,0.021632,0.915947791626,0,0,true
mha,8,8,64,1,512,64,29,7,3,head_major_block_first,head_major,block_first,0.022635,0.915947791626,0,0,true
mha,8,8,64,1,512,64,29,8,0,block_major_block_first,block_major,block_first,0.020952,0.915947791626,0,0,true
mha,8,8,64,1,512,64,29,8,1,head_major_block_first,head_major,block_first,0.022544,0.915947791626,0,0,true
mha,8,8,64,1,512,64,29,8,2,head_major_head_first,head_major,head_first,0.021973,0.915947791626,0,0,true
mha,8,8,64,1,512,64,29,8,3,block_major_head_first,block_major,head_first,0.021453,0.915947791626,0,0,true
mha,8,8,64,1,512,64,29,9,0,head_major_block_first,head_major,block_first,0.023155,0.915947791626,0,0,true
mha,8,8,64,1,512,64,29,9,1,head_major_head_first,head_major,head_first,0.022113,0.915947791626,0,0,true
mha,8,8,64,1,512,64,29,9,2,block_major_head_first,block_major,head_first,0.021182,0.915947791626,0,0,true
mha,8,8,64,1,512,64,29,9,3,block_major_block_first,block_major,block_first,0.021303,0.915947791626,0,0,true
mha,8,8,64,1,512,64,29,10,0,head_major_block_first,head_major,block_first,0.022584,0.915947791626,0,0,true
mha,8,8,64,1,512,64,29,10,1,block_major_block_first,block_major,block_first,0.020772,0.915947791626,0,0,true
mha,8,8,64,1,512,64,29,10,2,block_major_head_first,block_major,head_first,0.021372,0.915947791626,0,0,true
mha,8,8,64,1,512,64,29,10,3,head_major_head_first,head_major,head_first,0.021953,0.915947791626,0,0,true
mha,8,8,64,1,512,64,29,11,0,head_major_block_first,head_major,block_first,0.022364,0.915947791626,0,0,true
mha,8,8,64,1,512,64,29,11,1,block_major_head_first,block_major,head_first,0.021393,0.915947791626,0,0,true
mha,8,8,64,1,512,64,29,11,2,block_major_block_first,block_major,block_first,0.021172,0.915947791626,0,0,true
mha,8,8,64,1,512,64,29,11,3,head_major_head_first,head_major,head_first,0.021823,0.915947791626,0,0,true
mha,8,8,64,1,512,64,29,12,0,head_major_block_first,head_major,block_first,0.022514,0.915947791626,0,0,true
mha,8,8,64,1,512,64,29,12,1,block_major_head_first,block_major,head_first,0.021553,0.915947791626,0,0,true
mha,8,8,64,1,512,64,29,12,2,block_major_block_first,block_major,block_first,0.021082,0.915947791626,0,0,true
mha,8,8,64,1,512,64,29,12,3,head_major_head_first,head_major,head_first,0.022083,0.915947791626,0,0,true
mha,8,8,64,1,512,64,29,13,0,block_major_block_first,block_major,block_first,0.020772,0.915947791626,0,0,true
mha,8,8,64,1,512,64,29,13,1,head_major_head_first,head_major,head_first,0.021873,0.915947791626,0,0,true
mha,8,8,64,1,512,64,29,13,2,block_major_head_first,block_major,head_first,0.021713,0.915947791626,0,0,true
mha,8,8,64,1,512,64,29,13,3,head_major_block_first,head_major,block_first,0.022584,0.915947791626,0,0,true
mha,8,8,64,1,512,64,29,14,0,head_major_head_first,head_major,head_first,0.022224,0.915947791626,0,0,true
mha,8,8,64,1,512,64,29,14,1,block_major_block_first,block_major,block_first,0.020872,0.915947791626,0,0,true
mha,8,8,64,1,512,64,29,14,2,block_major_head_first,block_major,head_first,0.021773,0.915947791626,0,0,true
mha,8,8,64,1,512,64,29,14,3,head_major_block_first,head_major,block_first,0.022714,0.915947791626,0,0,true
mha,8,8,64,1,512,64,29,15,0,head_major_block_first,head_major,block_first,0.022554,0.915947791626,0,0,true
mha,8,8,64,1,512,64,29,15,1,block_major_block_first,block_major,block_first,0.021032,0.915947791626,0,0,true
mha,8,8,64,1,512,64,29,15,2,block_major_head_first,block_major,head_first,0.021593,0.915947791626,0,0,true
mha,8,8,64,1,512,64,29,15,3,head_major_head_first,head_major,head_first,0.022143,0.915947791626,0,0,true
mha,8,8,64,1,512,64,29,16,0,block_major_head_first,block_major,head_first,0.021482,0.915947791626,0,0,true
mha,8,8,64,1,512,64,29,16,1,head_major_block_first,head_major,block_first,0.022745,0.915947791626,0,0,true
mha,8,8,64,1,512,64,29,16,2,head_major_head_first,head_major,head_first,0.021983,0.915947791626,0,0,true
mha,8,8,64,1,512,64,29,16,3,block_major_block_first,block_major,block_first,0.020902,0.915947791626,0,0,true
mha,8,8,64,1,512,64,29,17,0,block_major_head_first,block_major,head_first,0.021743,0.915947791626,0,0,true
mha,8,8,64,1,512,64,29,17,1,head_major_block_first,head_major,block_first,0.022574,0.915947791626,0,0,true
mha,8,8,64,1,512,64,29,17,2,block_major_block_first,block_major,block_first,0.020882,0.915947791626,0,0,true
mha,8,8,64,1,512,64,29,17,3,head_major_head_first,head_major,head_first,0.022003,0.915947791626,0,0,true
mha,8,8,64,1,512,64,29,18,0,head_major_head_first,head_major,head_first,0.022153,0.915947791626,0,0,true
mha,8,8,64,1,512,64,29,18,1,block_major_block_first,block_major,block_first,0.020741,0.915947791626,0,0,true
mha,8,8,64,1,512,64,29,18,2,head_major_block_first,head_major,block_first,0.022754,0.915947791626,0,0,true
mha,8,8,64,1,512,64,29,18,3,block_major_head_first,block_major,head_first,0.021563,0.915947791626,0,0,true
mha,8,8,64,1,512,64,29,19,0,block_major_block_first,block_major,block_first,0.021092,0.915947791626,0,0,true
mha,8,8,64,1,512,64,29,19,1,head_major_head_first,head_major,head_first,0.022013,0.915947791626,0,0,true
mha,8,8,64,1,512,64,29,19,2,block_major_head_first,block_major,head_first,0.021633,0.915947791626,0,0,true
mha,8,8,64,1,512,64,29,19,3,head_major_block_first,head_major,block_first,0.022704,0.915947791626,0,0,true
mha,8,8,64,1,512,64,47,0,0,block_major_head_first,block_major,head_first,0.021753,1.03983878344,0,0,true
mha,8,8,64,1,512,64,47,0,1,head_major_block_first,head_major,block_first,0.022364,1.03983878344,0,0,true
mha,8,8,64,1,512,64,47,0,2,block_major_block_first,block_major,block_first,0.020892,1.03983878344,0,0,true
mha,8,8,64,1,512,64,47,0,3,head_major_head_first,head_major,head_first,0.021963,1.03983878344,0,0,true
mha,8,8,64,1,512,64,47,1,0,head_major_head_first,head_major,head_first,0.022033,1.03983878344,0,0,true
mha,8,8,64,1,512,64,47,1,1,head_major_block_first,head_major,block_first,0.022494,1.03983878344,0,0,true
mha,8,8,64,1,512,64,47,1,2,block_major_head_first,block_major,head_first,0.021643,1.03983878344,0,0,true
mha,8,8,64,1,512,64,47,1,3,block_major_block_first,block_major,block_first,0.021002,1.03983878344,0,0,true
mha,8,8,64,1,512,64,47,2,0,block_major_block_first,block_major,block_first,0.021012,1.03983878344,0,0,true
mha,8,8,64,1,512,64,47,2,1,block_major_head_first,block_major,head_first,0.021552,1.03983878344,0,0,true
mha,8,8,64,1,512,64,47,2,2,head_major_head_first,head_major,head_first,0.021933,1.03983878344,0,0,true
mha,8,8,64,1,512,64,47,2,3,head_major_block_first,head_major,block_first,0.022514,1.03983878344,0,0,true
mha,8,8,64,1,512,64,47,3,0,block_major_head_first,block_major,head_first,0.021413,1.03983878344,0,0,true
mha,8,8,64,1,512,64,47,3,1,head_major_head_first,head_major,head_first,0.022083,1.03983878344,0,0,true
mha,8,8,64,1,512,64,47,3,2,block_major_block_first,block_major,block_first,0.020912,1.03983878344,0,0,true
mha,8,8,64,1,512,64,47,3,3,head_major_block_first,head_major,block_first,0.022524,1.03983878344,0,0,true
mha,8,8,64,1,512,64,47,4,0,block_major_block_first,block_major,block_first,0.020802,1.03983878344,0,0,true
mha,8,8,64,1,512,64,47,4,1,block_major_head_first,block_major,head_first,0.021652,1.03983878344,0,0,true
mha,8,8,64,1,512,64,47,4,2,head_major_block_first,head_major,block_first,0.022514,1.03983878344,0,0,true
mha,8,8,64,1,512,64,47,4,3,head_major_head_first,head_major,head_first,0.022144,1.03983878344,0,0,true
mha,8,8,64,1,512,64,47,5,0,head_major_block_first,head_major,block_first,0.022444,1.03983878344,0,0,true
mha,8,8,64,1,512,64,47,5,1,block_major_head_first,block_major,head_first,0.021482,1.03983878344,0,0,true
mha,8,8,64,1,512,64,47,5,2,block_major_block_first,block_major,block_first,0.021223,1.03983878344,0,0,true
mha,8,8,64,1,512,64,47,5,3,head_major_head_first,head_major,head_first,0.022224,1.03983878344,0,0,true
mha,8,8,64,1,512,64,47,6,0,block_major_head_first,block_major,head_first,0.021453,1.03983878344,0,0,true
mha,8,8,64,1,512,64,47,6,1,head_major_block_first,head_major,block_first,0.022614,1.03983878344,0,0,true
mha,8,8,64,1,512,64,47,6,2,block_major_block_first,block_major,block_first,0.020942,1.03983878344,0,0,true
mha,8,8,64,1,512,64,47,6,3,head_major_head_first,head_major,head_first,0.022083,1.03983878344,0,0,true
mha,8,8,64,1,512,64,47,7,0,head_major_block_first,head_major,block_first,0.022494,1.03983878344,0,0,true
mha,8,8,64,1,512,64,47,7,1,head_major_head_first,head_major,head_first,0.022073,1.03983878344,0,0,true
mha,8,8,64,1,512,64,47,7,2,block_major_block_first,block_major,block_first,0.020812,1.03983878344,0,0,true
mha,8,8,64,1,512,64,47,7,3,block_major_head_first,block_major,head_first,0.021583,1.03983878344,0,0,true
mha,8,8,64,1,512,64,47,8,0,block_major_block_first,block_major,block_first,0.021001,1.03983878344,0,0,true
mha,8,8,64,1,512,64,47,8,1,block_major_head_first,block_major,head_first,0.021483,1.03983878344,0,0,true
mha,8,8,64,1,512,64,47,8,2,head_major_block_first,head_major,block_first,0.022604,1.03983878344,0,0,true
mha,8,8,64,1,512,64,47,8,3,head_major_head_first,head_major,head_first,0.022053,1.03983878344,0,0,true
mha,8,8,64,1,512,64,47,9,0,head_major_block_first,head_major,block_first,0.022344,1.03983878344,0,0,true
mha,8,8,64,1,512,64,47,9,1,block_major_head_first,block_major,head_first,0.021443,1.03983878344,0,0,true
mha,8,8,64,1,512,64,47,9,2,block_major_block_first,block_major,block_first,0.021282,1.03983878344,0,0,true
mha,8,8,64,1,512,64,47,9,3,head_major_head_first,head_major,head_first,0.021883,1.03983878344,0,0,true
mha,8,8,64,1,512,64,47,10,0,head_major_head_first,head_major,head_first,0.021933,1.03983878344,0,0,true
mha,8,8,64,1,512,64,47,10,1,block_major_head_first,block_major,head_first,0.021473,1.03983878344,0,0,true
mha,8,8,64,1,512,64,47,10,2,block_major_block_first,block_major,block_first,0.021332,1.03983878344,0,0,true
mha,8,8,64,1,512,64,47,10,3,head_major_block_first,head_major,block_first,0.022644,1.03983878344,0,0,true
mha,8,8,64,1,512,64,47,11,0,block_major_head_first,block_major,head_first,0.021453,1.03983878344,0,0,true
mha,8,8,64,1,512,64,47,11,1,head_major_block_first,head_major,block_first,0.022414,1.03983878344,0,0,true
mha,8,8,64,1,512,64,47,11,2,block_major_block_first,block_major,block_first,0.020881,1.03983878344,0,0,true
mha,8,8,64,1,512,64,47,11,3,head_major_head_first,head_major,head_first,0.022064,1.03983878344,0,0,true
mha,8,8,64,1,512,64,47,12,0,block_major_head_first,block_major,head_first,0.021452,1.03983878344,0,0,true
mha,8,8,64,1,512,64,47,12,1,head_major_head_first,head_major,head_first,0.021833,1.03983878344,0,0,true
mha,8,8,64,1,512,64,47,12,2,block_major_block_first,block_major,block_first,0.021022,1.03983878344,0,0,true
mha,8,8,64,1,512,64,47,12,3,head_major_block_first,head_major,block_first,0.022604,1.03983878344,0,0,true
mha,8,8,64,1,512,64,47,13,0,head_major_head_first,head_major,head_first,0.022064,1.03983878344,0,0,true
mha,8,8,64,1,512,64,47,13,1,head_major_block_first,head_major,block_first,0.022413,1.03983878344,0,0,true
mha,8,8,64,1,512,64,47,13,2,block_major_head_first,block_major,head_first,0.021443,1.03983878344,0,0,true
mha,8,8,64,1,512,64,47,13,3,block_major_block_first,block_major,block_first,0.021172,1.03983878344,0,0,true
mha,8,8,64,1,512,64,47,14,0,block_major_block_first,block_major,block_first,0.021012,1.03983878344,0,0,true
mha,8,8,64,1,512,64,47,14,1,block_major_head_first,block_major,head_first,0.021542,1.03983878344,0,0,true
mha,8,8,64,1,512,64,47,14,2,head_major_block_first,head_major,block_first,0.022574,1.03983878344,0,0,true
mha,8,8,64,1,512,64,47,14,3,head_major_head_first,head_major,head_first,0.022064,1.03983878344,0,0,true
mha,8,8,64,1,512,64,47,15,0,block_major_block_first,block_major,block_first,0.020952,1.03983878344,0,0,true
mha,8,8,64,1,512,64,47,15,1,block_major_head_first,block_major,head_first,0.021622,1.03983878344,0,0,true
mha,8,8,64,1,512,64,47,15,2,head_major_block_first,head_major,block_first,0.022464,1.03983878344,0,0,true
mha,8,8,64,1,512,64,47,15,3,head_major_head_first,head_major,head_first,0.022184,1.03983878344,0,0,true
mha,8,8,64,1,512,64,47,16,0,head_major_head_first,head_major,head_first,0.022003,1.03983878344,0,0,true
mha,8,8,64,1,512,64,47,16,1,block_major_head_first,block_major,head_first,0.021332,1.03983878344,0,0,true
mha,8,8,64,1,512,64,47,16,2,head_major_block_first,head_major,block_first,0.022694,1.03983878344,0,0,true
mha,8,8,64,1,512,64,47,16,3,block_major_block_first,block_major,block_first,0.020892,1.03983878344,0,0,true
mha,8,8,64,1,512,64,47,17,0,block_major_block_first,block_major,block_first,0.020962,1.03983878344,0,0,true
mha,8,8,64,1,512,64,47,17,1,block_major_head_first,block_major,head_first,0.021523,1.03983878344,0,0,true
mha,8,8,64,1,512,64,47,17,2,head_major_block_first,head_major,block_first,0.022564,1.03983878344,0,0,true
mha,8,8,64,1,512,64,47,17,3,head_major_head_first,head_major,head_first,0.022033,1.03983878344,0,0,true
mha,8,8,64,1,512,64,47,18,0,block_major_block_first,block_major,block_first,0.020832,1.03983878344,0,0,true
mha,8,8,64,1,512,64,47,18,1,head_major_block_first,head_major,block_first,0.022534,1.03983878344,0,0,true
mha,8,8,64,1,512,64,47,18,2,block_major_head_first,block_major,head_first,0.021692,1.03983878344,0,0,true
mha,8,8,64,1,512,64,47,18,3,head_major_head_first,head_major,head_first,0.022053,1.03983878344,0,0,true
mha,8,8,64,1,512,64,47,19,0,block_major_head_first,block_major,head_first,0.021462,1.03983878344,0,0,true
mha,8,8,64,1,512,64,47,19,1,block_major_block_first,block_major,block_first,0.021071,1.03983878344,0,0,true
mha,8,8,64,1,512,64,47,19,2,head_major_block_first,head_major,block_first,0.029245,1.03983878344,0,0,true
mha,8,8,64,1,512,64,47,19,3,head_major_head_first,head_major,head_first,0.022404,1.03983878344,0,0,true
mha,8,8,64,1,2048,64,11,0,0,block_major_head_first,block_major,head_first,0.087472,1.14547937523,0,0,true
mha,8,8,64,1,2048,64,11,0,1,head_major_head_first,head_major,head_first,0.085429,1.14547937523,0,0,true
mha,8,8,64,1,2048,64,11,0,2,head_major_block_first,head_major,block_first,0.087283,1.14547937523,0,0,true
mha,8,8,64,1,2048,64,11,0,3,block_major_block_first,block_major,block_first,0.081743,1.14547937523,0,0,true
mha,8,8,64,1,2048,64,11,1,0,block_major_head_first,block_major,head_first,0.086991,1.14547937523,0,0,true
mha,8,8,64,1,2048,64,11,1,1,head_major_block_first,head_major,block_first,0.087732,1.14547937523,0,0,true
mha,8,8,64,1,2048,64,11,1,2,block_major_block_first,block_major,block_first,0.081623,1.14547937523,0,0,true
mha,8,8,64,1,2048,64,11,1,3,head_major_head_first,head_major,head_first,0.086161,1.14547937523,0,0,true
mha,8,8,64,1,2048,64,11,2,0,block_major_block_first,block_major,block_first,0.081493,1.14547937523,0,0,true
mha,8,8,64,1,2048,64,11,2,1,block_major_head_first,block_major,head_first,0.086771,1.14547937523,0,0,true
mha,8,8,64,1,2048,64,11,2,2,head_major_block_first,head_major,block_first,0.087693,1.14547937523,0,0,true
mha,8,8,64,1,2048,64,11,2,3,head_major_head_first,head_major,head_first,0.086101,1.14547937523,0,0,true
mha,8,8,64,1,2048,64,11,3,0,block_major_block_first,block_major,block_first,0.081273,1.14547937523,0,0,true
mha,8,8,64,1,2048,64,11,3,1,head_major_block_first,head_major,block_first,0.087893,1.14547937523,0,0,true
mha,8,8,64,1,2048,64,11,3,2,block_major_head_first,block_major,head_first,0.087352,1.14547937523,0,0,true
mha,8,8,64,1,2048,64,11,3,3,head_major_head_first,head_major,head_first,0.08594,1.14547937523,0,0,true
mha,8,8,64,1,2048,64,11,4,0,head_major_block_first,head_major,block_first,0.087973,1.14547937523,0,0,true
mha,8,8,64,1,2048,64,11,4,1,block_major_head_first,block_major,head_first,0.086932,1.14547937523,0,0,true
mha,8,8,64,1,2048,64,11,4,2,head_major_head_first,head_major,head_first,0.08585,1.14547937523,0,0,true
mha,8,8,64,1,2048,64,11,4,3,block_major_block_first,block_major,block_first,0.087222,1.14547937523,0,0,true
mha,8,8,64,1,2048,64,11,5,0,block_major_head_first,block_major,head_first,0.087202,1.14547937523,0,0,true
mha,8,8,64,1,2048,64,11,5,1,block_major_block_first,block_major,block_first,0.081623,1.14547937523,0,0,true
mha,8,8,64,1,2048,64,11,5,2,head_major_head_first,head_major,head_first,0.085569,1.14547937523,0,0,true
mha,8,8,64,1,2048,64,11,5,3,head_major_block_first,head_major,block_first,0.087663,1.14547937523,0,0,true
mha,8,8,64,1,2048,64,11,6,0,head_major_head_first,head_major,head_first,0.085419,1.14547937523,0,0,true
mha,8,8,64,1,2048,64,11,6,1,block_major_head_first,block_major,head_first,0.087162,1.14547937523,0,0,true
mha,8,8,64,1,2048,64,11,6,2,head_major_block_first,head_major,block_first,0.087522,1.14547937523,0,0,true
mha,8,8,64,1,2048,64,11,6,3,block_major_block_first,block_major,block_first,0.081523,1.14547937523,0,0,true
mha,8,8,64,1,2048,64,11,7,0,block_major_block_first,block_major,block_first,0.081554,1.14547937523,0,0,true
mha,8,8,64,1,2048,64,11,7,1,block_major_head_first,block_major,head_first,0.087402,1.14547937523,0,0,true
mha,8,8,64,1,2048,64,11,7,2,head_major_block_first,head_major,block_first,0.088825,1.14547937523,0,0,true
mha,8,8,64,1,2048,64,11,7,3,head_major_head_first,head_major,head_first,0.08596,1.14547937523,0,0,true
mha,8,8,64,1,2048,64,11,8,0,block_major_head_first,block_major,head_first,0.087393,1.14547937523,0,0,true
mha,8,8,64,1,2048,64,11,8,1,head_major_block_first,head_major,block_first,0.088154,1.14547937523,0,0,true
mha,8,8,64,1,2048,64,11,8,2,head_major_head_first,head_major,head_first,0.085539,1.14547937523,0,0,true
mha,8,8,64,1,2048,64,11,8,3,block_major_block_first,block_major,block_first,0.081393,1.14547937523,0,0,true
mha,8,8,64,1,2048,64,11,9,0,head_major_block_first,head_major,block_first,0.087833,1.14547937523,0,0,true
mha,8,8,64,1,2048,64,11,9,1,block_major_block_first,block_major,block_first,0.081373,1.14547937523,0,0,true
mha,8,8,64,1,2048,64,11,9,2,head_major_head_first,head_major,head_first,0.085179,1.14547937523,0,0,true
mha,8,8,64,1,2048,64,11,9,3,block_major_head_first,block_major,head_first,0.087263,1.14547937523,0,0,true
mha,8,8,64,1,2048,64,11,10,0,head_major_head_first,head_major,head_first,0.085159,1.14547937523,0,0,true
mha,8,8,64,1,2048,64,11,10,1,block_major_head_first,block_major,head_first,0.087232,1.14547937523,0,0,true
mha,8,8,64,1,2048,64,11,10,2,head_major_block_first,head_major,block_first,0.088003,1.14547937523,0,0,true
mha,8,8,64,1,2048,64,11,10,3,block_major_block_first,block_major,block_first,0.081554,1.14547937523,0,0,true
mha,8,8,64,1,2048,64,11,11,0,head_major_block_first,head_major,block_first,0.087693,1.14547937523,0,0,true
mha,8,8,64,1,2048,64,11,11,1,block_major_block_first,block_major,block_first,0.081263,1.14547937523,0,0,true
mha,8,8,64,1,2048,64,11,11,2,block_major_head_first,block_major,head_first,0.087282,1.14547937523,0,0,true
mha,8,8,64,1,2048,64,11,11,3,head_major_head_first,head_major,head_first,0.085229,1.14547937523,0,0,true
mha,8,8,64,1,2048,64,11,12,0,head_major_head_first,head_major,head_first,0.085409,1.14547937523,0,0,true
mha,8,8,64,1,2048,64,11,12,1,head_major_block_first,head_major,block_first,0.088494,1.14547937523,0,0,true
mha,8,8,64,1,2048,64,11,12,2,block_major_block_first,block_major,block_first,0.081734,1.14547937523,0,0,true
mha,8,8,64,1,2048,64,11,12,3,block_major_head_first,block_major,head_first,0.088404,1.14547937523,0,0,true
mha,8,8,64,1,2048,64,11,13,0,block_major_block_first,block_major,block_first,0.081774,1.14547937523,0,0,true
mha,8,8,64,1,2048,64,11,13,1,block_major_head_first,block_major,head_first,0.087112,1.14547937523,0,0,true
mha,8,8,64,1,2048,64,11,13,2,head_major_block_first,head_major,block_first,0.088945,1.14547937523,0,0,true
mha,8,8,64,1,2048,64,11,13,3,head_major_head_first,head_major,head_first,0.085579,1.14547937523,0,0,true
mha,8,8,64,1,2048,64,11,14,0,head_major_block_first,head_major,block_first,0.087783,1.14547937523,0,0,true
mha,8,8,64,1,2048,64,11,14,1,block_major_block_first,block_major,block_first,0.081773,1.14547937523,0,0,true
mha,8,8,64,1,2048,64,11,14,2,block_major_head_first,block_major,head_first,0.087582,1.14547937523,0,0,true
mha,8,8,64,1,2048,64,11,14,3,head_major_head_first,head_major,head_first,0.08579,1.14547937523,0,0,true
mha,8,8,64,1,2048,64,11,15,0,head_major_head_first,head_major,head_first,0.085259,1.14547937523,0,0,true
mha,8,8,64,1,2048,64,11,15,1,block_major_head_first,block_major,head_first,0.087642,1.14547937523,0,0,true
mha,8,8,64,1,2048,64,11,15,2,head_major_block_first,head_major,block_first,0.088624,1.14547937523,0,0,true
mha,8,8,64,1,2048,64,11,15,3,block_major_block_first,block_major,block_first,0.082045,1.14547937523,0,0,true
mha,8,8,64,1,2048,64,11,16,0,head_major_head_first,head_major,head_first,0.09264,1.14547937523,0,0,true
mha,8,8,64,1,2048,64,11,16,1,block_major_head_first,block_major,head_first,0.087883,1.14547937523,0,0,true
mha,8,8,64,1,2048,64,11,16,2,block_major_block_first,block_major,block_first,0.081814,1.14547937523,0,0,true
mha,8,8,64,1,2048,64,11,16,3,head_major_block_first,head_major,block_first,0.087924,1.14547937523,0,0,true
mha,8,8,64,1,2048,64,11,17,0,block_major_block_first,block_major,block_first,0.081443,1.14547937523,0,0,true
mha,8,8,64,1,2048,64,11,17,1,head_major_block_first,head_major,block_first,0.088274,1.14547937523,0,0,true
mha,8,8,64,1,2048,64,11,17,2,block_major_head_first,block_major,head_first,0.087893,1.14547937523,0,0,true
mha,8,8,64,1,2048,64,11,17,3,head_major_head_first,head_major,head_first,0.08569,1.14547937523,0,0,true
mha,8,8,64,1,2048,64,11,18,0,block_major_block_first,block_major,block_first,0.081644,1.14547937523,0,0,true
mha,8,8,64,1,2048,64,11,18,1,head_major_head_first,head_major,head_first,0.085619,1.14547937523,0,0,true
mha,8,8,64,1,2048,64,11,18,2,head_major_block_first,head_major,block_first,0.088013,1.14547937523,0,0,true
mha,8,8,64,1,2048,64,11,18,3,block_major_head_first,block_major,head_first,0.087933,1.14547937523,0,0,true
mha,8,8,64,1,2048,64,11,19,0,block_major_head_first,block_major,head_first,0.086511,1.14547937523,0,0,true
mha,8,8,64,1,2048,64,11,19,1,head_major_block_first,head_major,block_first,0.088104,1.14547937523,0,0,true
mha,8,8,64,1,2048,64,11,19,2,block_major_block_first,block_major,block_first,0.081674,1.14547937523,0,0,true
mha,8,8,64,1,2048,64,11,19,3,head_major_head_first,head_major,head_first,0.085379,1.14547937523,0,0,true
mha,8,8,64,1,2048,64,29,0,0,head_major_head_first,head_major,head_first,0.084858,0.809996974766,0,0,true
mha,8,8,64,1,2048,64,29,0,1,head_major_block_first,head_major,block_first,0.088444,0.809996974766,0,0,true
mha,8,8,64,1,2048,64,29,0,2,block_major_block_first,block_major,block_first,0.081573,0.809996974766,0,0,true
mha,8,8,64,1,2048,64,29,0,3,block_major_head_first,block_major,head_first,0.086992,0.809996974766,0,0,true
mha,8,8,64,1,2048,64,29,1,0,head_major_head_first,head_major,head_first,0.085219,0.809996974766,0,0,true
mha,8,8,64,1,2048,64,29,1,1,block_major_block_first,block_major,block_first,0.081603,0.809996974766,0,0,true
mha,8,8,64,1,2048,64,29,1,2,head_major_block_first,head_major,block_first,0.089015,0.809996974766,0,0,true
mha,8,8,64,1,2048,64,29,1,3,block_major_head_first,block_major,head_first,0.088204,0.809996974766,0,0,true
mha,8,8,64,1,2048,64,29,2,0,block_major_head_first,block_major,head_first,0.087282,0.809996974766,0,0,true
mha,8,8,64,1,2048,64,29,2,1,head_major_block_first,head_major,block_first,0.088453,0.809996974766,0,0,true
mha,8,8,64,1,2048,64,29,2,2,block_major_block_first,block_major,block_first,0.081533,0.809996974766,0,0,true
mha,8,8,64,1,2048,64,29,2,3,head_major_head_first,head_major,head_first,0.085029,0.809996974766,0,0,true
mha,8,8,64,1,2048,64,29,3,0,head_major_block_first,head_major,block_first,0.087703,0.809996974766,0,0,true
mha,8,8,64,1,2048,64,29,3,1,block_major_block_first,block_major,block_first,0.081383,0.809996974766,0,0,true
mha,8,8,64,1,2048,64,29,3,2,head_major_head_first,head_major,head_first,0.085118,0.809996974766,0,0,true
mha,8,8,64,1,2048,64,29,3,3,block_major_head_first,block_major,head_first,0.087372,0.809996974766,0,0,true
mha,8,8,64,1,2048,64,29,4,0,head_major_block_first,head_major,block_first,0.088454,0.809996974766,0,0,true
mha,8,8,64,1,2048,64,29,4,1,head_major_head_first,head_major,head_first,0.085139,0.809996974766,0,0,true
mha,8,8,64,1,2048,64,29,4,2,block_major_head_first,block_major,head_first,0.087763,0.809996974766,0,0,true
mha,8,8,64,1,2048,64,29,4,3,block_major_block_first,block_major,block_first,0.081664,0.809996974766,0,0,true
mha,8,8,64,1,2048,64,29,5,0,block_major_head_first,block_major,head_first,0.087112,0.809996974766,0,0,true
mha,8,8,64,1,2048,64,29,5,1,head_major_head_first,head_major,head_first,0.085199,0.809996974766,0,0,true
mha,8,8,64,1,2048,64,29,5,2,block_major_block_first,block_major,block_first,0.081584,0.809996974766,0,0,true
mha,8,8,64,1,2048,64,29,5,3,head_major_block_first,head_major,block_first,0.093982,0.809996974766,0,0,true
mha,8,8,64,1,2048,64,29,6,0,block_major_head_first,block_major,head_first,0.087803,0.809996974766,0,0,true
mha,8,8,64,1,2048,64,29,6,1,block_major_block_first,block_major,block_first,0.081433,0.809996974766,0,0,true
mha,8,8,64,1,2048,64,29,6,2,head_major_block_first,head_major,block_first,0.088034,0.809996974766,0,0,true
mha,8,8,64,1,2048,64,29,6,3,head_major_head_first,head_major,head_first,0.084918,0.809996974766,0,0,true
mha,8,8,64,1,2048,64,29,7,0,head_major_head_first,head_major,head_first,0.085219,0.809996974766,0,0,true
mha,8,8,64,1,2048,64,29,7,1,head_major_block_first,head_major,block_first,0.087663,0.809996974766,0,0,true
mha,8,8,64,1,2048,64,29,7,2,block_major_head_first,block_major,head_first,0.088294,0.809996974766,0,0,true
mha,8,8,64,1,2048,64,29,7,3,block_major_block_first,block_major,block_first,0.081724,0.809996974766,0,0,true
mha,8,8,64,1,2048,64,29,8,0,block_major_block_first,block_major,block_first,0.081364,0.809996974766,0,0,true
mha,8,8,64,1,2048,64,29,8,1,head_major_head_first,head_major,head_first,0.085279,0.809996974766,0,0,true
mha,8,8,64,1,2048,64,29,8,2,head_major_block_first,head_major,block_first,0.088023,0.809996974766,0,0,true
mha,8,8,64,1,2048,64,29,8,3,block_major_head_first,block_major,head_first,0.087293,0.809996974766,0,0,true
mha,8,8,64,1,2048,64,29,9,0,head_major_block_first,head_major,block_first,0.087563,0.809996974766,0,0,true
mha,8,8,64,1,2048,64,29,9,1,block_major_block_first,block_major,block_first,0.081683,0.809996974766,0,0,true
mha,8,8,64,1,2048,64,29,9,2,head_major_head_first,head_major,head_first,0.085229,0.809996974766,0,0,true
mha,8,8,64,1,2048,64,29,9,3,block_major_head_first,block_major,head_first,0.087322,0.809996974766,0,0,true
mha,8,8,64,1,2048,64,29,10,0,head_major_head_first,head_major,head_first,0.085119,0.809996974766,0,0,true
mha,8,8,64,1,2048,64,29,10,1,block_major_head_first,block_major,head_first,0.087373,0.809996974766,0,0,true
mha,8,8,64,1,2048,64,29,10,2,block_major_block_first,block_major,block_first,0.081623,0.809996974766,0,0,true
mha,8,8,64,1,2048,64,29,10,3,head_major_block_first,head_major,block_first,0.088293,0.809996974766,0,0,true
mha,8,8,64,1,2048,64,29,11,0,head_major_head_first,head_major,head_first,0.085089,0.809996974766,0,0,true
mha,8,8,64,1,2048,64,29,11,1,head_major_block_first,head_major,block_first,0.087953,0.809996974766,0,0,true
mha,8,8,64,1,2048,64,29,11,2,block_major_head_first,block_major,head_first,0.087833,0.809996974766,0,0,true
mha,8,8,64,1,2048,64,29,11,3,block_major_block_first,block_major,block_first,0.081484,0.809996974766,0,0,true
mha,8,8,64,1,2048,64,29,12,0,head_major_block_first,head_major,block_first,0.088884,0.809996974766,0,0,true
mha,8,8,64,1,2048,64,29,12,1,block_major_block_first,block_major,block_first,0.081684,0.809996974766,0,0,true
mha,8,8,64,1,2048,64,29,12,2,block_major_head_first,block_major,head_first,0.087512,0.809996974766,0,0,true
mha,8,8,64,1,2048,64,29,12,3,head_major_head_first,head_major,head_first,0.085709,0.809996974766,0,0,true
mha,8,8,64,1,2048,64,29,13,0,block_major_head_first,block_major,head_first,0.087402,0.809996974766,0,0,true
mha,8,8,64,1,2048,64,29,13,1,head_major_block_first,head_major,block_first,0.088133,0.809996974766,0,0,true
mha,8,8,64,1,2048,64,29,13,2,head_major_head_first,head_major,head_first,0.085629,0.809996974766,0,0,true
mha,8,8,64,1,2048,64,29,13,3,block_major_block_first,block_major,block_first,0.081884,0.809996974766,0,0,true
mha,8,8,64,1,2048,64,29,14,0,block_major_head_first,block_major,head_first,0.088544,0.809996974766,0,0,true
mha,8,8,64,1,2048,64,29,14,1,block_major_block_first,block_major,block_first,0.081984,0.809996974766,0,0,true
mha,8,8,64,1,2048,64,29,14,2,head_major_block_first,head_major,block_first,0.088424,0.809996974766,0,0,true
mha,8,8,64,1,2048,64,29,14,3,head_major_head_first,head_major,head_first,0.085048,0.809996974766,0,0,true
mha,8,8,64,1,2048,64,29,15,0,block_major_block_first,block_major,block_first,0.081763,0.809996974766,0,0,true
mha,8,8,64,1,2048,64,29,15,1,head_major_block_first,head_major,block_first,0.087973,0.809996974766,0,0,true
mha,8,8,64,1,2048,64,29,15,2,head_major_head_first,head_major,head_first,0.085119,0.809996974766,0,0,true
mha,8,8,64,1,2048,64,29,15,3,block_major_head_first,block_major,head_first,0.087643,0.809996974766,0,0,true
mha,8,8,64,1,2048,64,29,16,0,block_major_head_first,block_major,head_first,0.086781,0.809996974766,0,0,true
mha,8,8,64,1,2048,64,29,16,1,head_major_block_first,head_major,block_first,0.087953,0.809996974766,0,0,true
mha,8,8,64,1,2048,64,29,16,2,block_major_block_first,block_major,block_first,0.081323,0.809996974766,0,0,true
mha,8,8,64,1,2048,64,29,16,3,head_major_head_first,head_major,head_first,0.085039,0.809996974766,0,0,true
mha,8,8,64,1,2048,64,29,17,0,block_major_block_first,block_major,block_first,0.088995,0.809996974766,0,0,true
mha,8,8,64,1,2048,64,29,17,1,head_major_head_first,head_major,head_first,0.084799,0.809996974766,0,0,true
mha,8,8,64,1,2048,64,29,17,2,head_major_block_first,head_major,block_first,0.087833,0.809996974766,0,0,true
mha,8,8,64,1,2048,64,29,17,3,block_major_head_first,block_major,head_first,0.088264,0.809996974766,0,0,true
mha,8,8,64,1,2048,64,29,18,0,head_major_block_first,head_major,block_first,0.088754,0.809996974766,0,0,true
mha,8,8,64,1,2048,64,29,18,1,block_major_head_first,block_major,head_first,0.087823,0.809996974766,0,0,true
mha,8,8,64,1,2048,64,29,18,2,block_major_block_first,block_major,block_first,0.081533,0.809996974766,0,0,true
mha,8,8,64,1,2048,64,29,18,3,head_major_head_first,head_major,head_first,0.085129,0.809996974766,0,0,true
mha,8,8,64,1,2048,64,29,19,0,block_major_head_first,block_major,head_first,0.087372,0.809996974766,0,0,true
mha,8,8,64,1,2048,64,29,19,1,head_major_head_first,head_major,head_first,0.085009,0.809996974766,0,0,true
mha,8,8,64,1,2048,64,29,19,2,head_major_block_first,head_major,block_first,0.087803,0.809996974766,0,0,true
mha,8,8,64,1,2048,64,29,19,3,block_major_block_first,block_major,block_first,0.081744,0.809996974766,0,0,true
mha,8,8,64,1,2048,64,47,0,0,block_major_head_first,block_major,head_first,0.087082,-0.0164107332703,0,0,true
mha,8,8,64,1,2048,64,47,0,1,head_major_block_first,head_major,block_first,0.087833,-0.0164107332703,0,0,true
mha,8,8,64,1,2048,64,47,0,2,block_major_block_first,block_major,block_first,0.081673,-0.0164107332703,0,0,true
mha,8,8,64,1,2048,64,47,0,3,head_major_head_first,head_major,head_first,0.084899,-0.0164107332703,0,0,true
mha,8,8,64,1,2048,64,47,1,0,block_major_head_first,block_major,head_first,0.086972,-0.0164107332703,0,0,true
mha,8,8,64,1,2048,64,47,1,1,head_major_head_first,head_major,head_first,0.084898,-0.0164107332703,0,0,true
mha,8,8,64,1,2048,64,47,1,2,block_major_block_first,block_major,block_first,0.081583,-0.0164107332703,0,0,true
mha,8,8,64,1,2048,64,47,1,3,head_major_block_first,head_major,block_first,0.087793,-0.0164107332703,0,0,true
mha,8,8,64,1,2048,64,47,2,0,block_major_head_first,block_major,head_first,0.087383,-0.0164107332703,0,0,true
mha,8,8,64,1,2048,64,47,2,1,head_major_head_first,head_major,head_first,0.091358,-0.0164107332703,0,0,true
mha,8,8,64,1,2048,64,47,2,2,block_major_block_first,block_major,block_first,0.081454,-0.0164107332703,0,0,true
mha,8,8,64,1,2048,64,47,2,3,head_major_block_first,head_major,block_first,0.087923,-0.0164107332703,0,0,true
mha,8,8,64,1,2048,64,47,3,0,block_major_block_first,block_major,block_first,0.081464,-0.0164107332703,0,0,true
mha,8,8,64,1,2048,64,47,3,1,head_major_head_first,head_major,head_first,0.085099,-0.0164107332703,0,0,true
mha,8,8,64,1,2048,64,47,3,2,block_major_head_first,block_major,head_first,0.087352,-0.0164107332703,0,0,true
mha,8,8,64,1,2048,64,47,3,3,head_major_block_first,head_major,block_first,0.087883,-0.0164107332703,0,0,true
mha,8,8,64,1,2048,64,47,4,0,block_major_head_first,block_major,head_first,0.087452,-0.0164107332703,0,0,true
mha,8,8,64,1,2048,64,47,4,1,head_major_block_first,head_major,block_first,0.087974,-0.0164107332703,0,0,true
mha,8,8,64,1,2048,64,47,4,2,head_major_head_first,head_major,head_first,0.085189,-0.0164107332703,0,0,true
mha,8,8,64,1,2048,64,47,4,3,block_major_block_first,block_major,block_first,0.081483,-0.0164107332703,0,0,true
mha,8,8,64,1,2048,64,47,5,0,block_major_block_first,block_major,block_first,0.081223,-0.0164107332703,0,0,true
mha,8,8,64,1,2048,64,47,5,1,block_major_head_first,block_major,head_first,0.087313,-0.0164107332703,0,0,true
mha,8,8,64,1,2048,64,47,5,2,head_major_block_first,head_major,block_first,0.087903,-0.0164107332703,0,0,true
mha,8,8,64,1,2048,64,47,5,3,head_major_head_first,head_major,head_first,0.084758,-0.0164107332703,0,0,true
mha,8,8,64,1,2048,64,47,6,0,block_major_head_first,block_major,head_first,0.087302,-0.0164107332703,0,0,true
mha,8,8,64,1,2048,64,47,6,1,head_major_block_first,head_major,block_first,0.088484,-0.0164107332703,0,0,true
mha,8,8,64,1,2048,64,47,6,2,block_major_block_first,block_major,block_first,0.082014,-0.0164107332703,0,0,true
mha,8,8,64,1,2048,64,47,6,3,head_major_head_first,head_major,head_first,0.084738,-0.0164107332703,0,0,true
mha,8,8,64,1,2048,64,47,7,0,block_major_head_first,block_major,head_first,0.087863,-0.0164107332703,0,0,true
mha,8,8,64,1,2048,64,47,7,1,head_major_block_first,head_major,block_first,0.087903,-0.0164107332703,0,0,true
mha,8,8,64,1,2048,64,47,7,2,block_major_block_first,block_major,block_first,0.081353,-0.0164107332703,0,0,true
mha,8,8,64,1,2048,64,47,7,3,head_major_head_first,head_major,head_first,0.084859,-0.0164107332703,0,0,true
mha,8,8,64,1,2048,64,47,8,0,block_major_head_first,block_major,head_first,0.088714,-0.0164107332703,0,0,true
mha,8,8,64,1,2048,64,47,8,1,block_major_block_first,block_major,block_first,0.081613,-0.0164107332703,0,0,true
mha,8,8,64,1,2048,64,47,8,2,head_major_head_first,head_major,head_first,0.085089,-0.0164107332703,0,0,true
mha,8,8,64,1,2048,64,47,8,3,head_major_block_first,head_major,block_first,0.087863,-0.0164107332703,0,0,true
mha,8,8,64,1,2048,64,47,9,0,block_major_block_first,block_major,block_first,0.081153,-0.0164107332703,0,0,true
mha,8,8,64,1,2048,64,47,9,1,head_major_block_first,head_major,block_first,0.087132,-0.0164107332703,0,0,true
mha,8,8,64,1,2048,64,47,9,2,head_major_head_first,head_major,head_first,0.084959,-0.0164107332703,0,0,true
mha,8,8,64,1,2048,64,47,9,3,block_major_head_first,block_major,head_first,0.087322,-0.0164107332703,0,0,true
mha,8,8,64,1,2048,64,47,10,0,block_major_block_first,block_major,block_first,0.081484,-0.0164107332703,0,0,true
mha,8,8,64,1,2048,64,47,10,1,head_major_block_first,head_major,block_first,0.087673,-0.0164107332703,0,0,true
mha,8,8,64,1,2048,64,47,10,2,head_major_head_first,head_major,head_first,0.084588,-0.0164107332703,0,0,true
mha,8,8,64,1,2048,64,47,10,3,block_major_head_first,block_major,head_first,0.087463,-0.0164107332703,0,0,true
mha,8,8,64,1,2048,64,47,11,0,block_major_block_first,block_major,block_first,0.081784,-0.0164107332703,0,0,true
mha,8,8,64,1,2048,64,47,11,1,block_major_head_first,block_major,head_first,0.087112,-0.0164107332703,0,0,true
mha,8,8,64,1,2048,64,47,11,2,head_major_head_first,head_major,head_first,0.084708,-0.0164107332703,0,0,true
mha,8,8,64,1,2048,64,47,11,3,head_major_block_first,head_major,block_first,0.087934,-0.0164107332703,0,0,true
mha,8,8,64,1,2048,64,47,12,0,block_major_head_first,block_major,head_first,0.087002,-0.0164107332703,0,0,true
mha,8,8,64,1,2048,64,47,12,1,head_major_head_first,head_major,head_first,0.085089,-0.0164107332703,0,0,true
mha,8,8,64,1,2048,64,47,12,2,head_major_block_first,head_major,block_first,0.087713,-0.0164107332703,0,0,true
mha,8,8,64,1,2048,64,47,12,3,block_major_block_first,block_major,block_first,0.081283,-0.0164107332703,0,0,true
mha,8,8,64,1,2048,64,47,13,0,head_major_head_first,head_major,head_first,0.085099,-0.0164107332703,0,0,true
mha,8,8,64,1,2048,64,47,13,1,block_major_block_first,block_major,block_first,0.081313,-0.0164107332703,0,0,true
mha,8,8,64,1,2048,64,47,13,2,head_major_block_first,head_major,block_first,0.087683,-0.0164107332703,0,0,true
mha,8,8,64,1,2048,64,47,13,3,block_major_head_first,block_major,head_first,0.098159,-0.0164107332703,0,0,true
mha,8,8,64,1,2048,64,47,14,0,head_major_block_first,head_major,block_first,0.087523,-0.0164107332703,0,0,true
mha,8,8,64,1,2048,64,47,14,1,block_major_head_first,block_major,head_first,0.087152,-0.0164107332703,0,0,true
mha,8,8,64,1,2048,64,47,14,2,head_major_head_first,head_major,head_first,0.085129,-0.0164107332703,0,0,true
mha,8,8,64,1,2048,64,47,14,3,block_major_block_first,block_major,block_first,0.081584,-0.0164107332703,0,0,true
mha,8,8,64,1,2048,64,47,15,0,block_major_block_first,block_major,block_first,0.081523,-0.0164107332703,0,0,true
mha,8,8,64,1,2048,64,47,15,1,head_major_head_first,head_major,head_first,0.08567,-0.0164107332703,0,0,true
mha,8,8,64,1,2048,64,47,15,2,head_major_block_first,head_major,block_first,0.087733,-0.0164107332703,0,0,true
mha,8,8,64,1,2048,64,47,15,3,block_major_head_first,block_major,head_first,0.088043,-0.0164107332703,0,0,true
mha,8,8,64,1,2048,64,47,16,0,block_major_head_first,block_major,head_first,0.087121,-0.0164107332703,0,0,true
mha,8,8,64,1,2048,64,47,16,1,head_major_head_first,head_major,head_first,0.085038,-0.0164107332703,0,0,true
mha,8,8,64,1,2048,64,47,16,2,head_major_block_first,head_major,block_first,0.087512,-0.0164107332703,0,0,true
mha,8,8,64,1,2048,64,47,16,3,block_major_block_first,block_major,block_first,0.081744,-0.0164107332703,0,0,true
mha,8,8,64,1,2048,64,47,17,0,head_major_head_first,head_major,head_first,0.085269,-0.0164107332703,0,0,true
mha,8,8,64,1,2048,64,47,17,1,block_major_block_first,block_major,block_first,0.081203,-0.0164107332703,0,0,true
mha,8,8,64,1,2048,64,47,17,2,head_major_block_first,head_major,block_first,0.087312,-0.0164107332703,0,0,true
mha,8,8,64,1,2048,64,47,17,3,block_major_head_first,block_major,head_first,0.087092,-0.0164107332703,0,0,true
mha,8,8,64,1,2048,64,47,18,0,head_major_head_first,head_major,head_first,0.084949,-0.0164107332703,0,0,true
mha,8,8,64,1,2048,64,47,18,1,block_major_block_first,block_major,block_first,0.081794,-0.0164107332703,0,0,true
mha,8,8,64,1,2048,64,47,18,2,head_major_block_first,head_major,block_first,0.088094,-0.0164107332703,0,0,true
mha,8,8,64,1,2048,64,47,18,3,block_major_head_first,block_major,head_first,0.087412,-0.0164107332703,0,0,true
mha,8,8,64,1,2048,64,47,19,0,head_major_head_first,head_major,head_first,0.084838,-0.0164107332703,0,0,true
mha,8,8,64,1,2048,64,47,19,1,block_major_head_first,block_major,head_first,0.087002,-0.0164107332703,0,0,true
mha,8,8,64,1,2048,64,47,19,2,head_major_block_first,head_major,block_first,0.088434,-0.0164107332703,0,0,true
mha,8,8,64,1,2048,64,47,19,3,block_major_block_first,block_major,block_first,0.081644,-0.0164107332703,0,0,true
mha,8,8,64,1,8192,64,11,0,0,block_major_head_first,block_major,head_first,0.492976,0.285995418835,0,0,true
mha,8,8,64,1,8192,64,11,0,1,block_major_block_first,block_major,block_first,0.326374,0.285995418835,0,0,true
mha,8,8,64,1,8192,64,11,0,2,head_major_head_first,head_major,head_first,0.373465,0.285995418835,0,0,true
mha,8,8,64,1,8192,64,11,0,3,head_major_block_first,head_major,block_first,0.485735,0.285995418835,0,0,true
mha,8,8,64,1,8192,64,11,1,0,head_major_block_first,head_major,block_first,0.373144,0.285995418835,0,0,true
mha,8,8,64,1,8192,64,11,1,1,block_major_block_first,block_major,block_first,0.358272,0.285995418835,0,0,true
mha,8,8,64,1,8192,64,11,1,2,block_major_head_first,block_major,head_first,0.517563,0.285995418835,0,0,true
mha,8,8,64,1,8192,64,11,1,3,head_major_head_first,head_major,head_first,0.3699,0.285995418835,0,0,true
mha,8,8,64,1,8192,64,11,2,0,head_major_head_first,head_major,head_first,0.36338,0.285995418835,0,0,true
mha,8,8,64,1,8192,64,11,2,1,block_major_head_first,block_major,head_first,0.562171,0.285995418835,0,0,true
mha,8,8,64,1,8192,64,11,2,2,block_major_block_first,block_major,block_first,0.336429,0.285995418835,0,0,true
mha,8,8,64,1,8192,64,11,2,3,head_major_block_first,head_major,block_first,0.48903,0.285995418835,0,0,true
mha,8,8,64,1,8192,64,11,3,0,head_major_block_first,head_major,block_first,0.476832,0.285995418835,0,0,true
mha,8,8,64,1,8192,64,11,3,1,head_major_head_first,head_major,head_first,0.379064,0.285995418835,0,0,true
mha,8,8,64,1,8192,64,11,3,2,block_major_head_first,block_major,head_first,0.578456,0.285995418835,0,0,true
mha,8,8,64,1,8192,64,11,3,3,block_major_block_first,block_major,block_first,0.339344,0.285995418835,0,0,true
mha,8,8,64,1,8192,64,11,4,0,block_major_head_first,block_major,head_first,0.485194,0.285995418835,0,0,true
mha,8,8,64,1,8192,64,11,4,1,block_major_block_first,block_major,block_first,0.329549,0.285995418835,0,0,true
mha,8,8,64,1,8192,64,11,4,2,head_major_head_first,head_major,head_first,0.368488,0.285995418835,0,0,true
mha,8,8,64,1,8192,64,11,4,3,head_major_block_first,head_major,block_first,0.466156,0.285995418835,0,0,true
mha,8,8,64,1,8192,64,11,5,0,head_major_head_first,head_major,head_first,0.34314,0.285995418835,0,0,true
mha,8,8,64,1,8192,64,11,5,1,block_major_block_first,block_major,block_first,0.356079,0.285995418835,0,0,true
mha,8,8,64,1,8192,64,11,5,2,head_major_block_first,head_major,block_first,0.467898,0.285995418835,0,0,true
mha,8,8,64,1,8192,64,11,5,3,block_major_head_first,block_major,head_first,0.575651,0.285995418835,0,0,true
mha,8,8,64,1,8192,64,11,6,0,block_major_head_first,block_major,head_first,0.491203,0.285995418835,0,0,true
mha,8,8,64,1,8192,64,11,6,1,head_major_head_first,head_major,head_first,0.370811,0.285995418835,0,0,true
mha,8,8,64,1,8192,64,11,6,2,head_major_block_first,head_major,block_first,0.450722,0.285995418835,0,0,true
mha,8,8,64,1,8192,64,11,6,3,block_major_block_first,block_major,block_first,0.35658,0.285995418835,0,0,true
mha,8,8,64,1,8192,64,11,7,0,block_major_block_first,block_major,block_first,0.344832,0.285995418835,0,0,true
mha,8,8,64,1,8192,64,11,7,1,head_major_block_first,head_major,block_first,0.470152,0.285995418835,0,0,true
mha,8,8,64,1,8192,64,11,7,2,head_major_head_first,head_major,head_first,0.361077,0.285995418835,0,0,true
mha,8,8,64,1,8192,64,11,7,3,block_major_head_first,block_major,head_first,0.584835,0.285995418835,0,0,true
mha,8,8,64,1,8192,64,11,8,0,head_major_head_first,head_major,head_first,0.369569,0.285995418835,0,0,true
mha,8,8,64,1,8192,64,11,8,1,block_major_head_first,block_major,head_first,0.554689,0.285995418835,0,0,true
mha,8,8,64,1,8192,64,11,8,2,block_major_block_first,block_major,block_first,0.340796,0.285995418835,0,0,true
mha,8,8,64,1,8192,64,11,8,3,head_major_block_first,head_major,block_first,0.494318,0.285995418835,0,0,true
mha,8,8,64,1,8192,64,11,9,0,head_major_block_first,head_major,block_first,0.477713,0.285995418835,0,0,true
mha,8,8,64,1,8192,64,11,9,1,block_major_block_first,block_major,block_first,0.348277,0.285995418835,0,0,true
mha,8,8,64,1,8192,64,11,9,2,block_major_head_first,block_major,head_first,0.522821,0.285995418835,0,0,true
mha,8,8,64,1,8192,64,11,9,3,head_major_head_first,head_major,head_first,0.366565,0.285995418835,0,0,true
mha,8,8,64,1,8192,64,11,10,0,block_major_block_first,block_major,block_first,0.34372,0.285995418835,0,0,true
mha,8,8,64,1,8192,64,11,10,1,block_major_head_first,block_major,head_first,0.511814,0.285995418835,0,0,true
mha,8,8,64,1,8192,64,11,10,2,head_major_head_first,head_major,head_first,0.367426,0.285995418835,0,0,true
mha,8,8,64,1,8192,64,11,10,3,head_major_block_first,head_major,block_first,0.483201,0.285995418835,0,0,true
mha,8,8,64,1,8192,64,11,11,0,block_major_block_first,block_major,block_first,0.347947,0.285995418835,0,0,true
mha,8,8,64,1,8192,64,11,11,1,head_major_head_first,head_major,head_first,0.365483,0.285995418835,0,0,true
mha,8,8,64,1,8192,64,11,11,2,block_major_head_first,block_major,head_first,0.546307,0.285995418835,0,0,true
mha,8,8,64,1,8192,64,11,11,3,head_major_block_first,head_major,block_first,0.483863,0.285995418835,0,0,true
mha,8,8,64,1,8192,64,11,12,0,head_major_block_first,head_major,block_first,0.480107,0.285995418835,0,0,true
mha,8,8,64,1,8192,64,11,12,1,block_major_head_first,block_major,head_first,0.572186,0.285995418835,0,0,true
mha,8,8,64,1,8192,64,11,12,2,head_major_head_first,head_major,head_first,0.367446,0.285995418835,0,0,true
mha,8,8,64,1,8192,64,11,12,3,block_major_block_first,block_major,block_first,0.348528,0.285995418835,0,0,true
mha,8,8,64,1,8192,64,11,13,0,block_major_head_first,block_major,head_first,0.520208,0.285995418835,0,0,true
mha,8,8,64,1,8192,64,11,13,1,block_major_block_first,block_major,block_first,0.336279,0.285995418835,0,0,true
mha,8,8,64,1,8192,64,11,13,2,head_major_head_first,head_major,head_first,0.367786,0.285995418835,0,0,true
mha,8,8,64,1,8192,64,11,13,3,head_major_block_first,head_major,block_first,0.481098,0.285995418835,0,0,true
mha,8,8,64,1,8192,64,11,14,0,head_major_block_first,head_major,block_first,0.465575,0.285995418835,0,0,true
mha,8,8,64,1,8192,64,11,14,1,block_major_head_first,block_major,head_first,0.566598,0.285995418835,0,0,true
mha,8,8,64,1,8192,64,11,14,2,head_major_head_first,head_major,head_first,0.365033,0.285995418835,0,0,true
mha,8,8,64,1,8192,64,11,14,3,block_major_block_first,block_major,block_first,0.36307,0.285995418835,0,0,true
mha,8,8,64,1,8192,64,11,15,0,block_major_block_first,block_major,block_first,0.346444,0.285995418835,0,0,true
mha,8,8,64,1,8192,64,11,15,1,head_major_head_first,head_major,head_first,0.367806,0.285995418835,0,0,true
mha,8,8,64,1,8192,64,11,15,2,block_major_head_first,block_major,head_first,0.530573,0.285995418835,0,0,true
mha,8,8,64,1,8192,64,11,15,3,head_major_block_first,head_major,block_first,0.48188,0.285995418835,0,0,true
mha,8,8,64,1,8192,64,11,16,0,head_major_block_first,head_major,block_first,0.472435,0.285995418835,0,0,true
mha,8,8,64,1,8192,64,11,16,1,head_major_head_first,head_major,head_first,0.361597,0.285995418835,0,0,true
mha,8,8,64,1,8192,64,11,16,2,block_major_head_first,block_major,head_first,0.575951,0.285995418835,0,0,true
mha,8,8,64,1,8192,64,11,16,3,block_major_block_first,block_major,block_first,0.341607,0.285995418835,0,0,true
mha,8,8,64,1,8192,64,11,17,0,head_major_head_first,head_major,head_first,0.386265,0.285995418835,0,0,true
mha,8,8,64,1,8192,64,11,17,1,block_major_head_first,block_major,head_first,0.52814,0.285995418835,0,0,true
mha,8,8,64,1,8192,64,11,17,2,head_major_block_first,head_major,block_first,0.484804,0.285995418835,0,0,true
mha,8,8,64,1,8192,64,11,17,3,block_major_block_first,block_major,block_first,0.346435,0.285995418835,0,0,true
mha,8,8,64,1,8192,64,11,18,0,head_major_block_first,head_major,block_first,0.484704,0.285995418835,0,0,true
mha,8,8,64,1,8192,64,11,18,1,block_major_head_first,block_major,head_first,0.539136,0.285995418835,0,0,true
mha,8,8,64,1,8192,64,11,18,2,block_major_block_first,block_major,block_first,0.338302,0.285995418835,0,0,true
mha,8,8,64,1,8192,64,11,18,3,head_major_head_first,head_major,head_first,0.365794,0.285995418835,0,0,true
mha,8,8,64,1,8192,64,11,19,0,block_major_block_first,block_major,block_first,0.342048,0.285995418835,0,0,true
mha,8,8,64,1,8192,64,11,19,1,block_major_head_first,block_major,head_first,0.496872,0.285995418835,0,0,true
mha,8,8,64,1,8192,64,11,19,2,head_major_head_first,head_major,head_first,0.368418,0.285995418835,0,0,true
mha,8,8,64,1,8192,64,11,19,3,head_major_block_first,head_major,block_first,0.474428,0.285995418835,0,0,true
mha,8,8,64,1,8192,64,29,0,0,head_major_block_first,head_major,block_first,0.48259,0.370354565858,0,0,true
mha,8,8,64,1,8192,64,29,0,1,block_major_block_first,block_major,block_first,0.372594,0.370354565858,0,0,true
mha,8,8,64,1,8192,64,29,0,2,block_major_head_first,block_major,head_first,0.690024,0.370354565858,0,0,true
mha,8,8,64,1,8192,64,29,0,3,head_major_head_first,head_major,head_first,0.371322,0.370354565858,0,0,true
mha,8,8,64,1,8192,64,29,1,0,block_major_block_first,block_major,block_first,0.34987,0.370354565858,0,0,true
mha,8,8,64,1,8192,64,29,1,1,block_major_head_first,block_major,head_first,0.633539,0.370354565858,0,0,true
mha,8,8,64,1,8192,64,29,1,2,head_major_head_first,head_major,head_first,0.37033,0.370354565858,0,0,true
mha,8,8,64,1,8192,64,29,1,3,head_major_block_first,head_major,block_first,0.491143,0.370354565858,0,0,true
mha,8,8,64,1,8192,64,29,2,0,head_major_block_first,head_major,block_first,0.466926,0.370354565858,0,0,true
mha,8,8,64,1,8192,64,29,2,1,head_major_head_first,head_major,head_first,0.359834,0.370354565858,0,0,true
mha,8,8,64,1,8192,64,29,2,2,block_major_head_first,block_major,head_first,0.736314,0.370354565858,0,0,true
mha,8,8,64,1,8192,64,29,2,3,block_major_block_first,block_major,block_first,0.350721,0.370354565858,0,0,true
mha,8,8,64,1,8192,64,29,3,0,block_major_block_first,block_major,block_first,0.348157,0.370354565858,0,0,true
mha,8,8,64,1,8192,64,29,3,1,head_major_block_first,head_major,block_first,0.495881,0.370354565858,0,0,true
mha,8,8,64,1,8192,64,29,3,2,block_major_head_first,block_major,head_first,0.572106,0.370354565858,0,0,true
mha,8,8,64,1,8192,64,29,3,3,head_major_head_first,head_major,head_first,0.368417,0.370354565858,0,0,true
mha,8,8,64,1,8192,64,29,4,0,block_major_head_first,block_major,head_first,0.53521,0.370354565858,0,0,true
mha,8,8,64,1,8192,64,29,4,1,head_major_head_first,head_major,head_first,0.369319,0.370354565858,0,0,true
mha,8,8,64,1,8192,64,29,4,2,head_major_block_first,head_major,block_first,0.490983,0.370354565858,0,0,true
mha,8,8,64,1,8192,64,29,4,3,block_major_block_first,block_major,block_first,0.348868,0.370354565858,0,0,true
mha,8,8,64,1,8192,64,29,5,0,head_major_head_first,head_major,head_first,0.363881,0.370354565858,0,0,true
mha,8,8,64,1,8192,64,29,5,1,block_major_head_first,block_major,head_first,0.565656,0.370354565858,0,0,true
mha,8,8,64,1,8192,64,29,5,2,head_major_block_first,head_major,block_first,0.479295,0.370354565858,0,0,true
mha,8,8,64,1,8192,64,29,5,3,block_major_block_first,block_major,block_first,0.347546,0.370354565858,0,0,true
mha,8,8,64,1,8192,64,29,6,0,block_major_block_first,block_major,block_first,0.344802,0.370354565858,0,0,true
mha,8,8,64,1,8192,64,29,6,1,head_major_head_first,head_major,head_first,0.367697,0.370354565858,0,0,true
mha,8,8,64,1,8192,64,29,6,2,block_major_head_first,block_major,head_first,0.534949,0.370354565858,0,0,true
mha,8,8,64,1,8192,64,29,6,3,head_major_block_first,head_major,block_first,0.503342,0.370354565858,0,0,true
mha,8,8,64,1,8192,64,29,7,0,head_major_head_first,head_major,head_first,0.365092,0.370354565858,0,0,true
mha,8,8,64,1,8192,64,29,7,1,block_major_head_first,block_major,head_first,0.585757,0.370354565858,0,0,true
mha,8,8,64,1,8192,64,29,7,2,block_major_block_first,block_major,block_first,0.341036,0.370354565858,0,0,true
mha,8,8,64,1,8192,64,29,7,3,head_major_block_first,head_major,block_first,0.497303,0.370354565858,0,0,true
mha,8,8,64,1,8192,64,29,8,0,head_major_block_first,head_major,block_first,0.486075,0.370354565858,0,0,true
mha,8,8,64,1,8192,64,29,8,1,head_major_head_first,head_major,head_first,0.361297,0.370354565858,0,0,true
mha,8,8,64,1,8192,64,29,8,2,block_major_block_first,block_major,block_first,0.351472,0.370354565858,0,0,true
mha,8,8,64,1,8192,64,29,8,3,block_major_head_first,block_major,head_first,0.548691,0.370354565858,0,0,true
mha,8,8,64,1,8192,64,29,9,0,head_major_block_first,head_major,block_first,0.514889,0.370354565858,0,0,true
mha,8,8,64,1,8192,64,29,9,1,head_major_head_first,head_major,head_first,0.365323,0.370354565858,0,0,true
mha,8,8,64,1,8192,64,29,9,2,block_major_head_first,block_major,head_first,0.563764,0.370354565858,0,0,true
mha,8,8,64,1,8192,64,29,9,3,block_major_block_first,block_major,block_first,0.339144,0.370354565858,0,0,true
mha,8,8,64,1,8192,64,29,10,0,head_major_block_first,head_major,block_first,0.486226,0.370354565858,0,0,true
mha,8,8,64,1,8192,64,29,10,1,block_major_head_first,block_major,head_first,0.525576,0.370354565858,0,0,true
mha,8,8,64,1,8192,64,29,10,2,head_major_head_first,head_major,head_first,0.367046,0.370354565858,0,0,true
mha,8,8,64,1,8192,64,29,10,3,block_major_block_first,block_major,block_first,0.347536,0.370354565858,0,0,true
mha,8,8,64,1,8192,64,29,11,0,head_major_block_first,head_major,block_first,0.49566,0.370354565858,0,0,true
mha,8,8,64,1,8192,64,29,11,1,head_major_head_first,head_major,head_first,0.38303,0.370354565858,0,0,true
mha,8,8,64,1,8192,64,29,11,2,block_major_block_first,block_major,block_first,0.35079,0.370354565858,0,0,true
mha,8,8,64,1,8192,64,29,11,3,block_major_head_first,block_major,head_first,0.543663,0.370354565858,0,0,true
mha,8,8,64,1,8192,64,29,12,0,block_major_head_first,block_major,head_first,0.491233,0.370354565858,0,0,true
mha,8,8,64,1,8192,64,29,12,1,block_major_block_first,block_major,block_first,0.333064,0.370354565858,0,0,true
mha,8,8,64,1,8192,64,29,12,2,head_major_block_first,head_major,block_first,0.492806,0.370354565858,0,0,true
mha,8,8,64,1,8192,64,29,12,3,head_major_head_first,head_major,head_first,0.36946,0.370354565858,0,0,true
mha,8,8,64,1,8192,64,29,13,0,block_major_block_first,block_major,block_first,0.346324,0.370354565858,0,0,true
mha,8,8,64,1,8192,64,29,13,1,block_major_head_first,block_major,head_first,0.506246,0.370354565858,0,0,true
mha,8,8,64,1,8192,64,29,13,2,head_major_head_first,head_major,head_first,0.366455,0.370354565858,0,0,true
mha,8,8,64,1,8192,64,29,13,3,head_major_block_first,head_major,block_first,0.492014,0.370354565858,0,0,true
mha,8,8,64,1,8192,64,29,14,0,head_major_block_first,head_major,block_first,0.471203,0.370354565858,0,0,true
mha,8,8,64,1,8192,64,29,14,1,head_major_head_first,head_major,head_first,0.359464,0.370354565858,0,0,true
mha,8,8,64,1,8192,64,29,14,2,block_major_head_first,block_major,head_first,0.586077,0.370354565858,0,0,true
mha,8,8,64,1,8192,64,29,14,3,block_major_block_first,block_major,block_first,0.339845,0.370354565858,0,0,true
mha,8,8,64,1,8192,64,29,15,0,block_major_head_first,block_major,head_first,0.497363,0.370354565858,0,0,true
mha,8,8,64,1,8192,64,29,15,1,head_major_block_first,head_major,block_first,0.490723,0.370354565858,0,0,true
mha,8,8,64,1,8192,64,29,15,2,head_major_head_first,head_major,head_first,0.364542,0.370354565858,0,0,true
mha,8,8,64,1,8192,64,29,15,3,block_major_block_first,block_major,block_first,0.346284,0.370354565858,0,0,true
mha,8,8,64,1,8192,64,29,16,0,block_major_head_first,block_major,head_first,0.532997,0.370354565858,0,0,true
mha,8,8,64,1,8192,64,29,16,1,head_major_head_first,head_major,head_first,0.368217,0.370354565858,0,0,true
mha,8,8,64,1,8192,64,29,16,2,head_major_block_first,head_major,block_first,0.479095,0.370354565858,0,0,true
mha,8,8,64,1,8192,64,29,16,3,block_major_block_first,block_major,block_first,0.347045,0.370354565858,0,0,true
mha,8,8,64,1,8192,64,29,17,0,head_major_block_first,head_major,block_first,0.489481,0.370354565858,0,0,true
mha,8,8,64,1,8192,64,29,17,1,block_major_block_first,block_major,block_first,0.347716,0.370354565858,0,0,true
mha,8,8,64,1,8192,64,29,17,2,head_major_head_first,head_major,head_first,0.366725,0.370354565858,0,0,true
mha,8,8,64,1,8192,64,29,17,3,block_major_head_first,block_major,head_first,0.547188,0.370354565858,0,0,true
mha,8,8,64,1,8192,64,29,18,0,block_major_head_first,block_major,head_first,0.504624,0.370354565858,0,0,true
mha,8,8,64,1,8192,64,29,18,1,head_major_head_first,head_major,head_first,0.384402,0.370354565858,0,0,true
mha,8,8,64,1,8192,64,29,18,2,block_major_block_first,block_major,block_first,0.341567,0.370354565858,0,0,true
mha,8,8,64,1,8192,64,29,18,3,head_major_block_first,head_major,block_first,0.490632,0.370354565858,0,0,true
mha,8,8,64,1,8192,64,29,19,0,head_major_head_first,head_major,head_first,0.364352,0.370354565858,0,0,true
mha,8,8,64,1,8192,64,29,19,1,head_major_block_first,head_major,block_first,0.467848,0.370354565858,0,0,true
mha,8,8,64,1,8192,64,29,19,2,block_major_head_first,block_major,head_first,0.572686,0.370354565858,0,0,true
mha,8,8,64,1,8192,64,29,19,3,block_major_block_first,block_major,block_first,0.342999,0.370354565858,0,0,true
mha,8,8,64,1,8192,64,47,0,0,block_major_head_first,block_major,head_first,0.670064,0.103340047232,0,0,true
mha,8,8,64,1,8192,64,47,0,1,block_major_block_first,block_major,block_first,0.346013,0.103340047232,0,0,true
mha,8,8,64,1,8192,64,47,0,2,head_major_head_first,head_major,head_first,0.37036,0.103340047232,0,0,true
mha,8,8,64,1,8192,64,47,0,3,head_major_block_first,head_major,block_first,0.487418,0.103340047232,0,0,true
mha,8,8,64,1,8192,64,47,1,0,block_major_block_first,block_major,block_first,0.351913,0.103340047232,0,0,true
mha,8,8,64,1,8192,64,47,1,1,head_major_head_first,head_major,head_first,0.367686,0.103340047232,0,0,true
mha,8,8,64,1,8192,64,47,1,2,block_major_head_first,block_major,head_first,0.58131,0.103340047232,0,0,true
mha,8,8,64,1,8192,64,47,1,3,head_major_block_first,head_major,block_first,0.497914,0.103340047232,0,0,true
mha,8,8,64,1,8192,64,47,2,0,block_major_head_first,block_major,head_first,0.544083,0.103340047232,0,0,true
mha,8,8,64,1,8192,64,47,2,1,head_major_head_first,head_major,head_first,0.368688,0.103340047232,0,0,true
mha,8,8,64,1,8192,64,47,2,2,head_major_block_first,head_major,block_first,0.478594,0.103340047232,0,0,true
mha,8,8,64,1,8192,64,47,2,3,block_major_block_first,block_major,block_first,0.353705,0.103340047232,0,0,true
mha,8,8,64,1,8192,64,47,3,0,block_major_block_first,block_major,block_first,0.349649,0.103340047232,0,0,true
mha,8,8,64,1,8192,64,47,3,1,head_major_head_first,head_major,head_first,0.367767,0.103340047232,0,0,true
mha,8,8,64,1,8192,64,47,3,2,block_major_head_first,block_major,head_first,0.566247,0.103340047232,0,0,true
mha,8,8,64,1,8192,64,47,3,3,head_major_block_first,head_major,block_first,0.48938,0.103340047232,0,0,true
mha,8,8,64,1,8192,64,47,4,0,block_major_head_first,block_major,head_first,0.53492,0.103340047232,0,0,true
mha,8,8,64,1,8192,64,47,4,1,head_major_head_first,head_major,head_first,0.36961,0.103340047232,0,0,true
mha,8,8,64,1,8192,64,47,4,2,block_major_block_first,block_major,block_first,0.347716,0.103340047232,0,0,true
mha,8,8,64,1,8192,64,47,4,3,head_major_block_first,head_major,block_first,0.492646,0.103340047232,0,0,true
mha,8,8,64,1,8192,64,47,5,0,head_major_block_first,head_major,block_first,0.479045,0.103340047232,0,0,true
mha,8,8,64,1,8192,64,47,5,1,block_major_head_first,block_major,head_first,0.566087,0.103340047232,0,0,true
mha,8,8,64,1,8192,64,47,5,2,block_major_block_first,block_major,block_first,0.34355,0.103340047232,0,0,true
mha,8,8,64,1,8192,64,47,5,3,head_major_head_first,head_major,head_first,0.386215,0.103340047232,0,0,true
mha,8,8,64,1,8192,64,47,6,0,block_major_head_first,block_major,head_first,0.528711,0.103340047232,0,0,true
mha,8,8,64,1,8192,64,47,6,1,head_major_head_first,head_major,head_first,0.366715,0.103340047232,0,0,true
mha,8,8,64,1,8192,64,47,6,2,head_major_block_first,head_major,block_first,0.485114,0.103340047232,0,0,true
mha,8,8,64,1,8192,64,47,6,3,block_major_block_first,block_major,block_first,0.349158,0.103340047232,0,0,true
mha,8,8,64,1,8192,64,47,7,0,block_major_head_first,block_major,head_first,0.537554,0.103340047232,0,0,true
mha,8,8,64,1,8192,64,47,7,1,block_major_block_first,block_major,block_first,0.337421,0.103340047232,0,0,true
mha,8,8,64,1,8192,64,47,7,2,head_major_block_first,head_major,block_first,0.506717,0.103340047232,0,0,true
mha,8,8,64,1,8192,64,47,7,3,head_major_head_first,head_major,head_first,0.367527,0.103340047232,0,0,true
mha,8,8,64,1,8192,64,47,8,0,head_major_block_first,head_major,block_first,0.47558,0.103340047232,0,0,true
mha,8,8,64,1,8192,64,47,8,1,head_major_head_first,head_major,head_first,0.362018,0.103340047232,0,0,true
mha,8,8,64,1,8192,64,47,8,2,block_major_head_first,block_major,head_first,0.583854,0.103340047232,0,0,true
mha,8,8,64,1,8192,64,47,8,3,block_major_block_first,block_major,block_first,0.34357,0.103340047232,0,0,true
mha,8,8,64,1,8192,64,47,9,0,block_major_head_first,block_major,head_first,0.498885,0.103340047232,0,0,true
mha,8,8,64,1,8192,64,47,9,1,head_major_block_first,head_major,block_first,0.503072,0.103340047232,0,0,true
mha,8,8,64,1,8192,64,47,9,2,block_major_block_first,block_major,block_first,0.340235,0.103340047232,0,0,true
mha,8,8,64,1,8192,64,47,9,3,head_major_head_first,head_major,head_first,0.367516,0.103340047232,0,0,true
mha,8,8,64,1,8192,64,47,10,0,head_major_head_first,head_major,head_first,0.364301,0.103340047232,0,0,true
mha,8,8,64,1,8192,64,47,10,1,block_major_block_first,block_major,block_first,0.350631,0.103340047232,0,0,true
mha,8,8,64,1,8192,64,47,10,2,block_major_head_first,block_major,head_first,0.544584,0.103340047232,0,0,true
mha,8,8,64,1,8192,64,47,10,3,head_major_block_first,head_major,block_first,0.502691,0.103340047232,0,0,true
mha,8,8,64,1,8192,64,47,11,0,block_major_block_first,block_major,block_first,0.34364,0.103340047232,0,0,true
mha,8,8,64,1,8192,64,47,11,1,head_major_block_first,head_major,block_first,0.50832,0.103340047232,0,0,true
mha,8,8,64,1,8192,64,47,11,2,block_major_head_first,block_major,head_first,0.536031,0.103340047232,0,0,true
mha,8,8,64,1,8192,64,47,11,3,head_major_head_first,head_major,head_first,0.36944,0.103340047232,0,0,true
mha,8,8,64,1,8192,64,47,12,0,block_major_head_first,block_major,head_first,0.527829,0.103340047232,0,0,true
mha,8,8,64,1,8192,64,47,12,1,block_major_block_first,block_major,block_first,0.337501,0.103340047232,0,0,true
mha,8,8,64,1,8192,64,47,12,2,head_major_head_first,head_major,head_first,0.367447,0.103340047232,0,0,true
mha,8,8,64,1,8192,64,47,12,3,head_major_block_first,head_major,block_first,0.509722,0.103340047232,0,0,true
mha,8,8,64,1,8192,64,47,13,0,head_major_head_first,head_major,head_first,0.363841,0.103340047232,0,0,true
mha,8,8,64,1,8192,64,47,13,1,block_major_block_first,block_major,block_first,0.351031,0.103340047232,0,0,true
mha,8,8,64,1,8192,64,47,13,2,block_major_head_first,block_major,head_first,0.552156,0.103340047232,0,0,true
mha,8,8,64,1,8192,64,47,13,3,head_major_block_first,head_major,block_first,0.488299,0.103340047232,0,0,true
mha,8,8,64,1,8192,64,47,14,0,head_major_block_first,head_major,block_first,0.479877,0.103340047232,0,0,true
mha,8,8,64,1,8192,64,47,14,1,block_major_block_first,block_major,block_first,0.349609,0.103340047232,0,0,true
mha,8,8,64,1,8192,64,47,14,2,block_major_head_first,block_major,head_first,0.52837,0.103340047232,0,0,true
mha,8,8,64,1,8192,64,47,14,3,head_major_head_first,head_major,head_first,0.368668,0.103340047232,0,0,true
mha,8,8,64,1,8192,64,47,15,0,block_major_block_first,block_major,block_first,0.36335,0.103340047232,0,0,true
mha,8,8,64,1,8192,64,47,15,1,head_major_head_first,head_major,head_first,0.369189,0.103340047232,0,0,true
mha,8,8,64,1,8192,64,47,15,2,head_major_block_first,head_major,block_first,0.483622,0.103340047232,0,0,true
mha,8,8,64,1,8192,64,47,15,3,block_major_head_first,block_major,head_first,0.564644,0.103340047232,0,0,true
mha,8,8,64,1,8192,64,47,16,0,block_major_head_first,block_major,head_first,0.510763,0.103340047232,0,0,true
mha,8,8,64,1,8192,64,47,16,1,head_major_block_first,head_major,block_first,0.495019,0.103340047232,0,0,true
mha,8,8,64,1,8192,64,47,16,2,head_major_head_first,head_major,head_first,0.366815,0.103340047232,0,0,true
mha,8,8,64,1,8192,64,47,16,3,block_major_block_first,block_major,block_first,0.35032,0.103340047232,0,0,true
mha,8,8,64,1,8192,64,47,17,0,block_major_block_first,block_major,block_first,0.346795,0.103340047232,0,0,true
mha,8,8,64,1,8192,64,47,17,1,head_major_head_first,head_major,head_first,0.387507,0.103340047232,0,0,true
mha,8,8,64,1,8192,64,47,17,2,head_major_block_first,head_major,block_first,0.481108,0.103340047232,0,0,true
mha,8,8,64,1,8192,64,47,17,3,block_major_head_first,block_major,head_first,0.563714,0.103340047232,0,0,true
mha,8,8,64,1,8192,64,47,18,0,block_major_block_first,block_major,block_first,0.341137,0.103340047232,0,0,true
mha,8,8,64,1,8192,64,47,18,1,head_major_head_first,head_major,head_first,0.367266,0.103340047232,0,0,true
mha,8,8,64,1,8192,64,47,18,2,block_major_head_first,block_major,head_first,0.527658,0.103340047232,0,0,true
mha,8,8,64,1,8192,64,47,18,3,head_major_block_first,head_major,block_first,0.484794,0.103340047232,0,0,true
mha,8,8,64,1,8192,64,47,19,0,head_major_block_first,head_major,block_first,0.469822,0.103340047232,0,0,true
mha,8,8,64,1,8192,64,47,19,1,head_major_head_first,head_major,head_first,0.362669,0.103340047232,0,0,true
mha,8,8,64,1,8192,64,47,19,2,block_major_block_first,block_major,block_first,0.366195,0.103340047232,0,0,true
mha,8,8,64,1,8192,64,47,19,3,block_major_head_first,block_major,head_first,0.55459,0.103340047232,0,0,true
mha,8,8,64,1,16384,64,11,0,0,head_major_block_first,head_major,block_first,1.205184,-0.0581818298273,0,0,true
mha,8,8,64,1,16384,64,11,0,1,block_major_head_first,block_major,head_first,1.53292,-0.0581818298273,0,0,true
mha,8,8,64,1,16384,64,11,0,2,head_major_head_first,head_major,head_first,0.851308,-0.0581818298273,0,0,true
mha,8,8,64,1,16384,64,11,0,3,block_major_block_first,block_major,block_first,0.758959,-0.0581818298273,0,0,true
mha,8,8,64,1,16384,64,11,1,0,head_major_head_first,head_major,head_first,0.782705,-0.0581818298273,0,0,true
mha,8,8,64,1,16384,64,11,1,1,head_major_block_first,head_major,block_first,1.14245,-0.0581818298273,0,0,true
mha,8,8,64,1,16384,64,11,1,2,block_major_head_first,block_major,head_first,1.59856,-0.0581818298273,0,0,true
mha,8,8,64,1,16384,64,11,1,3,block_major_block_first,block_major,block_first,0.755533,-0.0581818298273,0,0,true
mha,8,8,64,1,16384,64,11,2,0,block_major_head_first,block_major,head_first,1.331606,-0.0581818298273,0,0,true
mha,8,8,64,1,16384,64,11,2,1,block_major_block_first,block_major,block_first,0.734882,-0.0581818298273,0,0,true
mha,8,8,64,1,16384,64,11,2,2,head_major_head_first,head_major,head_first,0.929978,-0.0581818298273,0,0,true
mha,8,8,64,1,16384,64,11,2,3,head_major_block_first,head_major,block_first,1.091131,-0.0581818298273,0,0,true
mha,8,8,64,1,16384,64,11,3,0,head_major_head_first,head_major,head_first,0.728242,-0.0581818298273,0,0,true
mha,8,8,64,1,16384,64,11,3,1,head_major_block_first,head_major,block_first,0.951129,-0.0581818298273,0,0,true
mha,8,8,64,1,16384,64,11,3,2,block_major_block_first,block_major,block_first,0.946432,-0.0581818298273,0,0,true
mha,8,8,64,1,16384,64,11,3,3,block_major_head_first,block_major,head_first,1.206096,-0.0581818298273,0,0,true
mha,8,8,64,1,16384,64,11,4,0,head_major_head_first,head_major,head_first,0.91139,-0.0581818298273,0,0,true
mha,8,8,64,1,16384,64,11,4,1,head_major_block_first,head_major,block_first,1.058302,-0.0581818298273,0,0,true
mha,8,8,64,1,16384,64,11,4,2,block_major_block_first,block_major,block_first,0.939041,-0.0581818298273,0,0,true
mha,8,8,64,1,16384,64,11,4,3,block_major_head_first,block_major,head_first,1.231775,-0.0581818298273,0,0,true
mha,8,8,64,1,16384,64,11,5,0,block_major_block_first,block_major,block_first,0.725648,-0.0581818298273,0,0,true
mha,8,8,64,1,16384,64,11,5,1,block_major_head_first,block_major,head_first,1.080355,-0.0581818298273,0,0,true
mha,8,8,64,1,16384,64,11,5,2,head_major_block_first,head_major,block_first,1.319767,-0.0581818298273,0,0,true
mha,8,8,64,1,16384,64,11,5,3,head_major_head_first,head_major,head_first,0.750586,-0.0581818298273,0,0,true
mha,8,8,64,1,16384,64,11,6,0,block_major_block_first,block_major,block_first,0.915285,-0.0581818298273,0,0,true
mha,8,8,64,1,16384,64,11,6,1,head_major_head_first,head_major,head_first,0.836116,-0.0581818298273,0,0,true
mha,8,8,64,1,16384,64,11,6,2,block_major_head_first,block_major,head_first,1.660263,-0.0581818298273,0,0,true
mha,8,8,64,1,16384,64,11,6,3,head_major_block_first,head_major,block_first,1.186917,-0.0581818298273,0,0,true
mha,8,8,64,1,16384,64,11,7,0,block_major_head_first,block_major,head_first,1.494232,-0.0581818298273,0,0,true
mha,8,8,64,1,16384,64,11,7,1,head_major_block_first,head_major,block_first,1.184433,-0.0581818298273,0,0,true
mha,8,8,64,1,16384,64,11,7,2,head_major_head_first,head_major,head_first,0.776916,-0.0581818298273,0,0,true
mha,8,8,64,1,16384,64,11,7,3,block_major_block_first,block_major,block_first,0.767652,-0.0581818298273,0,0,true
mha,8,8,64,1,16384,64,11,8,0,block_major_head_first,block_major,head_first,1.559681,-0.0581818298273,0,0,true
mha,8,8,64,1,16384,64,11,8,1,head_major_head_first,head_major,head_first,0.813862,-0.0581818298273,0,0,true
mha,8,8,64,1,16384,64,11,8,2,head_major_block_first,head_major,block_first,1.204493,-0.0581818298273,0,0,true
mha,8,8,64,1,16384,64,11,8,3,block_major_block_first,block_major,block_first,0.797216,-0.0581818298273,0,0,true
mha,8,8,64,1,16384,64,11,9,0,head_major_block_first,head_major,block_first,1.212595,-0.0581818298273,0,0,true
mha,8,8,64,1,16384,64,11,9,1,block_major_head_first,block_major,head_first,1.756469,-0.0581818298273,0,0,true
mha,8,8,64,1,16384,64,11,9,2,block_major_block_first,block_major,block_first,0.758237,-0.0581818298273,0,0,true
mha,8,8,64,1,16384,64,11,9,3,head_major_head_first,head_major,head_first,0.790717,-0.0581818298273,0,0,true
mha,8,8,64,1,16384,64,11,10,0,head_major_head_first,head_major,head_first,0.800933,-0.0581818298273,0,0,true
mha,8,8,64,1,16384,64,11,10,1,head_major_block_first,head_major,block_first,1.200257,-0.0581818298273,0,0,true
mha,8,8,64,1,16384,64,11,10,2,block_major_head_first,block_major,head_first,1.849229,-0.0581818298273,0,0,true
mha,8,8,64,1,16384,64,11,10,3,block_major_block_first,block_major,block_first,0.756605,-0.0581818298273,0,0,true
mha,8,8,64,1,16384,64,11,11,0,block_major_block_first,block_major,block_first,0.77269,-0.0581818298273,0,0,true
mha,8,8,64,1,16384,64,11,11,1,block_major_head_first,block_major,head_first,1.34112,-0.0581818298273,0,0,true
mha,8,8,64,1,16384,64,11,11,2,head_major_head_first,head_major,head_first,0.906432,-0.0581818298273,0,0,true
mha,8,8,64,1,16384,64,11,11,3,head_major_block_first,head_major,block_first,1.098913,-0.0581818298273,0,0,true
mha,8,8,64,1,16384,64,11,12,0,head_major_block_first,head_major,block_first,1.000294,-0.0581818298273,0,0,true
mha,8,8,64,1,16384,64,11,12,1,head_major_head_first,head_major,head_first,0.724086,-0.0581818298273,0,0,true
mha,8,8,64,1,16384,64,11,12,2,block_major_head_first,block_major,head_first,1.543266,-0.0581818298273,0,0,true
mha,8,8,64,1,16384,64,11,12,3,block_major_block_first,block_major,block_first,0.752039,-0.0581818298273,0,0,true
mha,8,8,64,1,16384,64,11,13,0,head_major_head_first,head_major,head_first,0.919201,-0.0581818298273,0,0,true
mha,8,8,64,1,16384,64,11,13,1,head_major_block_first,head_major,block_first,1.057841,-0.0581818298273,0,0,true
mha,8,8,64,1,16384,64,11,13,2,block_major_head_first,block_major,head_first,1.564498,-0.0581818298273,0,0,true
mha,8,8,64,1,16384,64,11,13,3,block_major_block_first,block_major,block_first,0.752249,-0.0581818298273,0,0,true
mha,8,8,64,1,16384,64,11,14,0,block_major_block_first,block_major,block_first,0.731958,-0.0581818298273,0,0,true
mha,8,8,64,1,16384,64,11,14,1,head_major_block_first,head_major,block_first,1.285346,-0.0581818298273,0,0,true
mha,8,8,64,1,16384,64,11,14,2,block_major_head_first,block_major,head_first,1.310985,-0.0581818298273,0,0,true
mha,8,8,64,1,16384,64,11,14,3,head_major_head_first,head_major,head_first,0.885741,-0.0581818298273,0,0,true
mha,8,8,64,1,16384,64,11,15,0,head_major_block_first,head_major,block_first,1.216531,-0.0581818298273,0,0,true
mha,8,8,64,1,16384,64,11,15,1,block_major_block_first,block_major,block_first,0.761703,-0.0581818298273,0,0,true
mha,8,8,64,1,16384,64,11,15,2,block_major_head_first,block_major,head_first,1.409033,-0.0581818298273,0,0,true
mha,8,8,64,1,16384,64,11,15,3,head_major_head_first,head_major,head_first,0.966823,-0.0581818298273,0,0,true
mha,8,8,64,1,16384,64,11,16,0,block_major_head_first,block_major,head_first,1.356193,-0.0581818298273,0,0,true
mha,8,8,64,1,16384,64,11,16,1,head_major_block_first,head_major,block_first,1.237433,-0.0581818298273,0,0,true
mha,8,8,64,1,16384,64,11,16,2,block_major_block_first,block_major,block_first,0.774262,-0.0581818298273,0,0,true
mha,8,8,64,1,16384,64,11,16,3,head_major_head_first,head_major,head_first,0.817888,-0.0581818298273,0,0,true
mha,8,8,64,1,16384,64,11,17,0,head_major_block_first,head_major,block_first,1.220247,-0.0581818298273,0,0,true
mha,8,8,64,1,16384,64,11,17,1,head_major_head_first,head_major,head_first,0.773521,-0.0581818298273,0,0,true
mha,8,8,64,1,16384,64,11,17,2,block_major_block_first,block_major,block_first,0.935947,-0.0581818298273,0,0,true
mha,8,8,64,1,16384,64,11,17,3,block_major_head_first,block_major,head_first,1.445498,-0.0581818298273,0,0,true
mha,8,8,64,1,16384,64,11,18,0,block_major_head_first,block_major,head_first,1.190812,-0.0581818298273,0,0,true
mha,8,8,64,1,16384,64,11,18,1,head_major_head_first,head_major,head_first,0.918391,-0.0581818298273,0,0,true
mha,8,8,64,1,16384,64,11,18,2,block_major_block_first,block_major,block_first,0.863537,-0.0581818298273,0,0,true
mha,8,8,64,1,16384,64,11,18,3,head_major_block_first,head_major,block_first,1.213386,-0.0581818298273,0,0,true
mha,8,8,64,1,16384,64,11,19,0,block_major_block_first,block_major,block_first,0.756736,-0.0581818298273,0,0,true
mha,8,8,64,1,16384,64,11,19,1,block_major_head_first,block_major,head_first,1.343493,-0.0581818298273,0,0,true
mha,8,8,64,1,16384,64,11,19,2,head_major_head_first,head_major,head_first,0.887042,-0.0581818298273,0,0,true
mha,8,8,64,1,16384,64,11,19,3,head_major_block_first,head_major,block_first,1.236462,-0.0581818298273,0,0,true
mha,8,8,64,1,16384,64,29,0,0,block_major_block_first,block_major,block_first,0.754242,0.0382535463027,0,0,true
mha,8,8,64,1,16384,64,29,0,1,head_major_block_first,head_major,block_first,1.154898,0.0382535463027,0,0,true
mha,8,8,64,1,16384,64,29,0,2,head_major_head_first,head_major,head_first,0.776575,0.0382535463027,0,0,true
mha,8,8,64,1,16384,64,29,0,3,block_major_head_first,block_major,head_first,1.555464,0.0382535463027,0,0,true
mha,8,8,64,1,16384,64,29,1,0,head_major_block_first,head_major,block_first,1.183121,0.0382535463027,0,0,true
mha,8,8,64,1,16384,64,29,1,1,block_major_head_first,block_major,head_first,1.442163,0.0382535463027,0,0,true
mha,8,8,64,1,16384,64,29,1,2,head_major_head_first,head_major,head_first,0.811829,0.0382535463027,0,0,true
mha,8,8,64,1,16384,64,29,1,3,block_major_block_first,block_major,block_first,0.756225,0.0382535463027,0,0,true
mha,8,8,64,1,16384,64,29,2,0,head_major_head_first,head_major,head_first,0.783577,0.0382535463027,0,0,true
mha,8,8,64,1,16384,64,29,2,1,head_major_block_first,head_major,block_first,1.161498,0.0382535463027,0,0,true
mha,8,8,64,1,16384,64,29,2,2,block_major_head_first,block_major,head_first,1.566181,0.0382535463027,0,0,true
mha,8,8,64,1,16384,64,29,2,3,block_major_block_first,block_major,block_first,0.745588,0.0382535463027,0,0,true
mha,8,8,64,1,16384,64,29,3,0,block_major_block_first,block_major,block_first,0.741122,0.0382535463027,0,0,true
mha,8,8,64,1,16384,64,29,3,1,head_major_head_first,head_major,head_first,0.817588,0.0382535463027,0,0,true
mha,8,8,64,1,16384,64,29,3,2,head_major_block_first,head_major,block_first,1.241109,0.0382535463027,0,0,true
mha,8,8,64,1,16384,64,29,3,3,block_major_head_first,block_major,head_first,1.51984,0.0382535463027,0,0,true
mha,8,8,64,1,16384,64,29,4,0,head_major_block_first,head_major,block_first,1.194888,0.0382535463027,0,0,true
mha,8,8,64,1,16384,64,29,4,1,block_major_block_first,block_major,block_first,0.743836,0.0382535463027,0,0,true
mha,8,8,64,1,16384,64,29,4,2,head_major_head_first,head_major,head_first,0.806932,0.0382535463027,0,0,true
mha,8,8,64,1,16384,64,29,4,3,block_major_head_first,block_major,head_first,1.423355,0.0382535463027,0,0,true
mha,8,8,64,1,16384,64,29,5,0,head_major_head_first,head_major,head_first,0.789855,0.0382535463027,0,0,true
mha,8,8,64,1,16384,64,29,5,1,block_major_block_first,block_major,block_first,0.757266,0.0382535463027,0,0,true
mha,8,8,64,1,16384,64,29,5,2,block_major_head_first,block_major,head_first,1.459279,0.0382535463027,0,0,true
mha,8,8,64,1,16384,64,29,5,3,head_major_block_first,head_major,block_first,1.187838,0.0382535463027,0,0,true
mha,8,8,64,1,16384,64,29,6,0,block_major_block_first,block_major,block_first,0.75277,0.0382535463027,0,0,true
mha,8,8,64,1,16384,64,29,6,1,head_major_block_first,head_major,block_first,1.212806,0.0382535463027,0,0,true
mha,8,8,64,1,16384,64,29,6,2,head_major_head_first,head_major,head_first,0.810917,0.0382535463027,0,0,true
mha,8,8,64,1,16384,64,29,6,3,block_major_head_first,block_major,head_first,1.507221,0.0382535463027,0,0,true
mha,8,8,64,1,16384,64,29,7,0,head_major_head_first,head_major,head_first,0.789335,0.0382535463027,0,0,true
mha,8,8,64,1,16384,64,29,7,1,block_major_block_first,block_major,block_first,0.76003,0.0382535463027,0,0,true
mha,8,8,64,1,16384,64,29,7,2,block_major_head_first,block_major,head_first,1.439429,0.0382535463027,0,0,true
mha,8,8,64,1,16384,64,29,7,3,head_major_block_first,head_major,block_first,1.169009,0.0382535463027,0,0,true
mha,8,8,64,1,16384,64,29,8,0,head_major_head_first,head_major,head_first,0.787842,0.0382535463027,0,0,true
mha,8,8,64,1,16384,64,29,8,1,block_major_head_first,block_major,head_first,1.502234,0.0382535463027,0,0,true
mha,8,8,64,1,16384,64,29,8,2,block_major_block_first,block_major,block_first,0.744046,0.0382535463027,0,0,true
mha,8,8,64,1,16384,64,29,8,3,head_major_block_first,head_major,block_first,1.223722,0.0382535463027,0,0,true
mha,8,8,64,1,16384,64,29,9,0,block_major_block_first,block_major,block_first,0.755052,0.0382535463027,0,0,true
mha,8,8,64,1,16384,64,29,9,1,block_major_head_first,block_major,head_first,1.376844,0.0382535463027,0,0,true
mha,8,8,64,1,16384,64,29,9,2,head_major_block_first,head_major,block_first,1.214859,0.0382535463027,0,0,true
mha,8,8,64,1,16384,64,29,9,3,head_major_head_first,head_major,head_first,0.797307,0.0382535463027,0,0,true
mha,8,8,64,1,16384,64,29,10,0,head_major_head_first,head_major,head_first,0.781603,0.0382535463027,0,0,true
mha,8,8,64,1,16384,64,29,10,1,block_major_head_first,block_major,head_first,1.59864,0.0382535463027,0,0,true
mha,8,8,64,1,16384,64,29,10,2,head_major_block_first,head_major,block_first,1.1626,0.0382535463027,0,0,true
mha,8,8,64,1,16384,64,29,10,3,block_major_block_first,block_major,block_first,0.746931,0.0382535463027,0,0,true
mha,8,8,64,1,16384,64,29,11,0,block_major_head_first,block_major,head_first,1.417996,0.0382535463027,0,0,true
mha,8,8,64,1,16384,64,29,11,1,head_major_head_first,head_major,head_first,0.800422,0.0382535463027,0,0,true
mha,8,8,64,1,16384,64,29,11,2,head_major_block_first,head_major,block_first,1.183011,0.0382535463027,0,0,true
mha,8,8,64,1,16384,64,29,11,3,block_major_block_first,block_major,block_first,0.77979,0.0382535463027,0,0,true
mha,8,8,64,1,16384,64,29,12,0,block_major_head_first,block_major,head_first,1.496785,0.0382535463027,0,0,true
mha,8,8,64,1,16384,64,29,12,1,head_major_block_first,head_major,block_first,1.166746,0.0382535463027,0,0,true
mha,8,8,64,1,16384,64,29,12,2,head_major_head_first,head_major,head_first,0.785158,0.0382535463027,0,0,true
mha,8,8,64,1,16384,64,29,12,3,block_major_block_first,block_major,block_first,0.760982,0.0382535463027,0,0,true
mha,8,8,64,1,16384,64,29,13,0,head_major_block_first,head_major,block_first,1.163211,0.0382535463027,0,0,true
mha,8,8,64,1,16384,64,29,13,1,block_major_head_first,block_major,head_first,1.524278,0.0382535463027,0,0,true
mha,8,8,64,1,16384,64,29,13,2,head_major_head_first,head_major,head_first,0.794703,0.0382535463027,0,0,true
mha,8,8,64,1,16384,64,29,13,3,block_major_block_first,block_major,block_first,0.756835,0.0382535463027,0,0,true
mha,8,8,64,1,16384,64,29,14,0,head_major_block_first,head_major,block_first,1.15634,0.0382535463027,0,0,true
mha,8,8,64,1,16384,64,29,14,1,block_major_block_first,block_major,block_first,0.760611,0.0382535463027,0,0,true
mha,8,8,64,1,16384,64,29,14,2,block_major_head_first,block_major,head_first,1.446148,0.0382535463027,0,0,true
mha,8,8,64,1,16384,64,29,14,3,head_major_head_first,head_major,head_first,0.840993,0.0382535463027,0,0,true
mha,8,8,64,1,16384,64,29,15,0,block_major_head_first,block_major,head_first,1.38752,0.0382535463027,0,0,true
mha,8,8,64,1,16384,64,29,15,1,head_major_block_first,head_major,block_first,1.199305,0.0382535463027,0,0,true
mha,8,8,64,1,16384,64,29,15,2,head_major_head_first,head_major,head_first,0.782945,0.0382535463027,0,0,true
mha,8,8,64,1,16384,64,29,15,3,block_major_block_first,block_major,block_first,0.782405,0.0382535463027,0,0,true
mha,8,8,64,1,16384,64,29,16,0,head_major_head_first,head_major,head_first,0.777266,0.0382535463027,0,0,true
mha,8,8,64,1,16384,64,29,16,1,block_major_head_first,block_major,head_first,1.514653,0.0382535463027,0,0,true
mha,8,8,64,1,16384,64,29,16,2,head_major_block_first,head_major,block_first,1.194598,0.0382535463027,0,0,true
mha,8,8,64,1,16384,64,29,16,3,block_major_block_first,block_major,block_first,0.781203,0.0382535463027,0,0,true
mha,8,8,64,1,16384,64,29,17,0,head_major_head_first,head_major,head_first,0.783976,0.0382535463027,0,0,true
mha,8,8,64,1,16384,64,29,17,1,block_major_head_first,block_major,head_first,1.46671,0.0382535463027,0,0,true
mha,8,8,64,1,16384,64,29,17,2,block_major_block_first,block_major,block_first,0.739089,0.0382535463027,0,0,true
mha,8,8,64,1,16384,64,29,17,3,head_major_block_first,head_major,block_first,1.229531,0.0382535463027,0,0,true
mha,8,8,64,1,16384,64,29,18,0,head_major_head_first,head_major,head_first,0.791719,0.0382535463027,0,0,true
mha,8,8,64,1,16384,64,29,18,1,block_major_head_first,block_major,head_first,1.462874,0.0382535463027,0,0,true
mha,8,8,64,1,16384,64,29,18,2,block_major_block_first,block_major,block_first,0.737216,0.0382535463027,0,0,true
mha,8,8,64,1,16384,64,29,18,3,head_major_block_first,head_major,block_first,1.19579,0.0382535463027,0,0,true
mha,8,8,64,1,16384,64,29,19,0,block_major_block_first,block_major,block_first,0.751477,0.0382535463027,0,0,true
mha,8,8,64,1,16384,64,29,19,1,block_major_head_first,block_major,head_first,1.363944,0.0382535463027,0,0,true
mha,8,8,64,1,16384,64,29,19,2,head_major_head_first,head_major,head_first,0.840012,0.0382535463027,0,0,true
mha,8,8,64,1,16384,64,29,19,3,head_major_block_first,head_major,block_first,1.194938,0.0382535463027,0,0,true
mha,8,8,64,1,16384,64,47,0,0,head_major_block_first,head_major,block_first,1.129529,-0.17087667959,0,0,true
mha,8,8,64,1,16384,64,47,0,1,block_major_block_first,block_major,block_first,0.764998,-0.17087667959,0,0,true
mha,8,8,64,1,16384,64,47,0,2,block_major_head_first,block_major,head_first,1.525339,-0.17087667959,0,0,true
mha,8,8,64,1,16384,64,47,0,3,head_major_head_first,head_major,head_first,0.828324,-0.17087667959,0,0,true
mha,8,8,64,1,16384,64,47,1,0,head_major_head_first,head_major,head_first,0.783375,-0.17087667959,0,0,true
mha,8,8,64,1,16384,64,47,1,1,block_major_block_first,block_major,block_first,0.763366,-0.17087667959,0,0,true
mha,8,8,64,1,16384,64,47,1,2,block_major_head_first,block_major,head_first,1.479529,-0.17087667959,0,0,true
mha,8,8,64,1,16384,64,47,1,3,head_major_block_first,head_major,block_first,1.198504,-0.17087667959,0,0,true
mha,8,8,64,1,16384,64,47,2,0,head_major_head_first,head_major,head_first,0.779971,-0.17087667959,0,0,true
mha,8,8,64,1,16384,64,47,2,1,head_major_block_first,head_major,block_first,1.137011,-0.17087667959,0,0,true
mha,8,8,64,1,16384,64,47,2,2,block_major_block_first,block_major,block_first,0.874224,-0.17087667959,0,0,true
mha,8,8,64,1,16384,64,47,2,3,block_major_head_first,block_major,head_first,1.343273,-0.17087667959,0,0,true
mha,8,8,64,1,16384,64,47,3,0,block_major_block_first,block_major,block_first,0.726499,-0.17087667959,0,0,true
mha,8,8,64,1,16384,64,47,3,1,head_major_head_first,head_major,head_first,0.91193,-0.17087667959,0,0,true
mha,8,8,64,1,16384,64,47,3,2,block_major_head_first,block_major,head_first,1.534793,-0.17087667959,0,0,true
mha,8,8,64,1,16384,64,47,3,3,head_major_block_first,head_major,block_first,1.236021,-0.17087667959,0,0,true
mha,8,8,64,1,16384,64,47,4,0,head_major_block_first,head_major,block_first,1.186876,-0.17087667959,0,0,true
mha,8,8,64,1,16384,64,47,4,1,block_major_block_first,block_major,block_first,0.751277,-0.17087667959,0,0,true
mha,8,8,64,1,16384,64,47,4,2,head_major_head_first,head_major,head_first,0.81881,-0.17087667959,0,0,true
mha,8,8,64,1,16384,64,47,4,3,block_major_head_first,block_major,head_first,1.580643,-0.17087667959,0,0,true
mha,8,8,64,1,16384,64,47,5,0,head_major_head_first,head_major,head_first,0.78624,-0.17087667959,0,0,true
mha,8,8,64,1,16384,64,47,5,1,block_major_block_first,block_major,block_first,0.761814,-0.17087667959,0,0,true
mha,8,8,64,1,16384,64,47,5,2,block_major_head_first,block_major,head_first,1.444837,-0.17087667959,0,0,true
mha,8,8,64,1,16384,64,47,5,3,head_major_block_first,head_major,block_first,1.188088,-0.17087667959,0,0,true
mha,8,8,64,1,16384,64,47,6,0,block_major_head_first,block_major,head_first,1.375613,-0.17087667959,0,0,true
mha,8,8,64,1,16384,64,47,6,1,head_major_head_first,head_major,head_first,0.832991,-0.17087667959,0,0,true
mha,8,8,64,1,16384,64,47,6,2,head_major_block_first,head_major,block_first,1.182731,-0.17087667959,0,0,true
mha,8,8,64,1,16384,64,47,6,3,block_major_block_first,block_major,block_first,0.767472,-0.17087667959,0,0,true
mha,8,8,64,1,16384,64,47,7,0,block_major_head_first,block_major,head_first,1.474162,-0.17087667959,0,0,true
mha,8,8,64,1,16384,64,47,7,1,head_major_head_first,head_major,head_first,0.837377,-0.17087667959,0,0,true
mha,8,8,64,1,16384,64,47,7,2,block_major_block_first,block_major,block_first,0.756555,-0.17087667959,0,0,true
mha,8,8,64,1,16384,64,47,7,3,head_major_block_first,head_major,block_first,1.166235,-0.17087667959,0,0,true
mha,8,8,64,1,16384,64,47,8,0,block_major_head_first,block_major,head_first,1.434992,-0.17087667959,0,0,true
mha,8,8,64,1,16384,64,47,8,1,head_major_head_first,head_major,head_first,0.833342,-0.17087667959,0,0,true
mha,8,8,64,1,16384,64,47,8,2,block_major_block_first,block_major,block_first,0.756114,-0.17087667959,0,0,true
mha,8,8,64,1,16384,64,47,8,3,head_major_block_first,head_major,block_first,1.152635,-0.17087667959,0,0,true
mha,8,8,64,1,16384,64,47,9,0,head_major_head_first,head_major,head_first,0.779029,-0.17087667959,0,0,true
mha,8,8,64,1,16384,64,47,9,1,block_major_head_first,block_major,head_first,1.535594,-0.17087667959,0,0,true
mha,8,8,64,1,16384,64,47,9,2,block_major_block_first,block_major,block_first,0.742544,-0.17087667959,0,0,true
mha,8,8,64,1,16384,64,47,9,3,head_major_block_first,head_major,block_first,1.196731,-0.17087667959,0,0,true
mha,8,8,64,1,16384,64,47,10,0,head_major_head_first,head_major,head_first,0.784828,-0.17087667959,0,0,true
mha,8,8,64,1,16384,64,47,10,1,head_major_block_first,head_major,block_first,1.183131,-0.17087667959,0,0,true
mha,8,8,64,1,16384,64,47,10,2,block_major_block_first,block_major,block_first,0.896737,-0.17087667959,0,0,true
mha,8,8,64,1,16384,64,47,10,3,block_major_head_first,block_major,head_first,1.30159,-0.17087667959,0,0,true
mha,8,8,64,1,16384,64,47,11,0,block_major_block_first,block_major,block_first,0.725238,-0.17087667959,0,0,true
mha,8,8,64,1,16384,64,47,11,1,block_major_head_first,block_major,head_first,1.120777,-0.17087667959,0,0,true
mha,8,8,64,1,16384,64,47,11,2,head_major_block_first,head_major,block_first,1.303994,-0.17087667959,0,0,true
mha,8,8,64,1,16384,64,47,11,3,head_major_head_first,head_major,head_first,0.758568,-0.17087667959,0,0,true
mha,8,8,64,1,16384,64,47,12,0,block_major_block_first,block_major,block_first,0.912812,-0.17087667959,0,0,true
mha,8,8,64,1,16384,64,47,12,1,head_major_head_first,head_major,head_first,0.859491,-0.17087667959,0,0,true
mha,8,8,64,1,16384,64,47,12,2,block_major_head_first,block_major,head_first,1.645961,-0.17087667959,0,0,true
mha,8,8,64,1,16384,64,47,12,3,head_major_block_first,head_major,block_first,1.173576,-0.17087667959,0,0,true
mha,8,8,64,1,16384,64,47,13,0,block_major_block_first,block_major,block_first,0.769865,-0.17087667959,0,0,true
mha,8,8,64,1,16384,64,47,13,1,block_major_head_first,block_major,head_first,1.465118,-0.17087667959,0,0,true
mha,8,8,64,1,16384,64,47,13,2,head_major_block_first,head_major,block_first,1.172765,-0.17087667959,0,0,true
mha,8,8,64,1,16384,64,47,13,3,head_major_head_first,head_major,head_first,0.776756,-0.17087667959,0,0,true
mha,8,8,64,1,16384,64,47,14,0,head_major_block_first,head_major,block_first,1.206556,-0.17087667959,0,0,true
mha,8,8,64,1,16384,64,47,14,1,head_major_head_first,head_major,head_first,0.749173,-0.17087667959,0,0,true
mha,8,8,64,1,16384,64,47,14,2,block_major_head_first,block_major,head_first,1.74407,-0.17087667959,0,0,true
mha,8,8,64,1,16384,64,47,14,3,block_major_block_first,block_major,block_first,0.767462,-0.17087667959,0,0,true
mha,8,8,64,1,16384,64,47,15,0,block_major_block_first,block_major,block_first,0.724987,-0.17087667959,0,0,true
mha,8,8,64,1,16384,64,47,15,1,head_major_head_first,head_major,head_first,0.919081,-0.17087667959,0,0,true
mha,8,8,64,1,16384,64,47,15,2,head_major_block_first,head_major,block_first,1.012172,-0.17087667959,0,0,true
mha,8,8,64,1,16384,64,47,15,3,block_major_head_first,block_major,head_first,1.63788,-0.17087667959,0,0,true
mha,8,8,64,1,16384,64,47,16,0,head_major_head_first,head_major,head_first,0.807082,-0.17087667959,0,0,true
mha,8,8,64,1,16384,64,47,16,1,block_major_head_first,block_major,head_first,1.358987,-0.17087667959,0,0,true
mha,8,8,64,1,16384,64,47,16,2,head_major_block_first,head_major,block_first,1.143892,-0.17087667959,0,0,true
mha,8,8,64,1,16384,64,47,16,3,block_major_block_first,block_major,block_first,0.7796,-0.17087667959,0,0,true
mha,8,8,64,1,16384,64,47,17,0,head_major_head_first,head_major,head_first,0.783776,-0.17087667959,0,0,true
mha,8,8,64,1,16384,64,47,17,1,head_major_block_first,head_major,block_first,1.049158,-0.17087667959,0,0,true
mha,8,8,64,1,16384,64,47,17,2,block_major_head_first,block_major,head_first,1.632281,-0.17087667959,0,0,true
mha,8,8,64,1,16384,64,47,17,3,block_major_block_first,block_major,block_first,0.747412,-0.17087667959,0,0,true
mha,8,8,64,1,16384,64,47,18,0,block_major_block_first,block_major,block_first,0.744948,-0.17087667959,0,0,true
mha,8,8,64,1,16384,64,47,18,1,head_major_head_first,head_major,head_first,0.821333,-0.17087667959,0,0,true
mha,8,8,64,1,16384,64,47,18,2,head_major_block_first,head_major,block_first,1.168178,-0.17087667959,0,0,true
mha,8,8,64,1,16384,64,47,18,3,block_major_head_first,block_major,head_first,1.536796,-0.17087667959,0,0,true
mha,8,8,64,1,16384,64,47,19,0,block_major_block_first,block_major,block_first,0.73343,-0.17087667959,0,0,true
mha,8,8,64,1,16384,64,47,19,1,block_major_head_first,block_major,head_first,1.287028,-0.17087667959,0,0,true
mha,8,8,64,1,16384,64,47,19,2,head_major_block_first,head_major,block_first,1.30118,-0.17087667959,0,0,true
mha,8,8,64,1,16384,64,47,19,3,head_major_head_first,head_major,head_first,0.767572,-0.17087667959,0,0,true
mha,8,8,64,4,512,64,11,0,0,block_major_block_first,block_major,block_first,0.088193,-0.856304790405,0,0,true
mha,8,8,64,4,512,64,11,0,1,block_major_head_first,block_major,head_first,0.091068,-0.856304790405,0,0,true
mha,8,8,64,4,512,64,11,0,2,head_major_block_first,head_major,block_first,0.088864,-0.856304790405,0,0,true
mha,8,8,64,4,512,64,11,0,3,head_major_head_first,head_major,head_first,0.086751,-0.856304790405,0,0,true
mha,8,8,64,4,512,64,11,1,0,head_major_head_first,head_major,head_first,0.086791,-0.856304790405,0,0,true
mha,8,8,64,4,512,64,11,1,1,head_major_block_first,head_major,block_first,0.088755,-0.856304790405,0,0,true
mha,8,8,64,4,512,64,11,1,2,block_major_block_first,block_major,block_first,0.088014,-0.856304790405,0,0,true
mha,8,8,64,4,512,64,11,1,3,block_major_head_first,block_major,head_first,0.090958,-0.856304790405,0,0,true
mha,8,8,64,4,512,64,11,2,0,block_major_block_first,block_major,block_first,0.088163,-0.856304790405,0,0,true
mha,8,8,64,4,512,64,11,2,1,head_major_block_first,head_major,block_first,0.089275,-0.856304790405,0,0,true
mha,8,8,64,4,512,64,11,2,2,block_major_head_first,block_major,head_first,0.091038,-0.856304790405,0,0,true
mha,8,8,64,4,512,64,11,2,3,head_major_head_first,head_major,head_first,0.087001,-0.856304790405,0,0,true
mha,8,8,64,4,512,64,11,3,0,block_major_head_first,block_major,head_first,0.090627,-0.856304790405,0,0,true
mha,8,8,64,4,512,64,11,3,1,block_major_block_first,block_major,block_first,0.088143,-0.856304790405,0,0,true
mha,8,8,64,4,512,64,11,3,2,head_major_head_first,head_major,head_first,0.086782,-0.856304790405,0,0,true
mha,8,8,64,4,512,64,11,3,3,head_major_block_first,head_major,block_first,0.089075,-0.856304790405,0,0,true
mha,8,8,64,4,512,64,11,4,0,head_major_head_first,head_major,head_first,0.087933,-0.856304790405,0,0,true
mha,8,8,64,4,512,64,11,4,1,head_major_block_first,head_major,block_first,0.088754,-0.856304790405,0,0,true
mha,8,8,64,4,512,64,11,4,2,block_major_head_first,block_major,head_first,0.091718,-0.856304790405,0,0,true
mha,8,8,64,4,512,64,11,4,3,block_major_block_first,block_major,block_first,0.088043,-0.856304790405,0,0,true
mha,8,8,64,4,512,64,11,5,0,head_major_head_first,head_major,head_first,0.086752,-0.856304790405,0,0,true
mha,8,8,64,4,512,64,11,5,1,head_major_block_first,head_major,block_first,0.088705,-0.856304790405,0,0,true
mha,8,8,64,4,512,64,11,5,2,block_major_head_first,block_major,head_first,0.091158,-0.856304790405,0,0,true
mha,8,8,64,4,512,64,11,5,3,block_major_block_first,block_major,block_first,0.088444,-0.856304790405,0,0,true
mha,8,8,64,4,512,64,11,6,0,block_major_block_first,block_major,block_first,0.090077,-0.856304790405,0,0,true
mha,8,8,64,4,512,64,11,6,1,head_major_block_first,head_major,block_first,0.089546,-0.856304790405,0,0,true
mha,8,8,64,4,512,64,11,6,2,block_major_head_first,block_major,head_first,0.091348,-0.856304790405,0,0,true
mha,8,8,64,4,512,64,11,6,3,head_major_head_first,head_major,head_first,0.087072,-0.856304790405,0,0,true
mha,8,8,64,4,512,64,11,7,0,head_major_block_first,head_major,block_first,0.088594,-0.856304790405,0,0,true
mha,8,8,64,4,512,64,11,7,1,block_major_head_first,block_major,head_first,0.090627,-0.856304790405,0,0,true
mha,8,8,64,4,512,64,11,7,2,head_major_head_first,head_major,head_first,0.086852,-0.856304790405,0,0,true
mha,8,8,64,4,512,64,11,7,3,block_major_block_first,block_major,block_first,0.088474,-0.856304790405,0,0,true
mha,8,8,64,4,512,64,11,8,0,head_major_block_first,head_major,block_first,0.088895,-0.856304790405,0,0,true
mha,8,8,64,4,512,64,11,8,1,head_major_head_first,head_major,head_first,0.087112,-0.856304790405,0,0,true
mha,8,8,64,4,512,64,11,8,2,block_major_block_first,block_major,block_first,0.094213,-0.856304790405,0,0,true
mha,8,8,64,4,512,64,11,8,3,block_major_head_first,block_major,head_first,0.090838,-0.856304790405,0,0,true
mha,8,8,64,4,512,64,11,9,0,head_major_block_first,head_major,block_first,0.089525,-0.856304790405,0,0,true
mha,8,8,64,4,512,64,11,9,1,block_major_block_first,block_major,block_first,0.087913,-0.856304790405,0,0,true
mha,8,8,64,4,512,64,11,9,2,block_major_head_first,block_major,head_first,0.090837,-0.856304790405,0,0,true
mha,8,8,64,4,512,64,11,9,3,head_major_head_first,head_major,head_first,0.086821,-0.856304790405,0,0,true
mha,8,8,64,4,512,64,11,10,0,block_major_head_first,block_major,head_first,0.090507,-0.856304790405,0,0,true
mha,8,8,64,4,512,64,11,10,1,head_major_head_first,head_major,head_first,0.086531,-0.856304790405,0,0,true
mha,8,8,64,4,512,64,11,10,2,head_major_block_first,head_major,block_first,0.088784,-0.856304790405,0,0,true
mha,8,8,64,4,512,64,11,10,3,block_major_block_first,block_major,block_first,0.088174,-0.856304790405,0,0,true
mha,8,8,64,4,512,64,11,11,0,head_major_block_first,head_major,block_first,0.088774,-0.856304790405,0,0,true
mha,8,8,64,4,512,64,11,11,1,head_major_head_first,head_major,head_first,0.086891,-0.856304790405,0,0,true
mha,8,8,64,4,512,64,11,11,2,block_major_block_first,block_major,block_first,0.087743,-0.856304790405,0,0,true
mha,8,8,64,4,512,64,11,11,3,block_major_head_first,block_major,head_first,0.091158,-0.856304790405,0,0,true
mha,8,8,64,4,512,64,11,12,0,block_major_block_first,block_major,block_first,0.088053,-0.856304790405,0,0,true
mha,8,8,64,4,512,64,11,12,1,head_major_block_first,head_major,block_first,0.089906,-0.856304790405,0,0,true
mha,8,8,64,4,512,64,11,12,2,head_major_head_first,head_major,head_first,0.086962,-0.856304790405,0,0,true
mha,8,8,64,4,512,64,11,12,3,block_major_head_first,block_major,head_first,0.092249,-0.856304790405,0,0,true
mha,8,8,64,4,512,64,11,13,0,block_major_head_first,block_major,head_first,0.090718,-0.856304790405,0,0,true
mha,8,8,64,4,512,64,11,13,1,head_major_block_first,head_major,block_first,0.089476,-0.856304790405,0,0,true
mha,8,8,64,4,512,64,11,13,2,block_major_block_first,block_major,block_first,0.087983,-0.856304790405,0,0,true
mha,8,8,64,4,512,64,11,13,3,head_major_head_first,head_major,head_first,0.087071,-0.856304790405,0,0,true
mha,8,8,64,4,512,64,11,14,0,block_major_head_first,block_major,head_first,0.091158,-0.856304790405,0,0,true
mha,8,8,64,4,512,64,11,14,1,head_major_head_first,head_major,head_first,0.086902,-0.856304790405,0,0,true
mha,8,8,64,4,512,64,11,14,2,block_major_block_first,block_major,block_first,0.088054,-0.856304790405,0,0,true
mha,8,8,64,4,512,64,11,14,3,head_major_block_first,head_major,block_first,0.089195,-0.856304790405,0,0,true
mha,8,8,64,4,512,64,11,15,0,head_major_block_first,head_major,block_first,0.088745,-0.856304790405,0,0,true
mha,8,8,64,4,512,64,11,15,1,block_major_head_first,block_major,head_first,0.091529,-0.856304790405,0,0,true
mha,8,8,64,4,512,64,11,15,2,block_major_block_first,block_major,block_first,0.088614,-0.856304790405,0,0,true
mha,8,8,64,4,512,64,11,15,3,head_major_head_first,head_major,head_first,0.087292,-0.856304790405,0,0,true
mha,8,8,64,4,512,64,11,16,0,head_major_block_first,head_major,block_first,0.088514,-0.856304790405,0,0,true
mha,8,8,64,4,512,64,11,16,1,head_major_head_first,head_major,head_first,0.086682,-0.856304790405,0,0,true
mha,8,8,64,4,512,64,11,16,2,block_major_head_first,block_major,head_first,0.091679,-0.856304790405,0,0,true
mha,8,8,64,4,512,64,11,16,3,block_major_block_first,block_major,block_first,0.088133,-0.856304790405,0,0,true
mha,8,8,64,4,512,64,11,17,0,block_major_head_first,block_major,head_first,0.090938,-0.856304790405,0,0,true
mha,8,8,64,4,512,64,11,17,1,head_major_block_first,head_major,block_first,0.089255,-0.856304790405,0,0,true
mha,8,8,64,4,512,64,11,17,2,block_major_block_first,block_major,block_first,0.087843,-0.856304790405,0,0,true
mha,8,8,64,4,512,64,11,17,3,head_major_head_first,head_major,head_first,0.086831,-0.856304790405,0,0,true
mha,8,8,64,4,512,64,11,18,0,head_major_head_first,head_major,head_first,0.086802,-0.856304790405,0,0,true
mha,8,8,64,4,512,64,11,18,1,block_major_head_first,block_major,head_first,0.091829,-0.856304790405,0,0,true
mha,8,8,64,4,512,64,11,18,2,block_major_block_first,block_major,block_first,0.088044,-0.856304790405,0,0,true
mha,8,8,64,4,512,64,11,18,3,head_major_block_first,head_major,block_first,0.088274,-0.856304790405,0,0,true
mha,8,8,64,4,512,64,11,19,0,block_major_block_first,block_major,block_first,0.087833,-0.856304790405,0,0,true
mha,8,8,64,4,512,64,11,19,1,head_major_head_first,head_major,head_first,0.092801,-0.856304790405,0,0,true
mha,8,8,64,4,512,64,11,19,2,block_major_head_first,block_major,head_first,0.090807,-0.856304790405,0,0,true
mha,8,8,64,4,512,64,11,19,3,head_major_block_first,head_major,block_first,0.088634,-0.856304790405,0,0,true
mha,8,8,64,4,512,64,29,0,0,block_major_head_first,block_major,head_first,0.090847,-1.9102295708,0,0,true
mha,8,8,64,4,512,64,29,0,1,head_major_block_first,head_major,block_first,0.088574,-1.9102295708,0,0,true
mha,8,8,64,4,512,64,29,0,2,head_major_head_first,head_major,head_first,0.086681,-1.9102295708,0,0,true
mha,8,8,64,4,512,64,29,0,3,block_major_block_first,block_major,block_first,0.088364,-1.9102295708,0,0,true
mha,8,8,64,4,512,64,29,1,0,head_major_head_first,head_major,head_first,0.086891,-1.9102295708,0,0,true
mha,8,8,64,4,512,64,29,1,1,block_major_block_first,block_major,block_first,0.087743,-1.9102295708,0,0,true
mha,8,8,64,4,512,64,29,1,2,head_major_block_first,head_major,block_first,0.088954,-1.9102295708,0,0,true
mha,8,8,64,4,512,64,29,1,3,block_major_head_first,block_major,head_first,0.090727,-1.9102295708,0,0,true
mha,8,8,64,4,512,64,29,2,0,head_major_head_first,head_major,head_first,0.086551,-1.9102295708,0,0,true
mha,8,8,64,4,512,64,29,2,1,block_major_block_first,block_major,block_first,0.088023,-1.9102295708,0,0,true
mha,8,8,64,4,512,64,29,2,2,head_major_block_first,head_major,block_first,0.089044,-1.9102295708,0,0,true
mha,8,8,64,4,512,64,29,2,3,block_major_head_first,block_major,head_first,0.090467,-1.9102295708,0,0,true
mha,8,8,64,4,512,64,29,3,0,block_major_block_first,block_major,block_first,0.087833,-1.9102295708,0,0,true
mha,8,8,64,4,512,64,29,3,1,block_major_head_first,block_major,head_first,0.090738,-1.9102295708,0,0,true
mha,8,8,64,4,512,64,29,3,2,head_major_head_first,head_major,head_first,0.086771,-1.9102295708,0,0,true
mha,8,8,64,4,512,64,29,3,3,head_major_block_first,head_major,block_first,0.088253,-1.9102295708,0,0,true
mha,8,8,64,4,512,64,29,4,0,block_major_head_first,block_major,head_first,0.096146,-1.9102295708,0,0,true
mha,8,8,64,4,512,64,29,4,1,head_major_head_first,head_major,head_first,0.086701,-1.9102295708,0,0,true
mha,8,8,64,4,512,64,29,4,2,block_major_block_first,block_major,block_first,0.088244,-1.9102295708,0,0,true
mha,8,8,64,4,512,64,29,4,3,head_major_block_first,head_major,block_first,0.089055,-1.9102295708,0,0,true
mha,8,8,64,4,512,64,29,5,0,head_major_block_first,head_major,block_first,0.088604,-1.9102295708,0,0,true
mha,8,8,64,4,512,64,29,5,1,block_major_block_first,block_major,block_first,0.087533,-1.9102295708,0,0,true
mha,8,8,64,4,512,64,29,5,2,head_major_head_first,head_major,head_first,0.087162,-1.9102295708,0,0,true
mha,8,8,64,4,512,64,29,5,3,block_major_head_first,block_major,head_first,0.090948,-1.9102295708,0,0,true
mha,8,8,64,4,512,64,29,6,0,block_major_block_first,block_major,block_first,0.087753,-1.9102295708,0,0,true
mha,8,8,64,4,512,64,29,6,1,head_major_head_first,head_major,head_first,0.086891,-1.9102295708,0,0,true
mha,8,8,64,4,512,64,29,6,2,block_major_head_first,block_major,head_first,0.091128,-1.9102295708,0,0,true
mha,8,8,64,4,512,64,29,6,3,head_major_block_first,head_major,block_first,0.088765,-1.9102295708,0,0,true
mha,8,8,64,4,512,64,29,7,0,block_major_block_first,block_major,block_first,0.087994,-1.9102295708,0,0,true
mha,8,8,64,4,512,64,29,7,1,head_major_block_first,head_major,block_first,0.089055,-1.9102295708,0,0,true
mha,8,8,64,4,512,64,29,7,2,block_major_head_first,block_major,head_first,0.090737,-1.9102295708,0,0,true
mha,8,8,64,4,512,64,29,7,3,head_major_head_first,head_major,head_first,0.086801,-1.9102295708,0,0,true
mha,8,8,64,4,512,64,29,8,0,block_major_block_first,block_major,block_first,0.088133,-1.9102295708,0,0,true
mha,8,8,64,4,512,64,29,8,1,block_major_head_first,block_major,head_first,0.090617,-1.9102295708,0,0,true
mha,8,8,64,4,512,64,29,8,2,head_major_block_first,head_major,block_first,0.089145,-1.9102295708,0,0,true
mha,8,8,64,4,512,64,29,8,3,head_major_head_first,head_major,head_first,0.086772,-1.9102295708,0,0,true
mha,8,8,64,4,512,64,29,9,0,block_major_block_first,block_major,block_first,0.088034,-1.9102295708,0,0,true
mha,8,8,64,4,512,64,29,9,1,head_major_head_first,head_major,head_first,0.086882,-1.9102295708,0,0,true
mha,8,8,64,4,512,64,29,9,2,block_major_head_first,block_major,head_first,0.091248,-1.9102295708,0,0,true
mha,8,8,64,4,512,64,29,9,3,head_major_block_first,head_major,block_first,0.088705,-1.9102295708,0,0,true
mha,8,8,64,4,512,64,29,10,0,block_major_head_first,block_major,head_first,0.090187,-1.9102295708,0,0,true
mha,8,8,64,4,512,64,29,10,1,head_major_head_first,head_major,head_first,0.086722,-1.9102295708,0,0,true
mha,8,8,64,4,512,64,29,10,2,head_major_block_first,head_major,block_first,0.088665,-1.9102295708,0,0,true
mha,8,8,64,4,512,64,29,10,3,block_major_block_first,block_major,block_first,0.087994,-1.9102295708,0,0,true
mha,8,8,64,4,512,64,29,11,0,head_major_head_first,head_major,head_first,0.086952,-1.9102295708,0,0,true
mha,8,8,64,4,512,64,29,11,1,block_major_block_first,block_major,block_first,0.087873,-1.9102295708,0,0,true
mha,8,8,64,4,512,64,29,11,2,head_major_block_first,head_major,block_first,0.088905,-1.9102295708,0,0,true
mha,8,8,64,4,512,64,29,11,3,block_major_head_first,block_major,head_first,0.090987,-1.9102295708,0,0,true
mha,8,8,64,4,512,64,29,12,0,head_major_head_first,head_major,head_first,0.086882,-1.9102295708,0,0,true
mha,8,8,64,4,512,64,29,12,1,head_major_block_first,head_major,block_first,0.088745,-1.9102295708,0,0,true
mha,8,8,64,4,512,64,29,12,2,block_major_head_first,block_major,head_first,0.090317,-1.9102295708,0,0,true
mha,8,8,64,4,512,64,29,12,3,block_major_block_first,block_major,block_first,0.088133,-1.9102295708,0,0,true
mha,8,8,64,4,512,64,29,13,0,head_major_head_first,head_major,head_first,0.086992,-1.9102295708,0,0,true
mha,8,8,64,4,512,64,29,13,1,block_major_head_first,block_major,head_first,0.090567,-1.9102295708,0,0,true
mha,8,8,64,4,512,64,29,13,2,block_major_block_first,block_major,block_first,0.087783,-1.9102295708,0,0,true
mha,8,8,64,4,512,64,29,13,3,head_major_block_first,head_major,block_first,0.089275,-1.9102295708,0,0,true
mha,8,8,64,4,512,64,29,14,0,head_major_head_first,head_major,head_first,0.08651,-1.9102295708,0,0,true
mha,8,8,64,4,512,64,29,14,1,head_major_block_first,head_major,block_first,0.088344,-1.9102295708,0,0,true
mha,8,8,64,4,512,64,29,14,2,block_major_head_first,block_major,head_first,0.091308,-1.9102295708,0,0,true
mha,8,8,64,4,512,64,29,14,3,block_major_block_first,block_major,block_first,0.094854,-1.9102295708,0,0,true
mha,8,8,64,4,512,64,29,15,0,head_major_block_first,head_major,block_first,0.088975,-1.9102295708,0,0,true
mha,8,8,64,4,512,64,29,15,1,head_major_head_first,head_major,head_first,0.087072,-1.9102295708,0,0,true
mha,8,8,64,4,512,64,29,15,2,block_major_block_first,block_major,block_first,0.087813,-1.9102295708,0,0,true
mha,8,8,64,4,512,64,29,15,3,block_major_head_first,block_major,head_first,0.090798,-1.9102295708,0,0,true
mha,8,8,64,4,512,64,29,16,0,head_major_block_first,head_major,block_first,0.089445,-1.9102295708,0,0,true
mha,8,8,64,4,512,64,29,16,1,head_major_head_first,head_major,head_first,0.086491,-1.9102295708,0,0,true
mha,8,8,64,4,512,64,29,16,2,block_major_block_first,block_major,block_first,0.088013,-1.9102295708,0,0,true
mha,8,8,64,4,512,64,29,16,3,block_major_head_first,block_major,head_first,0.090457,-1.9102295708,0,0,true
mha,8,8,64,4,512,64,29,17,0,block_major_block_first,block_major,block_first,0.088073,-1.9102295708,0,0,true
mha,8,8,64,4,512,64,29,17,1,block_major_head_first,block_major,head_first,0.090928,-1.9102295708,0,0,true
mha,8,8,64,4,512,64,29,17,2,head_major_block_first,head_major,block_first,0.089065,-1.9102295708,0,0,true
mha,8,8,64,4,512,64,29,17,3,head_major_head_first,head_major,head_first,0.086781,-1.9102295708,0,0,true
mha,8,8,64,4,512,64,29,18,0,block_major_block_first,block_major,block_first,0.088073,-1.9102295708,0,0,true
mha,8,8,64,4,512,64,29,18,1,block_major_head_first,block_major,head_first,0.090597,-1.9102295708,0,0,true
mha,8,8,64,4,512,64,29,18,2,head_major_head_first,head_major,head_first,0.086681,-1.9102295708,0,0,true
mha,8,8,64,4,512,64,29,18,3,head_major_block_first,head_major,block_first,0.088754,-1.9102295708,0,0,true
mha,8,8,64,4,512,64,29,19,0,head_major_head_first,head_major,head_first,0.087031,-1.9102295708,0,0,true
mha,8,8,64,4,512,64,29,19,1,block_major_head_first,block_major,head_first,0.090777,-1.9102295708,0,0,true
mha,8,8,64,4,512,64,29,19,2,head_major_block_first,head_major,block_first,0.088815,-1.9102295708,0,0,true
mha,8,8,64,4,512,64,29,19,3,block_major_block_first,block_major,block_first,0.088164,-1.9102295708,0,0,true
mha,8,8,64,4,512,64,47,0,0,head_major_head_first,head_major,head_first,0.086821,-1.72707692906,0,0,true
mha,8,8,64,4,512,64,47,0,1,block_major_head_first,block_major,head_first,0.091068,-1.72707692906,0,0,true
mha,8,8,64,4,512,64,47,0,2,head_major_block_first,head_major,block_first,0.089155,-1.72707692906,0,0,true
mha,8,8,64,4,512,64,47,0,3,block_major_block_first,block_major,block_first,0.088474,-1.72707692906,0,0,true
mha,8,8,64,4,512,64,47,1,0,block_major_block_first,block_major,block_first,0.088324,-1.72707692906,0,0,true
mha,8,8,64,4,512,64,47,1,1,head_major_block_first,head_major,block_first,0.088964,-1.72707692906,0,0,true
mha,8,8,64,4,512,64,47,1,2,head_major_head_first,head_major,head_first,0.086972,-1.72707692906,0,0,true
mha,8,8,64,4,512,64,47,1,3,block_major_head_first,block_major,head_first,0.090918,-1.72707692906,0,0,true
mha,8,8,64,4,512,64,47,2,0,block_major_head_first,block_major,head_first,0.091268,-1.72707692906,0,0,true
mha,8,8,64,4,512,64,47,2,1,block_major_block_first,block_major,block_first,0.087973,-1.72707692906,0,0,true
mha,8,8,64,4,512,64,47,2,2,head_major_head_first,head_major,head_first,0.087102,-1.72707692906,0,0,true
mha,8,8,64,4,512,64,47,2,3,head_major_block_first,head_major,block_first,0.088975,-1.72707692906,0,0,true
mha,8,8,64,4,512,64,47,3,0,head_major_block_first,head_major,block_first,0.088735,-1.72707692906,0,0,true
mha,8,8,64,4,512,64,47,3,1,block_major_head_first,block_major,head_first,0.09208,-1.72707692906,0,0,true
mha,8,8,64,4,512,64,47,3,2,head_major_head_first,head_major,head_first,0.087192,-1.72707692906,0,0,true
mha,8,8,64,4,512,64,47,3,3,block_major_block_first,block_major,block_first,0.088123,-1.72707692906,0,0,true
mha,8,8,64,4,512,64,47,4,0,head_major_head_first,head_major,head_first,0.086842,-1.72707692906,0,0,true
mha,8,8,64,4,512,64,47,4,1,head_major_block_first,head_major,block_first,0.088714,-1.72707692906,0,0,true
mha,8,8,64,4,512,64,47,4,2,block_major_block_first,block_major,block_first,0.088433,-1.72707692906,0,0,true
mha,8,8,64,4,512,64,47,4,3,block_major_head_first,block_major,head_first,0.091639,-1.72707692906,0,0,true
mha,8,8,64,4,512,64,47,5,0,head_major_block_first,head_major,block_first,0.089225,-1.72707692906,0,0,true
mha,8,8,64,4,512,64,47,5,1,block_major_block_first,block_major,block_first,0.088154,-1.72707692906,0,0,true
mha,8,8,64,4,512,64,47,5,2,head_major_head_first,head_major,head_first,0.087142,-1.72707692906,0,0,true
mha,8,8,64,4,512,64,47,5,3,block_major_head_first,block_major,head_first,0.090958,-1.72707692906,0,0,true
mha,8,8,64,4,512,64,47,6,0,head_major_head_first,head_major,head_first,0.086812,-1.72707692906,0,0,true
mha,8,8,64,4,512,64,47,6,1,head_major_block_first,head_major,block_first,0.089124,-1.72707692906,0,0,true
mha,8,8,64,4,512,64,47,6,2,block_major_head_first,block_major,head_first,0.090778,-1.72707692906,0,0,true
mha,8,8,64,4,512,64,47,6,3,block_major_block_first,block_major,block_first,0.088404,-1.72707692906,0,0,true
mha,8,8,64,4,512,64,47,7,0,block_major_block_first,block_major,block_first,0.088153,-1.72707692906,0,0,true
mha,8,8,64,4,512,64,47,7,1,head_major_block_first,head_major,block_first,0.089275,-1.72707692906,0,0,true
mha,8,8,64,4,512,64,47,7,2,block_major_head_first,block_major,head_first,0.090887,-1.72707692906,0,0,true
mha,8,8,64,4,512,64,47,7,3,head_major_head_first,head_major,head_first,0.087272,-1.72707692906,0,0,true
mha,8,8,64,4,512,64,47,8,0,block_major_block_first,block_major,block_first,0.088304,-1.72707692906,0,0,true
mha,8,8,64,4,512,64,47,8,1,head_major_head_first,head_major,head_first,0.087071,-1.72707692906,0,0,true
mha,8,8,64,4,512,64,47,8,2,head_major_block_first,head_major,block_first,0.089285,-1.72707692906,0,0,true
mha,8,8,64,4,512,64,47,8,3,block_major_head_first,block_major,head_first,0.091398,-1.72707692906,0,0,true
mha,8,8,64,4,512,64,47,9,0,block_major_block_first,block_major,block_first,0.088204,-1.72707692906,0,0,true
mha,8,8,64,4,512,64,47,9,1,head_major_head_first,head_major,head_first,0.087072,-1.72707692906,0,0,true
mha,8,8,64,4,512,64,47,9,2,head_major_block_first,head_major,block_first,0.088794,-1.72707692906,0,0,true
mha,8,8,64,4,512,64,47,9,3,block_major_head_first,block_major,head_first,0.090597,-1.72707692906,0,0,true
mha,8,8,64,4,512,64,47,10,0,head_major_head_first,head_major,head_first,0.086981,-1.72707692906,0,0,true
mha,8,8,64,4,512,64,47,10,1,head_major_block_first,head_major,block_first,0.093732,-1.72707692906,0,0,true
mha,8,8,64,4,512,64,47,10,2,block_major_block_first,block_major,block_first,0.088293,-1.72707692906,0,0,true
mha,8,8,64,4,512,64,47,10,3,block_major_head_first,block_major,head_first,0.091899,-1.72707692906,0,0,true
mha,8,8,64,4,512,64,47,11,0,head_major_block_first,head_major,block_first,0.088634,-1.72707692906,0,0,true
mha,8,8,64,4,512,64,47,11,1,block_major_block_first,block_major,block_first,0.088213,-1.72707692906,0,0,true
mha,8,8,64,4,512,64,47,11,2,block_major_head_first,block_major,head_first,0.091258,-1.72707692906,0,0,true
mha,8,8,64,4,512,64,47,11,3,head_major_head_first,head_major,head_first,0.086701,-1.72707692906,0,0,true
mha,8,8,64,4,512,64,47,12,0,head_major_block_first,head_major,block_first,0.088604,-1.72707692906,0,0,true
mha,8,8,64,4,512,64,47,12,1,block_major_block_first,block_major,block_first,0.088153,-1.72707692906,0,0,true
mha,8,8,64,4,512,64,47,12,2,head_major_head_first,head_major,head_first,0.086711,-1.72707692906,0,0,true
mha,8,8,64,4,512,64,47,12,3,block_major_head_first,block_major,head_first,0.091168,-1.72707692906,0,0,true
mha,8,8,64,4,512,64,47,13,0,head_major_head_first,head_major,head_first,0.087002,-1.72707692906,0,0,true
mha,8,8,64,4,512,64,47,13,1,block_major_head_first,block_major,head_first,0.091048,-1.72707692906,0,0,true
mha,8,8,64,4,512,64,47,13,2,head_major_block_first,head_major,block_first,0.088725,-1.72707692906,0,0,true
mha,8,8,64,4,512,64,47,13,3,block_major_block_first,block_major,block_first,0.088204,-1.72707692906,0,0,true
mha,8,8,64,4,512,64,47,14,0,block_major_head_first,block_major,head_first,0.090947,-1.72707692906,0,0,true
mha,8,8,64,4,512,64,47,14,1,head_major_head_first,head_major,head_first,0.087002,-1.72707692906,0,0,true
mha,8,8,64,4,512,64,47,14,2,head_major_block_first,head_major,block_first,0.089005,-1.72707692906,0,0,true
mha,8,8,64,4,512,64,47,14,3,block_major_block_first,block_major,block_first,0.088203,-1.72707692906,0,0,true
mha,8,8,64,4,512,64,47,15,0,block_major_block_first,block_major,block_first,0.088023,-1.72707692906,0,0,true
mha,8,8,64,4,512,64,47,15,1,head_major_block_first,head_major,block_first,0.089516,-1.72707692906,0,0,true
mha,8,8,64,4,512,64,47,15,2,head_major_head_first,head_major,head_first,0.086792,-1.72707692906,0,0,true
mha,8,8,64,4,512,64,47,15,3,block_major_head_first,block_major,head_first,0.091359,-1.72707692906,0,0,true
mha,8,8,64,4,512,64,47,16,0,block_major_head_first,block_major,head_first,0.091038,-1.72707692906,0,0,true
mha,8,8,64,4,512,64,47,16,1,head_major_head_first,head_major,head_first,0.086882,-1.72707692906,0,0,true
mha,8,8,64,4,512,64,47,16,2,head_major_block_first,head_major,block_first,0.088775,-1.72707692906,0,0,true
mha,8,8,64,4,512,64,47,16,3,block_major_block_first,block_major,block_first,0.088184,-1.72707692906,0,0,true
mha,8,8,64,4,512,64,47,17,0,head_major_block_first,head_major,block_first,0.088775,-1.72707692906,0,0,true
mha,8,8,64,4,512,64,47,17,1,block_major_head_first,block_major,head_first,0.091428,-1.72707692906,0,0,true
mha,8,8,64,4,512,64,47,17,2,head_major_head_first,head_major,head_first,0.087062,-1.72707692906,0,0,true
mha,8,8,64,4,512,64,47,17,3,block_major_block_first,block_major,block_first,0.088274,-1.72707692906,0,0,true
mha,8,8,64,4,512,64,47,18,0,head_major_block_first,head_major,block_first,0.089205,-1.72707692906,0,0,true
mha,8,8,64,4,512,64,47,18,1,block_major_head_first,block_major,head_first,0.091038,-1.72707692906,0,0,true
mha,8,8,64,4,512,64,47,18,2,head_major_head_first,head_major,head_first,0.086841,-1.72707692906,0,0,true
mha,8,8,64,4,512,64,47,18,3,block_major_block_first,block_major,block_first,0.088454,-1.72707692906,0,0,true
mha,8,8,64,4,512,64,47,19,0,block_major_block_first,block_major,block_first,0.088124,-1.72707692906,0,0,true
mha,8,8,64,4,512,64,47,19,1,block_major_head_first,block_major,head_first,0.090557,-1.72707692906,0,0,true
mha,8,8,64,4,512,64,47,19,2,head_major_head_first,head_major,head_first,0.086962,-1.72707692906,0,0,true
mha,8,8,64,4,512,64,47,19,3,head_major_block_first,head_major,block_first,0.088754,-1.72707692906,0,0,true
mha,8,8,64,4,2048,64,11,0,0,head_major_block_first,head_major,block_first,0.451043,-0.859917364394,0,0,true
mha,8,8,64,4,2048,64,11,0,1,block_major_head_first,block_major,head_first,0.596002,-0.859917364394,0,0,true
mha,8,8,64,4,2048,64,11,0,2,head_major_head_first,head_major,head_first,0.362008,-0.859917364394,0,0,true
mha,8,8,64,4,2048,64,11,0,3,block_major_block_first,block_major,block_first,0.371652,-0.859917364394,0,0,true
mha,8,8,64,4,2048,64,11,1,0,block_major_head_first,block_major,head_first,0.531014,-0.859917364394,0,0,true
mha,8,8,64,4,2048,64,11,1,1,head_major_block_first,head_major,block_first,0.491384,-0.859917364394,0,0,true
mha,8,8,64,4,2048,64,11,1,2,head_major_head_first,head_major,head_first,0.367826,-0.859917364394,0,0,true
mha,8,8,64,4,2048,64,11,1,3,block_major_block_first,block_major,block_first,0.371202,-0.859917364394,0,0,true
mha,8,8,64,4,2048,64,11,2,0,block_major_block_first,block_major,block_first,0.368928,-0.859917364394,0,0,true
mha,8,8,64,4,2048,64,11,2,1,head_major_head_first,head_major,head_first,0.368658,-0.859917364394,0,0,true
mha,8,8,64,4,2048,64,11,2,2,block_major_head_first,block_major,head_first,0.559407,-0.859917364394,0,0,true
mha,8,8,64,4,2048,64,11,2,3,head_major_block_first,head_major,block_first,0.473617,-0.859917364394,0,0,true
mha,8,8,64,4,2048,64,11,3,0,block_major_head_first,block_major,head_first,0.531364,-0.859917364394,0,0,true
mha,8,8,64,4,2048,64,11,3,1,head_major_head_first,head_major,head_first,0.36986,-0.859917364394,0,0,true
mha,8,8,64,4,2048,64,11,3,2,head_major_block_first,head_major,block_first,0.454267,-0.859917364394,0,0,true
mha,8,8,64,4,2048,64,11,3,3,block_major_block_first,block_major,block_first,0.371752,-0.859917364394,0,0,true
mha,8,8,64,4,2048,64,11,4,0,head_major_block_first,head_major,block_first,0.467407,-0.859917364394,0,0,true
mha,8,8,64,4,2048,64,11,4,1,block_major_head_first,block_major,head_first,0.550824,-0.859917364394,0,0,true
mha,8,8,64,4,2048,64,11,4,2,head_major_head_first,head_major,head_first,0.38278,-0.859917364394,0,0,true
mha,8,8,64,4,2048,64,11,4,3,block_major_block_first,block_major,block_first,0.371963,-0.859917364394,0,0,true
mha,8,8,64,4,2048,64,11,5,0,block_major_head_first,block_major,head_first,0.526446,-0.859917364394,0,0,true
mha,8,8,64,4,2048,64,11,5,1,head_major_head_first,head_major,head_first,0.371122,-0.859917364394,0,0,true
mha,8,8,64,4,2048,64,11,5,2,block_major_block_first,block_major,block_first,0.368397,-0.859917364394,0,0,true
mha,8,8,64,4,2048,64,11,5,3,head_major_block_first,head_major,block_first,0.471714,-0.859917364394,0,0,true
mha,8,8,64,4,2048,64,11,6,0,block_major_head_first,block_major,head_first,0.531885,-0.859917364394,0,0,true
mha,8,8,64,4,2048,64,11,6,1,block_major_block_first,block_major,block_first,0.36308,-0.859917364394,0,0,true
mha,8,8,64,4,2048,64,11,6,2,head_major_block_first,head_major,block_first,0.479185,-0.859917364394,0,0,true
mha,8,8,64,4,2048,64,11,6,3,head_major_head_first,head_major,head_first,0.367146,-0.859917364394,0,0,true
mha,8,8,64,4,2048,64,11,7,0,block_major_block_first,block_major,block_first,0.385513,-0.859917364394,0,0,true
mha,8,8,64,4,2048,64,11,7,1,head_major_block_first,head_major,block_first,0.46956,-0.859917364394,0,0,true
mha,8,8,64,4,2048,64,11,7,2,block_major_head_first,block_major,head_first,0.538175,-0.859917364394,0,0,true
mha,8,8,64,4,2048,64,11,7,3,head_major_head_first,head_major,head_first,0.369069,-0.859917364394,0,0,true
mha,8,8,64,4,2048,64,11,8,0,head_major_block_first,head_major,block_first,0.45571,-0.859917364394,0,0,true
mha,8,8,64,4,2048,64,11,8,1,block_major_head_first,block_major,head_first,0.54828,-0.859917364394,0,0,true
mha,8,8,64,4,2048,64,11,8,2,block_major_block_first,block_major,block_first,0.37029,-0.859917364394,0,0,true
mha,8,8,64,4,2048,64,11,8,3,head_major_head_first,head_major,head_first,0.369889,-0.859917364394,0,0,true
mha,8,8,64,4,2048,64,11,9,0,head_major_head_first,head_major,head_first,0.365524,-0.859917364394,0,0,true
mha,8,8,64,4,2048,64,11,9,1,block_major_head_first,block_major,head_first,0.557503,-0.859917364394,0,0,true
mha,8,8,64,4,2048,64,11,9,2,head_major_block_first,head_major,block_first,0.466556,-0.859917364394,0,0,true
mha,8,8,64,4,2048,64,11,9,3,block_major_block_first,block_major,block_first,0.37039,-0.859917364394,0,0,true
mha,8,8,64,4,2048,64,11,10,0,block_major_block_first,block_major,block_first,0.367136,-0.859917364394,0,0,true
mha,8,8,64,4,2048,64,11,10,1,head_major_head_first,head_major,head_first,0.371052,-0.859917364394,0,0,true
mha,8,8,64,4,2048,64,11,10,2,block_major_head_first,block_major,head_first,0.533617,-0.859917364394,0,0,true
mha,8,8,64,4,2048,64,11,10,3,head_major_block_first,head_major,block_first,0.477403,-0.859917364394,0,0,true
mha,8,8,64,4,2048,64,11,11,0,head_major_head_first,head_major,head_first,0.364942,-0.859917364394,0,0,true
mha,8,8,64,4,2048,64,11,11,1,head_major_block_first,head_major,block_first,0.448178,-0.859917364394,0,0,true
mha,8,8,64,4,2048,64,11,11,2,block_major_head_first,block_major,head_first,0.570113,-0.859917364394,0,0,true
mha,8,8,64,4,2048,64,11,11,3,block_major_block_first,block_major,block_first,0.368818,-0.859917364394,0,0,true
mha,8,8,64,4,2048,64,11,12,0,head_major_block_first,head_major,block_first,0.470212,-0.859917364394,0,0,true
mha,8,8,64,4,2048,64,11,12,1,head_major_head_first,head_major,head_first,0.365813,-0.859917364394,0,0,true
mha,8,8,64,4,2048,64,11,12,2,block_major_block_first,block_major,block_first,0.371813,-0.859917364394,0,0,true
mha,8,8,64,4,2048,64,11,12,3,block_major_head_first,block_major,head_first,0.527929,-0.859917364394,0,0,true
mha,8,8,64,4,2048,64,11,13,0,block_major_block_first,block_major,block_first,0.363971,-0.859917364394,0,0,true
mha,8,8,64,4,2048,64,11,13,1,head_major_block_first,head_major,block_first,0.485034,-0.859917364394,0,0,true
mha,8,8,64,4,2048,64,11,13,2,head_major_head_first,head_major,head_first,0.368628,-0.859917364394,0,0,true
mha,8,8,64,4,2048,64,11,13,3,block_major_head_first,block_major,head_first,0.550173,-0.859917364394,0,0,true
mha,8,8,64,4,2048,64,11,14,0,head_major_head_first,head_major,head_first,0.368568,-0.859917364394,0,0,true
mha,8,8,64,4,2048,64,11,14,1,block_major_head_first,block_major,head_first,0.52857,-0.859917364394,0,0,true
mha,8,8,64,4,2048,64,11,14,2,head_major_block_first,head_major,block_first,0.472405,-0.859917364394,0,0,true
mha,8,8,64,4,2048,64,11,14,3,block_major_block_first,block_major,block_first,0.369079,-0.859917364394,0,0,true
mha,8,8,64,4,2048,64,11,15,0,block_major_block_first,block_major,block_first,0.365483,-0.859917364394,0,0,true
mha,8,8,64,4,2048,64,11,15,1,block_major_head_first,block_major,head_first,0.498034,-0.859917364394,0,0,true
mha,8,8,64,4,2048,64,11,15,2,head_major_head_first,head_major,head_first,0.3705,-0.859917364394,0,0,true
mha,8,8,64,4,2048,64,11,15,3,head_major_block_first,head_major,block_first,0.4828,-0.859917364394,0,0,true
mha,8,8,64,4,2048,64,11,16,0,block_major_block_first,block_major,block_first,0.384282,-0.859917364394,0,0,true
mha,8,8,64,4,2048,64,11,16,1,head_major_head_first,head_major,head_first,0.367927,-0.859917364394,0,0,true
mha,8,8,64,4,2048,64,11,16,2,head_major_block_first,head_major,block_first,0.457593,-0.859917364394,0,0,true
mha,8,8,64,4,2048,64,11,16,3,block_major_head_first,block_major,head_first,0.550093,-0.859917364394,0,0,true
mha,8,8,64,4,2048,64,11,17,0,head_major_head_first,head_major,head_first,0.365824,-0.859917364394,0,0,true
mha,8,8,64,4,2048,64,11,17,1,head_major_block_first,head_major,block_first,0.446145,-0.859917364394,0,0,true
mha,8,8,64,4,2048,64,11,17,2,block_major_block_first,block_major,block_first,0.371923,-0.859917364394,0,0,true
mha,8,8,64,4,2048,64,11,17,3,block_major_head_first,block_major,head_first,0.530854,-0.859917364394,0,0,true
mha,8,8,64,4,2048,64,11,18,0,head_major_block_first,head_major,block_first,0.484052,-0.859917364394,0,0,true
mha,8,8,64,4,2048,64,11,18,1,block_major_block_first,block_major,block_first,0.38305,-0.859917364394,0,0,true
mha,8,8,64,4,2048,64,11,18,2,head_major_head_first,head_major,head_first,0.368407,-0.859917364394,0,0,true
mha,8,8,64,4,2048,64,11,18,3,block_major_head_first,block_major,head_first,0.532476,-0.859917364394,0,0,true
mha,8,8,64,4,2048,64,11,19,0,head_major_block_first,head_major,block_first,0.474107,-0.859917364394,0,0,true
mha,8,8,64,4,2048,64,11,19,1,head_major_head_first,head_major,head_first,0.365663,-0.859917364394,0,0,true
mha,8,8,64,4,2048,64,11,19,2,block_major_block_first,block_major,block_first,0.371953,-0.859917364394,0,0,true
mha,8,8,64,4,2048,64,11,19,3,block_major_head_first,block_major,head_first,0.529372,-0.859917364394,0,0,true
mha,8,8,64,4,2048,64,29,0,0,head_major_head_first,head_major,head_first,0.364171,2.16085560331,0,0,true
mha,8,8,64,4,2048,64,29,0,1,head_major_block_first,head_major,block_first,0.447988,2.16085560331,0,0,true
mha,8,8,64,4,2048,64,29,0,2,block_major_block_first,block_major,block_first,0.372283,2.16085560331,0,0,true
mha,8,8,64,4,2048,64,29,0,3,block_major_head_first,block_major,head_first,0.609653,2.16085560331,0,0,true
mha,8,8,64,4,2048,64,29,1,0,head_major_block_first,head_major,block_first,0.477222,2.16085560331,0,0,true
mha,8,8,64,4,2048,64,29,1,1,block_major_block_first,block_major,block_first,0.369228,2.16085560331,0,0,true
mha,8,8,64,4,2048,64,29,1,2,block_major_head_first,block_major,head_first,0.595601,2.16085560331,0,0,true
mha,8,8,64,4,2048,64,29,1,3,head_major_head_first,head_major,head_first,0.375769,2.16085560331,0,0,true
mha,8,8,64,4,2048,64,29,2,0,block_major_head_first,block_major,head_first,0.594139,2.16085560331,0,0,true
mha,8,8,64,4,2048,64,29,2,1,head_major_block_first,head_major,block_first,0.490012,2.16085560331,0,0,true
mha,8,8,64,4,2048,64,29,2,2,block_major_block_first,block_major,block_first,0.372533,2.16085560331,0,0,true
mha,8,8,64,4,2048,64,29,2,3,head_major_head_first,head_major,head_first,0.375759,2.16085560331,0,0,true
mha,8,8,64,4,2048,64,29,3,0,head_major_block_first,head_major,block_first,0.473427,2.16085560331,0,0,true
mha,8,8,64,4,2048,64,29,3,1,head_major_head_first,head_major,head_first,0.365844,2.16085560331,0,0,true
mha,8,8,64,4,2048,64,29,3,2,block_major_block_first,block_major,block_first,0.374046,2.16085560331,0,0,true
mha,8,8,64,4,2048,64,29,3,3,block_major_head_first,block_major,head_first,0.625207,2.16085560331,0,0,true
mha,8,8,64,4,2048,64,29,4,0,head_major_head_first,head_major,head_first,0.372654,2.16085560331,0,0,true
mha,8,8,64,4,2048,64,29,4,1,block_major_head_first,block_major,head_first,0.604515,2.16085560331,0,0,true
mha,8,8,64,4,2048,64,29,4,2,head_major_block_first,head_major,block_first,0.469461,2.16085560331,0,0,true
mha,8,8,64,4,2048,64,29,4,3,block_major_block_first,block_major,block_first,0.371242,2.16085560331,0,0,true
mha,8,8,64,4,2048,64,29,5,0,block_major_head_first,block_major,head_first,0.571255,2.16085560331,0,0,true
mha,8,8,64,4,2048,64,29,5,1,head_major_head_first,head_major,head_first,0.373255,2.16085560331,0,0,true
mha,8,8,64,4,2048,64,29,5,2,block_major_block_first,block_major,block_first,0.369609,2.16085560331,0,0,true
mha,8,8,64,4,2048,64,29,5,3,head_major_block_first,head_major,block_first,0.472626,2.16085560331,0,0,true
mha,8,8,64,4,2048,64,29,6,0,block_major_head_first,block_major,head_first,0.612346,2.16085560331,0,0,true
mha,8,8,64,4,2048,64,29,6,1,head_major_block_first,head_major,block_first,0.48215,2.16085560331,0,0,true
mha,8,8,64,4,2048,64,29,6,2,block_major_block_first,block_major,block_first,0.3698,2.16085560331,0,0,true
mha,8,8,64,4,2048,64,29,6,3,head_major_head_first,head_major,head_first,0.372494,2.16085560331,0,0,true
mha,8,8,64,4,2048,64,29,7,0,head_major_block_first,head_major,block_first,0.464833,2.16085560331,0,0,true
mha,8,8,64,4,2048,64,29,7,1,head_major_head_first,head_major,head_first,0.365643,2.16085560331,0,0,true
mha,8,8,64,4,2048,64,29,7,2,block_major_block_first,block_major,block_first,0.373936,2.16085560331,0,0,true
mha,8,8,64,4,2048,64,29,7,3,block_major_head_first,block_major,head_first,0.601441,2.16085560331,0,0,true
mha,8,8,64,4,2048,64,29,8,0,block_major_block_first,block_major,block_first,0.366535,2.16085560331,0,0,true
mha,8,8,64,4,2048,64,29,8,1,head_major_block_first,head_major,block_first,0.5153,2.16085560331,0,0,true
mha,8,8,64,4,2048,64,29,8,2,block_major_head_first,block_major,head_first,0.580359,2.16085560331,0,0,true
mha,8,8,64,4,2048,64,29,8,3,head_major_head_first,head_major,head_first,0.375328,2.16085560331,0,0,true
mha,8,8,64,4,2048,64,29,9,0,head_major_block_first,head_major,block_first,0.473526,2.16085560331,0,0,true
mha,8,8,64,4,2048,64,29,9,1,block_major_head_first,block_major,head_first,0.611686,2.16085560331,0,0,true
mha,8,8,64,4,2048,64,29,9,2,block_major_block_first,block_major,block_first,0.368367,2.16085560331,0,0,true
mha,8,8,64,4,2048,64,29,9,3,head_major_head_first,head_major,head_first,0.375769,2.16085560331,0,0,true
mha,8,8,64,4,2048,64,29,10,0,head_major_head_first,head_major,head_first,0.369019,2.16085560331,0,0,true
mha,8,8,64,4,2048,64,29,10,1,block_major_head_first,block_major,head_first,0.629673,2.16085560331,0,0,true
mha,8,8,64,4,2048,64,29,10,2,block_major_block_first,block_major,block_first,0.369079,2.16085560331,0,0,true
mha,8,8,64,4,2048,64,29,10,3,head_major_block_first,head_major,block_first,0.486216,2.16085560331,0,0,true
mha,8,8,64,4,2048,64,29,11,0,block_major_head_first,block_major,head_first,0.589823,2.16085560331,0,0,true
mha,8,8,64,4,2048,64,29,11,1,head_major_block_first,head_major,block_first,0.482541,2.16085560331,0,0,true
mha,8,8,64,4,2048,64,29,11,2,head_major_head_first,head_major,head_first,0.366595,2.16085560331,0,0,true
mha,8,8,64,4,2048,64,29,11,3,block_major_block_first,block_major,block_first,0.374006,2.16085560331,0,0,true
mha,8,8,64,4,2048,64,29,12,0,block_major_block_first,block_major,block_first,0.371713,2.16085560331,0,0,true
mha,8,8,64,4,2048,64,29,12,1,head_major_head_first,head_major,head_first,0.373375,2.16085560331,0,0,true
mha,8,8,64,4,2048,64,29,12,2,block_major_head_first,block_major,head_first,0.612937,2.16085560331,0,0,true
mha,8,8,64,4,2048,64,29,12,3,head_major_block_first,head_major,block_first,0.478214,2.16085560331,0,0,true
mha,8,8,64,4,2048,64,29,13,0,head_major_block_first,head_major,block_first,0.467418,2.16085560331,0,0,true
mha,8,8,64,4,2048,64,29,13,1,block_major_head_first,block_major,head_first,0.616112,2.16085560331,0,0,true
mha,8,8,64,4,2048,64,29,13,2,block_major_block_first,block_major,block_first,0.367416,2.16085560331,0,0,true
mha,8,8,64,4,2048,64,29,13,3,head_major_head_first,head_major,head_first,0.373815,2.16085560331,0,0,true
mha,8,8,64,4,2048,64,29,14,0,head_major_head_first,head_major,head_first,0.366465,2.16085560331,0,0,true
mha,8,8,64,4,2048,64,29,14,1,head_major_block_first,head_major,block_first,0.459736,2.16085560331,0,0,true
mha,8,8,64,4,2048,64,29,14,2,block_major_block_first,block_major,block_first,0.370621,2.16085560331,0,0,true
mha,8,8,64,4,2048,64,29,14,3,block_major_head_first,block_major,head_first,0.618877,2.16085560331,0,0,true
mha,8,8,64,4,2048,64,29,15,0,block_major_head_first,block_major,head_first,0.569412,2.16085560331,0,0,true
mha,8,8,64,4,2048,64,29,15,1,block_major_block_first,block_major,block_first,0.363381,2.16085560331,0,0,true
mha,8,8,64,4,2048,64,29,15,2,head_major_head_first,head_major,head_first,0.377321,2.16085560331,0,0,true
mha,8,8,64,4,2048,64,29,15,3,head_major_block_first,head_major,block_first,0.483142,2.16085560331,0,0,true
mha,8,8,64,4,2048,64,29,16,0,head_major_block_first,head_major,block_first,0.464243,2.16085560331,0,0,true
mha,8,8,64,4,2048,64,29,16,1,head_major_head_first,head_major,head_first,0.366194,2.16085560331,0,0,true
mha,8,8,64,4,2048,64,29,16,2,block_major_head_first,block_major,head_first,0.626318,2.16085560331,0,0,true
mha,8,8,64,4,2048,64,29,16,3,block_major_block_first,block_major,block_first,0.386384,2.16085560331,0,0,true
mha,8,8,64,4,2048,64,29,17,0,head_major_block_first,head_major,block_first,0.485665,2.16085560331,0,0,true
mha,8,8,64,4,2048,64,29,17,1,block_major_head_first,block_major,head_first,0.604335,2.16085560331,0,0,true
mha,8,8,64,4,2048,64,29,17,2,block_major_block_first,block_major,block_first,0.367567,2.16085560331,0,0,true
mha,8,8,64,4,2048,64,29,17,3,head_major_head_first,head_major,head_first,0.373185,2.16085560331,0,0,true
mha,8,8,64,4,2048,64,29,18,0,head_major_block_first,head_major,block_first,0.461849,2.16085560331,0,0,true
mha,8,8,64,4,2048,64,29,18,1,block_major_block_first,block_major,block_first,0.370281,2.16085560331,0,0,true
mha,8,8,64,4,2048,64,29,18,2,block_major_head_first,block_major,head_first,0.583353,2.16085560331,0,0,true
mha,8,8,64,4,2048,64,29,18,3,head_major_head_first,head_major,head_first,0.375007,2.16085560331,0,0,true
mha,8,8,64,4,2048,64,29,19,0,block_major_head_first,block_major,head_first,0.607199,2.16085560331,0,0,true
mha,8,8,64,4,2048,64,29,19,1,head_major_block_first,head_major,block_first,0.492065,2.16085560331,0,0,true
mha,8,8,64,4,2048,64,29,19,2,head_major_head_first,head_major,head_first,0.367566,2.16085560331,0,0,true
mha,8,8,64,4,2048,64,29,19,3,block_major_block_first,block_major,block_first,0.371863,2.16085560331,0,0,true
mha,8,8,64,4,2048,64,47,0,0,block_major_head_first,block_major,head_first,0.601691,0.434263972781,0,0,true
mha,8,8,64,4,2048,64,47,0,1,head_major_block_first,head_major,block_first,0.498144,0.434263972781,0,0,true
mha,8,8,64,4,2048,64,47,0,2,block_major_block_first,block_major,block_first,0.369549,0.434263972781,0,0,true
mha,8,8,64,4,2048,64,47,0,3,head_major_head_first,head_major,head_first,0.372033,0.434263972781,0,0,true
mha,8,8,64,4,2048,64,47,1,0,head_major_block_first,head_major,block_first,0.457773,0.434263972781,0,0,true
mha,8,8,64,4,2048,64,47,1,1,head_major_head_first,head_major,head_first,0.364281,0.434263972781,0,0,true
mha,8,8,64,4,2048,64,47,1,2,block_major_head_first,block_major,head_first,0.638066,0.434263972781,0,0,true
mha,8,8,64,4,2048,64,47,1,3,block_major_block_first,block_major,block_first,0.371052,0.434263972781,0,0,true
mha,8,8,64,4,2048,64,47,2,0,head_major_block_first,head_major,block_first,0.445224,0.434263972781,0,0,true
mha,8,8,64,4,2048,64,47,2,1,block_major_block_first,block_major,block_first,0.385153,0.434263972781,0,0,true
mha,8,8,64,4,2048,64,47,2,2,head_major_head_first,head_major,head_first,0.36988,0.434263972781,0,0,true
mha,8,8,64,4,2048,64,47,2,3,block_major_head_first,block_major,head_first,0.572226,0.434263972781,0,0,true
mha,8,8,64,4,2048,64,47,3,0,block_major_block_first,block_major,block_first,0.367987,0.434263972781,0,0,true
mha,8,8,64,4,2048,64,47,3,1,head_major_head_first,head_major,head_first,0.371723,0.434263972781,0,0,true
mha,8,8,64,4,2048,64,47,3,2,block_major_head_first,block_major,head_first,0.55458,0.434263972781,0,0,true
mha,8,8,64,4,2048,64,47,3,3,head_major_block_first,head_major,block_first,0.466035,0.434263972781,0,0,true
mha,8,8,64,4,2048,64,47,4,0,block_major_head_first,block_major,head_first,0.560559,0.434263972781,0,0,true
mha,8,8,64,4,2048,64,47,4,1,head_major_head_first,head_major,head_first,0.371773,0.434263972781,0,0,true
mha,8,8,64,4,2048,64,47,4,2,head_major_block_first,head_major,block_first,0.473707,0.434263972781,0,0,true
mha,8,8,64,4,2048,64,47,4,3,block_major_block_first,block_major,block_first,0.372213,0.434263972781,0,0,true
mha,8,8,64,4,2048,64,47,5,0,block_major_head_first,block_major,head_first,0.556042,0.434263972781,0,0,true
mha,8,8,64,4,2048,64,47,5,1,block_major_block_first,block_major,block_first,0.367747,0.434263972781,0,0,true
mha,8,8,64,4,2048,64,47,5,2,head_major_block_first,head_major,block_first,0.478694,0.434263972781,0,0,true
mha,8,8,64,4,2048,64,47,5,3,head_major_head_first,head_major,head_first,0.37025,0.434263972781,0,0,true
mha,8,8,64,4,2048,64,47,6,0,head_major_head_first,head_major,head_first,0.368068,0.434263972781,0,0,true
mha,8,8,64,4,2048,64,47,6,1,block_major_block_first,block_major,block_first,0.370992,0.434263972781,0,0,true
mha,8,8,64,4,2048,64,47,6,2,block_major_head_first,block_major,head_first,0.556162,0.434263972781,0,0,true
mha,8,8,64,4,2048,64,47,6,3,head_major_block_first,head_major,block_first,0.478134,0.434263972781,0,0,true
mha,8,8,64,4,2048,64,47,7,0,block_major_block_first,block_major,block_first,0.369139,0.434263972781,0,0,true
mha,8,8,64,4,2048,64,47,7,1,head_major_head_first,head_major,head_first,0.372143,0.434263972781,0,0,true
mha,8,8,64,4,2048,64,47,7,2,block_major_head_first,block_major,head_first,0.564124,0.434263972781,0,0,true
mha,8,8,64,4,2048,64,47,7,3,head_major_block_first,head_major,block_first,0.463422,0.434263972781,0,0,true
mha,8,8,64,4,2048,64,47,8,0,head_major_block_first,head_major,block_first,0.458424,0.434263972781,0,0,true
mha,8,8,64,4,2048,64,47,8,1,block_major_block_first,block_major,block_first,0.372403,0.434263972781,0,0,true
mha,8,8,64,4,2048,64,47,8,2,head_major_head_first,head_major,head_first,0.368658,0.434263972781,0,0,true
mha,8,8,64,4,2048,64,47,8,3,block_major_head_first,block_major,head_first,0.547129,0.434263972781,0,0,true
mha,8,8,64,4,2048,64,47,9,0,block_major_head_first,block_major,head_first,0.537133,0.434263972781,0,0,true
mha,8,8,64,4,2048,64,47,9,1,head_major_head_first,head_major,head_first,0.370941,0.434263972781,0,0,true
mha,8,8,64,4,2048,64,47,9,2,block_major_block_first,block_major,block_first,0.367506,0.434263972781,0,0,true
mha,8,8,64,4,2048,64,47,9,3,head_major_block_first,head_major,block_first,0.476542,0.434263972781,0,0,true
mha,8,8,64,4,2048,64,47,10,0,head_major_block_first,head_major,block_first,0.454227,0.434263972781,0,0,true
mha,8,8,64,4,2048,64,47,10,1,block_major_head_first,block_major,head_first,0.551455,0.434263972781,0,0,true
mha,8,8,64,4,2048,64,47,10,2,head_major_head_first,head_major,head_first,0.366995,0.434263972781,0,0,true
mha,8,8,64,4,2048,64,47,10,3,block_major_block_first,block_major,block_first,0.371642,0.434263972781,0,0,true
mha,8,8,64,4,2048,64,47,11,0,head_major_block_first,head_major,block_first,0.459906,0.434263972781,0,0,true
mha,8,8,64,4,2048,64,47,11,1,block_major_block_first,block_major,block_first,0.386856,0.434263972781,0,0,true
mha,8,8,64,4,2048,64,47,11,2,head_major_head_first,head_major,head_first,0.3695,0.434263972781,0,0,true
mha,8,8,64,4,2048,64,47,11,3,block_major_head_first,block_major,head_first,0.544054,0.434263972781,0,0,true
mha,8,8,64,4,2048,64,47,12,0,head_major_block_first,head_major,block_first,0.459014,0.434263972781,0,0,true
mha,8,8,64,4,2048,64,47,12,1,block_major_head_first,block_major,head_first,0.541539,0.434263972781,0,0,true
mha,8,8,64,4,2048,64,47,12,2,head_major_head_first,head_major,head_first,0.366705,0.434263972781,0,0,true
mha,8,8,64,4,2048,64,47,12,3,block_major_block_first,block_major,block_first,0.371673,0.434263972781,0,0,true
mha,8,8,64,4,2048,64,47,13,0,block_major_head_first,block_major,head_first,0.517614,0.434263972781,0,0,true
mha,8,8,64,4,2048,64,47,13,1,head_major_head_first,head_major,head_first,0.371001,0.434263972781,0,0,true
mha,8,8,64,4,2048,64,47,13,2,head_major_block_first,head_major,block_first,0.486957,0.434263972781,0,0,true
mha,8,8,64,4,2048,64,47,13,3,block_major_block_first,block_major,block_first,0.372414,0.434263972781,0,0,true
mha,8,8,64,4,2048,64,47,14,0,block_major_block_first,block_major,block_first,0.370932,0.434263972781,0,0,true
mha,8,8,64,4,2048,64,47,14,1,head_major_block_first,head_major,block_first,0.476842,0.434263972781,0,0,true
mha,8,8,64,4,2048,64,47,14,2,head_major_head_first,head_major,head_first,0.365133,0.434263972781,0,0,true
mha,8,8,64,4,2048,64,47,14,3,block_major_head_first,block_major,head_first,0.549101,0.434263972781,0,0,true
mha,8,8,64,4,2048,64,47,15,0,block_major_head_first,block_major,head_first,0.516973,0.434263972781,0,0,true
mha,8,8,64,4,2048,64,47,15,1,head_major_head_first,head_major,head_first,0.368828,0.434263972781,0,0,true
mha,8,8,64,4,2048,64,47,15,2,block_major_block_first,block_major,block_first,0.367607,0.434263972781,0,0,true
mha,8,8,64,4,2048,64,47,15,3,head_major_block_first,head_major,block_first,0.49545,0.434263972781,0,0,true
mha,8,8,64,4,2048,64,47,16,0,head_major_head_first,head_major,head_first,0.366335,0.434263972781,0,0,true
mha,8,8,64,4,2048,64,47,16,1,block_major_block_first,block_major,block_first,0.372443,0.434263972781,0,0,true
mha,8,8,64,4,2048,64,47,16,2,block_major_head_first,block_major,head_first,0.536482,0.434263972781,0,0,true
mha,8,8,64,4,2048,64,47,16,3,head_major_block_first,head_major,block_first,0.48841,0.434263972781,0,0,true
mha,8,8,64,4,2048,64,47,17,0,head_major_head_first,head_major,head_first,0.365714,0.434263972781,0,0,true
mha,8,8,64,4,2048,64,47,17,1,head_major_block_first,head_major,block_first,0.446045,0.434263972781,0,0,true
mha,8,8,64,4,2048,64,47,17,2,block_major_head_first,block_major,head_first,0.555711,0.434263972781,0,0,true
mha,8,8,64,4,2048,64,47,17,3,block_major_block_first,block_major,block_first,0.372584,0.434263972781,0,0,true
mha,8,8,64,4,2048,64,47,18,0,block_major_head_first,block_major,head_first,0.523382,0.434263972781,0,0,true
mha,8,8,64,4,2048,64,47,18,1,block_major_block_first,block_major,block_first,0.364843,0.434263972781,0,0,true
mha,8,8,64,4,2048,64,47,18,2,head_major_head_first,head_major,head_first,0.372604,0.434263972781,0,0,true
mha,8,8,64,4,2048,64,47,18,3,head_major_block_first,head_major,block_first,0.463692,0.434263972781,0,0,true
mha,8,8,64,4,2048,64,47,19,0,block_major_block_first,block_major,block_first,0.366876,0.434263972781,0,0,true
mha,8,8,64,4,2048,64,47,19,1,head_major_head_first,head_major,head_first,0.36958,0.434263972781,0,0,true
mha,8,8,64,4,2048,64,47,19,2,block_major_head_first,block_major,head_first,0.532656,0.434263972781,0,0,true
mha,8,8,64,4,2048,64,47,19,3,head_major_block_first,head_major,block_first,0.479766,0.434263972781,0,0,true
mha,8,8,64,4,8192,64,11,0,0,head_major_head_first,head_major,head_first,1.879485,-1.12044470532,0,0,true
mha,8,8,64,4,8192,64,11,0,1,block_major_head_first,block_major,head_first,3.047633,-1.12044470532,0,0,true
mha,8,8,64,4,8192,64,11,0,2,head_major_block_first,head_major,block_first,2.597151,-1.12044470532,0,0,true
mha,8,8,64,4,8192,64,11,0,3,block_major_block_first,block_major,block_first,1.61189,-1.12044470532,0,0,true
mha,8,8,64,4,8192,64,11,1,0,head_major_head_first,head_major,head_first,1.839104,-1.12044470532,0,0,true
mha,8,8,64,4,8192,64,11,1,1,block_major_block_first,block_major,block_first,1.612371,-1.12044470532,0,0,true
mha,8,8,64,4,8192,64,11,1,2,head_major_block_first,head_major,block_first,2.535388,-1.12044470532,0,0,true
mha,8,8,64,4,8192,64,11,1,3,block_major_head_first,block_major,head_first,3.115034,-1.12044470532,0,0,true
mha,8,8,64,4,8192,64,11,2,0,block_major_block_first,block_major,block_first,1.571299,-1.12044470532,0,0,true
mha,8,8,64,4,8192,64,11,2,1,block_major_head_first,block_major,head_first,3.016146,-1.12044470532,0,0,true
mha,8,8,64,4,8192,64,11,2,2,head_major_block_first,head_major,block_first,2.579995,-1.12044470532,0,0,true
mha,8,8,64,4,8192,64,11,2,3,head_major_head_first,head_major,head_first,1.775638,-1.12044470532,0,0,true
mha,8,8,64,4,8192,64,11,3,0,block_major_head_first,block_major,head_first,3.161646,-1.12044470532,0,0,true
mha,8,8,64,4,8192,64,11,3,1,head_major_head_first,head_major,head_first,1.851523,-1.12044470532,0,0,true
mha,8,8,64,4,8192,64,11,3,2,head_major_block_first,head_major,block_first,2.540986,-1.12044470532,0,0,true
mha,8,8,64,4,8192,64,11,3,3,block_major_block_first,block_major,block_first,1.660654,-1.12044470532,0,0,true
mha,8,8,64,4,8192,64,11,4,0,head_major_head_first,head_major,head_first,1.726474,-1.12044470532,0,0,true
mha,8,8,64,4,8192,64,11,4,1,block_major_head_first,block_major,head_first,3.1712,-1.12044470532,0,0,true
mha,8,8,64,4,8192,64,11,4,2,head_major_block_first,head_major,block_first,2.57016,-1.12044470532,0,0,true
mha,8,8,64,4,8192,64,11,4,3,block_major_block_first,block_major,block_first,1.626983,-1.12044470532,0,0,true
mha,8,8,64,4,8192,64,11,5,0,block_major_head_first,block_major,head_first,3.030307,-1.12044470532,0,0,true
mha,8,8,64,4,8192,64,11,5,1,head_major_block_first,head_major,block_first,2.625173,-1.12044470532,0,0,true
mha,8,8,64,4,8192,64,11,5,2,head_major_head_first,head_major,head_first,1.773986,-1.12044470532,0,0,true
mha,8,8,64,4,8192,64,11,5,3,block_major_block_first,block_major,block_first,1.660834,-1.12044470532,0,0,true
mha,8,8,64,4,8192,64,11,6,0,head_major_block_first,head_major,block_first,2.473564,-1.12044470532,0,0,true
mha,8,8,64,4,8192,64,11,6,1,head_major_head_first,head_major,head_first,1.692612,-1.12044470532,0,0,true
mha,8,8,64,4,8192,64,11,6,2,block_major_head_first,block_major,head_first,3.242037,-1.12044470532,0,0,true
mha,8,8,64,4,8192,64,11,6,3,block_major_block_first,block_major,block_first,1.572521,-1.12044470532,0,0,true
mha,8,8,64,4,8192,64,11,7,0,block_major_block_first,block_major,block_first,1.592371,-1.12044470532,0,0,true
mha,8,8,64,4,8192,64,11,7,1,head_major_head_first,head_major,head_first,1.874728,-1.12044470532,0,0,true
mha,8,8,64,4,8192,64,11,7,2,head_major_block_first,head_major,block_first,2.540796,-1.12044470532,0,0,true
mha,8,8,64,4,8192,64,11,7,3,block_major_head_first,block_major,head_first,3.141485,-1.12044470532,0,0,true
mha,8,8,64,4,8192,64,11,8,0,head_major_head_first,head_major,head_first,1.872875,-1.12044470532,0,0,true
mha,8,8,64,4,8192,64,11,8,1,head_major_block_first,head_major,block_first,2.499724,-1.12044470532,0,0,true
mha,8,8,64,4,8192,64,11,8,2,block_major_block_first,block_major,block_first,1.65138,-1.12044470532,0,0,true
mha,8,8,64,4,8192,64,11,8,3,block_major_head_first,block_major,head_first,3.116216,-1.12044470532,0,0,true
mha,8,8,64,4,8192,64,11,9,0,head_major_block_first,head_major,block_first,2.613345,-1.12044470532,0,0,true
mha,8,8,64,4,8192,64,11,9,1,head_major_head_first,head_major,head_first,1.780776,-1.12044470532,0,0,true
mha,8,8,64,4,8192,64,11,9,2,block_major_block_first,block_major,block_first,1.653493,-1.12044470532,0,0,true
mha,8,8,64,4,8192,64,11,9,3,block_major_head_first,block_major,head_first,3.080804,-1.12044470532,0,0,true
mha,8,8,64,4,8192,64,11,10,0,block_major_head_first,block_major,head_first,3.064549,-1.12044470532,0,0,true
mha,8,8,64,4,8192,64,11,10,1,block_major_block_first,block_major,block_first,1.569576,-1.12044470532,0,0,true
mha,8,8,64,4,8192,64,11,10,2,head_major_head_first,head_major,head_first,1.90225,-1.12044470532,0,0,true
mha,8,8,64,4,8192,64,11,10,3,head_major_block_first,head_major,block_first,2.512383,-1.12044470532,0,0,true
mha,8,8,64,4,8192,64,11,11,0,head_major_block_first,head_major,block_first,2.469267,-1.12044470532,0,0,true
mha,8,8,64,4,8192,64,11,11,1,block_major_block_first,block_major,block_first,1.669317,-1.12044470532,0,0,true
mha,8,8,64,4,8192,64,11,11,2,block_major_head_first,block_major,head_first,3.109797,-1.12044470532,0,0,true
mha,8,8,64,4,8192,64,11,11,3,head_major_head_first,head_major,head_first,1.884542,-1.12044470532,0,0,true
mha,8,8,64,4,8192,64,11,12,0,block_major_block_first,block_major,block_first,1.607253,-1.12044470532,0,0,true
mha,8,8,64,4,8192,64,11,12,1,block_major_head_first,block_major,head_first,3.055495,-1.12044470532,0,0,true
mha,8,8,64,4,8192,64,11,12,2,head_major_block_first,head_major,block_first,2.597662,-1.12044470532,0,0,true
mha,8,8,64,4,8192,64,11,12,3,head_major_head_first,head_major,head_first,1.791902,-1.12044470532,0,0,true
mha,8,8,64,4,8192,64,11,13,0,block_major_block_first,block_major,block_first,1.65205,-1.12044470532,0,0,true
mha,8,8,64,4,8192,64,11,13,1,head_major_block_first,head_major,block_first,2.463368,-1.12044470532,0,0,true
mha,8,8,64,4,8192,64,11,13,2,head_major_head_first,head_major,head_first,1.676858,-1.12044470532,0,0,true
mha,8,8,64,4,8192,64,11,13,3,block_major_head_first,block_major,head_first,3.195787,-1.12044470532,0,0,true
mha,8,8,64,4,8192,64,11,14,0,head_major_head_first,head_major,head_first,1.863871,-1.12044470532,0,0,true
mha,8,8,64,4,8192,64,11,14,1,block_major_block_first,block_major,block_first,1.608835,-1.12044470532,0,0,true
mha,8,8,64,4,8192,64,11,14,2,block_major_head_first,block_major,head_first,3.045099,-1.12044470532,0,0,true
mha,8,8,64,4,8192,64,11,14,3,head_major_block_first,head_major,block_first,2.592784,-1.12044470532,0,0,true
mha,8,8,64,4,8192,64,11,15,0,head_major_head_first,head_major,head_first,1.784521,-1.12044470532,0,0,true
mha,8,8,64,4,8192,64,11,15,1,block_major_head_first,block_major,head_first,3.151571,-1.12044470532,0,0,true
mha,8,8,64,4,8192,64,11,15,2,head_major_block_first,head_major,block_first,2.554256,-1.12044470532,0,0,true
mha,8,8,64,4,8192,64,11,15,3,block_major_block_first,block_major,block_first,1.631099,-1.12044470532,0,0,true
mha,8,8,64,4,8192,64,11,16,0,head_major_head_first,head_major,head_first,1.809649,-1.12044470532,0,0,true
mha,8,8,64,4,8192,64,11,16,1,block_major_head_first,block_major,head_first,3.093372,-1.12044470532,0,0,true
mha,8,8,64,4,8192,64,11,16,2,block_major_block_first,block_major,block_first,1.57238,-1.12044470532,0,0,true
mha,8,8,64,4,8192,64,11,16,3,head_major_block_first,head_major,block_first,2.613616,-1.12044470532,0,0,true
mha,8,8,64,4,8192,64,11,17,0,block_major_block_first,block_major,block_first,1.600423,-1.12044470532,0,0,true
mha,8,8,64,4,8192,64,11,17,1,block_major_head_first,block_major,head_first,3.008944,-1.12044470532,0,0,true
mha,8,8,64,4,8192,64,11,17,2,head_major_block_first,head_major,block_first,2.632675,-1.12044470532,0,0,true
mha,8,8,64,4,8192,64,11,17,3,head_major_head_first,head_major,head_first,1.774216,-1.12044470532,0,0,true
mha,8,8,64,4,8192,64,11,18,0,block_major_block_first,block_major,block_first,1.664689,-1.12044470532,0,0,true
mha,8,8,64,4,8192,64,11,18,1,block_major_head_first,block_major,head_first,3.054803,-1.12044470532,0,0,true
mha,8,8,64,4,8192,64,11,18,2,head_major_head_first,head_major,head_first,1.892445,-1.12044470532,0,0,true
mha,8,8,64,4,8192,64,11,18,3,head_major_block_first,head_major,block_first,2.514706,-1.12044470532,0,0,true
mha,8,8,64,4,8192,64,11,19,0,block_major_head_first,block_major,head_first,3.186413,-1.12044470532,0,0,true
mha,8,8,64,4,8192,64,11,19,1,block_major_block_first,block_major,block_first,1.585911,-1.12044470532,0,0,true
mha,8,8,64,4,8192,64,11,19,2,head_major_head_first,head_major,head_first,1.861218,-1.12044470532,0,0,true
mha,8,8,64,4,8192,64,11,19,3,head_major_block_first,head_major,block_first,2.584833,-1.12044470532,0,0,true
mha,8,8,64,4,8192,64,29,0,0,head_major_block_first,head_major,block_first,2.593355,-0.753266120755,0,0,true
mha,8,8,64,4,8192,64,29,0,1,block_major_head_first,block_major,head_first,3.249418,-0.753266120755,0,0,true
mha,8,8,64,4,8192,64,29,0,2,block_major_block_first,block_major,block_first,1.597398,-0.753266120755,0,0,true
mha,8,8,64,4,8192,64,29,0,3,head_major_head_first,head_major,head_first,1.858132,-0.753266120755,0,0,true
mha,8,8,64,4,8192,64,29,1,0,head_major_head_first,head_major,head_first,1.810431,-0.753266120755,0,0,true
mha,8,8,64,4,8192,64,29,1,1,block_major_head_first,block_major,head_first,3.108906,-0.753266120755,0,0,true
mha,8,8,64,4,8192,64,29,1,2,head_major_block_first,head_major,block_first,2.611683,-0.753266120755,0,0,true
mha,8,8,64,4,8192,64,29,1,3,block_major_block_first,block_major,block_first,1.632891,-0.753266120755,0,0,true
mha,8,8,64,4,8192,64,29,2,0,head_major_head_first,head_major,head_first,1.812964,-0.753266120755,0,0,true
mha,8,8,64,4,8192,64,29,2,1,block_major_block_first,block_major,block_first,1.609045,-0.753266120755,0,0,true
mha,8,8,64,4,8192,64,29,2,2,head_major_block_first,head_major,block_first,2.528838,-0.753266120755,0,0,true
mha,8,8,64,4,8192,64,29,2,3,block_major_head_first,block_major,head_first,3.103067,-0.753266120755,0,0,true
mha,8,8,64,4,8192,64,29,3,0,head_major_block_first,head_major,block_first,2.586515,-0.753266120755,0,0,true
mha,8,8,64,4,8192,64,29,3,1,block_major_head_first,block_major,head_first,3.083367,-0.753266120755,0,0,true
mha,8,8,64,4,8192,64,29,3,2,head_major_head_first,head_major,head_first,1.884282,-0.753266120755,0,0,true
mha,8,8,64,4,8192,64,29,3,3,block_major_block_first,block_major,block_first,1.604159,-0.753266120755,0,0,true
mha,8,8,64,4,8192,64,29,4,0,block_major_head_first,block_major,head_first,3.030067,-0.753266120755,0,0,true
mha,8,8,64,4,8192,64,29,4,1,block_major_block_first,block_major,block_first,1.566321,-0.753266120755,0,0,true
mha,8,8,64,4,8192,64,29,4,2,head_major_block_first,head_major,block_first,2.613476,-0.753266120755,0,0,true
mha,8,8,64,4,8192,64,29,4,3,head_major_head_first,head_major,head_first,1.793395,-0.753266120755,0,0,true
mha,8,8,64,4,8192,64,29,5,0,head_major_block_first,head_major,block_first,2.466052,-0.753266120755,0,0,true
mha,8,8,64,4,8192,64,29,5,1,head_major_head_first,head_major,head_first,1.623498,-0.753266120755,0,0,true
mha,8,8,64,4,8192,64,29,5,2,block_major_block_first,block_major,block_first,1.742287,-0.753266120755,0,0,true
mha,8,8,64,4,8192,64,29,5,3,block_major_head_first,block_major,head_first,3.165912,-0.753266120755,0,0,true
mha,8,8,64,4,8192,64,29,6,0,block_major_block_first,block_major,block_first,1.569856,-0.753266120755,0,0,true
mha,8,8,64,4,8192,64,29,6,1,head_major_head_first,head_major,head_first,1.87592,-0.753266120755,0,0,true
mha,8,8,64,4,8192,64,29,6,2,head_major_block_first,head_major,block_first,2.58962,-0.753266120755,0,0,true
mha,8,8,64,4,8192,64,29,6,3,block_major_head_first,block_major,head_first,3.13135,-0.753266120755,0,0,true
mha,8,8,64,4,8192,64,29,7,0,block_major_block_first,block_major,block_first,1.576085,-0.753266120755,0,0,true
mha,8,8,64,4,8192,64,29,7,1,head_major_head_first,head_major,head_first,1.888359,-0.753266120755,0,0,true
mha,8,8,64,4,8192,64,29,7,2,block_major_head_first,block_major,head_first,3.022685,-0.753266120755,0,0,true
mha,8,8,64,4,8192,64,29,7,3,head_major_block_first,head_major,block_first,2.592384,-0.753266120755,0,0,true
mha,8,8,64,4,8192,64,29,8,0,block_major_block_first,block_major,block_first,1.616937,-0.753266120755,0,0,true
mha,8,8,64,4,8192,64,29,8,1,head_major_block_first,head_major,block_first,2.507446,-0.753266120755,0,0,true
mha,8,8,64,4,8192,64,29,8,2,block_major_head_first,block_major,head_first,3.082386,-0.753266120755,0,0,true
mha,8,8,64,4,8192,64,29,8,3,head_major_head_first,head_major,head_first,1.865243,-0.753266120755,0,0,true
mha,8,8,64,4,8192,64,29,9,0,head_major_head_first,head_major,head_first,1.784692,-0.753266120755,0,0,true
mha,8,8,64,4,8192,64,29,9,1,block_major_block_first,block_major,block_first,1.650248,-0.753266120755,0,0,true
mha,8,8,64,4,8192,64,29,9,2,head_major_block_first,head_major,block_first,2.516409,-0.753266120755,0,0,true
mha,8,8,64,4,8192,64,29,9,3,block_major_head_first,block_major,head_first,3.160453,-0.753266120755,0,0,true
mha,8,8,64,4,8192,64,29,10,0,head_major_head_first,head_major,head_first,1.857732,-0.753266120755,0,0,true
mha,8,8,64,4,8192,64,29,10,1,head_major_block_first,head_major,block_first,2.528236,-0.753266120755,0,0,true
mha,8,8,64,4,8192,64,29,10,2,block_major_block_first,block_major,block_first,1.660373,-0.753266120755,0,0,true
mha,8,8,64,4,8192,64,29,10,3,block_major_head_first,block_major,head_first,3.083747,-0.753266120755,0,0,true
mha,8,8,64,4,8192,64,29,11,0,head_major_block_first,head_major,block_first,2.59636,-0.753266120755,0,0,true
mha,8,8,64,4,8192,64,29,11,1,block_major_block_first,block_major,block_first,1.605601,-0.753266120755,0,0,true
mha,8,8,64,4,8192,64,29,11,2,head_major_head_first,head_major,head_first,1.833716,-0.753266120755,0,0,true
mha,8,8,64,4,8192,64,29,11,3,block_major_head_first,block_major,head_first,3.051418,-0.753266120755,0,0,true
mha,8,8,64,4,8192,64,29,12,0,block_major_head_first,block_major,head_first,2.994683,-0.753266120755,0,0,true
mha,8,8,64,4,8192,64,29,12,1,head_major_block_first,head_major,block_first,2.64266,-0.753266120755,0,0,true
mha,8,8,64,4,8192,64,29,12,2,block_major_block_first,block_major,block_first,1.59905,-0.753266120755,0,0,true
mha,8,8,64,4,8192,64,29,12,3,head_major_head_first,head_major,head_first,1.916221,-0.753266120755,0,0,true
mha,8,8,64,4,8192,64,29,13,0,head_major_block_first,head_major,block_first,2.519264,-0.753266120755,0,0,true
mha,8,8,64,4,8192,64,29,13,1,block_major_block_first,block_major,block_first,1.650518,-0.753266120755,0,0,true
mha,8,8,64,4,8192,64,29,13,2,block_major_head_first,block_major,head_first,3.017628,-0.753266120755,0,0,true
mha,8,8,64,4,8192,64,29,13,3,head_major_head_first,head_major,head_first,1.888248,-0.753266120755,0,0,true
mha,8,8,64,4,8192,64,29,14,0,head_major_head_first,head_major,head_first,1.774516,-0.753266120755,0,0,true
mha,8,8,64,4,8192,64,29,14,1,head_major_block_first,head_major,block_first,2.443027,-0.753266120755,0,0,true
mha,8,8,64,4,8192,64,29,14,2,block_major_block_first,block_major,block_first,1.699071,-0.753266120755,0,0,true
mha,8,8,64,4,8192,64,29,14,3,block_major_head_first,block_major,head_first,3.126312,-0.753266120755,0,0,true
mha,8,8,64,4,8192,64,29,15,0,head_major_block_first,head_major,block_first,2.612725,-0.753266120755,0,0,true
mha,8,8,64,4,8192,64,29,15,1,block_major_head_first,block_major,head_first,3.075535,-0.753266120755,0,0,true
mha,8,8,64,4,8192,64,29,15,2,block_major_block_first,block_major,block_first,1.570487,-0.753266120755,0,0,true
mha,8,8,64,4,8192,64,29,15,3,head_major_head_first,head_major,head_first,1.876771,-0.753266120755,0,0,true
mha,8,8,64,4,8192,64,29,16,0,head_major_block_first,head_major,block_first,2.538292,-0.753266120755,0,0,true
mha,8,8,64,4,8192,64,29,16,1,block_major_head_first,block_major,head_first,3.143238,-0.753266120755,0,0,true
mha,8,8,64,4,8192,64,29,16,2,block_major_block_first,block_major,block_first,1.567192,-0.753266120755,0,0,true
mha,8,8,64,4,8192,64,29,16,3,head_major_head_first,head_major,head_first,1.888358,-0.753266120755,0,0,true
mha,8,8,64,4,8192,64,29,17,0,head_major_block_first,head_major,block_first,2.511041,-0.753266120755,0,0,true
mha,8,8,64,4,8192,64,29,17,1,block_major_block_first,block_major,block_first,1.637118,-0.753266120755,0,0,true
mha,8,8,64,4,8192,64,29,17,2,block_major_head_first,block_major,head_first,3.053942,-0.753266120755,0,0,true
mha,8,8,64,4,8192,64,29,17,3,head_major_head_first,head_major,head_first,1.871733,-0.753266120755,0,0,true
mha,8,8,64,4,8192,64,29,18,0,head_major_head_first,head_major,head_first,1.774476,-0.753266120755,0,0,true
mha,8,8,64,4,8192,64,29,18,1,block_major_block_first,block_major,block_first,1.670619,-0.753266120755,0,0,true
mha,8,8,64,4,8192,64,29,18,2,block_major_head_first,block_major,head_first,3.071199,-0.753266120755,0,0,true
mha,8,8,64,4,8192,64,29,18,3,head_major_block_first,head_major,block_first,2.585584,-0.753266120755,0,0,true
mha,8,8,64,4,8192,64,29,19,0,block_major_head_first,block_major,head_first,3.081364,-0.753266120755,0,0,true
mha,8,8,64,4,8192,64,29,19,1,head_major_head_first,head_major,head_first,1.886616,-0.753266120755,0,0,true
mha,8,8,64,4,8192,64,29,19,2,head_major_block_first,head_major,block_first,2.461115,-0.753266120755,0,0,true
mha,8,8,64,4,8192,64,29,19,3,block_major_block_first,block_major,block_first,1.671491,-0.753266120755,0,0,true
mha,8,8,64,4,8192,64,47,0,0,head_major_head_first,head_major,head_first,1.853045,-0.661425948585,0,0,true
mha,8,8,64,4,8192,64,47,0,1,head_major_block_first,head_major,block_first,2.53735,-0.661425948585,0,0,true
mha,8,8,64,4,8192,64,47,0,2,block_major_block_first,block_major,block_first,1.63179,-0.661425948585,0,0,true
mha,8,8,64,4,8192,64,47,0,3,block_major_head_first,block_major,head_first,3.061074,-0.661425948585,0,0,true
mha,8,8,64,4,8192,64,47,1,0,block_major_block_first,block_major,block_first,1.58549,-0.661425948585,0,0,true
mha,8,8,64,4,8192,64,47,1,1,block_major_head_first,block_major,head_first,2.983256,-0.661425948585,0,0,true
mha,8,8,64,4,8192,64,47,1,2,head_major_head_first,head_major,head_first,1.997163,-0.661425948585,0,0,true
mha,8,8,64,4,8192,64,47,1,3,head_major_block_first,head_major,block_first,2.527115,-0.661425948585,0,0,true
mha,8,8,64,4,8192,64,47,2,0,block_major_head_first,block_major,head_first,3.165802,-0.661425948585,0,0,true
mha,8,8,64,4,8192,64,47,2,1,block_major_block_first,block_major,block_first,1.591279,-0.661425948585,0,0,true
mha,8,8,64,4,8192,64,47,2,2,head_major_block_first,head_major,block_first,2.581949,-0.661425948585,0,0,true
mha,8,8,64,4,8192,64,47,2,3,head_major_head_first,head_major,head_first,1.85015,-0.661425948585,0,0,true
mha,8,8,64,4,8192,64,47,3,0,block_major_block_first,block_major,block_first,1.628786,-0.661425948585,0,0,true
mha,8,8,64,4,8192,64,47,3,1,head_major_block_first,head_major,block_first,2.548297,-0.661425948585,0,0,true
mha,8,8,64,4,8192,64,47,3,2,head_major_head_first,head_major,head_first,1.694845,-0.661425948585,0,0,true
mha,8,8,64,4,8192,64,47,3,3,block_major_head_first,block_major,head_first,3.187495,-0.661425948585,0,0,true
mha,8,8,64,4,8192,64,47,4,0,block_major_head_first,block_major,head_first,3.008745,-0.661425948585,0,0,true
mha,8,8,64,4,8192,64,47,4,1,block_major_block_first,block_major,block_first,1.560351,-0.661425948585,0,0,true
mha,8,8,64,4,8192,64,47,4,2,head_major_head_first,head_major,head_first,1.900396,-0.661425948585,0,0,true
mha,8,8,64,4,8192,64,47,4,3,head_major_block_first,head_major,block_first,2.573466,-0.661425948585,0,0,true
mha,8,8,64,4,8192,64,47,5,0,block_major_block_first,block_major,block_first,1.636627,-0.661425948585,0,0,true
mha,8,8,64,4,8192,64,47,5,1,head_major_block_first,head_major,block_first,2.479012,-0.661425948585,0,0,true
mha,8,8,64,4,8192,64,47,5,2,head_major_head_first,head_major,head_first,1.704149,-0.661425948585,0,0,true
mha,8,8,64,4,8192,64,47,5,3,block_major_head_first,block_major,head_first,3.179944,-0.661425948585,0,0,true
mha,8,8,64,4,8192,64,47,6,0,block_major_head_first,block_major,head_first,2.980411,-0.661425948585,0,0,true
mha,8,8,64,4,8192,64,47,6,1,head_major_block_first,head_major,block_first,2.637682,-0.661425948585,0,0,true
mha,8,8,64,4,8192,64,47,6,2,block_major_block_first,block_major,block_first,1.602055,-0.661425948585,0,0,true
mha,8,8,64,4,8192,64,47,6,3,head_major_head_first,head_major,head_first,1.844072,-0.661425948585,0,0,true
mha,8,8,64,4,8192,64,47,7,0,head_major_block_first,head_major,block_first,2.497711,-0.661425948585,0,0,true
mha,8,8,64,4,8192,64,47,7,1,block_major_head_first,block_major,head_first,3.150167,-0.661425948585,0,0,true
mha,8,8,64,4,8192,64,47,7,2,head_major_head_first,head_major,head_first,1.874597,-0.661425948585,0,0,true
mha,8,8,64,4,8192,64,47,7,3,block_major_block_first,block_major,block_first,1.612001,-0.661425948585,0,0,true
mha,8,8,64,4,8192,64,47,8,0,block_major_block_first,block_major,block_first,1.597047,-0.661425948585,0,0,true
mha,8,8,64,4,8192,64,47,8,1,head_major_head_first,head_major,head_first,1.840456,-0.661425948585,0,0,true
mha,8,8,64,4,8192,64,47,8,2,block_major_head_first,block_major,head_first,3.064488,-0.661425948585,0,0,true
mha,8,8,64,4,8192,64,47,8,3,head_major_block_first,head_major,block_first,2.618854,-0.661425948585,0,0,true
mha,8,8,64,4,8192,64,47,9,0,block_major_block_first,block_major,block_first,1.620563,-0.661425948585,0,0,true
mha,8,8,64,4,8192,64,47,9,1,head_major_head_first,head_major,head_first,1.816429,-0.661425948585,0,0,true
mha,8,8,64,4,8192,64,47,9,2,head_major_block_first,head_major,block_first,2.539404,-0.661425948585,0,0,true
mha,8,8,64,4,8192,64,47,9,3,block_major_head_first,block_major,head_first,3.170799,-0.661425948585,0,0,true
mha,8,8,64,4,8192,64,47,10,0,head_major_head_first,head_major,head_first,1.847206,-0.661425948585,0,0,true
mha,8,8,64,4,8192,64,47,10,1,block_major_head_first,block_major,head_first,3.080443,-0.661425948585,0,0,true
mha,8,8,64,4,8192,64,47,10,2,head_major_block_first,head_major,block_first,2.564662,-0.661425948585,0,0,true
mha,8,8,64,4,8192,64,47,10,3,block_major_block_first,block_major,block_first,1.604218,-0.661425948585,0,0,true
mha,8,8,64,4,8192,64,47,11,0,head_major_block_first,head_major,block_first,2.599074,-0.661425948585,0,0,true
mha,8,8,64,4,8192,64,47,11,1,head_major_head_first,head_major,head_first,1.742958,-0.661425948585,0,0,true
mha,8,8,64,4,8192,64,47,11,2,block_major_block_first,block_major,block_first,1.656227,-0.661425948585,0,0,true
mha,8,8,64,4,8192,64,47,11,3,block_major_head_first,block_major,head_first,3.044217,-0.661425948585,0,0,true
mha,8,8,64,4,8192,64,47,12,0,block_major_head_first,block_major,head_first,3.03886,-0.661425948585,0,0,true
mha,8,8,64,4,8192,64,47,12,1,head_major_block_first,head_major,block_first,2.62249,-0.661425948585,0,0,true
mha,8,8,64,4,8192,64,47,12,2,block_major_block_first,block_major,block_first,1.60533,-0.661425948585,0,0,true
mha,8,8,64,4,8192,64,47,12,3,head_major_head_first,head_major,head_first,1.864792,-0.661425948585,0,0,true
mha,8,8,64,4,8192,64,47,13,0,block_major_block_first,block_major,block_first,1.60528,-0.661425948585,0,0,true
mha,8,8,64,4,8192,64,47,13,1,head_major_block_first,head_major,block_first,2.562699,-0.661425948585,0,0,true
mha,8,8,64,4,8192,64,47,13,2,head_major_head_first,head_major,head_first,1.740555,-0.661425948585,0,0,true
mha,8,8,64,4,8192,64,47,13,3,block_major_head_first,block_major,head_first,3.184821,-0.661425948585,0,0,true
mha,8,8,64,4,8192,64,47,14,0,head_major_head_first,head_major,head_first,1.845874,-0.661425948585,0,0,true
mha,8,8,64,4,8192,64,47,14,1,block_major_head_first,block_major,head_first,3.101745,-0.661425948585,0,0,true
mha,8,8,64,4,8192,64,47,14,2,head_major_block_first,head_major,block_first,2.639385,-0.661425948585,0,0,true
mha,8,8,64,4,8192,64,47,14,3,block_major_block_first,block_major,block_first,1.60502,-0.661425948585,0,0,true
mha,8,8,64,4,8192,64,47,15,0,block_major_head_first,block_major,head_first,3.020182,-0.661425948585,0,0,true
mha,8,8,64,4,8192,64,47,15,1,head_major_block_first,head_major,block_first,2.645685,-0.661425948585,0,0,true
mha,8,8,64,4,8192,64,47,15,2,block_major_block_first,block_major,block_first,1.606251,-0.661425948585,0,0,true
mha,8,8,64,4,8192,64,47,15,3,head_major_head_first,head_major,head_first,1.824902,-0.661425948585,0,0,true
mha,8,8,64,4,8192,64,47,16,0,head_major_head_first,head_major,head_first,1.775297,-0.661425948585,0,0,true
mha,8,8,64,4,8192,64,47,16,1,block_major_head_first,block_major,head_first,3.147264,-0.661425948585,0,0,true
mha,8,8,64,4,8192,64,47,16,2,head_major_block_first,head_major,block_first,2.607387,-0.661425948585,0,0,true
mha,8,8,64,4,8192,64,47,16,3,block_major_block_first,block_major,block_first,1.629006,-0.661425948585,0,0,true
mha,8,8,64,4,8192,64,47,17,0,block_major_block_first,block_major,block_first,1.580292,-0.661425948585,0,0,true
mha,8,8,64,4,8192,64,47,17,1,block_major_head_first,block_major,head_first,3.016657,-0.661425948585,0,0,true
mha,8,8,64,4,8192,64,47,17,2,head_major_block_first,head_major,block_first,2.595078,-0.661425948585,0,0,true
mha,8,8,64,4,8192,64,47,17,3,head_major_head_first,head_major,head_first,1.77034,-0.661425948585,0,0,true
mha,8,8,64,4,8192,64,47,18,0,block_major_block_first,block_major,block_first,1.650578,-0.661425948585,0,0,true
mha,8,8,64,4,8192,64,47,18,1,head_major_block_first,head_major,block_first,2.512543,-0.661425948585,0,0,true
mha,8,8,64,4,8192,64,47,18,2,head_major_head_first,head_major,head_first,1.677619,-0.661425948585,0,0,true
mha,8,8,64,4,8192,64,47,18,3,block_major_head_first,block_major,head_first,3.198551,-0.661425948585,0,0,true
mha,8,8,64,4,8192,64,47,19,0,block_major_block_first,block_major,block_first,1.720454,-0.661425948585,0,0,true
mha,8,8,64,4,8192,64,47,19,1,head_major_block_first,head_major,block_first,2.598583,-0.661425948585,0,0,true
mha,8,8,64,4,8192,64,47,19,2,head_major_head_first,head_major,head_first,1.801227,-0.661425948585,0,0,true
mha,8,8,64,4,8192,64,47,19,3,block_major_head_first,block_major,head_first,3.133523,-0.661425948585,0,0,true
mha,8,8,64,4,16384,64,11,0,0,head_major_block_first,head_major,block_first,5.275575,-1.12918677768,0,0,true
mha,8,8,64,4,16384,64,11,0,1,head_major_head_first,head_major,head_first,3.564025,-1.12918677768,0,0,true
mha,8,8,64,4,16384,64,11,0,2,block_major_head_first,block_major,head_first,6.465416,-1.12918677768,0,0,true
mha,8,8,64,4,16384,64,11,0,3,block_major_block_first,block_major,block_first,3.793192,-1.12918677768,0,0,true
mha,8,8,64,4,16384,64,11,1,0,head_major_block_first,head_major,block_first,5.257989,-1.12918677768,0,0,true
mha,8,8,64,4,16384,64,11,1,1,head_major_head_first,head_major,head_first,3.770077,-1.12918677768,0,0,true
mha,8,8,64,4,16384,64,11,1,2,block_major_block_first,block_major,block_first,3.797759,-1.12918677768,0,0,true
mha,8,8,64,4,16384,64,11,1,3,block_major_head_first,block_major,head_first,6.723297,-1.12918677768,0,0,true
mha,8,8,64,4,16384,64,11,2,0,block_major_block_first,block_major,block_first,3.781534,-1.12918677768,0,0,true
mha,8,8,64,4,16384,64,11,2,1,head_major_block_first,head_major,block_first,5.297057,-1.12918677768,0,0,true
mha,8,8,64,4,16384,64,11,2,2,head_major_head_first,head_major,head_first,3.556904,-1.12918677768,0,0,true
mha,8,8,64,4,16384,64,11,2,3,block_major_head_first,block_major,head_first,6.463744,-1.12918677768,0,0,true
mha,8,8,64,4,16384,64,11,3,0,head_major_block_first,head_major,block_first,5.316598,-1.12918677768,0,0,true
mha,8,8,64,4,16384,64,11,3,1,block_major_block_first,block_major,block_first,3.801544,-1.12918677768,0,0,true
mha,8,8,64,4,16384,64,11,3,2,block_major_head_first,block_major,head_first,6.003577,-1.12918677768,0,0,true
mha,8,8,64,4,16384,64,11,3,3,head_major_head_first,head_major,head_first,3.788675,-1.12918677768,0,0,true
mha,8,8,64,4,16384,64,11,4,0,block_major_head_first,block_major,head_first,6.030678,-1.12918677768,0,0,true
mha,8,8,64,4,16384,64,11,4,1,block_major_block_first,block_major,block_first,3.793161,-1.12918677768,0,0,true
mha,8,8,64,4,16384,64,11,4,2,head_major_block_first,head_major,block_first,5.287603,-1.12918677768,0,0,true
mha,8,8,64,4,16384,64,11,4,3,head_major_head_first,head_major,head_first,3.773552,-1.12918677768,0,0,true
mha,8,8,64,4,16384,64,11,5,0,head_major_block_first,head_major,block_first,5.116555,-1.12918677768,0,0,true
mha,8,8,64,4,16384,64,11,5,1,block_major_head_first,block_major,head_first,7.052514,-1.12918677768,0,0,true
mha,8,8,64,4,16384,64,11,5,2,head_major_head_first,head_major,head_first,3.789226,-1.12918677768,0,0,true
mha,8,8,64,4,16384,64,11,5,3,block_major_block_first,block_major,block_first,3.802956,-1.12918677768,0,0,true
mha,8,8,64,4,16384,64,11,6,0,head_major_head_first,head_major,head_first,3.803757,-1.12918677768,0,0,true
mha,8,8,64,4,16384,64,11,6,1,block_major_head_first,block_major,head_first,5.998099,-1.12918677768,0,0,true
mha,8,8,64,4,16384,64,11,6,2,block_major_block_first,block_major,block_first,3.79213,-1.12918677768,0,0,true
mha,8,8,64,4,16384,64,11,6,3,head_major_block_first,head_major,block_first,5.37816,-1.12918677768,0,0,true
mha,8,8,64,4,16384,64,11,7,0,head_major_head_first,head_major,head_first,3.73259,-1.12918677768,0,0,true
mha,8,8,64,4,16384,64,11,7,1,block_major_block_first,block_major,block_first,3.791439,-1.12918677768,0,0,true
mha,8,8,64,4,16384,64,11,7,2,head_major_block_first,head_major,block_first,5.005947,-1.12918677768,0,0,true
mha,8,8,64,4,16384,64,11,7,3,block_major_head_first,block_major,head_first,6.980005,-1.12918677768,0,0,true
mha,8,8,64,4,16384,64,11,8,0,block_major_block_first,block_major,block_first,3.793833,-1.12918677768,0,0,true
mha,8,8,64,4,16384,64,11,8,1,block_major_head_first,block_major,head_first,6.729106,-1.12918677768,0,0,true
mha,8,8,64,4,16384,64,11,8,2,head_major_block_first,head_major,block_first,5.348986,-1.12918677768,0,0,true
mha,8,8,64,4,16384,64,11,8,3,head_major_head_first,head_major,head_first,3.787583,-1.12918677768,0,0,true
mha,8,8,64,4,16384,64,11,9,0,head_major_block_first,head_major,block_first,5.262665,-1.12918677768,0,0,true
mha,8,8,64,4,16384,64,11,9,1,block_major_head_first,block_major,head_first,6.980576,-1.12918677768,0,0,true
mha,8,8,64,4,16384,64,11,9,2,head_major_head_first,head_major,head_first,3.795255,-1.12918677768,0,0,true
mha,8,8,64,4,16384,64,11,9,3,block_major_block_first,block_major,block_first,3.848695,-1.12918677768,0,0,true
mha,8,8,64,4,16384,64,11,10,0,block_major_head_first,block_major,head_first,6.276671,-1.12918677768,0,0,true
mha,8,8,64,4,16384,64,11,10,1,head_major_head_first,head_major,head_first,3.789316,-1.12918677768,0,0,true
mha,8,8,64,4,16384,64,11,10,2,head_major_block_first,head_major,block_first,5.247142,-1.12918677768,0,0,true
mha,8,8,64,4,16384,64,11,10,3,block_major_block_first,block_major,block_first,3.796526,-1.12918677768,0,0,true
mha,8,8,64,4,16384,64,11,11,0,head_major_head_first,head_major,head_first,3.796096,-1.12918677768,0,0,true
mha,8,8,64,4,16384,64,11,11,1,block_major_block_first,block_major,block_first,3.800733,-1.12918677768,0,0,true
mha,8,8,64,4,16384,64,11,11,2,block_major_head_first,block_major,head_first,6.487951,-1.12918677768,0,0,true
mha,8,8,64,4,16384,64,11,11,3,head_major_block_first,head_major,block_first,5.300162,-1.12918677768,0,0,true
mha,8,8,64,4,16384,64,11,12,0,head_major_block_first,head_major,block_first,5.263948,-1.12918677768,0,0,true
mha,8,8,64,4,16384,64,11,12,1,block_major_block_first,block_major,block_first,3.791899,-1.12918677768,0,0,true
mha,8,8,64,4,16384,64,11,12,2,block_major_head_first,block_major,head_first,6.291163,-1.12918677768,0,0,true
mha,8,8,64,4,16384,64,11,12,3,head_major_head_first,head_major,head_first,3.79255,-1.12918677768,0,0,true
mha,8,8,64,4,16384,64,11,13,0,block_major_block_first,block_major,block_first,3.79917,-1.12918677768,0,0,true
mha,8,8,64,4,16384,64,11,13,1,block_major_head_first,block_major,head_first,6.001454,-1.12918677768,0,0,true
mha,8,8,64,4,16384,64,11,13,2,head_major_block_first,head_major,block_first,5.292631,-1.12918677768,0,0,true
mha,8,8,64,4,16384,64,11,13,3,head_major_head_first,head_major,head_first,3.79277,-1.12918677768,0,0,true
mha,8,8,64,4,16384,64,11,14,0,block_major_head_first,block_major,head_first,5.984498,-1.12918677768,0,0,true
mha,8,8,64,4,16384,64,11,14,1,head_major_block_first,head_major,block_first,5.363799,-1.12918677768,0,0,true
mha,8,8,64,4,16384,64,11,14,2,block_major_block_first,block_major,block_first,3.766982,-1.12918677768,0,0,true
mha,8,8,64,4,16384,64,11,14,3,head_major_head_first,head_major,head_first,3.7917,-1.12918677768,0,0,true
mha,8,8,64,4,16384,64,11,15,0,block_major_block_first,block_major,block_first,3.843958,-1.12918677768,0,0,true
mha,8,8,64,4,16384,64,11,15,1,block_major_head_first,block_major,head_first,6.944522,-1.12918677768,0,0,true
mha,8,8,64,4,16384,64,11,15,2,head_major_block_first,head_major,block_first,5.301846,-1.12918677768,0,0,true
mha,8,8,64,4,16384,64,11,15,3,head_major_head_first,head_major,head_first,3.777187,-1.12918677768,0,0,true
mha,8,8,64,4,16384,64,11,16,0,head_major_head_first,head_major,head_first,3.787933,-1.12918677768,0,0,true
mha,8,8,64,4,16384,64,11,16,1,block_major_head_first,block_major,head_first,6.03793,-1.12918677768,0,0,true
mha,8,8,64,4,16384,64,11,16,2,block_major_block_first,block_major,block_first,3.826752,-1.12918677768,0,0,true
mha,8,8,64,4,16384,64,11,16,3,head_major_block_first,head_major,block_first,5.280744,-1.12918677768,0,0,true
mha,8,8,64,4,16384,64,11,17,0,block_major_head_first,block_major,head_first,6.274237,-1.12918677768,0,0,true
mha,8,8,64,4,16384,64,11,17,1,head_major_head_first,head_major,head_first,3.782576,-1.12918677768,0,0,true
mha,8,8,64,4,16384,64,11,17,2,block_major_block_first,block_major,block_first,3.792681,-1.12918677768,0,0,true
mha,8,8,64,4,16384,64,11,17,3,head_major_block_first,head_major,block_first,5.257277,-1.12918677768,0,0,true
mha,8,8,64,4,16384,64,11,18,0,head_major_head_first,head_major,head_first,3.727632,-1.12918677768,0,0,true
mha,8,8,64,4,16384,64,11,18,1,head_major_block_first,head_major,block_first,4.923312,-1.12918677768,0,0,true
mha,8,8,64,4,16384,64,11,18,2,block_major_head_first,block_major,head_first,6.77841,-1.12918677768,0,0,true
mha,8,8,64,4,16384,64,11,18,3,block_major_block_first,block_major,block_first,3.794744,-1.12918677768,0,0,true
mha,8,8,64,4,16384,64,11,19,0,head_major_head_first,head_major,head_first,3.778399,-1.12918677768,0,0,true
mha,8,8,64,4,16384,64,11,19,1,block_major_block_first,block_major,block_first,3.631367,-1.12918677768,0,0,true
mha,8,8,64,4,16384,64,11,19,2,block_major_head_first,block_major,head_first,6.59295,-1.12918677768,0,0,true
mha,8,8,64,4,16384,64,11,19,3,head_major_block_first,head_major,block_first,5.355676,-1.12918677768,0,0,true
mha,8,8,64,4,16384,64,29,0,0,head_major_head_first,head_major,head_first,3.804568,-0.00860001700551,0,0,true
mha,8,8,64,4,16384,64,29,0,1,block_major_head_first,block_major,head_first,6.05832,-0.00860001700551,0,0,true
mha,8,8,64,4,16384,64,29,0,2,head_major_block_first,head_major,block_first,5.428056,-0.00860001700551,0,0,true
mha,8,8,64,4,16384,64,29,0,3,block_major_block_first,block_major,block_first,3.797919,-0.00860001700551,0,0,true
mha,8,8,64,4,16384,64,29,1,0,block_major_head_first,block_major,head_first,6.002666,-0.00860001700551,0,0,true
mha,8,8,64,4,16384,64,29,1,1,block_major_block_first,block_major,block_first,3.803157,-0.00860001700551,0,0,true
mha,8,8,64,4,16384,64,29,1,2,head_major_head_first,head_major,head_first,3.8184,-0.00860001700551,0,0,true
mha,8,8,64,4,16384,64,29,1,3,head_major_block_first,head_major,block_first,5.2525,-0.00860001700551,0,0,true
mha,8,8,64,4,16384,64,29,2,0,block_major_block_first,block_major,block_first,3.778239,-0.00860001700551,0,0,true
mha,8,8,64,4,16384,64,29,2,1,head_major_head_first,head_major,head_first,3.531925,-0.00860001700551,0,0,true
mha,8,8,64,4,16384,64,29,2,2,head_major_block_first,head_major,block_first,5.096324,-0.00860001700551,0,0,true
mha,8,8,64,4,16384,64,29,2,3,block_major_head_first,block_major,head_first,7.013486,-0.00860001700551,0,0,true
mha,8,8,64,4,16384,64,29,3,0,head_major_block_first,head_major,block_first,5.425763,-0.00860001700551,0,0,true
mha,8,8,64,4,16384,64,29,3,1,head_major_head_first,head_major,head_first,3.790538,-0.00860001700551,0,0,true
mha,8,8,64,4,16384,64,29,3,2,block_major_block_first,block_major,block_first,3.798049,-0.00860001700551,0,0,true
mha,8,8,64,4,16384,64,29,3,3,block_major_head_first,block_major,head_first,6.020684,-0.00860001700551,0,0,true
mha,8,8,64,4,16384,64,29,4,0,block_major_block_first,block_major,block_first,3.804568,-0.00860001700551,0,0,true
mha,8,8,64,4,16384,64,29,4,1,block_major_head_first,block_major,head_first,6.320467,-0.00860001700551,0,0,true
mha,8,8,64,4,16384,64,29,4,2,head_major_block_first,head_major,block_first,5.401376,-0.00860001700551,0,0,true
mha,8,8,64,4,16384,64,29,4,3,head_major_head_first,head_major,head_first,3.824238,-0.00860001700551,0,0,true
mha,8,8,64,4,16384,64,29,5,0,block_major_block_first,block_major,block_first,3.801634,-0.00860001700551,0,0,true
mha,8,8,64,4,16384,64,29,5,1,head_major_head_first,head_major,head_first,3.786921,-0.00860001700551,0,0,true
mha,8,8,64,4,16384,64,29,5,2,head_major_block_first,head_major,block_first,5.196686,-0.00860001700551,0,0,true
mha,8,8,64,4,16384,64,29,5,3,block_major_head_first,block_major,head_first,7.350205,-0.00860001700551,0,0,true
mha,8,8,64,4,16384,64,29,6,0,head_major_block_first,head_major,block_first,5.397991,-0.00860001700551,0,0,true
mha,8,8,64,4,16384,64,29,6,1,head_major_head_first,head_major,head_first,3.78556,-0.00860001700551,0,0,true
mha,8,8,64,4,16384,64,29,6,2,block_major_head_first,block_major,head_first,6.059792,-0.00860001700551,0,0,true
mha,8,8,64,4,16384,64,29,6,3,block_major_block_first,block_major,block_first,3.790848,-0.00860001700551,0,0,true
mha,8,8,64,4,16384,64,29,7,0,block_major_head_first,block_major,head_first,6.358895,-0.00860001700551,0,0,true
mha,8,8,64,4,16384,64,29,7,1,head_major_head_first,head_major,head_first,3.791078,-0.00860001700551,0,0,true
mha,8,8,64,4,16384,64,29,7,2,head_major_block_first,head_major,block_first,5.386003,-0.00860001700551,0,0,true
mha,8,8,64,4,16384,64,29,7,3,block_major_block_first,block_major,block_first,3.791149,-0.00860001700551,0,0,true
mha,8,8,64,4,16384,64,29,8,0,block_major_block_first,block_major,block_first,3.538225,-0.00860001700551,0,0,true
mha,8,8,64,4,16384,64,29,8,1,head_major_head_first,head_major,head_first,3.795906,-0.00860001700551,0,0,true
mha,8,8,64,4,16384,64,29,8,2,block_major_head_first,block_major,head_first,7.193709,-0.00860001700551,0,0,true
mha,8,8,64,4,16384,64,29,8,3,head_major_block_first,head_major,block_first,5.415567,-0.00860001700551,0,0,true
mha,8,8,64,4,16384,64,29,9,0,head_major_head_first,head_major,head_first,3.765159,-0.00860001700551,0,0,true
mha,8,8,64,4,16384,64,29,9,1,head_major_block_first,head_major,block_first,5.200021,-0.00860001700551,0,0,true
mha,8,8,64,4,16384,64,29,9,2,block_major_block_first,block_major,block_first,3.783487,-0.00860001700551,0,0,true
mha,8,8,64,4,16384,64,29,9,3,block_major_head_first,block_major,head_first,7.04257,-0.00860001700551,0,0,true
mha,8,8,64,4,16384,64,29,10,0,head_major_block_first,head_major,block_first,5.419894,-0.00860001700551,0,0,true
mha,8,8,64,4,16384,64,29,10,1,block_major_head_first,block_major,head_first,6.050769,-0.00860001700551,0,0,true
mha,8,8,64,4,16384,64,29,10,2,block_major_block_first,block_major,block_first,3.799731,-0.00860001700551,0,0,true
mha,8,8,64,4,16384,64,29,10,3,head_major_head_first,head_major,head_first,3.790347,-0.00860001700551,0,0,true
mha,8,8,64,4,16384,64,29,11,0,block_major_head_first,block_major,head_first,6.016867,-0.00860001700551,0,0,true
mha,8,8,64,4,16384,64,29,11,1,head_major_block_first,head_major,block_first,5.468267,-0.00860001700551,0,0,true
mha,8,8,64,4,16384,64,29,11,2,head_major_head_first,head_major,head_first,3.789186,-0.00860001700551,0,0,true
mha,8,8,64,4,16384,64,29,11,3,block_major_block_first,block_major,block_first,3.803898,-0.00860001700551,0,0,true
mha,8,8,64,4,16384,64,29,12,0,block_major_head_first,block_major,head_first,6.055966,-0.00860001700551,0,0,true
mha,8,8,64,4,16384,64,29,12,1,head_major_head_first,head_major,head_first,3.787843,-0.00860001700551,0,0,true
mha,8,8,64,4,16384,64,29,12,2,head_major_block_first,head_major,block_first,5.347955,-0.00860001700551,0,0,true
mha,8,8,64,4,16384,64,29,12,3,block_major_block_first,block_major,block_first,3.799712,-0.00860001700551,0,0,true
mha,8,8,64,4,16384,64,29,13,0,head_major_head_first,head_major,head_first,3.790557,-0.00860001700551,0,0,true
mha,8,8,64,4,16384,64,29,13,1,block_major_block_first,block_major,block_first,3.780802,-0.00860001700551,0,0,true
mha,8,8,64,4,16384,64,29,13,2,block_major_head_first,block_major,head_first,6.858572,-0.00860001700551,0,0,true
mha,8,8,64,4,16384,64,29,13,3,head_major_block_first,head_major,block_first,5.42431,-0.00860001700551,0,0,true
mha,8,8,64,4,16384,64,29,14,0,head_major_head_first,head_major,head_first,3.786772,-0.00860001700551,0,0,true
mha,8,8,64,4,16384,64,29,14,1,block_major_block_first,block_major,block_first,3.79272,-0.00860001700551,0,0,true
mha,8,8,64,4,16384,64,29,14,2,head_major_block_first,head_major,block_first,5.349137,-0.00860001700551,0,0,true
mha,8,8,64,4,16384,64,29,14,3,block_major_head_first,block_major,head_first,6.779932,-0.00860001700551,0,0,true
mha,8,8,64,4,16384,64,29,15,0,head_major_head_first,head_major,head_first,3.797278,-0.00860001700551,0,0,true
mha,8,8,64,4,16384,64,29,15,1,block_major_block_first,block_major,block_first,3.803938,-0.00860001700551,0,0,true
mha,8,8,64,4,16384,64,29,15,2,block_major_head_first,block_major,head_first,6.176259,-0.00860001700551,0,0,true
mha,8,8,64,4,16384,64,29,15,3,head_major_block_first,head_major,block_first,5.39756,-0.00860001700551,0,0,true
mha,8,8,64,4,16384,64,29,16,0,head_major_block_first,head_major,block_first,5.394465,-0.00860001700551,0,0,true
mha,8,8,64,4,16384,64,29,16,1,block_major_head_first,block_major,head_first,6.123028,-0.00860001700551,0,0,true
mha,8,8,64,4,16384,64,29,16,2,block_major_block_first,block_major,block_first,3.797658,-0.00860001700551,0,0,true
mha,8,8,64,4,16384,64,29,16,3,head_major_head_first,head_major,head_first,3.796016,-0.00860001700551,0,0,true
mha,8,8,64,4,16384,64,29,17,0,block_major_block_first,block_major,block_first,3.773672,-0.00860001700551,0,0,true
mha,8,8,64,4,16384,64,29,17,1,head_major_head_first,head_major,head_first,3.768524,-0.00860001700551,0,0,true
mha,8,8,64,4,16384,64,29,17,2,block_major_head_first,block_major,head_first,6.770889,-0.00860001700551,0,0,true
mha,8,8,64,4,16384,64,29,17,3,head_major_block_first,head_major,block_first,5.39096,-0.00860001700551,0,0,true
mha,8,8,64,4,16384,64,29,18,0,head_major_head_first,head_major,head_first,3.790958,-0.00860001700551,0,0,true
mha,8,8,64,4,16384,64,29,18,1,block_major_block_first,block_major,block_first,3.797498,-0.00860001700551,0,0,true
mha,8,8,64,4,16384,64,29,18,2,head_major_block_first,head_major,block_first,5.391331,-0.00860001700551,0,0,true
mha,8,8,64,4,16384,64,29,18,3,block_major_head_first,block_major,head_first,6.716646,-0.00860001700551,0,0,true
mha,8,8,64,4,16384,64,29,19,0,head_major_block_first,head_major,block_first,5.457961,-0.00860001700551,0,0,true
mha,8,8,64,4,16384,64,29,19,1,block_major_head_first,block_major,head_first,6.051039,-0.00860001700551,0,0,true
mha,8,8,64,4,16384,64,29,19,2,head_major_head_first,head_major,head_first,3.790517,-0.00860001700551,0,0,true
mha,8,8,64,4,16384,64,29,19,3,block_major_block_first,block_major,block_first,3.803998,-0.00860001700551,0,0,true
mha,8,8,64,4,16384,64,47,0,0,block_major_block_first,block_major,block_first,3.749054,-0.157128946561,0,0,true
mha,8,8,64,4,16384,64,47,0,1,block_major_head_first,block_major,head_first,6.901536,-0.157128946561,0,0,true
mha,8,8,64,4,16384,64,47,0,2,head_major_block_first,head_major,block_first,5.382567,-0.157128946561,0,0,true
mha,8,8,64,4,16384,64,47,0,3,head_major_head_first,head_major,head_first,3.784228,-0.157128946561,0,0,true
mha,8,8,64,4,16384,64,47,1,0,block_major_head_first,block_major,head_first,6.091099,-0.157128946561,0,0,true
mha,8,8,64,4,16384,64,47,1,1,head_major_head_first,head_major,head_first,3.786051,-0.157128946561,0,0,true
mha,8,8,64,4,16384,64,47,1,2,head_major_block_first,head_major,block_first,5.369128,-0.157128946561,0,0,true
mha,8,8,64,4,16384,64,47,1,3,block_major_block_first,block_major,block_first,3.774534,-0.157128946561,0,0,true
mha,8,8,64,4,16384,64,47,2,0,head_major_block_first,head_major,block_first,5.161272,-0.157128946561,0,0,true
mha,8,8,64,4,16384,64,47,2,1,head_major_head_first,head_major,head_first,3.411964,-0.157128946561,0,0,true
mha,8,8,64,4,16384,64,47,2,2,block_major_head_first,block_major,head_first,6.912202,-0.157128946561,0,0,true
mha,8,8,64,4,16384,64,47,2,3,block_major_block_first,block_major,block_first,3.796576,-0.157128946561,0,0,true
mha,8,8,64,4,16384,64,47,3,0,block_major_block_first,block_major,block_first,3.543723,-0.157128946561,0,0,true
mha,8,8,64,4,16384,64,47,3,1,head_major_head_first,head_major,head_first,3.78513,-0.157128946561,0,0,true
mha,8,8,64,4,16384,64,47,3,2,block_major_head_first,block_major,head_first,6.560451,-0.157128946561,0,0,true
mha,8,8,64,4,16384,64,47,3,3,head_major_block_first,head_major,block_first,5.322877,-0.157128946561,0,0,true
mha,8,8,64,4,16384,64,47,4,0,head_major_head_first,head_major,head_first,3.78589,-0.157128946561,0,0,true
mha,8,8,64,4,16384,64,47,4,1,block_major_head_first,block_major,head_first,6.126043,-0.157128946561,0,0,true
mha,8,8,64,4,16384,64,47,4,2,head_major_block_first,head_major,block_first,5.418161,-0.157128946561,0,0,true
mha,8,8,64,4,16384,64,47,4,3,block_major_block_first,block_major,block_first,3.81164,-0.157128946561,0,0,true
mha,8,8,64,4,16384,64,47,5,0,head_major_head_first,head_major,head_first,3.788895,-0.157128946561,0,0,true
mha,8,8,64,4,16384,64,47,5,1,block_major_head_first,block_major,head_first,6.002646,-0.157128946561,0,0,true
mha,8,8,64,4,16384,64,47,5,2,head_major_block_first,head_major,block_first,5.347675,-0.157128946561,0,0,true
mha,8,8,64,4,16384,64,47,5,3,block_major_block_first,block_major,block_first,3.794173,-0.157128946561,0,0,true
mha,8,8,64,4,16384,64,47,6,0,block_major_head_first,block_major,head_first,6.011129,-0.157128946561,0,0,true
mha,8,8,64,4,16384,64,47,6,1,head_major_head_first,head_major,head_first,3.789776,-0.157128946561,0,0,true
mha,8,8,64,4,16384,64,47,6,2,block_major_block_first,block_major,block_first,3.800784,-0.157128946561,0,0,true
mha,8,8,64,4,16384,64,47,6,3,head_major_block_first,head_major,block_first,5.376608,-0.157128946561,0,0,true
mha,8,8,64,4,16384,64,47,7,0,block_major_block_first,block_major,block_first,3.801925,-0.157128946561,0,0,true
mha,8,8,64,4,16384,64,47,7,1,head_major_block_first,head_major,block_first,5.368366,-0.157128946561,0,0,true
mha,8,8,64,4,16384,64,47,7,2,block_major_head_first,block_major,head_first,6.234246,-0.157128946561,0,0,true
mha,8,8,64,4,16384,64,47,7,3,head_major_head_first,head_major,head_first,3.787884,-0.157128946561,0,0,true
mha,8,8,64,4,16384,64,47,8,0,head_major_head_first,head_major,head_first,3.793001,-0.157128946561,0,0,true
mha,8,8,64,4,16384,64,47,8,1,block_major_head_first,block_major,head_first,6.02488,-0.157128946561,0,0,true
mha,8,8,64,4,16384,64,47,8,2,block_major_block_first,block_major,block_first,3.794995,-0.157128946561,0,0,true
mha,8,8,64,4,16384,64,47,8,3,head_major_block_first,head_major,block_first,5.355416,-0.157128946561,0,0,true
mha,8,8,64,4,16384,64,47,9,0,head_major_head_first,head_major,head_first,3.810238,-0.157128946561,0,0,true
mha,8,8,64,4,16384,64,47,9,1,block_major_block_first,block_major,block_first,3.790938,-0.157128946561,0,0,true
mha,8,8,64,4,16384,64,47,9,2,block_major_head_first,block_major,head_first,6.080874,-0.157128946561,0,0,true
mha,8,8,64,4,16384,64,47,9,3,head_major_block_first,head_major,block_first,5.426414,-0.157128946561,0,0,true
mha,8,8,64,4,16384,64,47,10,0,block_major_head_first,block_major,head_first,5.999632,-0.157128946561,0,0,true
mha,8,8,64,4,16384,64,47,10,1,head_major_head_first,head_major,head_first,3.79222,-0.157128946561,0,0,true
mha,8,8,64,4,16384,64,47,10,2,head_major_block_first,head_major,block_first,5.381745,-0.157128946561,0,0,true
mha,8,8,64,4,16384,64,47,10,3,block_major_block_first,block_major,block_first,3.794924,-0.157128946561,0,0,true
mha,8,8,64,4,16384,64,47,11,0,head_major_block_first,head_major,block_first,5.327374,-0.157128946561,0,0,true
mha,8,8,64,4,16384,64,47,11,1,head_major_head_first,head_major,head_first,3.542773,-0.157128946561,0,0,true
mha,8,8,64,4,16384,64,47,11,2,block_major_head_first,block_major,head_first,7.024212,-0.157128946561,0,0,true
mha,8,8,64,4,16384,64,47,11,3,block_major_block_first,block_major,block_first,3.799251,-0.157128946561,0,0,true
mha,8,8,64,4,16384,64,47,12,0,head_major_head_first,head_major,head_first,3.792651,-0.157128946561,0,0,true
mha,8,8,64,4,16384,64,47,12,1,block_major_head_first,block_major,head_first,6.691087,-0.157128946561,0,0,true
mha,8,8,64,4,16384,64,47,12,2,block_major_block_first,block_major,block_first,3.797127,-0.157128946561,0,0,true
mha,8,8,64,4,16384,64,47,12,3,head_major_block_first,head_major,block_first,5.343959,-0.157128946561,0,0,true
mha,8,8,64,4,16384,64,47,13,0,head_major_block_first,head_major,block_first,5.158409,-0.157128946561,0,0,true
mha,8,8,64,4,16384,64,47,13,1,block_major_block_first,block_major,block_first,3.69967,-0.157128946561,0,0,true
mha,8,8,64,4,16384,64,47,13,2,block_major_head_first,block_major,head_first,6.843148,-0.157128946561,0,0,true
mha,8,8,64,4,16384,64,47,13,3,head_major_head_first,head_major,head_first,3.788514,-0.157128946561,0,0,true
mha,8,8,64,4,16384,64,47,14,0,block_major_head_first,block_major,head_first,6.042096,-0.157128946561,0,0,true
mha,8,8,64,4,16384,64,47,14,1,head_major_block_first,head_major,block_first,5.369828,-0.157128946561,0,0,true
mha,8,8,64,4,16384,64,47,14,2,head_major_head_first,head_major,head_first,3.826002,-0.157128946561,0,0,true
mha,8,8,64,4,16384,64,47,14,3,block_major_block_first,block_major,block_first,3.793673,-0.157128946561,0,0,true
mha,8,8,64,4,16384,64,47,15,0,head_major_head_first,head_major,head_first,3.78553,-0.157128946561,0,0,true
mha,8,8,64,4,16384,64,47,15,1,block_major_head_first,block_major,head_first,6.207957,-0.157128946561,0,0,true
mha,8,8,64,4,16384,64,47,15,2,head_major_block_first,head_major,block_first,5.39058,-0.157128946561,0,0,true
mha,8,8,64,4,16384,64,47,15,3,block_major_block_first,block_major,block_first,3.798339,-0.157128946561,0,0,true
mha,8,8,64,4,16384,64,47,16,0,block_major_block_first,block_major,block_first,3.802645,-0.157128946561,0,0,true
mha,8,8,64,4,16384,64,47,16,1,block_major_head_first,block_major,head_first,7.011392,-0.157128946561,0,0,true
mha,8,8,64,4,16384,64,47,16,2,head_major_head_first,head_major,head_first,3.770277,-0.157128946561,0,0,true
mha,8,8,64,4,16384,64,47,16,3,head_major_block_first,head_major,block_first,5.393053,-0.157128946561,0,0,true
mha,8,8,64,4,16384,64,47,17,0,block_major_head_first,block_major,head_first,6.253485,-0.157128946561,0,0,true
mha,8,8,64,4,16384,64,47,17,1,block_major_block_first,block_major,block_first,3.794444,-0.157128946561,0,0,true
mha,8,8,64,4,16384,64,47,17,2,head_major_block_first,head_major,block_first,5.385592,-0.157128946561,0,0,true
mha,8,8,64,4,16384,64,47,17,3,head_major_head_first,head_major,head_first,3.826361,-0.157128946561,0,0,true
mha,8,8,64,4,16384,64,47,18,0,head_major_block_first,head_major,block_first,5.35821,-0.157128946561,0,0,true
mha,8,8,64,4,16384,64,47,18,1,head_major_head_first,head_major,head_first,3.432575,-0.157128946561,0,0,true
mha,8,8,64,4,16384,64,47,18,2,block_major_block_first,block_major,block_first,3.783057,-0.157128946561,0,0,true
mha,8,8,64,4,16384,64,47,18,3,block_major_head_first,block_major,head_first,6.609825,-0.157128946561,0,0,true
mha,8,8,64,4,16384,64,47,19,0,head_major_block_first,head_major,block_first,5.376828,-0.157128946561,0,0,true
mha,8,8,64,4,16384,64,47,19,1,block_major_block_first,block_major,block_first,3.79876,-0.157128946561,0,0,true
mha,8,8,64,4,16384,64,47,19,2,head_major_head_first,head_major,head_first,3.790288,-0.157128946561,0,0,true
mha,8,8,64,4,16384,64,47,19,3,block_major_head_first,block_major,head_first,5.99886,-0.157128946561,0,0,true
