shape,num_q_heads,num_kv_heads,head_dim,batch_size,seq_len,block_size,data_seed,round,order_position,candidate,layout,traversal,elapsed_ms,checksum,max_abs_error,max_rel_error,correct
slm_gqa,8,4,64,1,512,64,11,0,0,block_major_block_first,block_major,block_first,0.054062,-0.143197541116,0,0,true
slm_gqa,8,4,64,1,512,64,11,0,1,block_major_head_first,block_major,head_first,0.053561,-0.143197541116,0,0,true
slm_gqa,8,4,64,1,512,64,11,0,2,head_major_block_first,head_major,block_first,0.054032,-0.143197541116,0,0,true
slm_gqa,8,4,64,1,512,64,11,0,3,head_major_head_first,head_major,head_first,0.053782,-0.143197541116,0,0,true
slm_gqa,8,4,64,1,512,64,11,1,0,block_major_block_first,block_major,block_first,0.053852,-0.143197541116,0,0,true
slm_gqa,8,4,64,1,512,64,11,1,1,block_major_head_first,block_major,head_first,0.053721,-0.143197541116,0,0,true
slm_gqa,8,4,64,1,512,64,11,1,2,head_major_block_first,head_major,block_first,0.053842,-0.143197541116,0,0,true
slm_gqa,8,4,64,1,512,64,11,1,3,head_major_head_first,head_major,head_first,0.053962,-0.143197541116,0,0,true
slm_gqa,8,4,64,1,512,64,11,2,0,head_major_block_first,head_major,block_first,0.05328,-0.143197541116,0,0,true
slm_gqa,8,4,64,1,512,64,11,2,1,block_major_head_first,block_major,head_first,0.053852,-0.143197541116,0,0,true
slm_gqa,8,4,64,1,512,64,11,2,2,block_major_block_first,block_major,block_first,0.053601,-0.143197541116,0,0,true
slm_gqa,8,4,64,1,512,64,11,2,3,head_major_head_first,head_major,head_first,0.053791,-0.143197541116,0,0,true
slm_gqa,8,4,64,1,512,64,11,3,0,block_major_block_first,block_major,block_first,0.053541,-0.143197541116,0,0,true
slm_gqa,8,4,64,1,512,64,11,3,1,head_major_block_first,head_major,block_first,0.054243,-0.143197541116,0,0,true
slm_gqa,8,4,64,1,512,64,11,3,2,head_major_head_first,head_major,head_first,0.053361,-0.143197541116,0,0,true
slm_gqa,8,4,64,1,512,64,11,3,3,block_major_head_first,block_major,head_first,0.054322,-0.143197541116,0,0,true
slm_gqa,8,4,64,1,512,64,11,4,0,block_major_block_first,block_major,block_first,0.053291,-0.143197541116,0,0,true
slm_gqa,8,4,64,1,512,64,11,4,1,block_major_head_first,block_major,head_first,0.053521,-0.143197541116,0,0,true
slm_gqa,8,4,64,1,512,64,11,4,2,head_major_block_first,head_major,block_first,0.054092,-0.143197541116,0,0,true
slm_gqa,8,4,64,1,512,64,11,4,3,head_major_head_first,head_major,head_first,0.053421,-0.143197541116,0,0,true
slm_gqa,8,4,64,1,512,64,11,5,0,block_major_block_first,block_major,block_first,0.053832,-0.143197541116,0,0,true
slm_gqa,8,4,64,1,512,64,11,5,1,head_major_block_first,head_major,block_first,0.054012,-0.143197541116,0,0,true
slm_gqa,8,4,64,1,512,64,11,5,2,block_major_head_first,block_major,head_first,0.054453,-0.143197541116,0,0,true
slm_gqa,8,4,64,1,512,64,11,5,3,head_major_head_first,head_major,head_first,0.053401,-0.143197541116,0,0,true
slm_gqa,8,4,64,1,512,64,11,6,0,block_major_block_first,block_major,block_first,0.053982,-0.143197541116,0,0,true
slm_gqa,8,4,64,1,512,64,11,6,1,block_major_head_first,block_major,head_first,0.053432,-0.143197541116,0,0,true
slm_gqa,8,4,64,1,512,64,11,6,2,head_major_head_first,head_major,head_first,0.053341,-0.143197541116,0,0,true
slm_gqa,8,4,64,1,512,64,11,6,3,head_major_block_first,head_major,block_first,0.053922,-0.143197541116,0,0,true
slm_gqa,8,4,64,1,512,64,11,7,0,block_major_block_first,block_major,block_first,0.054472,-0.143197541116,0,0,true
slm_gqa,8,4,64,1,512,64,11,7,1,head_major_head_first,head_major,head_first,0.053951,-0.143197541116,0,0,true
slm_gqa,8,4,64,1,512,64,11,7,2,block_major_head_first,block_major,head_first,0.054643,-0.143197541116,0,0,true
slm_gqa,8,4,64,1,512,64,11,7,3,head_major_block_first,head_major,block_first,0.054022,-0.143197541116,0,0,true
slm_gqa,8,4,64,1,512,64,11,8,0,block_major_block_first,block_major,block_first,0.054443,-0.143197541116,0,0,true
slm_gqa,8,4,64,1,512,64,11,8,1,head_major_head_first,head_major,head_first,0.054001,-0.143197541116,0,0,true
slm_gqa,8,4,64,1,512,64,11,8,2,head_major_block_first,head_major,block_first,0.053621,-0.143197541116,0,0,true
slm_gqa,8,4,64,1,512,64,11,8,3,block_major_head_first,block_major,head_first,0.054463,-0.143197541116,0,0,true
slm_gqa,8,4,64,1,512,64,11,9,0,head_major_head_first,head_major,head_first,0.054143,-0.143197541116,0,0,true
slm_gqa,8,4,64,1,512,64,11,9,1,block_major_head_first,block_major,head_first,0.053761,-0.143197541116,0,0,true
slm_gqa,8,4,64,1,512,64,11,9,2,head_major_block_first,head_major,block_first,0.053822,-0.143197541116,0,0,true
slm_gqa,8,4,64,1,512,64,11,9,3,block_major_block_first,block_major,block_first,0.054253,-0.143197541116,0,0,true
slm_gqa,8,4,64,1,512,64,11,10,0,head_major_head_first,head_major,head_first,0.053761,-0.143197541116,0,0,true
slm_gqa,8,4,64,1,512,64,11,10,1,block_major_head_first,block_major,head_first,0.054423,-0.143197541116,0,0,true
slm_gqa,8,4,64,1,512,64,11,10,2,block_major_block_first,block_major,block_first,0.053361,-0.143197541116,0,0,true
slm_gqa,8,4,64,1,512,64,11,10,3,head_major_block_first,head_major,block_first,0.053932,-0.143197541116,0,0,true
slm_gqa,8,4,64,1,512,64,11,11,0,block_major_block_first,block_major,block_first,0.053712,-0.143197541116,0,0,true
slm_gqa,8,4,64,1,512,64,11,11,1,block_major_head_first,block_major,head_first,0.053842,-0.143197541116,0,0,true
slm_gqa,8,4,64,1,512,64,11,11,2,head_major_block_first,head_major,block_first,0.053781,-0.143197541116,0,0,true
slm_gqa,8,4,64,1,512,64,11,11,3,head_major_head_first,head_major,head_first,0.053691,-0.143197541116,0,0,true
slm_gqa,8,4,64,1,512,64,11,12,0,head_major_block_first,head_major,block_first,0.053591,-0.143197541116,0,0,true
slm_gqa,8,4,64,1,512,64,11,12,1,block_major_block_first,block_major,block_first,0.053962,-0.143197541116,0,0,true
slm_gqa,8,4,64,1,512,64,11,12,2,head_major_head_first,head_major,head_first,0.053921,-0.143197541116,0,0,true
slm_gqa,8,4,64,1,512,64,11,12,3,block_major_head_first,block_major,head_first,0.053941,-0.143197541116,0,0,true
slm_gqa,8,4,64,1,512,64,11,13,0,block_major_block_first,block_major,block_first,0.066691,-0.143197541116,0,0,true
slm_gqa,8,4,64,1,512,64,11,13,1,head_major_block_first,head_major,block_first,0.054062,-0.143197541116,0,0,true
slm_gqa,8,4,64,1,512,64,11,13,2,block_major_head_first,block_major,head_first,0.055674,-0.143197541116,0,0,true
slm_gqa,8,4,64,1,512,64,11,13,3,head_major_head_first,head_major,head_first,0.053751,-0.143197541116,0,0,true
slm_gqa,8,4,64,1,512,64,11,14,0,head_major_head_first,head_major,head_first,0.05322,-0.143197541116,0,0,true
slm_gqa,8,4,64,1,512,64,11,14,1,block_major_head_first,block_major,head_first,0.053812,-0.143197541116,0,0,true
slm_gqa,8,4,64,1,512,64,11,14,2,block_major_block_first,block_major,block_first,0.053522,-0.143197541116,0,0,true
slm_gqa,8,4,64,1,512,64,11,14,3,head_major_block_first,head_major,block_first,0.054021,-0.143197541116,0,0,true
slm_gqa,8,4,64,1,512,64,11,15,0,block_major_head_first,block_major,head_first,0.054182,-0.143197541116,0,0,true
slm_gqa,8,4,64,1,512,64,11,15,1,head_major_head_first,head_major,head_first,0.053421,-0.143197541116,0,0,true
slm_gqa,8,4,64,1,512,64,11,15,2,block_major_block_first,block_major,block_first,0.054042,-0.143197541116,0,0,true
slm_gqa,8,4,64,1,512,64,11,15,3,head_major_block_first,head_major,block_first,0.053972,-0.143197541116,0,0,true
slm_gqa,8,4,64,1,512,64,11,16,0,block_major_head_first,block_major,head_first,0.054092,-0.143197541116,0,0,true
slm_gqa,8,4,64,1,512,64,11,16,1,head_major_head_first,head_major,head_first,0.053972,-0.143197541116,0,0,true
slm_gqa,8,4,64,1,512,64,11,16,2,head_major_block_first,head_major,block_first,0.053652,-0.143197541116,0,0,true
slm_gqa,8,4,64,1,512,64,11,16,3,block_major_block_first,block_major,block_first,0.054463,-0.143197541116,0,0,true
slm_gqa,8,4,64,1,512,64,11,17,0,block_major_block_first,block_major,block_first,0.053051,-0.143197541116,0,0,true
slm_gqa,8,4,64,1,512,64,11,17,1,head_major_block_first,head_major,block_first,0.053751,-0.143197541116,0,0,true
slm_gqa,8,4,64,1,512,64,11,17,2,head_major_head_first,head_major,head_first,0.053882,-0.143197541116,0,0,true
slm_gqa,8,4,64,1,512,64,11,17,3,block_major_head_first,block_major,head_first,0.053972,-0.143197541116,0,0,true
slm_gqa,8,4,64,1,512,64,11,18,0,head_major_head_first,head_major,head_first,0.053511,-0.143197541116,0,0,true
slm_gqa,8,4,64,1,512,64,11,18,1,block_major_block_first,block_major,block_first,0.053681,-0.143197541116,0,0,true
slm_gqa,8,4,64,1,512,64,11,18,2,head_major_block_first,head_major,block_first,0.054032,-0.143197541116,0,0,true
slm_gqa,8,4,64,1,512,64,11,18,3,block_major_head_first,block_major,head_first,0.054834,-0.143197541116,0,0,true
slm_gqa,8,4,64,1,512,64,11,19,0,head_major_head_first,head_major,head_first,0.053321,-0.143197541116,0,0,true
slm_gqa,8,4,64,1,512,64,11,19,1,head_major_block_first,head_major,block_first,0.053662,-0.143197541116,0,0,true
slm_gqa,8,4,64,1,512,64,11,19,2,block_major_head_first,block_major,head_first,0.054252,-0.143197541116,0,0,true
slm_gqa,8,4,64,1,512,64,11,19,3,block_major_block_first,block_major,block_first,0.053481,-0.143197541116,0,0,true
slm_gqa,8,4,64,1,512,64,29,0,0,head_major_block_first,head_major,block_first,0.052109,-1.21350456346,0,0,true
slm_gqa,8,4,64,1,512,64,29,0,1,block_major_head_first,block_major,head_first,0.054372,-1.21350456346,0,0,true
slm_gqa,8,4,64,1,512,64,29,0,2,block_major_block_first,block_major,block_first,0.053642,-1.21350456346,0,0,true
slm_gqa,8,4,64,1,512,64,29,0,3,head_major_head_first,head_major,head_first,0.052049,-1.21350456346,0,0,true
slm_gqa,8,4,64,1,512,64,29,1,0,head_major_head_first,head_major,head_first,0.051498,-1.21350456346,0,0,true
slm_gqa,8,4,64,1,512,64,29,1,1,block_major_block_first,block_major,block_first,0.054062,-1.21350456346,0,0,true
slm_gqa,8,4,64,1,512,64,29,1,2,head_major_block_first,head_major,block_first,0.05218,-1.21350456346,0,0,true
slm_gqa,8,4,64,1,512,64,29,1,3,block_major_head_first,block_major,head_first,0.054763,-1.21350456346,0,0,true
slm_gqa,8,4,64,1,512,64,29,2,0,head_major_block_first,head_major,block_first,0.051769,-1.21350456346,0,0,true
slm_gqa,8,4,64,1,512,64,29,2,1,block_major_block_first,block_major,block_first,0.054373,-1.21350456346,0,0,true
slm_gqa,8,4,64,1,512,64,29,2,2,block_major_head_first,block_major,head_first,0.054683,-1.21350456346,0,0,true
slm_gqa,8,4,64,1,512,64,29,2,3,head_major_head_first,head_major,head_first,0.051998,-1.21350456346,0,0,true
slm_gqa,8,4,64,1,512,64,29,3,0,block_major_block_first,block_major,block_first,0.053992,-1.21350456346,0,0,true
slm_gqa,8,4,64,1,512,64,29,3,1,head_major_block_first,head_major,block_first,0.051968,-1.21350456346,0,0,true
slm_gqa,8,4,64,1,512,64,29,3,2,head_major_head_first,head_major,head_first,0.051448,-1.21350456346,0,0,true
slm_gqa,8,4,64,1,512,64,29,3,3,block_major_head_first,block_major,head_first,0.054262,-1.21350456346,0,0,true
slm_gqa,8,4,64,1,512,64,29,4,0,head_major_head_first,head_major,head_first,0.051418,-1.21350456346,0,0,true
slm_gqa,8,4,64,1,512,64,29,4,1,head_major_block_first,head_major,block_first,0.051518,-1.21350456346,0,0,true
slm_gqa,8,4,64,1,512,64,29,4,2,block_major_block_first,block_major,block_first,0.054132,-1.21350456346,0,0,true
slm_gqa,8,4,64,1,512,64,29,4,3,block_major_head_first,block_major,head_first,0.054072,-1.21350456346,0,0,true
slm_gqa,8,4,64,1,512,64,29,5,0,head_major_head_first,head_major,head_first,0.051838,-1.21350456346,0,0,true
slm_gqa,8,4,64,1,512,64,29,5,1,block_major_head_first,block_major,head_first,0.053862,-1.21350456346,0,0,true
slm_gqa,8,4,64,1,512,64,29,5,2,head_major_block_first,head_major,block_first,0.052069,-1.21350456346,0,0,true
slm_gqa,8,4,64,1,512,64,29,5,3,block_major_block_first,block_major,block_first,0.054753,-1.21350456346,0,0,true
slm_gqa,8,4,64,1,512,64,29,6,0,block_major_block_first,block_major,block_first,0.053712,-1.21350456346,0,0,true
slm_gqa,8,4,64,1,512,64,29,6,1,block_major_head_first,block_major,head_first,0.054623,-1.21350456346,0,0,true
slm_gqa,8,4,64,1,512,64,29,6,2,head_major_head_first,head_major,head_first,0.051669,-1.21350456346,0,0,true
slm_gqa,8,4,64,1,512,64,29,6,3,head_major_block_first,head_major,block_first,0.051478,-1.21350456346,0,0,true
slm_gqa,8,4,64,1,512,64,29,7,0,block_major_block_first,block_major,block_first,0.054462,-1.21350456346,0,0,true
slm_gqa,8,4,64,1,512,64,29,7,1,block_major_head_first,block_major,head_first,0.107643,-1.21350456346,0,0,true
slm_gqa,8,4,64,1,512,64,29,7,2,head_major_head_first,head_major,head_first,0.051909,-1.21350456346,0,0,true
slm_gqa,8,4,64,1,512,64,29,7,3,head_major_block_first,head_major,block_first,0.051378,-1.21350456346,0,0,true
slm_gqa,8,4,64,1,512,64,29,8,0,head_major_block_first,head_major,block_first,0.051358,-1.21350456346,0,0,true
slm_gqa,8,4,64,1,512,64,29,8,1,block_major_head_first,block_major,head_first,0.054713,-1.21350456346,0,0,true
slm_gqa,8,4,64,1,512,64,29,8,2,head_major_head_first,head_major,head_first,0.051959,-1.21350456346,0,0,true
slm_gqa,8,4,64,1,512,64,29,8,3,block_major_block_first,block_major,block_first,0.054372,-1.21350456346,0,0,true
slm_gqa,8,4,64,1,512,64,29,9,0,head_major_head_first,head_major,head_first,0.051659,-1.21350456346,0,0,true
slm_gqa,8,4,64,1,512,64,29,9,1,block_major_head_first,block_major,head_first,0.054462,-1.21350456346,0,0,true
slm_gqa,8,4,64,1,512,64,29,9,2,head_major_block_first,head_major,block_first,0.0521,-1.21350456346,0,0,true
slm_gqa,8,4,64,1,512,64,29,9,3,block_major_block_first,block_major,block_first,0.054352,-1.21350456346,0,0,true
slm_gqa,8,4,64,1,512,64,29,10,0,head_major_block_first,head_major,block_first,0.051808,-1.21350456346,0,0,true
slm_gqa,8,4,64,1,512,64,29,10,1,head_major_head_first,head_major,head_first,0.051659,-1.21350456346,0,0,true
slm_gqa,8,4,64,1,512,64,29,10,2,block_major_head_first,block_major,head_first,0.054132,-1.21350456346,0,0,true
slm_gqa,8,4,64,1,512,64,29,10,3,block_major_block_first,block_major,block_first,0.053872,-1.21350456346,0,0,true
slm_gqa,8,4,64,1,512,64,29,11,0,block_major_block_first,block_major,block_first,0.053661,-1.21350456346,0,0,true
slm_gqa,8,4,64,1,512,64,29,11,1,head_major_block_first,head_major,block_first,0.051859,-1.21350456346,0,0,true
slm_gqa,8,4,64,1,512,64,29,11,2,block_major_head_first,block_major,head_first,0.054763,-1.21350456346,0,0,true
slm_gqa,8,4,64,1,512,64,29,11,3,head_major_head_first,head_major,head_first,0.051939,-1.21350456346,0,0,true
slm_gqa,8,4,64,1,512,64,29,12,0,block_major_head_first,block_major,head_first,0.054202,-1.21350456346,0,0,true
slm_gqa,8,4,64,1,512,64,29,12,1,head_major_head_first,head_major,head_first,0.051778,-1.21350456346,0,0,true
slm_gqa,8,4,64,1,512,64,29,12,2,head_major_block_first,head_major,block_first,0.051728,-1.21350456346,0,0,true
slm_gqa,8,4,64,1,512,64,29,12,3,block_major_block_first,block_major,block_first,0.054473,-1.21350456346,0,0,true
slm_gqa,8,4,64,1,512,64,29,13,0,block_major_block_first,block_major,block_first,0.053662,-1.21350456346,0,0,true
slm_gqa,8,4,64,1,512,64,29,13,1,block_major_head_first,block_major,head_first,0.053922,-1.21350456346,0,0,true
slm_gqa,8,4,64,1,512,64,29,13,2,head_major_block_first,head_major,block_first,0.052219,-1.21350456346,0,0,true
slm_gqa,8,4,64,1,512,64,29,13,3,head_major_head_first,head_major,head_first,0.051908,-1.21350456346,0,0,true
slm_gqa,8,4,64,1,512,64,29,14,0,head_major_block_first,head_major,block_first,0.051428,-1.21350456346,0,0,true
slm_gqa,8,4,64,1,512,64,29,14,1,block_major_block_first,block_major,block_first,0.054383,-1.21350456346,0,0,true
slm_gqa,8,4,64,1,512,64,29,14,2,block_major_head_first,block_major,head_first,0.053972,-1.21350456346,0,0,true
slm_gqa,8,4,64,1,512,64,29,14,3,head_major_head_first,head_major,head_first,0.051538,-1.21350456346,0,0,true
slm_gqa,8,4,64,1,512,64,29,15,0,head_major_head_first,head_major,head_first,0.051018,-1.21350456346,0,0,true
slm_gqa,8,4,64,1,512,64,29,15,1,block_major_head_first,block_major,head_first,0.053651,-1.21350456346,0,0,true
slm_gqa,8,4,64,1,512,64,29,15,2,block_major_block_first,block_major,block_first,0.053862,-1.21350456346,0,0,true
slm_gqa,8,4,64,1,512,64,29,15,3,head_major_block_first,head_major,block_first,0.05243,-1.21350456346,0,0,true
slm_gqa,8,4,64,1,512,64,29,16,0,head_major_head_first,head_major,head_first,0.051819,-1.21350456346,0,0,true
slm_gqa,8,4,64,1,512,64,29,16,1,head_major_block_first,head_major,block_first,0.051468,-1.21350456346,0,0,true
slm_gqa,8,4,64,1,512,64,29,16,2,block_major_head_first,block_major,head_first,0.054322,-1.21350456346,0,0,true
slm_gqa,8,4,64,1,512,64,29,16,3,block_major_block_first,block_major,block_first,0.053892,-1.21350456346,0,0,true
slm_gqa,8,4,64,1,512,64,29,17,0,head_major_block_first,head_major,block_first,0.051969,-1.21350456346,0,0,true
slm_gqa,8,4,64,1,512,64,29,17,1,block_major_block_first,block_major,block_first,0.054333,-1.21350456346,0,0,true
slm_gqa,8,4,64,1,512,64,29,17,2,block_major_head_first,block_major,head_first,0.054002,-1.21350456346,0,0,true
slm_gqa,8,4,64,1,512,64,29,17,3,head_major_head_first,head_major,head_first,0.052349,-1.21350456346,0,0,true
slm_gqa,8,4,64,1,512,64,29,18,0,block_major_block_first,block_major,block_first,0.054012,-1.21350456346,0,0,true
slm_gqa,8,4,64,1,512,64,29,18,1,head_major_head_first,head_major,head_first,0.051528,-1.21350456346,0,0,true
slm_gqa,8,4,64,1,512,64,29,18,2,block_major_head_first,block_major,head_first,0.054603,-1.21350456346,0,0,true
slm_gqa,8,4,64,1,512,64,29,18,3,head_major_block_first,head_major,block_first,0.052249,-1.21350456346,0,0,true
slm_gqa,8,4,64,1,512,64,29,19,0,head_major_head_first,head_major,head_first,0.051489,-1.21350456346,0,0,true
slm_gqa,8,4,64,1,512,64,29,19,1,block_major_head_first,block_major,head_first,0.054302,-1.21350456346,0,0,true
slm_gqa,8,4,64,1,512,64,29,19,2,block_major_block_first,block_major,block_first,0.053781,-1.21350456346,0,0,true
slm_gqa,8,4,64,1,512,64,29,19,3,head_major_block_first,head_major,block_first,0.052029,-1.21350456346,0,0,true
slm_gqa,8,4,64,1,512,64,47,0,0,head_major_head_first,head_major,head_first,0.051869,2.51669499708,0,0,true
slm_gqa,8,4,64,1,512,64,47,0,1,block_major_head_first,block_major,head_first,0.054182,2.51669499708,0,0,true
slm_gqa,8,4,64,1,512,64,47,0,2,block_major_block_first,block_major,block_first,0.054062,2.51669499708,0,0,true
slm_gqa,8,4,64,1,512,64,47,0,3,head_major_block_first,head_major,block_first,0.052289,2.51669499708,0,0,true
slm_gqa,8,4,64,1,512,64,47,1,0,block_major_head_first,block_major,head_first,0.054402,2.51669499708,0,0,true
slm_gqa,8,4,64,1,512,64,47,1,1,head_major_block_first,head_major,block_first,0.051919,2.51669499708,0,0,true
slm_gqa,8,4,64,1,512,64,47,1,2,block_major_block_first,block_major,block_first,0.055054,2.51669499708,0,0,true
slm_gqa,8,4,64,1,512,64,47,1,3,head_major_head_first,head_major,head_first,0.051759,2.51669499708,0,0,true
slm_gqa,8,4,64,1,512,64,47,2,0,block_major_block_first,block_major,block_first,0.054442,2.51669499708,0,0,true
slm_gqa,8,4,64,1,512,64,47,2,1,head_major_block_first,head_major,block_first,0.062455,2.51669499708,0,0,true
slm_gqa,8,4,64,1,512,64,47,2,2,head_major_head_first,head_major,head_first,0.051448,2.51669499708,0,0,true
slm_gqa,8,4,64,1,512,64,47,2,3,block_major_head_first,block_major,head_first,0.054753,2.51669499708,0,0,true
slm_gqa,8,4,64,1,512,64,47,3,0,block_major_head_first,block_major,head_first,0.054062,2.51669499708,0,0,true
slm_gqa,8,4,64,1,512,64,47,3,1,head_major_block_first,head_major,block_first,0.052389,2.51669499708,0,0,true
slm_gqa,8,4,64,1,512,64,47,3,2,head_major_head_first,head_major,head_first,0.051408,2.51669499708,0,0,true
slm_gqa,8,4,64,1,512,64,47,3,3,block_major_block_first,block_major,block_first,0.054853,2.51669499708,0,0,true
slm_gqa,8,4,64,1,512,64,47,4,0,block_major_head_first,block_major,head_first,0.054282,2.51669499708,0,0,true
slm_gqa,8,4,64,1,512,64,47,4,1,block_major_block_first,block_major,block_first,0.054253,2.51669499708,0,0,true
slm_gqa,8,4,64,1,512,64,47,4,2,head_major_block_first,head_major,block_first,0.0523,2.51669499708,0,0,true
slm_gqa,8,4,64,1,512,64,47,4,3,head_major_head_first,head_major,head_first,0.051498,2.51669499708,0,0,true
slm_gqa,8,4,64,1,512,64,47,5,0,head_major_head_first,head_major,head_first,0.051338,2.51669499708,0,0,true
slm_gqa,8,4,64,1,512,64,47,5,1,block_major_block_first,block_major,block_first,0.054883,2.51669499708,0,0,true
slm_gqa,8,4,64,1,512,64,47,5,2,head_major_block_first,head_major,block_first,0.052229,2.51669499708,0,0,true
slm_gqa,8,4,64,1,512,64,47,5,3,block_major_head_first,block_major,head_first,0.054392,2.51669499708,0,0,true
slm_gqa,8,4,64,1,512,64,47,6,0,head_major_block_first,head_major,block_first,0.052069,2.51669499708,0,0,true
slm_gqa,8,4,64,1,512,64,47,6,1,block_major_block_first,block_major,block_first,0.054723,2.51669499708,0,0,true
slm_gqa,8,4,64,1,512,64,47,6,2,head_major_head_first,head_major,head_first,0.052069,2.51669499708,0,0,true
slm_gqa,8,4,64,1,512,64,47,6,3,block_major_head_first,block_major,head_first,0.054552,2.51669499708,0,0,true
slm_gqa,8,4,64,1,512,64,47,7,0,head_major_block_first,head_major,block_first,0.052069,2.51669499708,0,0,true
slm_gqa,8,4,64,1,512,64,47,7,1,block_major_block_first,block_major,block_first,0.054382,2.51669499708,0,0,true
slm_gqa,8,4,64,1,512,64,47,7,2,block_major_head_first,block_major,head_first,0.053982,2.51669499708,0,0,true
slm_gqa,8,4,64,1,512,64,47,7,3,head_major_head_first,head_major,head_first,0.051748,2.51669499708,0,0,true
slm_gqa,8,4,64,1,512,64,47,8,0,block_major_block_first,block_major,block_first,0.054462,2.51669499708,0,0,true
slm_gqa,8,4,64,1,512,64,47,8,1,head_major_block_first,head_major,block_first,0.052289,2.51669499708,0,0,true
slm_gqa,8,4,64,1,512,64,47,8,2,head_major_head_first,head_major,head_first,0.051228,2.51669499708,0,0,true
slm_gqa,8,4,64,1,512,64,47,8,3,block_major_head_first,block_major,head_first,0.054443,2.51669499708,0,0,true
slm_gqa,8,4,64,1,512,64,47,9,0,block_major_block_first,block_major,block_first,0.054202,2.51669499708,0,0,true
slm_gqa,8,4,64,1,512,64,47,9,1,block_major_head_first,block_major,head_first,0.053532,2.51669499708,0,0,true
slm_gqa,8,4,64,1,512,64,47,9,2,head_major_head_first,head_major,head_first,0.051649,2.51669499708,0,0,true
slm_gqa,8,4,64,1,512,64,47,9,3,head_major_block_first,head_major,block_first,0.051458,2.51669499708,0,0,true
slm_gqa,8,4,64,1,512,64,47,10,0,block_major_block_first,block_major,block_first,0.054563,2.51669499708,0,0,true
slm_gqa,8,4,64,1,512,64,47,10,1,block_major_head_first,block_major,head_first,0.054152,2.51669499708,0,0,true
slm_gqa,8,4,64,1,512,64,47,10,2,head_major_block_first,head_major,block_first,0.052019,2.51669499708,0,0,true
slm_gqa,8,4,64,1,512,64,47,10,3,head_major_head_first,head_major,head_first,0.051508,2.51669499708,0,0,true
slm_gqa,8,4,64,1,512,64,47,11,0,block_major_block_first,block_major,block_first,0.054773,2.51669499708,0,0,true
slm_gqa,8,4,64,1,512,64,47,11,1,block_major_head_first,block_major,head_first,0.053561,2.51669499708,0,0,true
slm_gqa,8,4,64,1,512,64,47,11,2,head_major_block_first,head_major,block_first,0.052309,2.51669499708,0,0,true
slm_gqa,8,4,64,1,512,64,47,11,3,head_major_head_first,head_major,head_first,0.051267,2.51669499708,0,0,true
slm_gqa,8,4,64,1,512,64,47,12,0,head_major_head_first,head_major,head_first,0.051288,2.51669499708,0,0,true
slm_gqa,8,4,64,1,512,64,47,12,1,block_major_block_first,block_major,block_first,0.054633,2.51669499708,0,0,true
slm_gqa,8,4,64,1,512,64,47,12,2,block_major_head_first,block_major,head_first,0.053461,2.51669499708,0,0,true
slm_gqa,8,4,64,1,512,64,47,12,3,head_major_block_first,head_major,block_first,0.052079,2.51669499708,0,0,true
slm_gqa,8,4,64,1,512,64,47,13,0,block_major_block_first,block_major,block_first,0.054323,2.51669499708,0,0,true
slm_gqa,8,4,64,1,512,64,47,13,1,block_major_head_first,block_major,head_first,0.053591,2.51669499708,0,0,true
slm_gqa,8,4,64,1,512,64,47,13,2,head_major_block_first,head_major,block_first,0.052029,2.51669499708,0,0,true
slm_gqa,8,4,64,1,512,64,47,13,3,head_major_head_first,head_major,head_first,0.051538,2.51669499708,0,0,true
slm_gqa,8,4,64,1,512,64,47,14,0,head_major_block_first,head_major,block_first,0.051718,2.51669499708,0,0,true
slm_gqa,8,4,64,1,512,64,47,14,1,block_major_block_first,block_major,block_first,0.054613,2.51669499708,0,0,true
slm_gqa,8,4,64,1,512,64,47,14,2,block_major_head_first,block_major,head_first,0.053652,2.51669499708,0,0,true
slm_gqa,8,4,64,1,512,64,47,14,3,head_major_head_first,head_major,head_first,0.051518,2.51669499708,0,0,true
slm_gqa,8,4,64,1,512,64,47,15,0,block_major_block_first,block_major,block_first,0.054403,2.51669499708,0,0,true
slm_gqa,8,4,64,1,512,64,47,15,1,head_major_block_first,head_major,block_first,0.052149,2.51669499708,0,0,true
slm_gqa,8,4,64,1,512,64,47,15,2,head_major_head_first,head_major,head_first,0.051288,2.51669499708,0,0,true
slm_gqa,8,4,64,1,512,64,47,15,3,block_major_head_first,block_major,head_first,0.054633,2.51669499708,0,0,true
slm_gqa,8,4,64,1,512,64,47,16,0,head_major_block_first,head_major,block_first,0.051909,2.51669499708,0,0,true
slm_gqa,8,4,64,1,512,64,47,16,1,head_major_head_first,head_major,head_first,0.051328,2.51669499708,0,0,true
slm_gqa,8,4,64,1,512,64,47,16,2,block_major_block_first,block_major,block_first,0.054763,2.51669499708,0,0,true
slm_gqa,8,4,64,1,512,64,47,16,3,block_major_head_first,block_major,head_first,0.053851,2.51669499708,0,0,true
slm_gqa,8,4,64,1,512,64,47,17,0,block_major_head_first,block_major,head_first,0.053491,2.51669499708,0,0,true
slm_gqa,8,4,64,1,512,64,47,17,1,head_major_block_first,head_major,block_first,0.051949,2.51669499708,0,0,true
slm_gqa,8,4,64,1,512,64,47,17,2,head_major_head_first,head_major,head_first,0.051588,2.51669499708,0,0,true
slm_gqa,8,4,64,1,512,64,47,17,3,block_major_block_first,block_major,block_first,0.054553,2.51669499708,0,0,true
slm_gqa,8,4,64,1,512,64,47,18,0,head_major_head_first,head_major,head_first,0.052059,2.51669499708,0,0,true
slm_gqa,8,4,64,1,512,64,47,18,1,head_major_block_first,head_major,block_first,0.051529,2.51669499708,0,0,true
slm_gqa,8,4,64,1,512,64,47,18,2,block_major_head_first,block_major,head_first,0.054332,2.51669499708,0,0,true
slm_gqa,8,4,64,1,512,64,47,18,3,block_major_block_first,block_major,block_first,0.054363,2.51669499708,0,0,true
slm_gqa,8,4,64,1,512,64,47,19,0,block_major_head_first,block_major,head_first,0.053371,2.51669499708,0,0,true
slm_gqa,8,4,64,1,512,64,47,19,1,block_major_block_first,block_major,block_first,0.053751,2.51669499708,0,0,true
slm_gqa,8,4,64,1,512,64,47,19,2,head_major_block_first,head_major,block_first,0.062825,2.51669499708,0,0,true
slm_gqa,8,4,64,1,512,64,47,19,3,head_major_head_first,head_major,head_first,0.051829,2.51669499708,0,0,true
slm_gqa,8,4,64,1,2048,64,11,0,0,block_major_block_first,block_major,block_first,0.084689,0.285165353938,0,0,true
slm_gqa,8,4,64,1,2048,64,11,0,1,head_major_block_first,head_major,block_first,0.085469,0.285165353938,0,0,true
slm_gqa,8,4,64,1,2048,64,11,0,2,block_major_head_first,block_major,head_first,0.087342,0.285165353938,0,0,true
slm_gqa,8,4,64,1,2048,64,11,0,3,head_major_head_first,head_major,head_first,0.084798,0.285165353938,0,0,true
slm_gqa,8,4,64,1,2048,64,11,1,0,block_major_block_first,block_major,block_first,0.08536,0.285165353938,0,0,true
slm_gqa,8,4,64,1,2048,64,11,1,1,head_major_block_first,head_major,block_first,0.08572,0.285165353938,0,0,true
slm_gqa,8,4,64,1,2048,64,11,1,2,head_major_head_first,head_major,head_first,0.084558,0.285165353938,0,0,true
slm_gqa,8,4,64,1,2048,64,11,1,3,block_major_head_first,block_major,head_first,0.087713,0.285165353938,0,0,true
slm_gqa,8,4,64,1,2048,64,11,2,0,block_major_block_first,block_major,block_first,0.085079,0.285165353938,0,0,true
slm_gqa,8,4,64,1,2048,64,11,2,1,head_major_head_first,head_major,head_first,0.084698,0.285165353938,0,0,true
slm_gqa,8,4,64,1,2048,64,11,2,2,block_major_head_first,block_major,head_first,0.087303,0.285165353938,0,0,true
slm_gqa,8,4,64,1,2048,64,11,2,3,head_major_block_first,head_major,block_first,0.08553,0.285165353938,0,0,true
slm_gqa,8,4,64,1,2048,64,11,3,0,head_major_block_first,head_major,block_first,0.085309,0.285165353938,0,0,true
slm_gqa,8,4,64,1,2048,64,11,3,1,block_major_block_first,block_major,block_first,0.085069,0.285165353938,0,0,true
slm_gqa,8,4,64,1,2048,64,11,3,2,block_major_head_first,block_major,head_first,0.086892,0.285165353938,0,0,true
slm_gqa,8,4,64,1,2048,64,11,3,3,head_major_head_first,head_major,head_first,0.084709,0.285165353938,0,0,true
slm_gqa,8,4,64,1,2048,64,11,4,0,head_major_block_first,head_major,block_first,0.085319,0.285165353938,0,0,true
slm_gqa,8,4,64,1,2048,64,11,4,1,block_major_head_first,block_major,head_first,0.086901,0.285165353938,0,0,true
slm_gqa,8,4,64,1,2048,64,11,4,2,block_major_block_first,block_major,block_first,0.084739,0.285165353938,0,0,true
slm_gqa,8,4,64,1,2048,64,11,4,3,head_major_head_first,head_major,head_first,0.08522,0.285165353938,0,0,true
slm_gqa,8,4,64,1,2048,64,11,5,0,block_major_block_first,block_major,block_first,0.085289,0.285165353938,0,0,true
slm_gqa,8,4,64,1,2048,64,11,5,1,head_major_block_first,head_major,block_first,0.08586,0.285165353938,0,0,true
slm_gqa,8,4,64,1,2048,64,11,5,2,block_major_head_first,block_major,head_first,0.087673,0.285165353938,0,0,true
slm_gqa,8,4,64,1,2048,64,11,5,3,head_major_head_first,head_major,head_first,0.084288,0.285165353938,0,0,true
slm_gqa,8,4,64,1,2048,64,11,6,0,block_major_block_first,block_major,block_first,0.08521,0.285165353938,0,0,true
slm_gqa,8,4,64,1,2048,64,11,6,1,block_major_head_first,block_major,head_first,0.087112,0.285165353938,0,0,true
slm_gqa,8,4,64,1,2048,64,11,6,2,head_major_head_first,head_major,head_first,0.084589,0.285165353938,0,0,true
slm_gqa,8,4,64,1,2048,64,11,6,3,head_major_block_first,head_major,block_first,0.085499,0.285165353938,0,0,true
slm_gqa,8,4,64,1,2048,64,11,7,0,head_major_block_first,head_major,block_first,0.085089,0.285165353938,0,0,true
slm_gqa,8,4,64,1,2048,64,11,7,1,head_major_head_first,head_major,head_first,0.084929,0.285165353938,0,0,true
slm_gqa,8,4,64,1,2048,64,11,7,2,block_major_block_first,block_major,block_first,0.084879,0.285165353938,0,0,true
slm_gqa,8,4,64,1,2048,64,11,7,3,block_major_head_first,block_major,head_first,0.086972,0.285165353938,0,0,true
slm_gqa,8,4,64,1,2048,64,11,8,0,head_major_head_first,head_major,head_first,0.084889,0.285165353938,0,0,true
slm_gqa,8,4,64,1,2048,64,11,8,1,head_major_block_first,head_major,block_first,0.08579,0.285165353938,0,0,true
slm_gqa,8,4,64,1,2048,64,11,8,2,block_major_head_first,block_major,head_first,0.087132,0.285165353938,0,0,true
slm_gqa,8,4,64,1,2048,64,11,8,3,block_major_block_first,block_major,block_first,0.084498,0.285165353938,0,0,true
slm_gqa,8,4,64,1,2048,64,11,9,0,block_major_block_first,block_major,block_first,0.084729,0.285165353938,0,0,true
slm_gqa,8,4,64,1,2048,64,11,9,1,head_major_block_first,head_major,block_first,0.08586,0.285165353938,0,0,true
slm_gqa,8,4,64,1,2048,64,11,9,2,block_major_head_first,block_major,head_first,0.094122,0.285165353938,0,0,true
slm_gqa,8,4,64,1,2048,64,11,9,3,head_major_head_first,head_major,head_first,0.084438,0.285165353938,0,0,true
slm_gqa,8,4,64,1,2048,64,11,10,0,head_major_block_first,head_major,block_first,0.091649,0.285165353938,0,0,true
slm_gqa,8,4,64,1,2048,64,11,10,1,block_major_head_first,block_major,head_first,0.087383,0.285165353938,0,0,true
slm_gqa,8,4,64,1,2048,64,11,10,2,head_major_head_first,head_major,head_first,0.084448,0.285165353938,0,0,true
slm_gqa,8,4,64,1,2048,64,11,10,3,block_major_block_first,block_major,block_first,0.08525,0.285165353938,0,0,true
slm_gqa,8,4,64,1,2048,64,11,11,0,block_major_block_first,block_major,block_first,0.084789,0.285165353938,0,0,true
slm_gqa,8,4,64,1,2048,64,11,11,1,block_major_head_first,block_major,head_first,0.086782,0.285165353938,0,0,true
slm_gqa,8,4,64,1,2048,64,11,11,2,head_major_block_first,head_major,block_first,0.08565,0.285165353938,0,0,true
slm_gqa,8,4,64,1,2048,64,11,11,3,head_major_head_first,head_major,head_first,0.084939,0.285165353938,0,0,true
slm_gqa,8,4,64,1,2048,64,11,12,0,block_major_head_first,block_major,head_first,0.087082,0.285165353938,0,0,true
slm_gqa,8,4,64,1,2048,64,11,12,1,head_major_block_first,head_major,block_first,0.08535,0.285165353938,0,0,true
slm_gqa,8,4,64,1,2048,64,11,12,2,block_major_block_first,block_major,block_first,0.08545,0.285165353938,0,0,true
slm_gqa,8,4,64,1,2048,64,11,12,3,head_major_head_first,head_major,head_first,0.084879,0.285165353938,0,0,true
slm_gqa,8,4,64,1,2048,64,11,13,0,block_major_block_first,block_major,block_first,0.085059,0.285165353938,0,0,true
slm_gqa,8,4,64,1,2048,64,11,13,1,block_major_head_first,block_major,head_first,0.087603,0.285165353938,0,0,true
slm_gqa,8,4,64,1,2048,64,11,13,2,head_major_block_first,head_major,block_first,0.085931,0.285165353938,0,0,true
slm_gqa,8,4,64,1,2048,64,11,13,3,head_major_head_first,head_major,head_first,0.084899,0.285165353938,0,0,true
slm_gqa,8,4,64,1,2048,64,11,14,0,head_major_block_first,head_major,block_first,0.08573,0.285165353938,0,0,true
slm_gqa,8,4,64,1,2048,64,11,14,1,head_major_head_first,head_major,head_first,0.084789,0.285165353938,0,0,true
slm_gqa,8,4,64,1,2048,64,11,14,2,block_major_block_first,block_major,block_first,0.085349,0.285165353938,0,0,true
slm_gqa,8,4,64,1,2048,64,11,14,3,block_major_head_first,block_major,head_first,0.087542,0.285165353938,0,0,true
slm_gqa,8,4,64,1,2048,64,11,15,0,head_major_head_first,head_major,head_first,0.084959,0.285165353938,0,0,true
slm_gqa,8,4,64,1,2048,64,11,15,1,head_major_block_first,head_major,block_first,0.08571,0.285165353938,0,0,true
slm_gqa,8,4,64,1,2048,64,11,15,2,block_major_head_first,block_major,head_first,0.087372,0.285165353938,0,0,true
slm_gqa,8,4,64,1,2048,64,11,15,3,block_major_block_first,block_major,block_first,0.085179,0.285165353938,0,0,true
slm_gqa,8,4,64,1,2048,64,11,16,0,head_major_head_first,head_major,head_first,0.084919,0.285165353938,0,0,true
slm_gqa,8,4,64,1,2048,64,11,16,1,head_major_block_first,head_major,block_first,0.085911,0.285165353938,0,0,true
slm_gqa,8,4,64,1,2048,64,11,16,2,block_major_head_first,block_major,head_first,0.087923,0.285165353938,0,0,true
slm_gqa,8,4,64,1,2048,64,11,16,3,block_major_block_first,block_major,block_first,0.085089,0.285165353938,0,0,true
slm_gqa,8,4,64,1,2048,64,11,17,0,head_major_head_first,head_major,head_first,0.085089,0.285165353938,0,0,true
slm_gqa,8,4,64,1,2048,64,11,17,1,block_major_head_first,block_major,head_first,0.087403,0.285165353938,0,0,true
slm_gqa,8,4,64,1,2048,64,11,17,2,block_major_block_first,block_major,block_first,0.084919,0.285165353938,0,0,true
slm_gqa,8,4,64,1,2048,64,11,17,3,head_major_block_first,head_major,block_first,0.085109,0.285165353938,0,0,true
slm_gqa,8,4,64,1,2048,64,11,18,0,block_major_head_first,block_major,head_first,0.087273,0.285165353938,0,0,true
slm_gqa,8,4,64,1,2048,64,11,18,1,head_major_head_first,head_major,head_first,0.084999,0.285165353938,0,0,true
slm_gqa,8,4,64,1,2048,64,11,18,2,block_major_block_first,block_major,block_first,0.084969,0.285165353938,0,0,true
slm_gqa,8,4,64,1,2048,64,11,18,3,head_major_block_first,head_major,block_first,0.08567,0.285165353938,0,0,true
slm_gqa,8,4,64,1,2048,64,11,19,0,head_major_block_first,head_major,block_first,0.08514,0.285165353938,0,0,true
slm_gqa,8,4,64,1,2048,64,11,19,1,head_major_head_first,head_major,head_first,0.085019,0.285165353938,0,0,true
slm_gqa,8,4,64,1,2048,64,11,19,2,block_major_head_first,block_major,head_first,0.087362,0.285165353938,0,0,true
slm_gqa,8,4,64,1,2048,64,11,19,3,block_major_block_first,block_major,block_first,0.084979,0.285165353938,0,0,true
slm_gqa,8,4,64,1,2048,64,29,0,0,head_major_head_first,head_major,head_first,0.081915,-0.322057832962,0,0,true
slm_gqa,8,4,64,1,2048,64,29,0,1,head_major_block_first,head_major,block_first,0.082285,-0.322057832962,0,0,true
slm_gqa,8,4,64,1,2048,64,29,0,2,block_major_head_first,block_major,head_first,0.088144,-0.322057832962,0,0,true
slm_gqa,8,4,64,1,2048,64,29,0,3,block_major_block_first,block_major,block_first,0.08559,-0.322057832962,0,0,true
slm_gqa,8,4,64,1,2048,64,29,1,0,head_major_block_first,head_major,block_first,0.082475,-0.322057832962,0,0,true
slm_gqa,8,4,64,1,2048,64,29,1,1,block_major_block_first,block_major,block_first,0.085439,-0.322057832962,0,0,true
slm_gqa,8,4,64,1,2048,64,29,1,2,head_major_head_first,head_major,head_first,0.081073,-0.322057832962,0,0,true
slm_gqa,8,4,64,1,2048,64,29,1,3,block_major_head_first,block_major,head_first,0.087653,-0.322057832962,0,0,true
slm_gqa,8,4,64,1,2048,64,29,2,0,head_major_block_first,head_major,block_first,0.082265,-0.322057832962,0,0,true
slm_gqa,8,4,64,1,2048,64,29,2,1,head_major_head_first,head_major,head_first,0.089425,-0.322057832962,0,0,true
slm_gqa,8,4,64,1,2048,64,29,2,2,block_major_head_first,block_major,head_first,0.087402,-0.322057832962,0,0,true
slm_gqa,8,4,64,1,2048,64,29,2,3,block_major_block_first,block_major,block_first,0.08564,-0.322057832962,0,0,true
slm_gqa,8,4,64,1,2048,64,29,3,0,head_major_block_first,head_major,block_first,0.082445,-0.322057832962,0,0,true
slm_gqa,8,4,64,1,2048,64,29,3,1,block_major_block_first,block_major,block_first,0.085971,-0.322057832962,0,0,true
slm_gqa,8,4,64,1,2048,64,29,3,2,head_major_head_first,head_major,head_first,0.081223,-0.322057832962,0,0,true
slm_gqa,8,4,64,1,2048,64,29,3,3,block_major_head_first,block_major,head_first,0.088504,-0.322057832962,0,0,true
slm_gqa,8,4,64,1,2048,64,29,4,0,head_major_block_first,head_major,block_first,0.082335,-0.322057832962,0,0,true
slm_gqa,8,4,64,1,2048,64,29,4,1,block_major_block_first,block_major,block_first,0.085841,-0.322057832962,0,0,true
slm_gqa,8,4,64,1,2048,64,29,4,2,head_major_head_first,head_major,head_first,0.081243,-0.322057832962,0,0,true
slm_gqa,8,4,64,1,2048,64,29,4,3,block_major_head_first,block_major,head_first,0.087643,-0.322057832962,0,0,true
slm_gqa,8,4,64,1,2048,64,29,5,0,block_major_block_first,block_major,block_first,0.085189,-0.322057832962,0,0,true
slm_gqa,8,4,64,1,2048,64,29,5,1,block_major_head_first,block_major,head_first,0.087463,-0.322057832962,0,0,true
slm_gqa,8,4,64,1,2048,64,29,5,2,head_major_block_first,head_major,block_first,0.082044,-0.322057832962,0,0,true
slm_gqa,8,4,64,1,2048,64,29,5,3,head_major_head_first,head_major,head_first,0.081193,-0.322057832962,0,0,true
slm_gqa,8,4,64,1,2048,64,29,6,0,block_major_head_first,block_major,head_first,0.087393,-0.322057832962,0,0,true
slm_gqa,8,4,64,1,2048,64,29,6,1,head_major_block_first,head_major,block_first,0.082155,-0.322057832962,0,0,true
slm_gqa,8,4,64,1,2048,64,29,6,2,head_major_head_first,head_major,head_first,0.081183,-0.322057832962,0,0,true
slm_gqa,8,4,64,1,2048,64,29,6,3,block_major_block_first,block_major,block_first,0.08558,-0.322057832962,0,0,true
slm_gqa,8,4,64,1,2048,64,29,7,0,head_major_head_first,head_major,head_first,0.080863,-0.322057832962,0,0,true
slm_gqa,8,4,64,1,2048,64,29,7,1,block_major_block_first,block_major,block_first,0.08586,-0.322057832962,0,0,true
slm_gqa,8,4,64,1,2048,64,29,7,2,head_major_block_first,head_major,block_first,0.082144,-0.322057832962,0,0,true
slm_gqa,8,4,64,1,2048,64,29,7,3,block_major_head_first,block_major,head_first,0.087382,-0.322057832962,0,0,true
slm_gqa,8,4,64,1,2048,64,29,8,0,head_major_head_first,head_major,head_first,0.080953,-0.322057832962,0,0,true
slm_gqa,8,4,64,1,2048,64,29,8,1,block_major_block_first,block_major,block_first,0.085609,-0.322057832962,0,0,true
slm_gqa,8,4,64,1,2048,64,29,8,2,head_major_block_first,head_major,block_first,0.082625,-0.322057832962,0,0,true
slm_gqa,8,4,64,1,2048,64,29,8,3,block_major_head_first,block_major,head_first,0.086942,-0.322057832962,0,0,true
slm_gqa,8,4,64,1,2048,64,29,9,0,block_major_head_first,block_major,head_first,0.087193,-0.322057832962,0,0,true
slm_gqa,8,4,64,1,2048,64,29,9,1,block_major_block_first,block_major,block_first,0.08563,-0.322057832962,0,0,true
slm_gqa,8,4,64,1,2048,64,29,9,2,head_major_head_first,head_major,head_first,0.080893,-0.322057832962,0,0,true
slm_gqa,8,4,64,1,2048,64,29,9,3,head_major_block_first,head_major,block_first,0.082105,-0.322057832962,0,0,true
slm_gqa,8,4,64,1,2048,64,29,10,0,head_major_block_first,head_major,block_first,0.081474,-0.322057832962,0,0,true
slm_gqa,8,4,64,1,2048,64,29,10,1,block_major_block_first,block_major,block_first,0.08572,-0.322057832962,0,0,true
slm_gqa,8,4,64,1,2048,64,29,10,2,block_major_head_first,block_major,head_first,0.087172,-0.322057832962,0,0,true
slm_gqa,8,4,64,1,2048,64,29,10,3,head_major_head_first,head_major,head_first,0.081233,-0.322057832962,0,0,true
slm_gqa,8,4,64,1,2048,64,29,11,0,block_major_block_first,block_major,block_first,0.08582,-0.322057832962,0,0,true
slm_gqa,8,4,64,1,2048,64,29,11,1,head_major_block_first,head_major,block_first,0.082114,-0.322057832962,0,0,true
slm_gqa,8,4,64,1,2048,64,29,11,2,block_major_head_first,block_major,head_first,0.087212,-0.322057832962,0,0,true
slm_gqa,8,4,64,1,2048,64,29,11,3,head_major_head_first,head_major,head_first,0.081243,-0.322057832962,0,0,true
slm_gqa,8,4,64,1,2048,64,29,12,0,block_major_head_first,block_major,head_first,0.087332,-0.322057832962,0,0,true
slm_gqa,8,4,64,1,2048,64,29,12,1,head_major_head_first,head_major,head_first,0.081032,-0.322057832962,0,0,true
slm_gqa,8,4,64,1,2048,64,29,12,2,head_major_block_first,head_major,block_first,0.081764,-0.322057832962,0,0,true
slm_gqa,8,4,64,1,2048,64,29,12,3,block_major_block_first,block_major,block_first,0.0859,-0.322057832962,0,0,true
slm_gqa,8,4,64,1,2048,64,29,13,0,block_major_block_first,block_major,block_first,0.08567,-0.322057832962,0,0,true
slm_gqa,8,4,64,1,2048,64,29,13,1,block_major_head_first,block_major,head_first,0.087222,-0.322057832962,0,0,true
slm_gqa,8,4,64,1,2048,64,29,13,2,head_major_head_first,head_major,head_first,0.080953,-0.322057832962,0,0,true
slm_gqa,8,4,64,1,2048,64,29,13,3,head_major_block_first,head_major,block_first,0.088233,-0.322057832962,0,0,true
slm_gqa,8,4,64,1,2048,64,29,14,0,head_major_head_first,head_major,head_first,0.081313,-0.322057832962,0,0,true
slm_gqa,8,4,64,1,2048,64,29,14,1,block_major_block_first,block_major,block_first,0.085219,-0.322057832962,0,0,true
slm_gqa,8,4,64,1,2048,64,29,14,2,block_major_head_first,block_major,head_first,0.087263,-0.322057832962,0,0,true
slm_gqa,8,4,64,1,2048,64,29,14,3,head_major_block_first,head_major,block_first,0.082204,-0.322057832962,0,0,true
slm_gqa,8,4,64,1,2048,64,29,15,0,head_major_head_first,head_major,head_first,0.080993,-0.322057832962,0,0,true
slm_gqa,8,4,64,1,2048,64,29,15,1,head_major_block_first,head_major,block_first,0.081844,-0.322057832962,0,0,true
slm_gqa,8,4,64,1,2048,64,29,15,2,block_major_block_first,block_major,block_first,0.08548,-0.322057832962,0,0,true
slm_gqa,8,4,64,1,2048,64,29,15,3,block_major_head_first,block_major,head_first,0.087412,-0.322057832962,0,0,true
slm_gqa,8,4,64,1,2048,64,29,16,0,block_major_head_first,block_major,head_first,0.086681,-0.322057832962,0,0,true
slm_gqa,8,4,64,1,2048,64,29,16,1,block_major_block_first,block_major,block_first,0.08568,-0.322057832962,0,0,true
slm_gqa,8,4,64,1,2048,64,29,16,2,head_major_head_first,head_major,head_first,0.080903,-0.322057832962,0,0,true
slm_gqa,8,4,64,1,2048,64,29,16,3,head_major_block_first,head_major,block_first,0.081924,-0.322057832962,0,0,true
slm_gqa,8,4,64,1,2048,64,29,17,0,head_major_head_first,head_major,head_first,0.080942,-0.322057832962,0,0,true
slm_gqa,8,4,64,1,2048,64,29,17,1,head_major_block_first,head_major,block_first,0.081894,-0.322057832962,0,0,true
slm_gqa,8,4,64,1,2048,64,29,17,2,block_major_block_first,block_major,block_first,0.08543,-0.322057832962,0,0,true
slm_gqa,8,4,64,1,2048,64,29,17,3,block_major_head_first,block_major,head_first,0.086742,-0.322057832962,0,0,true
slm_gqa,8,4,64,1,2048,64,29,18,0,block_major_block_first,block_major,block_first,0.08552,-0.322057832962,0,0,true
slm_gqa,8,4,64,1,2048,64,29,18,1,head_major_block_first,head_major,block_first,0.082696,-0.322057832962,0,0,true
slm_gqa,8,4,64,1,2048,64,29,18,2,block_major_head_first,block_major,head_first,0.086932,-0.322057832962,0,0,true
slm_gqa,8,4,64,1,2048,64,29,18,3,head_major_head_first,head_major,head_first,0.081304,-0.322057832962,0,0,true
slm_gqa,8,4,64,1,2048,64,29,19,0,block_major_head_first,block_major,head_first,0.086862,-0.322057832962,0,0,true
slm_gqa,8,4,64,1,2048,64,29,19,1,head_major_head_first,head_major,head_first,0.081283,-0.322057832962,0,0,true
slm_gqa,8,4,64,1,2048,64,29,19,2,head_major_block_first,head_major,block_first,0.082184,-0.322057832962,0,0,true
slm_gqa,8,4,64,1,2048,64,29,19,3,block_major_block_first,block_major,block_first,0.08563,-0.322057832962,0,0,true
slm_gqa,8,4,64,1,2048,64,47,0,0,head_major_block_first,head_major,block_first,0.082145,1.06403485323,0,0,true
slm_gqa,8,4,64,1,2048,64,47,0,1,head_major_head_first,head_major,head_first,0.081614,1.06403485323,0,0,true
slm_gqa,8,4,64,1,2048,64,47,0,2,block_major_head_first,block_major,head_first,0.087743,1.06403485323,0,0,true
slm_gqa,8,4,64,1,2048,64,47,0,3,block_major_block_first,block_major,block_first,0.08565,1.06403485323,0,0,true
slm_gqa,8,4,64,1,2048,64,47,1,0,block_major_head_first,block_major,head_first,0.087202,1.06403485323,0,0,true
slm_gqa,8,4,64,1,2048,64,47,1,1,head_major_block_first,head_major,block_first,0.082325,1.06403485323,0,0,true
slm_gqa,8,4,64,1,2048,64,47,1,2,head_major_head_first,head_major,head_first,0.081594,1.06403485323,0,0,true
slm_gqa,8,4,64,1,2048,64,47,1,3,block_major_block_first,block_major,block_first,0.08584,1.06403485323,0,0,true
slm_gqa,8,4,64,1,2048,64,47,2,0,head_major_head_first,head_major,head_first,0.081184,1.06403485323,0,0,true
slm_gqa,8,4,64,1,2048,64,47,2,1,block_major_block_first,block_major,block_first,0.085429,1.06403485323,0,0,true
slm_gqa,8,4,64,1,2048,64,47,2,2,block_major_head_first,block_major,head_first,0.088043,1.06403485323,0,0,true
slm_gqa,8,4,64,1,2048,64,47,2,3,head_major_block_first,head_major,block_first,0.082315,1.06403485323,0,0,true
slm_gqa,8,4,64,1,2048,64,47,3,0,block_major_head_first,block_major,head_first,0.087442,1.06403485323,0,0,true
slm_gqa,8,4,64,1,2048,64,47,3,1,head_major_head_first,head_major,head_first,0.082184,1.06403485323,0,0,true
slm_gqa,8,4,64,1,2048,64,47,3,2,head_major_block_first,head_major,block_first,0.082134,1.06403485323,0,0,true
slm_gqa,8,4,64,1,2048,64,47,3,3,block_major_block_first,block_major,block_first,0.0856,1.06403485323,0,0,true
slm_gqa,8,4,64,1,2048,64,47,4,0,block_major_head_first,block_major,head_first,0.087042,1.06403485323,0,0,true
slm_gqa,8,4,64,1,2048,64,47,4,1,head_major_head_first,head_major,head_first,0.081484,1.06403485323,0,0,true
slm_gqa,8,4,64,1,2048,64,47,4,2,block_major_block_first,block_major,block_first,0.08529,1.06403485323,0,0,true
slm_gqa,8,4,64,1,2048,64,47,4,3,head_major_block_first,head_major,block_first,0.081944,1.06403485323,0,0,true
slm_gqa,8,4,64,1,2048,64,47,5,0,head_major_block_first,head_major,block_first,0.082135,1.06403485323,0,0,true
slm_gqa,8,4,64,1,2048,64,47,5,1,block_major_block_first,block_major,block_first,0.08552,1.06403485323,0,0,true
slm_gqa,8,4,64,1,2048,64,47,5,2,head_major_head_first,head_major,head_first,0.081584,1.06403485323,0,0,true
slm_gqa,8,4,64,1,2048,64,47,5,3,block_major_head_first,block_major,head_first,0.086722,1.06403485323,0,0,true
slm_gqa,8,4,64,1,2048,64,47,6,0,block_major_block_first,block_major,block_first,0.085389,1.06403485323,0,0,true
slm_gqa,8,4,64,1,2048,64,47,6,1,head_major_block_first,head_major,block_first,0.082626,1.06403485323,0,0,true
slm_gqa,8,4,64,1,2048,64,47,6,2,block_major_head_first,block_major,head_first,0.087242,1.06403485323,0,0,true
slm_gqa,8,4,64,1,2048,64,47,6,3,head_major_head_first,head_major,head_first,0.081254,1.06403485323,0,0,true
slm_gqa,8,4,64,1,2048,64,47,7,0,block_major_block_first,block_major,block_first,0.090537,1.06403485323,0,0,true
slm_gqa,8,4,64,1,2048,64,47,7,1,block_major_head_first,block_major,head_first,0.086731,1.06403485323,0,0,true
slm_gqa,8,4,64,1,2048,64,47,7,2,head_major_block_first,head_major,block_first,0.081935,1.06403485323,0,0,true
slm_gqa,8,4,64,1,2048,64,47,7,3,head_major_head_first,head_major,head_first,0.081864,1.06403485323,0,0,true
slm_gqa,8,4,64,1,2048,64,47,8,0,block_major_block_first,block_major,block_first,0.08538,1.06403485323,0,0,true
slm_gqa,8,4,64,1,2048,64,47,8,1,block_major_head_first,block_major,head_first,0.087332,1.06403485323,0,0,true
slm_gqa,8,4,64,1,2048,64,47,8,2,head_major_head_first,head_major,head_first,0.081344,1.06403485323,0,0,true
slm_gqa,8,4,64,1,2048,64,47,8,3,head_major_block_first,head_major,block_first,0.082115,1.06403485323,0,0,true
slm_gqa,8,4,64,1,2048,64,47,9,0,block_major_head_first,block_major,head_first,0.087893,1.06403485323,0,0,true
slm_gqa,8,4,64,1,2048,64,47,9,1,head_major_head_first,head_major,head_first,0.081454,1.06403485323,0,0,true
slm_gqa,8,4,64,1,2048,64,47,9,2,block_major_block_first,block_major,block_first,0.08535,1.06403485323,0,0,true
slm_gqa,8,4,64,1,2048,64,47,9,3,head_major_block_first,head_major,block_first,0.082205,1.06403485323,0,0,true
slm_gqa,8,4,64,1,2048,64,47,10,0,head_major_head_first,head_major,head_first,0.082204,1.06403485323,0,0,true
slm_gqa,8,4,64,1,2048,64,47,10,1,block_major_head_first,block_major,head_first,0.087302,1.06403485323,0,0,true
slm_gqa,8,4,64,1,2048,64,47,10,2,block_major_block_first,block_major,block_first,0.08534,1.06403485323,0,0,true
slm_gqa,8,4,64,1,2048,64,47,10,3,head_major_block_first,head_major,block_first,0.082265,1.06403485323,0,0,true
slm_gqa,8,4,64,1,2048,64,47,11,0,block_major_head_first,block_major,head_first,0.087082,1.06403485323,0,0,true
slm_gqa,8,4,64,1,2048,64,47,11,1,head_major_block_first,head_major,block_first,0.082155,1.06403485323,0,0,true
slm_gqa,8,4,64,1,2048,64,47,11,2,head_major_head_first,head_major,head_first,0.081724,1.06403485323,0,0,true
slm_gqa,8,4,64,1,2048,64,47,11,3,block_major_block_first,block_major,block_first,0.08544,1.06403485323,0,0,true
slm_gqa,8,4,64,1,2048,64,47,12,0,block_major_head_first,block_major,head_first,0.087563,1.06403485323,0,0,true
slm_gqa,8,4,64,1,2048,64,47,12,1,block_major_block_first,block_major,block_first,0.08585,1.06403485323,0,0,true
slm_gqa,8,4,64,1,2048,64,47,12,2,head_major_block_first,head_major,block_first,0.082946,1.06403485323,0,0,true
slm_gqa,8,4,64,1,2048,64,47,12,3,head_major_head_first,head_major,head_first,0.081344,1.06403485323,0,0,true
slm_gqa,8,4,64,1,2048,64,47,13,0,block_major_block_first,block_major,block_first,0.085439,1.06403485323,0,0,true
slm_gqa,8,4,64,1,2048,64,47,13,1,head_major_block_first,head_major,block_first,0.082264,1.06403485323,0,0,true
slm_gqa,8,4,64,1,2048,64,47,13,2,block_major_head_first,block_major,head_first,0.086921,1.06403485323,0,0,true
slm_gqa,8,4,64,1,2048,64,47,13,3,head_major_head_first,head_major,head_first,0.081063,1.06403485323,0,0,true
slm_gqa,8,4,64,1,2048,64,47,14,0,block_major_head_first,block_major,head_first,0.087473,1.06403485323,0,0,true
slm_gqa,8,4,64,1,2048,64,47,14,1,head_major_head_first,head_major,head_first,0.081584,1.06403485323,0,0,true
slm_gqa,8,4,64,1,2048,64,47,14,2,block_major_block_first,block_major,block_first,0.085199,1.06403485323,0,0,true
slm_gqa,8,4,64,1,2048,64,47,14,3,head_major_block_first,head_major,block_first,0.082756,1.06403485323,0,0,true
slm_gqa,8,4,64,1,2048,64,47,15,0,block_major_block_first,block_major,block_first,0.085379,1.06403485323,0,0,true
slm_gqa,8,4,64,1,2048,64,47,15,1,head_major_block_first,head_major,block_first,0.082435,1.06403485323,0,0,true
slm_gqa,8,4,64,1,2048,64,47,15,2,head_major_head_first,head_major,head_first,0.081684,1.06403485323,0,0,true
slm_gqa,8,4,64,1,2048,64,47,15,3,block_major_head_first,block_major,head_first,0.087263,1.06403485323,0,0,true
slm_gqa,8,4,64,1,2048,64,47,16,0,head_major_head_first,head_major,head_first,0.081243,1.06403485323,0,0,true
slm_gqa,8,4,64,1,2048,64,47,16,1,block_major_head_first,block_major,head_first,0.087223,1.06403485323,0,0,true
slm_gqa,8,4,64,1,2048,64,47,16,2,head_major_block_first,head_major,block_first,0.082465,1.06403485323,0,0,true
slm_gqa,8,4,64,1,2048,64,47,16,3,block_major_block_first,block_major,block_first,0.08554,1.06403485323,0,0,true
slm_gqa,8,4,64,1,2048,64,47,17,0,head_major_head_first,head_major,head_first,0.081063,1.06403485323,0,0,true
slm_gqa,8,4,64,1,2048,64,47,17,1,block_major_block_first,block_major,block_first,0.0851,1.06403485323,0,0,true
slm_gqa,8,4,64,1,2048,64,47,17,2,head_major_block_first,head_major,block_first,0.082485,1.06403485323,0,0,true
slm_gqa,8,4,64,1,2048,64,47,17,3,block_major_head_first,block_major,head_first,0.087292,1.06403485323,0,0,true
slm_gqa,8,4,64,1,2048,64,47,18,0,head_major_block_first,head_major,block_first,0.082505,1.06403485323,0,0,true
slm_gqa,8,4,64,1,2048,64,47,18,1,head_major_head_first,head_major,head_first,0.081884,1.06403485323,0,0,true
slm_gqa,8,4,64,1,2048,64,47,18,2,block_major_head_first,block_major,head_first,0.092911,1.06403485323,0,0,true
slm_gqa,8,4,64,1,2048,64,47,18,3,block_major_block_first,block_major,block_first,0.08556,1.06403485323,0,0,true
slm_gqa,8,4,64,1,2048,64,47,19,0,block_major_head_first,block_major,head_first,0.087052,1.06403485323,0,0,true
slm_gqa,8,4,64,1,2048,64,47,19,1,head_major_block_first,head_major,block_first,0.082325,1.06403485323,0,0,true
slm_gqa,8,4,64,1,2048,64,47,19,2,head_major_head_first,head_major,head_first,0.081734,1.06403485323,0,0,true
slm_gqa,8,4,64,1,2048,64,47,19,3,block_major_block_first,block_major,block_first,0.086301,1.06403485323,0,0,true
slm_gqa,8,4,64,1,8192,64,11,0,0,block_major_block_first,block_major,block_first,0.339255,0.474399836859,0,0,true
slm_gqa,8,4,64,1,8192,64,11,0,1,block_major_head_first,block_major,head_first,0.350962,0.474399836859,0,0,true
slm_gqa,8,4,64,1,8192,64,11,0,2,head_major_head_first,head_major,head_first,0.341057,0.474399836859,0,0,true
slm_gqa,8,4,64,1,8192,64,11,0,3,head_major_block_first,head_major,block_first,0.34237,0.474399836859,0,0,true
slm_gqa,8,4,64,1,8192,64,11,1,0,block_major_block_first,block_major,block_first,0.341448,0.474399836859,0,0,true
slm_gqa,8,4,64,1,8192,64,11,1,1,head_major_block_first,head_major,block_first,0.343371,0.474399836859,0,0,true
slm_gqa,8,4,64,1,8192,64,11,1,2,head_major_head_first,head_major,head_first,0.353717,0.474399836859,0,0,true
slm_gqa,8,4,64,1,8192,64,11,1,3,block_major_head_first,block_major,head_first,0.380867,0.474399836859,0,0,true
slm_gqa,8,4,64,1,8192,64,11,2,0,head_major_block_first,head_major,block_first,0.345945,0.474399836859,0,0,true
slm_gqa,8,4,64,1,8192,64,11,2,1,block_major_block_first,block_major,block_first,0.341088,0.474399836859,0,0,true
slm_gqa,8,4,64,1,8192,64,11,2,2,block_major_head_first,block_major,head_first,0.374498,0.474399836859,0,0,true
slm_gqa,8,4,64,1,8192,64,11,2,3,head_major_head_first,head_major,head_first,0.34291,0.474399836859,0,0,true
slm_gqa,8,4,64,1,8192,64,11,3,0,block_major_block_first,block_major,block_first,0.339244,0.474399836859,0,0,true
slm_gqa,8,4,64,1,8192,64,11,3,1,head_major_block_first,head_major,block_first,0.344032,0.474399836859,0,0,true
slm_gqa,8,4,64,1,8192,64,11,3,2,block_major_head_first,block_major,head_first,0.35559,0.474399836859,0,0,true
slm_gqa,8,4,64,1,8192,64,11,3,3,head_major_head_first,head_major,head_first,0.340086,0.474399836859,0,0,true
slm_gqa,8,4,64,1,8192,64,11,4,0,head_major_head_first,head_major,head_first,0.339115,0.474399836859,0,0,true
slm_gqa,8,4,64,1,8192,64,11,4,1,block_major_block_first,block_major,block_first,0.353106,0.474399836859,0,0,true
slm_gqa,8,4,64,1,8192,64,11,4,2,head_major_block_first,head_major,block_first,0.342771,0.474399836859,0,0,true
slm_gqa,8,4,64,1,8192,64,11,4,3,block_major_head_first,block_major,head_first,0.356591,0.474399836859,0,0,true
slm_gqa,8,4,64,1,8192,64,11,5,0,block_major_block_first,block_major,block_first,0.338704,0.474399836859,0,0,true
slm_gqa,8,4,64,1,8192,64,11,5,1,head_major_head_first,head_major,head_first,0.342009,0.474399836859,0,0,true
slm_gqa,8,4,64,1,8192,64,11,5,2,head_major_block_first,head_major,block_first,0.340928,0.474399836859,0,0,true
slm_gqa,8,4,64,1,8192,64,11,5,3,block_major_head_first,block_major,head_first,0.357051,0.474399836859,0,0,true
slm_gqa,8,4,64,1,8192,64,11,6,0,block_major_head_first,block_major,head_first,0.351523,0.474399836859,0,0,true
slm_gqa,8,4,64,1,8192,64,11,6,1,block_major_block_first,block_major,block_first,0.338063,0.474399836859,0,0,true
slm_gqa,8,4,64,1,8192,64,11,6,2,head_major_block_first,head_major,block_first,0.346145,0.474399836859,0,0,true
slm_gqa,8,4,64,1,8192,64,11,6,3,head_major_head_first,head_major,head_first,0.33641,0.474399836859,0,0,true
slm_gqa,8,4,64,1,8192,64,11,7,0,head_major_head_first,head_major,head_first,0.336991,0.474399836859,0,0,true
slm_gqa,8,4,64,1,8192,64,11,7,1,block_major_head_first,block_major,head_first,0.372626,0.474399836859,0,0,true
slm_gqa,8,4,64,1,8192,64,11,7,2,block_major_block_first,block_major,block_first,0.339064,0.474399836859,0,0,true
slm_gqa,8,4,64,1,8192,64,11,7,3,head_major_block_first,head_major,block_first,0.346515,0.474399836859,0,0,true
slm_gqa,8,4,64,1,8192,64,11,8,0,block_major_block_first,block_major,block_first,0.340296,0.474399836859,0,0,true
slm_gqa,8,4,64,1,8192,64,11,8,1,block_major_head_first,block_major,head_first,0.351223,0.474399836859,0,0,true
slm_gqa,8,4,64,1,8192,64,11,8,2,head_major_head_first,head_major,head_first,0.34253,0.474399836859,0,0,true
slm_gqa,8,4,64,1,8192,64,11,8,3,head_major_block_first,head_major,block_first,0.34292,0.474399836859,0,0,true
slm_gqa,8,4,64,1,8192,64,11,9,0,head_major_block_first,head_major,block_first,0.341297,0.474399836859,0,0,true
slm_gqa,8,4,64,1,8192,64,11,9,1,block_major_block_first,block_major,block_first,0.342379,0.474399836859,0,0,true
slm_gqa,8,4,64,1,8192,64,11,9,2,head_major_head_first,head_major,head_first,0.339324,0.474399836859,0,0,true
slm_gqa,8,4,64,1,8192,64,11,9,3,block_major_head_first,block_major,head_first,0.357372,0.474399836859,0,0,true
slm_gqa,8,4,64,1,8192,64,11,10,0,block_major_block_first,block_major,block_first,0.34899,0.474399836859,0,0,true
slm_gqa,8,4,64,1,8192,64,11,10,1,head_major_head_first,head_major,head_first,0.342028,0.474399836859,0,0,true
slm_gqa,8,4,64,1,8192,64,11,10,2,head_major_block_first,head_major,block_first,0.342439,0.474399836859,0,0,true
slm_gqa,8,4,64,1,8192,64,11,10,3,block_major_head_first,block_major,head_first,0.355189,0.474399836859,0,0,true
slm_gqa,8,4,64,1,8192,64,11,11,0,block_major_block_first,block_major,block_first,0.338063,0.474399836859,0,0,true
slm_gqa,8,4,64,1,8192,64,11,11,1,block_major_head_first,block_major,head_first,0.351584,0.474399836859,0,0,true
slm_gqa,8,4,64,1,8192,64,11,11,2,head_major_head_first,head_major,head_first,0.339906,0.474399836859,0,0,true
slm_gqa,8,4,64,1,8192,64,11,11,3,head_major_block_first,head_major,block_first,0.342439,0.474399836859,0,0,true
slm_gqa,8,4,64,1,8192,64,11,12,0,block_major_head_first,block_major,head_first,0.357252,0.474399836859,0,0,true
slm_gqa,8,4,64,1,8192,64,11,12,1,head_major_head_first,head_major,head_first,0.338964,0.474399836859,0,0,true
slm_gqa,8,4,64,1,8192,64,11,12,2,block_major_block_first,block_major,block_first,0.340327,0.474399836859,0,0,true
slm_gqa,8,4,64,1,8192,64,11,12,3,head_major_block_first,head_major,block_first,0.344162,0.474399836859,0,0,true
slm_gqa,8,4,64,1,8192,64,11,13,0,block_major_head_first,block_major,head_first,0.387939,0.474399836859,0,0,true
slm_gqa,8,4,64,1,8192,64,11,13,1,head_major_block_first,head_major,block_first,0.345254,0.474399836859,0,0,true
slm_gqa,8,4,64,1,8192,64,11,13,2,block_major_block_first,block_major,block_first,0.341018,0.474399836859,0,0,true
slm_gqa,8,4,64,1,8192,64,11,13,3,head_major_head_first,head_major,head_first,0.338904,0.474399836859,0,0,true
slm_gqa,8,4,64,1,8192,64,11,14,0,block_major_head_first,block_major,head_first,0.356321,0.474399836859,0,0,true
slm_gqa,8,4,64,1,8192,64,11,14,1,head_major_head_first,head_major,head_first,0.338133,0.474399836859,0,0,true
slm_gqa,8,4,64,1,8192,64,11,14,2,head_major_block_first,head_major,block_first,0.340948,0.474399836859,0,0,true
slm_gqa,8,4,64,1,8192,64,11,14,3,block_major_block_first,block_major,block_first,0.34248,0.474399836859,0,0,true
slm_gqa,8,4,64,1,8192,64,11,15,0,block_major_block_first,block_major,block_first,0.338994,0.474399836859,0,0,true
slm_gqa,8,4,64,1,8192,64,11,15,1,head_major_block_first,head_major,block_first,0.345444,0.474399836859,0,0,true
slm_gqa,8,4,64,1,8192,64,11,15,2,head_major_head_first,head_major,head_first,0.338313,0.474399836859,0,0,true
slm_gqa,8,4,64,1,8192,64,11,15,3,block_major_head_first,block_major,head_first,0.370602,0.474399836859,0,0,true
slm_gqa,8,4,64,1,8192,64,11,16,0,head_major_head_first,head_major,head_first,0.339485,0.474399836859,0,0,true
slm_gqa,8,4,64,1,8192,64,11,16,1,block_major_block_first,block_major,block_first,0.339115,0.474399836859,0,0,true
slm_gqa,8,4,64,1,8192,64,11,16,2,head_major_block_first,head_major,block_first,0.343762,0.474399836859,0,0,true
slm_gqa,8,4,64,1,8192,64,11,16,3,block_major_head_first,block_major,head_first,0.35595,0.474399836859,0,0,true
slm_gqa,8,4,64,1,8192,64,11,17,0,head_major_block_first,head_major,block_first,0.344312,0.474399836859,0,0,true
slm_gqa,8,4,64,1,8192,64,11,17,1,block_major_block_first,block_major,block_first,0.339224,0.474399836859,0,0,true
slm_gqa,8,4,64,1,8192,64,11,17,2,block_major_head_first,block_major,head_first,0.350863,0.474399836859,0,0,true
slm_gqa,8,4,64,1,8192,64,11,17,3,head_major_head_first,head_major,head_first,0.339365,0.474399836859,0,0,true
slm_gqa,8,4,64,1,8192,64,11,18,0,block_major_head_first,block_major,head_first,0.354408,0.474399836859,0,0,true
slm_gqa,8,4,64,1,8192,64,11,18,1,head_major_head_first,head_major,head_first,0.339505,0.474399836859,0,0,true
slm_gqa,8,4,64,1,8192,64,11,18,2,block_major_block_first,block_major,block_first,0.347277,0.474399836859,0,0,true
slm_gqa,8,4,64,1,8192,64,11,18,3,head_major_block_first,head_major,block_first,0.347967,0.474399836859,0,0,true
slm_gqa,8,4,64,1,8192,64,11,19,0,head_major_head_first,head_major,head_first,0.338093,0.474399836859,0,0,true
slm_gqa,8,4,64,1,8192,64,11,19,1,block_major_block_first,block_major,block_first,0.340427,0.474399836859,0,0,true
slm_gqa,8,4,64,1,8192,64,11,19,2,block_major_head_first,block_major,head_first,0.352124,0.474399836859,0,0,true
slm_gqa,8,4,64,1,8192,64,11,19,3,head_major_block_first,head_major,block_first,0.344623,0.474399836859,0,0,true
slm_gqa,8,4,64,1,8192,64,29,0,0,head_major_head_first,head_major,head_first,0.325474,0.807820656002,0,0,true
slm_gqa,8,4,64,1,8192,64,29,0,1,block_major_block_first,block_major,block_first,0.342179,0.807820656002,0,0,true
slm_gqa,8,4,64,1,8192,64,29,0,2,head_major_block_first,head_major,block_first,0.331172,0.807820656002,0,0,true
slm_gqa,8,4,64,1,8192,64,29,0,3,block_major_head_first,block_major,head_first,0.355899,0.807820656002,0,0,true
slm_gqa,8,4,64,1,8192,64,29,1,0,head_major_block_first,head_major,block_first,0.32957,0.807820656002,0,0,true
slm_gqa,8,4,64,1,8192,64,29,1,1,block_major_block_first,block_major,block_first,0.341398,0.807820656002,0,0,true
slm_gqa,8,4,64,1,8192,64,29,1,2,block_major_head_first,block_major,head_first,0.351664,0.807820656002,0,0,true
slm_gqa,8,4,64,1,8192,64,29,1,3,head_major_head_first,head_major,head_first,0.324212,0.807820656002,0,0,true
slm_gqa,8,4,64,1,8192,64,29,2,0,block_major_block_first,block_major,block_first,0.342059,0.807820656002,0,0,true
slm_gqa,8,4,64,1,8192,64,29,2,1,head_major_block_first,head_major,block_first,0.33011,0.807820656002,0,0,true
slm_gqa,8,4,64,1,8192,64,29,2,2,head_major_head_first,head_major,head_first,0.330452,0.807820656002,0,0,true
slm_gqa,8,4,64,1,8192,64,29,2,3,block_major_head_first,block_major,head_first,0.360057,0.807820656002,0,0,true
slm_gqa,8,4,64,1,8192,64,29,3,0,head_major_block_first,head_major,block_first,0.326896,0.807820656002,0,0,true
slm_gqa,8,4,64,1,8192,64,29,3,1,head_major_head_first,head_major,head_first,0.321878,0.807820656002,0,0,true
slm_gqa,8,4,64,1,8192,64,29,3,2,block_major_head_first,block_major,head_first,0.359355,0.807820656002,0,0,true
slm_gqa,8,4,64,1,8192,64,29,3,3,block_major_block_first,block_major,block_first,0.340126,0.807820656002,0,0,true
slm_gqa,8,4,64,1,8192,64,29,4,0,head_major_block_first,head_major,block_first,0.330731,0.807820656002,0,0,true
slm_gqa,8,4,64,1,8192,64,29,4,1,block_major_head_first,block_major,head_first,0.355599,0.807820656002,0,0,true
slm_gqa,8,4,64,1,8192,64,29,4,2,block_major_block_first,block_major,block_first,0.340246,0.807820656002,0,0,true
slm_gqa,8,4,64,1,8192,64,29,4,3,head_major_head_first,head_major,head_first,0.324813,0.807820656002,0,0,true
slm_gqa,8,4,64,1,8192,64,29,5,0,head_major_block_first,head_major,block_first,0.327397,0.807820656002,0,0,true
slm_gqa,8,4,64,1,8192,64,29,5,1,block_major_head_first,block_major,head_first,0.358594,0.807820656002,0,0,true
slm_gqa,8,4,64,1,8192,64,29,5,2,head_major_head_first,head_major,head_first,0.327267,0.807820656002,0,0,true
slm_gqa,8,4,64,1,8192,64,29,5,3,block_major_block_first,block_major,block_first,0.340447,0.807820656002,0,0,true
slm_gqa,8,4,64,1,8192,64,29,6,0,head_major_block_first,head_major,block_first,0.32983,0.807820656002,0,0,true
slm_gqa,8,4,64,1,8192,64,29,6,1,block_major_block_first,block_major,block_first,0.341738,0.807820656002,0,0,true
slm_gqa,8,4,64,1,8192,64,29,6,2,head_major_head_first,head_major,head_first,0.323741,0.807820656002,0,0,true
slm_gqa,8,4,64,1,8192,64,29,6,3,block_major_head_first,block_major,head_first,0.355659,0.807820656002,0,0,true
slm_gqa,8,4,64,1,8192,64,29,7,0,block_major_block_first,block_major,block_first,0.338524,0.807820656002,0,0,true
slm_gqa,8,4,64,1,8192,64,29,7,1,head_major_block_first,head_major,block_first,0.328579,0.807820656002,0,0,true
slm_gqa,8,4,64,1,8192,64,29,7,2,head_major_head_first,head_major,head_first,0.323711,0.807820656002,0,0,true
slm_gqa,8,4,64,1,8192,64,29,7,3,block_major_head_first,block_major,head_first,0.361398,0.807820656002,0,0,true
slm_gqa,8,4,64,1,8192,64,29,8,0,block_major_head_first,block_major,head_first,0.353847,0.807820656002,0,0,true
slm_gqa,8,4,64,1,8192,64,29,8,1,block_major_block_first,block_major,block_first,0.345855,0.807820656002,0,0,true
slm_gqa,8,4,64,1,8192,64,29,8,2,head_major_block_first,head_major,block_first,0.33657,0.807820656002,0,0,true
slm_gqa,8,4,64,1,8192,64,29,8,3,head_major_head_first,head_major,head_first,0.322359,0.807820656002,0,0,true
slm_gqa,8,4,64,1,8192,64,29,9,0,block_major_head_first,block_major,head_first,0.360517,0.807820656002,0,0,true
slm_gqa,8,4,64,1,8192,64,29,9,1,head_major_head_first,head_major,head_first,0.32325,0.807820656002,0,0,true
slm_gqa,8,4,64,1,8192,64,29,9,2,head_major_block_first,head_major,block_first,0.325494,0.807820656002,0,0,true
slm_gqa,8,4,64,1,8192,64,29,9,3,block_major_block_first,block_major,block_first,0.341598,0.807820656002,0,0,true
slm_gqa,8,4,64,1,8192,64,29,10,0,head_major_block_first,head_major,block_first,0.32969,0.807820656002,0,0,true
slm_gqa,8,4,64,1,8192,64,29,10,1,block_major_head_first,block_major,head_first,0.356721,0.807820656002,0,0,true
slm_gqa,8,4,64,1,8192,64,29,10,2,head_major_head_first,head_major,head_first,0.326155,0.807820656002,0,0,true
slm_gqa,8,4,64,1,8192,64,29,10,3,block_major_block_first,block_major,block_first,0.341288,0.807820656002,0,0,true
slm_gqa,8,4,64,1,8192,64,29,11,0,block_major_head_first,block_major,head_first,0.353467,0.807820656002,0,0,true
slm_gqa,8,4,64,1,8192,64,29,11,1,head_major_head_first,head_major,head_first,0.3297,0.807820656002,0,0,true
slm_gqa,8,4,64,1,8192,64,29,11,2,head_major_block_first,head_major,block_first,0.327127,0.807820656002,0,0,true
slm_gqa,8,4,64,1,8192,64,29,11,3,block_major_block_first,block_major,block_first,0.342399,0.807820656002,0,0,true
slm_gqa,8,4,64,1,8192,64,29,12,0,head_major_block_first,head_major,block_first,0.32937,0.807820656002,0,0,true
slm_gqa,8,4,64,1,8192,64,29,12,1,head_major_head_first,head_major,head_first,0.323401,0.807820656002,0,0,true
slm_gqa,8,4,64,1,8192,64,29,12,2,block_major_head_first,block_major,head_first,0.359876,0.807820656002,0,0,true
slm_gqa,8,4,64,1,8192,64,29,12,3,block_major_block_first,block_major,block_first,0.340466,0.807820656002,0,0,true
slm_gqa,8,4,64,1,8192,64,29,13,0,block_major_block_first,block_major,block_first,0.339114,0.807820656002,0,0,true
slm_gqa,8,4,64,1,8192,64,29,13,1,head_major_head_first,head_major,head_first,0.327317,0.807820656002,0,0,true
slm_gqa,8,4,64,1,8192,64,29,13,2,head_major_block_first,head_major,block_first,0.326986,0.807820656002,0,0,true
slm_gqa,8,4,64,1,8192,64,29,13,3,block_major_head_first,block_major,head_first,0.357913,0.807820656002,0,0,true
slm_gqa,8,4,64,1,8192,64,29,14,0,block_major_head_first,block_major,head_first,0.351794,0.807820656002,0,0,true
slm_gqa,8,4,64,1,8192,64,29,14,1,block_major_block_first,block_major,block_first,0.344413,0.807820656002,0,0,true
slm_gqa,8,4,64,1,8192,64,29,14,2,head_major_head_first,head_major,head_first,0.325243,0.807820656002,0,0,true
slm_gqa,8,4,64,1,8192,64,29,14,3,head_major_block_first,head_major,block_first,0.326645,0.807820656002,0,0,true
slm_gqa,8,4,64,1,8192,64,29,15,0,head_major_block_first,head_major,block_first,0.326745,0.807820656002,0,0,true
slm_gqa,8,4,64,1,8192,64,29,15,1,block_major_head_first,block_major,head_first,0.359205,0.807820656002,0,0,true
slm_gqa,8,4,64,1,8192,64,29,15,2,block_major_block_first,block_major,block_first,0.339014,0.807820656002,0,0,true
slm_gqa,8,4,64,1,8192,64,29,15,3,head_major_head_first,head_major,head_first,0.324493,0.807820656002,0,0,true
slm_gqa,8,4,64,1,8192,64,29,16,0,block_major_block_first,block_major,block_first,0.342269,0.807820656002,0,0,true
slm_gqa,8,4,64,1,8192,64,29,16,1,head_major_block_first,head_major,block_first,0.330352,0.807820656002,0,0,true
slm_gqa,8,4,64,1,8192,64,29,16,2,block_major_head_first,block_major,head_first,0.356831,0.807820656002,0,0,true
slm_gqa,8,4,64,1,8192,64,29,16,3,head_major_head_first,head_major,head_first,0.32291,0.807820656002,0,0,true
slm_gqa,8,4,64,1,8192,64,29,17,0,block_major_head_first,block_major,head_first,0.35647,0.807820656002,0,0,true
slm_gqa,8,4,64,1,8192,64,29,17,1,block_major_block_first,block_major,block_first,0.346015,0.807820656002,0,0,true
slm_gqa,8,4,64,1,8192,64,29,17,2,head_major_block_first,head_major,block_first,0.332334,0.807820656002,0,0,true
slm_gqa,8,4,64,1,8192,64,29,17,3,head_major_head_first,head_major,head_first,0.32239,0.807820656002,0,0,true
slm_gqa,8,4,64,1,8192,64,29,18,0,head_major_head_first,head_major,head_first,0.322509,0.807820656002,0,0,true
slm_gqa,8,4,64,1,8192,64,29,18,1,block_major_head_first,block_major,head_first,0.361779,0.807820656002,0,0,true
slm_gqa,8,4,64,1,8192,64,29,18,2,block_major_block_first,block_major,block_first,0.340727,0.807820656002,0,0,true
slm_gqa,8,4,64,1,8192,64,29,18,3,head_major_block_first,head_major,block_first,0.330261,0.807820656002,0,0,true
slm_gqa,8,4,64,1,8192,64,29,19,0,block_major_block_first,block_major,block_first,0.341388,0.807820656002,0,0,true
slm_gqa,8,4,64,1,8192,64,29,19,1,block_major_head_first,block_major,head_first,0.353416,0.807820656002,0,0,true
slm_gqa,8,4,64,1,8192,64,29,19,2,head_major_head_first,head_major,head_first,0.324643,0.807820656002,0,0,true
slm_gqa,8,4,64,1,8192,64,29,19,3,head_major_block_first,head_major,block_first,0.326786,0.807820656002,0,0,true
slm_gqa,8,4,64,1,8192,64,47,0,0,block_major_head_first,block_major,head_first,0.343401,0.619413773247,0,0,true
slm_gqa,8,4,64,1,8192,64,47,0,1,head_major_head_first,head_major,head_first,0.340887,0.619413773247,0,0,true
slm_gqa,8,4,64,1,8192,64,47,0,2,block_major_block_first,block_major,block_first,0.331773,0.619413773247,0,0,true
slm_gqa,8,4,64,1,8192,64,47,0,3,head_major_block_first,head_major,block_first,0.346956,0.619413773247,0,0,true
slm_gqa,8,4,64,1,8192,64,47,1,0,head_major_head_first,head_major,head_first,0.343441,0.619413773247,0,0,true
slm_gqa,8,4,64,1,8192,64,47,1,1,block_major_head_first,block_major,head_first,0.347967,0.619413773247,0,0,true
slm_gqa,8,4,64,1,8192,64,47,1,2,head_major_block_first,head_major,block_first,0.346295,0.619413773247,0,0,true
slm_gqa,8,4,64,1,8192,64,47,1,3,block_major_block_first,block_major,block_first,0.329861,0.619413773247,0,0,true
slm_gqa,8,4,64,1,8192,64,47,2,0,block_major_block_first,block_major,block_first,0.328348,0.619413773247,0,0,true
slm_gqa,8,4,64,1,8192,64,47,2,1,head_major_head_first,head_major,head_first,0.341608,0.619413773247,0,0,true
slm_gqa,8,4,64,1,8192,64,47,2,2,head_major_block_first,head_major,block_first,0.342028,0.619413773247,0,0,true
slm_gqa,8,4,64,1,8192,64,47,2,3,block_major_head_first,block_major,head_first,0.347707,0.619413773247,0,0,true
slm_gqa,8,4,64,1,8192,64,47,3,0,head_major_head_first,head_major,head_first,0.337902,0.619413773247,0,0,true
slm_gqa,8,4,64,1,8192,64,47,3,1,block_major_block_first,block_major,block_first,0.331313,0.619413773247,0,0,true
slm_gqa,8,4,64,1,8192,64,47,3,2,block_major_head_first,block_major,head_first,0.341338,0.619413773247,0,0,true
slm_gqa,8,4,64,1,8192,64,47,3,3,head_major_block_first,head_major,block_first,0.346956,0.619413773247,0,0,true
slm_gqa,8,4,64,1,8192,64,47,4,0,head_major_head_first,head_major,head_first,0.344493,0.619413773247,0,0,true
slm_gqa,8,4,64,1,8192,64,47,4,1,block_major_head_first,block_major,head_first,0.346105,0.619413773247,0,0,true
slm_gqa,8,4,64,1,8192,64,47,4,2,block_major_block_first,block_major,block_first,0.328528,0.619413773247,0,0,true
slm_gqa,8,4,64,1,8192,64,47,4,3,head_major_block_first,head_major,block_first,0.348028,0.619413773247,0,0,true
slm_gqa,8,4,64,1,8192,64,47,5,0,head_major_block_first,head_major,block_first,0.342961,0.619413773247,0,0,true
slm_gqa,8,4,64,1,8192,64,47,5,1,block_major_block_first,block_major,block_first,0.330411,0.619413773247,0,0,true
slm_gqa,8,4,64,1,8192,64,47,5,2,head_major_head_first,head_major,head_first,0.339675,0.619413773247,0,0,true
slm_gqa,8,4,64,1,8192,64,47,5,3,block_major_head_first,block_major,head_first,0.346305,0.619413773247,0,0,true
slm_gqa,8,4,64,1,8192,64,47,6,0,head_major_block_first,head_major,block_first,0.347768,0.619413773247,0,0,true
slm_gqa,8,4,64,1,8192,64,47,6,1,block_major_head_first,block_major,head_first,0.346265,0.619413773247,0,0,true
slm_gqa,8,4,64,1,8192,64,47,6,2,head_major_head_first,head_major,head_first,0.340346,0.619413773247,0,0,true
slm_gqa,8,4,64,1,8192,64,47,6,3,block_major_block_first,block_major,block_first,0.335319,0.619413773247,0,0,true
slm_gqa,8,4,64,1,8192,64,47,7,0,head_major_head_first,head_major,head_first,0.341478,0.619413773247,0,0,true
slm_gqa,8,4,64,1,8192,64,47,7,1,head_major_block_first,head_major,block_first,0.341898,0.619413773247,0,0,true
slm_gqa,8,4,64,1,8192,64,47,7,2,block_major_block_first,block_major,block_first,0.32997,0.619413773247,0,0,true
slm_gqa,8,4,64,1,8192,64,47,7,3,block_major_head_first,block_major,head_first,0.342069,0.619413773247,0,0,true
slm_gqa,8,4,64,1,8192,64,47,8,0,block_major_block_first,block_major,block_first,0.327156,0.619413773247,0,0,true
slm_gqa,8,4,64,1,8192,64,47,8,1,head_major_head_first,head_major,head_first,0.342219,0.619413773247,0,0,true
slm_gqa,8,4,64,1,8192,64,47,8,2,block_major_head_first,block_major,head_first,0.344133,0.619413773247,0,0,true
slm_gqa,8,4,64,1,8192,64,47,8,3,head_major_block_first,head_major,block_first,0.346876,0.619413773247,0,0,true
slm_gqa,8,4,64,1,8192,64,47,9,0,block_major_head_first,block_major,head_first,0.344303,0.619413773247,0,0,true
slm_gqa,8,4,64,1,8192,64,47,9,1,head_major_head_first,head_major,head_first,0.34225,0.619413773247,0,0,true
slm_gqa,8,4,64,1,8192,64,47,9,2,head_major_block_first,head_major,block_first,0.34267,0.619413773247,0,0,true
slm_gqa,8,4,64,1,8192,64,47,9,3,block_major_block_first,block_major,block_first,0.33625,0.619413773247,0,0,true
slm_gqa,8,4,64,1,8192,64,47,10,0,block_major_head_first,block_major,head_first,0.340827,0.619413773247,0,0,true
slm_gqa,8,4,64,1,8192,64,47,10,1,head_major_block_first,head_major,block_first,0.346886,0.619413773247,0,0,true
slm_gqa,8,4,64,1,8192,64,47,10,2,head_major_head_first,head_major,head_first,0.33652,0.619413773247,0,0,true
slm_gqa,8,4,64,1,8192,64,47,10,3,block_major_block_first,block_major,block_first,0.3301,0.619413773247,0,0,true
slm_gqa,8,4,64,1,8192,64,47,11,0,block_major_block_first,block_major,block_first,0.330321,0.619413773247,0,0,true
slm_gqa,8,4,64,1,8192,64,47,11,1,head_major_block_first,head_major,block_first,0.347197,0.619413773247,0,0,true
slm_gqa,8,4,64,1,8192,64,47,11,2,block_major_head_first,block_major,head_first,0.344272,0.619413773247,0,0,true
slm_gqa,8,4,64,1,8192,64,47,11,3,head_major_head_first,head_major,head_first,0.341008,0.619413773247,0,0,true
slm_gqa,8,4,64,1,8192,64,47,12,0,head_major_block_first,head_major,block_first,0.343201,0.619413773247,0,0,true
slm_gqa,8,4,64,1,8192,64,47,12,1,head_major_head_first,head_major,head_first,0.336641,0.619413773247,0,0,true
slm_gqa,8,4,64,1,8192,64,47,12,2,block_major_head_first,block_major,head_first,0.350472,0.619413773247,0,0,true
slm_gqa,8,4,64,1,8192,64,47,12,3,block_major_block_first,block_major,block_first,0.334808,0.619413773247,0,0,true
slm_gqa,8,4,64,1,8192,64,47,13,0,block_major_head_first,block_major,head_first,0.341287,0.619413773247,0,0,true
slm_gqa,8,4,64,1,8192,64,47,13,1,block_major_block_first,block_major,block_first,0.328007,0.619413773247,0,0,true
slm_gqa,8,4,64,1,8192,64,47,13,2,head_major_block_first,head_major,block_first,0.350662,0.619413773247,0,0,true
slm_gqa,8,4,64,1,8192,64,47,13,3,head_major_head_first,head_major,head_first,0.338503,0.619413773247,0,0,true
slm_gqa,8,4,64,1,8192,64,47,14,0,head_major_block_first,head_major,block_first,0.341889,0.619413773247,0,0,true
slm_gqa,8,4,64,1,8192,64,47,14,1,head_major_head_first,head_major,head_first,0.337312,0.619413773247,0,0,true
slm_gqa,8,4,64,1,8192,64,47,14,2,block_major_head_first,block_major,head_first,0.351453,0.619413773247,0,0,true
slm_gqa,8,4,64,1,8192,64,47,14,3,block_major_block_first,block_major,block_first,0.328037,0.619413773247,0,0,true
slm_gqa,8,4,64,1,8192,64,47,15,0,head_major_head_first,head_major,head_first,0.341518,0.619413773247,0,0,true
slm_gqa,8,4,64,1,8192,64,47,15,1,head_major_block_first,head_major,block_first,0.3427,0.619413773247,0,0,true
slm_gqa,8,4,64,1,8192,64,47,15,2,block_major_block_first,block_major,block_first,0.336831,0.619413773247,0,0,true
slm_gqa,8,4,64,1,8192,64,47,15,3,block_major_head_first,block_major,head_first,0.349971,0.619413773247,0,0,true
slm_gqa,8,4,64,1,8192,64,47,16,0,head_major_head_first,head_major,head_first,0.340837,0.619413773247,0,0,true
slm_gqa,8,4,64,1,8192,64,47,16,1,block_major_head_first,block_major,head_first,0.346025,0.619413773247,0,0,true
slm_gqa,8,4,64,1,8192,64,47,16,2,block_major_block_first,block_major,block_first,0.327767,0.619413773247,0,0,true
slm_gqa,8,4,64,1,8192,64,47,16,3,head_major_block_first,head_major,block_first,0.348258,0.619413773247,0,0,true
slm_gqa,8,4,64,1,8192,64,47,17,0,head_major_block_first,head_major,block_first,0.34275,0.619413773247,0,0,true
slm_gqa,8,4,64,1,8192,64,47,17,1,block_major_head_first,block_major,head_first,0.348078,0.619413773247,0,0,true
slm_gqa,8,4,64,1,8192,64,47,17,2,block_major_block_first,block_major,block_first,0.32991,0.619413773247,0,0,true
slm_gqa,8,4,64,1,8192,64,47,17,3,head_major_head_first,head_major,head_first,0.340326,0.619413773247,0,0,true
slm_gqa,8,4,64,1,8192,64,47,18,0,block_major_head_first,block_major,head_first,0.344513,0.619413773247,0,0,true
slm_gqa,8,4,64,1,8192,64,47,18,1,head_major_block_first,head_major,block_first,0.346676,0.619413773247,0,0,true
slm_gqa,8,4,64,1,8192,64,47,18,2,block_major_block_first,block_major,block_first,0.337703,0.619413773247,0,0,true
slm_gqa,8,4,64,1,8192,64,47,18,3,head_major_head_first,head_major,head_first,0.340025,0.619413773247,0,0,true
slm_gqa,8,4,64,1,8192,64,47,19,0,head_major_head_first,head_major,head_first,0.337401,0.619413773247,0,0,true
slm_gqa,8,4,64,1,8192,64,47,19,1,block_major_block_first,block_major,block_first,0.33004,0.619413773247,0,0,true
slm_gqa,8,4,64,1,8192,64,47,19,2,head_major_block_first,head_major,block_first,0.345333,0.619413773247,0,0,true
slm_gqa,8,4,64,1,8192,64,47,19,3,block_major_head_first,block_major,head_first,0.346175,0.619413773247,0,0,true
slm_gqa,8,4,64,1,16384,64,11,0,0,head_major_head_first,head_major,head_first,0.779612,0.250955587647,0,0,true
slm_gqa,8,4,64,1,16384,64,11,0,1,block_major_block_first,block_major,block_first,0.803429,0.250955587647,0,0,true
slm_gqa,8,4,64,1,16384,64,11,0,2,head_major_block_first,head_major,block_first,0.82452,0.250955587647,0,0,true
slm_gqa,8,4,64,1,16384,64,11,0,3,block_major_head_first,block_major,head_first,0.910431,0.250955587647,0,0,true
slm_gqa,8,4,64,1,16384,64,11,1,0,block_major_block_first,block_major,block_first,0.752021,0.250955587647,0,0,true
slm_gqa,8,4,64,1,16384,64,11,1,1,head_major_head_first,head_major,head_first,0.796608,0.250955587647,0,0,true
slm_gqa,8,4,64,1,16384,64,11,1,2,head_major_block_first,head_major,block_first,0.846234,0.250955587647,0,0,true
slm_gqa,8,4,64,1,16384,64,11,1,3,block_major_head_first,block_major,head_first,0.900065,0.250955587647,0,0,true
slm_gqa,8,4,64,1,16384,64,11,2,0,head_major_block_first,head_major,block_first,0.837991,0.250955587647,0,0,true
slm_gqa,8,4,64,1,16384,64,11,2,1,block_major_head_first,block_major,head_first,0.878593,0.250955587647,0,0,true
slm_gqa,8,4,64,1,16384,64,11,2,2,block_major_block_first,block_major,block_first,0.748065,0.250955587647,0,0,true
slm_gqa,8,4,64,1,16384,64,11,2,3,head_major_head_first,head_major,head_first,0.829288,0.250955587647,0,0,true
slm_gqa,8,4,64,1,16384,64,11,3,0,block_major_block_first,block_major,block_first,0.766443,0.250955587647,0,0,true
slm_gqa,8,4,64,1,16384,64,11,3,1,block_major_head_first,block_major,head_first,0.821456,0.250955587647,0,0,true
slm_gqa,8,4,64,1,16384,64,11,3,2,head_major_head_first,head_major,head_first,0.798581,0.250955587647,0,0,true
slm_gqa,8,4,64,1,16384,64,11,3,3,head_major_block_first,head_major,block_first,0.83052,0.250955587647,0,0,true
slm_gqa,8,4,64,1,16384,64,11,4,0,block_major_head_first,block_major,head_first,0.916411,0.250955587647,0,0,true
slm_gqa,8,4,64,1,16384,64,11,4,1,head_major_block_first,head_major,block_first,0.838432,0.250955587647,0,0,true
slm_gqa,8,4,64,1,16384,64,11,4,2,head_major_head_first,head_major,head_first,0.773703,0.250955587647,0,0,true
slm_gqa,8,4,64,1,16384,64,11,4,3,block_major_block_first,block_major,block_first,0.788106,0.250955587647,0,0,true
slm_gqa,8,4,64,1,16384,64,11,5,0,block_major_head_first,block_major,head_first,0.904382,0.250955587647,0,0,true
slm_gqa,8,4,64,1,16384,64,11,5,1,block_major_block_first,block_major,block_first,0.741054,0.250955587647,0,0,true
slm_gqa,8,4,64,1,16384,64,11,5,2,head_major_block_first,head_major,block_first,0.853074,0.250955587647,0,0,true
slm_gqa,8,4,64,1,16384,64,11,5,3,head_major_head_first,head_major,head_first,0.78405,0.250955587647,0,0,true
slm_gqa,8,4,64,1,16384,64,11,6,0,block_major_block_first,block_major,block_first,0.780744,0.250955587647,0,0,true
slm_gqa,8,4,64,1,16384,64,11,6,1,block_major_head_first,block_major,head_first,0.874636,0.250955587647,0,0,true
slm_gqa,8,4,64,1,16384,64,11,6,2,head_major_head_first,head_major,head_first,0.787895,0.250955587647,0,0,true
slm_gqa,8,4,64,1,16384,64,11,6,3,head_major_block_first,head_major,block_first,0.827095,0.250955587647,0,0,true
slm_gqa,8,4,64,1,16384,64,11,7,0,head_major_block_first,head_major,block_first,0.813604,0.250955587647,0,0,true
slm_gqa,8,4,64,1,16384,64,11,7,1,block_major_block_first,block_major,block_first,0.781676,0.250955587647,0,0,true
slm_gqa,8,4,64,1,16384,64,11,7,2,head_major_head_first,head_major,head_first,0.794135,0.250955587647,0,0,true
slm_gqa,8,4,64,1,16384,64,11,7,3,block_major_head_first,block_major,head_first,0.930813,0.250955587647,0,0,true
slm_gqa,8,4,64,1,16384,64,11,8,0,block_major_block_first,block_major,block_first,0.754145,0.250955587647,0,0,true
slm_gqa,8,4,64,1,16384,64,11,8,1,head_major_head_first,head_major,head_first,0.79053,0.250955587647,0,0,true
slm_gqa,8,4,64,1,16384,64,11,8,2,block_major_head_first,block_major,head_first,0.861297,0.250955587647,0,0,true
slm_gqa,8,4,64,1,16384,64,11,8,3,head_major_block_first,head_major,block_first,0.852503,0.250955587647,0,0,true
slm_gqa,8,4,64,1,16384,64,11,9,0,head_major_block_first,head_major,block_first,0.815727,0.250955587647,0,0,true
slm_gqa,8,4,64,1,16384,64,11,9,1,block_major_block_first,block_major,block_first,0.78439,0.250955587647,0,0,true
slm_gqa,8,4,64,1,16384,64,11,9,2,head_major_head_first,head_major,head_first,0.78417,0.250955587647,0,0,true
slm_gqa,8,4,64,1,16384,64,11,9,3,block_major_head_first,block_major,head_first,0.908228,0.250955587647,0,0,true
slm_gqa,8,4,64,1,16384,64,11,10,0,block_major_block_first,block_major,block_first,0.768056,0.250955587647,0,0,true
slm_gqa,8,4,64,1,16384,64,11,10,1,head_major_head_first,head_major,head_first,0.795467,0.250955587647,0,0,true
slm_gqa,8,4,64,1,16384,64,11,10,2,head_major_block_first,head_major,block_first,0.824752,0.250955587647,0,0,true
slm_gqa,8,4,64,1,16384,64,11,10,3,block_major_head_first,block_major,head_first,0.898393,0.250955587647,0,0,true
slm_gqa,8,4,64,1,16384,64,11,11,0,head_major_block_first,head_major,block_first,0.836369,0.250955587647,0,0,true
slm_gqa,8,4,64,1,16384,64,11,11,1,block_major_block_first,block_major,block_first,0.790819,0.250955587647,0,0,true
slm_gqa,8,4,64,1,16384,64,11,11,2,block_major_head_first,block_major,head_first,0.845302,0.250955587647,0,0,true
slm_gqa,8,4,64,1,16384,64,11,11,3,head_major_head_first,head_major,head_first,0.801737,0.250955587647,0,0,true
slm_gqa,8,4,64,1,16384,64,11,12,0,head_major_block_first,head_major,block_first,0.82408,0.250955587647,0,0,true
slm_gqa,8,4,64,1,16384,64,11,12,1,head_major_head_first,head_major,head_first,0.787194,0.250955587647,0,0,true
slm_gqa,8,4,64,1,16384,64,11,12,2,block_major_head_first,block_major,head_first,0.955149,0.250955587647,0,0,true
slm_gqa,8,4,64,1,16384,64,11,12,3,block_major_block_first,block_major,block_first,0.765331,0.250955587647,0,0,true
slm_gqa,8,4,64,1,16384,64,11,13,0,block_major_block_first,block_major,block_first,0.748165,0.250955587647,0,0,true
slm_gqa,8,4,64,1,16384,64,11,13,1,block_major_head_first,block_major,head_first,0.804771,0.250955587647,0,0,true
slm_gqa,8,4,64,1,16384,64,11,13,2,head_major_block_first,head_major,block_first,0.874277,0.250955587647,0,0,true
slm_gqa,8,4,64,1,16384,64,11,13,3,head_major_head_first,head_major,head_first,0.787414,0.250955587647,0,0,true
slm_gqa,8,4,64,1,16384,64,11,14,0,block_major_head_first,block_major,head_first,0.883971,0.250955587647,0,0,true
slm_gqa,8,4,64,1,16384,64,11,14,1,block_major_block_first,block_major,block_first,0.746362,0.250955587647,0,0,true
slm_gqa,8,4,64,1,16384,64,11,14,2,head_major_block_first,head_major,block_first,0.845863,0.250955587647,0,0,true
slm_gqa,8,4,64,1,16384,64,11,14,3,head_major_head_first,head_major,head_first,0.788346,0.250955587647,0,0,true
slm_gqa,8,4,64,1,16384,64,11,15,0,block_major_block_first,block_major,block_first,0.787265,0.250955587647,0,0,true
slm_gqa,8,4,64,1,16384,64,11,15,1,head_major_head_first,head_major,head_first,0.786734,0.250955587647,0,0,true
slm_gqa,8,4,64,1,16384,64,11,15,2,block_major_head_first,block_major,head_first,0.903251,0.250955587647,0,0,true
slm_gqa,8,4,64,1,16384,64,11,15,3,head_major_block_first,head_major,block_first,0.840205,0.250955587647,0,0,true
slm_gqa,8,4,64,1,16384,64,11,16,0,head_major_head_first,head_major,head_first,0.796408,0.250955587647,0,0,true
slm_gqa,8,4,64,1,16384,64,11,16,1,block_major_head_first,block_major,head_first,0.908509,0.250955587647,0,0,true
slm_gqa,8,4,64,1,16384,64,11,16,2,block_major_block_first,block_major,block_first,0.761455,0.250955587647,0,0,true
slm_gqa,8,4,64,1,16384,64,11,16,3,head_major_block_first,head_major,block_first,0.841286,0.250955587647,0,0,true
slm_gqa,8,4,64,1,16384,64,11,17,0,head_major_block_first,head_major,block_first,0.822769,0.250955587647,0,0,true
slm_gqa,8,4,64,1,16384,64,11,17,1,head_major_head_first,head_major,head_first,0.787354,0.250955587647,0,0,true
slm_gqa,8,4,64,1,16384,64,11,17,2,block_major_head_first,block_major,head_first,0.929851,0.250955587647,0,0,true
slm_gqa,8,4,64,1,16384,64,11,17,3,block_major_block_first,block_major,block_first,0.755556,0.250955587647,0,0,true
slm_gqa,8,4,64,1,16384,64,11,18,0,block_major_block_first,block_major,block_first,0.748295,0.250955587647,0,0,true
slm_gqa,8,4,64,1,16384,64,11,18,1,head_major_block_first,head_major,block_first,0.838001,0.250955587647,0,0,true
slm_gqa,8,4,64,1,16384,64,11,18,2,head_major_head_first,head_major,head_first,0.793113,0.250955587647,0,0,true
slm_gqa,8,4,64,1,16384,64,11,18,3,block_major_head_first,block_major,head_first,0.893886,0.250955587647,0,0,true
slm_gqa,8,4,64,1,16384,64,11,19,0,block_major_head_first,block_major,head_first,0.825663,0.250955587647,0,0,true
slm_gqa,8,4,64,1,16384,64,11,19,1,head_major_block_first,head_major,block_first,0.852033,0.250955587647,0,0,true
slm_gqa,8,4,64,1,16384,64,11,19,2,head_major_head_first,head_major,head_first,0.781726,0.250955587647,0,0,true
slm_gqa,8,4,64,1,16384,64,11,19,3,block_major_block_first,block_major,block_first,0.796859,0.250955587647,0,0,true
slm_gqa,8,4,64,1,16384,64,29,0,0,block_major_block_first,block_major,block_first,0.747484,0.375345703908,0,0,true
slm_gqa,8,4,64,1,16384,64,29,0,1,block_major_head_first,block_major,head_first,0.84332,0.375345703908,0,0,true
slm_gqa,8,4,64,1,16384,64,29,0,2,head_major_head_first,head_major,head_first,0.794565,0.375345703908,0,0,true
slm_gqa,8,4,64,1,16384,64,29,0,3,head_major_block_first,head_major,block_first,0.849709,0.375345703908,0,0,true
slm_gqa,8,4,64,1,16384,64,29,1,0,block_major_head_first,block_major,head_first,0.891373,0.375345703908,0,0,true
slm_gqa,8,4,64,1,16384,64,29,1,1,head_major_block_first,head_major,block_first,0.848818,0.375345703908,0,0,true
slm_gqa,8,4,64,1,16384,64,29,1,2,head_major_head_first,head_major,head_first,0.770428,0.375345703908,0,0,true
slm_gqa,8,4,64,1,16384,64,29,1,3,block_major_block_first,block_major,block_first,0.746222,0.375345703908,0,0,true
slm_gqa,8,4,64,1,16384,64,29,2,0,block_major_head_first,block_major,head_first,0.872274,0.375345703908,0,0,true
slm_gqa,8,4,64,1,16384,64,29,2,1,block_major_block_first,block_major,block_first,0.717549,0.375345703908,0,0,true
slm_gqa,8,4,64,1,16384,64,29,2,2,head_major_block_first,head_major,block_first,0.872834,0.375345703908,0,0,true
slm_gqa,8,4,64,1,16384,64,29,2,3,head_major_head_first,head_major,head_first,0.792433,0.375345703908,0,0,true
slm_gqa,8,4,64,1,16384,64,29,3,0,head_major_block_first,head_major,block_first,0.822047,0.375345703908,0,0,true
slm_gqa,8,4,64,1,16384,64,29,3,1,block_major_block_first,block_major,block_first,0.747053,0.375345703908,0,0,true
slm_gqa,8,4,64,1,16384,64,29,3,2,block_major_head_first,block_major,head_first,0.89026,0.375345703908,0,0,true
slm_gqa,8,4,64,1,16384,64,29,3,3,head_major_head_first,head_major,head_first,0.813975,0.375345703908,0,0,true
slm_gqa,8,4,64,1,16384,64,29,4,0,block_major_block_first,block_major,block_first,0.736167,0.375345703908,0,0,true
slm_gqa,8,4,64,1,16384,64,29,4,1,head_major_head_first,head_major,head_first,0.800154,0.375345703908,0,0,true
slm_gqa,8,4,64,1,16384,64,29,4,2,head_major_block_first,head_major,block_first,0.824792,0.375345703908,0,0,true
slm_gqa,8,4,64,1,16384,64,29,4,3,block_major_head_first,block_major,head_first,0.905724,0.375345703908,0,0,true
slm_gqa,8,4,64,1,16384,64,29,5,0,head_major_block_first,head_major,block_first,0.852984,0.375345703908,0,0,true
slm_gqa,8,4,64,1,16384,64,29,5,1,head_major_head_first,head_major,head_first,0.773383,0.375345703908,0,0,true
slm_gqa,8,4,64,1,16384,64,29,5,2,block_major_head_first,block_major,head_first,0.910532,0.375345703908,0,0,true
slm_gqa,8,4,64,1,16384,64,29,5,3,block_major_block_first,block_major,block_first,0.73193,0.375345703908,0,0,true
slm_gqa,8,4,64,1,16384,64,29,6,0,block_major_block_first,block_major,block_first,0.724709,0.375345703908,0,0,true
slm_gqa,8,4,64,1,16384,64,29,6,1,head_major_head_first,head_major,head_first,0.834226,0.375345703908,0,0,true
slm_gqa,8,4,64,1,16384,64,29,6,2,head_major_block_first,head_major,block_first,0.847125,0.375345703908,0,0,true
slm_gqa,8,4,64,1,16384,64,29,6,3,block_major_head_first,block_major,head_first,0.891473,0.375345703908,0,0,true
slm_gqa,8,4,64,1,16384,64,29,7,0,block_major_head_first,block_major,head_first,0.816459,0.375345703908,0,0,true
slm_gqa,8,4,64,1,16384,64,29,7,1,head_major_head_first,head_major,head_first,0.797439,0.375345703908,0,0,true
slm_gqa,8,4,64,1,16384,64,29,7,2,head_major_block_first,head_major,block_first,0.845252,0.375345703908,0,0,true
slm_gqa,8,4,64,1,16384,64,29,7,3,block_major_block_first,block_major,block_first,0.738751,0.375345703908,0,0,true
slm_gqa,8,4,64,1,16384,64,29,8,0,block_major_block_first,block_major,block_first,0.726062,0.375345703908,0,0,true
slm_gqa,8,4,64,1,16384,64,29,8,1,head_major_block_first,head_major,block_first,0.84386,0.375345703908,0,0,true
slm_gqa,8,4,64,1,16384,64,29,8,2,block_major_head_first,block_major,head_first,0.869889,0.375345703908,0,0,true
slm_gqa,8,4,64,1,16384,64,29,8,3,head_major_head_first,head_major,head_first,0.823029,0.375345703908,0,0,true
slm_gqa,8,4,64,1,16384,64,29,9,0,head_major_block_first,head_major,block_first,0.828547,0.375345703908,0,0,true
slm_gqa,8,4,64,1,16384,64,29,9,1,block_major_block_first,block_major,block_first,0.739522,0.375345703908,0,0,true
slm_gqa,8,4,64,1,16384,64,29,9,2,block_major_head_first,block_major,head_first,0.863119,0.375345703908,0,0,true
slm_gqa,8,4,64,1,16384,64,29,9,3,head_major_head_first,head_major,head_first,0.814516,0.375345703908,0,0,true
slm_gqa,8,4,64,1,16384,64,29,10,0,block_major_head_first,block_major,head_first,0.842859,0.375345703908,0,0,true
slm_gqa,8,4,64,1,16384,64,29,10,1,head_major_head_first,head_major,head_first,0.794445,0.375345703908,0,0,true
slm_gqa,8,4,64,1,16384,64,29,10,2,head_major_block_first,head_major,block_first,0.827966,0.375345703908,0,0,true
slm_gqa,8,4,64,1,16384,64,29,10,3,block_major_block_first,block_major,block_first,0.748065,0.375345703908,0,0,true
slm_gqa,8,4,64,1,16384,64,29,11,0,head_major_head_first,head_major,head_first,0.792783,0.375345703908,0,0,true
slm_gqa,8,4,64,1,16384,64,29,11,1,block_major_block_first,block_major,block_first,0.73788,0.375345703908,0,0,true
slm_gqa,8,4,64,1,16384,64,29,11,2,head_major_block_first,head_major,block_first,0.83672,0.375345703908,0,0,true
slm_gqa,8,4,64,1,16384,64,29,11,3,block_major_head_first,block_major,head_first,0.899284,0.375345703908,0,0,true
slm_gqa,8,4,64,1,16384,64,29,12,0,head_major_block_first,head_major,block_first,0.840145,0.375345703908,0,0,true
slm_gqa,8,4,64,1,16384,64,29,12,1,head_major_head_first,head_major,head_first,0.785272,0.375345703908,0,0,true
slm_gqa,8,4,64,1,16384,64,29,12,2,block_major_head_first,block_major,head_first,0.90307,0.375345703908,0,0,true
slm_gqa,8,4,64,1,16384,64,29,12,3,block_major_block_first,block_major,block_first,0.735966,0.375345703908,0,0,true
slm_gqa,8,4,64,1,16384,64,29,13,0,head_major_block_first,head_major,block_first,0.8506,0.375345703908,0,0,true
slm_gqa,8,4,64,1,16384,64,29,13,1,block_major_head_first,block_major,head_first,0.851271,0.375345703908,0,0,true
slm_gqa,8,4,64,1,16384,64,29,13,2,block_major_block_first,block_major,block_first,0.739943,0.375345703908,0,0,true
slm_gqa,8,4,64,1,16384,64,29,13,3,head_major_head_first,head_major,head_first,0.809508,0.375345703908,0,0,true
slm_gqa,8,4,64,1,16384,64,29,14,0,block_major_head_first,block_major,head_first,0.835818,0.375345703908,0,0,true
slm_gqa,8,4,64,1,16384,64,29,14,1,head_major_block_first,head_major,block_first,0.848918,0.375345703908,0,0,true
slm_gqa,8,4,64,1,16384,64,29,14,2,head_major_head_first,head_major,head_first,0.774816,0.375345703908,0,0,true
slm_gqa,8,4,64,1,16384,64,29,14,3,block_major_block_first,block_major,block_first,0.760223,0.375345703908,0,0,true
slm_gqa,8,4,64,1,16384,64,29,15,0,block_major_head_first,block_major,head_first,0.859003,0.375345703908,0,0,true
slm_gqa,8,4,64,1,16384,64,29,15,1,head_major_block_first,head_major,block_first,0.848377,0.375345703908,0,0,true
slm_gqa,8,4,64,1,16384,64,29,15,2,block_major_block_first,block_major,block_first,0.727504,0.375345703908,0,0,true
slm_gqa,8,4,64,1,16384,64,29,15,3,head_major_head_first,head_major,head_first,0.806454,0.375345703908,0,0,true
slm_gqa,8,4,64,1,16384,64,29,16,0,block_major_head_first,block_major,head_first,0.872053,0.375345703908,0,0,true
slm_gqa,8,4,64,1,16384,64,29,16,1,block_major_block_first,block_major,block_first,0.713432,0.375345703908,0,0,true
slm_gqa,8,4,64,1,16384,64,29,16,2,head_major_block_first,head_major,block_first,0.848888,0.375345703908,0,0,true
slm_gqa,8,4,64,1,16384,64,29,16,3,head_major_head_first,head_major,head_first,0.795457,0.375345703908,0,0,true
slm_gqa,8,4,64,1,16384,64,29,17,0,head_major_block_first,head_major,block_first,0.815307,0.375345703908,0,0,true
slm_gqa,8,4,64,1,16384,64,29,17,1,block_major_head_first,block_major,head_first,0.940797,0.375345703908,0,0,true
slm_gqa,8,4,64,1,16384,64,29,17,2,block_major_block_first,block_major,block_first,0.729707,0.375345703908,0,0,true
slm_gqa,8,4,64,1,16384,64,29,17,3,head_major_head_first,head_major,head_first,0.812142,0.375345703908,0,0,true
slm_gqa,8,4,64,1,16384,64,29,18,0,head_major_head_first,head_major,head_first,0.791471,0.375345703908,0,0,true
slm_gqa,8,4,64,1,16384,64,29,18,1,block_major_head_first,block_major,head_first,0.88305,0.375345703908,0,0,true
slm_gqa,8,4,64,1,16384,64,29,18,2,block_major_block_first,block_major,block_first,0.735255,0.375345703908,0,0,true
slm_gqa,8,4,64,1,16384,64,29,18,3,head_major_block_first,head_major,block_first,0.850851,0.375345703908,0,0,true
slm_gqa,8,4,64,1,16384,64,29,19,0,head_major_block_first,head_major,block_first,0.835197,0.375345703908,0,0,true
slm_gqa,8,4,64,1,16384,64,29,19,1,head_major_head_first,head_major,head_first,0.766533,0.375345703908,0,0,true
slm_gqa,8,4,64,1,16384,64,29,19,2,block_major_head_first,block_major,head_first,0.910662,0.375345703908,0,0,true
slm_gqa,8,4,64,1,16384,64,29,19,3,block_major_block_first,block_major,block_first,0.756118,0.375345703908,0,0,true
slm_gqa,8,4,64,1,16384,64,47,0,0,head_major_head_first,head_major,head_first,0.779102,0.101931087487,0,0,true
slm_gqa,8,4,64,1,16384,64,47,0,1,block_major_block_first,block_major,block_first,0.739922,0.101931087487,0,0,true
slm_gqa,8,4,64,1,16384,64,47,0,2,head_major_block_first,head_major,block_first,0.854767,0.101931087487,0,0,true
slm_gqa,8,4,64,1,16384,64,47,0,3,block_major_head_first,block_major,head_first,0.901117,0.101931087487,0,0,true
slm_gqa,8,4,64,1,16384,64,47,1,0,head_major_block_first,head_major,block_first,0.855869,0.101931087487,0,0,true
slm_gqa,8,4,64,1,16384,64,47,1,1,block_major_head_first,block_major,head_first,0.868968,0.101931087487,0,0,true
slm_gqa,8,4,64,1,16384,64,47,1,2,block_major_block_first,block_major,block_first,0.735786,0.101931087487,0,0,true
slm_gqa,8,4,64,1,16384,64,47,1,3,head_major_head_first,head_major,head_first,0.803429,0.101931087487,0,0,true
slm_gqa,8,4,64,1,16384,64,47,2,0,block_major_block_first,block_major,block_first,0.725801,0.101931087487,0,0,true
slm_gqa,8,4,64,1,16384,64,47,2,1,head_major_block_first,head_major,block_first,0.854356,0.101931087487,0,0,true
slm_gqa,8,4,64,1,16384,64,47,2,2,head_major_head_first,head_major,head_first,0.792922,0.101931087487,0,0,true
slm_gqa,8,4,64,1,16384,64,47,2,3,block_major_head_first,block_major,head_first,0.913015,0.101931087487,0,0,true
slm_gqa,8,4,64,1,16384,64,47,3,0,head_major_block_first,head_major,block_first,0.847546,0.101931087487,0,0,true
slm_gqa,8,4,64,1,16384,64,47,3,1,block_major_block_first,block_major,block_first,0.739442,0.101931087487,0,0,true
slm_gqa,8,4,64,1,16384,64,47,3,2,head_major_head_first,head_major,head_first,0.79075,0.101931087487,0,0,true
slm_gqa,8,4,64,1,16384,64,47,3,3,block_major_head_first,block_major,head_first,0.882769,0.101931087487,0,0,true
slm_gqa,8,4,64,1,16384,64,47,4,0,block_major_head_first,block_major,head_first,0.826714,0.101931087487,0,0,true
slm_gqa,8,4,64,1,16384,64,47,4,1,block_major_block_first,block_major,block_first,0.704378,0.101931087487,0,0,true
slm_gqa,8,4,64,1,16384,64,47,4,2,head_major_head_first,head_major,head_first,0.80455,0.101931087487,0,0,true
slm_gqa,8,4,64,1,16384,64,47,4,3,head_major_block_first,head_major,block_first,0.834386,0.101931087487,0,0,true
slm_gqa,8,4,64,1,16384,64,47,5,0,head_major_block_first,head_major,block_first,0.820745,0.101931087487,0,0,true
slm_gqa,8,4,64,1,16384,64,47,5,1,block_major_head_first,block_major,head_first,0.923882,0.101931087487,0,0,true
slm_gqa,8,4,64,1,16384,64,47,5,2,block_major_block_first,block_major,block_first,0.727544,0.101931087487,0,0,true
slm_gqa,8,4,64,1,16384,64,47,5,3,head_major_head_first,head_major,head_first,0.800785,0.101931087487,0,0,true
slm_gqa,8,4,64,1,16384,64,47,6,0,block_major_head_first,block_major,head_first,0.851261,0.101931087487,0,0,true
slm_gqa,8,4,64,1,16384,64,47,6,1,head_major_head_first,head_major,head_first,0.799363,0.101931087487,0,0,true
slm_gqa,8,4,64,1,16384,64,47,6,2,block_major_block_first,block_major,block_first,0.751611,0.101931087487,0,0,true
slm_gqa,8,4,64,1,16384,64,47,6,3,head_major_block_first,head_major,block_first,0.850751,0.101931087487,0,0,true
slm_gqa,8,4,64,1,16384,64,47,7,0,block_major_block_first,block_major,block_first,0.738591,0.101931087487,0,0,true
slm_gqa,8,4,64,1,16384,64,47,7,1,head_major_block_first,head_major,block_first,0.845402,0.101931087487,0,0,true
slm_gqa,8,4,64,1,16384,64,47,7,2,head_major_head_first,head_major,head_first,0.777509,0.101931087487,0,0,true
slm_gqa,8,4,64,1,16384,64,47,7,3,block_major_head_first,block_major,head_first,0.919024,0.101931087487,0,0,true
slm_gqa,8,4,64,1,16384,64,47,8,0,head_major_block_first,head_major,block_first,0.836499,0.101931087487,0,0,true
slm_gqa,8,4,64,1,16384,64,47,8,1,head_major_head_first,head_major,head_first,0.761706,0.101931087487,0,0,true
slm_gqa,8,4,64,1,16384,64,47,8,2,block_major_head_first,block_major,head_first,0.902018,0.101931087487,0,0,true
slm_gqa,8,4,64,1,16384,64,47,8,3,block_major_block_first,block_major,block_first,0.731791,0.101931087487,0,0,true
slm_gqa,8,4,64,1,16384,64,47,9,0,head_major_block_first,head_major,block_first,0.865022,0.101931087487,0,0,true
slm_gqa,8,4,64,1,16384,64,47,9,1,block_major_block_first,block_major,block_first,0.734164,0.101931087487,0,0,true
slm_gqa,8,4,64,1,16384,64,47,9,2,block_major_head_first,block_major,head_first,0.819753,0.101931087487,0,0,true
slm_gqa,8,4,64,1,16384,64,47,9,3,head_major_head_first,head_major,head_first,0.801816,0.101931087487,0,0,true
slm_gqa,8,4,64,1,16384,64,47,10,0,head_major_head_first,head_major,head_first,0.786012,0.101931087487,0,0,true
slm_gqa,8,4,64,1,16384,64,47,10,1,block_major_block_first,block_major,block_first,0.755777,0.101931087487,0,0,true
slm_gqa,8,4,64,1,16384,64,47,10,2,head_major_block_first,head_major,block_first,0.839854,0.101931087487,0,0,true
slm_gqa,8,4,64,1,16384,64,47,10,3,block_major_head_first,block_major,head_first,0.886214,0.101931087487,0,0,true
slm_gqa,8,4,64,1,16384,64,47,11,0,block_major_head_first,block_major,head_first,0.809177,0.101931087487,0,0,true
slm_gqa,8,4,64,1,16384,64,47,11,1,head_major_block_first,head_major,block_first,0.855258,0.101931087487,0,0,true
slm_gqa,8,4,64,1,16384,64,47,11,2,head_major_head_first,head_major,head_first,0.810179,0.101931087487,0,0,true
slm_gqa,8,4,64,1,16384,64,47,11,3,block_major_block_first,block_major,block_first,0.740453,0.101931087487,0,0,true
slm_gqa,8,4,64,1,16384,64,47,12,0,head_major_block_first,head_major,block_first,0.835648,0.101931087487,0,0,true
slm_gqa,8,4,64,1,16384,64,47,12,1,head_major_head_first,head_major,head_first,0.766613,0.101931087487,0,0,true
slm_gqa,8,4,64,1,16384,64,47,12,2,block_major_block_first,block_major,block_first,0.748015,0.101931087487,0,0,true
slm_gqa,8,4,64,1,16384,64,47,12,3,block_major_head_first,block_major,head_first,0.894708,0.101931087487,0,0,true
slm_gqa,8,4,64,1,16384,64,47,13,0,block_major_head_first,block_major,head_first,0.801886,0.101931087487,0,0,true
slm_gqa,8,4,64,1,16384,64,47,13,1,head_major_block_first,head_major,block_first,0.854667,0.101931087487,0,0,true
slm_gqa,8,4,64,1,16384,64,47,13,2,block_major_block_first,block_major,block_first,0.719532,0.101931087487,0,0,true
slm_gqa,8,4,64,1,16384,64,47,13,3,head_major_head_first,head_major,head_first,0.807826,0.101931087487,0,0,true
slm_gqa,8,4,64,1,16384,64,47,14,0,head_major_head_first,head_major,head_first,0.804791,0.101931087487,0,0,true
slm_gqa,8,4,64,1,16384,64,47,14,1,block_major_block_first,block_major,block_first,0.745872,0.101931087487,0,0,true
slm_gqa,8,4,64,1,16384,64,47,14,2,head_major_block_first,head_major,block_first,0.834376,0.101931087487,0,0,true
slm_gqa,8,4,64,1,16384,64,47,14,3,block_major_head_first,block_major,head_first,0.892655,0.101931087487,0,0,true
slm_gqa,8,4,64,1,16384,64,47,15,0,block_major_block_first,block_major,block_first,0.714554,0.101931087487,0,0,true
slm_gqa,8,4,64,1,16384,64,47,15,1,head_major_head_first,head_major,head_first,0.822939,0.101931087487,0,0,true
slm_gqa,8,4,64,1,16384,64,47,15,2,head_major_block_first,head_major,block_first,0.83677,0.101931087487,0,0,true
slm_gqa,8,4,64,1,16384,64,47,15,3,block_major_head_first,block_major,head_first,0.880055,0.101931087487,0,0,true
slm_gqa,8,4,64,1,16384,64,47,16,0,head_major_block_first,head_major,block_first,0.846464,0.101931087487,0,0,true
slm_gqa,8,4,64,1,16384,64,47,16,1,block_major_block_first,block_major,block_first,0.759472,0.101931087487,0,0,true
slm_gqa,8,4,64,1,16384,64,47,16,2,head_major_head_first,head_major,head_first,0.788076,0.101931087487,0,0,true
slm_gqa,8,4,64,1,16384,64,47,16,3,block_major_head_first,block_major,head_first,0.873986,0.101931087487,0,0,true
slm_gqa,8,4,64,1,16384,64,47,17,0,block_major_head_first,block_major,head_first,0.802858,0.101931087487,0,0,true
slm_gqa,8,4,64,1,16384,64,47,17,1,block_major_block_first,block_major,block_first,0.701184,0.101931087487,0,0,true
slm_gqa,8,4,64,1,16384,64,47,17,2,head_major_block_first,head_major,block_first,0.872424,0.101931087487,0,0,true
slm_gqa,8,4,64,1,16384,64,47,17,3,head_major_head_first,head_major,head_first,0.786984,0.101931087487,0,0,true
slm_gqa,8,4,64,1,16384,64,47,18,0,block_major_head_first,block_major,head_first,0.872303,0.101931087487,0,0,true
slm_gqa,8,4,64,1,16384,64,47,18,1,head_major_block_first,head_major,block_first,0.849308,0.101931087487,0,0,true
slm_gqa,8,4,64,1,16384,64,47,18,2,head_major_head_first,head_major,head_first,0.780725,0.101931087487,0,0,true
slm_gqa,8,4,64,1,16384,64,47,18,3,block_major_block_first,block_major,block_first,0.759602,0.101931087487,0,0,true
slm_gqa,8,4,64,1,16384,64,47,19,0,head_major_head_first,head_major,head_first,0.780634,0.101931087487,0,0,true
slm_gqa,8,4,64,1,16384,64,47,19,1,block_major_block_first,block_major,block_first,0.738019,0.101931087487,0,0,true
slm_gqa,8,4,64,1,16384,64,47,19,2,block_major_head_first,block_major,head_first,0.85688,0.101931087487,0,0,true
slm_gqa,8,4,64,1,16384,64,47,19,3,head_major_block_first,head_major,block_first,0.850019,0.101931087487,0,0,true
slm_gqa,8,4,64,4,512,64,11,0,0,block_major_head_first,block_major,head_first,0.089416,-3.99557000881,0,0,true
slm_gqa,8,4,64,4,512,64,11,0,1,head_major_head_first,head_major,head_first,0.086221,-3.99557000881,0,0,true
slm_gqa,8,4,64,4,512,64,11,0,2,head_major_block_first,head_major,block_first,0.086611,-3.99557000881,0,0,true
slm_gqa,8,4,64,4,512,64,11,0,3,block_major_block_first,block_major,block_first,0.088084,-3.99557000881,0,0,true
slm_gqa,8,4,64,4,512,64,11,1,0,block_major_block_first,block_major,block_first,0.087183,-3.99557000881,0,0,true
slm_gqa,8,4,64,4,512,64,11,1,1,head_major_block_first,head_major,block_first,0.086612,-3.99557000881,0,0,true
slm_gqa,8,4,64,4,512,64,11,1,2,block_major_head_first,block_major,head_first,0.088515,-3.99557000881,0,0,true
slm_gqa,8,4,64,4,512,64,11,1,3,head_major_head_first,head_major,head_first,0.086331,-3.99557000881,0,0,true
slm_gqa,8,4,64,4,512,64,11,2,0,block_major_block_first,block_major,block_first,0.087513,-3.99557000881,0,0,true
slm_gqa,8,4,64,4,512,64,11,2,1,head_major_block_first,head_major,block_first,0.086561,-3.99557000881,0,0,true
slm_gqa,8,4,64,4,512,64,11,2,2,head_major_head_first,head_major,head_first,0.08558,-3.99557000881,0,0,true
slm_gqa,8,4,64,4,512,64,11,2,3,block_major_head_first,block_major,head_first,0.088374,-3.99557000881,0,0,true
slm_gqa,8,4,64,4,512,64,11,3,0,head_major_block_first,head_major,block_first,0.086321,-3.99557000881,0,0,true
slm_gqa,8,4,64,4,512,64,11,3,1,block_major_head_first,block_major,head_first,0.088083,-3.99557000881,0,0,true
slm_gqa,8,4,64,4,512,64,11,3,2,block_major_block_first,block_major,block_first,0.086812,-3.99557000881,0,0,true
slm_gqa,8,4,64,4,512,64,11,3,3,head_major_head_first,head_major,head_first,0.085519,-3.99557000881,0,0,true
slm_gqa,8,4,64,4,512,64,11,4,0,block_major_head_first,block_major,head_first,0.088024,-3.99557000881,0,0,true
slm_gqa,8,4,64,4,512,64,11,4,1,block_major_block_first,block_major,block_first,0.086642,-3.99557000881,0,0,true
slm_gqa,8,4,64,4,512,64,11,4,2,head_major_head_first,head_major,head_first,0.08577,-3.99557000881,0,0,true
slm_gqa,8,4,64,4,512,64,11,4,3,head_major_block_first,head_major,block_first,0.0858,-3.99557000881,0,0,true
slm_gqa,8,4,64,4,512,64,11,5,0,head_major_block_first,head_major,block_first,0.08573,-3.99557000881,0,0,true
slm_gqa,8,4,64,4,512,64,11,5,1,head_major_head_first,head_major,head_first,0.08557,-3.99557000881,0,0,true
slm_gqa,8,4,64,4,512,64,11,5,2,block_major_head_first,block_major,head_first,0.088475,-3.99557000881,0,0,true
slm_gqa,8,4,64,4,512,64,11,5,3,block_major_block_first,block_major,block_first,0.086732,-3.99557000881,0,0,true
slm_gqa,8,4,64,4,512,64,11,6,0,head_major_head_first,head_major,head_first,0.08572,-3.99557000881,0,0,true
slm_gqa,8,4,64,4,512,64,11,6,1,block_major_head_first,block_major,head_first,0.087924,-3.99557000881,0,0,true
slm_gqa,8,4,64,4,512,64,11,6,2,block_major_block_first,block_major,block_first,0.086692,-3.99557000881,0,0,true
slm_gqa,8,4,64,4,512,64,11,6,3,head_major_block_first,head_major,block_first,0.08624,-3.99557000881,0,0,true
slm_gqa,8,4,64,4,512,64,11,7,0,block_major_head_first,block_major,head_first,0.087944,-3.99557000881,0,0,true
slm_gqa,8,4,64,4,512,64,11,7,1,block_major_block_first,block_major,block_first,0.086832,-3.99557000881,0,0,true
slm_gqa,8,4,64,4,512,64,11,7,2,head_major_block_first,head_major,block_first,0.092149,-3.99557000881,0,0,true
slm_gqa,8,4,64,4,512,64,11,7,3,head_major_head_first,head_major,head_first,0.0854,-3.99557000881,0,0,true
slm_gqa,8,4,64,4,512,64,11,8,0,block_major_block_first,block_major,block_first,0.086622,-3.99557000881,0,0,true
slm_gqa,8,4,64,4,512,64,11,8,1,head_major_head_first,head_major,head_first,0.08565,-3.99557000881,0,0,true
slm_gqa,8,4,64,4,512,64,11,8,2,head_major_block_first,head_major,block_first,0.08572,-3.99557000881,0,0,true
slm_gqa,8,4,64,4,512,64,11,8,3,block_major_head_first,block_major,head_first,0.087863,-3.99557000881,0,0,true
slm_gqa,8,4,64,4,512,64,11,9,0,block_major_block_first,block_major,block_first,0.086982,-3.99557000881,0,0,true
slm_gqa,8,4,64,4,512,64,11,9,1,head_major_block_first,head_major,block_first,0.085891,-3.99557000881,0,0,true
slm_gqa,8,4,64,4,512,64,11,9,2,block_major_head_first,block_major,head_first,0.087653,-3.99557000881,0,0,true
slm_gqa,8,4,64,4,512,64,11,9,3,head_major_head_first,head_major,head_first,0.08554,-3.99557000881,0,0,true
slm_gqa,8,4,64,4,512,64,11,10,0,head_major_block_first,head_major,block_first,0.0857,-3.99557000881,0,0,true
slm_gqa,8,4,64,4,512,64,11,10,1,block_major_block_first,block_major,block_first,0.087082,-3.99557000881,0,0,true
slm_gqa,8,4,64,4,512,64,11,10,2,block_major_head_first,block_major,head_first,0.087433,-3.99557000881,0,0,true
slm_gqa,8,4,64,4,512,64,11,10,3,head_major_head_first,head_major,head_first,0.08554,-3.99557000881,0,0,true
slm_gqa,8,4,64,4,512,64,11,11,0,block_major_head_first,block_major,head_first,0.088024,-3.99557000881,0,0,true
slm_gqa,8,4,64,4,512,64,11,11,1,head_major_head_first,head_major,head_first,0.08537,-3.99557000881,0,0,true
slm_gqa,8,4,64,4,512,64,11,11,2,block_major_block_first,block_major,block_first,0.087103,-3.99557000881,0,0,true
slm_gqa,8,4,64,4,512,64,11,11,3,head_major_block_first,head_major,block_first,0.086091,-3.99557000881,0,0,true
slm_gqa,8,4,64,4,512,64,11,12,0,head_major_block_first,head_major,block_first,0.086,-3.99557000881,0,0,true
slm_gqa,8,4,64,4,512,64,11,12,1,block_major_block_first,block_major,block_first,0.086491,-3.99557000881,0,0,true
slm_gqa,8,4,64,4,512,64,11,12,2,block_major_head_first,block_major,head_first,0.087553,-3.99557000881,0,0,true
slm_gqa,8,4,64,4,512,64,11,12,3,head_major_head_first,head_major,head_first,0.086171,-3.99557000881,0,0,true
slm_gqa,8,4,64,4,512,64,11,13,0,block_major_block_first,block_major,block_first,0.086922,-3.99557000881,0,0,true
slm_gqa,8,4,64,4,512,64,11,13,1,block_major_head_first,block_major,head_first,0.087493,-3.99557000881,0,0,true
slm_gqa,8,4,64,4,512,64,11,13,2,head_major_block_first,head_major,block_first,0.086261,-3.99557000881,0,0,true
slm_gqa,8,4,64,4,512,64,11,13,3,head_major_head_first,head_major,head_first,0.085219,-3.99557000881,0,0,true
slm_gqa,8,4,64,4,512,64,11,14,0,block_major_block_first,block_major,block_first,0.086792,-3.99557000881,0,0,true
slm_gqa,8,4,64,4,512,64,11,14,1,block_major_head_first,block_major,head_first,0.087994,-3.99557000881,0,0,true
slm_gqa,8,4,64,4,512,64,11,14,2,head_major_head_first,head_major,head_first,0.08575,-3.99557000881,0,0,true
slm_gqa,8,4,64,4,512,64,11,14,3,head_major_block_first,head_major,block_first,0.08579,-3.99557000881,0,0,true
slm_gqa,8,4,64,4,512,64,11,15,0,block_major_head_first,block_major,head_first,0.087934,-3.99557000881,0,0,true
slm_gqa,8,4,64,4,512,64,11,15,1,head_major_block_first,head_major,block_first,0.085921,-3.99557000881,0,0,true
slm_gqa,8,4,64,4,512,64,11,15,2,block_major_block_first,block_major,block_first,0.086502,-3.99557000881,0,0,true
slm_gqa,8,4,64,4,512,64,11,15,3,head_major_head_first,head_major,head_first,0.08557,-3.99557000881,0,0,true
slm_gqa,8,4,64,4,512,64,11,16,0,head_major_head_first,head_major,head_first,0.08564,-3.99557000881,0,0,true
slm_gqa,8,4,64,4,512,64,11,16,1,block_major_block_first,block_major,block_first,0.087202,-3.99557000881,0,0,true
slm_gqa,8,4,64,4,512,64,11,16,2,block_major_head_first,block_major,head_first,0.087242,-3.99557000881,0,0,true
slm_gqa,8,4,64,4,512,64,11,16,3,head_major_block_first,head_major,block_first,0.086611,-3.99557000881,0,0,true
slm_gqa,8,4,64,4,512,64,11,17,0,block_major_block_first,block_major,block_first,0.086852,-3.99557000881,0,0,true
slm_gqa,8,4,64,4,512,64,11,17,1,head_major_head_first,head_major,head_first,0.086241,-3.99557000881,0,0,true
slm_gqa,8,4,64,4,512,64,11,17,2,block_major_head_first,block_major,head_first,0.087743,-3.99557000881,0,0,true
slm_gqa,8,4,64,4,512,64,11,17,3,head_major_block_first,head_major,block_first,0.08598,-3.99557000881,0,0,true
slm_gqa,8,4,64,4,512,64,11,18,0,head_major_head_first,head_major,head_first,0.085219,-3.99557000881,0,0,true
slm_gqa,8,4,64,4,512,64,11,18,1,head_major_block_first,head_major,block_first,0.08609,-3.99557000881,0,0,true
slm_gqa,8,4,64,4,512,64,11,18,2,block_major_head_first,block_major,head_first,0.095174,-3.99557000881,0,0,true
slm_gqa,8,4,64,4,512,64,11,18,3,block_major_block_first,block_major,block_first,0.086712,-3.99557000881,0,0,true
slm_gqa,8,4,64,4,512,64,11,19,0,head_major_head_first,head_major,head_first,0.08585,-3.99557000881,0,0,true
slm_gqa,8,4,64,4,512,64,11,19,1,head_major_block_first,head_major,block_first,0.08604,-3.99557000881,0,0,true
slm_gqa,8,4,64,4,512,64,11,19,2,block_major_block_first,block_major,block_first,0.087242,-3.99557000881,0,0,true
slm_gqa,8,4,64,4,512,64,11,19,3,block_major_head_first,block_major,head_first,0.087543,-3.99557000881,0,0,true
slm_gqa,8,4,64,4,512,64,29,0,0,block_major_head_first,block_major,head_first,0.087433,-3.07884274748,0,0,true
slm_gqa,8,4,64,4,512,64,29,0,1,head_major_block_first,head_major,block_first,0.086251,-3.07884274748,0,0,true
slm_gqa,8,4,64,4,512,64,29,0,2,head_major_head_first,head_major,head_first,0.08588,-3.07884274748,0,0,true
slm_gqa,8,4,64,4,512,64,29,0,3,block_major_block_first,block_major,block_first,0.086792,-3.07884274748,0,0,true
slm_gqa,8,4,64,4,512,64,29,1,0,head_major_block_first,head_major,block_first,0.08612,-3.07884274748,0,0,true
slm_gqa,8,4,64,4,512,64,29,1,1,block_major_head_first,block_major,head_first,0.087583,-3.07884274748,0,0,true
slm_gqa,8,4,64,4,512,64,29,1,2,block_major_block_first,block_major,block_first,0.086641,-3.07884274748,0,0,true
slm_gqa,8,4,64,4,512,64,29,1,3,head_major_head_first,head_major,head_first,0.086341,-3.07884274748,0,0,true
slm_gqa,8,4,64,4,512,64,29,2,0,block_major_block_first,block_major,block_first,0.086812,-3.07884274748,0,0,true
slm_gqa,8,4,64,4,512,64,29,2,1,head_major_block_first,head_major,block_first,0.086441,-3.07884274748,0,0,true
slm_gqa,8,4,64,4,512,64,29,2,2,block_major_head_first,block_major,head_first,0.088053,-3.07884274748,0,0,true
slm_gqa,8,4,64,4,512,64,29,2,3,head_major_head_first,head_major,head_first,0.086021,-3.07884274748,0,0,true
slm_gqa,8,4,64,4,512,64,29,3,0,block_major_head_first,block_major,head_first,0.087873,-3.07884274748,0,0,true
slm_gqa,8,4,64,4,512,64,29,3,1,block_major_block_first,block_major,block_first,0.086711,-3.07884274748,0,0,true
slm_gqa,8,4,64,4,512,64,29,3,2,head_major_block_first,head_major,block_first,0.086692,-3.07884274748,0,0,true
slm_gqa,8,4,64,4,512,64,29,3,3,head_major_head_first,head_major,head_first,0.085951,-3.07884274748,0,0,true
slm_gqa,8,4,64,4,512,64,29,4,0,block_major_block_first,block_major,block_first,0.086852,-3.07884274748,0,0,true
slm_gqa,8,4,64,4,512,64,29,4,1,head_major_block_first,head_major,block_first,0.086171,-3.07884274748,0,0,true
slm_gqa,8,4,64,4,512,64,29,4,2,head_major_head_first,head_major,head_first,0.08557,-3.07884274748,0,0,true
slm_gqa,8,4,64,4,512,64,29,4,3,block_major_head_first,block_major,head_first,0.099862,-3.07884274748,0,0,true
slm_gqa,8,4,64,4,512,64,29,5,0,block_major_head_first,block_major,head_first,0.087402,-3.07884274748,0,0,true
slm_gqa,8,4,64,4,512,64,29,5,1,block_major_block_first,block_major,block_first,0.087152,-3.07884274748,0,0,true
slm_gqa,8,4,64,4,512,64,29,5,2,head_major_block_first,head_major,block_first,0.086301,-3.07884274748,0,0,true
slm_gqa,8,4,64,4,512,64,29,5,3,head_major_head_first,head_major,head_first,0.08564,-3.07884274748,0,0,true
slm_gqa,8,4,64,4,512,64,29,6,0,block_major_head_first,block_major,head_first,0.087924,-3.07884274748,0,0,true
slm_gqa,8,4,64,4,512,64,29,6,1,head_major_block_first,head_major,block_first,0.086421,-3.07884274748,0,0,true
slm_gqa,8,4,64,4,512,64,29,6,2,block_major_block_first,block_major,block_first,0.086982,-3.07884274748,0,0,true
slm_gqa,8,4,64,4,512,64,29,6,3,head_major_head_first,head_major,head_first,0.08601,-3.07884274748,0,0,true
slm_gqa,8,4,64,4,512,64,29,7,0,block_major_head_first,block_major,head_first,0.087553,-3.07884274748,0,0,true
slm_gqa,8,4,64,4,512,64,29,7,1,head_major_block_first,head_major,block_first,0.086011,-3.07884274748,0,0,true
slm_gqa,8,4,64,4,512,64,29,7,2,head_major_head_first,head_major,head_first,0.085369,-3.07884274748,0,0,true
slm_gqa,8,4,64,4,512,64,29,7,3,block_major_block_first,block_major,block_first,0.087322,-3.07884274748,0,0,true
slm_gqa,8,4,64,4,512,64,29,8,0,block_major_head_first,block_major,head_first,0.087363,-3.07884274748,0,0,true
slm_gqa,8,4,64,4,512,64,29,8,1,block_major_block_first,block_major,block_first,0.086662,-3.07884274748,0,0,true
slm_gqa,8,4,64,4,512,64,29,8,2,head_major_head_first,head_major,head_first,0.08559,-3.07884274748,0,0,true
slm_gqa,8,4,64,4,512,64,29,8,3,head_major_block_first,head_major,block_first,0.086171,-3.07884274748,0,0,true
slm_gqa,8,4,64,4,512,64,29,9,0,block_major_head_first,block_major,head_first,0.087593,-3.07884274748,0,0,true
slm_gqa,8,4,64,4,512,64,29,9,1,head_major_block_first,head_major,block_first,0.08595,-3.07884274748,0,0,true
slm_gqa,8,4,64,4,512,64,29,9,2,head_major_head_first,head_major,head_first,0.08568,-3.07884274748,0,0,true
slm_gqa,8,4,64,4,512,64,29,9,3,block_major_block_first,block_major,block_first,0.086902,-3.07884274748,0,0,true
slm_gqa,8,4,64,4,512,64,29,10,0,head_major_block_first,head_major,block_first,0.086291,-3.07884274748,0,0,true
slm_gqa,8,4,64,4,512,64,29,10,1,block_major_head_first,block_major,head_first,0.087773,-3.07884274748,0,0,true
slm_gqa,8,4,64,4,512,64,29,10,2,head_major_head_first,head_major,head_first,0.08587,-3.07884274748,0,0,true
slm_gqa,8,4,64,4,512,64,29,10,3,block_major_block_first,block_major,block_first,0.086832,-3.07884274748,0,0,true
slm_gqa,8,4,64,4,512,64,29,11,0,head_major_block_first,head_major,block_first,0.085881,-3.07884274748,0,0,true
slm_gqa,8,4,64,4,512,64,29,11,1,head_major_head_first,head_major,head_first,0.0854,-3.07884274748,0,0,true
slm_gqa,8,4,64,4,512,64,29,11,2,block_major_head_first,block_major,head_first,0.087723,-3.07884274748,0,0,true
slm_gqa,8,4,64,4,512,64,29,11,3,block_major_block_first,block_major,block_first,0.086731,-3.07884274748,0,0,true
slm_gqa,8,4,64,4,512,64,29,12,0,head_major_block_first,head_major,block_first,0.086301,-3.07884274748,0,0,true
slm_gqa,8,4,64,4,512,64,29,12,1,block_major_block_first,block_major,block_first,0.086542,-3.07884274748,0,0,true
slm_gqa,8,4,64,4,512,64,29,12,2,head_major_head_first,head_major,head_first,0.08616,-3.07884274748,0,0,true
slm_gqa,8,4,64,4,512,64,29,12,3,block_major_head_first,block_major,head_first,0.087723,-3.07884274748,0,0,true
slm_gqa,8,4,64,4,512,64,29,13,0,head_major_head_first,head_major,head_first,0.08585,-3.07884274748,0,0,true
slm_gqa,8,4,64,4,512,64,29,13,1,block_major_head_first,block_major,head_first,0.087703,-3.07884274748,0,0,true
slm_gqa,8,4,64,4,512,64,29,13,2,head_major_block_first,head_major,block_first,0.086491,-3.07884274748,0,0,true
slm_gqa,8,4,64,4,512,64,29,13,3,block_major_block_first,block_major,block_first,0.086782,-3.07884274748,0,0,true
slm_gqa,8,4,64,4,512,64,29,14,0,block_major_block_first,block_major,block_first,0.086551,-3.07884274748,0,0,true
slm_gqa,8,4,64,4,512,64,29,14,1,block_major_head_first,block_major,head_first,0.088033,-3.07884274748,0,0,true
slm_gqa,8,4,64,4,512,64,29,14,2,head_major_head_first,head_major,head_first,0.086221,-3.07884274748,0,0,true
slm_gqa,8,4,64,4,512,64,29,14,3,head_major_block_first,head_major,block_first,0.08599,-3.07884274748,0,0,true
slm_gqa,8,4,64,4,512,64,29,15,0,block_major_block_first,block_major,block_first,0.086772,-3.07884274748,0,0,true
slm_gqa,8,4,64,4,512,64,29,15,1,block_major_head_first,block_major,head_first,0.087683,-3.07884274748,0,0,true
slm_gqa,8,4,64,4,512,64,29,15,2,head_major_head_first,head_major,head_first,0.086171,-3.07884274748,0,0,true
slm_gqa,8,4,64,4,512,64,29,15,3,head_major_block_first,head_major,block_first,0.08583,-3.07884274748,0,0,true
slm_gqa,8,4,64,4,512,64,29,16,0,head_major_head_first,head_major,head_first,0.0854,-3.07884274748,0,0,true
slm_gqa,8,4,64,4,512,64,29,16,1,block_major_block_first,block_major,block_first,0.086611,-3.07884274748,0,0,true
slm_gqa,8,4,64,4,512,64,29,16,2,block_major_head_first,block_major,head_first,0.087603,-3.07884274748,0,0,true
slm_gqa,8,4,64,4,512,64,29,16,3,head_major_block_first,head_major,block_first,0.086711,-3.07884274748,0,0,true
slm_gqa,8,4,64,4,512,64,29,17,0,block_major_head_first,block_major,head_first,0.087102,-3.07884274748,0,0,true
slm_gqa,8,4,64,4,512,64,29,17,1,head_major_block_first,head_major,block_first,0.08589,-3.07884274748,0,0,true
slm_gqa,8,4,64,4,512,64,29,17,2,block_major_block_first,block_major,block_first,0.086912,-3.07884274748,0,0,true
slm_gqa,8,4,64,4,512,64,29,17,3,head_major_head_first,head_major,head_first,0.0857,-3.07884274748,0,0,true
slm_gqa,8,4,64,4,512,64,29,18,0,block_major_head_first,block_major,head_first,0.088224,-3.07884274748,0,0,true
slm_gqa,8,4,64,4,512,64,29,18,1,head_major_block_first,head_major,block_first,0.08614,-3.07884274748,0,0,true
slm_gqa,8,4,64,4,512,64,29,18,2,block_major_block_first,block_major,block_first,0.086631,-3.07884274748,0,0,true
slm_gqa,8,4,64,4,512,64,29,18,3,head_major_head_first,head_major,head_first,0.08543,-3.07884274748,0,0,true
slm_gqa,8,4,64,4,512,64,29,19,0,head_major_block_first,head_major,block_first,0.085791,-3.07884274748,0,0,true
slm_gqa,8,4,64,4,512,64,29,19,1,head_major_head_first,head_major,head_first,0.08557,-3.07884274748,0,0,true
slm_gqa,8,4,64,4,512,64,29,19,2,block_major_head_first,block_major,head_first,0.087733,-3.07884274748,0,0,true
slm_gqa,8,4,64,4,512,64,29,19,3,block_major_block_first,block_major,block_first,0.086601,-3.07884274748,0,0,true
slm_gqa,8,4,64,4,512,64,47,0,0,block_major_head_first,block_major,head_first,0.087403,0.436525885292,0,0,true
slm_gqa,8,4,64,4,512,64,47,0,1,head_major_head_first,head_major,head_first,0.08605,0.436525885292,0,0,true
slm_gqa,8,4,64,4,512,64,47,0,2,block_major_block_first,block_major,block_first,0.086942,0.436525885292,0,0,true
slm_gqa,8,4,64,4,512,64,47,0,3,head_major_block_first,head_major,block_first,0.08597,0.436525885292,0,0,true
slm_gqa,8,4,64,4,512,64,47,1,0,head_major_block_first,head_major,block_first,0.08572,0.436525885292,0,0,true
slm_gqa,8,4,64,4,512,64,47,1,1,block_major_block_first,block_major,block_first,0.086601,0.436525885292,0,0,true
slm_gqa,8,4,64,4,512,64,47,1,2,block_major_head_first,block_major,head_first,0.087663,0.436525885292,0,0,true
slm_gqa,8,4,64,4,512,64,47,1,3,head_major_head_first,head_major,head_first,0.08562,0.436525885292,0,0,true
slm_gqa,8,4,64,4,512,64,47,2,0,head_major_block_first,head_major,block_first,0.092209,0.436525885292,0,0,true
slm_gqa,8,4,64,4,512,64,47,2,1,head_major_head_first,head_major,head_first,0.08539,0.436525885292,0,0,true
slm_gqa,8,4,64,4,512,64,47,2,2,block_major_block_first,block_major,block_first,0.086811,0.436525885292,0,0,true
slm_gqa,8,4,64,4,512,64,47,2,3,block_major_head_first,block_major,head_first,0.087443,0.436525885292,0,0,true
slm_gqa,8,4,64,4,512,64,47,3,0,block_major_head_first,block_major,head_first,0.087382,0.436525885292,0,0,true
slm_gqa,8,4,64,4,512,64,47,3,1,head_major_block_first,head_major,block_first,0.086832,0.436525885292,0,0,true
slm_gqa,8,4,64,4,512,64,47,3,2,head_major_head_first,head_major,head_first,0.0858,0.436525885292,0,0,true
slm_gqa,8,4,64,4,512,64,47,3,3,block_major_block_first,block_major,block_first,0.086892,0.436525885292,0,0,true
slm_gqa,8,4,64,4,512,64,47,4,0,head_major_block_first,head_major,block_first,0.086281,0.436525885292,0,0,true
slm_gqa,8,4,64,4,512,64,47,4,1,block_major_block_first,block_major,block_first,0.086681,0.436525885292,0,0,true
slm_gqa,8,4,64,4,512,64,47,4,2,block_major_head_first,block_major,head_first,0.087593,0.436525885292,0,0,true
slm_gqa,8,4,64,4,512,64,47,4,3,head_major_head_first,head_major,head_first,0.086081,0.436525885292,0,0,true
slm_gqa,8,4,64,4,512,64,47,5,0,head_major_block_first,head_major,block_first,0.08608,0.436525885292,0,0,true
slm_gqa,8,4,64,4,512,64,47,5,1,block_major_block_first,block_major,block_first,0.086712,0.436525885292,0,0,true
slm_gqa,8,4,64,4,512,64,47,5,2,block_major_head_first,block_major,head_first,0.087693,0.436525885292,0,0,true
slm_gqa,8,4,64,4,512,64,47,5,3,head_major_head_first,head_major,head_first,0.086091,0.436525885292,0,0,true
slm_gqa,8,4,64,4,512,64,47,6,0,head_major_head_first,head_major,head_first,0.08544,0.436525885292,0,0,true
slm_gqa,8,4,64,4,512,64,47,6,1,block_major_head_first,block_major,head_first,0.087593,0.436525885292,0,0,true
slm_gqa,8,4,64,4,512,64,47,6,2,block_major_block_first,block_major,block_first,0.086742,0.436525885292,0,0,true
slm_gqa,8,4,64,4,512,64,47,6,3,head_major_block_first,head_major,block_first,0.087232,0.436525885292,0,0,true
slm_gqa,8,4,64,4,512,64,47,7,0,block_major_block_first,block_major,block_first,0.086531,0.436525885292,0,0,true
slm_gqa,8,4,64,4,512,64,47,7,1,block_major_head_first,block_major,head_first,0.087723,0.436525885292,0,0,true
slm_gqa,8,4,64,4,512,64,47,7,2,head_major_head_first,head_major,head_first,0.08555,0.436525885292,0,0,true
slm_gqa,8,4,64,4,512,64,47,7,3,head_major_block_first,head_major,block_first,0.086081,0.436525885292,0,0,true
slm_gqa,8,4,64,4,512,64,47,8,0,block_major_head_first,block_major,head_first,0.087383,0.436525885292,0,0,true
slm_gqa,8,4,64,4,512,64,47,8,1,head_major_head_first,head_major,head_first,0.08577,0.436525885292,0,0,true
slm_gqa,8,4,64,4,512,64,47,8,2,block_major_block_first,block_major,block_first,0.086512,0.436525885292,0,0,true
slm_gqa,8,4,64,4,512,64,47,8,3,head_major_block_first,head_major,block_first,0.086041,0.436525885292,0,0,true
slm_gqa,8,4,64,4,512,64,47,9,0,block_major_head_first,block_major,head_first,0.087983,0.436525885292,0,0,true
slm_gqa,8,4,64,4,512,64,47,9,1,head_major_head_first,head_major,head_first,0.08587,0.436525885292,0,0,true
slm_gqa,8,4,64,4,512,64,47,9,2,head_major_block_first,head_major,block_first,0.08584,0.436525885292,0,0,true
slm_gqa,8,4,64,4,512,64,47,9,3,block_major_block_first,block_major,block_first,0.086591,0.436525885292,0,0,true
slm_gqa,8,4,64,4,512,64,47,10,0,block_major_block_first,block_major,block_first,0.086361,0.436525885292,0,0,true
slm_gqa,8,4,64,4,512,64,47,10,1,head_major_head_first,head_major,head_first,0.0856,0.436525885292,0,0,true
slm_gqa,8,4,64,4,512,64,47,10,2,head_major_block_first,head_major,block_first,0.08582,0.436525885292,0,0,true
slm_gqa,8,4,64,4,512,64,47,10,3,block_major_head_first,block_major,head_first,0.087684,0.436525885292,0,0,true
slm_gqa,8,4,64,4,512,64,47,11,0,block_major_block_first,block_major,block_first,0.086522,0.436525885292,0,0,true
slm_gqa,8,4,64,4,512,64,47,11,1,head_major_block_first,head_major,block_first,0.086311,0.436525885292,0,0,true
slm_gqa,8,4,64,4,512,64,47,11,2,head_major_head_first,head_major,head_first,0.085269,0.436525885292,0,0,true
slm_gqa,8,4,64,4,512,64,47,11,3,block_major_head_first,block_major,head_first,0.088094,0.436525885292,0,0,true
slm_gqa,8,4,64,4,512,64,47,12,0,head_major_block_first,head_major,block_first,0.086101,0.436525885292,0,0,true
slm_gqa,8,4,64,4,512,64,47,12,1,head_major_head_first,head_major,head_first,0.08573,0.436525885292,0,0,true
slm_gqa,8,4,64,4,512,64,47,12,2,block_major_head_first,block_major,head_first,0.087934,0.436525885292,0,0,true
slm_gqa,8,4,64,4,512,64,47,12,3,block_major_block_first,block_major,block_first,0.086541,0.436525885292,0,0,true
slm_gqa,8,4,64,4,512,64,47,13,0,head_major_block_first,head_major,block_first,0.09234,0.436525885292,0,0,true
slm_gqa,8,4,64,4,512,64,47,13,1,head_major_head_first,head_major,head_first,0.085479,0.436525885292,0,0,true
slm_gqa,8,4,64,4,512,64,47,13,2,block_major_block_first,block_major,block_first,0.086652,0.436525885292,0,0,true
slm_gqa,8,4,64,4,512,64,47,13,3,block_major_head_first,block_major,head_first,0.087403,0.436525885292,0,0,true
slm_gqa,8,4,64,4,512,64,47,14,0,head_major_head_first,head_major,head_first,0.08566,0.436525885292,0,0,true
slm_gqa,8,4,64,4,512,64,47,14,1,block_major_block_first,block_major,block_first,0.086692,0.436525885292,0,0,true
slm_gqa,8,4,64,4,512,64,47,14,2,block_major_head_first,block_major,head_first,0.087233,0.436525885292,0,0,true
slm_gqa,8,4,64,4,512,64,47,14,3,head_major_block_first,head_major,block_first,0.086191,0.436525885292,0,0,true
slm_gqa,8,4,64,4,512,64,47,15,0,block_major_head_first,block_major,head_first,0.087443,0.436525885292,0,0,true
slm_gqa,8,4,64,4,512,64,47,15,1,head_major_head_first,head_major,head_first,0.08554,0.436525885292,0,0,true
slm_gqa,8,4,64,4,512,64,47,15,2,block_major_block_first,block_major,block_first,0.086892,0.436525885292,0,0,true
slm_gqa,8,4,64,4,512,64,47,15,3,head_major_block_first,head_major,block_first,0.086351,0.436525885292,0,0,true
slm_gqa,8,4,64,4,512,64,47,16,0,block_major_head_first,block_major,head_first,0.087483,0.436525885292,0,0,true
slm_gqa,8,4,64,4,512,64,47,16,1,head_major_block_first,head_major,block_first,0.08604,0.436525885292,0,0,true
slm_gqa,8,4,64,4,512,64,47,16,2,head_major_head_first,head_major,head_first,0.085409,0.436525885292,0,0,true
slm_gqa,8,4,64,4,512,64,47,16,3,block_major_block_first,block_major,block_first,0.087353,0.436525885292,0,0,true
slm_gqa,8,4,64,4,512,64,47,17,0,head_major_head_first,head_major,head_first,0.085861,0.436525885292,0,0,true
slm_gqa,8,4,64,4,512,64,47,17,1,block_major_block_first,block_major,block_first,0.086492,0.436525885292,0,0,true
slm_gqa,8,4,64,4,512,64,47,17,2,head_major_block_first,head_major,block_first,0.086602,0.436525885292,0,0,true
slm_gqa,8,4,64,4,512,64,47,17,3,block_major_head_first,block_major,head_first,0.087453,0.436525885292,0,0,true
slm_gqa,8,4,64,4,512,64,47,18,0,block_major_head_first,block_major,head_first,0.087392,0.436525885292,0,0,true
slm_gqa,8,4,64,4,512,64,47,18,1,block_major_block_first,block_major,block_first,0.086561,0.436525885292,0,0,true
slm_gqa,8,4,64,4,512,64,47,18,2,head_major_head_first,head_major,head_first,0.086051,0.436525885292,0,0,true
slm_gqa,8,4,64,4,512,64,47,18,3,head_major_block_first,head_major,block_first,0.08597,0.436525885292,0,0,true
slm_gqa,8,4,64,4,512,64,47,19,0,block_major_block_first,block_major,block_first,0.086471,0.436525885292,0,0,true
slm_gqa,8,4,64,4,512,64,47,19,1,block_major_head_first,block_major,head_first,0.087422,0.436525885292,0,0,true
slm_gqa,8,4,64,4,512,64,47,19,2,head_major_head_first,head_major,head_first,0.08557,0.436525885292,0,0,true
slm_gqa,8,4,64,4,512,64,47,19,3,head_major_block_first,head_major,block_first,0.08603,0.436525885292,0,0,true
slm_gqa,8,4,64,4,2048,64,11,0,0,block_major_block_first,block_major,block_first,0.337522,-1.91728624544,0,0,true
slm_gqa,8,4,64,4,2048,64,11,0,1,head_major_block_first,head_major,block_first,0.346095,-1.91728624544,0,0,true
slm_gqa,8,4,64,4,2048,64,11,0,2,head_major_head_first,head_major,head_first,0.337923,-1.91728624544,0,0,true
slm_gqa,8,4,64,4,2048,64,11,0,3,block_major_head_first,block_major,head_first,0.352755,-1.91728624544,0,0,true
slm_gqa,8,4,64,4,2048,64,11,1,0,block_major_block_first,block_major,block_first,0.336701,-1.91728624544,0,0,true
slm_gqa,8,4,64,4,2048,64,11,1,1,head_major_head_first,head_major,head_first,0.341768,-1.91728624544,0,0,true
slm_gqa,8,4,64,4,2048,64,11,1,2,block_major_head_first,block_major,head_first,0.349901,-1.91728624544,0,0,true
slm_gqa,8,4,64,4,2048,64,11,1,3,head_major_block_first,head_major,block_first,0.344503,-1.91728624544,0,0,true
slm_gqa,8,4,64,4,2048,64,11,2,0,block_major_block_first,block_major,block_first,0.337462,-1.91728624544,0,0,true
slm_gqa,8,4,64,4,2048,64,11,2,1,head_major_block_first,head_major,block_first,0.348479,-1.91728624544,0,0,true
slm_gqa,8,4,64,4,2048,64,11,2,2,head_major_head_first,head_major,head_first,0.33627,-1.91728624544,0,0,true
slm_gqa,8,4,64,4,2048,64,11,2,3,block_major_head_first,block_major,head_first,0.353546,-1.91728624544,0,0,true
slm_gqa,8,4,64,4,2048,64,11,3,0,block_major_head_first,block_major,head_first,0.347337,-1.91728624544,0,0,true
slm_gqa,8,4,64,4,2048,64,11,3,1,head_major_block_first,head_major,block_first,0.345785,-1.91728624544,0,0,true
slm_gqa,8,4,64,4,2048,64,11,3,2,head_major_head_first,head_major,head_first,0.337212,-1.91728624544,0,0,true
slm_gqa,8,4,64,4,2048,64,11,3,3,block_major_block_first,block_major,block_first,0.339234,-1.91728624544,0,0,true
slm_gqa,8,4,64,4,2048,64,11,4,0,head_major_block_first,head_major,block_first,0.344623,-1.91728624544,0,0,true
slm_gqa,8,4,64,4,2048,64,11,4,1,block_major_head_first,block_major,head_first,0.351584,-1.91728624544,0,0,true
slm_gqa,8,4,64,4,2048,64,11,4,2,block_major_block_first,block_major,block_first,0.337172,-1.91728624544,0,0,true
slm_gqa,8,4,64,4,2048,64,11,4,3,head_major_head_first,head_major,head_first,0.342961,-1.91728624544,0,0,true
slm_gqa,8,4,64,4,2048,64,11,5,0,block_major_block_first,block_major,block_first,0.338744,-1.91728624544,0,0,true
slm_gqa,8,4,64,4,2048,64,11,5,1,block_major_head_first,block_major,head_first,0.354478,-1.91728624544,0,0,true
slm_gqa,8,4,64,4,2048,64,11,5,2,head_major_block_first,head_major,block_first,0.346626,-1.91728624544,0,0,true
slm_gqa,8,4,64,4,2048,64,11,5,3,head_major_head_first,head_major,head_first,0.339655,-1.91728624544,0,0,true
slm_gqa,8,4,64,4,2048,64,11,6,0,head_major_head_first,head_major,head_first,0.337572,-1.91728624544,0,0,true
slm_gqa,8,4,64,4,2048,64,11,6,1,block_major_block_first,block_major,block_first,0.340376,-1.91728624544,0,0,true
slm_gqa,8,4,64,4,2048,64,11,6,2,head_major_block_first,head_major,block_first,0.344893,-1.91728624544,0,0,true
slm_gqa,8,4,64,4,2048,64,11,6,3,block_major_head_first,block_major,head_first,0.350883,-1.91728624544,0,0,true
slm_gqa,8,4,64,4,2048,64,11,7,0,head_major_head_first,head_major,head_first,0.340376,-1.91728624544,0,0,true
slm_gqa,8,4,64,4,2048,64,11,7,1,block_major_block_first,block_major,block_first,0.340997,-1.91728624544,0,0,true
slm_gqa,8,4,64,4,2048,64,11,7,2,head_major_block_first,head_major,block_first,0.344343,-1.91728624544,0,0,true
slm_gqa,8,4,64,4,2048,64,11,7,3,block_major_head_first,block_major,head_first,0.349611,-1.91728624544,0,0,true
slm_gqa,8,4,64,4,2048,64,11,8,0,block_major_head_first,block_major,head_first,0.353616,-1.91728624544,0,0,true
slm_gqa,8,4,64,4,2048,64,11,8,1,head_major_block_first,head_major,block_first,0.345995,-1.91728624544,0,0,true
slm_gqa,8,4,64,4,2048,64,11,8,2,block_major_block_first,block_major,block_first,0.339165,-1.91728624544,0,0,true
slm_gqa,8,4,64,4,2048,64,11,8,3,head_major_head_first,head_major,head_first,0.340476,-1.91728624544,0,0,true
slm_gqa,8,4,64,4,2048,64,11,9,0,head_major_block_first,head_major,block_first,0.341738,-1.91728624544,0,0,true
slm_gqa,8,4,64,4,2048,64,11,9,1,block_major_block_first,block_major,block_first,0.343231,-1.91728624544,0,0,true
slm_gqa,8,4,64,4,2048,64,11,9,2,head_major_head_first,head_major,head_first,0.340466,-1.91728624544,0,0,true
slm_gqa,8,4,64,4,2048,64,11,9,3,block_major_head_first,block_major,head_first,0.34948,-1.91728624544,0,0,true
slm_gqa,8,4,64,4,2048,64,11,10,0,block_major_block_first,block_major,block_first,0.336821,-1.91728624544,0,0,true
slm_gqa,8,4,64,4,2048,64,11,10,1,head_major_block_first,head_major,block_first,0.345073,-1.91728624544,0,0,true
slm_gqa,8,4,64,4,2048,64,11,10,2,block_major_head_first,block_major,head_first,0.350211,-1.91728624544,0,0,true
slm_gqa,8,4,64,4,2048,64,11,10,3,head_major_head_first,head_major,head_first,0.340246,-1.91728624544,0,0,true
slm_gqa,8,4,64,4,2048,64,11,11,0,block_major_block_first,block_major,block_first,0.350783,-1.91728624544,0,0,true
slm_gqa,8,4,64,4,2048,64,11,11,1,head_major_head_first,head_major,head_first,0.340647,-1.91728624544,0,0,true
slm_gqa,8,4,64,4,2048,64,11,11,2,block_major_head_first,block_major,head_first,0.350972,-1.91728624544,0,0,true
slm_gqa,8,4,64,4,2048,64,11,11,3,head_major_block_first,head_major,block_first,0.345764,-1.91728624544,0,0,true
slm_gqa,8,4,64,4,2048,64,11,12,0,head_major_head_first,head_major,head_first,0.337692,-1.91728624544,0,0,true
slm_gqa,8,4,64,4,2048,64,11,12,1,block_major_head_first,block_major,head_first,0.350402,-1.91728624544,0,0,true
slm_gqa,8,4,64,4,2048,64,11,12,2,block_major_block_first,block_major,block_first,0.33678,-1.91728624544,0,0,true
slm_gqa,8,4,64,4,2048,64,11,12,3,head_major_block_first,head_major,block_first,0.345735,-1.91728624544,0,0,true
slm_gqa,8,4,64,4,2048,64,11,13,0,head_major_block_first,head_major,block_first,0.341058,-1.91728624544,0,0,true
slm_gqa,8,4,64,4,2048,64,11,13,1,head_major_head_first,head_major,head_first,0.338143,-1.91728624544,0,0,true
slm_gqa,8,4,64,4,2048,64,11,13,2,block_major_block_first,block_major,block_first,0.341698,-1.91728624544,0,0,true
slm_gqa,8,4,64,4,2048,64,11,13,3,block_major_head_first,block_major,head_first,0.351714,-1.91728624544,0,0,true
slm_gqa,8,4,64,4,2048,64,11,14,0,block_major_block_first,block_major,block_first,0.337642,-1.91728624544,0,0,true
slm_gqa,8,4,64,4,2048,64,11,14,1,block_major_head_first,block_major,head_first,0.344633,-1.91728624544,0,0,true
slm_gqa,8,4,64,4,2048,64,11,14,2,head_major_head_first,head_major,head_first,0.345965,-1.91728624544,0,0,true
slm_gqa,8,4,64,4,2048,64,11,14,3,head_major_block_first,head_major,block_first,0.341318,-1.91728624544,0,0,true
slm_gqa,8,4,64,4,2048,64,11,15,0,block_major_block_first,block_major,block_first,0.340166,-1.91728624544,0,0,true
slm_gqa,8,4,64,4,2048,64,11,15,1,block_major_head_first,block_major,head_first,0.346706,-1.91728624544,0,0,true
slm_gqa,8,4,64,4,2048,64,11,15,2,head_major_head_first,head_major,head_first,0.341758,-1.91728624544,0,0,true
slm_gqa,8,4,64,4,2048,64,11,15,3,head_major_block_first,head_major,block_first,0.341438,-1.91728624544,0,0,true
slm_gqa,8,4,64,4,2048,64,11,16,0,head_major_head_first,head_major,head_first,0.338614,-1.91728624544,0,0,true
slm_gqa,8,4,64,4,2048,64,11,16,1,head_major_block_first,head_major,block_first,0.339766,-1.91728624544,0,0,true
slm_gqa,8,4,64,4,2048,64,11,16,2,block_major_head_first,block_major,head_first,0.353347,-1.91728624544,0,0,true
slm_gqa,8,4,64,4,2048,64,11,16,3,block_major_block_first,block_major,block_first,0.343311,-1.91728624544,0,0,true
slm_gqa,8,4,64,4,2048,64,11,17,0,block_major_head_first,block_major,head_first,0.345174,-1.91728624544,0,0,true
slm_gqa,8,4,64,4,2048,64,11,17,1,block_major_block_first,block_major,block_first,0.337092,-1.91728624544,0,0,true
slm_gqa,8,4,64,4,2048,64,11,17,2,head_major_block_first,head_major,block_first,0.348949,-1.91728624544,0,0,true
slm_gqa,8,4,64,4,2048,64,11,17,3,head_major_head_first,head_major,head_first,0.338774,-1.91728624544,0,0,true
slm_gqa,8,4,64,4,2048,64,11,18,0,block_major_head_first,block_major,head_first,0.349701,-1.91728624544,0,0,true
slm_gqa,8,4,64,4,2048,64,11,18,1,head_major_block_first,head_major,block_first,0.344343,-1.91728624544,0,0,true
slm_gqa,8,4,64,4,2048,64,11,18,2,head_major_head_first,head_major,head_first,0.337763,-1.91728624544,0,0,true
slm_gqa,8,4,64,4,2048,64,11,18,3,block_major_block_first,block_major,block_first,0.340387,-1.91728624544,0,0,true
slm_gqa,8,4,64,4,2048,64,11,19,0,head_major_head_first,head_major,head_first,0.340096,-1.91728624544,0,0,true
slm_gqa,8,4,64,4,2048,64,11,19,1,head_major_block_first,head_major,block_first,0.339876,-1.91728624544,0,0,true
slm_gqa,8,4,64,4,2048,64,11,19,2,block_major_head_first,block_major,head_first,0.356851,-1.91728624544,0,0,true
slm_gqa,8,4,64,4,2048,64,11,19,3,block_major_block_first,block_major,block_first,0.338794,-1.91728624544,0,0,true
slm_gqa,8,4,64,4,2048,64,29,0,0,block_major_block_first,block_major,block_first,0.336721,1.31791484715,0,0,true
slm_gqa,8,4,64,4,2048,64,29,0,1,head_major_head_first,head_major,head_first,0.34234,1.31791484715,0,0,true
slm_gqa,8,4,64,4,2048,64,29,0,2,block_major_head_first,block_major,head_first,0.348659,1.31791484715,0,0,true
slm_gqa,8,4,64,4,2048,64,29,0,3,head_major_block_first,head_major,block_first,0.343591,1.31791484715,0,0,true
slm_gqa,8,4,64,4,2048,64,29,1,0,block_major_head_first,block_major,head_first,0.358484,1.31791484715,0,0,true
slm_gqa,8,4,64,4,2048,64,29,1,1,head_major_block_first,head_major,block_first,0.343341,1.31791484715,0,0,true
slm_gqa,8,4,64,4,2048,64,29,1,2,head_major_head_first,head_major,head_first,0.338624,1.31791484715,0,0,true
slm_gqa,8,4,64,4,2048,64,29,1,3,block_major_block_first,block_major,block_first,0.339706,1.31791484715,0,0,true
slm_gqa,8,4,64,4,2048,64,29,2,0,block_major_head_first,block_major,head_first,0.345414,1.31791484715,0,0,true
slm_gqa,8,4,64,4,2048,64,29,2,1,head_major_head_first,head_major,head_first,0.341649,1.31791484715,0,0,true
slm_gqa,8,4,64,4,2048,64,29,2,2,head_major_block_first,head_major,block_first,0.340527,1.31791484715,0,0,true
slm_gqa,8,4,64,4,2048,64,29,2,3,block_major_block_first,block_major,block_first,0.340427,1.31791484715,0,0,true
slm_gqa,8,4,64,4,2048,64,29,3,0,head_major_block_first,head_major,block_first,0.344813,1.31791484715,0,0,true
slm_gqa,8,4,64,4,2048,64,29,3,1,block_major_block_first,block_major,block_first,0.339385,1.31791484715,0,0,true
slm_gqa,8,4,64,4,2048,64,29,3,2,head_major_head_first,head_major,head_first,0.340447,1.31791484715,0,0,true
slm_gqa,8,4,64,4,2048,64,29,3,3,block_major_head_first,block_major,head_first,0.350372,1.31791484715,0,0,true
slm_gqa,8,4,64,4,2048,64,29,4,0,head_major_block_first,head_major,block_first,0.353376,1.31791484715,0,0,true
slm_gqa,8,4,64,4,2048,64,29,4,1,block_major_head_first,block_major,head_first,0.34943,1.31791484715,0,0,true
slm_gqa,8,4,64,4,2048,64,29,4,2,head_major_head_first,head_major,head_first,0.338033,1.31791484715,0,0,true
slm_gqa,8,4,64,4,2048,64,29,4,3,block_major_block_first,block_major,block_first,0.339084,1.31791484715,0,0,true
slm_gqa,8,4,64,4,2048,64,29,5,0,head_major_head_first,head_major,head_first,0.339044,1.31791484715,0,0,true
slm_gqa,8,4,64,4,2048,64,29,5,1,head_major_block_first,head_major,block_first,0.339786,1.31791484715,0,0,true
slm_gqa,8,4,64,4,2048,64,29,5,2,block_major_head_first,block_major,head_first,0.350372,1.31791484715,0,0,true
slm_gqa,8,4,64,4,2048,64,29,5,3,block_major_block_first,block_major,block_first,0.337803,1.31791484715,0,0,true
slm_gqa,8,4,64,4,2048,64,29,6,0,block_major_head_first,block_major,head_first,0.343801,1.31791484715,0,0,true
slm_gqa,8,4,64,4,2048,64,29,6,1,head_major_block_first,head_major,block_first,0.346015,1.31791484715,0,0,true
slm_gqa,8,4,64,4,2048,64,29,6,2,block_major_block_first,block_major,block_first,0.338183,1.31791484715,0,0,true
slm_gqa,8,4,64,4,2048,64,29,6,3,head_major_head_first,head_major,head_first,0.347467,1.31791484715,0,0,true
slm_gqa,8,4,64,4,2048,64,29,7,0,block_major_head_first,block_major,head_first,0.348839,1.31791484715,0,0,true
slm_gqa,8,4,64,4,2048,64,29,7,1,block_major_block_first,block_major,block_first,0.33609,1.31791484715,0,0,true
slm_gqa,8,4,64,4,2048,64,29,7,2,head_major_block_first,head_major,block_first,0.345834,1.31791484715,0,0,true
slm_gqa,8,4,64,4,2048,64,29,7,3,head_major_head_first,head_major,head_first,0.338634,1.31791484715,0,0,true
slm_gqa,8,4,64,4,2048,64,29,8,0,head_major_head_first,head_major,head_first,0.336611,1.31791484715,0,0,true
slm_gqa,8,4,64,4,2048,64,29,8,1,head_major_block_first,head_major,block_first,0.338964,1.31791484715,0,0,true
slm_gqa,8,4,64,4,2048,64,29,8,2,block_major_head_first,block_major,head_first,0.354527,1.31791484715,0,0,true
slm_gqa,8,4,64,4,2048,64,29,8,3,block_major_block_first,block_major,block_first,0.337702,1.31791484715,0,0,true
slm_gqa,8,4,64,4,2048,64,29,9,0,head_major_block_first,head_major,block_first,0.344102,1.31791484715,0,0,true
slm_gqa,8,4,64,4,2048,64,29,9,1,head_major_head_first,head_major,head_first,0.339104,1.31791484715,0,0,true
slm_gqa,8,4,64,4,2048,64,29,9,2,block_major_block_first,block_major,block_first,0.339054,1.31791484715,0,0,true
slm_gqa,8,4,64,4,2048,64,29,9,3,block_major_head_first,block_major,head_first,0.356591,1.31791484715,0,0,true
slm_gqa,8,4,64,4,2048,64,29,10,0,head_major_head_first,head_major,head_first,0.341298,1.31791484715,0,0,true
slm_gqa,8,4,64,4,2048,64,29,10,1,block_major_head_first,block_major,head_first,0.348609,1.31791484715,0,0,true
slm_gqa,8,4,64,4,2048,64,29,10,2,block_major_block_first,block_major,block_first,0.336781,1.31791484715,0,0,true
slm_gqa,8,4,64,4,2048,64,29,10,3,head_major_block_first,head_major,block_first,0.346295,1.31791484715,0,0,true
slm_gqa,8,4,64,4,2048,64,29,11,0,block_major_head_first,block_major,head_first,0.34932,1.31791484715,0,0,true
slm_gqa,8,4,64,4,2048,64,29,11,1,head_major_block_first,head_major,block_first,0.343822,1.31791484715,0,0,true
slm_gqa,8,4,64,4,2048,64,29,11,2,block_major_block_first,block_major,block_first,0.337342,1.31791484715,0,0,true
slm_gqa,8,4,64,4,2048,64,29,11,3,head_major_head_first,head_major,head_first,0.340096,1.31791484715,0,0,true
slm_gqa,8,4,64,4,2048,64,29,12,0,head_major_head_first,head_major,head_first,0.338654,1.31791484715,0,0,true
slm_gqa,8,4,64,4,2048,64,29,12,1,block_major_head_first,block_major,head_first,0.351444,1.31791484715,0,0,true
slm_gqa,8,4,64,4,2048,64,29,12,2,head_major_block_first,head_major,block_first,0.348278,1.31791484715,0,0,true
slm_gqa,8,4,64,4,2048,64,29,12,3,block_major_block_first,block_major,block_first,0.339145,1.31791484715,0,0,true
slm_gqa,8,4,64,4,2048,64,29,13,0,head_major_block_first,head_major,block_first,0.343751,1.31791484715,0,0,true
slm_gqa,8,4,64,4,2048,64,29,13,1,block_major_head_first,block_major,head_first,0.349019,1.31791484715,0,0,true
slm_gqa,8,4,64,4,2048,64,29,13,2,block_major_block_first,block_major,block_first,0.337131,1.31791484715,0,0,true
slm_gqa,8,4,64,4,2048,64,29,13,3,head_major_head_first,head_major,head_first,0.339575,1.31791484715,0,0,true
slm_gqa,8,4,64,4,2048,64,29,14,0,block_major_head_first,block_major,head_first,0.348419,1.31791484715,0,0,true
slm_gqa,8,4,64,4,2048,64,29,14,1,head_major_block_first,head_major,block_first,0.343631,1.31791484715,0,0,true
slm_gqa,8,4,64,4,2048,64,29,14,2,block_major_block_first,block_major,block_first,0.338173,1.31791484715,0,0,true
slm_gqa,8,4,64,4,2048,64,29,14,3,head_major_head_first,head_major,head_first,0.338975,1.31791484715,0,0,true
slm_gqa,8,4,64,4,2048,64,29,15,0,head_major_block_first,head_major,block_first,0.340577,1.31791484715,0,0,true
slm_gqa,8,4,64,4,2048,64,29,15,1,head_major_head_first,head_major,head_first,0.33626,1.31791484715,0,0,true
slm_gqa,8,4,64,4,2048,64,29,15,2,block_major_block_first,block_major,block_first,0.347818,1.31791484715,0,0,true
slm_gqa,8,4,64,4,2048,64,29,15,3,block_major_head_first,block_major,head_first,0.347217,1.31791484715,0,0,true
slm_gqa,8,4,64,4,2048,64,29,16,0,block_major_head_first,block_major,head_first,0.345715,1.31791484715,0,0,true
slm_gqa,8,4,64,4,2048,64,29,16,1,block_major_block_first,block_major,block_first,0.336871,1.31791484715,0,0,true
slm_gqa,8,4,64,4,2048,64,29,16,2,head_major_head_first,head_major,head_first,0.341428,1.31791484715,0,0,true
slm_gqa,8,4,64,4,2048,64,29,16,3,head_major_block_first,head_major,block_first,0.341037,1.31791484715,0,0,true
slm_gqa,8,4,64,4,2048,64,29,17,0,block_major_block_first,block_major,block_first,0.339055,1.31791484715,0,0,true
slm_gqa,8,4,64,4,2048,64,29,17,1,head_major_head_first,head_major,head_first,0.339485,1.31791484715,0,0,true
slm_gqa,8,4,64,4,2048,64,29,17,2,block_major_head_first,block_major,head_first,0.352936,1.31791484715,0,0,true
slm_gqa,8,4,64,4,2048,64,29,17,3,head_major_block_first,head_major,block_first,0.34305,1.31791484715,0,0,true
slm_gqa,8,4,64,4,2048,64,29,18,0,block_major_head_first,block_major,head_first,0.350772,1.31791484715,0,0,true
slm_gqa,8,4,64,4,2048,64,29,18,1,head_major_block_first,head_major,block_first,0.348739,1.31791484715,0,0,true
slm_gqa,8,4,64,4,2048,64,29,18,2,head_major_head_first,head_major,head_first,0.337963,1.31791484715,0,0,true
slm_gqa,8,4,64,4,2048,64,29,18,3,block_major_block_first,block_major,block_first,0.341058,1.31791484715,0,0,true
slm_gqa,8,4,64,4,2048,64,29,19,0,block_major_head_first,block_major,head_first,0.345555,1.31791484715,0,0,true
slm_gqa,8,4,64,4,2048,64,29,19,1,block_major_block_first,block_major,block_first,0.33575,1.31791484715,0,0,true
slm_gqa,8,4,64,4,2048,64,29,19,2,head_major_head_first,head_major,head_first,0.342509,1.31791484715,0,0,true
slm_gqa,8,4,64,4,2048,64,29,19,3,head_major_block_first,head_major,block_first,0.342189,1.31791484715,0,0,true
slm_gqa,8,4,64,4,2048,64,47,0,0,head_major_block_first,head_major,block_first,0.346786,0.0536276522208,0,0,true
slm_gqa,8,4,64,4,2048,64,47,0,1,block_major_block_first,block_major,block_first,0.339616,0.0536276522208,0,0,true
slm_gqa,8,4,64,4,2048,64,47,0,2,block_major_head_first,block_major,head_first,0.345554,0.0536276522208,0,0,true
slm_gqa,8,4,64,4,2048,64,47,0,3,head_major_head_first,head_major,head_first,0.344382,0.0536276522208,0,0,true
slm_gqa,8,4,64,4,2048,64,47,1,0,head_major_head_first,head_major,head_first,0.339405,0.0536276522208,0,0,true
slm_gqa,8,4,64,4,2048,64,47,1,1,block_major_block_first,block_major,block_first,0.340647,0.0536276522208,0,0,true
slm_gqa,8,4,64,4,2048,64,47,1,2,head_major_block_first,head_major,block_first,0.34316,0.0536276522208,0,0,true
slm_gqa,8,4,64,4,2048,64,47,1,3,block_major_head_first,block_major,head_first,0.350262,0.0536276522208,0,0,true
slm_gqa,8,4,64,4,2048,64,47,2,0,block_major_head_first,block_major,head_first,0.346115,0.0536276522208,0,0,true
slm_gqa,8,4,64,4,2048,64,47,2,1,block_major_block_first,block_major,block_first,0.337071,0.0536276522208,0,0,true
slm_gqa,8,4,64,4,2048,64,47,2,2,head_major_head_first,head_major,head_first,0.348438,0.0536276522208,0,0,true
slm_gqa,8,4,64,4,2048,64,47,2,3,head_major_block_first,head_major,block_first,0.342199,0.0536276522208,0,0,true
slm_gqa,8,4,64,4,2048,64,47,3,0,block_major_head_first,block_major,head_first,0.353056,0.0536276522208,0,0,true
slm_gqa,8,4,64,4,2048,64,47,3,1,block_major_block_first,block_major,block_first,0.337282,0.0536276522208,0,0,true
slm_gqa,8,4,64,4,2048,64,47,3,2,head_major_block_first,head_major,block_first,0.348419,0.0536276522208,0,0,true
slm_gqa,8,4,64,4,2048,64,47,3,3,head_major_head_first,head_major,head_first,0.339014,0.0536276522208,0,0,true
slm_gqa,8,4,64,4,2048,64,47,4,0,block_major_block_first,block_major,block_first,0.341918,0.0536276522208,0,0,true
slm_gqa,8,4,64,4,2048,64,47,4,1,block_major_head_first,block_major,head_first,0.346345,0.0536276522208,0,0,true
slm_gqa,8,4,64,4,2048,64,47,4,2,head_major_head_first,head_major,head_first,0.341608,0.0536276522208,0,0,true
slm_gqa,8,4,64,4,2048,64,47,4,3,head_major_block_first,head_major,block_first,0.343301,0.0536276522208,0,0,true
slm_gqa,8,4,64,4,2048,64,47,5,0,block_major_block_first,block_major,block_first,0.340296,0.0536276522208,0,0,true
slm_gqa,8,4,64,4,2048,64,47,5,1,head_major_head_first,head_major,head_first,0.340687,0.0536276522208,0,0,true
slm_gqa,8,4,64,4,2048,64,47,5,2,head_major_block_first,head_major,block_first,0.345534,0.0536276522208,0,0,true
slm_gqa,8,4,64,4,2048,64,47,5,3,block_major_head_first,block_major,head_first,0.352554,0.0536276522208,0,0,true
slm_gqa,8,4,64,4,2048,64,47,6,0,block_major_head_first,block_major,head_first,0.347146,0.0536276522208,0,0,true
slm_gqa,8,4,64,4,2048,64,47,6,1,head_major_block_first,head_major,block_first,0.345875,0.0536276522208,0,0,true
slm_gqa,8,4,64,4,2048,64,47,6,2,block_major_block_first,block_major,block_first,0.338673,0.0536276522208,0,0,true
slm_gqa,8,4,64,4,2048,64,47,6,3,head_major_head_first,head_major,head_first,0.341448,0.0536276522208,0,0,true
slm_gqa,8,4,64,4,2048,64,47,7,0,block_major_head_first,block_major,head_first,0.348649,0.0536276522208,0,0,true
slm_gqa,8,4,64,4,2048,64,47,7,1,head_major_block_first,head_major,block_first,0.344663,0.0536276522208,0,0,true
slm_gqa,8,4,64,4,2048,64,47,7,2,block_major_block_first,block_major,block_first,0.339775,0.0536276522208,0,0,true
slm_gqa,8,4,64,4,2048,64,47,7,3,head_major_head_first,head_major,head_first,0.341368,0.0536276522208,0,0,true
slm_gqa,8,4,64,4,2048,64,47,8,0,block_major_block_first,block_major,block_first,0.339756,0.0536276522208,0,0,true
slm_gqa,8,4,64,4,2048,64,47,8,1,block_major_head_first,block_major,head_first,0.34995,0.0536276522208,0,0,true
slm_gqa,8,4,64,4,2048,64,47,8,2,head_major_head_first,head_major,head_first,0.340777,0.0536276522208,0,0,true
slm_gqa,8,4,64,4,2048,64,47,8,3,head_major_block_first,head_major,block_first,0.34225,0.0536276522208,0,0,true
slm_gqa,8,4,64,4,2048,64,47,9,0,block_major_head_first,block_major,head_first,0.350772,0.0536276522208,0,0,true
slm_gqa,8,4,64,4,2048,64,47,9,1,head_major_head_first,head_major,head_first,0.339114,0.0536276522208,0,0,true
slm_gqa,8,4,64,4,2048,64,47,9,2,head_major_block_first,head_major,block_first,0.340907,0.0536276522208,0,0,true
slm_gqa,8,4,64,4,2048,64,47,9,3,block_major_block_first,block_major,block_first,0.340126,0.0536276522208,0,0,true
slm_gqa,8,4,64,4,2048,64,47,10,0,block_major_block_first,block_major,block_first,0.339054,0.0536276522208,0,0,true
slm_gqa,8,4,64,4,2048,64,47,10,1,block_major_head_first,block_major,head_first,0.344562,0.0536276522208,0,0,true
slm_gqa,8,4,64,4,2048,64,47,10,2,head_major_head_first,head_major,head_first,0.34249,0.0536276522208,0,0,true
slm_gqa,8,4,64,4,2048,64,47,10,3,head_major_block_first,head_major,block_first,0.343551,0.0536276522208,0,0,true
slm_gqa,8,4,64,4,2048,64,47,11,0,head_major_head_first,head_major,head_first,0.338113,0.0536276522208,0,0,true
slm_gqa,8,4,64,4,2048,64,47,11,1,head_major_block_first,head_major,block_first,0.346106,0.0536276522208,0,0,true
slm_gqa,8,4,64,4,2048,64,47,11,2,block_major_block_first,block_major,block_first,0.343461,0.0536276522208,0,0,true
slm_gqa,8,4,64,4,2048,64,47,11,3,block_major_head_first,block_major,head_first,0.346405,0.0536276522208,0,0,true
slm_gqa,8,4,64,4,2048,64,47,12,0,block_major_head_first,block_major,head_first,0.345244,0.0536276522208,0,0,true
slm_gqa,8,4,64,4,2048,64,47,12,1,head_major_head_first,head_major,head_first,0.34315,0.0536276522208,0,0,true
slm_gqa,8,4,64,4,2048,64,47,12,2,block_major_block_first,block_major,block_first,0.338804,0.0536276522208,0,0,true
slm_gqa,8,4,64,4,2048,64,47,12,3,head_major_block_first,head_major,block_first,0.346706,0.0536276522208,0,0,true
slm_gqa,8,4,64,4,2048,64,47,13,0,head_major_block_first,head_major,block_first,0.34288,0.0536276522208,0,0,true
slm_gqa,8,4,64,4,2048,64,47,13,1,head_major_head_first,head_major,head_first,0.338393,0.0536276522208,0,0,true
slm_gqa,8,4,64,4,2048,64,47,13,2,block_major_head_first,block_major,head_first,0.352895,0.0536276522208,0,0,true
slm_gqa,8,4,64,4,2048,64,47,13,3,block_major_block_first,block_major,block_first,0.337492,0.0536276522208,0,0,true
slm_gqa,8,4,64,4,2048,64,47,14,0,block_major_head_first,block_major,head_first,0.352975,0.0536276522208,0,0,true
slm_gqa,8,4,64,4,2048,64,47,14,1,head_major_block_first,head_major,block_first,0.352034,0.0536276522208,0,0,true
slm_gqa,8,4,64,4,2048,64,47,14,2,block_major_block_first,block_major,block_first,0.338774,0.0536276522208,0,0,true
slm_gqa,8,4,64,4,2048,64,47,14,3,head_major_head_first,head_major,head_first,0.340927,0.0536276522208,0,0,true
slm_gqa,8,4,64,4,2048,64,47,15,0,head_major_head_first,head_major,head_first,0.338784,0.0536276522208,0,0,true
slm_gqa,8,4,64,4,2048,64,47,15,1,block_major_head_first,block_major,head_first,0.352495,0.0536276522208,0,0,true
slm_gqa,8,4,64,4,2048,64,47,15,2,block_major_block_first,block_major,block_first,0.338444,0.0536276522208,0,0,true
slm_gqa,8,4,64,4,2048,64,47,15,3,head_major_block_first,head_major,block_first,0.346926,0.0536276522208,0,0,true
slm_gqa,8,4,64,4,2048,64,47,16,0,block_major_head_first,block_major,head_first,0.350461,0.0536276522208,0,0,true
slm_gqa,8,4,64,4,2048,64,47,16,1,block_major_block_first,block_major,block_first,0.337232,0.0536276522208,0,0,true
slm_gqa,8,4,64,4,2048,64,47,16,2,head_major_head_first,head_major,head_first,0.341388,0.0536276522208,0,0,true
slm_gqa,8,4,64,4,2048,64,47,16,3,head_major_block_first,head_major,block_first,0.34262,0.0536276522208,0,0,true
slm_gqa,8,4,64,4,2048,64,47,17,0,block_major_block_first,block_major,block_first,0.347437,0.0536276522208,0,0,true
slm_gqa,8,4,64,4,2048,64,47,17,1,head_major_block_first,head_major,block_first,0.344133,0.0536276522208,0,0,true
slm_gqa,8,4,64,4,2048,64,47,17,2,block_major_head_first,block_major,head_first,0.34981,0.0536276522208,0,0,true
slm_gqa,8,4,64,4,2048,64,47,17,3,head_major_head_first,head_major,head_first,0.339875,0.0536276522208,0,0,true
slm_gqa,8,4,64,4,2048,64,47,18,0,block_major_block_first,block_major,block_first,0.340066,0.0536276522208,0,0,true
slm_gqa,8,4,64,4,2048,64,47,18,1,head_major_head_first,head_major,head_first,0.341819,0.0536276522208,0,0,true
slm_gqa,8,4,64,4,2048,64,47,18,2,block_major_head_first,block_major,head_first,0.350172,0.0536276522208,0,0,true
slm_gqa,8,4,64,4,2048,64,47,18,3,head_major_block_first,head_major,block_first,0.344783,0.0536276522208,0,0,true
slm_gqa,8,4,64,4,2048,64,47,19,0,head_major_block_first,head_major,block_first,0.341338,0.0536276522208,0,0,true
slm_gqa,8,4,64,4,2048,64,47,19,1,block_major_block_first,block_major,block_first,0.34263,0.0536276522208,0,0,true
slm_gqa,8,4,64,4,2048,64,47,19,2,block_major_head_first,block_major,head_first,0.346175,0.0536276522208,0,0,true
slm_gqa,8,4,64,4,2048,64,47,19,3,head_major_head_first,head_major,head_first,0.350472,0.0536276522208,0,0,true
slm_gqa,8,4,64,4,8192,64,11,0,0,head_major_block_first,head_major,block_first,1.98397,-0.50278046134,0,0,true
slm_gqa,8,4,64,4,8192,64,11,0,1,block_major_head_first,block_major,head_first,2.264536,-0.50278046134,0,0,true
slm_gqa,8,4,64,4,8192,64,11,0,2,head_major_head_first,head_major,head_first,1.94429,-0.50278046134,0,0,true
slm_gqa,8,4,64,4,8192,64,11,0,3,block_major_block_first,block_major,block_first,1.897128,-0.50278046134,0,0,true
slm_gqa,8,4,64,4,8192,64,11,1,0,head_major_head_first,head_major,head_first,1.952522,-0.50278046134,0,0,true
slm_gqa,8,4,64,4,8192,64,11,1,1,block_major_head_first,block_major,head_first,2.22803,-0.50278046134,0,0,true
slm_gqa,8,4,64,4,8192,64,11,1,2,block_major_block_first,block_major,block_first,1.868365,-0.50278046134,0,0,true
slm_gqa,8,4,64,4,8192,64,11,1,3,head_major_block_first,head_major,block_first,1.991331,-0.50278046134,0,0,true
slm_gqa,8,4,64,4,8192,64,11,2,0,block_major_block_first,block_major,block_first,1.883638,-0.50278046134,0,0,true
slm_gqa,8,4,64,4,8192,64,11,2,1,head_major_head_first,head_major,head_first,1.954856,-0.50278046134,0,0,true
slm_gqa,8,4,64,4,8192,64,11,2,2,block_major_head_first,block_major,head_first,2.20845,-0.50278046134,0,0,true
slm_gqa,8,4,64,4,8192,64,11,2,3,head_major_block_first,head_major,block_first,1.99008,-0.50278046134,0,0,true
slm_gqa,8,4,64,4,8192,64,11,3,0,head_major_block_first,head_major,block_first,2.045744,-0.50278046134,0,0,true
slm_gqa,8,4,64,4,8192,64,11,3,1,head_major_head_first,head_major,head_first,1.906072,-0.50278046134,0,0,true
slm_gqa,8,4,64,4,8192,64,11,3,2,block_major_block_first,block_major,block_first,1.978461,-0.50278046134,0,0,true
slm_gqa,8,4,64,4,8192,64,11,3,3,block_major_head_first,block_major,head_first,2.348633,-0.50278046134,0,0,true
slm_gqa,8,4,64,4,8192,64,11,4,0,block_major_block_first,block_major,block_first,1.826722,-0.50278046134,0,0,true
slm_gqa,8,4,64,4,8192,64,11,4,1,head_major_block_first,head_major,block_first,1.994015,-0.50278046134,0,0,true
slm_gqa,8,4,64,4,8192,64,11,4,2,block_major_head_first,block_major,head_first,2.100006,-0.50278046134,0,0,true
slm_gqa,8,4,64,4,8192,64,11,4,3,head_major_head_first,head_major,head_first,1.948385,-0.50278046134,0,0,true
slm_gqa,8,4,64,4,8192,64,11,5,0,block_major_head_first,block_major,head_first,2.117953,-0.50278046134,0,0,true
slm_gqa,8,4,64,4,8192,64,11,5,1,head_major_head_first,head_major,head_first,1.955297,-0.50278046134,0,0,true
slm_gqa,8,4,64,4,8192,64,11,5,2,block_major_block_first,block_major,block_first,1.87157,-0.50278046134,0,0,true
slm_gqa,8,4,64,4,8192,64,11,5,3,head_major_block_first,head_major,block_first,1.999824,-0.50278046134,0,0,true
slm_gqa,8,4,64,4,8192,64,11,6,0,head_major_block_first,head_major,block_first,1.998822,-0.50278046134,0,0,true
slm_gqa,8,4,64,4,8192,64,11,6,1,head_major_head_first,head_major,head_first,1.957369,-0.50278046134,0,0,true
slm_gqa,8,4,64,4,8192,64,11,6,2,block_major_head_first,block_major,head_first,2.320881,-0.50278046134,0,0,true
slm_gqa,8,4,64,4,8192,64,11,6,3,block_major_block_first,block_major,block_first,1.861795,-0.50278046134,0,0,true
slm_gqa,8,4,64,4,8192,64,11,7,0,block_major_head_first,block_major,head_first,2.082079,-0.50278046134,0,0,true
slm_gqa,8,4,64,4,8192,64,11,7,1,block_major_block_first,block_major,block_first,1.800221,-0.50278046134,0,0,true
slm_gqa,8,4,64,4,8192,64,11,7,2,head_major_head_first,head_major,head_first,2.007235,-0.50278046134,0,0,true
slm_gqa,8,4,64,4,8192,64,11,7,3,head_major_block_first,head_major,block_first,1.85252,-0.50278046134,0,0,true
slm_gqa,8,4,64,4,8192,64,11,8,0,head_major_block_first,head_major,block_first,1.852059,-0.50278046134,0,0,true
slm_gqa,8,4,64,4,8192,64,11,8,1,block_major_head_first,block_major,head_first,2.223083,-0.50278046134,0,0,true
slm_gqa,8,4,64,4,8192,64,11,8,2,block_major_block_first,block_major,block_first,1.850247,-0.50278046134,0,0,true
slm_gqa,8,4,64,4,8192,64,11,8,3,head_major_head_first,head_major,head_first,1.983469,-0.50278046134,0,0,true
slm_gqa,8,4,64,4,8192,64,11,9,0,head_major_head_first,head_major,head_first,1.830347,-0.50278046134,0,0,true
slm_gqa,8,4,64,4,8192,64,11,9,1,head_major_block_first,head_major,block_first,1.85183,-0.50278046134,0,0,true
slm_gqa,8,4,64,4,8192,64,11,9,2,block_major_head_first,block_major,head_first,2.251536,-0.50278046134,0,0,true
slm_gqa,8,4,64,4,8192,64,11,9,3,block_major_block_first,block_major,block_first,1.831208,-0.50278046134,0,0,true
slm_gqa,8,4,64,4,8192,64,11,10,0,head_major_head_first,head_major,head_first,1.948376,-0.50278046134,0,0,true
slm_gqa,8,4,64,4,8192,64,11,10,1,block_major_block_first,block_major,block_first,1.855946,-0.50278046134,0,0,true
slm_gqa,8,4,64,4,8192,64,11,10,2,head_major_block_first,head_major,block_first,2.014997,-0.50278046134,0,0,true
slm_gqa,8,4,64,4,8192,64,11,10,3,block_major_head_first,block_major,head_first,2.085965,-0.50278046134,0,0,true
slm_gqa,8,4,64,4,8192,64,11,11,0,block_major_head_first,block_major,head_first,2.035208,-0.50278046134,0,0,true
slm_gqa,8,4,64,4,8192,64,11,11,1,head_major_block_first,head_major,block_first,1.999163,-0.50278046134,0,0,true
slm_gqa,8,4,64,4,8192,64,11,11,2,head_major_head_first,head_major,head_first,1.96448,-0.50278046134,0,0,true
slm_gqa,8,4,64,4,8192,64,11,11,3,block_major_block_first,block_major,block_first,1.918661,-0.50278046134,0,0,true
slm_gqa,8,4,64,4,8192,64,11,12,0,block_major_block_first,block_major,block_first,1.910288,-0.50278046134,0,0,true
slm_gqa,8,4,64,4,8192,64,11,12,1,head_major_block_first,head_major,block_first,1.966153,-0.50278046134,0,0,true
slm_gqa,8,4,64,4,8192,64,11,12,2,block_major_head_first,block_major,head_first,2.164684,-0.50278046134,0,0,true
slm_gqa,8,4,64,4,8192,64,11,12,3,head_major_head_first,head_major,head_first,1.938011,-0.50278046134,0,0,true
slm_gqa,8,4,64,4,8192,64,11,13,0,block_major_block_first,block_major,block_first,1.886102,-0.50278046134,0,0,true
slm_gqa,8,4,64,4,8192,64,11,13,1,head_major_block_first,head_major,block_first,1.986444,-0.50278046134,0,0,true
slm_gqa,8,4,64,4,8192,64,11,13,2,head_major_head_first,head_major,head_first,1.953403,-0.50278046134,0,0,true
slm_gqa,8,4,64,4,8192,64,11,13,3,block_major_head_first,block_major,head_first,2.237704,-0.50278046134,0,0,true
slm_gqa,8,4,64,4,8192,64,11,14,0,block_major_block_first,block_major,block_first,1.855245,-0.50278046134,0,0,true
slm_gqa,8,4,64,4,8192,64,11,14,1,head_major_head_first,head_major,head_first,1.948386,-0.50278046134,0,0,true
slm_gqa,8,4,64,4,8192,64,11,14,2,block_major_head_first,block_major,head_first,2.173708,-0.50278046134,0,0,true
slm_gqa,8,4,64,4,8192,64,11,14,3,head_major_block_first,head_major,block_first,1.994155,-0.50278046134,0,0,true
slm_gqa,8,4,64,4,8192,64,11,15,0,head_major_block_first,head_major,block_first,2.000335,-0.50278046134,0,0,true
slm_gqa,8,4,64,4,8192,64,11,15,1,block_major_head_first,block_major,head_first,2.253238,-0.50278046134,0,0,true
slm_gqa,8,4,64,4,8192,64,11,15,2,block_major_block_first,block_major,block_first,1.868615,-0.50278046134,0,0,true
slm_gqa,8,4,64,4,8192,64,11,15,3,head_major_head_first,head_major,head_first,1.945361,-0.50278046134,0,0,true
slm_gqa,8,4,64,4,8192,64,11,16,0,head_major_block_first,head_major,block_first,2.003639,-0.50278046134,0,0,true
slm_gqa,8,4,64,4,8192,64,11,16,1,block_major_block_first,block_major,block_first,1.905301,-0.50278046134,0,0,true
slm_gqa,8,4,64,4,8192,64,11,16,2,block_major_head_first,block_major,head_first,2.250775,-0.50278046134,0,0,true
slm_gqa,8,4,64,4,8192,64,11,16,3,head_major_head_first,head_major,head_first,1.937229,-0.50278046134,0,0,true
slm_gqa,8,4,64,4,8192,64,11,17,0,block_major_block_first,block_major,block_first,1.876146,-0.50278046134,0,0,true
slm_gqa,8,4,64,4,8192,64,11,17,1,block_major_head_first,block_major,head_first,2.089019,-0.50278046134,0,0,true
slm_gqa,8,4,64,4,8192,64,11,17,2,head_major_head_first,head_major,head_first,1.979733,-0.50278046134,0,0,true
slm_gqa,8,4,64,4,8192,64,11,17,3,head_major_block_first,head_major,block_first,1.999914,-0.50278046134,0,0,true
slm_gqa,8,4,64,4,8192,64,11,18,0,head_major_head_first,head_major,head_first,1.981597,-0.50278046134,0,0,true
slm_gqa,8,4,64,4,8192,64,11,18,1,block_major_head_first,block_major,head_first,2.270004,-0.50278046134,0,0,true
slm_gqa,8,4,64,4,8192,64,11,18,2,block_major_block_first,block_major,block_first,1.842605,-0.50278046134,0,0,true
slm_gqa,8,4,64,4,8192,64,11,18,3,head_major_block_first,head_major,block_first,1.99747,-0.50278046134,0,0,true
slm_gqa,8,4,64,4,8192,64,11,19,0,block_major_block_first,block_major,block_first,1.836456,-0.50278046134,0,0,true
slm_gqa,8,4,64,4,8192,64,11,19,1,head_major_head_first,head_major,head_first,1.948896,-0.50278046134,0,0,true
slm_gqa,8,4,64,4,8192,64,11,19,2,block_major_head_first,block_major,head_first,2.098193,-0.50278046134,0,0,true
slm_gqa,8,4,64,4,8192,64,11,19,3,head_major_block_first,head_major,block_first,1.993284,-0.50278046134,0,0,true
slm_gqa,8,4,64,4,8192,64,29,0,0,block_major_head_first,block_major,head_first,2.106085,0.19890332767,0,0,true
slm_gqa,8,4,64,4,8192,64,29,0,1,head_major_head_first,head_major,head_first,1.939702,0.19890332767,0,0,true
slm_gqa,8,4,64,4,8192,64,29,0,2,head_major_block_first,head_major,block_first,1.989568,0.19890332767,0,0,true
slm_gqa,8,4,64,4,8192,64,29,0,3,block_major_block_first,block_major,block_first,1.917509,0.19890332767,0,0,true
slm_gqa,8,4,64,4,8192,64,29,1,0,head_major_head_first,head_major,head_first,1.933604,0.19890332767,0,0,true
slm_gqa,8,4,64,4,8192,64,29,1,1,head_major_block_first,head_major,block_first,1.996709,0.19890332767,0,0,true
slm_gqa,8,4,64,4,8192,64,29,1,2,block_major_block_first,block_major,block_first,1.924971,0.19890332767,0,0,true
slm_gqa,8,4,64,4,8192,64,29,1,3,block_major_head_first,block_major,head_first,2.259308,0.19890332767,0,0,true
slm_gqa,8,4,64,4,8192,64,29,2,0,head_major_head_first,head_major,head_first,1.92478,0.19890332767,0,0,true
slm_gqa,8,4,64,4,8192,64,29,2,1,head_major_block_first,head_major,block_first,1.993565,0.19890332767,0,0,true
slm_gqa,8,4,64,4,8192,64,29,2,2,block_major_block_first,block_major,block_first,1.901404,0.19890332767,0,0,true
slm_gqa,8,4,64,4,8192,64,29,2,3,block_major_head_first,block_major,head_first,2.176312,0.19890332767,0,0,true
slm_gqa,8,4,64,4,8192,64,29,3,0,head_major_block_first,head_major,block_first,1.991842,0.19890332767,0,0,true
slm_gqa,8,4,64,4,8192,64,29,3,1,block_major_block_first,block_major,block_first,1.886432,0.19890332767,0,0,true
slm_gqa,8,4,64,4,8192,64,29,3,2,block_major_head_first,block_major,head_first,2.103461,0.19890332767,0,0,true
slm_gqa,8,4,64,4,8192,64,29,3,3,head_major_head_first,head_major,head_first,1.974766,0.19890332767,0,0,true
slm_gqa,8,4,64,4,8192,64,29,4,0,block_major_block_first,block_major,block_first,1.843718,0.19890332767,0,0,true
slm_gqa,8,4,64,4,8192,64,29,4,1,block_major_head_first,block_major,head_first,2.034416,0.19890332767,0,0,true
slm_gqa,8,4,64,4,8192,64,29,4,2,head_major_block_first,head_major,block_first,2.002868,0.19890332767,0,0,true
slm_gqa,8,4,64,4,8192,64,29,4,3,head_major_head_first,head_major,head_first,1.963359,0.19890332767,0,0,true
slm_gqa,8,4,64,4,8192,64,29,5,0,head_major_head_first,head_major,head_first,1.923368,0.19890332767,0,0,true
slm_gqa,8,4,64,4,8192,64,29,5,1,block_major_head_first,block_major,head_first,2.228962,0.19890332767,0,0,true
slm_gqa,8,4,64,4,8192,64,29,5,2,head_major_block_first,head_major,block_first,1.995427,0.19890332767,0,0,true
slm_gqa,8,4,64,4,8192,64,29,5,3,block_major_block_first,block_major,block_first,1.867032,0.19890332767,0,0,true
slm_gqa,8,4,64,4,8192,64,29,6,0,head_major_block_first,head_major,block_first,1.991762,0.19890332767,0,0,true
slm_gqa,8,4,64,4,8192,64,29,6,1,head_major_head_first,head_major,head_first,1.928876,0.19890332767,0,0,true
slm_gqa,8,4,64,4,8192,64,29,6,2,block_major_block_first,block_major,block_first,1.907584,0.19890332767,0,0,true
slm_gqa,8,4,64,4,8192,64,29,6,3,block_major_head_first,block_major,head_first,2.228862,0.19890332767,0,0,true
slm_gqa,8,4,64,4,8192,64,29,7,0,head_major_block_first,head_major,block_first,1.992303,0.19890332767,0,0,true
slm_gqa,8,4,64,4,8192,64,29,7,1,head_major_head_first,head_major,head_first,1.946433,0.19890332767,0,0,true
slm_gqa,8,4,64,4,8192,64,29,7,2,block_major_block_first,block_major,block_first,1.934215,0.19890332767,0,0,true
slm_gqa,8,4,64,4,8192,64,29,7,3,block_major_head_first,block_major,head_first,2.14873,0.19890332767,0,0,true
slm_gqa,8,4,64,4,8192,64,29,8,0,head_major_head_first,head_major,head_first,1.929397,0.19890332767,0,0,true
slm_gqa,8,4,64,4,8192,64,29,8,1,head_major_block_first,head_major,block_first,2.001657,0.19890332767,0,0,true
slm_gqa,8,4,64,4,8192,64,29,8,2,block_major_head_first,block_major,head_first,2.298056,0.19890332767,0,0,true
slm_gqa,8,4,64,4,8192,64,29,8,3,block_major_block_first,block_major,block_first,1.867453,0.19890332767,0,0,true
slm_gqa,8,4,64,4,8192,64,29,9,0,block_major_head_first,block_major,head_first,2.086916,0.19890332767,0,0,true
slm_gqa,8,4,64,4,8192,64,29,9,1,head_major_block_first,head_major,block_first,2.009689,0.19890332767,0,0,true
slm_gqa,8,4,64,4,8192,64,29,9,2,head_major_head_first,head_major,head_first,1.923899,0.19890332767,0,0,true
slm_gqa,8,4,64,4,8192,64,29,9,3,block_major_block_first,block_major,block_first,1.925291,0.19890332767,0,0,true
slm_gqa,8,4,64,4,8192,64,29,10,0,head_major_head_first,head_major,head_first,1.903478,0.19890332767,0,0,true
slm_gqa,8,4,64,4,8192,64,29,10,1,head_major_block_first,head_major,block_first,1.966614,0.19890332767,0,0,true
slm_gqa,8,4,64,4,8192,64,29,10,2,block_major_block_first,block_major,block_first,1.941075,0.19890332767,0,0,true
slm_gqa,8,4,64,4,8192,64,29,10,3,block_major_head_first,block_major,head_first,2.113336,0.19890332767,0,0,true
slm_gqa,8,4,64,4,8192,64,29,11,0,block_major_head_first,block_major,head_first,1.999884,0.19890332767,0,0,true
slm_gqa,8,4,64,4,8192,64,29,11,1,head_major_block_first,head_major,block_first,2.022849,0.19890332767,0,0,true
slm_gqa,8,4,64,4,8192,64,29,11,2,head_major_head_first,head_major,head_first,1.821173,0.19890332767,0,0,true
slm_gqa,8,4,64,4,8192,64,29,11,3,block_major_block_first,block_major,block_first,1.963479,0.19890332767,0,0,true
slm_gqa,8,4,64,4,8192,64,29,12,0,head_major_block_first,head_major,block_first,1.87855,0.19890332767,0,0,true
slm_gqa,8,4,64,4,8192,64,29,12,1,block_major_head_first,block_major,head_first,2.226548,0.19890332767,0,0,true
slm_gqa,8,4,64,4,8192,64,29,12,2,block_major_block_first,block_major,block_first,1.88532,0.19890332767,0,0,true
slm_gqa,8,4,64,4,8192,64,29,12,3,head_major_head_first,head_major,head_first,1.935106,0.19890332767,0,0,true
slm_gqa,8,4,64,4,8192,64,29,13,0,block_major_head_first,block_major,head_first,2.117693,0.19890332767,0,0,true
slm_gqa,8,4,64,4,8192,64,29,13,1,block_major_block_first,block_major,block_first,1.853843,0.19890332767,0,0,true
slm_gqa,8,4,64,4,8192,64,29,13,2,head_major_block_first,head_major,block_first,1.991912,0.19890332767,0,0,true
slm_gqa,8,4,64,4,8192,64,29,13,3,head_major_head_first,head_major,head_first,1.937279,0.19890332767,0,0,true
slm_gqa,8,4,64,4,8192,64,29,14,0,head_major_head_first,head_major,head_first,1.923558,0.19890332767,0,0,true
slm_gqa,8,4,64,4,8192,64,29,14,1,head_major_block_first,head_major,block_first,1.936357,0.19890332767,0,0,true
slm_gqa,8,4,64,4,8192,64,29,14,2,block_major_block_first,block_major,block_first,1.99028,0.19890332767,0,0,true
slm_gqa,8,4,64,4,8192,64,29,14,3,block_major_head_first,block_major,head_first,2.171685,0.19890332767,0,0,true
slm_gqa,8,4,64,4,8192,64,29,15,0,block_major_block_first,block_major,block_first,1.781203,0.19890332767,0,0,true
slm_gqa,8,4,64,4,8192,64,29,15,1,block_major_head_first,block_major,head_first,1.890248,0.19890332767,0,0,true
slm_gqa,8,4,64,4,8192,64,29,15,2,head_major_block_first,head_major,block_first,2.008026,0.19890332767,0,0,true
slm_gqa,8,4,64,4,8192,64,29,15,3,head_major_head_first,head_major,head_first,1.900823,0.19890332767,0,0,true
slm_gqa,8,4,64,4,8192,64,29,16,0,block_major_block_first,block_major,block_first,1.974716,0.19890332767,0,0,true
slm_gqa,8,4,64,4,8192,64,29,16,1,head_major_head_first,head_major,head_first,1.897288,0.19890332767,0,0,true
slm_gqa,8,4,64,4,8192,64,29,16,2,block_major_head_first,block_major,head_first,2.170052,0.19890332767,0,0,true
slm_gqa,8,4,64,4,8192,64,29,16,3,head_major_block_first,head_major,block_first,2.005192,0.19890332767,0,0,true
slm_gqa,8,4,64,4,8192,64,29,17,0,block_major_block_first,block_major,block_first,1.886122,0.19890332767,0,0,true
slm_gqa,8,4,64,4,8192,64,29,17,1,block_major_head_first,block_major,head_first,2.152376,0.19890332767,0,0,true
slm_gqa,8,4,64,4,8192,64,29,17,2,head_major_head_first,head_major,head_first,1.917809,0.19890332767,0,0,true
slm_gqa,8,4,64,4,8192,64,29,17,3,head_major_block_first,head_major,block_first,2.003449,0.19890332767,0,0,true
slm_gqa,8,4,64,4,8192,64,29,18,0,block_major_head_first,block_major,head_first,2.182711,0.19890332767,0,0,true
slm_gqa,8,4,64,4,8192,64,29,18,1,head_major_block_first,head_major,block_first,2.009599,0.19890332767,0,0,true
slm_gqa,8,4,64,4,8192,64,29,18,2,head_major_head_first,head_major,head_first,1.907363,0.19890332767,0,0,true
slm_gqa,8,4,64,4,8192,64,29,18,3,block_major_block_first,block_major,block_first,1.912101,0.19890332767,0,0,true
slm_gqa,8,4,64,4,8192,64,29,19,0,block_major_head_first,block_major,head_first,2.119475,0.19890332767,0,0,true
slm_gqa,8,4,64,4,8192,64,29,19,1,head_major_block_first,head_major,block_first,2.005833,0.19890332767,0,0,true
slm_gqa,8,4,64,4,8192,64,29,19,2,head_major_head_first,head_major,head_first,1.90519,0.19890332767,0,0,true
slm_gqa,8,4,64,4,8192,64,29,19,3,block_major_block_first,block_major,block_first,1.948766,0.19890332767,0,0,true
slm_gqa,8,4,64,4,8192,64,47,0,0,block_major_head_first,block_major,head_first,2.211525,0.868996347902,0,0,true
slm_gqa,8,4,64,4,8192,64,47,0,1,head_major_block_first,head_major,block_first,1.986583,0.868996347902,0,0,true
slm_gqa,8,4,64,4,8192,64,47,0,2,block_major_block_first,block_major,block_first,1.94459,0.868996347902,0,0,true
slm_gqa,8,4,64,4,8192,64,47,0,3,head_major_head_first,head_major,head_first,1.917869,0.868996347902,0,0,true
slm_gqa,8,4,64,4,8192,64,47,1,0,head_major_head_first,head_major,head_first,1.903959,0.868996347902,0,0,true
slm_gqa,8,4,64,4,8192,64,47,1,1,block_major_block_first,block_major,block_first,1.964761,0.868996347902,0,0,true
slm_gqa,8,4,64,4,8192,64,47,1,2,head_major_block_first,head_major,block_first,1.967144,0.868996347902,0,0,true
slm_gqa,8,4,64,4,8192,64,47,1,3,block_major_head_first,block_major,head_first,2.499662,0.868996347902,0,0,true
slm_gqa,8,4,64,4,8192,64,47,2,0,head_major_block_first,head_major,block_first,1.967194,0.868996347902,0,0,true
slm_gqa,8,4,64,4,8192,64,47,2,1,block_major_block_first,block_major,block_first,1.972262,0.868996347902,0,0,true
slm_gqa,8,4,64,4,8192,64,47,2,2,head_major_head_first,head_major,head_first,1.893212,0.868996347902,0,0,true
slm_gqa,8,4,64,4,8192,64,47,2,3,block_major_head_first,block_major,head_first,2.4786,0.868996347902,0,0,true
slm_gqa,8,4,64,4,8192,64,47,3,0,block_major_block_first,block_major,block_first,1.936398,0.868996347902,0,0,true
slm_gqa,8,4,64,4,8192,64,47,3,1,head_major_block_first,head_major,block_first,1.99718,0.868996347902,0,0,true
slm_gqa,8,4,64,4,8192,64,47,3,2,block_major_head_first,block_major,head_first,2.250505,0.868996347902,0,0,true
slm_gqa,8,4,64,4,8192,64,47,3,3,head_major_head_first,head_major,head_first,1.903568,0.868996347902,0,0,true
slm_gqa,8,4,64,4,8192,64,47,4,0,head_major_block_first,head_major,block_first,1.97762,0.868996347902,0,0,true
slm_gqa,8,4,64,4,8192,64,47,4,1,block_major_head_first,block_major,head_first,2.278657,0.868996347902,0,0,true
slm_gqa,8,4,64,4,8192,64,47,4,2,block_major_block_first,block_major,block_first,1.907124,0.868996347902,0,0,true
slm_gqa,8,4,64,4,8192,64,47,4,3,head_major_head_first,head_major,head_first,1.898951,0.868996347902,0,0,true
slm_gqa,8,4,64,4,8192,64,47,5,0,block_major_head_first,block_major,head_first,2.137934,0.868996347902,0,0,true
slm_gqa,8,4,64,4,8192,64,47,5,1,block_major_block_first,block_major,block_first,1.86551,0.868996347902,0,0,true
slm_gqa,8,4,64,4,8192,64,47,5,2,head_major_head_first,head_major,head_first,1.921795,0.868996347902,0,0,true
slm_gqa,8,4,64,4,8192,64,47,5,3,head_major_block_first,head_major,block_first,1.993144,0.868996347902,0,0,true
slm_gqa,8,4,64,4,8192,64,47,6,0,block_major_block_first,block_major,block_first,1.974395,0.868996347902,0,0,true
slm_gqa,8,4,64,4,8192,64,47,6,1,head_major_head_first,head_major,head_first,1.919161,0.868996347902,0,0,true
slm_gqa,8,4,64,4,8192,64,47,6,2,block_major_head_first,block_major,head_first,2.170754,0.868996347902,0,0,true
slm_gqa,8,4,64,4,8192,64,47,6,3,head_major_block_first,head_major,block_first,1.994186,0.868996347902,0,0,true
slm_gqa,8,4,64,4,8192,64,47,7,0,head_major_head_first,head_major,head_first,1.918981,0.868996347902,0,0,true
slm_gqa,8,4,64,4,8192,64,47,7,1,block_major_block_first,block_major,block_first,1.926743,0.868996347902,0,0,true
slm_gqa,8,4,64,4,8192,64,47,7,2,head_major_block_first,head_major,block_first,1.994866,0.868996347902,0,0,true
slm_gqa,8,4,64,4,8192,64,47,7,3,block_major_head_first,block_major,head_first,2.356755,0.868996347902,0,0,true
slm_gqa,8,4,64,4,8192,64,47,8,0,head_major_head_first,head_major,head_first,1.892351,0.868996347902,0,0,true
slm_gqa,8,4,64,4,8192,64,47,8,1,block_major_block_first,block_major,block_first,1.930649,0.868996347902,0,0,true
slm_gqa,8,4,64,4,8192,64,47,8,2,head_major_block_first,head_major,block_first,1.999864,0.868996347902,0,0,true
slm_gqa,8,4,64,4,8192,64,47,8,3,block_major_head_first,block_major,head_first,2.363616,0.868996347902,0,0,true
slm_gqa,8,4,64,4,8192,64,47,9,0,head_major_block_first,head_major,block_first,1.992833,0.868996347902,0,0,true
slm_gqa,8,4,64,4,8192,64,47,9,1,block_major_head_first,block_major,head_first,2.209752,0.868996347902,0,0,true
slm_gqa,8,4,64,4,8192,64,47,9,2,head_major_head_first,head_major,head_first,1.915056,0.868996347902,0,0,true
slm_gqa,8,4,64,4,8192,64,47,9,3,block_major_block_first,block_major,block_first,1.916488,0.868996347902,0,0,true
slm_gqa,8,4,64,4,8192,64,47,10,0,block_major_head_first,block_major,head_first,2.124273,0.868996347902,0,0,true
slm_gqa,8,4,64,4,8192,64,47,10,1,head_major_block_first,head_major,block_first,1.997531,0.868996347902,0,0,true
slm_gqa,8,4,64,4,8192,64,47,10,2,block_major_block_first,block_major,block_first,1.896868,0.868996347902,0,0,true
slm_gqa,8,4,64,4,8192,64,47,10,3,head_major_head_first,head_major,head_first,1.924279,0.868996347902,0,0,true
slm_gqa,8,4,64,4,8192,64,47,11,0,block_major_head_first,block_major,head_first,2.138995,0.868996347902,0,0,true
slm_gqa,8,4,64,4,8192,64,47,11,1,head_major_block_first,head_major,block_first,1.991772,0.868996347902,0,0,true
slm_gqa,8,4,64,4,8192,64,47,11,2,block_major_block_first,block_major,block_first,1.900183,0.868996347902,0,0,true
slm_gqa,8,4,64,4,8192,64,47,11,3,head_major_head_first,head_major,head_first,1.903158,0.868996347902,0,0,true
slm_gqa,8,4,64,4,8192,64,47,12,0,block_major_head_first,block_major,head_first,2.132706,0.868996347902,0,0,true
slm_gqa,8,4,64,4,8192,64,47,12,1,head_major_head_first,head_major,head_first,1.915727,0.868996347902,0,0,true
slm_gqa,8,4,64,4,8192,64,47,12,2,head_major_block_first,head_major,block_first,2.011942,0.868996347902,0,0,true
slm_gqa,8,4,64,4,8192,64,47,12,3,block_major_block_first,block_major,block_first,1.95812,0.868996347902,0,0,true
slm_gqa,8,4,64,4,8192,64,47,13,0,block_major_block_first,block_major,block_first,1.923188,0.868996347902,0,0,true
slm_gqa,8,4,64,4,8192,64,47,13,1,head_major_head_first,head_major,head_first,1.898861,0.868996347902,0,0,true
slm_gqa,8,4,64,4,8192,64,47,13,2,head_major_block_first,head_major,block_first,1.981907,0.868996347902,0,0,true
slm_gqa,8,4,64,4,8192,64,47,13,3,block_major_head_first,block_major,head_first,2.149602,0.868996347902,0,0,true
slm_gqa,8,4,64,4,8192,64,47,14,0,head_major_head_first,head_major,head_first,1.944009,0.868996347902,0,0,true
slm_gqa,8,4,64,4,8192,64,47,14,1,head_major_block_first,head_major,block_first,1.978902,0.868996347902,0,0,true
slm_gqa,8,4,64,4,8192,64,47,14,2,block_major_block_first,block_major,block_first,1.987735,0.868996347902,0,0,true
slm_gqa,8,4,64,4,8192,64,47,14,3,block_major_head_first,block_major,head_first,2.197163,0.868996347902,0,0,true
slm_gqa,8,4,64,4,8192,64,47,15,0,head_major_block_first,head_major,block_first,2.015147,0.868996347902,0,0,true
slm_gqa,8,4,64,4,8192,64,47,15,1,head_major_head_first,head_major,head_first,1.927604,0.868996347902,0,0,true
slm_gqa,8,4,64,4,8192,64,47,15,2,block_major_block_first,block_major,block_first,1.926212,0.868996347902,0,0,true
slm_gqa,8,4,64,4,8192,64,47,15,3,block_major_head_first,block_major,head_first,2.309333,0.868996347902,0,0,true
slm_gqa,8,4,64,4,8192,64,47,16,0,block_major_block_first,block_major,block_first,1.883498,0.868996347902,0,0,true
slm_gqa,8,4,64,4,8192,64,47,16,1,block_major_head_first,block_major,head_first,1.996098,0.868996347902,0,0,true
slm_gqa,8,4,64,4,8192,64,47,16,2,head_major_block_first,head_major,block_first,2.032463,0.868996347902,0,0,true
slm_gqa,8,4,64,4,8192,64,47,16,3,head_major_head_first,head_major,head_first,1.896677,0.868996347902,0,0,true
slm_gqa,8,4,64,4,8192,64,47,17,0,block_major_block_first,block_major,block_first,2.006273,0.868996347902,0,0,true
slm_gqa,8,4,64,4,8192,64,47,17,1,block_major_head_first,block_major,head_first,2.073035,0.868996347902,0,0,true
slm_gqa,8,4,64,4,8192,64,47,17,2,head_major_head_first,head_major,head_first,1.93141,0.868996347902,0,0,true
slm_gqa,8,4,64,4,8192,64,47,17,3,head_major_block_first,head_major,block_first,1.993675,0.868996347902,0,0,true
slm_gqa,8,4,64,4,8192,64,47,18,0,block_major_block_first,block_major,block_first,2.080537,0.868996347902,0,0,true
slm_gqa,8,4,64,4,8192,64,47,18,1,head_major_head_first,head_major,head_first,1.917469,0.868996347902,0,0,true
slm_gqa,8,4,64,4,8192,64,47,18,2,head_major_block_first,head_major,block_first,1.986624,0.868996347902,0,0,true
slm_gqa,8,4,64,4,8192,64,47,18,3,block_major_head_first,block_major,head_first,2.402865,0.868996347902,0,0,true
slm_gqa,8,4,64,4,8192,64,47,19,0,head_major_head_first,head_major,head_first,1.915727,0.868996347902,0,0,true
slm_gqa,8,4,64,4,8192,64,47,19,1,block_major_head_first,block_major,head_first,2.121549,0.868996347902,0,0,true
slm_gqa,8,4,64,4,8192,64,47,19,2,head_major_block_first,head_major,block_first,2.003569,0.868996347902,0,0,true
slm_gqa,8,4,64,4,8192,64,47,19,3,block_major_block_first,block_major,block_first,1.91821,0.868996347902,0,0,true
slm_gqa,8,4,64,4,16384,64,11,0,0,block_major_block_first,block_major,block_first,3.891744,-0.786001668453,0,0,true
slm_gqa,8,4,64,4,16384,64,11,0,1,block_major_head_first,block_major,head_first,4.588842,-0.786001668453,0,0,true
slm_gqa,8,4,64,4,16384,64,11,0,2,head_major_block_first,head_major,block_first,4.039088,-0.786001668453,0,0,true
slm_gqa,8,4,64,4,16384,64,11,0,3,head_major_head_first,head_major,head_first,3.853095,-0.786001668453,0,0,true
slm_gqa,8,4,64,4,16384,64,11,1,0,block_major_block_first,block_major,block_first,3.930102,-0.786001668453,0,0,true
slm_gqa,8,4,64,4,16384,64,11,1,1,head_major_head_first,head_major,head_first,3.876411,-0.786001668453,0,0,true
slm_gqa,8,4,64,4,16384,64,11,1,2,head_major_block_first,head_major,block_first,4.013809,-0.786001668453,0,0,true
slm_gqa,8,4,64,4,16384,64,11,1,3,block_major_head_first,block_major,head_first,4.9363,-0.786001668453,0,0,true
slm_gqa,8,4,64,4,16384,64,11,2,0,block_major_block_first,block_major,block_first,3.884563,-0.786001668453,0,0,true
slm_gqa,8,4,64,4,16384,64,11,2,1,head_major_head_first,head_major,head_first,3.883481,-0.786001668453,0,0,true
slm_gqa,8,4,64,4,16384,64,11,2,2,block_major_head_first,block_major,head_first,4.651046,-0.786001668453,0,0,true
slm_gqa,8,4,64,4,16384,64,11,2,3,head_major_block_first,head_major,block_first,4.045147,-0.786001668453,0,0,true
slm_gqa,8,4,64,4,16384,64,11,3,0,block_major_block_first,block_major,block_first,3.910132,-0.786001668453,0,0,true
slm_gqa,8,4,64,4,16384,64,11,3,1,block_major_head_first,block_major,head_first,4.642783,-0.786001668453,0,0,true
slm_gqa,8,4,64,4,16384,64,11,3,2,head_major_block_first,head_major,block_first,4.043294,-0.786001668453,0,0,true
slm_gqa,8,4,64,4,16384,64,11,3,3,head_major_head_first,head_major,head_first,3.919736,-0.786001668453,0,0,true
slm_gqa,8,4,64,4,16384,64,11,4,0,block_major_block_first,block_major,block_first,3.932546,-0.786001668453,0,0,true
slm_gqa,8,4,64,4,16384,64,11,4,1,block_major_head_first,block_major,head_first,4.764718,-0.786001668453,0,0,true
slm_gqa,8,4,64,4,16384,64,11,4,2,head_major_block_first,head_major,block_first,4.052578,-0.786001668453,0,0,true
slm_gqa,8,4,64,4,16384,64,11,4,3,head_major_head_first,head_major,head_first,3.865715,-0.786001668453,0,0,true
slm_gqa,8,4,64,4,16384,64,11,5,0,block_major_block_first,block_major,block_first,3.918454,-0.786001668453,0,0,true
slm_gqa,8,4,64,4,16384,64,11,5,1,head_major_block_first,head_major,block_first,4.016814,-0.786001668453,0,0,true
slm_gqa,8,4,64,4,16384,64,11,5,2,head_major_head_first,head_major,head_first,3.854398,-0.786001668453,0,0,true
slm_gqa,8,4,64,4,16384,64,11,5,3,block_major_head_first,block_major,head_first,4.895317,-0.786001668453,0,0,true
slm_gqa,8,4,64,4,16384,64,11,6,0,head_major_block_first,head_major,block_first,4.029112,-0.786001668453,0,0,true
slm_gqa,8,4,64,4,16384,64,11,6,1,head_major_head_first,head_major,head_first,3.838183,-0.786001668453,0,0,true
slm_gqa,8,4,64,4,16384,64,11,6,2,block_major_block_first,block_major,block_first,3.9355,-0.786001668453,0,0,true
slm_gqa,8,4,64,4,16384,64,11,6,3,block_major_head_first,block_major,head_first,4.834855,-0.786001668453,0,0,true
slm_gqa,8,4,64,4,16384,64,11,7,0,block_major_head_first,block_major,head_first,4.543122,-0.786001668453,0,0,true
slm_gqa,8,4,64,4,16384,64,11,7,1,head_major_block_first,head_major,block_first,4.048862,-0.786001668453,0,0,true
slm_gqa,8,4,64,4,16384,64,11,7,2,block_major_block_first,block_major,block_first,3.906687,-0.786001668453,0,0,true
slm_gqa,8,4,64,4,16384,64,11,7,3,head_major_head_first,head_major,head_first,3.90836,-0.786001668453,0,0,true
slm_gqa,8,4,64,4,16384,64,11,8,0,head_major_head_first,head_major,head_first,3.900938,-0.786001668453,0,0,true
slm_gqa,8,4,64,4,16384,64,11,8,1,block_major_head_first,block_major,head_first,4.781875,-0.786001668453,0,0,true
slm_gqa,8,4,64,4,16384,64,11,8,2,block_major_block_first,block_major,block_first,3.86968,-0.786001668453,0,0,true
slm_gqa,8,4,64,4,16384,64,11,8,3,head_major_block_first,head_major,block_first,4.041692,-0.786001668453,0,0,true
slm_gqa,8,4,64,4,16384,64,11,9,0,block_major_block_first,block_major,block_first,3.896171,-0.786001668453,0,0,true
slm_gqa,8,4,64,4,16384,64,11,9,1,head_major_head_first,head_major,head_first,3.918935,-0.786001668453,0,0,true
slm_gqa,8,4,64,4,16384,64,11,9,2,block_major_head_first,block_major,head_first,4.738198,-0.786001668453,0,0,true
slm_gqa,8,4,64,4,16384,64,11,9,3,head_major_block_first,head_major,block_first,4.038076,-0.786001668453,0,0,true
slm_gqa,8,4,64,4,16384,64,11,10,0,block_major_block_first,block_major,block_first,3.896621,-0.786001668453,0,0,true
slm_gqa,8,4,64,4,16384,64,11,10,1,block_major_head_first,block_major,head_first,4.64046,-0.786001668453,0,0,true
slm_gqa,8,4,64,4,16384,64,11,10,2,head_major_head_first,head_major,head_first,3.943462,-0.786001668453,0,0,true
slm_gqa,8,4,64,4,16384,64,11,10,3,head_major_block_first,head_major,block_first,4.024015,-0.786001668453,0,0,true
slm_gqa,8,4,64,4,16384,64,11,11,0,block_major_block_first,block_major,block_first,3.910683,-0.786001668453,0,0,true
slm_gqa,8,4,64,4,16384,64,11,11,1,head_major_block_first,head_major,block_first,4.018287,-0.786001668453,0,0,true
slm_gqa,8,4,64,4,16384,64,11,11,2,head_major_head_first,head_major,head_first,3.863261,-0.786001668453,0,0,true
slm_gqa,8,4,64,4,16384,64,11,11,3,block_major_head_first,block_major,head_first,4.908276,-0.786001668453,0,0,true
slm_gqa,8,4,64,4,16384,64,11,12,0,block_major_head_first,block_major,head_first,4.572958,-0.786001668453,0,0,true
slm_gqa,8,4,64,4,16384,64,11,12,1,head_major_block_first,head_major,block_first,4.04064,-0.786001668453,0,0,true
slm_gqa,8,4,64,4,16384,64,11,12,2,block_major_block_first,block_major,block_first,3.893967,-0.786001668453,0,0,true
slm_gqa,8,4,64,4,16384,64,11,12,3,head_major_head_first,head_major,head_first,3.909872,-0.786001668453,0,0,true
slm_gqa,8,4,64,4,16384,64,11,13,0,head_major_head_first,head_major,head_first,3.8493,-0.786001668453,0,0,true
slm_gqa,8,4,64,4,16384,64,11,13,1,block_major_head_first,block_major,head_first,4.835877,-0.786001668453,0,0,true
slm_gqa,8,4,64,4,16384,64,11,13,2,block_major_block_first,block_major,block_first,3.886036,-0.786001668453,0,0,true
slm_gqa,8,4,64,4,16384,64,11,13,3,head_major_block_first,head_major,block_first,4.031947,-0.786001668453,0,0,true
slm_gqa,8,4,64,4,16384,64,11,14,0,block_major_head_first,block_major,head_first,4.589032,-0.786001668453,0,0,true
slm_gqa,8,4,64,4,16384,64,11,14,1,head_major_block_first,head_major,block_first,4.053449,-0.786001668453,0,0,true
slm_gqa,8,4,64,4,16384,64,11,14,2,head_major_head_first,head_major,head_first,3.861088,-0.786001668453,0,0,true
slm_gqa,8,4,64,4,16384,64,11,14,3,block_major_block_first,block_major,block_first,3.918375,-0.786001668453,0,0,true
slm_gqa,8,4,64,4,16384,64,11,15,0,block_major_head_first,block_major,head_first,4.803747,-0.786001668453,0,0,true
slm_gqa,8,4,64,4,16384,64,11,15,1,block_major_block_first,block_major,block_first,3.871804,-0.786001668453,0,0,true
slm_gqa,8,4,64,4,16384,64,11,15,2,head_major_head_first,head_major,head_first,3.917213,-0.786001668453,0,0,true
slm_gqa,8,4,64,4,16384,64,11,15,3,head_major_block_first,head_major,block_first,4.03413,-0.786001668453,0,0,true
slm_gqa,8,4,64,4,16384,64,11,16,0,head_major_block_first,head_major,block_first,4.024236,-0.786001668453,0,0,true
slm_gqa,8,4,64,4,16384,64,11,16,1,block_major_head_first,block_major,head_first,4.83784,-0.786001668453,0,0,true
slm_gqa,8,4,64,4,16384,64,11,16,2,head_major_head_first,head_major,head_first,3.913617,-0.786001668453,0,0,true
slm_gqa,8,4,64,4,16384,64,11,16,3,block_major_block_first,block_major,block_first,3.906647,-0.786001668453,0,0,true
slm_gqa,8,4,64,4,16384,64,11,17,0,block_major_head_first,block_major,head_first,4.685047,-0.786001668453,0,0,true
slm_gqa,8,4,64,4,16384,64,11,17,1,head_major_block_first,head_major,block_first,4.040209,-0.786001668453,0,0,true
slm_gqa,8,4,64,4,16384,64,11,17,2,block_major_block_first,block_major,block_first,3.887117,-0.786001668453,0,0,true
slm_gqa,8,4,64,4,16384,64,11,17,3,head_major_head_first,head_major,head_first,3.887537,-0.786001668453,0,0,true
slm_gqa,8,4,64,4,16384,64,11,18,0,head_major_head_first,head_major,head_first,3.887337,-0.786001668453,0,0,true
slm_gqa,8,4,64,4,16384,64,11,18,1,block_major_block_first,block_major,block_first,3.933908,-0.786001668453,0,0,true
slm_gqa,8,4,64,4,16384,64,11,18,2,head_major_block_first,head_major,block_first,4.021061,-0.786001668453,0,0,true
slm_gqa,8,4,64,4,16384,64,11,18,3,block_major_head_first,block_major,head_first,4.905482,-0.786001668453,0,0,true
slm_gqa,8,4,64,4,16384,64,11,19,0,block_major_block_first,block_major,block_first,3.874388,-0.786001668453,0,0,true
slm_gqa,8,4,64,4,16384,64,11,19,1,head_major_head_first,head_major,head_first,3.903131,-0.786001668453,0,0,true
slm_gqa,8,4,64,4,16384,64,11,19,2,head_major_block_first,head_major,block_first,4.016313,-0.786001668453,0,0,true
slm_gqa,8,4,64,4,16384,64,11,19,3,block_major_head_first,block_major,head_first,4.810057,-0.786001668453,0,0,true
slm_gqa,8,4,64,4,16384,64,29,0,0,block_major_head_first,block_major,head_first,4.532206,-0.364573298086,0,0,true
slm_gqa,8,4,64,4,16384,64,29,0,1,head_major_head_first,head_major,head_first,3.92875,-0.364573298086,0,0,true
slm_gqa,8,4,64,4,16384,64,29,0,2,block_major_block_first,block_major,block_first,3.878734,-0.364573298086,0,0,true
slm_gqa,8,4,64,4,16384,64,29,0,3,head_major_block_first,head_major,block_first,4.033108,-0.364573298086,0,0,true
slm_gqa,8,4,64,4,16384,64,29,1,0,block_major_head_first,block_major,head_first,4.595982,-0.364573298086,0,0,true
slm_gqa,8,4,64,4,16384,64,29,1,1,block_major_block_first,block_major,block_first,3.86912,-0.364573298086,0,0,true
slm_gqa,8,4,64,4,16384,64,29,1,2,head_major_block_first,head_major,block_first,4.045617,-0.364573298086,0,0,true
slm_gqa,8,4,64,4,16384,64,29,1,3,head_major_head_first,head_major,head_first,3.943512,-0.364573298086,0,0,true
slm_gqa,8,4,64,4,16384,64,29,2,0,block_major_block_first,block_major,block_first,3.894969,-0.364573298086,0,0,true
slm_gqa,8,4,64,4,16384,64,29,2,1,head_major_block_first,head_major,block_first,4.026148,-0.364573298086,0,0,true
slm_gqa,8,4,64,4,16384,64,29,2,2,head_major_head_first,head_major,head_first,3.820846,-0.364573298086,0,0,true
slm_gqa,8,4,64,4,16384,64,29,2,3,block_major_head_first,block_major,head_first,4.934616,-0.364573298086,0,0,true
slm_gqa,8,4,64,4,16384,64,29,3,0,block_major_block_first,block_major,block_first,3.868048,-0.364573298086,0,0,true
slm_gqa,8,4,64,4,16384,64,29,3,1,head_major_block_first,head_major,block_first,4.046258,-0.364573298086,0,0,true
slm_gqa,8,4,64,4,16384,64,29,3,2,head_major_head_first,head_major,head_first,3.865855,-0.364573298086,0,0,true
slm_gqa,8,4,64,4,16384,64,29,3,3,block_major_head_first,block_major,head_first,4.792,-0.364573298086,0,0,true
slm_gqa,8,4,64,4,16384,64,29,4,0,head_major_head_first,head_major,head_first,3.882651,-0.364573298086,0,0,true
slm_gqa,8,4,64,4,16384,64,29,4,1,block_major_block_first,block_major,block_first,3.869621,-0.364573298086,0,0,true
slm_gqa,8,4,64,4,16384,64,29,4,2,head_major_block_first,head_major,block_first,4.025017,-0.364573298086,0,0,true
slm_gqa,8,4,64,4,16384,64,29,4,3,block_major_head_first,block_major,head_first,4.773812,-0.364573298086,0,0,true
slm_gqa,8,4,64,4,16384,64,29,5,0,head_major_block_first,head_major,block_first,4.032688,-0.364573298086,0,0,true
slm_gqa,8,4,64,4,16384,64,29,5,1,head_major_head_first,head_major,head_first,3.88227,-0.364573298086,0,0,true
slm_gqa,8,4,64,4,16384,64,29,5,2,block_major_head_first,block_major,head_first,4.873083,-0.364573298086,0,0,true
slm_gqa,8,4,64,4,16384,64,29,5,3,block_major_block_first,block_major,block_first,3.857893,-0.364573298086,0,0,true
slm_gqa,8,4,64,4,16384,64,29,6,0,block_major_block_first,block_major,block_first,3.825464,-0.364573298086,0,0,true
slm_gqa,8,4,64,4,16384,64,29,6,1,block_major_head_first,block_major,head_first,4.596223,-0.364573298086,0,0,true
slm_gqa,8,4,64,4,16384,64,29,6,2,head_major_head_first,head_major,head_first,3.912836,-0.364573298086,0,0,true
slm_gqa,8,4,64,4,16384,64,29,6,3,head_major_block_first,head_major,block_first,4.024415,-0.364573298086,0,0,true
slm_gqa,8,4,64,4,16384,64,29,7,0,head_major_head_first,head_major,head_first,3.871524,-0.364573298086,0,0,true
slm_gqa,8,4,64,4,16384,64,29,7,1,head_major_block_first,head_major,block_first,4.01437,-0.364573298086,0,0,true
slm_gqa,8,4,64,4,16384,64,29,7,2,block_major_head_first,block_major,head_first,4.900024,-0.364573298086,0,0,true
slm_gqa,8,4,64,4,16384,64,29,7,3,block_major_block_first,block_major,block_first,3.86295,-0.364573298086,0,0,true
slm_gqa,8,4,64,4,16384,64,29,8,0,block_major_block_first,block_major,block_first,3.84303,-0.364573298086,0,0,true
slm_gqa,8,4,64,4,16384,64,29,8,1,head_major_block_first,head_major,block_first,4.047491,-0.364573298086,0,0,true
slm_gqa,8,4,64,4,16384,64,29,8,2,block_major_head_first,block_major,head_first,4.5944,-0.364573298086,0,0,true
slm_gqa,8,4,64,4,16384,64,29,8,3,head_major_head_first,head_major,head_first,3.938996,-0.364573298086,0,0,true
slm_gqa,8,4,64,4,16384,64,29,9,0,head_major_head_first,head_major,head_first,3.900497,-0.364573298086,0,0,true
slm_gqa,8,4,64,4,16384,64,29,9,1,head_major_block_first,head_major,block_first,4.025787,-0.364573298086,0,0,true
slm_gqa,8,4,64,4,16384,64,29,9,2,block_major_head_first,block_major,head_first,4.95625,-0.364573298086,0,0,true
slm_gqa,8,4,64,4,16384,64,29,9,3,block_major_block_first,block_major,block_first,3.845624,-0.364573298086,0,0,true
slm_gqa,8,4,64,4,16384,64,29,10,0,block_major_block_first,block_major,block_first,3.839274,-0.364573298086,0,0,true
slm_gqa,8,4,64,4,16384,64,29,10,1,block_major_head_first,block_major,head_first,4.599588,-0.364573298086,0,0,true
slm_gqa,8,4,64,4,16384,64,29,10,2,head_major_head_first,head_major,head_first,3.924955,-0.364573298086,0,0,true
slm_gqa,8,4,64,4,16384,64,29,10,3,head_major_block_first,head_major,block_first,4.024866,-0.364573298086,0,0,true
slm_gqa,8,4,64,4,16384,64,29,11,0,block_major_head_first,block_major,head_first,4.701803,-0.364573298086,0,0,true
slm_gqa,8,4,64,4,16384,64,29,11,1,head_major_head_first,head_major,head_first,3.871713,-0.364573298086,0,0,true
slm_gqa,8,4,64,4,16384,64,29,11,2,head_major_block_first,head_major,block_first,4.02071,-0.364573298086,0,0,true
slm_gqa,8,4,64,4,16384,64,29,11,3,block_major_block_first,block_major,block_first,3.896942,-0.364573298086,0,0,true
slm_gqa,8,4,64,4,16384,64,29,12,0,block_major_block_first,block_major,block_first,3.887147,-0.364573298086,0,0,true
slm_gqa,8,4,64,4,16384,64,29,12,1,block_major_head_first,block_major,head_first,4.781244,-0.364573298086,0,0,true
slm_gqa,8,4,64,4,16384,64,29,12,2,head_major_block_first,head_major,block_first,4.037506,-0.364573298086,0,0,true
slm_gqa,8,4,64,4,16384,64,29,12,3,head_major_head_first,head_major,head_first,3.899416,-0.364573298086,0,0,true
slm_gqa,8,4,64,4,16384,64,29,13,0,block_major_block_first,block_major,block_first,3.890572,-0.364573298086,0,0,true
slm_gqa,8,4,64,4,16384,64,29,13,1,head_major_block_first,head_major,block_first,4.024936,-0.364573298086,0,0,true
slm_gqa,8,4,64,4,16384,64,29,13,2,head_major_head_first,head_major,head_first,3.854288,-0.364573298086,0,0,true
slm_gqa,8,4,64,4,16384,64,29,13,3,block_major_head_first,block_major,head_first,4.92391,-0.364573298086,0,0,true
slm_gqa,8,4,64,4,16384,64,29,14,0,head_major_head_first,head_major,head_first,3.904474,-0.364573298086,0,0,true
slm_gqa,8,4,64,4,16384,64,29,14,1,head_major_block_first,head_major,block_first,4.021552,-0.364573298086,0,0,true
slm_gqa,8,4,64,4,16384,64,29,14,2,block_major_block_first,block_major,block_first,3.906807,-0.364573298086,0,0,true
slm_gqa,8,4,64,4,16384,64,29,14,3,block_major_head_first,block_major,head_first,4.806632,-0.364573298086,0,0,true
slm_gqa,8,4,64,4,16384,64,29,15,0,block_major_head_first,block_major,head_first,4.549382,-0.364573298086,0,0,true
slm_gqa,8,4,64,4,16384,64,29,15,1,head_major_head_first,head_major,head_first,3.920769,-0.364573298086,0,0,true
slm_gqa,8,4,64,4,16384,64,29,15,2,block_major_block_first,block_major,block_first,3.861268,-0.364573298086,0,0,true
slm_gqa,8,4,64,4,16384,64,29,15,3,head_major_block_first,head_major,block_first,4.030424,-0.364573298086,0,0,true
slm_gqa,8,4,64,4,16384,64,29,16,0,block_major_head_first,block_major,head_first,4.671477,-0.364573298086,0,0,true
slm_gqa,8,4,64,4,16384,64,29,16,1,head_major_block_first,head_major,block_first,4.032127,-0.364573298086,0,0,true
slm_gqa,8,4,64,4,16384,64,29,16,2,block_major_block_first,block_major,block_first,3.894378,-0.364573298086,0,0,true
slm_gqa,8,4,64,4,16384,64,29,16,3,head_major_head_first,head_major,head_first,3.871634,-0.364573298086,0,0,true
slm_gqa,8,4,64,4,16384,64,29,17,0,block_major_head_first,block_major,head_first,4.81823,-0.364573298086,0,0,true
slm_gqa,8,4,64,4,16384,64,29,17,1,head_major_head_first,head_major,head_first,3.86982,-0.364573298086,0,0,true
slm_gqa,8,4,64,4,16384,64,29,17,2,block_major_block_first,block_major,block_first,3.877232,-0.364573298086,0,0,true
slm_gqa,8,4,64,4,16384,64,29,17,3,head_major_block_first,head_major,block_first,4.034901,-0.364573298086,0,0,true
slm_gqa,8,4,64,4,16384,64,29,18,0,block_major_block_first,block_major,block_first,3.897963,-0.364573298086,0,0,true
slm_gqa,8,4,64,4,16384,64,29,18,1,block_major_head_first,block_major,head_first,4.845521,-0.364573298086,0,0,true
slm_gqa,8,4,64,4,16384,64,29,18,2,head_major_head_first,head_major,head_first,3.904984,-0.364573298086,0,0,true
slm_gqa,8,4,64,4,16384,64,29,18,3,head_major_block_first,head_major,block_first,4.024566,-0.364573298086,0,0,true
slm_gqa,8,4,64,4,16384,64,29,19,0,block_major_block_first,block_major,block_first,3.911373,-0.364573298086,0,0,true
slm_gqa,8,4,64,4,16384,64,29,19,1,block_major_head_first,block_major,head_first,4.862006,-0.364573298086,0,0,true
slm_gqa,8,4,64,4,16384,64,29,19,2,head_major_block_first,head_major,block_first,4.030735,-0.364573298086,0,0,true
slm_gqa,8,4,64,4,16384,64,29,19,3,head_major_head_first,head_major,head_first,3.854688,-0.364573298086,0,0,true
slm_gqa,8,4,64,4,16384,64,47,0,0,block_major_head_first,block_major,head_first,4.644967,0.070493042042,0,0,true
slm_gqa,8,4,64,4,16384,64,47,0,1,head_major_head_first,head_major,head_first,3.894408,0.070493042042,0,0,true
slm_gqa,8,4,64,4,16384,64,47,0,2,head_major_block_first,head_major,block_first,4.031837,0.070493042042,0,0,true
slm_gqa,8,4,64,4,16384,64,47,0,3,block_major_block_first,block_major,block_first,3.917884,0.070493042042,0,0,true
slm_gqa,8,4,64,4,16384,64,47,1,0,block_major_block_first,block_major,block_first,3.872435,0.070493042042,0,0,true
slm_gqa,8,4,64,4,16384,64,47,1,1,block_major_head_first,block_major,head_first,4.709945,0.070493042042,0,0,true
slm_gqa,8,4,64,4,16384,64,47,1,2,head_major_block_first,head_major,block_first,4.04076,0.070493042042,0,0,true
slm_gqa,8,4,64,4,16384,64,47,1,3,head_major_head_first,head_major,head_first,3.880577,0.070493042042,0,0,true
slm_gqa,8,4,64,4,16384,64,47,2,0,head_major_block_first,head_major,block_first,4.025897,0.070493042042,0,0,true
slm_gqa,8,4,64,4,16384,64,47,2,1,block_major_head_first,block_major,head_first,4.728473,0.070493042042,0,0,true
slm_gqa,8,4,64,4,16384,64,47,2,2,block_major_block_first,block_major,block_first,3.90238,0.070493042042,0,0,true
slm_gqa,8,4,64,4,16384,64,47,2,3,head_major_head_first,head_major,head_first,3.920178,0.070493042042,0,0,true
slm_gqa,8,4,64,4,16384,64,47,3,0,block_major_block_first,block_major,block_first,3.896001,0.070493042042,0,0,true
slm_gqa,8,4,64,4,16384,64,47,3,1,head_major_block_first,head_major,block_first,4.043134,0.070493042042,0,0,true
slm_gqa,8,4,64,4,16384,64,47,3,2,block_major_head_first,block_major,head_first,4.733441,0.070493042042,0,0,true
slm_gqa,8,4,64,4,16384,64,47,3,3,head_major_head_first,head_major,head_first,3.924193,0.070493042042,0,0,true
slm_gqa,8,4,64,4,16384,64,47,4,0,head_major_head_first,head_major,head_first,3.900617,0.070493042042,0,0,true
slm_gqa,8,4,64,4,16384,64,47,4,1,block_major_head_first,block_major,head_first,4.873354,0.070493042042,0,0,true
slm_gqa,8,4,64,4,16384,64,47,4,2,head_major_block_first,head_major,block_first,4.086179,0.070493042042,0,0,true
slm_gqa,8,4,64,4,16384,64,47,4,3,block_major_block_first,block_major,block_first,3.892435,0.070493042042,0,0,true
slm_gqa,8,4,64,4,16384,64,47,5,0,head_major_block_first,head_major,block_first,4.028301,0.070493042042,0,0,true
slm_gqa,8,4,64,4,16384,64,47,5,1,block_major_head_first,block_major,head_first,4.897339,0.070493042042,0,0,true
slm_gqa,8,4,64,4,16384,64,47,5,2,head_major_head_first,head_major,head_first,3.868849,0.070493042042,0,0,true
slm_gqa,8,4,64,4,16384,64,47,5,3,block_major_block_first,block_major,block_first,3.848959,0.070493042042,0,0,true
slm_gqa,8,4,64,4,16384,64,47,6,0,head_major_block_first,head_major,block_first,4.031036,0.070493042042,0,0,true
slm_gqa,8,4,64,4,16384,64,47,6,1,block_major_block_first,block_major,block_first,3.881188,0.070493042042,0,0,true
slm_gqa,8,4,64,4,16384,64,47,6,2,block_major_head_first,block_major,head_first,4.813442,0.070493042042,0,0,true
slm_gqa,8,4,64,4,16384,64,47,6,3,head_major_head_first,head_major,head_first,3.927478,0.070493042042,0,0,true
slm_gqa,8,4,64,4,16384,64,47,7,0,head_major_head_first,head_major,head_first,3.864062,0.070493042042,0,0,true
slm_gqa,8,4,64,4,16384,64,47,7,1,block_major_block_first,block_major,block_first,3.894939,0.070493042042,0,0,true
slm_gqa,8,4,64,4,16384,64,47,7,2,block_major_head_first,block_major,head_first,4.758689,0.070493042042,0,0,true
slm_gqa,8,4,64,4,16384,64,47,7,3,head_major_block_first,head_major,block_first,4.039648,0.070493042042,0,0,true
slm_gqa,8,4,64,4,16384,64,47,8,0,block_major_head_first,block_major,head_first,4.639048,0.070493042042,0,0,true
slm_gqa,8,4,64,4,16384,64,47,8,1,block_major_block_first,block_major,block_first,3.841628,0.070493042042,0,0,true
slm_gqa,8,4,64,4,16384,64,47,8,2,head_major_head_first,head_major,head_first,3.933928,0.070493042042,0,0,true
slm_gqa,8,4,64,4,16384,64,47,8,3,head_major_block_first,head_major,block_first,4.033419,0.070493042042,0,0,true
slm_gqa,8,4,64,4,16384,64,47,9,0,head_major_head_first,head_major,head_first,3.819544,0.070493042042,0,0,true
slm_gqa,8,4,64,4,16384,64,47,9,1,head_major_block_first,head_major,block_first,4.012788,0.070493042042,0,0,true
slm_gqa,8,4,64,4,16384,64,47,9,2,block_major_head_first,block_major,head_first,5.01636,0.070493042042,0,0,true
slm_gqa,8,4,64,4,16384,64,47,9,3,block_major_block_first,block_major,block_first,3.876161,0.070493042042,0,0,true
slm_gqa,8,4,64,4,16384,64,47,10,0,head_major_block_first,head_major,block_first,4.034591,0.070493042042,0,0,true
slm_gqa,8,4,64,4,16384,64,47,10,1,head_major_head_first,head_major,head_first,3.860196,0.070493042042,0,0,true
slm_gqa,8,4,64,4,16384,64,47,10,2,block_major_block_first,block_major,block_first,3.886586,0.070493042042,0,0,true
slm_gqa,8,4,64,4,16384,64,47,10,3,block_major_head_first,block_major,head_first,4.803517,0.070493042042,0,0,true
slm_gqa,8,4,64,4,16384,64,47,11,0,block_major_block_first,block_major,block_first,3.828368,0.070493042042,0,0,true
slm_gqa,8,4,64,4,16384,64,47,11,1,head_major_block_first,head_major,block_first,4.039889,0.070493042042,0,0,true
slm_gqa,8,4,64,4,16384,64,47,11,2,head_major_head_first,head_major,head_first,3.831453,0.070493042042,0,0,true
slm_gqa,8,4,64,4,16384,64,47,11,3,block_major_head_first,block_major,head_first,4.857519,0.070493042042,0,0,true
slm_gqa,8,4,64,4,16384,64,47,12,0,block_major_head_first,block_major,head_first,4.592337,0.070493042042,0,0,true
slm_gqa,8,4,64,4,16384,64,47,12,1,head_major_block_first,head_major,block_first,4.042973,0.070493042042,0,0,true
slm_gqa,8,4,64,4,16384,64,47,12,2,head_major_head_first,head_major,head_first,3.881259,0.070493042042,0,0,true
slm_gqa,8,4,64,4,16384,64,47,12,3,block_major_block_first,block_major,block_first,3.878745,0.070493042042,0,0,true
slm_gqa,8,4,64,4,16384,64,47,13,0,block_major_block_first,block_major,block_first,3.865835,0.070493042042,0,0,true
slm_gqa,8,4,64,4,16384,64,47,13,1,head_major_block_first,head_major,block_first,4.033088,0.070493042042,0,0,true
slm_gqa,8,4,64,4,16384,64,47,13,2,head_major_head_first,head_major,head_first,3.878914,0.070493042042,0,0,true
slm_gqa,8,4,64,4,16384,64,47,13,3,block_major_head_first,block_major,head_first,4.845902,0.070493042042,0,0,true
slm_gqa,8,4,64,4,16384,64,47,14,0,head_major_head_first,head_major,head_first,3.874438,0.070493042042,0,0,true
slm_gqa,8,4,64,4,16384,64,47,14,1,block_major_block_first,block_major,block_first,3.873547,0.070493042042,0,0,true
slm_gqa,8,4,64,4,16384,64,47,14,2,head_major_block_first,head_major,block_first,4.026839,0.070493042042,0,0,true
slm_gqa,8,4,64,4,16384,64,47,14,3,block_major_head_first,block_major,head_first,4.861786,0.070493042042,0,0,true
slm_gqa,8,4,64,4,16384,64,47,15,0,head_major_head_first,head_major,head_first,3.885034,0.070493042042,0,0,true
slm_gqa,8,4,64,4,16384,64,47,15,1,head_major_block_first,head_major,block_first,4.023373,0.070493042042,0,0,true
slm_gqa,8,4,64,4,16384,64,47,15,2,block_major_head_first,block_major,head_first,4.868385,0.070493042042,0,0,true
slm_gqa,8,4,64,4,16384,64,47,15,3,block_major_block_first,block_major,block_first,3.875169,0.070493042042,0,0,true
slm_gqa,8,4,64,4,16384,64,47,16,0,head_major_head_first,head_major,head_first,3.876642,0.070493042042,0,0,true
slm_gqa,8,4,64,4,16384,64,47,16,1,head_major_block_first,head_major,block_first,4.02106,0.070493042042,0,0,true
slm_gqa,8,4,64,4,16384,64,47,16,2,block_major_head_first,block_major,head_first,4.794794,0.070493042042,0,0,true
slm_gqa,8,4,64,4,16384,64,47,16,3,block_major_block_first,block_major,block_first,3.857522,0.070493042042,0,0,true
slm_gqa,8,4,64,4,16384,64,47,17,0,block_major_head_first,block_major,head_first,4.590264,0.070493042042,0,0,true
slm_gqa,8,4,64,4,16384,64,47,17,1,head_major_block_first,head_major,block_first,4.048222,0.070493042042,0,0,true
slm_gqa,8,4,64,4,16384,64,47,17,2,head_major_head_first,head_major,head_first,3.868098,0.070493042042,0,0,true
slm_gqa,8,4,64,4,16384,64,47,17,3,block_major_block_first,block_major,block_first,3.885024,0.070493042042,0,0,true
slm_gqa,8,4,64,4,16384,64,47,18,0,head_major_block_first,head_major,block_first,4.022212,0.070493042042,0,0,true
slm_gqa,8,4,64,4,16384,64,47,18,1,block_major_head_first,block_major,head_first,4.780642,0.070493042042,0,0,true
slm_gqa,8,4,64,4,16384,64,47,18,2,head_major_head_first,head_major,head_first,3.924454,0.070493042042,0,0,true
slm_gqa,8,4,64,4,16384,64,47,18,3,block_major_block_first,block_major,block_first,3.885144,0.070493042042,0,0,true
slm_gqa,8,4,64,4,16384,64,47,19,0,block_major_head_first,block_major,head_first,4.675293,0.070493042042,0,0,true
slm_gqa,8,4,64,4,16384,64,47,19,1,head_major_head_first,head_major,head_first,3.872335,0.070493042042,0,0,true
slm_gqa,8,4,64,4,16384,64,47,19,2,block_major_block_first,block_major,block_first,3.884112,0.070493042042,0,0,true
slm_gqa,8,4,64,4,16384,64,47,19,3,head_major_block_first,head_major,block_first,4.043544,0.070493042042,0,0,true
llama_gqa,32,8,128,1,512,64,11,0,0,head_major_head_first,head_major,head_first,0.150278,-6.04212232159,0,0,true
llama_gqa,32,8,128,1,512,64,11,0,1,head_major_block_first,head_major,block_first,0.149476,-6.04212232159,0,0,true
llama_gqa,32,8,128,1,512,64,11,0,2,block_major_head_first,block_major,head_first,0.154194,-6.04212232159,0,0,true
llama_gqa,32,8,128,1,512,64,11,0,3,block_major_block_first,block_major,block_first,0.152381,-6.04212232159,0,0,true
llama_gqa,32,8,128,1,512,64,11,1,0,block_major_block_first,block_major,block_first,0.15126,-6.04212232159,0,0,true
llama_gqa,32,8,128,1,512,64,11,1,1,head_major_block_first,head_major,block_first,0.149827,-6.04212232159,0,0,true
llama_gqa,32,8,128,1,512,64,11,1,2,block_major_head_first,block_major,head_first,0.152332,-6.04212232159,0,0,true
llama_gqa,32,8,128,1,512,64,11,1,3,head_major_head_first,head_major,head_first,0.149466,-6.04212232159,0,0,true
llama_gqa,32,8,128,1,512,64,11,2,0,block_major_block_first,block_major,block_first,0.15205,-6.04212232159,0,0,true
llama_gqa,32,8,128,1,512,64,11,2,1,block_major_head_first,block_major,head_first,0.152081,-6.04212232159,0,0,true
llama_gqa,32,8,128,1,512,64,11,2,2,head_major_head_first,head_major,head_first,0.148926,-6.04212232159,0,0,true
llama_gqa,32,8,128,1,512,64,11,2,3,head_major_block_first,head_major,block_first,0.154564,-6.04212232159,0,0,true
llama_gqa,32,8,128,1,512,64,11,3,0,head_major_head_first,head_major,head_first,0.147754,-6.04212232159,0,0,true
llama_gqa,32,8,128,1,512,64,11,3,1,block_major_block_first,block_major,block_first,0.15123,-6.04212232159,0,0,true
llama_gqa,32,8,128,1,512,64,11,3,2,block_major_head_first,block_major,head_first,0.15211,-6.04212232159,0,0,true
llama_gqa,32,8,128,1,512,64,11,3,3,head_major_block_first,head_major,block_first,0.148806,-6.04212232159,0,0,true
llama_gqa,32,8,128,1,512,64,11,4,0,block_major_head_first,block_major,head_first,0.15151,-6.04212232159,0,0,true
llama_gqa,32,8,128,1,512,64,11,4,1,head_major_head_first,head_major,head_first,0.148515,-6.04212232159,0,0,true
llama_gqa,32,8,128,1,512,64,11,4,2,block_major_block_first,block_major,block_first,0.15182,-6.04212232159,0,0,true
llama_gqa,32,8,128,1,512,64,11,4,3,head_major_block_first,head_major,block_first,0.148986,-6.04212232159,0,0,true
llama_gqa,32,8,128,1,512,64,11,5,0,head_major_block_first,head_major,block_first,0.148375,-6.04212232159,0,0,true
llama_gqa,32,8,128,1,512,64,11,5,1,block_major_head_first,block_major,head_first,0.152471,-6.04212232159,0,0,true
llama_gqa,32,8,128,1,512,64,11,5,2,block_major_block_first,block_major,block_first,0.151139,-6.04212232159,0,0,true
llama_gqa,32,8,128,1,512,64,11,5,3,head_major_head_first,head_major,head_first,0.148285,-6.04212232159,0,0,true
llama_gqa,32,8,128,1,512,64,11,6,0,head_major_block_first,head_major,block_first,0.148465,-6.04212232159,0,0,true
llama_gqa,32,8,128,1,512,64,11,6,1,block_major_block_first,block_major,block_first,0.15122,-6.04212232159,0,0,true
llama_gqa,32,8,128,1,512,64,11,6,2,block_major_head_first,block_major,head_first,0.152161,-6.04212232159,0,0,true
llama_gqa,32,8,128,1,512,64,11,6,3,head_major_head_first,head_major,head_first,0.148245,-6.04212232159,0,0,true
llama_gqa,32,8,128,1,512,64,11,7,0,head_major_head_first,head_major,head_first,0.148335,-6.04212232159,0,0,true
llama_gqa,32,8,128,1,512,64,11,7,1,block_major_head_first,block_major,head_first,0.152241,-6.04212232159,0,0,true
llama_gqa,32,8,128,1,512,64,11,7,2,head_major_block_first,head_major,block_first,0.148375,-6.04212232159,0,0,true
llama_gqa,32,8,128,1,512,64,11,7,3,block_major_block_first,block_major,block_first,0.151209,-6.04212232159,0,0,true
llama_gqa,32,8,128,1,512,64,11,8,0,block_major_head_first,block_major,head_first,0.15176,-6.04212232159,0,0,true
llama_gqa,32,8,128,1,512,64,11,8,1,head_major_head_first,head_major,head_first,0.148195,-6.04212232159,0,0,true
llama_gqa,32,8,128,1,512,64,11,8,2,head_major_block_first,head_major,block_first,0.148555,-6.04212232159,0,0,true
llama_gqa,32,8,128,1,512,64,11,8,3,block_major_block_first,block_major,block_first,0.15153,-6.04212232159,0,0,true
llama_gqa,32,8,128,1,512,64,11,9,0,block_major_block_first,block_major,block_first,0.157178,-6.04212232159,0,0,true
llama_gqa,32,8,128,1,512,64,11,9,1,head_major_head_first,head_major,head_first,0.148405,-6.04212232159,0,0,true
llama_gqa,32,8,128,1,512,64,11,9,2,block_major_head_first,block_major,head_first,0.15175,-6.04212232159,0,0,true
llama_gqa,32,8,128,1,512,64,11,9,3,head_major_block_first,head_major,block_first,0.148265,-6.04212232159,0,0,true
llama_gqa,32,8,128,1,512,64,11,10,0,block_major_head_first,block_major,head_first,0.15189,-6.04212232159,0,0,true
llama_gqa,32,8,128,1,512,64,11,10,1,head_major_head_first,head_major,head_first,0.147735,-6.04212232159,0,0,true
llama_gqa,32,8,128,1,512,64,11,10,2,block_major_block_first,block_major,block_first,0.15125,-6.04212232159,0,0,true
llama_gqa,32,8,128,1,512,64,11,10,3,head_major_block_first,head_major,block_first,0.148686,-6.04212232159,0,0,true
llama_gqa,32,8,128,1,512,64,11,11,0,block_major_head_first,block_major,head_first,0.15153,-6.04212232159,0,0,true
llama_gqa,32,8,128,1,512,64,11,11,1,head_major_block_first,head_major,block_first,0.148214,-6.04212232159,0,0,true
llama_gqa,32,8,128,1,512,64,11,11,2,head_major_head_first,head_major,head_first,0.147915,-6.04212232159,0,0,true
llama_gqa,32,8,128,1,512,64,11,11,3,block_major_block_first,block_major,block_first,0.151229,-6.04212232159,0,0,true
llama_gqa,32,8,128,1,512,64,11,12,0,block_major_head_first,block_major,head_first,0.1514,-6.04212232159,0,0,true
llama_gqa,32,8,128,1,512,64,11,12,1,block_major_block_first,block_major,block_first,0.150759,-6.04212232159,0,0,true
llama_gqa,32,8,128,1,512,64,11,12,2,head_major_head_first,head_major,head_first,0.148205,-6.04212232159,0,0,true
llama_gqa,32,8,128,1,512,64,11,12,3,head_major_block_first,head_major,block_first,0.148335,-6.04212232159,0,0,true
llama_gqa,32,8,128,1,512,64,11,13,0,block_major_head_first,block_major,head_first,0.15196,-6.04212232159,0,0,true
llama_gqa,32,8,128,1,512,64,11,13,1,head_major_block_first,head_major,block_first,0.148906,-6.04212232159,0,0,true
llama_gqa,32,8,128,1,512,64,11,13,2,block_major_block_first,block_major,block_first,0.150839,-6.04212232159,0,0,true
llama_gqa,32,8,128,1,512,64,11,13,3,head_major_head_first,head_major,head_first,0.147834,-6.04212232159,0,0,true
llama_gqa,32,8,128,1,512,64,11,14,0,block_major_head_first,block_major,head_first,0.15171,-6.04212232159,0,0,true
llama_gqa,32,8,128,1,512,64,11,14,1,block_major_block_first,block_major,block_first,0.150759,-6.04212232159,0,0,true
llama_gqa,32,8,128,1,512,64,11,14,2,head_major_head_first,head_major,head_first,0.147704,-6.04212232159,0,0,true
llama_gqa,32,8,128,1,512,64,11,14,3,head_major_block_first,head_major,block_first,0.148626,-6.04212232159,0,0,true
llama_gqa,32,8,128,1,512,64,11,15,0,block_major_head_first,block_major,head_first,0.15165,-6.04212232159,0,0,true
llama_gqa,32,8,128,1,512,64,11,15,1,head_major_block_first,head_major,block_first,0.148996,-6.04212232159,0,0,true
llama_gqa,32,8,128,1,512,64,11,15,2,head_major_head_first,head_major,head_first,0.152872,-6.04212232159,0,0,true
llama_gqa,32,8,128,1,512,64,11,15,3,block_major_block_first,block_major,block_first,0.15118,-6.04212232159,0,0,true
llama_gqa,32,8,128,1,512,64,11,16,0,head_major_block_first,head_major,block_first,0.148355,-6.04212232159,0,0,true
llama_gqa,32,8,128,1,512,64,11,16,1,block_major_head_first,block_major,head_first,0.15155,-6.04212232159,0,0,true
llama_gqa,32,8,128,1,512,64,11,16,2,block_major_block_first,block_major,block_first,0.150639,-6.04212232159,0,0,true
llama_gqa,32,8,128,1,512,64,11,16,3,head_major_head_first,head_major,head_first,0.147994,-6.04212232159,0,0,true
llama_gqa,32,8,128,1,512,64,11,17,0,head_major_head_first,head_major,head_first,0.147724,-6.04212232159,0,0,true
llama_gqa,32,8,128,1,512,64,11,17,1,block_major_head_first,block_major,head_first,0.151831,-6.04212232159,0,0,true
llama_gqa,32,8,128,1,512,64,11,17,2,head_major_block_first,head_major,block_first,0.148886,-6.04212232159,0,0,true
llama_gqa,32,8,128,1,512,64,11,17,3,block_major_block_first,block_major,block_first,0.151059,-6.04212232159,0,0,true
llama_gqa,32,8,128,1,512,64,11,18,0,head_major_head_first,head_major,head_first,0.147914,-6.04212232159,0,0,true
llama_gqa,32,8,128,1,512,64,11,18,1,block_major_head_first,block_major,head_first,0.151731,-6.04212232159,0,0,true
llama_gqa,32,8,128,1,512,64,11,18,2,head_major_block_first,head_major,block_first,0.148555,-6.04212232159,0,0,true
llama_gqa,32,8,128,1,512,64,11,18,3,block_major_block_first,block_major,block_first,0.150829,-6.04212232159,0,0,true
llama_gqa,32,8,128,1,512,64,11,19,0,block_major_head_first,block_major,head_first,0.15146,-6.04212232159,0,0,true
llama_gqa,32,8,128,1,512,64,11,19,1,head_major_head_first,head_major,head_first,0.148215,-6.04212232159,0,0,true
llama_gqa,32,8,128,1,512,64,11,19,2,block_major_block_first,block_major,block_first,0.15128,-6.04212232159,0,0,true
llama_gqa,32,8,128,1,512,64,11,19,3,head_major_block_first,head_major,block_first,0.148536,-6.04212232159,0,0,true
llama_gqa,32,8,128,1,512,64,29,0,0,block_major_block_first,block_major,block_first,0.150418,7.63101062499,0,0,true
llama_gqa,32,8,128,1,512,64,29,0,1,block_major_head_first,block_major,head_first,0.150598,7.63101062499,0,0,true
llama_gqa,32,8,128,1,512,64,29,0,2,head_major_head_first,head_major,head_first,0.147323,7.63101062499,0,0,true
llama_gqa,32,8,128,1,512,64,29,0,3,head_major_block_first,head_major,block_first,0.147533,7.63101062499,0,0,true
llama_gqa,32,8,128,1,512,64,29,1,0,block_major_block_first,block_major,block_first,0.150839,7.63101062499,0,0,true
llama_gqa,32,8,128,1,512,64,29,1,1,head_major_head_first,head_major,head_first,0.147153,7.63101062499,0,0,true
llama_gqa,32,8,128,1,512,64,29,1,2,block_major_head_first,block_major,head_first,0.151069,7.63101062499,0,0,true
llama_gqa,32,8,128,1,512,64,29,1,3,head_major_block_first,head_major,block_first,0.147884,7.63101062499,0,0,true
llama_gqa,32,8,128,1,512,64,29,2,0,head_major_head_first,head_major,head_first,0.147133,7.63101062499,0,0,true
llama_gqa,32,8,128,1,512,64,29,2,1,block_major_head_first,block_major,head_first,0.150689,7.63101062499,0,0,true
llama_gqa,32,8,128,1,512,64,29,2,2,block_major_block_first,block_major,block_first,0.150809,7.63101062499,0,0,true
llama_gqa,32,8,128,1,512,64,29,2,3,head_major_block_first,head_major,block_first,0.148215,7.63101062499,0,0,true
llama_gqa,32,8,128,1,512,64,29,3,0,block_major_head_first,block_major,head_first,0.151029,7.63101062499,0,0,true
llama_gqa,32,8,128,1,512,64,29,3,1,head_major_block_first,head_major,block_first,0.148085,7.63101062499,0,0,true
llama_gqa,32,8,128,1,512,64,29,3,2,block_major_block_first,block_major,block_first,0.150067,7.63101062499,0,0,true
llama_gqa,32,8,128,1,512,64,29,3,3,head_major_head_first,head_major,head_first,0.147113,7.63101062499,0,0,true
llama_gqa,32,8,128,1,512,64,29,4,0,block_major_block_first,block_major,block_first,0.15153,7.63101062499,0,0,true
llama_gqa,32,8,128,1,512,64,29,4,1,block_major_head_first,block_major,head_first,0.158941,7.63101062499,0,0,true
llama_gqa,32,8,128,1,512,64,29,4,2,head_major_block_first,head_major,block_first,0.148605,7.63101062499,0,0,true
llama_gqa,32,8,128,1,512,64,29,4,3,head_major_head_first,head_major,head_first,0.146733,7.63101062499,0,0,true
llama_gqa,32,8,128,1,512,64,29,5,0,head_major_head_first,head_major,head_first,0.147244,7.63101062499,0,0,true
llama_gqa,32,8,128,1,512,64,29,5,1,block_major_block_first,block_major,block_first,0.150708,7.63101062499,0,0,true
llama_gqa,32,8,128,1,512,64,29,5,2,head_major_block_first,head_major,block_first,0.148375,7.63101062499,0,0,true
llama_gqa,32,8,128,1,512,64,29,5,3,block_major_head_first,block_major,head_first,0.1514,7.63101062499,0,0,true
llama_gqa,32,8,128,1,512,64,29,6,0,head_major_block_first,head_major,block_first,0.147994,7.63101062499,0,0,true
llama_gqa,32,8,128,1,512,64,29,6,1,block_major_head_first,block_major,head_first,0.150638,7.63101062499,0,0,true
llama_gqa,32,8,128,1,512,64,29,6,2,head_major_head_first,head_major,head_first,0.147043,7.63101062499,0,0,true
llama_gqa,32,8,128,1,512,64,29,6,3,block_major_block_first,block_major,block_first,0.150388,7.63101062499,0,0,true
llama_gqa,32,8,128,1,512,64,29,7,0,head_major_head_first,head_major,head_first,0.146973,7.63101062499,0,0,true
llama_gqa,32,8,128,1,512,64,29,7,1,head_major_block_first,head_major,block_first,0.147945,7.63101062499,0,0,true
llama_gqa,32,8,128,1,512,64,29,7,2,block_major_block_first,block_major,block_first,0.150458,7.63101062499,0,0,true
llama_gqa,32,8,128,1,512,64,29,7,3,block_major_head_first,block_major,head_first,0.150849,7.63101062499,0,0,true
llama_gqa,32,8,128,1,512,64,29,8,0,head_major_head_first,head_major,head_first,0.147254,7.63101062499,0,0,true
llama_gqa,32,8,128,1,512,64,29,8,1,block_major_block_first,block_major,block_first,0.150067,7.63101062499,0,0,true
llama_gqa,32,8,128,1,512,64,29,8,2,head_major_block_first,head_major,block_first,0.148465,7.63101062499,0,0,true
llama_gqa,32,8,128,1,512,64,29,8,3,block_major_head_first,block_major,head_first,0.150909,7.63101062499,0,0,true
llama_gqa,32,8,128,1,512,64,29,9,0,head_major_block_first,head_major,block_first,0.148285,7.63101062499,0,0,true
llama_gqa,32,8,128,1,512,64,29,9,1,block_major_block_first,block_major,block_first,0.150398,7.63101062499,0,0,true
llama_gqa,32,8,128,1,512,64,29,9,2,head_major_head_first,head_major,head_first,0.147514,7.63101062499,0,0,true
llama_gqa,32,8,128,1,512,64,29,9,3,block_major_head_first,block_major,head_first,0.150728,7.63101062499,0,0,true
llama_gqa,32,8,128,1,512,64,29,10,0,block_major_block_first,block_major,block_first,0.150168,7.63101062499,0,0,true
llama_gqa,32,8,128,1,512,64,29,10,1,block_major_head_first,block_major,head_first,0.150909,7.63101062499,0,0,true
llama_gqa,32,8,128,1,512,64,29,10,2,head_major_head_first,head_major,head_first,0.148085,7.63101062499,0,0,true
llama_gqa,32,8,128,1,512,64,29,10,3,head_major_block_first,head_major,block_first,0.160413,7.63101062499,0,0,true
llama_gqa,32,8,128,1,512,64,29,11,0,head_major_head_first,head_major,head_first,0.146883,7.63101062499,0,0,true
llama_gqa,32,8,128,1,512,64,29,11,1,block_major_head_first,block_major,head_first,0.151019,7.63101062499,0,0,true
llama_gqa,32,8,128,1,512,64,29,11,2,block_major_block_first,block_major,block_first,0.150107,7.63101062499,0,0,true
llama_gqa,32,8,128,1,512,64,29,11,3,head_major_block_first,head_major,block_first,0.148165,7.63101062499,0,0,true
llama_gqa,32,8,128,1,512,64,29,12,0,head_major_head_first,head_major,head_first,0.146993,7.63101062499,0,0,true
llama_gqa,32,8,128,1,512,64,29,12,1,block_major_head_first,block_major,head_first,0.150879,7.63101062499,0,0,true
llama_gqa,32,8,128,1,512,64,29,12,2,head_major_block_first,head_major,block_first,0.148255,7.63101062499,0,0,true
llama_gqa,32,8,128,1,512,64,29,12,3,block_major_block_first,block_major,block_first,0.150518,7.63101062499,0,0,true
llama_gqa,32,8,128,1,512,64,29,13,0,block_major_head_first,block_major,head_first,0.150829,7.63101062499,0,0,true
llama_gqa,32,8,128,1,512,64,29,13,1,head_major_head_first,head_major,head_first,0.147434,7.63101062499,0,0,true
llama_gqa,32,8,128,1,512,64,29,13,2,head_major_block_first,head_major,block_first,0.148135,7.63101062499,0,0,true
llama_gqa,32,8,128,1,512,64,29,13,3,block_major_block_first,block_major,block_first,0.150518,7.63101062499,0,0,true
llama_gqa,32,8,128,1,512,64,29,14,0,head_major_block_first,head_major,block_first,0.147744,7.63101062499,0,0,true
llama_gqa,32,8,128,1,512,64,29,14,1,block_major_block_first,block_major,block_first,0.150108,7.63101062499,0,0,true
llama_gqa,32,8,128,1,512,64,29,14,2,head_major_head_first,head_major,head_first,0.147564,7.63101062499,0,0,true
llama_gqa,32,8,128,1,512,64,29,14,3,block_major_head_first,block_major,head_first,0.152311,7.63101062499,0,0,true
llama_gqa,32,8,128,1,512,64,29,15,0,head_major_block_first,head_major,block_first,0.147945,7.63101062499,0,0,true
llama_gqa,32,8,128,1,512,64,29,15,1,block_major_head_first,block_major,head_first,0.150728,7.63101062499,0,0,true
llama_gqa,32,8,128,1,512,64,29,15,2,block_major_block_first,block_major,block_first,0.150258,7.63101062499,0,0,true
llama_gqa,32,8,128,1,512,64,29,15,3,head_major_head_first,head_major,head_first,0.147153,7.63101062499,0,0,true
llama_gqa,32,8,128,1,512,64,29,16,0,block_major_block_first,block_major,block_first,0.150319,7.63101062499,0,0,true
llama_gqa,32,8,128,1,512,64,29,16,1,head_major_block_first,head_major,block_first,0.147914,7.63101062499,0,0,true
llama_gqa,32,8,128,1,512,64,29,16,2,head_major_head_first,head_major,head_first,0.146913,7.63101062499,0,0,true
llama_gqa,32,8,128,1,512,64,29,16,3,block_major_head_first,block_major,head_first,0.150979,7.63101062499,0,0,true
llama_gqa,32,8,128,1,512,64,29,17,0,block_major_block_first,block_major,block_first,0.150017,7.63101062499,0,0,true
llama_gqa,32,8,128,1,512,64,29,17,1,head_major_head_first,head_major,head_first,0.153553,7.63101062499,0,0,true
llama_gqa,32,8,128,1,512,64,29,17,2,block_major_head_first,block_major,head_first,0.151059,7.63101062499,0,0,true
llama_gqa,32,8,128,1,512,64,29,17,3,head_major_block_first,head_major,block_first,0.148325,7.63101062499,0,0,true
llama_gqa,32,8,128,1,512,64,29,18,0,head_major_head_first,head_major,head_first,0.146953,7.63101062499,0,0,true
llama_gqa,32,8,128,1,512,64,29,18,1,head_major_block_first,head_major,block_first,0.147785,7.63101062499,0,0,true
llama_gqa,32,8,128,1,512,64,29,18,2,block_major_block_first,block_major,block_first,0.150258,7.63101062499,0,0,true
llama_gqa,32,8,128,1,512,64,29,18,3,block_major_head_first,block_major,head_first,0.150989,7.63101062499,0,0,true
llama_gqa,32,8,128,1,512,64,29,19,0,block_major_head_first,block_major,head_first,0.150578,7.63101062499,0,0,true
llama_gqa,32,8,128,1,512,64,29,19,1,block_major_block_first,block_major,block_first,0.150409,7.63101062499,0,0,true
llama_gqa,32,8,128,1,512,64,29,19,2,head_major_head_first,head_major,head_first,0.147804,7.63101062499,0,0,true
llama_gqa,32,8,128,1,512,64,29,19,3,head_major_block_first,head_major,block_first,0.147624,7.63101062499,0,0,true
llama_gqa,32,8,128,1,512,64,47,0,0,head_major_block_first,head_major,block_first,0.148285,4.31408216208,0,0,true
llama_gqa,32,8,128,1,512,64,47,0,1,block_major_block_first,block_major,block_first,0.151009,4.31408216208,0,0,true
llama_gqa,32,8,128,1,512,64,47,0,2,block_major_head_first,block_major,head_first,0.151139,4.31408216208,0,0,true
llama_gqa,32,8,128,1,512,64,47,0,3,head_major_head_first,head_major,head_first,0.148045,4.31408216208,0,0,true
llama_gqa,32,8,128,1,512,64,47,1,0,head_major_head_first,head_major,head_first,0.147804,4.31408216208,0,0,true
llama_gqa,32,8,128,1,512,64,47,1,1,block_major_block_first,block_major,block_first,0.150849,4.31408216208,0,0,true
llama_gqa,32,8,128,1,512,64,47,1,2,head_major_block_first,head_major,block_first,0.148796,4.31408216208,0,0,true
llama_gqa,32,8,128,1,512,64,47,1,3,block_major_head_first,block_major,head_first,0.151319,4.31408216208,0,0,true
llama_gqa,32,8,128,1,512,64,47,2,0,head_major_head_first,head_major,head_first,0.147623,4.31408216208,0,0,true
llama_gqa,32,8,128,1,512,64,47,2,1,head_major_block_first,head_major,block_first,0.148526,4.31408216208,0,0,true
llama_gqa,32,8,128,1,512,64,47,2,2,block_major_block_first,block_major,block_first,0.151279,4.31408216208,0,0,true
llama_gqa,32,8,128,1,512,64,47,2,3,block_major_head_first,block_major,head_first,0.151169,4.31408216208,0,0,true
llama_gqa,32,8,128,1,512,64,47,3,0,head_major_block_first,head_major,block_first,0.148555,4.31408216208,0,0,true
llama_gqa,32,8,128,1,512,64,47,3,1,block_major_head_first,block_major,head_first,0.151049,4.31408216208,0,0,true
llama_gqa,32,8,128,1,512,64,47,3,2,head_major_head_first,head_major,head_first,0.148165,4.31408216208,0,0,true
llama_gqa,32,8,128,1,512,64,47,3,3,block_major_block_first,block_major,block_first,0.150699,4.31408216208,0,0,true
llama_gqa,32,8,128,1,512,64,47,4,0,head_major_block_first,head_major,block_first,0.148455,4.31408216208,0,0,true
llama_gqa,32,8,128,1,512,64,47,4,1,block_major_block_first,block_major,block_first,0.150649,4.31408216208,0,0,true
llama_gqa,32,8,128,1,512,64,47,4,2,head_major_head_first,head_major,head_first,0.147764,4.31408216208,0,0,true
llama_gqa,32,8,128,1,512,64,47,4,3,block_major_head_first,block_major,head_first,0.15179,4.31408216208,0,0,true
llama_gqa,32,8,128,1,512,64,47,5,0,block_major_block_first,block_major,block_first,0.150979,4.31408216208,0,0,true
llama_gqa,32,8,128,1,512,64,47,5,1,head_major_block_first,head_major,block_first,0.148605,4.31408216208,0,0,true
llama_gqa,32,8,128,1,512,64,47,5,2,block_major_head_first,block_major,head_first,0.151029,4.31408216208,0,0,true
llama_gqa,32,8,128,1,512,64,47,5,3,head_major_head_first,head_major,head_first,0.147754,4.31408216208,0,0,true
llama_gqa,32,8,128,1,512,64,47,6,0,block_major_head_first,block_major,head_first,0.156338,4.31408216208,0,0,true
llama_gqa,32,8,128,1,512,64,47,6,1,head_major_block_first,head_major,block_first,0.148946,4.31408216208,0,0,true
llama_gqa,32,8,128,1,512,64,47,6,2,head_major_head_first,head_major,head_first,0.147373,4.31408216208,0,0,true
llama_gqa,32,8,128,1,512,64,47,6,3,block_major_block_first,block_major,block_first,0.150729,4.31408216208,0,0,true
llama_gqa,32,8,128,1,512,64,47,7,0,head_major_block_first,head_major,block_first,0.148476,4.31408216208,0,0,true
llama_gqa,32,8,128,1,512,64,47,7,1,head_major_head_first,head_major,head_first,0.148615,4.31408216208,0,0,true
llama_gqa,32,8,128,1,512,64,47,7,2,block_major_block_first,block_major,block_first,0.150869,4.31408216208,0,0,true
llama_gqa,32,8,128,1,512,64,47,7,3,block_major_head_first,block_major,head_first,0.15126,4.31408216208,0,0,true
llama_gqa,32,8,128,1,512,64,47,8,0,block_major_block_first,block_major,block_first,0.150779,4.31408216208,0,0,true
llama_gqa,32,8,128,1,512,64,47,8,1,head_major_head_first,head_major,head_first,0.147894,4.31408216208,0,0,true
llama_gqa,32,8,128,1,512,64,47,8,2,head_major_block_first,head_major,block_first,0.148445,4.31408216208,0,0,true
llama_gqa,32,8,128,1,512,64,47,8,3,block_major_head_first,block_major,head_first,0.15147,4.31408216208,0,0,true
llama_gqa,32,8,128,1,512,64,47,9,0,block_major_block_first,block_major,block_first,0.150479,4.31408216208,0,0,true
llama_gqa,32,8,128,1,512,64,47,9,1,head_major_head_first,head_major,head_first,0.147984,4.31408216208,0,0,true
llama_gqa,32,8,128,1,512,64,47,9,2,head_major_block_first,head_major,block_first,0.148335,4.31408216208,0,0,true
llama_gqa,32,8,128,1,512,64,47,9,3,block_major_head_first,block_major,head_first,0.15165,4.31408216208,0,0,true
llama_gqa,32,8,128,1,512,64,47,10,0,block_major_head_first,block_major,head_first,0.150869,4.31408216208,0,0,true
llama_gqa,32,8,128,1,512,64,47,10,1,block_major_block_first,block_major,block_first,0.150669,4.31408216208,0,0,true
llama_gqa,32,8,128,1,512,64,47,10,2,head_major_block_first,head_major,block_first,0.149186,4.31408216208,0,0,true
llama_gqa,32,8,128,1,512,64,47,10,3,head_major_head_first,head_major,head_first,0.147444,4.31408216208,0,0,true
llama_gqa,32,8,128,1,512,64,47,11,0,block_major_block_first,block_major,block_first,0.150849,4.31408216208,0,0,true
llama_gqa,32,8,128,1,512,64,47,11,1,head_major_block_first,head_major,block_first,0.148605,4.31408216208,0,0,true
llama_gqa,32,8,128,1,512,64,47,11,2,head_major_head_first,head_major,head_first,0.147274,4.31408216208,0,0,true
llama_gqa,32,8,128,1,512,64,47,11,3,block_major_head_first,block_major,head_first,0.15191,4.31408216208,0,0,true
llama_gqa,32,8,128,1,512,64,47,12,0,block_major_head_first,block_major,head_first,0.15118,4.31408216208,0,0,true
llama_gqa,32,8,128,1,512,64,47,12,1,head_major_block_first,head_major,block_first,0.148495,4.31408216208,0,0,true
llama_gqa,32,8,128,1,512,64,47,12,2,block_major_block_first,block_major,block_first,0.155927,4.31408216208,0,0,true
llama_gqa,32,8,128,1,512,64,47,12,3,head_major_head_first,head_major,head_first,0.147764,4.31408216208,0,0,true
llama_gqa,32,8,128,1,512,64,47,13,0,head_major_block_first,head_major,block_first,0.148495,4.31408216208,0,0,true
llama_gqa,32,8,128,1,512,64,47,13,1,block_major_head_first,block_major,head_first,0.151109,4.31408216208,0,0,true
llama_gqa,32,8,128,1,512,64,47,13,2,head_major_head_first,head_major,head_first,0.147834,4.31408216208,0,0,true
llama_gqa,32,8,128,1,512,64,47,13,3,block_major_block_first,block_major,block_first,0.151119,4.31408216208,0,0,true
llama_gqa,32,8,128,1,512,64,47,14,0,head_major_block_first,head_major,block_first,0.149256,4.31408216208,0,0,true
llama_gqa,32,8,128,1,512,64,47,14,1,block_major_head_first,block_major,head_first,0.15142,4.31408216208,0,0,true
llama_gqa,32,8,128,1,512,64,47,14,2,block_major_block_first,block_major,block_first,0.150849,4.31408216208,0,0,true
llama_gqa,32,8,128,1,512,64,47,14,3,head_major_head_first,head_major,head_first,0.148065,4.31408216208,0,0,true
llama_gqa,32,8,128,1,512,64,47,15,0,block_major_head_first,block_major,head_first,0.151349,4.31408216208,0,0,true
llama_gqa,32,8,128,1,512,64,47,15,1,block_major_block_first,block_major,block_first,0.150679,4.31408216208,0,0,true
llama_gqa,32,8,128,1,512,64,47,15,2,head_major_head_first,head_major,head_first,0.147734,4.31408216208,0,0,true
llama_gqa,32,8,128,1,512,64,47,15,3,head_major_block_first,head_major,block_first,0.148415,4.31408216208,0,0,true
llama_gqa,32,8,128,1,512,64,47,16,0,head_major_block_first,head_major,block_first,0.148115,4.31408216208,0,0,true
llama_gqa,32,8,128,1,512,64,47,16,1,block_major_head_first,block_major,head_first,0.150829,4.31408216208,0,0,true
llama_gqa,32,8,128,1,512,64,47,16,2,block_major_block_first,block_major,block_first,0.150738,4.31408216208,0,0,true
llama_gqa,32,8,128,1,512,64,47,16,3,head_major_head_first,head_major,head_first,0.149277,4.31408216208,0,0,true
llama_gqa,32,8,128,1,512,64,47,17,0,head_major_block_first,head_major,block_first,0.147984,4.31408216208,0,0,true
llama_gqa,32,8,128,1,512,64,47,17,1,block_major_block_first,block_major,block_first,0.15108,4.31408216208,0,0,true
llama_gqa,32,8,128,1,512,64,47,17,2,head_major_head_first,head_major,head_first,0.147534,4.31408216208,0,0,true
llama_gqa,32,8,128,1,512,64,47,17,3,block_major_head_first,block_major,head_first,0.151149,4.31408216208,0,0,true
llama_gqa,32,8,128,1,512,64,47,18,0,block_major_block_first,block_major,block_first,0.150909,4.31408216208,0,0,true
llama_gqa,32,8,128,1,512,64,47,18,1,head_major_head_first,head_major,head_first,0.147253,4.31408216208,0,0,true
llama_gqa,32,8,128,1,512,64,47,18,2,block_major_head_first,block_major,head_first,0.151369,4.31408216208,0,0,true
llama_gqa,32,8,128,1,512,64,47,18,3,head_major_block_first,head_major,block_first,0.148766,4.31408216208,0,0,true
llama_gqa,32,8,128,1,512,64,47,19,0,block_major_head_first,block_major,head_first,0.157419,4.31408216208,0,0,true
llama_gqa,32,8,128,1,512,64,47,19,1,head_major_head_first,head_major,head_first,0.147514,4.31408216208,0,0,true
llama_gqa,32,8,128,1,512,64,47,19,2,head_major_block_first,head_major,block_first,0.148495,4.31408216208,0,0,true
llama_gqa,32,8,128,1,512,64,47,19,3,block_major_block_first,block_major,block_first,0.150749,4.31408216208,0,0,true
llama_gqa,32,8,128,1,2048,64,11,0,0,block_major_head_first,block_major,head_first,0.59345,-2.23473054245,0,0,true
llama_gqa,32,8,128,1,2048,64,11,0,1,head_major_head_first,head_major,head_first,0.591117,-2.23473054245,0,0,true
llama_gqa,32,8,128,1,2048,64,11,0,2,head_major_block_first,head_major,block_first,0.588152,-2.23473054245,0,0,true
llama_gqa,32,8,128,1,2048,64,11,0,3,block_major_block_first,block_major,block_first,0.659831,-2.23473054245,0,0,true
llama_gqa,32,8,128,1,2048,64,11,1,0,block_major_block_first,block_major,block_first,0.585078,-2.23473054245,0,0,true
llama_gqa,32,8,128,1,2048,64,11,1,1,head_major_block_first,head_major,block_first,0.59983,-2.23473054245,0,0,true
llama_gqa,32,8,128,1,2048,64,11,1,2,head_major_head_first,head_major,head_first,0.587491,-2.23473054245,0,0,true
llama_gqa,32,8,128,1,2048,64,11,1,3,block_major_head_first,block_major,head_first,0.602153,-2.23473054245,0,0,true
llama_gqa,32,8,128,1,2048,64,11,2,0,head_major_head_first,head_major,head_first,0.587771,-2.23473054245,0,0,true
llama_gqa,32,8,128,1,2048,64,11,2,1,head_major_block_first,head_major,block_first,0.595142,-2.23473054245,0,0,true
llama_gqa,32,8,128,1,2048,64,11,2,2,block_major_head_first,block_major,head_first,0.602073,-2.23473054245,0,0,true
llama_gqa,32,8,128,1,2048,64,11,2,3,block_major_block_first,block_major,block_first,0.5866,-2.23473054245,0,0,true
llama_gqa,32,8,128,1,2048,64,11,3,0,head_major_block_first,head_major,block_first,0.599169,-2.23473054245,0,0,true
llama_gqa,32,8,128,1,2048,64,11,3,1,block_major_head_first,block_major,head_first,0.598758,-2.23473054245,0,0,true
llama_gqa,32,8,128,1,2048,64,11,3,2,block_major_block_first,block_major,block_first,0.585649,-2.23473054245,0,0,true
llama_gqa,32,8,128,1,2048,64,11,3,3,head_major_head_first,head_major,head_first,0.592248,-2.23473054245,0,0,true
llama_gqa,32,8,128,1,2048,64,11,4,0,head_major_block_first,head_major,block_first,0.594202,-2.23473054245,0,0,true
llama_gqa,32,8,128,1,2048,64,11,4,1,block_major_head_first,block_major,head_first,0.600171,-2.23473054245,0,0,true
llama_gqa,32,8,128,1,2048,64,11,4,2,head_major_head_first,head_major,head_first,0.590276,-2.23473054245,0,0,true
llama_gqa,32,8,128,1,2048,64,11,4,3,block_major_block_first,block_major,block_first,0.588443,-2.23473054245,0,0,true
llama_gqa,32,8,128,1,2048,64,11,5,0,head_major_head_first,head_major,head_first,0.590145,-2.23473054245,0,0,true
llama_gqa,32,8,128,1,2048,64,11,5,1,block_major_head_first,block_major,head_first,0.598048,-2.23473054245,0,0,true
llama_gqa,32,8,128,1,2048,64,11,5,2,head_major_block_first,head_major,block_first,0.594502,-2.23473054245,0,0,true
llama_gqa,32,8,128,1,2048,64,11,5,3,block_major_block_first,block_major,block_first,0.592779,-2.23473054245,0,0,true
llama_gqa,32,8,128,1,2048,64,11,6,0,block_major_block_first,block_major,block_first,0.585027,-2.23473054245,0,0,true
llama_gqa,32,8,128,1,2048,64,11,6,1,head_major_head_first,head_major,head_first,0.591858,-2.23473054245,0,0,true
llama_gqa,32,8,128,1,2048,64,11,6,2,head_major_block_first,head_major,block_first,0.590416,-2.23473054245,0,0,true
llama_gqa,32,8,128,1,2048,64,11,6,3,block_major_head_first,block_major,head_first,0.601633,-2.23473054245,0,0,true
llama_gqa,32,8,128,1,2048,64,11,7,0,head_major_block_first,head_major,block_first,0.595093,-2.23473054245,0,0,true
llama_gqa,32,8,128,1,2048,64,11,7,1,block_major_head_first,block_major,head_first,0.60655,-2.23473054245,0,0,true
llama_gqa,32,8,128,1,2048,64,11,7,2,head_major_head_first,head_major,head_first,0.590496,-2.23473054245,0,0,true
llama_gqa,32,8,128,1,2048,64,11,7,3,block_major_block_first,block_major,block_first,0.588462,-2.23473054245,0,0,true
llama_gqa,32,8,128,1,2048,64,11,8,0,block_major_head_first,block_major,head_first,0.59277,-2.23473054245,0,0,true
llama_gqa,32,8,128,1,2048,64,11,8,1,block_major_block_first,block_major,block_first,0.585138,-2.23473054245,0,0,true
llama_gqa,32,8,128,1,2048,64,11,8,2,head_major_block_first,head_major,block_first,0.59978,-2.23473054245,0,0,true
llama_gqa,32,8,128,1,2048,64,11,8,3,head_major_head_first,head_major,head_first,0.587972,-2.23473054245,0,0,true
llama_gqa,32,8,128,1,2048,64,11,9,0,block_major_head_first,block_major,head_first,0.607261,-2.23473054245,0,0,true
llama_gqa,32,8,128,1,2048,64,11,9,1,head_major_head_first,head_major,head_first,0.591707,-2.23473054245,0,0,true
llama_gqa,32,8,128,1,2048,64,11,9,2,block_major_block_first,block_major,block_first,0.58716,-2.23473054245,0,0,true
llama_gqa,32,8,128,1,2048,64,11,9,3,head_major_block_first,head_major,block_first,0.596014,-2.23473054245,0,0,true
llama_gqa,32,8,128,1,2048,64,11,10,0,block_major_block_first,block_major,block_first,0.587642,-2.23473054245,0,0,true
llama_gqa,32,8,128,1,2048,64,11,10,1,block_major_head_first,block_major,head_first,0.592669,-2.23473054245,0,0,true
llama_gqa,32,8,128,1,2048,64,11,10,2,head_major_block_first,head_major,block_first,0.597096,-2.23473054245,0,0,true
llama_gqa,32,8,128,1,2048,64,11,10,3,head_major_head_first,head_major,head_first,0.596114,-2.23473054245,0,0,true
llama_gqa,32,8,128,1,2048,64,11,11,0,block_major_head_first,block_major,head_first,0.602484,-2.23473054245,0,0,true
llama_gqa,32,8,128,1,2048,64,11,11,1,block_major_block_first,block_major,block_first,0.584948,-2.23473054245,0,0,true
llama_gqa,32,8,128,1,2048,64,11,11,2,head_major_head_first,head_major,head_first,0.591618,-2.23473054245,0,0,true
llama_gqa,32,8,128,1,2048,64,11,11,3,head_major_block_first,head_major,block_first,0.590776,-2.23473054245,0,0,true
llama_gqa,32,8,128,1,2048,64,11,12,0,block_major_head_first,block_major,head_first,0.602304,-2.23473054245,0,0,true
llama_gqa,32,8,128,1,2048,64,11,12,1,head_major_head_first,head_major,head_first,0.598217,-2.23473054245,0,0,true
llama_gqa,32,8,128,1,2048,64,11,12,2,block_major_block_first,block_major,block_first,0.588443,-2.23473054245,0,0,true
llama_gqa,32,8,128,1,2048,64,11,12,3,head_major_block_first,head_major,block_first,0.594903,-2.23473054245,0,0,true
llama_gqa,32,8,128,1,2048,64,11,13,0,head_major_head_first,head_major,head_first,0.58675,-2.23473054245,0,0,true
llama_gqa,32,8,128,1,2048,64,11,13,1,block_major_block_first,block_major,block_first,0.590145,-2.23473054245,0,0,true
llama_gqa,32,8,128,1,2048,64,11,13,2,head_major_block_first,head_major,block_first,0.594182,-2.23473054245,0,0,true
llama_gqa,32,8,128,1,2048,64,11,13,3,block_major_head_first,block_major,head_first,0.59972,-2.23473054245,0,0,true
llama_gqa,32,8,128,1,2048,64,11,14,0,block_major_block_first,block_major,block_first,0.59277,-2.23473054245,0,0,true
llama_gqa,32,8,128,1,2048,64,11,14,1,block_major_head_first,block_major,head_first,0.591677,-2.23473054245,0,0,true
llama_gqa,32,8,128,1,2048,64,11,14,2,head_major_block_first,head_major,block_first,0.597466,-2.23473054245,0,0,true
llama_gqa,32,8,128,1,2048,64,11,14,3,head_major_head_first,head_major,head_first,0.58678,-2.23473054245,0,0,true
llama_gqa,32,8,128,1,2048,64,11,15,0,head_major_block_first,head_major,block_first,0.590256,-2.23473054245,0,0,true
llama_gqa,32,8,128,1,2048,64,11,15,1,block_major_head_first,block_major,head_first,0.603185,-2.23473054245,0,0,true
llama_gqa,32,8,128,1,2048,64,11,15,2,head_major_head_first,head_major,head_first,0.589394,-2.23473054245,0,0,true
llama_gqa,32,8,128,1,2048,64,11,15,3,block_major_block_first,block_major,block_first,0.596055,-2.23473054245,0,0,true
llama_gqa,32,8,128,1,2048,64,11,16,0,head_major_block_first,head_major,block_first,0.594391,-2.23473054245,0,0,true
llama_gqa,32,8,128,1,2048,64,11,16,1,block_major_head_first,block_major,head_first,0.601762,-2.23473054245,0,0,true
llama_gqa,32,8,128,1,2048,64,11,16,2,block_major_block_first,block_major,block_first,0.585758,-2.23473054245,0,0,true
llama_gqa,32,8,128,1,2048,64,11,16,3,head_major_head_first,head_major,head_first,0.591387,-2.23473054245,0,0,true
llama_gqa,32,8,128,1,2048,64,11,17,0,head_major_head_first,head_major,head_first,0.58659,-2.23473054245,0,0,true
llama_gqa,32,8,128,1,2048,64,11,17,1,block_major_block_first,block_major,block_first,0.598187,-2.23473054245,0,0,true
llama_gqa,32,8,128,1,2048,64,11,17,2,block_major_head_first,block_major,head_first,0.592199,-2.23473054245,0,0,true
llama_gqa,32,8,128,1,2048,64,11,17,3,head_major_block_first,head_major,block_first,0.598177,-2.23473054245,0,0,true
llama_gqa,32,8,128,1,2048,64,11,18,0,block_major_block_first,block_major,block_first,0.586871,-2.23473054245,0,0,true
llama_gqa,32,8,128,1,2048,64,11,18,1,head_major_block_first,head_major,block_first,0.593801,-2.23473054245,0,0,true
llama_gqa,32,8,128,1,2048,64,11,18,2,block_major_head_first,block_major,head_first,0.597266,-2.23473054245,0,0,true
llama_gqa,32,8,128,1,2048,64,11,18,3,head_major_head_first,head_major,head_first,0.589584,-2.23473054245,0,0,true
llama_gqa,32,8,128,1,2048,64,11,19,0,block_major_head_first,block_major,head_first,0.605328,-2.23473054245,0,0,true
llama_gqa,32,8,128,1,2048,64,11,19,1,head_major_head_first,head_major,head_first,0.589264,-2.23473054245,0,0,true
llama_gqa,32,8,128,1,2048,64,11,19,2,block_major_block_first,block_major,block_first,0.588253,-2.23473054245,0,0,true
llama_gqa,32,8,128,1,2048,64,11,19,3,head_major_block_first,head_major,block_first,0.597586,-2.23473054245,0,0,true
llama_gqa,32,8,128,1,2048,64,29,0,0,block_major_head_first,block_major,head_first,0.591567,6.68970025239,0,0,true
llama_gqa,32,8,128,1,2048,64,29,0,1,head_major_head_first,head_major,head_first,0.597677,6.68970025239,0,0,true
llama_gqa,32,8,128,1,2048,64,29,0,2,head_major_block_first,head_major,block_first,0.589324,6.68970025239,0,0,true
llama_gqa,32,8,128,1,2048,64,29,0,3,block_major_block_first,block_major,block_first,0.590376,6.68970025239,0,0,true
llama_gqa,32,8,128,1,2048,64,29,1,0,head_major_block_first,head_major,block_first,0.593561,6.68970025239,0,0,true
llama_gqa,32,8,128,1,2048,64,29,1,1,block_major_head_first,block_major,head_first,0.598938,6.68970025239,0,0,true
llama_gqa,32,8,128,1,2048,64,29,1,2,head_major_head_first,head_major,head_first,0.588943,6.68970025239,0,0,true
llama_gqa,32,8,128,1,2048,64,29,1,3,block_major_block_first,block_major,block_first,0.595123,6.68970025239,0,0,true
llama_gqa,32,8,128,1,2048,64,29,2,0,block_major_block_first,block_major,block_first,0.58614,6.68970025239,0,0,true
llama_gqa,32,8,128,1,2048,64,29,2,1,head_major_block_first,head_major,block_first,0.597226,6.68970025239,0,0,true
llama_gqa,32,8,128,1,2048,64,29,2,2,block_major_head_first,block_major,head_first,0.596435,6.68970025239,0,0,true
llama_gqa,32,8,128,1,2048,64,29,2,3,head_major_head_first,head_major,head_first,0.588693,6.68970025239,0,0,true
llama_gqa,32,8,128,1,2048,64,29,3,0,head_major_head_first,head_major,head_first,0.588483,6.68970025239,0,0,true
llama_gqa,32,8,128,1,2048,64,29,3,1,head_major_block_first,head_major,block_first,0.58687,6.68970025239,0,0,true
llama_gqa,32,8,128,1,2048,64,29,3,2,block_major_head_first,block_major,head_first,0.608223,6.68970025239,0,0,true
llama_gqa,32,8,128,1,2048,64,29,3,3,block_major_block_first,block_major,block_first,0.586499,6.68970025239,0,0,true
llama_gqa,32,8,128,1,2048,64,29,4,0,head_major_head_first,head_major,head_first,0.592048,6.68970025239,0,0,true
llama_gqa,32,8,128,1,2048,64,29,4,1,head_major_block_first,head_major,block_first,0.590196,6.68970025239,0,0,true
llama_gqa,32,8,128,1,2048,64,29,4,2,block_major_head_first,block_major,head_first,0.599119,6.68970025239,0,0,true
llama_gqa,32,8,128,1,2048,64,29,4,3,block_major_block_first,block_major,block_first,0.584938,6.68970025239,0,0,true
llama_gqa,32,8,128,1,2048,64,29,5,0,block_major_block_first,block_major,block_first,0.584496,6.68970025239,0,0,true
llama_gqa,32,8,128,1,2048,64,29,5,1,head_major_head_first,head_major,head_first,0.597467,6.68970025239,0,0,true
llama_gqa,32,8,128,1,2048,64,29,5,2,block_major_head_first,block_major,head_first,0.597917,6.68970025239,0,0,true
llama_gqa,32,8,128,1,2048,64,29,5,3,head_major_block_first,head_major,block_first,0.594803,6.68970025239,0,0,true
llama_gqa,32,8,128,1,2048,64,29,6,0,head_major_block_first,head_major,block_first,0.588032,6.68970025239,0,0,true
llama_gqa,32,8,128,1,2048,64,29,6,1,block_major_block_first,block_major,block_first,0.588733,6.68970025239,0,0,true
llama_gqa,32,8,128,1,2048,64,29,6,2,head_major_head_first,head_major,head_first,0.588543,6.68970025239,0,0,true
llama_gqa,32,8,128,1,2048,64,29,6,3,block_major_head_first,block_major,head_first,0.604467,6.68970025239,0,0,true
llama_gqa,32,8,128,1,2048,64,29,7,0,block_major_block_first,block_major,block_first,0.584797,6.68970025239,0,0,true
llama_gqa,32,8,128,1,2048,64,29,7,1,head_major_head_first,head_major,head_first,0.590566,6.68970025239,0,0,true
llama_gqa,32,8,128,1,2048,64,29,7,2,head_major_block_first,head_major,block_first,0.590907,6.68970025239,0,0,true
llama_gqa,32,8,128,1,2048,64,29,7,3,block_major_head_first,block_major,head_first,0.59947,6.68970025239,0,0,true
llama_gqa,32,8,128,1,2048,64,29,8,0,block_major_block_first,block_major,block_first,0.585949,6.68970025239,0,0,true
llama_gqa,32,8,128,1,2048,64,29,8,1,head_major_head_first,head_major,head_first,0.591728,6.68970025239,0,0,true
llama_gqa,32,8,128,1,2048,64,29,8,2,head_major_block_first,head_major,block_first,0.598919,6.68970025239,0,0,true
llama_gqa,32,8,128,1,2048,64,29,8,3,block_major_head_first,block_major,head_first,0.597817,6.68970025239,0,0,true
llama_gqa,32,8,128,1,2048,64,29,9,0,block_major_block_first,block_major,block_first,0.585839,6.68970025239,0,0,true
llama_gqa,32,8,128,1,2048,64,29,9,1,block_major_head_first,block_major,head_first,0.590335,6.68970025239,0,0,true
llama_gqa,32,8,128,1,2048,64,29,9,2,head_major_block_first,head_major,block_first,0.598979,6.68970025239,0,0,true
llama_gqa,32,8,128,1,2048,64,29,9,3,head_major_head_first,head_major,head_first,0.587822,6.68970025239,0,0,true
llama_gqa,32,8,128,1,2048,64,29,10,0,block_major_head_first,block_major,head_first,0.596675,6.68970025239,0,0,true
llama_gqa,32,8,128,1,2048,64,29,10,1,block_major_block_first,block_major,block_first,0.688755,6.68970025239,0,0,true
llama_gqa,32,8,128,1,2048,64,29,10,2,head_major_block_first,head_major,block_first,0.596856,6.68970025239,0,0,true
llama_gqa,32,8,128,1,2048,64,29,10,3,head_major_head_first,head_major,head_first,0.587411,6.68970025239,0,0,true
llama_gqa,32,8,128,1,2048,64,29,11,0,head_major_block_first,head_major,block_first,0.588373,6.68970025239,0,0,true
llama_gqa,32,8,128,1,2048,64,29,11,1,head_major_head_first,head_major,head_first,0.586179,6.68970025239,0,0,true
llama_gqa,32,8,128,1,2048,64,29,11,2,block_major_head_first,block_major,head_first,0.601673,6.68970025239,0,0,true
llama_gqa,32,8,128,1,2048,64,29,11,3,block_major_block_first,block_major,block_first,0.592899,6.68970025239,0,0,true
llama_gqa,32,8,128,1,2048,64,29,12,0,block_major_block_first,block_major,block_first,0.584347,6.68970025239,0,0,true
llama_gqa,32,8,128,1,2048,64,29,12,1,head_major_block_first,head_major,block_first,0.598888,6.68970025239,0,0,true
llama_gqa,32,8,128,1,2048,64,29,12,2,block_major_head_first,block_major,head_first,0.597086,6.68970025239,0,0,true
llama_gqa,32,8,128,1,2048,64,29,12,3,head_major_head_first,head_major,head_first,0.588863,6.68970025239,0,0,true
llama_gqa,32,8,128,1,2048,64,29,13,0,head_major_head_first,head_major,head_first,0.587711,6.68970025239,0,0,true
llama_gqa,32,8,128,1,2048,64,29,13,1,block_major_block_first,block_major,block_first,0.589214,6.68970025239,0,0,true
llama_gqa,32,8,128,1,2048,64,29,13,2,head_major_block_first,head_major,block_first,0.607772,6.68970025239,0,0,true
llama_gqa,32,8,128,1,2048,64,29,13,3,block_major_head_first,block_major,head_first,0.598158,6.68970025239,0,0,true
llama_gqa,32,8,128,1,2048,64,29,14,0,head_major_block_first,head_major,block_first,0.596835,6.68970025239,0,0,true
llama_gqa,32,8,128,1,2048,64,29,14,1,block_major_head_first,block_major,head_first,0.595293,6.68970025239,0,0,true
llama_gqa,32,8,128,1,2048,64,29,14,2,head_major_head_first,head_major,head_first,0.589605,6.68970025239,0,0,true
llama_gqa,32,8,128,1,2048,64,29,14,3,block_major_block_first,block_major,block_first,0.587751,6.68970025239,0,0,true
llama_gqa,32,8,128,1,2048,64,29,15,0,head_major_block_first,head_major,block_first,0.601282,6.68970025239,0,0,true
llama_gqa,32,8,128,1,2048,64,29,15,1,block_major_head_first,block_major,head_first,0.598849,6.68970025239,0,0,true
llama_gqa,32,8,128,1,2048,64,29,15,2,head_major_head_first,head_major,head_first,0.588042,6.68970025239,0,0,true
llama_gqa,32,8,128,1,2048,64,29,15,3,block_major_block_first,block_major,block_first,0.587802,6.68970025239,0,0,true
llama_gqa,32,8,128,1,2048,64,29,16,0,head_major_head_first,head_major,head_first,0.587411,6.68970025239,0,0,true
llama_gqa,32,8,128,1,2048,64,29,16,1,head_major_block_first,head_major,block_first,0.588543,6.68970025239,0,0,true
llama_gqa,32,8,128,1,2048,64,29,16,2,block_major_head_first,block_major,head_first,0.599048,6.68970025239,0,0,true
llama_gqa,32,8,128,1,2048,64,29,16,3,block_major_block_first,block_major,block_first,0.595143,6.68970025239,0,0,true
llama_gqa,32,8,128,1,2048,64,29,17,0,head_major_block_first,head_major,block_first,0.597717,6.68970025239,0,0,true
llama_gqa,32,8,128,1,2048,64,29,17,1,block_major_head_first,block_major,head_first,0.597887,6.68970025239,0,0,true
llama_gqa,32,8,128,1,2048,64,29,17,2,block_major_block_first,block_major,block_first,0.584136,6.68970025239,0,0,true
llama_gqa,32,8,128,1,2048,64,29,17,3,head_major_head_first,head_major,head_first,0.590906,6.68970025239,0,0,true
llama_gqa,32,8,128,1,2048,64,29,18,0,block_major_head_first,block_major,head_first,0.597717,6.68970025239,0,0,true
llama_gqa,32,8,128,1,2048,64,29,18,1,block_major_block_first,block_major,block_first,0.585719,6.68970025239,0,0,true
llama_gqa,32,8,128,1,2048,64,29,18,2,head_major_block_first,head_major,block_first,0.602614,6.68970025239,0,0,true
llama_gqa,32,8,128,1,2048,64,29,18,3,head_major_head_first,head_major,head_first,0.587111,6.68970025239,0,0,true
llama_gqa,32,8,128,1,2048,64,29,19,0,block_major_head_first,block_major,head_first,0.600782,6.68970025239,0,0,true
llama_gqa,32,8,128,1,2048,64,29,19,1,head_major_head_first,head_major,head_first,0.587892,6.68970025239,0,0,true
llama_gqa,32,8,128,1,2048,64,29,19,2,head_major_block_first,head_major,block_first,0.589885,6.68970025239,0,0,true
llama_gqa,32,8,128,1,2048,64,29,19,3,block_major_block_first,block_major,block_first,0.590396,6.68970025239,0,0,true
llama_gqa,32,8,128,1,2048,64,47,0,0,head_major_head_first,head_major,head_first,0.58696,3.03768900127,0,0,true
llama_gqa,32,8,128,1,2048,64,47,0,1,head_major_block_first,head_major,block_first,0.58725,3.03768900127,0,0,true
llama_gqa,32,8,128,1,2048,64,47,0,2,block_major_head_first,block_major,head_first,0.601212,3.03768900127,0,0,true
llama_gqa,32,8,128,1,2048,64,47,0,3,block_major_block_first,block_major,block_first,0.58662,3.03768900127,0,0,true
llama_gqa,32,8,128,1,2048,64,47,1,0,block_major_block_first,block_major,block_first,0.583795,3.03768900127,0,0,true
llama_gqa,32,8,128,1,2048,64,47,1,1,block_major_head_first,block_major,head_first,0.595203,3.03768900127,0,0,true
llama_gqa,32,8,128,1,2048,64,47,1,2,head_major_block_first,head_major,block_first,0.59981,3.03768900127,0,0,true
llama_gqa,32,8,128,1,2048,64,47,1,3,head_major_head_first,head_major,head_first,0.58663,3.03768900127,0,0,true
llama_gqa,32,8,128,1,2048,64,47,2,0,block_major_block_first,block_major,block_first,0.589465,3.03768900127,0,0,true
llama_gqa,32,8,128,1,2048,64,47,2,1,head_major_head_first,head_major,head_first,0.588272,3.03768900127,0,0,true
llama_gqa,32,8,128,1,2048,64,47,2,2,block_major_head_first,block_major,head_first,0.597567,3.03768900127,0,0,true
llama_gqa,32,8,128,1,2048,64,47,2,3,head_major_block_first,head_major,block_first,0.595273,3.03768900127,0,0,true
llama_gqa,32,8,128,1,2048,64,47,3,0,head_major_head_first,head_major,head_first,0.592018,3.03768900127,0,0,true
llama_gqa,32,8,128,1,2048,64,47,3,1,block_major_head_first,block_major,head_first,0.59961,3.03768900127,0,0,true
llama_gqa,32,8,128,1,2048,64,47,3,2,head_major_block_first,head_major,block_first,0.594582,3.03768900127,0,0,true
llama_gqa,32,8,128,1,2048,64,47,3,3,block_major_block_first,block_major,block_first,0.587411,3.03768900127,0,0,true
llama_gqa,32,8,128,1,2048,64,47,4,0,head_major_head_first,head_major,head_first,0.590797,3.03768900127,0,0,true
llama_gqa,32,8,128,1,2048,64,47,4,1,head_major_block_first,head_major,block_first,0.588012,3.03768900127,0,0,true
llama_gqa,32,8,128,1,2048,64,47,4,2,block_major_head_first,block_major,head_first,0.603646,3.03768900127,0,0,true
llama_gqa,32,8,128,1,2048,64,47,4,3,block_major_block_first,block_major,block_first,0.585799,3.03768900127,0,0,true
llama_gqa,32,8,128,1,2048,64,47,5,0,block_major_head_first,block_major,head_first,0.589885,3.03768900127,0,0,true
llama_gqa,32,8,128,1,2048,64,47,5,1,block_major_block_first,block_major,block_first,0.584056,3.03768900127,0,0,true
llama_gqa,32,8,128,1,2048,64,47,5,2,head_major_block_first,head_major,block_first,0.599429,3.03768900127,0,0,true
llama_gqa,32,8,128,1,2048,64,47,5,3,head_major_head_first,head_major,head_first,0.588352,3.03768900127,0,0,true
llama_gqa,32,8,128,1,2048,64,47,6,0,head_major_block_first,head_major,block_first,0.588022,3.03768900127,0,0,true
llama_gqa,32,8,128,1,2048,64,47,6,1,block_major_head_first,block_major,head_first,0.609905,3.03768900127,0,0,true
llama_gqa,32,8,128,1,2048,64,47,6,2,block_major_block_first,block_major,block_first,0.58665,3.03768900127,0,0,true
llama_gqa,32,8,128,1,2048,64,47,6,3,head_major_head_first,head_major,head_first,0.590777,3.03768900127,0,0,true
llama_gqa,32,8,128,1,2048,64,47,7,0,block_major_head_first,block_major,head_first,0.597797,3.03768900127,0,0,true
llama_gqa,32,8,128,1,2048,64,47,7,1,block_major_block_first,block_major,block_first,0.584988,3.03768900127,0,0,true
llama_gqa,32,8,128,1,2048,64,47,7,2,head_major_head_first,head_major,head_first,0.590295,3.03768900127,0,0,true
llama_gqa,32,8,128,1,2048,64,47,7,3,head_major_block_first,head_major,block_first,0.589545,3.03768900127,0,0,true
llama_gqa,32,8,128,1,2048,64,47,8,0,block_major_block_first,block_major,block_first,0.597977,3.03768900127,0,0,true
llama_gqa,32,8,128,1,2048,64,47,8,1,block_major_head_first,block_major,head_first,0.598979,3.03768900127,0,0,true
llama_gqa,32,8,128,1,2048,64,47,8,2,head_major_block_first,head_major,block_first,0.599139,3.03768900127,0,0,true
llama_gqa,32,8,128,1,2048,64,47,8,3,head_major_head_first,head_major,head_first,0.587862,3.03768900127,0,0,true
llama_gqa,32,8,128,1,2048,64,47,9,0,head_major_block_first,head_major,block_first,0.588302,3.03768900127,0,0,true
llama_gqa,32,8,128,1,2048,64,47,9,1,head_major_head_first,head_major,head_first,0.586229,3.03768900127,0,0,true
llama_gqa,32,8,128,1,2048,64,47,9,2,block_major_block_first,block_major,block_first,0.602003,3.03768900127,0,0,true
llama_gqa,32,8,128,1,2048,64,47,9,3,block_major_head_first,block_major,head_first,0.592008,3.03768900127,0,0,true
llama_gqa,32,8,128,1,2048,64,47,10,0,head_major_block_first,head_major,block_first,0.597676,3.03768900127,0,0,true
llama_gqa,32,8,128,1,2048,64,47,10,1,block_major_block_first,block_major,block_first,0.587191,3.03768900127,0,0,true
llama_gqa,32,8,128,1,2048,64,47,10,2,block_major_head_first,block_major,head_first,0.591097,3.03768900127,0,0,true
llama_gqa,32,8,128,1,2048,64,47,10,3,head_major_head_first,head_major,head_first,0.589985,3.03768900127,0,0,true
llama_gqa,32,8,128,1,2048,64,47,11,0,block_major_head_first,block_major,head_first,0.597186,3.03768900127,0,0,true
llama_gqa,32,8,128,1,2048,64,47,11,1,head_major_head_first,head_major,head_first,0.600151,3.03768900127,0,0,true
llama_gqa,32,8,128,1,2048,64,47,11,2,block_major_block_first,block_major,block_first,0.587792,3.03768900127,0,0,true
llama_gqa,32,8,128,1,2048,64,47,11,3,head_major_block_first,head_major,block_first,0.596034,3.03768900127,0,0,true
llama_gqa,32,8,128,1,2048,64,47,12,0,head_major_head_first,head_major,head_first,0.588963,3.03768900127,0,0,true
llama_gqa,32,8,128,1,2048,64,47,12,1,head_major_block_first,head_major,block_first,0.588714,3.03768900127,0,0,true
llama_gqa,32,8,128,1,2048,64,47,12,2,block_major_head_first,block_major,head_first,0.601542,3.03768900127,0,0,true
llama_gqa,32,8,128,1,2048,64,47,12,3,block_major_block_first,block_major,block_first,0.585699,3.03768900127,0,0,true
llama_gqa,32,8,128,1,2048,64,47,13,0,head_major_head_first,head_major,head_first,0.622535,3.03768900127,0,0,true
llama_gqa,32,8,128,1,2048,64,47,13,1,block_major_head_first,block_major,head_first,0.597847,3.03768900127,0,0,true
llama_gqa,32,8,128,1,2048,64,47,13,2,head_major_block_first,head_major,block_first,0.595794,3.03768900127,0,0,true
llama_gqa,32,8,128,1,2048,64,47,13,3,block_major_block_first,block_major,block_first,0.58658,3.03768900127,0,0,true
llama_gqa,32,8,128,1,2048,64,47,14,0,block_major_block_first,block_major,block_first,0.583405,3.03768900127,0,0,true
llama_gqa,32,8,128,1,2048,64,47,14,1,head_major_head_first,head_major,head_first,0.590546,3.03768900127,0,0,true
llama_gqa,32,8,128,1,2048,64,47,14,2,head_major_block_first,head_major,block_first,0.595543,3.03768900127,0,0,true
llama_gqa,32,8,128,1,2048,64,47,14,3,block_major_head_first,block_major,head_first,0.599159,3.03768900127,0,0,true
llama_gqa,32,8,128,1,2048,64,47,15,0,block_major_head_first,block_major,head_first,0.590807,3.03768900127,0,0,true
llama_gqa,32,8,128,1,2048,64,47,15,1,head_major_block_first,head_major,block_first,0.595924,3.03768900127,0,0,true
llama_gqa,32,8,128,1,2048,64,47,15,2,block_major_block_first,block_major,block_first,0.58648,3.03768900127,0,0,true
llama_gqa,32,8,128,1,2048,64,47,15,3,head_major_head_first,head_major,head_first,0.589113,3.03768900127,0,0,true
llama_gqa,32,8,128,1,2048,64,47,16,0,block_major_block_first,block_major,block_first,0.587101,3.03768900127,0,0,true
llama_gqa,32,8,128,1,2048,64,47,16,1,head_major_head_first,head_major,head_first,0.596224,3.03768900127,0,0,true
llama_gqa,32,8,128,1,2048,64,47,16,2,block_major_head_first,block_major,head_first,0.598408,3.03768900127,0,0,true
llama_gqa,32,8,128,1,2048,64,47,16,3,head_major_block_first,head_major,block_first,0.595273,3.03768900127,0,0,true
llama_gqa,32,8,128,1,2048,64,47,17,0,block_major_head_first,block_major,head_first,0.596144,3.03768900127,0,0,true
llama_gqa,32,8,128,1,2048,64,47,17,1,head_major_block_first,head_major,block_first,0.594412,3.03768900127,0,0,true
llama_gqa,32,8,128,1,2048,64,47,17,2,head_major_head_first,head_major,head_first,0.588012,3.03768900127,0,0,true
llama_gqa,32,8,128,1,2048,64,47,17,3,block_major_block_first,block_major,block_first,0.587922,3.03768900127,0,0,true
llama_gqa,32,8,128,1,2048,64,47,18,0,head_major_block_first,head_major,block_first,0.604427,3.03768900127,0,0,true
llama_gqa,32,8,128,1,2048,64,47,18,1,block_major_head_first,block_major,head_first,0.597807,3.03768900127,0,0,true
llama_gqa,32,8,128,1,2048,64,47,18,2,block_major_block_first,block_major,block_first,0.585138,3.03768900127,0,0,true
llama_gqa,32,8,128,1,2048,64,47,18,3,head_major_head_first,head_major,head_first,0.591998,3.03768900127,0,0,true
llama_gqa,32,8,128,1,2048,64,47,19,0,block_major_head_first,block_major,head_first,0.598258,3.03768900127,0,0,true
llama_gqa,32,8,128,1,2048,64,47,19,1,head_major_block_first,head_major,block_first,0.594682,3.03768900127,0,0,true
llama_gqa,32,8,128,1,2048,64,47,19,2,head_major_head_first,head_major,head_first,0.59312,3.03768900127,0,0,true
llama_gqa,32,8,128,1,2048,64,47,19,3,block_major_block_first,block_major,block_first,0.589624,3.03768900127,0,0,true
llama_gqa,32,8,128,1,8192,64,11,0,0,head_major_block_first,head_major,block_first,2.898787,-0.359992591274,0,0,true
llama_gqa,32,8,128,1,8192,64,11,0,1,block_major_head_first,block_major,head_first,2.880099,-0.359992591274,0,0,true
llama_gqa,32,8,128,1,8192,64,11,0,2,block_major_block_first,block_major,block_first,2.725845,-0.359992591274,0,0,true
llama_gqa,32,8,128,1,8192,64,11,0,3,head_major_head_first,head_major,head_first,2.810053,-0.359992591274,0,0,true
llama_gqa,32,8,128,1,8192,64,11,1,0,head_major_block_first,head_major,block_first,2.786377,-0.359992591274,0,0,true
llama_gqa,32,8,128,1,8192,64,11,1,1,head_major_head_first,head_major,head_first,2.666155,-0.359992591274,0,0,true
llama_gqa,32,8,128,1,8192,64,11,1,2,block_major_head_first,block_major,head_first,2.965219,-0.359992591274,0,0,true
llama_gqa,32,8,128,1,8192,64,11,1,3,block_major_block_first,block_major,block_first,2.698704,-0.359992591274,0,0,true
llama_gqa,32,8,128,1,8192,64,11,2,0,block_major_head_first,block_major,head_first,2.69632,-0.359992591274,0,0,true
llama_gqa,32,8,128,1,8192,64,11,2,1,block_major_block_first,block_major,block_first,2.593825,-0.359992591274,0,0,true
llama_gqa,32,8,128,1,8192,64,11,2,2,head_major_head_first,head_major,head_first,2.8668,-0.359992591274,0,0,true
llama_gqa,32,8,128,1,8192,64,11,2,3,head_major_block_first,head_major,block_first,2.672094,-0.359992591274,0,0,true
llama_gqa,32,8,128,1,8192,64,11,3,0,block_major_block_first,block_major,block_first,2.888842,-0.359992591274,0,0,true
llama_gqa,32,8,128,1,8192,64,11,3,1,block_major_head_first,block_major,head_first,2.805657,-0.359992591274,0,0,true
llama_gqa,32,8,128,1,8192,64,11,3,2,head_major_block_first,head_major,block_first,2.816152,-0.359992591274,0,0,true
llama_gqa,32,8,128,1,8192,64,11,3,3,head_major_head_first,head_major,head_first,2.743673,-0.359992591274,0,0,true
llama_gqa,32,8,128,1,8192,64,11,4,0,head_major_head_first,head_major,head_first,2.722861,-0.359992591274,0,0,true
llama_gqa,32,8,128,1,8192,64,11,4,1,block_major_head_first,block_major,head_first,2.935733,-0.359992591274,0,0,true
llama_gqa,32,8,128,1,8192,64,11,4,2,block_major_block_first,block_major,block_first,2.696571,-0.359992591274,0,0,true
llama_gqa,32,8,128,1,8192,64,11,4,3,head_major_block_first,head_major,block_first,2.882793,-0.359992591274,0,0,true
llama_gqa,32,8,128,1,8192,64,11,5,0,block_major_block_first,block_major,block_first,2.75562,-0.359992591274,0,0,true
llama_gqa,32,8,128,1,8192,64,11,5,1,head_major_block_first,head_major,block_first,2.729741,-0.359992591274,0,0,true
llama_gqa,32,8,128,1,8192,64,11,5,2,block_major_head_first,block_major,head_first,2.95964,-0.359992591274,0,0,true
llama_gqa,32,8,128,1,8192,64,11,5,3,head_major_head_first,head_major,head_first,2.718194,-0.359992591274,0,0,true
llama_gqa,32,8,128,1,8192,64,11,6,0,head_major_head_first,head_major,head_first,2.673516,-0.359992591274,0,0,true
llama_gqa,32,8,128,1,8192,64,11,6,1,head_major_block_first,head_major,block_first,2.721478,-0.359992591274,0,0,true
llama_gqa,32,8,128,1,8192,64,11,6,2,block_major_head_first,block_major,head_first,2.955794,-0.359992591274,0,0,true
llama_gqa,32,8,128,1,8192,64,11,6,3,block_major_block_first,block_major,block_first,2.734609,-0.359992591274,0,0,true
llama_gqa,32,8,128,1,8192,64,11,7,0,block_major_block_first,block_major,block_first,2.711234,-0.359992591274,0,0,true
llama_gqa,32,8,128,1,8192,64,11,7,1,head_major_block_first,head_major,block_first,2.899809,-0.359992591274,0,0,true
llama_gqa,32,8,128,1,8192,64,11,7,2,block_major_head_first,block_major,head_first,2.941533,-0.359992591274,0,0,true
llama_gqa,32,8,128,1,8192,64,11,7,3,head_major_head_first,head_major,head_first,2.704263,-0.359992591274,0,0,true
llama_gqa,32,8,128,1,8192,64,11,8,0,head_major_block_first,head_major,block_first,2.731394,-0.359992591274,0,0,true
llama_gqa,32,8,128,1,8192,64,11,8,1,head_major_head_first,head_major,head_first,2.676831,-0.359992591274,0,0,true
llama_gqa,32,8,128,1,8192,64,11,8,2,block_major_head_first,block_major,head_first,2.931337,-0.359992591274,0,0,true
llama_gqa,32,8,128,1,8192,64,11,8,3,block_major_block_first,block_major,block_first,2.710141,-0.359992591274,0,0,true
llama_gqa,32,8,128,1,8192,64,11,9,0,head_major_head_first,head_major,head_first,2.793999,-0.359992591274,0,0,true
llama_gqa,32,8,128,1,8192,64,11,9,1,block_major_block_first,block_major,block_first,2.71623,-0.359992591274,0,0,true
llama_gqa,32,8,128,1,8192,64,11,9,2,block_major_head_first,block_major,head_first,2.816383,-0.359992591274,0,0,true
llama_gqa,32,8,128,1,8192,64,11,9,3,head_major_block_first,head_major,block_first,2.804575,-0.359992591274,0,0,true
llama_gqa,32,8,128,1,8192,64,11,10,0,head_major_head_first,head_major,head_first,2.726637,-0.359992591274,0,0,true
llama_gqa,32,8,128,1,8192,64,11,10,1,block_major_block_first,block_major,block_first,2.694448,-0.359992591274,0,0,true
llama_gqa,32,8,128,1,8192,64,11,10,2,block_major_head_first,block_major,head_first,2.892257,-0.359992591274,0,0,true
llama_gqa,32,8,128,1,8192,64,11,10,3,head_major_block_first,head_major,block_first,2.785196,-0.359992591274,0,0,true
llama_gqa,32,8,128,1,8192,64,11,11,0,block_major_head_first,block_major,head_first,2.856353,-0.359992591274,0,0,true
llama_gqa,32,8,128,1,8192,64,11,11,1,block_major_block_first,block_major,block_first,2.700076,-0.359992591274,0,0,true
llama_gqa,32,8,128,1,8192,64,11,11,2,head_major_head_first,head_major,head_first,2.744534,-0.359992591274,0,0,true
llama_gqa,32,8,128,1,8192,64,11,11,3,head_major_block_first,head_major,block_first,2.76815,-0.359992591274,0,0,true
llama_gqa,32,8,128,1,8192,64,11,12,0,block_major_head_first,block_major,head_first,2.889053,-0.359992591274,0,0,true
llama_gqa,32,8,128,1,8192,64,11,12,1,head_major_block_first,head_major,block_first,2.788731,-0.359992591274,0,0,true
llama_gqa,32,8,128,1,8192,64,11,12,2,head_major_head_first,head_major,head_first,2.683822,-0.359992591274,0,0,true
llama_gqa,32,8,128,1,8192,64,11,12,3,block_major_block_first,block_major,block_first,2.724974,-0.359992591274,0,0,true
llama_gqa,32,8,128,1,8192,64,11,13,0,block_major_block_first,block_major,block_first,2.724273,-0.359992591274,0,0,true
llama_gqa,32,8,128,1,8192,64,11,13,1,head_major_head_first,head_major,head_first,2.703021,-0.359992591274,0,0,true
llama_gqa,32,8,128,1,8192,64,11,13,2,block_major_head_first,block_major,head_first,2.889333,-0.359992591274,0,0,true
llama_gqa,32,8,128,1,8192,64,11,13,3,head_major_block_first,head_major,block_first,2.778676,-0.359992591274,0,0,true
llama_gqa,32,8,128,1,8192,64,11,14,0,head_major_block_first,head_major,block_first,2.752776,-0.359992591274,0,0,true
llama_gqa,32,8,128,1,8192,64,11,14,1,head_major_head_first,head_major,head_first,2.667307,-0.359992591274,0,0,true
llama_gqa,32,8,128,1,8192,64,11,14,2,block_major_block_first,block_major,block_first,2.844015,-0.359992591274,0,0,true
llama_gqa,32,8,128,1,8192,64,11,14,3,block_major_head_first,block_major,head_first,2.888702,-0.359992591274,0,0,true
llama_gqa,32,8,128,1,8192,64,11,15,0,head_major_head_first,head_major,head_first,2.714449,-0.359992591274,0,0,true
llama_gqa,32,8,128,1,8192,64,11,15,1,block_major_block_first,block_major,block_first,2.68917,-0.359992591274,0,0,true
llama_gqa,32,8,128,1,8192,64,11,15,2,head_major_block_first,head_major,block_first,2.767378,-0.359992591274,0,0,true
llama_gqa,32,8,128,1,8192,64,11,15,3,block_major_head_first,block_major,head_first,2.875192,-0.359992591274,0,0,true
llama_gqa,32,8,128,1,8192,64,11,16,0,head_major_head_first,head_major,head_first,2.699515,-0.359992591274,0,0,true
llama_gqa,32,8,128,1,8192,64,11,16,1,head_major_block_first,head_major,block_first,2.738875,-0.359992591274,0,0,true
llama_gqa,32,8,128,1,8192,64,11,16,2,block_major_head_first,block_major,head_first,2.917836,-0.359992591274,0,0,true
llama_gqa,32,8,128,1,8192,64,11,16,3,block_major_block_first,block_major,block_first,2.692124,-0.359992591274,0,0,true
llama_gqa,32,8,128,1,8192,64,11,17,0,head_major_head_first,head_major,head_first,2.732426,-0.359992591274,0,0,true
llama_gqa,32,8,128,1,8192,64,11,17,1,block_major_head_first,block_major,head_first,2.869263,-0.359992591274,0,0,true
llama_gqa,32,8,128,1,8192,64,11,17,2,block_major_block_first,block_major,block_first,2.665354,-0.359992591274,0,0,true
llama_gqa,32,8,128,1,8192,64,11,17,3,head_major_block_first,head_major,block_first,2.78198,-0.359992591274,0,0,true
llama_gqa,32,8,128,1,8192,64,11,18,0,head_major_block_first,head_major,block_first,2.763423,-0.359992591274,0,0,true
llama_gqa,32,8,128,1,8192,64,11,18,1,block_major_head_first,block_major,head_first,2.865618,-0.359992591274,0,0,true
llama_gqa,32,8,128,1,8192,64,11,18,2,block_major_block_first,block_major,block_first,2.690722,-0.359992591274,0,0,true
llama_gqa,32,8,128,1,8192,64,11,18,3,head_major_head_first,head_major,head_first,2.742981,-0.359992591274,0,0,true
llama_gqa,32,8,128,1,8192,64,11,19,0,head_major_block_first,head_major,block_first,2.748429,-0.359992591274,0,0,true
llama_gqa,32,8,128,1,8192,64,11,19,1,block_major_head_first,block_major,head_first,2.883374,-0.359992591274,0,0,true
llama_gqa,32,8,128,1,8192,64,11,19,2,head_major_head_first,head_major,head_first,2.714709,-0.359992591274,0,0,true
llama_gqa,32,8,128,1,8192,64,11,19,3,block_major_block_first,block_major,block_first,2.717562,-0.359992591274,0,0,true
llama_gqa,32,8,128,1,8192,64,29,0,0,head_major_head_first,head_major,head_first,2.686706,-0.39141947912,0,0,true
llama_gqa,32,8,128,1,8192,64,29,0,1,block_major_block_first,block_major,block_first,2.727598,-0.39141947912,0,0,true
llama_gqa,32,8,128,1,8192,64,29,0,2,block_major_head_first,block_major,head_first,2.905408,-0.39141947912,0,0,true
llama_gqa,32,8,128,1,8192,64,29,0,3,head_major_block_first,head_major,block_first,2.78857,-0.39141947912,0,0,true
llama_gqa,32,8,128,1,8192,64,29,1,0,head_major_head_first,head_major,head_first,2.684002,-0.39141947912,0,0,true
llama_gqa,32,8,128,1,8192,64,29,1,1,block_major_head_first,block_major,head_first,2.943095,-0.39141947912,0,0,true
llama_gqa,32,8,128,1,8192,64,29,1,2,head_major_block_first,head_major,block_first,2.76155,-0.39141947912,0,0,true
llama_gqa,32,8,128,1,8192,64,29,1,3,block_major_block_first,block_major,block_first,2.731244,-0.39141947912,0,0,true
llama_gqa,32,8,128,1,8192,64,29,2,0,block_major_block_first,block_major,block_first,2.698905,-0.39141947912,0,0,true
llama_gqa,32,8,128,1,8192,64,29,2,1,block_major_head_first,block_major,head_first,2.846168,-0.39141947912,0,0,true
llama_gqa,32,8,128,1,8192,64,29,2,2,head_major_block_first,head_major,block_first,2.851567,-0.39141947912,0,0,true
llama_gqa,32,8,128,1,8192,64,29,2,3,head_major_head_first,head_major,head_first,2.686906,-0.39141947912,0,0,true
llama_gqa,32,8,128,1,8192,64,29,3,0,block_major_head_first,block_major,head_first,2.958548,-0.39141947912,0,0,true
llama_gqa,32,8,128,1,8192,64,29,3,1,block_major_block_first,block_major,block_first,2.708599,-0.39141947912,0,0,true
llama_gqa,32,8,128,1,8192,64,29,3,2,head_major_block_first,head_major,block_first,2.783793,-0.39141947912,0,0,true
llama_gqa,32,8,128,1,8192,64,29,3,3,head_major_head_first,head_major,head_first,2.701529,-0.39141947912,0,0,true
llama_gqa,32,8,128,1,8192,64,29,4,0,head_major_head_first,head_major,head_first,2.689961,-0.39141947912,0,0,true
llama_gqa,32,8,128,1,8192,64,29,4,1,block_major_block_first,block_major,block_first,2.84795,-0.39141947912,0,0,true
llama_gqa,32,8,128,1,8192,64,29,4,2,block_major_head_first,block_major,head_first,2.823533,-0.39141947912,0,0,true
llama_gqa,32,8,128,1,8192,64,29,4,3,head_major_block_first,head_major,block_first,2.854691,-0.39141947912,0,0,true
llama_gqa,32,8,128,1,8192,64,29,5,0,head_major_head_first,head_major,head_first,2.743192,-0.39141947912,0,0,true
llama_gqa,32,8,128,1,8192,64,29,5,1,block_major_head_first,block_major,head_first,2.875512,-0.39141947912,0,0,true
llama_gqa,32,8,128,1,8192,64,29,5,2,block_major_block_first,block_major,block_first,2.69553,-0.39141947912,0,0,true
llama_gqa,32,8,128,1,8192,64,29,5,3,head_major_block_first,head_major,block_first,2.822672,-0.39141947912,0,0,true
llama_gqa,32,8,128,1,8192,64,29,6,0,block_major_head_first,block_major,head_first,2.859788,-0.39141947912,0,0,true
llama_gqa,32,8,128,1,8192,64,29,6,1,head_major_block_first,head_major,block_first,2.78773,-0.39141947912,0,0,true
llama_gqa,32,8,128,1,8192,64,29,6,2,block_major_block_first,block_major,block_first,2.71592,-0.39141947912,0,0,true
llama_gqa,32,8,128,1,8192,64,29,6,3,head_major_head_first,head_major,head_first,2.723572,-0.39141947912,0,0,true
llama_gqa,32,8,128,1,8192,64,29,7,0,block_major_head_first,block_major,head_first,2.895182,-0.39141947912,0,0,true
llama_gqa,32,8,128,1,8192,64,29,7,1,block_major_block_first,block_major,block_first,2.686085,-0.39141947912,0,0,true
llama_gqa,32,8,128,1,8192,64,29,7,2,head_major_block_first,head_major,block_first,2.800018,-0.39141947912,0,0,true
llama_gqa,32,8,128,1,8192,64,29,7,3,head_major_head_first,head_major,head_first,2.716862,-0.39141947912,0,0,true
llama_gqa,32,8,128,1,8192,64,29,8,0,head_major_block_first,head_major,block_first,2.746456,-0.39141947912,0,0,true
llama_gqa,32,8,128,1,8192,64,29,8,1,block_major_block_first,block_major,block_first,2.850124,-0.39141947912,0,0,true
llama_gqa,32,8,128,1,8192,64,29,8,2,block_major_head_first,block_major,head_first,2.801069,-0.39141947912,0,0,true
llama_gqa,32,8,128,1,8192,64,29,8,3,head_major_head_first,head_major,head_first,2.846238,-0.39141947912,0,0,true
llama_gqa,32,8,128,1,8192,64,29,9,0,head_major_head_first,head_major,head_first,2.678844,-0.39141947912,0,0,true
llama_gqa,32,8,128,1,8192,64,29,9,1,head_major_block_first,head_major,block_first,2.715369,-0.39141947912,0,0,true
llama_gqa,32,8,128,1,8192,64,29,9,2,block_major_block_first,block_major,block_first,2.860771,-0.39141947912,0,0,true
llama_gqa,32,8,128,1,8192,64,29,9,3,block_major_head_first,block_major,head_first,2.809152,-0.39141947912,0,0,true
llama_gqa,32,8,128,1,8192,64,29,10,0,block_major_head_first,block_major,head_first,2.697893,-0.39141947912,0,0,true
llama_gqa,32,8,128,1,8192,64,29,10,1,block_major_block_first,block_major,block_first,2.573334,-0.39141947912,0,0,true
llama_gqa,32,8,128,1,8192,64,29,10,2,head_major_head_first,head_major,head_first,2.863193,-0.39141947912,0,0,true
llama_gqa,32,8,128,1,8192,64,29,10,3,head_major_block_first,head_major,block_first,2.70922,-0.39141947912,0,0,true
llama_gqa,32,8,128,1,8192,64,29,11,0,block_major_head_first,block_major,head_first,2.943335,-0.39141947912,0,0,true
llama_gqa,32,8,128,1,8192,64,29,11,1,head_major_head_first,head_major,head_first,2.75571,-0.39141947912,0,0,true
llama_gqa,32,8,128,1,8192,64,29,11,2,head_major_block_first,head_major,block_first,2.755291,-0.39141947912,0,0,true
llama_gqa,32,8,128,1,8192,64,29,11,3,block_major_block_first,block_major,block_first,2.806788,-0.39141947912,0,0,true
llama_gqa,32,8,128,1,8192,64,29,12,0,head_major_block_first,head_major,block_first,2.743392,-0.39141947912,0,0,true
llama_gqa,32,8,128,1,8192,64,29,12,1,head_major_head_first,head_major,head_first,2.671453,-0.39141947912,0,0,true
llama_gqa,32,8,128,1,8192,64,29,12,2,block_major_block_first,block_major,block_first,2.770504,-0.39141947912,0,0,true
llama_gqa,32,8,128,1,8192,64,29,12,3,block_major_head_first,block_major,head_first,2.94617,-0.39141947912,0,0,true
llama_gqa,32,8,128,1,8192,64,29,13,0,head_major_block_first,head_major,block_first,2.763652,-0.39141947912,0,0,true
llama_gqa,32,8,128,1,8192,64,29,13,1,block_major_head_first,block_major,head_first,2.895173,-0.39141947912,0,0,true
llama_gqa,32,8,128,1,8192,64,29,13,2,head_major_head_first,head_major,head_first,2.680937,-0.39141947912,0,0,true
llama_gqa,32,8,128,1,8192,64,29,13,3,block_major_block_first,block_major,block_first,2.7092,-0.39141947912,0,0,true
llama_gqa,32,8,128,1,8192,64,29,14,0,block_major_head_first,block_major,head_first,2.878788,-0.39141947912,0,0,true
llama_gqa,32,8,128,1,8192,64,29,14,1,head_major_block_first,head_major,block_first,2.765105,-0.39141947912,0,0,true
llama_gqa,32,8,128,1,8192,64,29,14,2,head_major_head_first,head_major,head_first,2.699996,-0.39141947912,0,0,true
llama_gqa,32,8,128,1,8192,64,29,14,3,block_major_block_first,block_major,block_first,2.723311,-0.39141947912,0,0,true
llama_gqa,32,8,128,1,8192,64,29,15,0,block_major_head_first,block_major,head_first,2.870906,-0.39141947912,0,0,true
llama_gqa,32,8,128,1,8192,64,29,15,1,head_major_block_first,head_major,block_first,2.793688,-0.39141947912,0,0,true
llama_gqa,32,8,128,1,8192,64,29,15,2,block_major_block_first,block_major,block_first,2.726676,-0.39141947912,0,0,true
llama_gqa,32,8,128,1,8192,64,29,15,3,head_major_head_first,head_major,head_first,2.706736,-0.39141947912,0,0,true
llama_gqa,32,8,128,1,8192,64,29,16,0,head_major_block_first,head_major,block_first,2.741098,-0.39141947912,0,0,true
llama_gqa,32,8,128,1,8192,64,29,16,1,block_major_block_first,block_major,block_first,2.730422,-0.39141947912,0,0,true
llama_gqa,32,8,128,1,8192,64,29,16,2,block_major_head_first,block_major,head_first,2.935333,-0.39141947912,0,0,true
llama_gqa,32,8,128,1,8192,64,29,16,3,head_major_head_first,head_major,head_first,2.713146,-0.39141947912,0,0,true
llama_gqa,32,8,128,1,8192,64,29,17,0,block_major_block_first,block_major,block_first,2.725304,-0.39141947912,0,0,true
llama_gqa,32,8,128,1,8192,64,29,17,1,block_major_head_first,block_major,head_first,2.882734,-0.39141947912,0,0,true
llama_gqa,32,8,128,1,8192,64,29,17,2,head_major_head_first,head_major,head_first,2.714388,-0.39141947912,0,0,true
llama_gqa,32,8,128,1,8192,64,29,17,3,head_major_block_first,head_major,block_first,2.776142,-0.39141947912,0,0,true
llama_gqa,32,8,128,1,8192,64,29,18,0,head_major_block_first,head_major,block_first,2.757734,-0.39141947912,0,0,true
llama_gqa,32,8,128,1,8192,64,29,18,1,head_major_head_first,head_major,head_first,2.594035,-0.39141947912,0,0,true
llama_gqa,32,8,128,1,8192,64,29,18,2,block_major_head_first,block_major,head_first,2.948343,-0.39141947912,0,0,true
llama_gqa,32,8,128,1,8192,64,29,18,3,block_major_block_first,block_major,block_first,2.664292,-0.39141947912,0,0,true
llama_gqa,32,8,128,1,8192,64,29,19,0,head_major_head_first,head_major,head_first,2.866468,-0.39141947912,0,0,true
llama_gqa,32,8,128,1,8192,64,29,19,1,block_major_head_first,block_major,head_first,2.903945,-0.39141947912,0,0,true
llama_gqa,32,8,128,1,8192,64,29,19,2,head_major_block_first,head_major,block_first,2.747618,-0.39141947912,0,0,true
llama_gqa,32,8,128,1,8192,64,29,19,3,block_major_block_first,block_major,block_first,2.750573,-0.39141947912,0,0,true
llama_gqa,32,8,128,1,8192,64,47,0,0,head_major_block_first,head_major,block_first,2.745906,2.56460858077,0,0,true
llama_gqa,32,8,128,1,8192,64,47,0,1,head_major_head_first,head_major,head_first,2.695579,2.56460858077,0,0,true
llama_gqa,32,8,128,1,8192,64,47,0,2,block_major_block_first,block_major,block_first,2.877405,2.56460858077,0,0,true
llama_gqa,32,8,128,1,8192,64,47,0,3,block_major_head_first,block_major,head_first,2.773317,2.56460858077,0,0,true
llama_gqa,32,8,128,1,8192,64,47,1,0,block_major_head_first,block_major,head_first,2.710311,2.56460858077,0,0,true
llama_gqa,32,8,128,1,8192,64,47,1,1,head_major_head_first,head_major,head_first,2.874681,2.56460858077,0,0,true
llama_gqa,32,8,128,1,8192,64,47,1,2,head_major_block_first,head_major,block_first,2.691253,2.56460858077,0,0,true
llama_gqa,32,8,128,1,8192,64,47,1,3,block_major_block_first,block_major,block_first,2.868492,2.56460858077,0,0,true
llama_gqa,32,8,128,1,8192,64,47,2,0,block_major_block_first,block_major,block_first,2.686877,2.56460858077,0,0,true
llama_gqa,32,8,128,1,8192,64,47,2,1,block_major_head_first,block_major,head_first,2.82798,2.56460858077,0,0,true
llama_gqa,32,8,128,1,8192,64,47,2,2,head_major_head_first,head_major,head_first,2.774499,2.56460858077,0,0,true
llama_gqa,32,8,128,1,8192,64,47,2,3,head_major_block_first,head_major,block_first,2.777303,2.56460858077,0,0,true
llama_gqa,32,8,128,1,8192,64,47,3,0,block_major_head_first,block_major,head_first,2.905668,2.56460858077,0,0,true
llama_gqa,32,8,128,1,8192,64,47,3,1,block_major_block_first,block_major,block_first,2.678143,2.56460858077,0,0,true
llama_gqa,32,8,128,1,8192,64,47,3,2,head_major_block_first,head_major,block_first,2.791565,2.56460858077,0,0,true
llama_gqa,32,8,128,1,8192,64,47,3,3,head_major_head_first,head_major,head_first,2.739826,2.56460858077,0,0,true
llama_gqa,32,8,128,1,8192,64,47,4,0,block_major_head_first,block_major,head_first,2.885297,2.56460858077,0,0,true
llama_gqa,32,8,128,1,8192,64,47,4,1,head_major_head_first,head_major,head_first,2.721389,2.56460858077,0,0,true
llama_gqa,32,8,128,1,8192,64,47,4,2,block_major_block_first,block_major,block_first,2.688739,2.56460858077,0,0,true
llama_gqa,32,8,128,1,8192,64,47,4,3,head_major_block_first,head_major,block_first,2.765526,2.56460858077,0,0,true
llama_gqa,32,8,128,1,8192,64,47,5,0,head_major_block_first,head_major,block_first,2.764344,2.56460858077,0,0,true
llama_gqa,32,8,128,1,8192,64,47,5,1,head_major_head_first,head_major,head_first,2.690602,2.56460858077,0,0,true
llama_gqa,32,8,128,1,8192,64,47,5,2,block_major_block_first,block_major,block_first,2.897596,2.56460858077,0,0,true
llama_gqa,32,8,128,1,8192,64,47,5,3,block_major_head_first,block_major,head_first,2.889674,2.56460858077,0,0,true
llama_gqa,32,8,128,1,8192,64,47,6,0,block_major_head_first,block_major,head_first,2.757904,2.56460858077,0,0,true
llama_gqa,32,8,128,1,8192,64,47,6,1,head_major_block_first,head_major,block_first,2.898406,2.56460858077,0,0,true
llama_gqa,32,8,128,1,8192,64,47,6,2,head_major_head_first,head_major,head_first,2.689861,2.56460858077,0,0,true
llama_gqa,32,8,128,1,8192,64,47,6,3,block_major_block_first,block_major,block_first,2.860449,2.56460858077,0,0,true
llama_gqa,32,8,128,1,8192,64,47,7,0,head_major_block_first,head_major,block_first,2.783643,2.56460858077,0,0,true
llama_gqa,32,8,128,1,8192,64,47,7,1,block_major_head_first,block_major,head_first,2.882283,2.56460858077,0,0,true
llama_gqa,32,8,128,1,8192,64,47,7,2,head_major_head_first,head_major,head_first,2.751665,2.56460858077,0,0,true
llama_gqa,32,8,128,1,8192,64,47,7,3,block_major_block_first,block_major,block_first,2.68888,2.56460858077,0,0,true
llama_gqa,32,8,128,1,8192,64,47,8,0,head_major_block_first,head_major,block_first,2.76865,2.56460858077,0,0,true
llama_gqa,32,8,128,1,8192,64,47,8,1,head_major_head_first,head_major,head_first,2.689901,2.56460858077,0,0,true
llama_gqa,32,8,128,1,8192,64,47,8,2,block_major_block_first,block_major,block_first,2.691203,2.56460858077,0,0,true
llama_gqa,32,8,128,1,8192,64,47,8,3,block_major_head_first,block_major,head_first,2.924487,2.56460858077,0,0,true
llama_gqa,32,8,128,1,8192,64,47,9,0,head_major_block_first,head_major,block_first,2.76196,2.56460858077,0,0,true
llama_gqa,32,8,128,1,8192,64,47,9,1,block_major_block_first,block_major,block_first,2.710882,2.56460858077,0,0,true
llama_gqa,32,8,128,1,8192,64,47,9,2,head_major_head_first,head_major,head_first,2.711344,2.56460858077,0,0,true
llama_gqa,32,8,128,1,8192,64,47,9,3,block_major_head_first,block_major,head_first,2.896424,2.56460858077,0,0,true
llama_gqa,32,8,128,1,8192,64,47,10,0,head_major_head_first,head_major,head_first,2.705334,2.56460858077,0,0,true
llama_gqa,32,8,128,1,8192,64,47,10,1,head_major_block_first,head_major,block_first,2.736061,2.56460858077,0,0,true
llama_gqa,32,8,128,1,8192,64,47,10,2,block_major_block_first,block_major,block_first,2.710082,2.56460858077,0,0,true
llama_gqa,32,8,128,1,8192,64,47,10,3,block_major_head_first,block_major,head_first,2.896925,2.56460858077,0,0,true
llama_gqa,32,8,128,1,8192,64,47,11,0,head_major_head_first,head_major,head_first,2.711023,2.56460858077,0,0,true
llama_gqa,32,8,128,1,8192,64,47,11,1,block_major_head_first,block_major,head_first,2.866028,2.56460858077,0,0,true
llama_gqa,32,8,128,1,8192,64,47,11,2,head_major_block_first,head_major,block_first,2.780859,2.56460858077,0,0,true
llama_gqa,32,8,128,1,8192,64,47,11,3,block_major_block_first,block_major,block_first,2.694829,2.56460858077,0,0,true
llama_gqa,32,8,128,1,8192,64,47,12,0,block_major_head_first,block_major,head_first,2.850845,2.56460858077,0,0,true
llama_gqa,32,8,128,1,8192,64,47,12,1,head_major_head_first,head_major,head_first,2.772456,2.56460858077,0,0,true
llama_gqa,32,8,128,1,8192,64,47,12,2,block_major_block_first,block_major,block_first,2.723321,2.56460858077,0,0,true
llama_gqa,32,8,128,1,8192,64,47,12,3,head_major_block_first,head_major,block_first,2.777574,2.56460858077,0,0,true
llama_gqa,32,8,128,1,8192,64,47,13,0,head_major_block_first,head_major,block_first,2.757343,2.56460858077,0,0,true
llama_gqa,32,8,128,1,8192,64,47,13,1,head_major_head_first,head_major,head_first,2.711193,2.56460858077,0,0,true
llama_gqa,32,8,128,1,8192,64,47,13,2,block_major_head_first,block_major,head_first,2.923466,2.56460858077,0,0,true
llama_gqa,32,8,128,1,8192,64,47,13,3,block_major_block_first,block_major,block_first,2.681899,2.56460858077,0,0,true
llama_gqa,32,8,128,1,8192,64,47,14,0,head_major_block_first,head_major,block_first,2.90001,2.56460858077,0,0,true
llama_gqa,32,8,128,1,8192,64,47,14,1,block_major_block_first,block_major,block_first,2.736631,2.56460858077,0,0,true
llama_gqa,32,8,128,1,8192,64,47,14,2,block_major_head_first,block_major,head_first,2.902533,2.56460858077,0,0,true
llama_gqa,32,8,128,1,8192,64,47,14,3,head_major_head_first,head_major,head_first,2.746666,2.56460858077,0,0,true
llama_gqa,32,8,128,1,8192,64,47,15,0,head_major_head_first,head_major,head_first,2.70255,2.56460858077,0,0,true
llama_gqa,32,8,128,1,8192,64,47,15,1,head_major_block_first,head_major,block_first,2.750463,2.56460858077,0,0,true
llama_gqa,32,8,128,1,8192,64,47,15,2,block_major_block_first,block_major,block_first,2.844105,2.56460858077,0,0,true
llama_gqa,32,8,128,1,8192,64,47,15,3,block_major_head_first,block_major,head_first,2.81487,2.56460858077,0,0,true
llama_gqa,32,8,128,1,8192,64,47,16,0,block_major_block_first,block_major,block_first,2.608648,2.56460858077,0,0,true
llama_gqa,32,8,128,1,8192,64,47,16,1,block_major_head_first,block_major,head_first,2.680557,2.56460858077,0,0,true
llama_gqa,32,8,128,1,8192,64,47,16,2,head_major_head_first,head_major,head_first,2.865497,2.56460858077,0,0,true
llama_gqa,32,8,128,1,8192,64,47,16,3,head_major_block_first,head_major,block_first,2.691644,2.56460858077,0,0,true
llama_gqa,32,8,128,1,8192,64,47,17,0,head_major_head_first,head_major,head_first,2.656991,2.56460858077,0,0,true
llama_gqa,32,8,128,1,8192,64,47,17,1,block_major_head_first,block_major,head_first,2.989586,2.56460858077,0,0,true
llama_gqa,32,8,128,1,8192,64,47,17,2,block_major_block_first,block_major,block_first,2.659314,2.56460858077,0,0,true
llama_gqa,32,8,128,1,8192,64,47,17,3,head_major_block_first,head_major,block_first,2.898126,2.56460858077,0,0,true
llama_gqa,32,8,128,1,8192,64,47,18,0,block_major_head_first,block_major,head_first,2.933701,2.56460858077,0,0,true
llama_gqa,32,8,128,1,8192,64,47,18,1,head_major_head_first,head_major,head_first,2.704352,2.56460858077,0,0,true
llama_gqa,32,8,128,1,8192,64,47,18,2,block_major_block_first,block_major,block_first,2.727899,2.56460858077,0,0,true
llama_gqa,32,8,128,1,8192,64,47,18,3,head_major_block_first,head_major,block_first,2.753107,2.56460858077,0,0,true
llama_gqa,32,8,128,1,8192,64,47,19,0,head_major_head_first,head_major,head_first,2.686656,2.56460858077,0,0,true
llama_gqa,32,8,128,1,8192,64,47,19,1,block_major_block_first,block_major,block_first,2.729551,2.56460858077,0,0,true
llama_gqa,32,8,128,1,8192,64,47,19,2,head_major_block_first,head_major,block_first,2.728269,2.56460858077,0,0,true
llama_gqa,32,8,128,1,8192,64,47,19,3,block_major_head_first,block_major,head_first,3.036146,2.56460858077,0,0,true
llama_gqa,32,8,128,1,16384,64,11,0,0,head_major_head_first,head_major,head_first,5.639735,1.05858455139,0,0,true
llama_gqa,32,8,128,1,16384,64,11,0,1,block_major_block_first,block_major,block_first,5.559985,1.05858455139,0,0,true
llama_gqa,32,8,128,1,16384,64,11,0,2,block_major_head_first,block_major,head_first,5.957538,1.05858455139,0,0,true
llama_gqa,32,8,128,1,16384,64,11,0,3,head_major_block_first,head_major,block_first,5.731395,1.05858455139,0,0,true
llama_gqa,32,8,128,1,16384,64,11,1,0,head_major_block_first,head_major,block_first,5.638524,1.05858455139,0,0,true
llama_gqa,32,8,128,1,16384,64,11,1,1,block_major_head_first,block_major,head_first,6.011149,1.05858455139,0,0,true
llama_gqa,32,8,128,1,16384,64,11,1,2,block_major_block_first,block_major,block_first,5.55005,1.05858455139,0,0,true
llama_gqa,32,8,128,1,16384,64,11,1,3,head_major_head_first,head_major,head_first,5.660237,1.05858455139,0,0,true
llama_gqa,32,8,128,1,16384,64,11,2,0,block_major_block_first,block_major,block_first,5.532554,1.05858455139,0,0,true
llama_gqa,32,8,128,1,16384,64,11,2,1,block_major_head_first,block_major,head_first,5.93279,1.05858455139,0,0,true
llama_gqa,32,8,128,1,16384,64,11,2,2,head_major_block_first,head_major,block_first,5.777124,1.05858455139,0,0,true
llama_gqa,32,8,128,1,16384,64,11,2,3,head_major_head_first,head_major,head_first,5.644293,1.05858455139,0,0,true
llama_gqa,32,8,128,1,16384,64,11,3,0,block_major_head_first,block_major,head_first,6.074456,1.05858455139,0,0,true
llama_gqa,32,8,128,1,16384,64,11,3,1,head_major_block_first,head_major,block_first,5.74124,1.05858455139,0,0,true
llama_gqa,32,8,128,1,16384,64,11,3,2,block_major_block_first,block_major,block_first,5.594788,1.05858455139,0,0,true
llama_gqa,32,8,128,1,16384,64,11,3,3,head_major_head_first,head_major,head_first,5.619154,1.05858455139,0,0,true
llama_gqa,32,8,128,1,16384,64,11,4,0,block_major_block_first,block_major,block_first,5.575178,1.05858455139,0,0,true
llama_gqa,32,8,128,1,16384,64,11,4,1,head_major_block_first,head_major,block_first,5.662881,1.05858455139,0,0,true
llama_gqa,32,8,128,1,16384,64,11,4,2,block_major_head_first,block_major,head_first,6.006853,1.05858455139,0,0,true
llama_gqa,32,8,128,1,16384,64,11,4,3,head_major_head_first,head_major,head_first,5.657062,1.05858455139,0,0,true
llama_gqa,32,8,128,1,16384,64,11,5,0,head_major_head_first,head_major,head_first,5.551582,1.05858455139,0,0,true
llama_gqa,32,8,128,1,16384,64,11,5,1,block_major_head_first,block_major,head_first,6.056948,1.05858455139,0,0,true
llama_gqa,32,8,128,1,16384,64,11,5,2,head_major_block_first,head_major,block_first,5.677032,1.05858455139,0,0,true
llama_gqa,32,8,128,1,16384,64,11,5,3,block_major_block_first,block_major,block_first,5.636501,1.05858455139,0,0,true
llama_gqa,32,8,128,1,16384,64,11,6,0,head_major_head_first,head_major,head_first,5.567166,1.05858455139,0,0,true
llama_gqa,32,8,128,1,16384,64,11,6,1,block_major_head_first,block_major,head_first,6.030078,1.05858455139,0,0,true
llama_gqa,32,8,128,1,16384,64,11,6,2,head_major_block_first,head_major,block_first,5.704514,1.05858455139,0,0,true
llama_gqa,32,8,128,1,16384,64,11,6,3,block_major_block_first,block_major,block_first,5.596831,1.05858455139,0,0,true
llama_gqa,32,8,128,1,16384,64,11,7,0,block_major_head_first,block_major,head_first,5.952221,1.05858455139,0,0,true
llama_gqa,32,8,128,1,16384,64,11,7,1,head_major_head_first,head_major,head_first,5.707569,1.05858455139,0,0,true
llama_gqa,32,8,128,1,16384,64,11,7,2,head_major_block_first,head_major,block_first,5.647678,1.05858455139,0,0,true
llama_gqa,32,8,128,1,16384,64,11,7,3,block_major_block_first,block_major,block_first,5.577291,1.05858455139,0,0,true
llama_gqa,32,8,128,1,16384,64,11,8,0,head_major_block_first,head_major,block_first,5.640547,1.05858455139,0,0,true
llama_gqa,32,8,128,1,16384,64,11,8,1,block_major_block_first,block_major,block_first,5.585744,1.05858455139,0,0,true
llama_gqa,32,8,128,1,16384,64,11,8,2,block_major_head_first,block_major,head_first,6.008776,1.05858455139,0,0,true
llama_gqa,32,8,128,1,16384,64,11,8,3,head_major_head_first,head_major,head_first,5.707629,1.05858455139,0,0,true
llama_gqa,32,8,128,1,16384,64,11,9,0,block_major_head_first,block_major,head_first,5.930126,1.05858455139,0,0,true
llama_gqa,32,8,128,1,16384,64,11,9,1,block_major_block_first,block_major,block_first,5.533714,1.05858455139,0,0,true
llama_gqa,32,8,128,1,16384,64,11,9,2,head_major_block_first,head_major,block_first,5.729052,1.05858455139,0,0,true
llama_gqa,32,8,128,1,16384,64,11,9,3,head_major_head_first,head_major,head_first,5.650032,1.05858455139,0,0,true
llama_gqa,32,8,128,1,16384,64,11,10,0,head_major_block_first,head_major,block_first,5.719837,1.05858455139,0,0,true
llama_gqa,32,8,128,1,16384,64,11,10,1,block_major_head_first,block_major,head_first,5.984199,1.05858455139,0,0,true
llama_gqa,32,8,128,1,16384,64,11,10,2,head_major_head_first,head_major,head_first,5.754569,1.05858455139,0,0,true
llama_gqa,32,8,128,1,16384,64,11,10,3,block_major_block_first,block_major,block_first,5.620888,1.05858455139,0,0,true
llama_gqa,32,8,128,1,16384,64,11,11,0,block_major_head_first,block_major,head_first,5.897307,1.05858455139,0,0,true
llama_gqa,32,8,128,1,16384,64,11,11,1,block_major_block_first,block_major,block_first,5.473714,1.05858455139,0,0,true
llama_gqa,32,8,128,1,16384,64,11,11,2,head_major_head_first,head_major,head_first,5.723072,1.05858455139,0,0,true
llama_gqa,32,8,128,1,16384,64,11,11,3,head_major_block_first,head_major,block_first,5.727178,1.05858455139,0,0,true
llama_gqa,32,8,128,1,16384,64,11,12,0,head_major_head_first,head_major,head_first,5.603822,1.05858455139,0,0,true
llama_gqa,32,8,128,1,16384,64,11,12,1,block_major_head_first,block_major,head_first,6.141838,1.05858455139,0,0,true
llama_gqa,32,8,128,1,16384,64,11,12,2,head_major_block_first,head_major,block_first,5.718616,1.05858455139,0,0,true
llama_gqa,32,8,128,1,16384,64,11,12,3,block_major_block_first,block_major,block_first,5.608459,1.05858455139,0,0,true
llama_gqa,32,8,128,1,16384,64,11,13,0,block_major_block_first,block_major,block_first,5.527565,1.05858455139,0,0,true
llama_gqa,32,8,128,1,16384,64,11,13,1,block_major_head_first,block_major,head_first,5.944147,1.05858455139,0,0,true
llama_gqa,32,8,128,1,16384,64,11,13,2,head_major_block_first,head_major,block_first,5.738966,1.05858455139,0,0,true
llama_gqa,32,8,128,1,16384,64,11,13,3,head_major_head_first,head_major,head_first,5.623462,1.05858455139,0,0,true
llama_gqa,32,8,128,1,16384,64,11,14,0,head_major_block_first,head_major,block_first,5.670703,1.05858455139,0,0,true
llama_gqa,32,8,128,1,16384,64,11,14,1,block_major_head_first,block_major,head_first,6.127265,1.05858455139,0,0,true
llama_gqa,32,8,128,1,16384,64,11,14,2,block_major_block_first,block_major,block_first,5.644072,1.05858455139,0,0,true
llama_gqa,32,8,128,1,16384,64,11,14,3,head_major_head_first,head_major,head_first,5.734069,1.05858455139,0,0,true
llama_gqa,32,8,128,1,16384,64,11,15,0,block_major_block_first,block_major,block_first,5.546624,1.05858455139,0,0,true
llama_gqa,32,8,128,1,16384,64,11,15,1,head_major_block_first,head_major,block_first,5.691915,1.05858455139,0,0,true
llama_gqa,32,8,128,1,16384,64,11,15,2,head_major_head_first,head_major,head_first,5.621568,1.05858455139,0,0,true
llama_gqa,32,8,128,1,16384,64,11,15,3,block_major_head_first,block_major,head_first,6.151262,1.05858455139,0,0,true
llama_gqa,32,8,128,1,16384,64,11,16,0,head_major_block_first,head_major,block_first,5.693627,1.05858455139,0,0,true
llama_gqa,32,8,128,1,16384,64,11,16,1,block_major_block_first,block_major,block_first,5.632434,1.05858455139,0,0,true
llama_gqa,32,8,128,1,16384,64,11,16,2,block_major_head_first,block_major,head_first,5.937477,1.05858455139,0,0,true
llama_gqa,32,8,128,1,16384,64,11,16,3,head_major_head_first,head_major,head_first,5.647958,1.05858455139,0,0,true
llama_gqa,32,8,128,1,16384,64,11,17,0,block_major_head_first,block_major,head_first,5.994545,1.05858455139,0,0,true
llama_gqa,32,8,128,1,16384,64,11,17,1,head_major_head_first,head_major,head_first,5.650382,1.05858455139,0,0,true
llama_gqa,32,8,128,1,16384,64,11,17,2,block_major_block_first,block_major,block_first,5.605865,1.05858455139,0,0,true
llama_gqa,32,8,128,1,16384,64,11,17,3,head_major_block_first,head_major,block_first,5.680598,1.05858455139,0,0,true
llama_gqa,32,8,128,1,16384,64,11,18,0,head_major_head_first,head_major,head_first,5.57618,1.05858455139,0,0,true
llama_gqa,32,8,128,1,16384,64,11,18,1,head_major_block_first,head_major,block_first,5.634928,1.05858455139,0,0,true
llama_gqa,32,8,128,1,16384,64,11,18,2,block_major_block_first,block_major,block_first,5.80084,1.05858455139,0,0,true
llama_gqa,32,8,128,1,16384,64,11,18,3,block_major_head_first,block_major,head_first,5.959501,1.05858455139,0,0,true
llama_gqa,32,8,128,1,16384,64,11,19,0,block_major_block_first,block_major,block_first,5.634678,1.05858455139,0,0,true
llama_gqa,32,8,128,1,16384,64,11,19,1,head_major_block_first,head_major,block_first,5.811607,1.05858455139,0,0,true
llama_gqa,32,8,128,1,16384,64,11,19,2,block_major_head_first,block_major,head_first,6.137962,1.05858455139,0,0,true
llama_gqa,32,8,128,1,16384,64,11,19,3,head_major_head_first,head_major,head_first,5.662109,1.05858455139,0,0,true
llama_gqa,32,8,128,1,16384,64,29,0,0,head_major_head_first,head_major,head_first,5.647207,-1.80729857846,0,0,true
llama_gqa,32,8,128,1,16384,64,29,0,1,block_major_head_first,block_major,head_first,5.922946,-1.80729857846,0,0,true
llama_gqa,32,8,128,1,16384,64,29,0,2,head_major_block_first,head_major,block_first,5.672075,-1.80729857846,0,0,true
llama_gqa,32,8,128,1,16384,64,29,0,3,block_major_block_first,block_major,block_first,5.606004,-1.80729857846,0,0,true
llama_gqa,32,8,128,1,16384,64,29,1,0,head_major_block_first,head_major,block_first,5.651874,-1.80729857846,0,0,true
llama_gqa,32,8,128,1,16384,64,29,1,1,block_major_head_first,block_major,head_first,6.03747,-1.80729857846,0,0,true
llama_gqa,32,8,128,1,16384,64,29,1,2,head_major_head_first,head_major,head_first,5.608929,-1.80729857846,0,0,true
llama_gqa,32,8,128,1,16384,64,29,1,3,block_major_block_first,block_major,block_first,5.565664,-1.80729857846,0,0,true
llama_gqa,32,8,128,1,16384,64,29,2,0,head_major_head_first,head_major,head_first,5.587216,-1.80729857846,0,0,true
llama_gqa,32,8,128,1,16384,64,29,2,1,block_major_block_first,block_major,block_first,5.558533,-1.80729857846,0,0,true
llama_gqa,32,8,128,1,16384,64,29,2,2,head_major_block_first,head_major,block_first,5.654328,-1.80729857846,0,0,true
llama_gqa,32,8,128,1,16384,64,29,2,3,block_major_head_first,block_major,head_first,6.054034,-1.80729857846,0,0,true
llama_gqa,32,8,128,1,16384,64,29,3,0,block_major_head_first,block_major,head_first,5.889325,-1.80729857846,0,0,true
llama_gqa,32,8,128,1,16384,64,29,3,1,block_major_block_first,block_major,block_first,5.491011,-1.80729857846,0,0,true
llama_gqa,32,8,128,1,16384,64,29,3,2,head_major_head_first,head_major,head_first,5.706987,-1.80729857846,0,0,true
llama_gqa,32,8,128,1,16384,64,29,3,3,head_major_block_first,head_major,block_first,5.753008,-1.80729857846,0,0,true
llama_gqa,32,8,128,1,16384,64,29,4,0,head_major_block_first,head_major,block_first,5.733108,-1.80729857846,0,0,true
llama_gqa,32,8,128,1,16384,64,29,4,1,head_major_head_first,head_major,head_first,5.572073,-1.80729857846,0,0,true
llama_gqa,32,8,128,1,16384,64,29,4,2,block_major_block_first,block_major,block_first,5.777895,-1.80729857846,0,0,true
llama_gqa,32,8,128,1,16384,64,29,4,3,block_major_head_first,block_major,head_first,6.07083,-1.80729857846,0,0,true
llama_gqa,32,8,128,1,16384,64,29,5,0,head_major_head_first,head_major,head_first,5.718846,-1.80729857846,0,0,true
llama_gqa,32,8,128,1,16384,64,29,5,1,head_major_block_first,head_major,block_first,5.673597,-1.80729857846,0,0,true
llama_gqa,32,8,128,1,16384,64,29,5,2,block_major_head_first,block_major,head_first,6.132774,-1.80729857846,0,0,true
llama_gqa,32,8,128,1,16384,64,29,5,3,block_major_block_first,block_major,block_first,5.585584,-1.80729857846,0,0,true
llama_gqa,32,8,128,1,16384,64,29,6,0,block_major_head_first,block_major,head_first,5.90018,-1.80729857846,0,0,true
llama_gqa,32,8,128,1,16384,64,29,6,1,block_major_block_first,block_major,block_first,5.508857,-1.80729857846,0,0,true
llama_gqa,32,8,128,1,16384,64,29,6,2,head_major_block_first,head_major,block_first,5.799528,-1.80729857846,0,0,true
llama_gqa,32,8,128,1,16384,64,29,6,3,head_major_head_first,head_major,head_first,5.684294,-1.80729857846,0,0,true
llama_gqa,32,8,128,1,16384,64,29,7,0,head_major_head_first,head_major,head_first,5.698204,-1.80729857846,0,0,true
llama_gqa,32,8,128,1,16384,64,29,7,1,block_major_block_first,block_major,block_first,5.78706,-1.80729857846,0,0,true
llama_gqa,32,8,128,1,16384,64,29,7,2,block_major_head_first,block_major,head_first,5.865428,-1.80729857846,0,0,true
llama_gqa,32,8,128,1,16384,64,29,7,3,head_major_block_first,head_major,block_first,5.82666,-1.80729857846,0,0,true
llama_gqa,32,8,128,1,16384,64,29,8,0,head_major_head_first,head_major,head_first,5.594587,-1.80729857846,0,0,true
llama_gqa,32,8,128,1,16384,64,29,8,1,block_major_head_first,block_major,head_first,5.984599,-1.80729857846,0,0,true
llama_gqa,32,8,128,1,16384,64,29,8,2,block_major_block_first,block_major,block_first,5.615019,-1.80729857846,0,0,true
llama_gqa,32,8,128,1,16384,64,29,8,3,head_major_block_first,head_major,block_first,5.821181,-1.80729857846,0,0,true
llama_gqa,32,8,128,1,16384,64,29,9,0,head_major_head_first,head_major,head_first,5.573695,-1.80729857846,0,0,true
llama_gqa,32,8,128,1,16384,64,29,9,1,block_major_head_first,block_major,head_first,5.959871,-1.80729857846,0,0,true
llama_gqa,32,8,128,1,16384,64,29,9,2,head_major_block_first,head_major,block_first,5.817486,-1.80729857846,0,0,true
llama_gqa,32,8,128,1,16384,64,29,9,3,block_major_block_first,block_major,block_first,5.634318,-1.80729857846,0,0,true
llama_gqa,32,8,128,1,16384,64,29,10,0,head_major_block_first,head_major,block_first,5.676783,-1.80729857846,0,0,true
llama_gqa,32,8,128,1,16384,64,29,10,1,block_major_block_first,block_major,block_first,5.598894,-1.80729857846,0,0,true
llama_gqa,32,8,128,1,16384,64,29,10,2,head_major_head_first,head_major,head_first,5.570441,-1.80729857846,0,0,true
llama_gqa,32,8,128,1,16384,64,29,10,3,block_major_head_first,block_major,head_first,6.069308,-1.80729857846,0,0,true
llama_gqa,32,8,128,1,16384,64,29,11,0,block_major_block_first,block_major,block_first,5.532453,-1.80729857846,0,0,true
llama_gqa,32,8,128,1,16384,64,29,11,1,head_major_block_first,head_major,block_first,5.730825,-1.80729857846,0,0,true
llama_gqa,32,8,128,1,16384,64,29,11,2,head_major_head_first,head_major,head_first,5.574256,-1.80729857846,0,0,true
llama_gqa,32,8,128,1,16384,64,29,11,3,block_major_head_first,block_major,head_first,6.047755,-1.80729857846,0,0,true
llama_gqa,32,8,128,1,16384,64,29,12,0,head_major_block_first,head_major,block_first,5.658584,-1.80729857846,0,0,true
llama_gqa,32,8,128,1,16384,64,29,12,1,head_major_head_first,head_major,head_first,5.532613,-1.80729857846,0,0,true
llama_gqa,32,8,128,1,16384,64,29,12,2,block_major_head_first,block_major,head_first,6.021695,-1.80729857846,0,0,true
llama_gqa,32,8,128,1,16384,64,29,12,3,block_major_block_first,block_major,block_first,5.571342,-1.80729857846,0,0,true
llama_gqa,32,8,128,1,16384,64,29,13,0,head_major_block_first,head_major,block_first,5.706327,-1.80729857846,0,0,true
llama_gqa,32,8,128,1,16384,64,29,13,1,block_major_block_first,block_major,block_first,5.603411,-1.80729857846,0,0,true
llama_gqa,32,8,128,1,16384,64,29,13,2,head_major_head_first,head_major,head_first,5.587897,-1.80729857846,0,0,true
llama_gqa,32,8,128,1,16384,64,29,13,3,block_major_head_first,block_major,head_first,5.968144,-1.80729857846,0,0,true
llama_gqa,32,8,128,1,16384,64,29,14,0,head_major_block_first,head_major,block_first,5.785497,-1.80729857846,0,0,true
llama_gqa,32,8,128,1,16384,64,29,14,1,block_major_head_first,block_major,head_first,5.9063,-1.80729857846,0,0,true
llama_gqa,32,8,128,1,16384,64,29,14,2,block_major_block_first,block_major,block_first,5.53699,-1.80729857846,0,0,true
llama_gqa,32,8,128,1,16384,64,29,14,3,head_major_head_first,head_major,head_first,5.659696,-1.80729857846,0,0,true
llama_gqa,32,8,128,1,16384,64,29,15,0,block_major_block_first,block_major,block_first,5.552993,-1.80729857846,0,0,true
llama_gqa,32,8,128,1,16384,64,29,15,1,block_major_head_first,block_major,head_first,5.954243,-1.80729857846,0,0,true
llama_gqa,32,8,128,1,16384,64,29,15,2,head_major_block_first,head_major,block_first,5.762342,-1.80729857846,0,0,true
llama_gqa,32,8,128,1,16384,64,29,15,3,head_major_head_first,head_major,head_first,5.655019,-1.80729857846,0,0,true
llama_gqa,32,8,128,1,16384,64,29,16,0,head_major_head_first,head_major,head_first,5.656391,-1.80729857846,0,0,true
llama_gqa,32,8,128,1,16384,64,29,16,1,block_major_head_first,block_major,head_first,6.129539,-1.80729857846,0,0,true
llama_gqa,32,8,128,1,16384,64,29,16,2,head_major_block_first,head_major,block_first,5.692886,-1.80729857846,0,0,true
llama_gqa,32,8,128,1,16384,64,29,16,3,block_major_block_first,block_major,block_first,5.614527,-1.80729857846,0,0,true
llama_gqa,32,8,128,1,16384,64,29,17,0,head_major_block_first,head_major,block_first,5.66187,-1.80729857846,0,0,true
llama_gqa,32,8,128,1,16384,64,29,17,1,block_major_head_first,block_major,head_first,6.009768,-1.80729857846,0,0,true
llama_gqa,32,8,128,1,16384,64,29,17,2,head_major_head_first,head_major,head_first,5.599335,-1.80729857846,0,0,true
llama_gqa,32,8,128,1,16384,64,29,17,3,block_major_block_first,block_major,block_first,5.586155,-1.80729857846,0,0,true
llama_gqa,32,8,128,1,16384,64,29,18,0,block_major_block_first,block_major,block_first,5.560606,-1.80729857846,0,0,true
llama_gqa,32,8,128,1,16384,64,29,18,1,head_major_block_first,head_major,block_first,5.707589,-1.80729857846,0,0,true
llama_gqa,32,8,128,1,16384,64,29,18,2,head_major_head_first,head_major,head_first,5.577461,-1.80729857846,0,0,true
llama_gqa,32,8,128,1,16384,64,29,18,3,block_major_head_first,block_major,head_first,6.028095,-1.80729857846,0,0,true
llama_gqa,32,8,128,1,16384,64,29,19,0,head_major_head_first,head_major,head_first,5.613396,-1.80729857846,0,0,true
llama_gqa,32,8,128,1,16384,64,29,19,1,head_major_block_first,head_major,block_first,5.644172,-1.80729857846,0,0,true
llama_gqa,32,8,128,1,16384,64,29,19,2,block_major_block_first,block_major,block_first,5.780059,-1.80729857846,0,0,true
llama_gqa,32,8,128,1,16384,64,29,19,3,block_major_head_first,block_major,head_first,5.964228,-1.80729857846,0,0,true
llama_gqa,32,8,128,1,16384,64,47,0,0,block_major_block_first,block_major,block_first,5.803945,1.7887766766,0,0,true
llama_gqa,32,8,128,1,16384,64,47,0,1,head_major_block_first,head_major,block_first,5.743954,1.7887766766,0,0,true
llama_gqa,32,8,128,1,16384,64,47,0,2,block_major_head_first,block_major,head_first,6.030118,1.7887766766,0,0,true
llama_gqa,32,8,128,1,16384,64,47,0,3,head_major_head_first,head_major,head_first,5.66247,1.7887766766,0,0,true
llama_gqa,32,8,128,1,16384,64,47,1,0,block_major_head_first,block_major,head_first,5.952,1.7887766766,0,0,true
llama_gqa,32,8,128,1,16384,64,47,1,1,head_major_head_first,head_major,head_first,5.664564,1.7887766766,0,0,true
llama_gqa,32,8,128,1,16384,64,47,1,2,head_major_block_first,head_major,block_first,5.674549,1.7887766766,0,0,true
llama_gqa,32,8,128,1,16384,64,47,1,3,block_major_block_first,block_major,block_first,5.581748,1.7887766766,0,0,true
llama_gqa,32,8,128,1,16384,64,47,2,0,head_major_head_first,head_major,head_first,5.569519,1.7887766766,0,0,true
llama_gqa,32,8,128,1,16384,64,47,2,1,block_major_block_first,block_major,block_first,5.586225,1.7887766766,0,0,true
llama_gqa,32,8,128,1,16384,64,47,2,2,block_major_head_first,block_major,head_first,6.134847,1.7887766766,0,0,true
llama_gqa,32,8,128,1,16384,64,47,2,3,head_major_block_first,head_major,block_first,5.707308,1.7887766766,0,0,true
llama_gqa,32,8,128,1,16384,64,47,3,0,block_major_head_first,block_major,head_first,5.937227,1.7887766766,0,0,true
llama_gqa,32,8,128,1,16384,64,47,3,1,block_major_block_first,block_major,block_first,5.538452,1.7887766766,0,0,true
llama_gqa,32,8,128,1,16384,64,47,3,2,head_major_block_first,head_major,block_first,5.748971,1.7887766766,0,0,true
llama_gqa,32,8,128,1,16384,64,47,3,3,head_major_head_first,head_major,head_first,5.653707,1.7887766766,0,0,true
llama_gqa,32,8,128,1,16384,64,47,4,0,block_major_block_first,block_major,block_first,5.771736,1.7887766766,0,0,true
llama_gqa,32,8,128,1,16384,64,47,4,1,head_major_head_first,head_major,head_first,5.635119,1.7887766766,0,0,true
llama_gqa,32,8,128,1,16384,64,47,4,2,head_major_block_first,head_major,block_first,5.652385,1.7887766766,0,0,true
llama_gqa,32,8,128,1,16384,64,47,4,3,block_major_head_first,block_major,head_first,6.141998,1.7887766766,0,0,true
llama_gqa,32,8,128,1,16384,64,47,5,0,head_major_head_first,head_major,head_first,5.62919,1.7887766766,0,0,true
llama_gqa,32,8,128,1,16384,64,47,5,1,block_major_block_first,block_major,block_first,5.653356,1.7887766766,0,0,true
llama_gqa,32,8,128,1,16384,64,47,5,2,block_major_head_first,block_major,head_first,5.988986,1.7887766766,0,0,true
llama_gqa,32,8,128,1,16384,64,47,5,3,head_major_block_first,head_major,block_first,5.715231,1.7887766766,0,0,true
llama_gqa,32,8,128,1,16384,64,47,6,0,block_major_block_first,block_major,block_first,5.589089,1.7887766766,0,0,true
llama_gqa,32,8,128,1,16384,64,47,6,1,block_major_head_first,block_major,head_first,5.938609,1.7887766766,0,0,true
llama_gqa,32,8,128,1,16384,64,47,6,2,head_major_block_first,head_major,block_first,5.763624,1.7887766766,0,0,true
llama_gqa,32,8,128,1,16384,64,47,6,3,head_major_head_first,head_major,head_first,5.65646,1.7887766766,0,0,true
llama_gqa,32,8,128,1,16384,64,47,7,0,head_major_head_first,head_major,head_first,5.657032,1.7887766766,0,0,true
llama_gqa,32,8,128,1,16384,64,47,7,1,block_major_block_first,block_major,block_first,5.81378,1.7887766766,0,0,true
llama_gqa,32,8,128,1,16384,64,47,7,2,head_major_block_first,head_major,block_first,5.74147,1.7887766766,0,0,true
llama_gqa,32,8,128,1,16384,64,47,7,3,block_major_head_first,block_major,head_first,6.065462,1.7887766766,0,0,true
llama_gqa,32,8,128,1,16384,64,47,8,0,block_major_block_first,block_major,block_first,5.509488,1.7887766766,0,0,true
llama_gqa,32,8,128,1,16384,64,47,8,1,head_major_block_first,head_major,block_first,5.78749,1.7887766766,0,0,true
llama_gqa,32,8,128,1,16384,64,47,8,2,head_major_head_first,head_major,head_first,5.627207,1.7887766766,0,0,true
llama_gqa,32,8,128,1,16384,64,47,8,3,block_major_head_first,block_major,head_first,6.045361,1.7887766766,0,0,true
llama_gqa,32,8,128,1,16384,64,47,9,0,block_major_head_first,block_major,head_first,5.856265,1.7887766766,0,0,true
llama_gqa,32,8,128,1,16384,64,47,9,1,head_major_block_first,head_major,block_first,5.729491,1.7887766766,0,0,true
llama_gqa,32,8,128,1,16384,64,47,9,2,head_major_head_first,head_major,head_first,5.636221,1.7887766766,0,0,true
llama_gqa,32,8,128,1,16384,64,47,9,3,block_major_block_first,block_major,block_first,5.797676,1.7887766766,0,0,true
llama_gqa,32,8,128,1,16384,64,47,10,0,head_major_block_first,head_major,block_first,5.646856,1.7887766766,0,0,true
llama_gqa,32,8,128,1,16384,64,47,10,1,head_major_head_first,head_major,head_first,5.474655,1.7887766766,0,0,true
llama_gqa,32,8,128,1,16384,64,47,10,2,block_major_block_first,block_major,block_first,5.667728,1.7887766766,0,0,true
llama_gqa,32,8,128,1,16384,64,47,10,3,block_major_head_first,block_major,head_first,6.138101,1.7887766766,0,0,true
llama_gqa,32,8,128,1,16384,64,47,11,0,block_major_block_first,block_major,block_first,5.508407,1.7887766766,0,0,true
llama_gqa,32,8,128,1,16384,64,47,11,1,head_major_block_first,head_major,block_first,5.732446,1.7887766766,0,0,true
llama_gqa,32,8,128,1,16384,64,47,11,2,head_major_head_first,head_major,head_first,5.642751,1.7887766766,0,0,true
llama_gqa,32,8,128,1,16384,64,47,11,3,block_major_head_first,block_major,head_first,6.109248,1.7887766766,0,0,true
llama_gqa,32,8,128,1,16384,64,47,12,0,block_major_head_first,block_major,head_first,5.810094,1.7887766766,0,0,true
llama_gqa,32,8,128,1,16384,64,47,12,1,head_major_block_first,head_major,block_first,5.816223,1.7887766766,0,0,true
llama_gqa,32,8,128,1,16384,64,47,12,2,head_major_head_first,head_major,head_first,5.611463,1.7887766766,0,0,true
llama_gqa,32,8,128,1,16384,64,47,12,3,block_major_block_first,block_major,block_first,5.602239,1.7887766766,0,0,true
llama_gqa,32,8,128,1,16384,64,47,13,0,head_major_head_first,head_major,head_first,5.546164,1.7887766766,0,0,true
llama_gqa,32,8,128,1,16384,64,47,13,1,block_major_block_first,block_major,block_first,5.57665,1.7887766766,0,0,true
llama_gqa,32,8,128,1,16384,64,47,13,2,block_major_head_first,block_major,head_first,6.083759,1.7887766766,0,0,true
llama_gqa,32,8,128,1,16384,64,47,13,3,head_major_block_first,head_major,block_first,5.70174,1.7887766766,0,0,true
llama_gqa,32,8,128,1,16384,64,47,14,0,block_major_block_first,block_major,block_first,5.600756,1.7887766766,0,0,true
llama_gqa,32,8,128,1,16384,64,47,14,1,block_major_head_first,block_major,head_first,5.955556,1.7887766766,0,0,true
llama_gqa,32,8,128,1,16384,64,47,14,2,head_major_block_first,head_major,block_first,5.7412,1.7887766766,0,0,true
llama_gqa,32,8,128,1,16384,64,47,14,3,head_major_head_first,head_major,head_first,5.620366,1.7887766766,0,0,true
llama_gqa,32,8,128,1,16384,64,47,15,0,head_major_head_first,head_major,head_first,5.651434,1.7887766766,0,0,true
llama_gqa,32,8,128,1,16384,64,47,15,1,head_major_block_first,head_major,block_first,5.636281,1.7887766766,0,0,true
llama_gqa,32,8,128,1,16384,64,47,15,2,block_major_head_first,block_major,head_first,6.055216,1.7887766766,0,0,true
llama_gqa,32,8,128,1,16384,64,47,15,3,block_major_block_first,block_major,block_first,5.638304,1.7887766766,0,0,true
llama_gqa,32,8,128,1,16384,64,47,16,0,head_major_block_first,head_major,block_first,5.804335,1.7887766766,0,0,true
llama_gqa,32,8,128,1,16384,64,47,16,1,block_major_block_first,block_major,block_first,5.815422,1.7887766766,0,0,true
llama_gqa,32,8,128,1,16384,64,47,16,2,head_major_head_first,head_major,head_first,5.655049,1.7887766766,0,0,true
llama_gqa,32,8,128,1,16384,64,47,16,3,block_major_head_first,block_major,head_first,6.061796,1.7887766766,0,0,true
llama_gqa,32,8,128,1,16384,64,47,17,0,block_major_block_first,block_major,block_first,5.514916,1.7887766766,0,0,true
llama_gqa,32,8,128,1,16384,64,47,17,1,head_major_head_first,head_major,head_first,5.680667,1.7887766766,0,0,true
llama_gqa,32,8,128,1,16384,64,47,17,2,head_major_block_first,head_major,block_first,5.729653,1.7887766766,0,0,true
llama_gqa,32,8,128,1,16384,64,47,17,3,block_major_head_first,block_major,head_first,6.041145,1.7887766766,0,0,true
llama_gqa,32,8,128,1,16384,64,47,18,0,head_major_block_first,head_major,block_first,5.727369,1.7887766766,0,0,true
llama_gqa,32,8,128,1,16384,64,47,18,1,head_major_head_first,head_major,head_first,5.637713,1.7887766766,0,0,true
llama_gqa,32,8,128,1,16384,64,47,18,2,block_major_head_first,block_major,head_first,5.995836,1.7887766766,0,0,true
llama_gqa,32,8,128,1,16384,64,47,18,3,block_major_block_first,block_major,block_first,5.618584,1.7887766766,0,0,true
llama_gqa,32,8,128,1,16384,64,47,19,0,block_major_block_first,block_major,block_first,5.658584,1.7887766766,0,0,true
llama_gqa,32,8,128,1,16384,64,47,19,1,head_major_block_first,head_major,block_first,5.805247,1.7887766766,0,0,true
llama_gqa,32,8,128,1,16384,64,47,19,2,block_major_head_first,block_major,head_first,5.941373,1.7887766766,0,0,true
llama_gqa,32,8,128,1,16384,64,47,19,3,head_major_head_first,head_major,head_first,5.716502,1.7887766766,0,0,true
llama_gqa,32,8,128,4,512,64,11,0,0,block_major_block_first,block_major,block_first,0.594672,13.0418069913,0,0,true
llama_gqa,32,8,128,4,512,64,11,0,1,head_major_head_first,head_major,head_first,0.604747,13.0418069913,0,0,true
llama_gqa,32,8,128,4,512,64,11,0,2,head_major_block_first,head_major,block_first,0.596655,13.0418069913,0,0,true
llama_gqa,32,8,128,4,512,64,11,0,3,block_major_head_first,block_major,head_first,0.602294,13.0418069913,0,0,true
llama_gqa,32,8,128,4,512,64,11,1,0,block_major_block_first,block_major,block_first,0.592509,13.0418069913,0,0,true
llama_gqa,32,8,128,4,512,64,11,1,1,head_major_head_first,head_major,head_first,0.599379,13.0418069913,0,0,true
llama_gqa,32,8,128,4,512,64,11,1,2,head_major_block_first,head_major,block_first,0.596515,13.0418069913,0,0,true
llama_gqa,32,8,128,4,512,64,11,1,3,block_major_head_first,block_major,head_first,0.608043,13.0418069913,0,0,true
llama_gqa,32,8,128,4,512,64,11,2,0,head_major_head_first,head_major,head_first,0.598107,13.0418069913,0,0,true
llama_gqa,32,8,128,4,512,64,11,2,1,block_major_block_first,block_major,block_first,0.593661,13.0418069913,0,0,true
llama_gqa,32,8,128,4,512,64,11,2,2,block_major_head_first,block_major,head_first,0.593971,13.0418069913,0,0,true
llama_gqa,32,8,128,4,512,64,11,2,3,head_major_block_first,head_major,block_first,0.603806,13.0418069913,0,0,true
llama_gqa,32,8,128,4,512,64,11,3,0,head_major_head_first,head_major,head_first,0.594442,13.0418069913,0,0,true
llama_gqa,32,8,128,4,512,64,11,3,1,head_major_block_first,head_major,block_first,0.595944,13.0418069913,0,0,true
llama_gqa,32,8,128,4,512,64,11,3,2,block_major_head_first,block_major,head_first,0.648684,13.0418069913,0,0,true
llama_gqa,32,8,128,4,512,64,11,3,3,block_major_block_first,block_major,block_first,0.591097,13.0418069913,0,0,true
llama_gqa,32,8,128,4,512,64,11,4,0,head_major_block_first,head_major,block_first,0.604918,13.0418069913,0,0,true
llama_gqa,32,8,128,4,512,64,11,4,1,head_major_head_first,head_major,head_first,0.594682,13.0418069913,0,0,true
llama_gqa,32,8,128,4,512,64,11,4,2,block_major_block_first,block_major,block_first,0.594372,13.0418069913,0,0,true
llama_gqa,32,8,128,4,512,64,11,4,3,block_major_head_first,block_major,head_first,0.594342,13.0418069913,0,0,true
llama_gqa,32,8,128,4,512,64,11,5,0,head_major_head_first,head_major,head_first,0.608894,13.0418069913,0,0,true
llama_gqa,32,8,128,4,512,64,11,5,1,block_major_block_first,block_major,block_first,0.593851,13.0418069913,0,0,true
llama_gqa,32,8,128,4,512,64,11,5,2,block_major_head_first,block_major,head_first,0.592419,13.0418069913,0,0,true
llama_gqa,32,8,128,4,512,64,11,5,3,head_major_block_first,head_major,block_first,0.603635,13.0418069913,0,0,true
llama_gqa,32,8,128,4,512,64,11,6,0,block_major_block_first,block_major,block_first,0.591538,13.0418069913,0,0,true
llama_gqa,32,8,128,4,512,64,11,6,1,head_major_block_first,head_major,block_first,0.603406,13.0418069913,0,0,true
llama_gqa,32,8,128,4,512,64,11,6,2,head_major_head_first,head_major,head_first,0.594461,13.0418069913,0,0,true
llama_gqa,32,8,128,4,512,64,11,6,3,block_major_head_first,block_major,head_first,0.607191,13.0418069913,0,0,true
llama_gqa,32,8,128,4,512,64,11,7,0,block_major_block_first,block_major,block_first,0.590225,13.0418069913,0,0,true
llama_gqa,32,8,128,4,512,64,11,7,1,block_major_head_first,block_major,head_first,0.592389,13.0418069913,0,0,true
llama_gqa,32,8,128,4,512,64,11,7,2,head_major_block_first,head_major,block_first,0.60654,13.0418069913,0,0,true
llama_gqa,32,8,128,4,512,64,11,7,3,head_major_head_first,head_major,head_first,0.594632,13.0418069913,0,0,true
llama_gqa,32,8,128,4,512,64,11,8,0,block_major_block_first,block_major,block_first,0.597536,13.0418069913,0,0,true
llama_gqa,32,8,128,4,512,64,11,8,1,head_major_head_first,head_major,head_first,0.604898,13.0418069913,0,0,true
llama_gqa,32,8,128,4,512,64,11,8,2,head_major_block_first,head_major,block_first,0.595634,13.0418069913,0,0,true
llama_gqa,32,8,128,4,512,64,11,8,3,block_major_head_first,block_major,head_first,0.601943,13.0418069913,0,0,true
llama_gqa,32,8,128,4,512,64,11,9,0,head_major_head_first,head_major,head_first,0.595153,13.0418069913,0,0,true
llama_gqa,32,8,128,4,512,64,11,9,1,head_major_block_first,head_major,block_first,0.596375,13.0418069913,0,0,true
llama_gqa,32,8,128,4,512,64,11,9,2,block_major_block_first,block_major,block_first,0.594301,13.0418069913,0,0,true
llama_gqa,32,8,128,4,512,64,11,9,3,block_major_head_first,block_major,head_first,0.594182,13.0418069913,0,0,true
llama_gqa,32,8,128,4,512,64,11,10,0,head_major_head_first,head_major,head_first,0.605408,13.0418069913,0,0,true
llama_gqa,32,8,128,4,512,64,11,10,1,block_major_head_first,block_major,head_first,0.599549,13.0418069913,0,0,true
llama_gqa,32,8,128,4,512,64,11,10,2,block_major_block_first,block_major,block_first,0.590255,13.0418069913,0,0,true
llama_gqa,32,8,128,4,512,64,11,10,3,head_major_block_first,head_major,block_first,0.603576,13.0418069913,0,0,true
llama_gqa,32,8,128,4,512,64,11,11,0,block_major_head_first,block_major,head_first,0.596846,13.0418069913,0,0,true
llama_gqa,32,8,128,4,512,64,11,11,1,head_major_head_first,head_major,head_first,0.597036,13.0418069913,0,0,true
llama_gqa,32,8,128,4,512,64,11,11,2,head_major_block_first,head_major,block_first,0.602544,13.0418069913,0,0,true
llama_gqa,32,8,128,4,512,64,11,11,3,block_major_block_first,block_major,block_first,0.594382,13.0418069913,0,0,true
llama_gqa,32,8,128,4,512,64,11,12,0,head_major_head_first,head_major,head_first,0.596825,13.0418069913,0,0,true
llama_gqa,32,8,128,4,512,64,11,12,1,head_major_block_first,head_major,block_first,0.595423,13.0418069913,0,0,true
llama_gqa,32,8,128,4,512,64,11,12,2,block_major_block_first,block_major,block_first,0.594653,13.0418069913,0,0,true
llama_gqa,32,8,128,4,512,64,11,12,3,block_major_head_first,block_major,head_first,0.593991,13.0418069913,0,0,true
llama_gqa,32,8,128,4,512,64,11,13,0,block_major_head_first,block_major,head_first,0.590837,13.0418069913,0,0,true
llama_gqa,32,8,128,4,512,64,11,13,1,block_major_block_first,block_major,block_first,0.596395,13.0418069913,0,0,true
llama_gqa,32,8,128,4,512,64,11,13,2,head_major_head_first,head_major,head_first,0.600922,13.0418069913,0,0,true
llama_gqa,32,8,128,4,512,64,11,13,3,head_major_block_first,head_major,block_first,0.597326,13.0418069913,0,0,true
llama_gqa,32,8,128,4,512,64,11,14,0,head_major_head_first,head_major,head_first,0.595333,13.0418069913,0,0,true
llama_gqa,32,8,128,4,512,64,11,14,1,block_major_block_first,block_major,block_first,0.594863,13.0418069913,0,0,true
llama_gqa,32,8,128,4,512,64,11,14,2,block_major_head_first,block_major,head_first,0.590817,13.0418069913,0,0,true
llama_gqa,32,8,128,4,512,64,11,14,3,head_major_block_first,head_major,block_first,0.610236,13.0418069913,0,0,true
llama_gqa,32,8,128,4,512,64,11,15,0,block_major_head_first,block_major,head_first,0.597126,13.0418069913,0,0,true
llama_gqa,32,8,128,4,512,64,11,15,1,head_major_head_first,head_major,head_first,0.596645,13.0418069913,0,0,true
llama_gqa,32,8,128,4,512,64,11,15,2,block_major_block_first,block_major,block_first,0.591938,13.0418069913,0,0,true
llama_gqa,32,8,128,4,512,64,11,15,3,head_major_block_first,head_major,block_first,0.602724,13.0418069913,0,0,true
llama_gqa,32,8,128,4,512,64,11,16,0,block_major_block_first,block_major,block_first,0.592919,13.0418069913,0,0,true
llama_gqa,32,8,128,4,512,64,11,16,1,head_major_block_first,head_major,block_first,0.601032,13.0418069913,0,0,true
llama_gqa,32,8,128,4,512,64,11,16,2,head_major_head_first,head_major,head_first,0.59997,13.0418069913,0,0,true
llama_gqa,32,8,128,4,512,64,11,16,3,block_major_head_first,block_major,head_first,0.599981,13.0418069913,0,0,true
llama_gqa,32,8,128,4,512,64,11,17,0,head_major_head_first,head_major,head_first,0.595874,13.0418069913,0,0,true
llama_gqa,32,8,128,4,512,64,11,17,1,head_major_block_first,head_major,block_first,0.595343,13.0418069913,0,0,true
llama_gqa,32,8,128,4,512,64,11,17,2,block_major_block_first,block_major,block_first,0.595623,13.0418069913,0,0,true
llama_gqa,32,8,128,4,512,64,11,17,3,block_major_head_first,block_major,head_first,0.592709,13.0418069913,0,0,true
llama_gqa,32,8,128,4,512,64,11,18,0,block_major_block_first,block_major,block_first,0.597026,13.0418069913,0,0,true
llama_gqa,32,8,128,4,512,64,11,18,1,head_major_head_first,head_major,head_first,0.59988,13.0418069913,0,0,true
llama_gqa,32,8,128,4,512,64,11,18,2,head_major_block_first,head_major,block_first,0.595213,13.0418069913,0,0,true
llama_gqa,32,8,128,4,512,64,11,18,3,block_major_head_first,block_major,head_first,0.60004,13.0418069913,0,0,true
llama_gqa,32,8,128,4,512,64,11,19,0,block_major_head_first,block_major,head_first,0.591297,13.0418069913,0,0,true
llama_gqa,32,8,128,4,512,64,11,19,1,head_major_head_first,head_major,head_first,0.598878,13.0418069913,0,0,true
llama_gqa,32,8,128,4,512,64,11,19,2,block_major_block_first,block_major,block_first,0.59305,13.0418069913,0,0,true
llama_gqa,32,8,128,4,512,64,11,19,3,head_major_block_first,head_major,block_first,0.607682,13.0418069913,0,0,true
llama_gqa,32,8,128,4,512,64,29,0,0,head_major_block_first,head_major,block_first,0.598778,6.34827591308,0,0,true
llama_gqa,32,8,128,4,512,64,29,0,1,head_major_head_first,head_major,head_first,0.594011,6.34827591308,0,0,true
llama_gqa,32,8,128,4,512,64,29,0,2,block_major_head_first,block_major,head_first,0.603406,6.34827591308,0,0,true
llama_gqa,32,8,128,4,512,64,29,0,3,block_major_block_first,block_major,block_first,0.59994,6.34827591308,0,0,true
llama_gqa,32,8,128,4,512,64,29,1,0,block_major_head_first,block_major,head_first,0.591948,6.34827591308,0,0,true
llama_gqa,32,8,128,4,512,64,29,1,1,block_major_block_first,block_major,block_first,0.589534,6.34827591308,0,0,true
llama_gqa,32,8,128,4,512,64,29,1,2,head_major_block_first,head_major,block_first,0.608153,6.34827591308,0,0,true
llama_gqa,32,8,128,4,512,64,29,1,3,head_major_head_first,head_major,head_first,0.595484,6.34827591308,0,0,true
llama_gqa,32,8,128,4,512,64,29,2,0,block_major_block_first,block_major,block_first,0.594382,6.34827591308,0,0,true
llama_gqa,32,8,128,4,512,64,29,2,1,head_major_head_first,head_major,head_first,0.600662,6.34827591308,0,0,true
llama_gqa,32,8,128,4,512,64,29,2,2,head_major_block_first,head_major,block_first,0.594993,6.34827591308,0,0,true
llama_gqa,32,8,128,4,512,64,29,2,3,block_major_head_first,block_major,head_first,0.59964,6.34827591308,0,0,true
llama_gqa,32,8,128,4,512,64,29,3,0,head_major_head_first,head_major,head_first,0.595403,6.34827591308,0,0,true
llama_gqa,32,8,128,4,512,64,29,3,1,head_major_block_first,head_major,block_first,0.594793,6.34827591308,0,0,true
llama_gqa,32,8,128,4,512,64,29,3,2,block_major_block_first,block_major,block_first,0.594061,6.34827591308,0,0,true
llama_gqa,32,8,128,4,512,64,29,3,3,block_major_head_first,block_major,head_first,0.594011,6.34827591308,0,0,true
llama_gqa,32,8,128,4,512,64,29,4,0,head_major_head_first,head_major,head_first,0.607842,6.34827591308,0,0,true
llama_gqa,32,8,128,4,512,64,29,4,1,block_major_block_first,block_major,block_first,0.593801,6.34827591308,0,0,true
llama_gqa,32,8,128,4,512,64,29,4,2,head_major_block_first,head_major,block_first,0.602123,6.34827591308,0,0,true
llama_gqa,32,8,128,4,512,64,29,4,3,block_major_head_first,block_major,head_first,0.598618,6.34827591308,0,0,true
llama_gqa,32,8,128,4,512,64,29,5,0,head_major_head_first,head_major,head_first,0.596805,6.34827591308,0,0,true
llama_gqa,32,8,128,4,512,64,29,5,1,block_major_block_first,block_major,block_first,0.592629,6.34827591308,0,0,true
llama_gqa,32,8,128,4,512,64,29,5,2,block_major_head_first,block_major,head_first,0.597597,6.34827591308,0,0,true
llama_gqa,32,8,128,4,512,64,29,5,3,head_major_block_first,head_major,block_first,0.605578,6.34827591308,0,0,true
llama_gqa,32,8,128,4,512,64,29,6,0,block_major_head_first,block_major,head_first,0.597907,6.34827591308,0,0,true
llama_gqa,32,8,128,4,512,64,29,6,1,head_major_head_first,head_major,head_first,0.60014,6.34827591308,0,0,true
llama_gqa,32,8,128,4,512,64,29,6,2,head_major_block_first,head_major,block_first,0.596004,6.34827591308,0,0,true
llama_gqa,32,8,128,4,512,64,29,6,3,block_major_block_first,block_major,block_first,0.595453,6.34827591308,0,0,true
llama_gqa,32,8,128,4,512,64,29,7,0,block_major_head_first,block_major,head_first,0.59319,6.34827591308,0,0,true
llama_gqa,32,8,128,4,512,64,29,7,1,head_major_head_first,head_major,head_first,0.604046,6.34827591308,0,0,true
llama_gqa,32,8,128,4,512,64,29,7,2,block_major_block_first,block_major,block_first,0.592118,6.34827591308,0,0,true
llama_gqa,32,8,128,4,512,64,29,7,3,head_major_block_first,head_major,block_first,0.601092,6.34827591308,0,0,true
llama_gqa,32,8,128,4,512,64,29,8,0,head_major_block_first,head_major,block_first,0.595253,6.34827591308,0,0,true
llama_gqa,32,8,128,4,512,64,29,8,1,block_major_head_first,block_major,head_first,0.59973,6.34827591308,0,0,true
llama_gqa,32,8,128,4,512,64,29,8,2,head_major_head_first,head_major,head_first,0.598578,6.34827591308,0,0,true
llama_gqa,32,8,128,4,512,64,29,8,3,block_major_block_first,block_major,block_first,0.607552,6.34827591308,0,0,true
llama_gqa,32,8,128,4,512,64,29,9,0,head_major_head_first,head_major,head_first,0.597777,6.34827591308,0,0,true
llama_gqa,32,8,128,4,512,64,29,9,1,block_major_block_first,block_major,block_first,0.59295,6.34827591308,0,0,true
llama_gqa,32,8,128,4,512,64,29,9,2,block_major_head_first,block_major,head_first,0.592489,6.34827591308,0,0,true
llama_gqa,32,8,128,4,512,64,29,9,3,head_major_block_first,head_major,block_first,0.604217,6.34827591308,0,0,true
llama_gqa,32,8,128,4,512,64,29,10,0,block_major_head_first,block_major,head_first,0.597937,6.34827591308,0,0,true
llama_gqa,32,8,128,4,512,64,29,10,1,block_major_block_first,block_major,block_first,0.590576,6.34827591308,0,0,true
llama_gqa,32,8,128,4,512,64,29,10,2,head_major_block_first,head_major,block_first,0.609725,6.34827591308,0,0,true
llama_gqa,32,8,128,4,512,64,29,10,3,head_major_head_first,head_major,head_first,0.594522,6.34827591308,0,0,true
llama_gqa,32,8,128,4,512,64,29,11,0,block_major_head_first,block_major,head_first,0.601693,6.34827591308,0,0,true
llama_gqa,32,8,128,4,512,64,29,11,1,head_major_block_first,head_major,block_first,0.601453,6.34827591308,0,0,true
llama_gqa,32,8,128,4,512,64,29,11,2,head_major_head_first,head_major,head_first,0.59342,6.34827591308,0,0,true
llama_gqa,32,8,128,4,512,64,29,11,3,block_major_block_first,block_major,block_first,0.598397,6.34827591308,0,0,true
llama_gqa,32,8,128,4,512,64,29,12,0,head_major_head_first,head_major,head_first,0.635304,6.34827591308,0,0,true
llama_gqa,32,8,128,4,512,64,29,12,1,block_major_block_first,block_major,block_first,0.593921,6.34827591308,0,0,true
llama_gqa,32,8,128,4,512,64,29,12,2,block_major_head_first,block_major,head_first,0.594572,6.34827591308,0,0,true
llama_gqa,32,8,128,4,512,64,29,12,3,head_major_block_first,head_major,block_first,0.603355,6.34827591308,0,0,true
llama_gqa,32,8,128,4,512,64,29,13,0,head_major_head_first,head_major,head_first,0.595704,6.34827591308,0,0,true
llama_gqa,32,8,128,4,512,64,29,13,1,block_major_block_first,block_major,block_first,0.595533,6.34827591308,0,0,true
llama_gqa,32,8,128,4,512,64,29,13,2,block_major_head_first,block_major,head_first,0.59313,6.34827591308,0,0,true
llama_gqa,32,8,128,4,512,64,29,13,3,head_major_block_first,head_major,block_first,0.617016,6.34827591308,0,0,true
llama_gqa,32,8,128,4,512,64,29,14,0,block_major_block_first,block_major,block_first,0.592839,6.34827591308,0,0,true
llama_gqa,32,8,128,4,512,64,29,14,1,block_major_head_first,block_major,head_first,0.592589,6.34827591308,0,0,true
llama_gqa,32,8,128,4,512,64,29,14,2,head_major_head_first,head_major,head_first,0.600681,6.34827591308,0,0,true
llama_gqa,32,8,128,4,512,64,29,14,3,head_major_block_first,head_major,block_first,0.595954,6.34827591308,0,0,true
llama_gqa,32,8,128,4,512,64,29,15,0,block_major_block_first,block_major,block_first,0.59332,6.34827591308,0,0,true
llama_gqa,32,8,128,4,512,64,29,15,1,head_major_head_first,head_major,head_first,0.603455,6.34827591308,0,0,true
llama_gqa,32,8,128,4,512,64,29,15,2,head_major_block_first,head_major,block_first,0.594952,6.34827591308,0,0,true
llama_gqa,32,8,128,4,512,64,29,15,3,block_major_head_first,block_major,head_first,0.601483,6.34827591308,0,0,true
llama_gqa,32,8,128,4,512,64,29,16,0,head_major_block_first,head_major,block_first,0.601723,6.34827591308,0,0,true
llama_gqa,32,8,128,4,512,64,29,16,1,head_major_head_first,head_major,head_first,0.594982,6.34827591308,0,0,true
llama_gqa,32,8,128,4,512,64,29,16,2,block_major_block_first,block_major,block_first,0.595133,6.34827591308,0,0,true
llama_gqa,32,8,128,4,512,64,29,16,3,block_major_head_first,block_major,head_first,0.594552,6.34827591308,0,0,true
llama_gqa,32,8,128,4,512,64,29,17,0,head_major_head_first,head_major,head_first,0.60632,6.34827591308,0,0,true
llama_gqa,32,8,128,4,512,64,29,17,1,block_major_block_first,block_major,block_first,0.59317,6.34827591308,0,0,true
llama_gqa,32,8,128,4,512,64,29,17,2,head_major_block_first,head_major,block_first,0.602574,6.34827591308,0,0,true
llama_gqa,32,8,128,4,512,64,29,17,3,block_major_head_first,block_major,head_first,0.596435,6.34827591308,0,0,true
llama_gqa,32,8,128,4,512,64,29,18,0,head_major_block_first,head_major,block_first,0.601422,6.34827591308,0,0,true
llama_gqa,32,8,128,4,512,64,29,18,1,block_major_head_first,block_major,head_first,0.597627,6.34827591308,0,0,true
llama_gqa,32,8,128,4,512,64,29,18,2,head_major_head_first,head_major,head_first,0.602955,6.34827591308,0,0,true
llama_gqa,32,8,128,4,512,64,29,18,3,block_major_block_first,block_major,block_first,0.592719,6.34827591308,0,0,true
llama_gqa,32,8,128,4,512,64,29,19,0,head_major_head_first,head_major,head_first,0.596906,6.34827591308,0,0,true
llama_gqa,32,8,128,4,512,64,29,19,1,head_major_block_first,head_major,block_first,0.597426,6.34827591308,0,0,true
llama_gqa,32,8,128,4,512,64,29,19,2,block_major_block_first,block_major,block_first,0.596105,6.34827591308,0,0,true
llama_gqa,32,8,128,4,512,64,29,19,3,block_major_head_first,block_major,head_first,0.593891,6.34827591308,0,0,true
llama_gqa,32,8,128,4,512,64,47,0,0,head_major_head_first,head_major,head_first,0.593721,-1.50856387377,0,0,true
llama_gqa,32,8,128,4,512,64,47,0,1,block_major_head_first,block_major,head_first,0.600091,-1.50856387377,0,0,true
llama_gqa,32,8,128,4,512,64,47,0,2,block_major_block_first,block_major,block_first,0.592259,-1.50856387377,0,0,true
llama_gqa,32,8,128,4,512,64,47,0,3,head_major_block_first,head_major,block_first,0.604858,-1.50856387377,0,0,true
llama_gqa,32,8,128,4,512,64,47,1,0,head_major_head_first,head_major,head_first,0.594853,-1.50856387377,0,0,true
llama_gqa,32,8,128,4,512,64,47,1,1,block_major_head_first,block_major,head_first,0.608924,-1.50856387377,0,0,true
llama_gqa,32,8,128,4,512,64,47,1,2,head_major_block_first,head_major,block_first,0.601512,-1.50856387377,0,0,true
llama_gqa,32,8,128,4,512,64,47,1,3,block_major_block_first,block_major,block_first,0.592919,-1.50856387377,0,0,true
llama_gqa,32,8,128,4,512,64,47,2,0,head_major_block_first,head_major,block_first,0.602875,-1.50856387377,0,0,true
llama_gqa,32,8,128,4,512,64,47,2,1,block_major_head_first,block_major,head_first,0.59926,-1.50856387377,0,0,true
llama_gqa,32,8,128,4,512,64,47,2,2,head_major_head_first,head_major,head_first,0.597236,-1.50856387377,0,0,true
llama_gqa,32,8,128,4,512,64,47,2,3,block_major_block_first,block_major,block_first,0.599098,-1.50856387377,0,0,true
llama_gqa,32,8,128,4,512,64,47,3,0,block_major_head_first,block_major,head_first,0.592169,-1.50856387377,0,0,true
llama_gqa,32,8,128,4,512,64,47,3,1,head_major_head_first,head_major,head_first,0.596936,-1.50856387377,0,0,true
llama_gqa,32,8,128,4,512,64,47,3,2,block_major_block_first,block_major,block_first,0.594011,-1.50856387377,0,0,true
llama_gqa,32,8,128,4,512,64,47,3,3,head_major_block_first,head_major,block_first,0.602504,-1.50856387377,0,0,true
llama_gqa,32,8,128,4,512,64,47,4,0,block_major_block_first,block_major,block_first,0.592649,-1.50856387377,0,0,true
llama_gqa,32,8,128,4,512,64,47,4,1,head_major_block_first,head_major,block_first,0.603355,-1.50856387377,0,0,true
llama_gqa,32,8,128,4,512,64,47,4,2,block_major_head_first,block_major,head_first,0.605959,-1.50856387377,0,0,true
llama_gqa,32,8,128,4,512,64,47,4,3,head_major_head_first,head_major,head_first,0.597877,-1.50856387377,0,0,true
llama_gqa,32,8,128,4,512,64,47,5,0,block_major_block_first,block_major,block_first,0.59299,-1.50856387377,0,0,true
llama_gqa,32,8,128,4,512,64,47,5,1,head_major_head_first,head_major,head_first,0.596995,-1.50856387377,0,0,true
llama_gqa,32,8,128,4,512,64,47,5,2,head_major_block_first,head_major,block_first,0.596144,-1.50856387377,0,0,true
llama_gqa,32,8,128,4,512,64,47,5,3,block_major_head_first,block_major,head_first,0.597786,-1.50856387377,0,0,true
llama_gqa,32,8,128,4,512,64,47,6,0,block_major_block_first,block_major,block_first,0.596775,-1.50856387377,0,0,true
llama_gqa,32,8,128,4,512,64,47,6,1,head_major_block_first,head_major,block_first,0.602054,-1.50856387377,0,0,true
llama_gqa,32,8,128,4,512,64,47,6,2,block_major_head_first,block_major,head_first,0.596575,-1.50856387377,0,0,true
llama_gqa,32,8,128,4,512,64,47,6,3,head_major_head_first,head_major,head_first,0.596585,-1.50856387377,0,0,true
llama_gqa,32,8,128,4,512,64,47,7,0,block_major_head_first,block_major,head_first,0.596205,-1.50856387377,0,0,true
llama_gqa,32,8,128,4,512,64,47,7,1,head_major_head_first,head_major,head_first,0.596715,-1.50856387377,0,0,true
llama_gqa,32,8,128,4,512,64,47,7,2,head_major_block_first,head_major,block_first,0.596265,-1.50856387377,0,0,true
llama_gqa,32,8,128,4,512,64,47,7,3,block_major_block_first,block_major,block_first,0.635334,-1.50856387377,0,0,true
llama_gqa,32,8,128,4,512,64,47,8,0,head_major_head_first,head_major,head_first,0.599059,-1.50856387377,0,0,true
llama_gqa,32,8,128,4,512,64,47,8,1,block_major_block_first,block_major,block_first,0.59287,-1.50856387377,0,0,true
llama_gqa,32,8,128,4,512,64,47,8,2,head_major_block_first,head_major,block_first,0.601422,-1.50856387377,0,0,true
llama_gqa,32,8,128,4,512,64,47,8,3,block_major_head_first,block_major,head_first,0.598317,-1.50856387377,0,0,true
llama_gqa,32,8,128,4,512,64,47,9,0,head_major_block_first,head_major,block_first,0.601011,-1.50856387377,0,0,true
llama_gqa,32,8,128,4,512,64,47,9,1,head_major_head_first,head_major,head_first,0.602434,-1.50856387377,0,0,true
llama_gqa,32,8,128,4,512,64,47,9,2,block_major_head_first,block_major,head_first,0.600751,-1.50856387377,0,0,true
llama_gqa,32,8,128,4,512,64,47,9,3,block_major_block_first,block_major,block_first,0.591097,-1.50856387377,0,0,true
llama_gqa,32,8,128,4,512,64,47,10,0,head_major_head_first,head_major,head_first,0.598799,-1.50856387377,0,0,true
llama_gqa,32,8,128,4,512,64,47,10,1,head_major_block_first,head_major,block_first,0.596164,-1.50856387377,0,0,true
llama_gqa,32,8,128,4,512,64,47,10,2,block_major_head_first,block_major,head_first,0.600191,-1.50856387377,0,0,true
llama_gqa,32,8,128,4,512,64,47,10,3,block_major_block_first,block_major,block_first,0.589765,-1.50856387377,0,0,true
llama_gqa,32,8,128,4,512,64,47,11,0,head_major_block_first,head_major,block_first,0.604116,-1.50856387377,0,0,true
llama_gqa,32,8,128,4,512,64,47,11,1,block_major_head_first,block_major,head_first,0.598047,-1.50856387377,0,0,true
llama_gqa,32,8,128,4,512,64,47,11,2,block_major_block_first,block_major,block_first,0.590415,-1.50856387377,0,0,true
llama_gqa,32,8,128,4,512,64,47,11,3,head_major_head_first,head_major,head_first,0.597216,-1.50856387377,0,0,true
llama_gqa,32,8,128,4,512,64,47,12,0,block_major_head_first,block_major,head_first,0.596896,-1.50856387377,0,0,true
llama_gqa,32,8,128,4,512,64,47,12,1,head_major_block_first,head_major,block_first,0.601592,-1.50856387377,0,0,true
llama_gqa,32,8,128,4,512,64,47,12,2,block_major_block_first,block_major,block_first,0.603435,-1.50856387377,0,0,true
llama_gqa,32,8,128,4,512,64,47,12,3,head_major_head_first,head_major,head_first,0.596355,-1.50856387377,0,0,true
llama_gqa,32,8,128,4,512,64,47,13,0,head_major_head_first,head_major,head_first,0.59327,-1.50856387377,0,0,true
llama_gqa,32,8,128,4,512,64,47,13,1,block_major_block_first,block_major,block_first,0.594482,-1.50856387377,0,0,true
llama_gqa,32,8,128,4,512,64,47,13,2,block_major_head_first,block_major,head_first,0.59355,-1.50856387377,0,0,true
llama_gqa,32,8,128,4,512,64,47,13,3,head_major_block_first,head_major,block_first,0.605449,-1.50856387377,0,0,true
llama_gqa,32,8,128,4,512,64,47,14,0,head_major_block_first,head_major,block_first,0.608874,-1.50856387377,0,0,true
llama_gqa,32,8,128,4,512,64,47,14,1,head_major_head_first,head_major,head_first,0.593931,-1.50856387377,0,0,true
llama_gqa,32,8,128,4,512,64,47,14,2,block_major_head_first,block_major,head_first,0.602124,-1.50856387377,0,0,true
llama_gqa,32,8,128,4,512,64,47,14,3,block_major_block_first,block_major,block_first,0.591308,-1.50856387377,0,0,true
llama_gqa,32,8,128,4,512,64,47,15,0,head_major_head_first,head_major,head_first,0.598138,-1.50856387377,0,0,true
llama_gqa,32,8,128,4,512,64,47,15,1,head_major_block_first,head_major,block_first,0.597506,-1.50856387377,0,0,true
llama_gqa,32,8,128,4,512,64,47,15,2,block_major_block_first,block_major,block_first,0.595303,-1.50856387377,0,0,true
llama_gqa,32,8,128,4,512,64,47,15,3,block_major_head_first,block_major,head_first,0.599609,-1.50856387377,0,0,true
llama_gqa,32,8,128,4,512,64,47,16,0,block_major_head_first,block_major,head_first,0.591458,-1.50856387377,0,0,true
llama_gqa,32,8,128,4,512,64,47,16,1,head_major_block_first,head_major,block_first,0.603926,-1.50856387377,0,0,true
llama_gqa,32,8,128,4,512,64,47,16,2,head_major_head_first,head_major,head_first,0.594081,-1.50856387377,0,0,true
llama_gqa,32,8,128,4,512,64,47,16,3,block_major_block_first,block_major,block_first,0.596154,-1.50856387377,0,0,true
llama_gqa,32,8,128,4,512,64,47,17,0,head_major_head_first,head_major,head_first,0.597707,-1.50856387377,0,0,true
llama_gqa,32,8,128,4,512,64,47,17,1,block_major_block_first,block_major,block_first,0.600651,-1.50856387377,0,0,true
llama_gqa,32,8,128,4,512,64,47,17,2,head_major_block_first,head_major,block_first,0.601392,-1.50856387377,0,0,true
llama_gqa,32,8,128,4,512,64,47,17,3,block_major_head_first,block_major,head_first,0.598427,-1.50856387377,0,0,true
llama_gqa,32,8,128,4,512,64,47,18,0,block_major_head_first,block_major,head_first,0.592128,-1.50856387377,0,0,true
llama_gqa,32,8,128,4,512,64,47,18,1,head_major_block_first,head_major,block_first,0.603626,-1.50856387377,0,0,true
llama_gqa,32,8,128,4,512,64,47,18,2,block_major_block_first,block_major,block_first,0.592499,-1.50856387377,0,0,true
llama_gqa,32,8,128,4,512,64,47,18,3,head_major_head_first,head_major,head_first,0.597126,-1.50856387377,0,0,true
llama_gqa,32,8,128,4,512,64,47,19,0,block_major_head_first,block_major,head_first,0.604357,-1.50856387377,0,0,true
llama_gqa,32,8,128,4,512,64,47,19,1,block_major_block_first,block_major,block_first,0.590315,-1.50856387377,0,0,true
llama_gqa,32,8,128,4,512,64,47,19,2,head_major_block_first,head_major,block_first,0.604908,-1.50856387377,0,0,true
llama_gqa,32,8,128,4,512,64,47,19,3,head_major_head_first,head_major,head_first,0.594662,-1.50856387377,0,0,true
llama_gqa,32,8,128,4,2048,64,11,0,0,block_major_block_first,block_major,block_first,2.731224,5.67604862303,0,0,true
llama_gqa,32,8,128,4,2048,64,11,0,1,head_major_block_first,head_major,block_first,2.788831,5.67604862303,0,0,true
llama_gqa,32,8,128,4,2048,64,11,0,2,head_major_head_first,head_major,head_first,2.706456,5.67604862303,0,0,true
llama_gqa,32,8,128,4,2048,64,11,0,3,block_major_head_first,block_major,head_first,2.843784,5.67604862303,0,0,true
llama_gqa,32,8,128,4,2048,64,11,1,0,head_major_head_first,head_major,head_first,2.736832,5.67604862303,0,0,true
llama_gqa,32,8,128,4,2048,64,11,1,1,block_major_block_first,block_major,block_first,2.714478,5.67604862303,0,0,true
llama_gqa,32,8,128,4,2048,64,11,1,2,block_major_head_first,block_major,head_first,2.793788,5.67604862303,0,0,true
llama_gqa,32,8,128,4,2048,64,11,1,3,head_major_block_first,head_major,block_first,2.812607,5.67604862303,0,0,true
llama_gqa,32,8,128,4,2048,64,11,2,0,head_major_head_first,head_major,head_first,2.720528,5.67604862303,0,0,true
llama_gqa,32,8,128,4,2048,64,11,2,1,block_major_head_first,block_major,head_first,2.82822,5.67604862303,0,0,true
llama_gqa,32,8,128,4,2048,64,11,2,2,head_major_block_first,head_major,block_first,2.797123,5.67604862303,0,0,true
llama_gqa,32,8,128,4,2048,64,11,2,3,block_major_block_first,block_major,block_first,2.747067,5.67604862303,0,0,true
llama_gqa,32,8,128,4,2048,64,11,3,0,block_major_block_first,block_major,block_first,2.704212,5.67604862303,0,0,true
llama_gqa,32,8,128,4,2048,64,11,3,1,block_major_head_first,block_major,head_first,2.81465,5.67604862303,0,0,true
llama_gqa,32,8,128,4,2048,64,11,3,2,head_major_block_first,head_major,block_first,2.819498,5.67604862303,0,0,true
llama_gqa,32,8,128,4,2048,64,11,3,3,head_major_head_first,head_major,head_first,2.736462,5.67604862303,0,0,true
llama_gqa,32,8,128,4,2048,64,11,4,0,block_major_head_first,block_major,head_first,2.836964,5.67604862303,0,0,true
llama_gqa,32,8,128,4,2048,64,11,4,1,head_major_head_first,head_major,head_first,2.75494,5.67604862303,0,0,true
llama_gqa,32,8,128,4,2048,64,11,4,2,head_major_block_first,head_major,block_first,2.76198,5.67604862303,0,0,true
llama_gqa,32,8,128,4,2048,64,11,4,3,block_major_block_first,block_major,block_first,2.784375,5.67604862303,0,0,true
llama_gqa,32,8,128,4,2048,64,11,5,0,head_major_head_first,head_major,head_first,2.717363,5.67604862303,0,0,true
llama_gqa,32,8,128,4,2048,64,11,5,1,block_major_head_first,block_major,head_first,2.832017,5.67604862303,0,0,true
llama_gqa,32,8,128,4,2048,64,11,5,2,head_major_block_first,head_major,block_first,2.768519,5.67604862303,0,0,true
llama_gqa,32,8,128,4,2048,64,11,5,3,block_major_block_first,block_major,block_first,2.739556,5.67604862303,0,0,true
llama_gqa,32,8,128,4,2048,64,11,6,0,head_major_head_first,head_major,head_first,2.725845,5.67604862303,0,0,true
llama_gqa,32,8,128,4,2048,64,11,6,1,block_major_block_first,block_major,block_first,2.742691,5.67604862303,0,0,true
llama_gqa,32,8,128,4,2048,64,11,6,2,head_major_block_first,head_major,block_first,2.751854,5.67604862303,0,0,true
llama_gqa,32,8,128,4,2048,64,11,6,3,block_major_head_first,block_major,head_first,2.816603,5.67604862303,0,0,true
llama_gqa,32,8,128,4,2048,64,11,7,0,block_major_head_first,block_major,head_first,2.803433,5.67604862303,0,0,true
llama_gqa,32,8,128,4,2048,64,11,7,1,head_major_head_first,head_major,head_first,2.737553,5.67604862303,0,0,true
llama_gqa,32,8,128,4,2048,64,11,7,2,head_major_block_first,head_major,block_first,2.794019,5.67604862303,0,0,true
llama_gqa,32,8,128,4,2048,64,11,7,3,block_major_block_first,block_major,block_first,2.740908,5.67604862303,0,0,true
llama_gqa,32,8,128,4,2048,64,11,8,0,block_major_block_first,block_major,block_first,2.727808,5.67604862303,0,0,true
llama_gqa,32,8,128,4,2048,64,11,8,1,block_major_head_first,block_major,head_first,2.792667,5.67604862303,0,0,true
llama_gqa,32,8,128,4,2048,64,11,8,2,head_major_head_first,head_major,head_first,2.771775,5.67604862303,0,0,true
llama_gqa,32,8,128,4,2048,64,11,8,3,head_major_block_first,head_major,block_first,2.769491,5.67604862303,0,0,true
llama_gqa,32,8,128,4,2048,64,11,9,0,block_major_head_first,block_major,head_first,2.851776,5.67604862303,0,0,true
llama_gqa,32,8,128,4,2048,64,11,9,1,head_major_block_first,head_major,block_first,2.774279,5.67604862303,0,0,true
llama_gqa,32,8,128,4,2048,64,11,9,2,block_major_block_first,block_major,block_first,2.713637,5.67604862303,0,0,true
llama_gqa,32,8,128,4,2048,64,11,9,3,head_major_head_first,head_major,head_first,2.731834,5.67604862303,0,0,true
llama_gqa,32,8,128,4,2048,64,11,10,0,block_major_head_first,block_major,head_first,2.821159,5.67604862303,0,0,true
llama_gqa,32,8,128,4,2048,64,11,10,1,head_major_head_first,head_major,head_first,2.730001,5.67604862303,0,0,true
llama_gqa,32,8,128,4,2048,64,11,10,2,block_major_block_first,block_major,block_first,2.725805,5.67604862303,0,0,true
llama_gqa,32,8,128,4,2048,64,11,10,3,head_major_block_first,head_major,block_first,2.860139,5.67604862303,0,0,true
llama_gqa,32,8,128,4,2048,64,11,11,0,block_major_block_first,block_major,block_first,2.739967,5.67604862303,0,0,true
llama_gqa,32,8,128,4,2048,64,11,11,1,head_major_head_first,head_major,head_first,2.726997,5.67604862303,0,0,true
llama_gqa,32,8,128,4,2048,64,11,11,2,head_major_block_first,head_major,block_first,2.759507,5.67604862303,0,0,true
llama_gqa,32,8,128,4,2048,64,11,11,3,block_major_head_first,block_major,head_first,2.810795,5.67604862303,0,0,true
llama_gqa,32,8,128,4,2048,64,11,12,0,head_major_block_first,head_major,block_first,2.744443,5.67604862303,0,0,true
llama_gqa,32,8,128,4,2048,64,11,12,1,head_major_head_first,head_major,head_first,2.713566,5.67604862303,0,0,true
llama_gqa,32,8,128,4,2048,64,11,12,2,block_major_block_first,block_major,block_first,2.767138,5.67604862303,0,0,true
llama_gqa,32,8,128,4,2048,64,11,12,3,block_major_head_first,block_major,head_first,2.800539,5.67604862303,0,0,true
llama_gqa,32,8,128,4,2048,64,11,13,0,head_major_head_first,head_major,head_first,2.729651,5.67604862303,0,0,true
llama_gqa,32,8,128,4,2048,64,11,13,1,block_major_head_first,block_major,head_first,2.826528,5.67604862303,0,0,true
llama_gqa,32,8,128,4,2048,64,11,13,2,head_major_block_first,head_major,block_first,2.81449,5.67604862303,0,0,true
llama_gqa,32,8,128,4,2048,64,11,13,3,block_major_block_first,block_major,block_first,2.752065,5.67604862303,0,0,true
llama_gqa,32,8,128,4,2048,64,11,14,0,block_major_head_first,block_major,head_first,2.805436,5.67604862303,0,0,true
llama_gqa,32,8,128,4,2048,64,11,14,1,block_major_block_first,block_major,block_first,2.735149,5.67604862303,0,0,true
llama_gqa,32,8,128,4,2048,64,11,14,2,head_major_head_first,head_major,head_first,2.83425,5.67604862303,0,0,true
llama_gqa,32,8,128,4,2048,64,11,14,3,head_major_block_first,head_major,block_first,2.727248,5.67604862303,0,0,true
llama_gqa,32,8,128,4,2048,64,11,15,0,head_major_block_first,head_major,block_first,2.677271,5.67604862303,0,0,true
llama_gqa,32,8,128,4,2048,64,11,15,1,block_major_block_first,block_major,block_first,2.886589,5.67604862303,0,0,true
llama_gqa,32,8,128,4,2048,64,11,15,2,head_major_head_first,head_major,head_first,2.790964,5.67604862303,0,0,true
llama_gqa,32,8,128,4,2048,64,11,15,3,block_major_head_first,block_major,head_first,2.86778,5.67604862303,0,0,true
llama_gqa,32,8,128,4,2048,64,11,16,0,head_major_head_first,head_major,head_first,2.718504,5.67604862303,0,0,true
llama_gqa,32,8,128,4,2048,64,11,16,1,block_major_head_first,block_major,head_first,2.859317,5.67604862303,0,0,true
llama_gqa,32,8,128,4,2048,64,11,16,2,block_major_block_first,block_major,block_first,2.803723,5.67604862303,0,0,true
llama_gqa,32,8,128,4,2048,64,11,16,3,head_major_block_first,head_major,block_first,2.787288,5.67604862303,0,0,true
llama_gqa,32,8,128,4,2048,64,11,17,0,block_major_head_first,block_major,head_first,2.820329,5.67604862303,0,0,true
llama_gqa,32,8,128,4,2048,64,11,17,1,head_major_head_first,head_major,head_first,2.736281,5.67604862303,0,0,true
llama_gqa,32,8,128,4,2048,64,11,17,2,head_major_block_first,head_major,block_first,2.763052,5.67604862303,0,0,true
llama_gqa,32,8,128,4,2048,64,11,17,3,block_major_block_first,block_major,block_first,2.743432,5.67604862303,0,0,true
llama_gqa,32,8,128,4,2048,64,11,18,0,head_major_block_first,head_major,block_first,2.773077,5.67604862303,0,0,true
llama_gqa,32,8,128,4,2048,64,11,18,1,head_major_head_first,head_major,head_first,2.698163,5.67604862303,0,0,true
llama_gqa,32,8,128,4,2048,64,11,18,2,block_major_head_first,block_major,head_first,2.89392,5.67604862303,0,0,true
llama_gqa,32,8,128,4,2048,64,11,18,3,block_major_block_first,block_major,block_first,2.714038,5.67604862303,0,0,true
llama_gqa,32,8,128,4,2048,64,11,19,0,block_major_block_first,block_major,block_first,2.713637,5.67604862303,0,0,true
llama_gqa,32,8,128,4,2048,64,11,19,1,head_major_block_first,head_major,block_first,3.007433,5.67604862303,0,0,true
llama_gqa,32,8,128,4,2048,64,11,19,2,head_major_head_first,head_major,head_first,2.702179,5.67604862303,0,0,true
llama_gqa,32,8,128,4,2048,64,11,19,3,block_major_head_first,block_major,head_first,2.845557,5.67604862303,0,0,true
llama_gqa,32,8,128,4,2048,64,29,0,0,head_major_head_first,head_major,head_first,2.729911,-0.0686243124781,0,0,true
llama_gqa,32,8,128,4,2048,64,29,0,1,block_major_head_first,block_major,head_first,2.851095,-0.0686243124781,0,0,true
llama_gqa,32,8,128,4,2048,64,29,0,2,head_major_block_first,head_major,block_first,2.756152,-0.0686243124781,0,0,true
llama_gqa,32,8,128,4,2048,64,29,0,3,block_major_block_first,block_major,block_first,2.725575,-0.0686243124781,0,0,true
llama_gqa,32,8,128,4,2048,64,29,1,0,head_major_block_first,head_major,block_first,2.778385,-0.0686243124781,0,0,true
llama_gqa,32,8,128,4,2048,64,29,1,1,head_major_head_first,head_major,head_first,2.706486,-0.0686243124781,0,0,true
llama_gqa,32,8,128,4,2048,64,29,1,2,block_major_head_first,block_major,head_first,2.81466,-0.0686243124781,0,0,true
llama_gqa,32,8,128,4,2048,64,29,1,3,block_major_block_first,block_major,block_first,2.735159,-0.0686243124781,0,0,true
llama_gqa,32,8,128,4,2048,64,29,2,0,block_major_block_first,block_major,block_first,2.725284,-0.0686243124781,0,0,true
llama_gqa,32,8,128,4,2048,64,29,2,1,head_major_block_first,head_major,block_first,2.775961,-0.0686243124781,0,0,true
llama_gqa,32,8,128,4,2048,64,29,2,2,block_major_head_first,block_major,head_first,2.767498,-0.0686243124781,0,0,true
llama_gqa,32,8,128,4,2048,64,29,2,3,head_major_head_first,head_major,head_first,2.736111,-0.0686243124781,0,0,true
llama_gqa,32,8,128,4,2048,64,29,3,0,head_major_head_first,head_major,head_first,2.723872,-0.0686243124781,0,0,true
llama_gqa,32,8,128,4,2048,64,29,3,1,block_major_block_first,block_major,block_first,2.711833,-0.0686243124781,0,0,true
llama_gqa,32,8,128,4,2048,64,29,3,2,head_major_block_first,head_major,block_first,2.76191,-0.0686243124781,0,0,true
llama_gqa,32,8,128,4,2048,64,29,3,3,block_major_head_first,block_major,head_first,2.830634,-0.0686243124781,0,0,true
llama_gqa,32,8,128,4,2048,64,29,4,0,block_major_head_first,block_major,head_first,2.789532,-0.0686243124781,0,0,true
llama_gqa,32,8,128,4,2048,64,29,4,1,head_major_block_first,head_major,block_first,2.782361,-0.0686243124781,0,0,true
llama_gqa,32,8,128,4,2048,64,29,4,2,head_major_head_first,head_major,head_first,2.713997,-0.0686243124781,0,0,true
llama_gqa,32,8,128,4,2048,64,29,4,3,block_major_block_first,block_major,block_first,2.751304,-0.0686243124781,0,0,true
llama_gqa,32,8,128,4,2048,64,29,5,0,head_major_head_first,head_major,head_first,2.723582,-0.0686243124781,0,0,true
llama_gqa,32,8,128,4,2048,64,29,5,1,head_major_block_first,head_major,block_first,2.729852,-0.0686243124781,0,0,true
llama_gqa,32,8,128,4,2048,64,29,5,2,block_major_head_first,block_major,head_first,2.815992,-0.0686243124781,0,0,true
llama_gqa,32,8,128,4,2048,64,29,5,3,block_major_block_first,block_major,block_first,2.705494,-0.0686243124781,0,0,true
llama_gqa,32,8,128,4,2048,64,29,6,0,head_major_head_first,head_major,head_first,2.729951,-0.0686243124781,0,0,true
llama_gqa,32,8,128,4,2048,64,29,6,1,block_major_head_first,block_major,head_first,2.811936,-0.0686243124781,0,0,true
llama_gqa,32,8,128,4,2048,64,29,6,2,head_major_block_first,head_major,block_first,2.783493,-0.0686243124781,0,0,true
llama_gqa,32,8,128,4,2048,64,29,6,3,block_major_block_first,block_major,block_first,2.707798,-0.0686243124781,0,0,true
llama_gqa,32,8,128,4,2048,64,29,7,0,block_major_head_first,block_major,head_first,2.809552,-0.0686243124781,0,0,true
llama_gqa,32,8,128,4,2048,64,29,7,1,head_major_block_first,head_major,block_first,2.779897,-0.0686243124781,0,0,true
llama_gqa,32,8,128,4,2048,64,29,7,2,head_major_head_first,head_major,head_first,2.720387,-0.0686243124781,0,0,true
llama_gqa,32,8,128,4,2048,64,29,7,3,block_major_block_first,block_major,block_first,2.710773,-0.0686243124781,0,0,true
llama_gqa,32,8,128,4,2048,64,29,8,0,head_major_head_first,head_major,head_first,2.708849,-0.0686243124781,0,0,true
llama_gqa,32,8,128,4,2048,64,29,8,1,block_major_head_first,block_major,head_first,2.834681,-0.0686243124781,0,0,true
llama_gqa,32,8,128,4,2048,64,29,8,2,block_major_block_first,block_major,block_first,2.721078,-0.0686243124781,0,0,true
llama_gqa,32,8,128,4,2048,64,29,8,3,head_major_block_first,head_major,block_first,2.785455,-0.0686243124781,0,0,true
llama_gqa,32,8,128,4,2048,64,29,9,0,head_major_head_first,head_major,head_first,2.734247,-0.0686243124781,0,0,true
llama_gqa,32,8,128,4,2048,64,29,9,1,block_major_head_first,block_major,head_first,2.843504,-0.0686243124781,0,0,true
llama_gqa,32,8,128,4,2048,64,29,9,2,block_major_block_first,block_major,block_first,2.749892,-0.0686243124781,0,0,true
llama_gqa,32,8,128,4,2048,64,29,9,3,head_major_block_first,head_major,block_first,2.769541,-0.0686243124781,0,0,true
llama_gqa,32,8,128,4,2048,64,29,10,0,block_major_block_first,block_major,block_first,2.72236,-0.0686243124781,0,0,true
llama_gqa,32,8,128,4,2048,64,29,10,1,head_major_block_first,head_major,block_first,2.790393,-0.0686243124781,0,0,true
llama_gqa,32,8,128,4,2048,64,29,10,2,head_major_head_first,head_major,head_first,2.703742,-0.0686243124781,0,0,true
llama_gqa,32,8,128,4,2048,64,29,10,3,block_major_head_first,block_major,head_first,2.823073,-0.0686243124781,0,0,true
llama_gqa,32,8,128,4,2048,64,29,11,0,block_major_head_first,block_major,head_first,2.782541,-0.0686243124781,0,0,true
llama_gqa,32,8,128,4,2048,64,29,11,1,head_major_block_first,head_major,block_first,2.784113,-0.0686243124781,0,0,true
llama_gqa,32,8,128,4,2048,64,29,11,2,head_major_head_first,head_major,head_first,2.727668,-0.0686243124781,0,0,true
llama_gqa,32,8,128,4,2048,64,29,11,3,block_major_block_first,block_major,block_first,2.732405,-0.0686243124781,0,0,true
llama_gqa,32,8,128,4,2048,64,29,12,0,block_major_block_first,block_major,block_first,2.751905,-0.0686243124781,0,0,true
llama_gqa,32,8,128,4,2048,64,29,12,1,block_major_head_first,block_major,head_first,2.809361,-0.0686243124781,0,0,true
llama_gqa,32,8,128,4,2048,64,29,12,2,head_major_head_first,head_major,head_first,2.756502,-0.0686243124781,0,0,true
llama_gqa,32,8,128,4,2048,64,29,12,3,head_major_block_first,head_major,block_first,2.776432,-0.0686243124781,0,0,true
llama_gqa,32,8,128,4,2048,64,29,13,0,head_major_head_first,head_major,head_first,2.704183,-0.0686243124781,0,0,true
llama_gqa,32,8,128,4,2048,64,29,13,1,block_major_block_first,block_major,block_first,2.847109,-0.0686243124781,0,0,true
llama_gqa,32,8,128,4,2048,64,29,13,2,block_major_head_first,block_major,head_first,2.766186,-0.0686243124781,0,0,true
llama_gqa,32,8,128,4,2048,64,29,13,3,head_major_block_first,head_major,block_first,2.791314,-0.0686243124781,0,0,true
llama_gqa,32,8,128,4,2048,64,29,14,0,head_major_block_first,head_major,block_first,2.795041,-0.0686243124781,0,0,true
llama_gqa,32,8,128,4,2048,64,29,14,1,block_major_block_first,block_major,block_first,2.738204,-0.0686243124781,0,0,true
llama_gqa,32,8,128,4,2048,64,29,14,2,head_major_head_first,head_major,head_first,2.715509,-0.0686243124781,0,0,true
llama_gqa,32,8,128,4,2048,64,29,14,3,block_major_head_first,block_major,head_first,2.842672,-0.0686243124781,0,0,true
llama_gqa,32,8,128,4,2048,64,29,15,0,head_major_head_first,head_major,head_first,2.7358,-0.0686243124781,0,0,true
llama_gqa,32,8,128,4,2048,64,29,15,1,block_major_head_first,block_major,head_first,2.786027,-0.0686243124781,0,0,true
llama_gqa,32,8,128,4,2048,64,29,15,2,head_major_block_first,head_major,block_first,2.774138,-0.0686243124781,0,0,true
llama_gqa,32,8,128,4,2048,64,29,15,3,block_major_block_first,block_major,block_first,2.721549,-0.0686243124781,0,0,true
llama_gqa,32,8,128,4,2048,64,29,16,0,block_major_block_first,block_major,block_first,2.703301,-0.0686243124781,0,0,true
llama_gqa,32,8,128,4,2048,64,29,16,1,head_major_block_first,head_major,block_first,2.786097,-0.0686243124781,0,0,true
llama_gqa,32,8,128,4,2048,64,29,16,2,block_major_head_first,block_major,head_first,2.782471,-0.0686243124781,0,0,true
llama_gqa,32,8,128,4,2048,64,29,16,3,head_major_head_first,head_major,head_first,2.737763,-0.0686243124781,0,0,true
llama_gqa,32,8,128,4,2048,64,29,17,0,block_major_head_first,block_major,head_first,2.783262,-0.0686243124781,0,0,true
llama_gqa,32,8,128,4,2048,64,29,17,1,head_major_head_first,head_major,head_first,2.729541,-0.0686243124781,0,0,true
llama_gqa,32,8,128,4,2048,64,29,17,2,block_major_block_first,block_major,block_first,2.734479,-0.0686243124781,0,0,true
llama_gqa,32,8,128,4,2048,64,29,17,3,head_major_block_first,head_major,block_first,2.767548,-0.0686243124781,0,0,true
llama_gqa,32,8,128,4,2048,64,29,18,0,head_major_block_first,head_major,block_first,2.740528,-0.0686243124781,0,0,true
llama_gqa,32,8,128,4,2048,64,29,18,1,block_major_block_first,block_major,block_first,2.727367,-0.0686243124781,0,0,true
llama_gqa,32,8,128,4,2048,64,29,18,2,block_major_head_first,block_major,head_first,2.820168,-0.0686243124781,0,0,true
llama_gqa,32,8,128,4,2048,64,29,18,3,head_major_head_first,head_major,head_first,2.739295,-0.0686243124781,0,0,true
llama_gqa,32,8,128,4,2048,64,29,19,0,block_major_head_first,block_major,head_first,2.812457,-0.0686243124781,0,0,true
llama_gqa,32,8,128,4,2048,64,29,19,1,head_major_head_first,head_major,head_first,2.739186,-0.0686243124781,0,0,true
llama_gqa,32,8,128,4,2048,64,29,19,2,block_major_block_first,block_major,block_first,2.740027,-0.0686243124781,0,0,true
llama_gqa,32,8,128,4,2048,64,29,19,3,head_major_block_first,head_major,block_first,2.773598,-0.0686243124781,0,0,true
llama_gqa,32,8,128,4,2048,64,47,0,0,block_major_head_first,block_major,head_first,2.848351,-15.0446234433,0,0,true
llama_gqa,32,8,128,4,2048,64,47,0,1,head_major_block_first,head_major,block_first,2.767969,-15.0446234433,0,0,true
llama_gqa,32,8,128,4,2048,64,47,0,2,head_major_head_first,head_major,head_first,2.696431,-15.0446234433,0,0,true
llama_gqa,32,8,128,4,2048,64,47,0,3,block_major_block_first,block_major,block_first,2.73578,-15.0446234433,0,0,true
llama_gqa,32,8,128,4,2048,64,47,1,0,block_major_block_first,block_major,block_first,2.711924,-15.0446234433,0,0,true
llama_gqa,32,8,128,4,2048,64,47,1,1,head_major_block_first,head_major,block_first,2.792015,-15.0446234433,0,0,true
llama_gqa,32,8,128,4,2048,64,47,1,2,block_major_head_first,block_major,head_first,2.817464,-15.0446234433,0,0,true
llama_gqa,32,8,128,4,2048,64,47,1,3,head_major_head_first,head_major,head_first,2.746447,-15.0446234433,0,0,true
llama_gqa,32,8,128,4,2048,64,47,2,0,head_major_block_first,head_major,block_first,2.75464,-15.0446234433,0,0,true
llama_gqa,32,8,128,4,2048,64,47,2,1,head_major_head_first,head_major,head_first,2.699636,-15.0446234433,0,0,true
llama_gqa,32,8,128,4,2048,64,47,2,2,block_major_head_first,block_major,head_first,2.845327,-15.0446234433,0,0,true
llama_gqa,32,8,128,4,2048,64,47,2,3,block_major_block_first,block_major,block_first,2.733797,-15.0446234433,0,0,true
llama_gqa,32,8,128,4,2048,64,47,3,0,head_major_head_first,head_major,head_first,2.71637,-15.0446234433,0,0,true
llama_gqa,32,8,128,4,2048,64,47,3,1,head_major_block_first,head_major,block_first,2.746537,-15.0446234433,0,0,true
llama_gqa,32,8,128,4,2048,64,47,3,2,block_major_head_first,block_major,head_first,2.865307,-15.0446234433,0,0,true
llama_gqa,32,8,128,4,2048,64,47,3,3,block_major_block_first,block_major,block_first,2.741789,-15.0446234433,0,0,true
llama_gqa,32,8,128,4,2048,64,47,4,0,block_major_block_first,block_major,block_first,2.700407,-15.0446234433,0,0,true
llama_gqa,32,8,128,4,2048,64,47,4,1,head_major_block_first,head_major,block_first,2.874942,-15.0446234433,0,0,true
llama_gqa,32,8,128,4,2048,64,47,4,2,block_major_head_first,block_major,head_first,2.846328,-15.0446234433,0,0,true
llama_gqa,32,8,128,4,2048,64,47,4,3,head_major_head_first,head_major,head_first,2.754368,-15.0446234433,0,0,true
llama_gqa,32,8,128,4,2048,64,47,5,0,head_major_head_first,head_major,head_first,2.71577,-15.0446234433,0,0,true
llama_gqa,32,8,128,4,2048,64,47,5,1,head_major_block_first,head_major,block_first,2.759727,-15.0446234433,0,0,true
llama_gqa,32,8,128,4,2048,64,47,5,2,block_major_block_first,block_major,block_first,2.756472,-15.0446234433,0,0,true
llama_gqa,32,8,128,4,2048,64,47,5,3,block_major_head_first,block_major,head_first,2.836793,-15.0446234433,0,0,true
llama_gqa,32,8,128,4,2048,64,47,6,0,block_major_head_first,block_major,head_first,2.76883,-15.0446234433,0,0,true
llama_gqa,32,8,128,4,2048,64,47,6,1,block_major_block_first,block_major,block_first,2.718585,-15.0446234433,0,0,true
llama_gqa,32,8,128,4,2048,64,47,6,2,head_major_head_first,head_major,head_first,2.8611,-15.0446234433,0,0,true
llama_gqa,32,8,128,4,2048,64,47,6,3,head_major_block_first,head_major,block_first,2.795711,-15.0446234433,0,0,true
llama_gqa,32,8,128,4,2048,64,47,7,0,head_major_block_first,head_major,block_first,2.68303,-15.0446234433,0,0,true
llama_gqa,32,8,128,4,2048,64,47,7,1,head_major_head_first,head_major,head_first,2.579924,-15.0446234433,0,0,true
llama_gqa,32,8,128,4,2048,64,47,7,2,block_major_head_first,block_major,head_first,2.928393,-15.0446234433,0,0,true
llama_gqa,32,8,128,4,2048,64,47,7,3,block_major_block_first,block_major,block_first,2.733467,-15.0446234433,0,0,true
llama_gqa,32,8,128,4,2048,64,47,8,0,block_major_head_first,block_major,head_first,2.687808,-15.0446234433,0,0,true
llama_gqa,32,8,128,4,2048,64,47,8,1,block_major_block_first,block_major,block_first,2.612473,-15.0446234433,0,0,true
llama_gqa,32,8,128,4,2048,64,47,8,2,head_major_head_first,head_major,head_first,2.895653,-15.0446234433,0,0,true
llama_gqa,32,8,128,4,2048,64,47,8,3,head_major_block_first,head_major,block_first,2.753728,-15.0446234433,0,0,true
llama_gqa,32,8,128,4,2048,64,47,9,0,head_major_head_first,head_major,head_first,2.628598,-15.0446234433,0,0,true
llama_gqa,32,8,128,4,2048,64,47,9,1,head_major_block_first,head_major,block_first,2.637982,-15.0446234433,0,0,true
llama_gqa,32,8,128,4,2048,64,47,9,2,block_major_head_first,block_major,head_first,2.940561,-15.0446234433,0,0,true
llama_gqa,32,8,128,4,2048,64,47,9,3,block_major_block_first,block_major,block_first,2.719376,-15.0446234433,0,0,true
llama_gqa,32,8,128,4,2048,64,47,10,0,head_major_head_first,head_major,head_first,2.881412,-15.0446234433,0,0,true
llama_gqa,32,8,128,4,2048,64,47,10,1,block_major_head_first,block_major,head_first,2.868312,-15.0446234433,0,0,true
llama_gqa,32,8,128,4,2048,64,47,10,2,head_major_block_first,head_major,block_first,2.797193,-15.0446234433,0,0,true
llama_gqa,32,8,128,4,2048,64,47,10,3,block_major_block_first,block_major,block_first,2.734839,-15.0446234433,0,0,true
llama_gqa,32,8,128,4,2048,64,47,11,0,head_major_head_first,head_major,head_first,2.756912,-15.0446234433,0,0,true
llama_gqa,32,8,128,4,2048,64,47,11,1,block_major_head_first,block_major,head_first,2.790574,-15.0446234433,0,0,true
llama_gqa,32,8,128,4,2048,64,47,11,2,block_major_block_first,block_major,block_first,2.698073,-15.0446234433,0,0,true
llama_gqa,32,8,128,4,2048,64,47,11,3,head_major_block_first,head_major,block_first,2.805015,-15.0446234433,0,0,true
llama_gqa,32,8,128,4,2048,64,47,12,0,block_major_head_first,block_major,head_first,2.803253,-15.0446234433,0,0,true
llama_gqa,32,8,128,4,2048,64,47,12,1,head_major_block_first,head_major,block_first,2.813469,-15.0446234433,0,0,true
llama_gqa,32,8,128,4,2048,64,47,12,2,block_major_block_first,block_major,block_first,2.711013,-15.0446234433,0,0,true
llama_gqa,32,8,128,4,2048,64,47,12,3,head_major_head_first,head_major,head_first,2.746406,-15.0446234433,0,0,true
llama_gqa,32,8,128,4,2048,64,47,13,0,block_major_head_first,block_major,head_first,2.804564,-15.0446234433,0,0,true
llama_gqa,32,8,128,4,2048,64,47,13,1,block_major_block_first,block_major,block_first,2.707096,-15.0446234433,0,0,true
llama_gqa,32,8,128,4,2048,64,47,13,2,head_major_block_first,head_major,block_first,2.800659,-15.0446234433,0,0,true
llama_gqa,32,8,128,4,2048,64,47,13,3,head_major_head_first,head_major,head_first,2.736932,-15.0446234433,0,0,true
llama_gqa,32,8,128,4,2048,64,47,14,0,head_major_block_first,head_major,block_first,2.760118,-15.0446234433,0,0,true
llama_gqa,32,8,128,4,2048,64,47,14,1,block_major_block_first,block_major,block_first,2.914431,-15.0446234433,0,0,true
llama_gqa,32,8,128,4,2048,64,47,14,2,block_major_head_first,block_major,head_first,2.782271,-15.0446234433,0,0,true
llama_gqa,32,8,128,4,2048,64,47,14,3,head_major_head_first,head_major,head_first,2.764003,-15.0446234433,0,0,true
llama_gqa,32,8,128,4,2048,64,47,15,0,head_major_head_first,head_major,head_first,2.736481,-15.0446234433,0,0,true
llama_gqa,32,8,128,4,2048,64,47,15,1,block_major_head_first,block_major,head_first,2.771274,-15.0446234433,0,0,true
llama_gqa,32,8,128,4,2048,64,47,15,2,block_major_block_first,block_major,block_first,2.697011,-15.0446234433,0,0,true
llama_gqa,32,8,128,4,2048,64,47,15,3,head_major_block_first,head_major,block_first,2.809341,-15.0446234433,0,0,true
llama_gqa,32,8,128,4,2048,64,47,16,0,block_major_head_first,block_major,head_first,2.792917,-15.0446234433,0,0,true
llama_gqa,32,8,128,4,2048,64,47,16,1,head_major_block_first,head_major,block_first,2.789872,-15.0446234433,0,0,true
llama_gqa,32,8,128,4,2048,64,47,16,2,head_major_head_first,head_major,head_first,2.730242,-15.0446234433,0,0,true
llama_gqa,32,8,128,4,2048,64,47,16,3,block_major_block_first,block_major,block_first,2.730142,-15.0446234433,0,0,true
llama_gqa,32,8,128,4,2048,64,47,17,0,block_major_block_first,block_major,block_first,2.786337,-15.0446234433,0,0,true
llama_gqa,32,8,128,4,2048,64,47,17,1,head_major_head_first,head_major,head_first,2.736942,-15.0446234433,0,0,true
llama_gqa,32,8,128,4,2048,64,47,17,2,block_major_head_first,block_major,head_first,2.837625,-15.0446234433,0,0,true
llama_gqa,32,8,128,4,2048,64,47,17,3,head_major_block_first,head_major,block_first,2.784053,-15.0446234433,0,0,true
llama_gqa,32,8,128,4,2048,64,47,18,0,head_major_block_first,head_major,block_first,2.767488,-15.0446234433,0,0,true
llama_gqa,32,8,128,4,2048,64,47,18,1,block_major_head_first,block_major,head_first,2.840559,-15.0446234433,0,0,true
llama_gqa,32,8,128,4,2048,64,47,18,2,head_major_head_first,head_major,head_first,2.733657,-15.0446234433,0,0,true
llama_gqa,32,8,128,4,2048,64,47,18,3,block_major_block_first,block_major,block_first,2.730572,-15.0446234433,0,0,true
llama_gqa,32,8,128,4,2048,64,47,19,0,block_major_head_first,block_major,head_first,2.780679,-15.0446234433,0,0,true
llama_gqa,32,8,128,4,2048,64,47,19,1,head_major_block_first,head_major,block_first,2.783072,-15.0446234433,0,0,true
llama_gqa,32,8,128,4,2048,64,47,19,2,head_major_head_first,head_major,head_first,2.729671,-15.0446234433,0,0,true
llama_gqa,32,8,128,4,2048,64,47,19,3,block_major_block_first,block_major,block_first,2.732946,-15.0446234433,0,0,true
llama_gqa,32,8,128,4,8192,64,11,0,0,block_major_block_first,block_major,block_first,11.564614,1.77196070493,0,0,true
llama_gqa,32,8,128,4,8192,64,11,0,1,head_major_block_first,head_major,block_first,11.60876,1.77196070493,0,0,true
llama_gqa,32,8,128,4,8192,64,11,0,2,block_major_head_first,block_major,head_first,11.938911,1.77196070493,0,0,true
llama_gqa,32,8,128,4,8192,64,11,0,3,head_major_head_first,head_major,head_first,11.542851,1.77196070493,0,0,true
llama_gqa,32,8,128,4,8192,64,11,1,0,head_major_head_first,head_major,head_first,11.516531,1.77196070493,0,0,true
llama_gqa,32,8,128,4,8192,64,11,1,1,block_major_head_first,block_major,head_first,11.859121,1.77196070493,0,0,true
llama_gqa,32,8,128,4,8192,64,11,1,2,head_major_block_first,head_major,block_first,11.620809,1.77196070493,0,0,true
llama_gqa,32,8,128,4,8192,64,11,1,3,block_major_block_first,block_major,block_first,11.662042,1.77196070493,0,0,true
llama_gqa,32,8,128,4,8192,64,11,2,0,block_major_block_first,block_major,block_first,11.619407,1.77196070493,0,0,true
llama_gqa,32,8,128,4,8192,64,11,2,1,block_major_head_first,block_major,head_first,12.18913,1.77196070493,0,0,true
llama_gqa,32,8,128,4,8192,64,11,2,2,head_major_head_first,head_major,head_first,11.58171,1.77196070493,0,0,true
llama_gqa,32,8,128,4,8192,64,11,2,3,head_major_block_first,head_major,block_first,11.652277,1.77196070493,0,0,true
llama_gqa,32,8,128,4,8192,64,11,3,0,head_major_block_first,head_major,block_first,11.512225,1.77196070493,0,0,true
llama_gqa,32,8,128,4,8192,64,11,3,1,head_major_head_first,head_major,head_first,11.150596,1.77196070493,0,0,true
llama_gqa,32,8,128,4,8192,64,11,3,2,block_major_block_first,block_major,block_first,11.563882,1.77196070493,0,0,true
llama_gqa,32,8,128,4,8192,64,11,3,3,block_major_head_first,block_major,head_first,12.182922,1.77196070493,0,0,true
llama_gqa,32,8,128,4,8192,64,11,4,0,block_major_block_first,block_major,block_first,11.537793,1.77196070493,0,0,true
llama_gqa,32,8,128,4,8192,64,11,4,1,head_major_head_first,head_major,head_first,11.532915,1.77196070493,0,0,true
llama_gqa,32,8,128,4,8192,64,11,4,2,block_major_head_first,block_major,head_first,12.035107,1.77196070493,0,0,true
llama_gqa,32,8,128,4,8192,64,11,4,3,head_major_block_first,head_major,block_first,11.642181,1.77196070493,0,0,true
llama_gqa,32,8,128,4,8192,64,11,5,0,block_major_block_first,block_major,block_first,11.599787,1.77196070493,0,0,true
llama_gqa,32,8,128,4,8192,64,11,5,1,block_major_head_first,block_major,head_first,11.90476,1.77196070493,0,0,true
llama_gqa,32,8,128,4,8192,64,11,5,2,head_major_block_first,head_major,block_first,11.632527,1.77196070493,0,0,true
llama_gqa,32,8,128,4,8192,64,11,5,3,head_major_head_first,head_major,head_first,11.518524,1.77196070493,0,0,true
llama_gqa,32,8,128,4,8192,64,11,6,0,head_major_head_first,head_major,head_first,11.209475,1.77196070493,0,0,true
llama_gqa,32,8,128,4,8192,64,11,6,1,head_major_block_first,head_major,block_first,11.305401,1.77196070493,0,0,true
llama_gqa,32,8,128,4,8192,64,11,6,2,block_major_block_first,block_major,block_first,11.573347,1.77196070493,0,0,true
llama_gqa,32,8,128,4,8192,64,11,6,3,block_major_head_first,block_major,head_first,12.04971,1.77196070493,0,0,true
llama_gqa,32,8,128,4,8192,64,11,7,0,head_major_head_first,head_major,head_first,11.55541,1.77196070493,0,0,true
llama_gqa,32,8,128,4,8192,64,11,7,1,head_major_block_first,head_major,block_first,11.718007,1.77196070493,0,0,true
llama_gqa,32,8,128,4,8192,64,11,7,2,block_major_block_first,block_major,block_first,11.603613,1.77196070493,0,0,true
llama_gqa,32,8,128,4,8192,64,11,7,3,block_major_head_first,block_major,head_first,11.901514,1.77196070493,0,0,true
llama_gqa,32,8,128,4,8192,64,11,8,0,head_major_block_first,head_major,block_first,11.638947,1.77196070493,0,0,true
llama_gqa,32,8,128,4,8192,64,11,8,1,head_major_head_first,head_major,head_first,11.548349,1.77196070493,0,0,true
llama_gqa,32,8,128,4,8192,64,11,8,2,block_major_head_first,block_major,head_first,12.062098,1.77196070493,0,0,true
llama_gqa,32,8,128,4,8192,64,11,8,3,block_major_block_first,block_major,block_first,11.592046,1.77196070493,0,0,true
llama_gqa,32,8,128,4,8192,64,11,9,0,head_major_block_first,head_major,block_first,11.630824,1.77196070493,0,0,true
llama_gqa,32,8,128,4,8192,64,11,9,1,block_major_block_first,block_major,block_first,11.643053,1.77196070493,0,0,true
llama_gqa,32,8,128,4,8192,64,11,9,2,head_major_head_first,head_major,head_first,11.553477,1.77196070493,0,0,true
llama_gqa,32,8,128,4,8192,64,11,9,3,block_major_head_first,block_major,head_first,12.148059,1.77196070493,0,0,true
llama_gqa,32,8,128,4,8192,64,11,10,0,head_major_block_first,head_major,block_first,11.643984,1.77196070493,0,0,true
llama_gqa,32,8,128,4,8192,64,11,10,1,block_major_block_first,block_major,block_first,11.618556,1.77196070493,0,0,true
llama_gqa,32,8,128,4,8192,64,11,10,2,block_major_head_first,block_major,head_first,11.842875,1.77196070493,0,0,true
llama_gqa,32,8,128,4,8192,64,11,10,3,head_major_head_first,head_major,head_first,11.573698,1.77196070493,0,0,true
llama_gqa,32,8,128,4,8192,64,11,11,0,head_major_block_first,head_major,block_first,11.589712,1.77196070493,0,0,true
llama_gqa,32,8,128,4,8192,64,11,11,1,block_major_block_first,block_major,block_first,11.557574,1.77196070493,0,0,true
llama_gqa,32,8,128,4,8192,64,11,11,2,head_major_head_first,head_major,head_first,11.544743,1.77196070493,0,0,true
llama_gqa,32,8,128,4,8192,64,11,11,3,block_major_head_first,block_major,head_first,12.020866,1.77196070493,0,0,true
llama_gqa,32,8,128,4,8192,64,11,12,0,block_major_block_first,block_major,block_first,11.612496,1.77196070493,0,0,true
llama_gqa,32,8,128,4,8192,64,11,12,1,block_major_head_first,block_major,head_first,12.231536,1.77196070493,0,0,true
llama_gqa,32,8,128,4,8192,64,11,12,2,head_major_block_first,head_major,block_first,11.642092,1.77196070493,0,0,true
llama_gqa,32,8,128,4,8192,64,11,12,3,head_major_head_first,head_major,head_first,11.533377,1.77196070493,0,0,true
llama_gqa,32,8,128,4,8192,64,11,13,0,head_major_block_first,head_major,block_first,11.425172,1.77196070493,0,0,true
llama_gqa,32,8,128,4,8192,64,11,13,1,block_major_block_first,block_major,block_first,11.5818,1.77196070493,0,0,true
llama_gqa,32,8,128,4,8192,64,11,13,2,block_major_head_first,block_major,head_first,12.152646,1.77196070493,0,0,true
llama_gqa,32,8,128,4,8192,64,11,13,3,head_major_head_first,head_major,head_first,11.536801,1.77196070493,0,0,true
llama_gqa,32,8,128,4,8192,64,11,14,0,block_major_head_first,block_major,head_first,11.858229,1.77196070493,0,0,true
llama_gqa,32,8,128,4,8192,64,11,14,1,head_major_head_first,head_major,head_first,11.536811,1.77196070493,0,0,true
llama_gqa,32,8,128,4,8192,64,11,14,2,block_major_block_first,block_major,block_first,11.629261,1.77196070493,0,0,true
llama_gqa,32,8,128,4,8192,64,11,14,3,head_major_block_first,head_major,block_first,11.620088,1.77196070493,0,0,true
llama_gqa,32,8,128,4,8192,64,11,15,0,block_major_block_first,block_major,block_first,11.612767,1.77196070493,0,0,true
llama_gqa,32,8,128,4,8192,64,11,15,1,block_major_head_first,block_major,head_first,11.868014,1.77196070493,0,0,true
llama_gqa,32,8,128,4,8192,64,11,15,2,head_major_head_first,head_major,head_first,11.619417,1.77196070493,0,0,true
llama_gqa,32,8,128,4,8192,64,11,15,3,head_major_block_first,head_major,block_first,11.612787,1.77196070493,0,0,true
llama_gqa,32,8,128,4,8192,64,11,16,0,head_major_head_first,head_major,head_first,11.48343,1.77196070493,0,0,true
llama_gqa,32,8,128,4,8192,64,11,16,1,head_major_block_first,head_major,block_first,11.294755,1.77196070493,0,0,true
llama_gqa,32,8,128,4,8192,64,11,16,2,block_major_head_first,block_major,head_first,12.104402,1.77196070493,0,0,true
llama_gqa,32,8,128,4,8192,64,11,16,3,block_major_block_first,block_major,block_first,11.618245,1.77196070493,0,0,true
llama_gqa,32,8,128,4,8192,64,11,17,0,block_major_head_first,block_major,head_first,12.166917,1.77196070493,0,0,true
llama_gqa,32,8,128,4,8192,64,11,17,1,head_major_block_first,head_major,block_first,11.650324,1.77196070493,0,0,true
llama_gqa,32,8,128,4,8192,64,11,17,2,head_major_head_first,head_major,head_first,11.533466,1.77196070493,0,0,true
llama_gqa,32,8,128,4,8192,64,11,17,3,block_major_block_first,block_major,block_first,11.593067,1.77196070493,0,0,true
llama_gqa,32,8,128,4,8192,64,11,18,0,head_major_head_first,head_major,head_first,11.530842,1.77196070493,0,0,true
llama_gqa,32,8,128,4,8192,64,11,18,1,head_major_block_first,head_major,block_first,11.338231,1.77196070493,0,0,true
llama_gqa,32,8,128,4,8192,64,11,18,2,block_major_block_first,block_major,block_first,11.593617,1.77196070493,0,0,true
llama_gqa,32,8,128,4,8192,64,11,18,3,block_major_head_first,block_major,head_first,12.210895,1.77196070493,0,0,true
llama_gqa,32,8,128,4,8192,64,11,19,0,head_major_block_first,head_major,block_first,11.631615,1.77196070493,0,0,true
llama_gqa,32,8,128,4,8192,64,11,19,1,block_major_block_first,block_major,block_first,11.600949,1.77196070493,0,0,true
llama_gqa,32,8,128,4,8192,64,11,19,2,block_major_head_first,block_major,head_first,11.94458,1.77196070493,0,0,true
llama_gqa,32,8,128,4,8192,64,11,19,3,head_major_head_first,head_major,head_first,11.529239,1.77196070493,0,0,true
llama_gqa,32,8,128,4,8192,64,29,0,0,block_major_head_first,block_major,head_first,11.895716,-4.98419535771,0,0,true
llama_gqa,32,8,128,4,8192,64,29,0,1,head_major_block_first,head_major,block_first,11.688893,-4.98419535771,0,0,true
llama_gqa,32,8,128,4,8192,64,29,0,2,head_major_head_first,head_major,head_first,11.535079,-4.98419535771,0,0,true
llama_gqa,32,8,128,4,8192,64,29,0,3,block_major_block_first,block_major,block_first,11.573046,-4.98419535771,0,0,true
llama_gqa,32,8,128,4,8192,64,29,1,0,block_major_head_first,block_major,head_first,11.917159,-4.98419535771,0,0,true
llama_gqa,32,8,128,4,8192,64,29,1,1,block_major_block_first,block_major,block_first,11.607739,-4.98419535771,0,0,true
llama_gqa,32,8,128,4,8192,64,29,1,2,head_major_block_first,head_major,block_first,11.626999,-4.98419535771,0,0,true
llama_gqa,32,8,128,4,8192,64,29,1,3,head_major_head_first,head_major,head_first,11.524793,-4.98419535771,0,0,true
llama_gqa,32,8,128,4,8192,64,29,2,0,block_major_block_first,block_major,block_first,11.599847,-4.98419535771,0,0,true
llama_gqa,32,8,128,4,8192,64,29,2,1,head_major_block_first,head_major,block_first,11.64765,-4.98419535771,0,0,true
llama_gqa,32,8,128,4,8192,64,29,2,2,head_major_head_first,head_major,head_first,11.459534,-4.98419535771,0,0,true
llama_gqa,32,8,128,4,8192,64,29,2,3,block_major_head_first,block_major,head_first,12.288071,-4.98419535771,0,0,true
llama_gqa,32,8,128,4,8192,64,29,3,0,block_major_block_first,block_major,block_first,11.576712,-4.98419535771,0,0,true
llama_gqa,32,8,128,4,8192,64,29,3,1,head_major_head_first,head_major,head_first,11.515779,-4.98419535771,0,0,true
llama_gqa,32,8,128,4,8192,64,29,3,2,head_major_block_first,head_major,block_first,11.385492,-4.98419535771,0,0,true
llama_gqa,32,8,128,4,8192,64,29,3,3,block_major_head_first,block_major,head_first,11.949147,-4.98419535771,0,0,true
llama_gqa,32,8,128,4,8192,64,29,4,0,head_major_head_first,head_major,head_first,11.538645,-4.98419535771,0,0,true
llama_gqa,32,8,128,4,8192,64,29,4,1,block_major_block_first,block_major,block_first,11.579857,-4.98419535771,0,0,true
llama_gqa,32,8,128,4,8192,64,29,4,2,block_major_head_first,block_major,head_first,11.958943,-4.98419535771,0,0,true
llama_gqa,32,8,128,4,8192,64,29,4,3,head_major_block_first,head_major,block_first,11.65485,-4.98419535771,0,0,true
llama_gqa,32,8,128,4,8192,64,29,5,0,block_major_head_first,block_major,head_first,11.900683,-4.98419535771,0,0,true
llama_gqa,32,8,128,4,8192,64,29,5,1,block_major_block_first,block_major,block_first,11.583022,-4.98419535771,0,0,true
llama_gqa,32,8,128,4,8192,64,29,5,2,head_major_block_first,head_major,block_first,11.643974,-4.98419535771,0,0,true
llama_gqa,32,8,128,4,8192,64,29,5,3,head_major_head_first,head_major,head_first,11.521398,-4.98419535771,0,0,true
llama_gqa,32,8,128,4,8192,64,29,6,0,head_major_block_first,head_major,block_first,11.543692,-4.98419535771,0,0,true
llama_gqa,32,8,128,4,8192,64,29,6,1,head_major_head_first,head_major,head_first,11.143895,-4.98419535771,0,0,true
llama_gqa,32,8,128,4,8192,64,29,6,2,block_major_head_first,block_major,head_first,12.371648,-4.98419535771,0,0,true
llama_gqa,32,8,128,4,8192,64,29,6,3,block_major_block_first,block_major,block_first,11.448177,-4.98419535771,0,0,true
llama_gqa,32,8,128,4,8192,64,29,7,0,head_major_head_first,head_major,head_first,11.518524,-4.98419535771,0,0,true
llama_gqa,32,8,128,4,8192,64,29,7,1,head_major_block_first,head_major,block_first,11.473376,-4.98419535771,0,0,true
llama_gqa,32,8,128,4,8192,64,29,7,2,block_major_block_first,block_major,block_first,11.589091,-4.98419535771,0,0,true
llama_gqa,32,8,128,4,8192,64,29,7,3,block_major_head_first,block_major,head_first,11.905351,-4.98419535771,0,0,true
llama_gqa,32,8,128,4,8192,64,29,8,0,head_major_block_first,head_major,block_first,11.624224,-4.98419535771,0,0,true
llama_gqa,32,8,128,4,8192,64,29,8,1,block_major_head_first,block_major,head_first,11.879561,-4.98419535771,0,0,true
llama_gqa,32,8,128,4,8192,64,29,8,2,head_major_head_first,head_major,head_first,11.530352,-4.98419535771,0,0,true
llama_gqa,32,8,128,4,8192,64,29,8,3,block_major_block_first,block_major,block_first,11.619587,-4.98419535771,0,0,true
llama_gqa,32,8,128,4,8192,64,29,9,0,head_major_head_first,head_major,head_first,11.534698,-4.98419535771,0,0,true
llama_gqa,32,8,128,4,8192,64,29,9,1,block_major_block_first,block_major,block_first,11.659768,-4.98419535771,0,0,true
llama_gqa,32,8,128,4,8192,64,29,9,2,block_major_head_first,block_major,head_first,11.851349,-4.98419535771,0,0,true
llama_gqa,32,8,128,4,8192,64,29,9,3,head_major_block_first,head_major,block_first,11.615221,-4.98419535771,0,0,true
llama_gqa,32,8,128,4,8192,64,29,10,0,block_major_head_first,block_major,head_first,11.879892,-4.98419535771,0,0,true
llama_gqa,32,8,128,4,8192,64,29,10,1,block_major_block_first,block_major,block_first,11.578806,-4.98419535771,0,0,true
llama_gqa,32,8,128,4,8192,64,29,10,2,head_major_head_first,head_major,head_first,11.528839,-4.98419535771,0,0,true
llama_gqa,32,8,128,4,8192,64,29,10,3,head_major_block_first,head_major,block_first,11.70741,-4.98419535771,0,0,true
llama_gqa,32,8,128,4,8192,64,29,11,0,head_major_block_first,head_major,block_first,11.604084,-4.98419535771,0,0,true
llama_gqa,32,8,128,4,8192,64,29,11,1,block_major_block_first,block_major,block_first,11.623133,-4.98419535771,0,0,true
llama_gqa,32,8,128,4,8192,64,29,11,2,head_major_head_first,head_major,head_first,11.471092,-4.98419535771,0,0,true
llama_gqa,32,8,128,4,8192,64,29,11,3,block_major_head_first,block_major,head_first,12.218636,-4.98419535771,0,0,true
llama_gqa,32,8,128,4,8192,64,29,12,0,head_major_block_first,head_major,block_first,11.622191,-4.98419535771,0,0,true
llama_gqa,32,8,128,4,8192,64,29,12,1,head_major_head_first,head_major,head_first,11.521969,-4.98419535771,0,0,true
llama_gqa,32,8,128,4,8192,64,29,12,2,block_major_block_first,block_major,block_first,11.589592,-4.98419535771,0,0,true
llama_gqa,32,8,128,4,8192,64,29,12,3,block_major_head_first,block_major,head_first,11.862255,-4.98419535771,0,0,true
llama_gqa,32,8,128,4,8192,64,29,13,0,block_major_head_first,block_major,head_first,11.88496,-4.98419535771,0,0,true
llama_gqa,32,8,128,4,8192,64,29,13,1,head_major_block_first,head_major,block_first,11.683704,-4.98419535771,0,0,true
llama_gqa,32,8,128,4,8192,64,29,13,2,block_major_block_first,block_major,block_first,11.55537,-4.98419535771,0,0,true
llama_gqa,32,8,128,4,8192,64,29,13,3,head_major_head_first,head_major,head_first,11.536751,-4.98419535771,0,0,true
llama_gqa,32,8,128,4,8192,64,29,14,0,head_major_block_first,head_major,block_first,11.618766,-4.98419535771,0,0,true
llama_gqa,32,8,128,4,8192,64,29,14,1,head_major_head_first,head_major,head_first,11.352973,-4.98419535771,0,0,true
llama_gqa,32,8,128,4,8192,64,29,14,2,block_major_block_first,block_major,block_first,11.587809,-4.98419535771,0,0,true
llama_gqa,32,8,128,4,8192,64,29,14,3,block_major_head_first,block_major,head_first,12.266999,-4.98419535771,0,0,true
llama_gqa,32,8,128,4,8192,64,29,15,0,head_major_block_first,head_major,block_first,11.651645,-4.98419535771,0,0,true
llama_gqa,32,8,128,4,8192,64,29,15,1,head_major_head_first,head_major,head_first,11.514207,-4.98419535771,0,0,true
llama_gqa,32,8,128,4,8192,64,29,15,2,block_major_block_first,block_major,block_first,11.659067,-4.98419535771,0,0,true
llama_gqa,32,8,128,4,8192,64,29,15,3,block_major_head_first,block_major,head_first,11.850578,-4.98419535771,0,0,true
llama_gqa,32,8,128,4,8192,64,29,16,0,head_major_block_first,head_major,block_first,11.677435,-4.98419535771,0,0,true
llama_gqa,32,8,128,4,8192,64,29,16,1,head_major_head_first,head_major,head_first,11.536721,-4.98419535771,0,0,true
llama_gqa,32,8,128,4,8192,64,29,16,2,block_major_head_first,block_major,head_first,11.855305,-4.98419535771,0,0,true
llama_gqa,32,8,128,4,8192,64,29,16,3,block_major_block_first,block_major,block_first,11.589582,-4.98419535771,0,0,true
llama_gqa,32,8,128,4,8192,64,29,17,0,head_major_head_first,head_major,head_first,11.532164,-4.98419535771,0,0,true
llama_gqa,32,8,128,4,8192,64,29,17,1,block_major_head_first,block_major,head_first,11.916187,-4.98419535771,0,0,true
llama_gqa,32,8,128,4,8192,64,29,17,2,block_major_block_first,block_major,block_first,11.605125,-4.98419535771,0,0,true
llama_gqa,32,8,128,4,8192,64,29,17,3,head_major_block_first,head_major,block_first,11.633578,-4.98419535771,0,0,true
llama_gqa,32,8,128,4,8192,64,29,18,0,block_major_block_first,block_major,block_first,11.563482,-4.98419535771,0,0,true
llama_gqa,32,8,128,4,8192,64,29,18,1,block_major_head_first,block_major,head_first,12.195211,-4.98419535771,0,0,true
llama_gqa,32,8,128,4,8192,64,29,18,2,head_major_head_first,head_major,head_first,11.525814,-4.98419535771,0,0,true
llama_gqa,32,8,128,4,8192,64,29,18,3,head_major_block_first,head_major,block_first,11.64797,-4.98419535771,0,0,true
llama_gqa,32,8,128,4,8192,64,29,19,0,head_major_block_first,head_major,block_first,11.629853,-4.98419535771,0,0,true
llama_gqa,32,8,128,4,8192,64,29,19,1,head_major_head_first,head_major,head_first,11.241643,-4.98419535771,0,0,true
llama_gqa,32,8,128,4,8192,64,29,19,2,block_major_block_first,block_major,block_first,11.67489,-4.98419535771,0,0,true
llama_gqa,32,8,128,4,8192,64,29,19,3,block_major_head_first,block_major,head_first,12.212827,-4.98419535771,0,0,true
llama_gqa,32,8,128,4,8192,64,47,0,0,block_major_head_first,block_major,head_first,11.864128,-5.23406216935,0,0,true
llama_gqa,32,8,128,4,8192,64,47,0,1,block_major_block_first,block_major,block_first,11.599116,-5.23406216935,0,0,true
llama_gqa,32,8,128,4,8192,64,47,0,2,head_major_block_first,head_major,block_first,11.639608,-5.23406216935,0,0,true
llama_gqa,32,8,128,4,8192,64,47,0,3,head_major_head_first,head_major,head_first,11.531253,-5.23406216935,0,0,true
llama_gqa,32,8,128,4,8192,64,47,1,0,block_major_head_first,block_major,head_first,12.021967,-5.23406216935,0,0,true
llama_gqa,32,8,128,4,8192,64,47,1,1,block_major_block_first,block_major,block_first,11.648161,-5.23406216935,0,0,true
llama_gqa,32,8,128,4,8192,64,47,1,2,head_major_block_first,head_major,block_first,11.678316,-5.23406216935,0,0,true
llama_gqa,32,8,128,4,8192,64,47,1,3,head_major_head_first,head_major,head_first,11.585976,-5.23406216935,0,0,true
llama_gqa,32,8,128,4,8192,64,47,2,0,block_major_block_first,block_major,block_first,11.616813,-5.23406216935,0,0,true
llama_gqa,32,8,128,4,8192,64,47,2,1,block_major_head_first,block_major,head_first,11.903998,-5.23406216935,0,0,true
llama_gqa,32,8,128,4,8192,64,47,2,2,head_major_block_first,head_major,block_first,11.632897,-5.23406216935,0,0,true
llama_gqa,32,8,128,4,8192,64,47,2,3,head_major_head_first,head_major,head_first,11.533607,-5.23406216935,0,0,true
llama_gqa,32,8,128,4,8192,64,47,3,0,head_major_block_first,head_major,block_first,11.565024,-5.23406216935,0,0,true
llama_gqa,32,8,128,4,8192,64,47,3,1,head_major_head_first,head_major,head_first,11.159679,-5.23406216935,0,0,true
llama_gqa,32,8,128,4,8192,64,47,3,2,block_major_head_first,block_major,head_first,12.206157,-5.23406216935,0,0,true
llama_gqa,32,8,128,4,8192,64,47,3,3,block_major_block_first,block_major,block_first,11.590564,-5.23406216935,0,0,true
llama_gqa,32,8,128,4,8192,64,47,4,0,block_major_head_first,block_major,head_first,12.144403,-5.23406216935,0,0,true
llama_gqa,32,8,128,4,8192,64,47,4,1,head_major_block_first,head_major,block_first,11.625366,-5.23406216935,0,0,true
llama_gqa,32,8,128,4,8192,64,47,4,2,block_major_block_first,block_major,block_first,11.598706,-5.23406216935,0,0,true
llama_gqa,32,8,128,4,8192,64,47,4,3,head_major_head_first,head_major,head_first,11.55545,-5.23406216935,0,0,true
llama_gqa,32,8,128,4,8192,64,47,5,0,head_major_block_first,head_major,block_first,11.463329,-5.23406216935,0,0,true
llama_gqa,32,8,128,4,8192,64,47,5,1,block_major_head_first,block_major,head_first,12.074197,-5.23406216935,0,0,true
llama_gqa,32,8,128,4,8192,64,47,5,2,head_major_head_first,head_major,head_first,11.534818,-5.23406216935,0,0,true
llama_gqa,32,8,128,4,8192,64,47,5,3,block_major_block_first,block_major,block_first,11.568149,-5.23406216935,0,0,true
llama_gqa,32,8,128,4,8192,64,47,6,0,block_major_head_first,block_major,head_first,11.835434,-5.23406216935,0,0,true
llama_gqa,32,8,128,4,8192,64,47,6,1,block_major_block_first,block_major,block_first,11.611725,-5.23406216935,0,0,true
llama_gqa,32,8,128,4,8192,64,47,6,2,head_major_head_first,head_major,head_first,11.53555,-5.23406216935,0,0,true
llama_gqa,32,8,128,4,8192,64,47,6,3,head_major_block_first,head_major,block_first,11.62846,-5.23406216935,0,0,true
llama_gqa,32,8,128,4,8192,64,47,7,0,head_major_block_first,head_major,block_first,11.642321,-5.23406216935,0,0,true
llama_gqa,32,8,128,4,8192,64,47,7,1,block_major_block_first,block_major,block_first,11.593968,-5.23406216935,0,0,true
llama_gqa,32,8,128,4,8192,64,47,7,2,block_major_head_first,block_major,head_first,11.874453,-5.23406216935,0,0,true
llama_gqa,32,8,128,4,8192,64,47,7,3,head_major_head_first,head_major,head_first,11.590784,-5.23406216935,0,0,true
llama_gqa,32,8,128,4,8192,64,47,8,0,block_major_head_first,block_major,head_first,11.835204,-5.23406216935,0,0,true
llama_gqa,32,8,128,4,8192,64,47,8,1,block_major_block_first,block_major,block_first,11.58823,-5.23406216935,0,0,true
llama_gqa,32,8,128,4,8192,64,47,8,2,head_major_block_first,head_major,block_first,11.638005,-5.23406216935,0,0,true
llama_gqa,32,8,128,4,8192,64,47,8,3,head_major_head_first,head_major,head_first,11.54184,-5.23406216935,0,0,true
llama_gqa,32,8,128,4,8192,64,47,9,0,block_major_head_first,block_major,head_first,11.885731,-5.23406216935,0,0,true
llama_gqa,32,8,128,4,8192,64,47,9,1,block_major_block_first,block_major,block_first,11.57554,-5.23406216935,0,0,true
llama_gqa,32,8,128,4,8192,64,47,9,2,head_major_head_first,head_major,head_first,11.536631,-5.23406216935,0,0,true
llama_gqa,32,8,128,4,8192,64,47,9,3,head_major_block_first,head_major,block_first,11.618656,-5.23406216935,0,0,true
llama_gqa,32,8,128,4,8192,64,47,10,0,block_major_head_first,block_major,head_first,11.908716,-5.23406216935,0,0,true
llama_gqa,32,8,128,4,8192,64,47,10,1,head_major_head_first,head_major,head_first,11.541469,-5.23406216935,0,0,true
llama_gqa,32,8,128,4,8192,64,47,10,2,head_major_block_first,head_major,block_first,11.631535,-5.23406216935,0,0,true
llama_gqa,32,8,128,4,8192,64,47,10,3,block_major_block_first,block_major,block_first,11.576452,-5.23406216935,0,0,true
llama_gqa,32,8,128,4,8192,64,47,11,0,head_major_head_first,head_major,head_first,11.543812,-5.23406216935,0,0,true
llama_gqa,32,8,128,4,8192,64,47,11,1,block_major_head_first,block_major,head_first,12.01073,-5.23406216935,0,0,true
llama_gqa,32,8,128,4,8192,64,47,11,2,head_major_block_first,head_major,block_first,11.617213,-5.23406216935,0,0,true
llama_gqa,32,8,128,4,8192,64,47,11,3,block_major_block_first,block_major,block_first,11.574789,-5.23406216935,0,0,true
llama_gqa,32,8,128,4,8192,64,47,12,0,head_major_head_first,head_major,head_first,11.521618,-5.23406216935,0,0,true
llama_gqa,32,8,128,4,8192,64,47,12,1,block_major_head_first,block_major,head_first,11.876005,-5.23406216935,0,0,true
llama_gqa,32,8,128,4,8192,64,47,12,2,head_major_block_first,head_major,block_first,11.612416,-5.23406216935,0,0,true
llama_gqa,32,8,128,4,8192,64,47,12,3,block_major_block_first,block_major,block_first,11.624926,-5.23406216935,0,0,true
llama_gqa,32,8,128,4,8192,64,47,13,0,head_major_block_first,head_major,block_first,11.625896,-5.23406216935,0,0,true
llama_gqa,32,8,128,4,8192,64,47,13,1,block_major_block_first,block_major,block_first,11.587798,-5.23406216935,0,0,true
llama_gqa,32,8,128,4,8192,64,47,13,2,head_major_head_first,head_major,head_first,11.534819,-5.23406216935,0,0,true
llama_gqa,32,8,128,4,8192,64,47,13,3,block_major_head_first,block_major,head_first,11.870858,-5.23406216935,0,0,true
llama_gqa,32,8,128,4,8192,64,47,14,0,block_major_head_first,block_major,head_first,11.861785,-5.23406216935,0,0,true
llama_gqa,32,8,128,4,8192,64,47,14,1,block_major_block_first,block_major,block_first,11.610033,-5.23406216935,0,0,true
llama_gqa,32,8,128,4,8192,64,47,14,2,head_major_head_first,head_major,head_first,11.534378,-5.23406216935,0,0,true
llama_gqa,32,8,128,4,8192,64,47,14,3,head_major_block_first,head_major,block_first,11.66098,-5.23406216935,0,0,true
llama_gqa,32,8,128,4,8192,64,47,15,0,block_major_head_first,block_major,head_first,11.873683,-5.23406216935,0,0,true
llama_gqa,32,8,128,4,8192,64,47,15,1,head_major_block_first,head_major,block_first,11.765528,-5.23406216935,0,0,true
llama_gqa,32,8,128,4,8192,64,47,15,2,block_major_block_first,block_major,block_first,11.585025,-5.23406216935,0,0,true
llama_gqa,32,8,128,4,8192,64,47,15,3,head_major_head_first,head_major,head_first,11.529751,-5.23406216935,0,0,true
llama_gqa,32,8,128,4,8192,64,47,16,0,block_major_block_first,block_major,block_first,11.607268,-5.23406216935,0,0,true
llama_gqa,32,8,128,4,8192,64,47,16,1,block_major_head_first,block_major,head_first,11.847032,-5.23406216935,0,0,true
llama_gqa,32,8,128,4,8192,64,47,16,2,head_major_block_first,head_major,block_first,11.642632,-5.23406216935,0,0,true
llama_gqa,32,8,128,4,8192,64,47,16,3,head_major_head_first,head_major,head_first,11.542951,-5.23406216935,0,0,true
llama_gqa,32,8,128,4,8192,64,47,17,0,block_major_head_first,block_major,head_first,11.920623,-5.23406216935,0,0,true
llama_gqa,32,8,128,4,8192,64,47,17,1,head_major_block_first,head_major,block_first,11.625676,-5.23406216935,0,0,true
llama_gqa,32,8,128,4,8192,64,47,17,2,head_major_head_first,head_major,head_first,11.525755,-5.23406216935,0,0,true
llama_gqa,32,8,128,4,8192,64,47,17,3,block_major_block_first,block_major,block_first,11.593778,-5.23406216935,0,0,true
llama_gqa,32,8,128,4,8192,64,47,18,0,head_major_block_first,head_major,block_first,11.456279,-5.23406216935,0,0,true
llama_gqa,32,8,128,4,8192,64,47,18,1,head_major_head_first,head_major,head_first,11.181302,-5.23406216935,0,0,true
llama_gqa,32,8,128,4,8192,64,47,18,2,block_major_block_first,block_major,block_first,11.534097,-5.23406216935,0,0,true
llama_gqa,32,8,128,4,8192,64,47,18,3,block_major_head_first,block_major,head_first,12.313659,-5.23406216935,0,0,true
llama_gqa,32,8,128,4,8192,64,47,19,0,head_major_head_first,head_major,head_first,11.536941,-5.23406216935,0,0,true
llama_gqa,32,8,128,4,8192,64,47,19,1,block_major_block_first,block_major,block_first,11.619797,-5.23406216935,0,0,true
llama_gqa,32,8,128,4,8192,64,47,19,2,head_major_block_first,head_major,block_first,11.616863,-5.23406216935,0,0,true
llama_gqa,32,8,128,4,8192,64,47,19,3,block_major_head_first,block_major,head_first,11.880002,-5.23406216935,0,0,true
llama_gqa,32,8,128,4,16384,64,11,0,0,head_major_block_first,head_major,block_first,23.73155,2.44158965785,0,0,true
llama_gqa,32,8,128,4,16384,64,11,0,1,block_major_head_first,block_major,head_first,23.94236,2.44158965785,0,0,true
llama_gqa,32,8,128,4,16384,64,11,0,2,block_major_block_first,block_major,block_first,23.206524,2.44158965785,0,0,true
llama_gqa,32,8,128,4,16384,64,11,0,3,head_major_head_first,head_major,head_first,23.041042,2.44158965785,0,0,true
llama_gqa,32,8,128,4,16384,64,11,1,0,block_major_block_first,block_major,block_first,23.147114,2.44158965785,0,0,true
llama_gqa,32,8,128,4,16384,64,11,1,1,head_major_block_first,head_major,block_first,23.675615,2.44158965785,0,0,true
llama_gqa,32,8,128,4,16384,64,11,1,2,block_major_head_first,block_major,head_first,23.925835,2.44158965785,0,0,true
llama_gqa,32,8,128,4,16384,64,11,1,3,head_major_head_first,head_major,head_first,23.057208,2.44158965785,0,0,true
llama_gqa,32,8,128,4,16384,64,11,2,0,block_major_head_first,block_major,head_first,23.890011,2.44158965785,0,0,true
llama_gqa,32,8,128,4,16384,64,11,2,1,head_major_block_first,head_major,block_first,23.74453,2.44158965785,0,0,true
llama_gqa,32,8,128,4,16384,64,11,2,2,head_major_head_first,head_major,head_first,23.054463,2.44158965785,0,0,true
llama_gqa,32,8,128,4,16384,64,11,2,3,block_major_block_first,block_major,block_first,23.161025,2.44158965785,0,0,true
llama_gqa,32,8,128,4,16384,64,11,3,0,head_major_head_first,head_major,head_first,23.039701,2.44158965785,0,0,true
llama_gqa,32,8,128,4,16384,64,11,3,1,block_major_head_first,block_major,head_first,23.933127,2.44158965785,0,0,true
llama_gqa,32,8,128,4,16384,64,11,3,2,block_major_block_first,block_major,block_first,23.229039,2.44158965785,0,0,true
llama_gqa,32,8,128,4,16384,64,11,3,3,head_major_block_first,head_major,block_first,23.75774,2.44158965785,0,0,true
llama_gqa,32,8,128,4,16384,64,11,4,0,head_major_block_first,head_major,block_first,23.703968,2.44158965785,0,0,true
llama_gqa,32,8,128,4,16384,64,11,4,1,block_major_block_first,block_major,block_first,23.193514,2.44158965785,0,0,true
llama_gqa,32,8,128,4,16384,64,11,4,2,head_major_head_first,head_major,head_first,23.03318,2.44158965785,0,0,true
llama_gqa,32,8,128,4,16384,64,11,4,3,block_major_head_first,block_major,head_first,23.898303,2.44158965785,0,0,true
llama_gqa,32,8,128,4,16384,64,11,5,0,block_major_block_first,block_major,block_first,23.141074,2.44158965785,0,0,true
llama_gqa,32,8,128,4,16384,64,11,5,1,head_major_head_first,head_major,head_first,23.111469,2.44158965785,0,0,true
llama_gqa,32,8,128,4,16384,64,11,5,2,head_major_block_first,head_major,block_first,23.669837,2.44158965785,0,0,true
llama_gqa,32,8,128,4,16384,64,11,5,3,block_major_head_first,block_major,head_first,23.9028,2.44158965785,0,0,true
llama_gqa,32,8,128,4,16384,64,11,6,0,block_major_block_first,block_major,block_first,23.170839,2.44158965785,0,0,true
llama_gqa,32,8,128,4,16384,64,11,6,1,head_major_block_first,head_major,block_first,23.722637,2.44158965785,0,0,true
llama_gqa,32,8,128,4,16384,64,11,6,2,block_major_head_first,block_major,head_first,23.860836,2.44158965785,0,0,true
llama_gqa,32,8,128,4,16384,64,11,6,3,head_major_head_first,head_major,head_first,23.045179,2.44158965785,0,0,true
llama_gqa,32,8,128,4,16384,64,11,7,0,head_major_head_first,head_major,head_first,23.155467,2.44158965785,0,0,true
llama_gqa,32,8,128,4,16384,64,11,7,1,block_major_block_first,block_major,block_first,23.193344,2.44158965785,0,0,true
llama_gqa,32,8,128,4,16384,64,11,7,2,head_major_block_first,head_major,block_first,23.668945,2.44158965785,0,0,true
llama_gqa,32,8,128,4,16384,64,11,7,3,block_major_head_first,block_major,head_first,23.873485,2.44158965785,0,0,true
llama_gqa,32,8,128,4,16384,64,11,8,0,head_major_head_first,head_major,head_first,23.036276,2.44158965785,0,0,true
llama_gqa,32,8,128,4,16384,64,11,8,1,head_major_block_first,head_major,block_first,23.699422,2.44158965785,0,0,true
llama_gqa,32,8,128,4,16384,64,11,8,2,block_major_block_first,block_major,block_first,23.133513,2.44158965785,0,0,true
llama_gqa,32,8,128,4,16384,64,11,8,3,block_major_head_first,block_major,head_first,23.914418,2.44158965785,0,0,true
llama_gqa,32,8,128,4,16384,64,11,9,0,block_major_head_first,block_major,head_first,23.904152,2.44158965785,0,0,true
llama_gqa,32,8,128,4,16384,64,11,9,1,head_major_head_first,head_major,head_first,23.107093,2.44158965785,0,0,true
llama_gqa,32,8,128,4,16384,64,11,9,2,block_major_block_first,block_major,block_first,23.139231,2.44158965785,0,0,true
llama_gqa,32,8,128,4,16384,64,11,9,3,head_major_block_first,head_major,block_first,23.776899,2.44158965785,0,0,true
llama_gqa,32,8,128,4,16384,64,11,10,0,head_major_block_first,head_major,block_first,23.654082,2.44158965785,0,0,true
llama_gqa,32,8,128,4,16384,64,11,10,1,block_major_head_first,block_major,head_first,23.964443,2.44158965785,0,0,true
llama_gqa,32,8,128,4,16384,64,11,10,2,head_major_head_first,head_major,head_first,23.071319,2.44158965785,0,0,true
llama_gqa,32,8,128,4,16384,64,11,10,3,block_major_block_first,block_major,block_first,23.174925,2.44158965785,0,0,true
llama_gqa,32,8,128,4,16384,64,11,11,0,block_major_head_first,block_major,head_first,23.841517,2.44158965785,0,0,true
llama_gqa,32,8,128,4,16384,64,11,11,1,head_major_block_first,head_major,block_first,23.739683,2.44158965785,0,0,true
llama_gqa,32,8,128,4,16384,64,11,11,2,head_major_head_first,head_major,head_first,23.060883,2.44158965785,0,0,true
llama_gqa,32,8,128,4,16384,64,11,11,3,block_major_block_first,block_major,block_first,23.165782,2.44158965785,0,0,true
llama_gqa,32,8,128,4,16384,64,11,12,0,block_major_block_first,block_major,block_first,23.163319,2.44158965785,0,0,true
llama_gqa,32,8,128,4,16384,64,11,12,1,head_major_head_first,head_major,head_first,23.032029,2.44158965785,0,0,true
llama_gqa,32,8,128,4,16384,64,11,12,2,block_major_head_first,block_major,head_first,23.873806,2.44158965785,0,0,true
llama_gqa,32,8,128,4,16384,64,11,12,3,head_major_block_first,head_major,block_first,23.696016,2.44158965785,0,0,true
llama_gqa,32,8,128,4,16384,64,11,13,0,block_major_head_first,block_major,head_first,23.912105,2.44158965785,0,0,true
llama_gqa,32,8,128,4,16384,64,11,13,1,block_major_block_first,block_major,block_first,23.182437,2.44158965785,0,0,true
llama_gqa,32,8,128,4,16384,64,11,13,2,head_major_block_first,head_major,block_first,23.710949,2.44158965785,0,0,true
llama_gqa,32,8,128,4,16384,64,11,13,3,head_major_head_first,head_major,head_first,23.049797,2.44158965785,0,0,true
llama_gqa,32,8,128,4,16384,64,11,14,0,head_major_head_first,head_major,head_first,23.061063,2.44158965785,0,0,true
llama_gqa,32,8,128,4,16384,64,11,14,1,head_major_block_first,head_major,block_first,23.503064,2.44158965785,0,0,true
llama_gqa,32,8,128,4,16384,64,11,14,2,block_major_head_first,block_major,head_first,24.240092,2.44158965785,0,0,true
llama_gqa,32,8,128,4,16384,64,11,14,3,block_major_block_first,block_major,block_first,23.163769,2.44158965785,0,0,true
llama_gqa,32,8,128,4,16384,64,11,15,0,head_major_head_first,head_major,head_first,23.029185,2.44158965785,0,0,true
llama_gqa,32,8,128,4,16384,64,11,15,1,block_major_head_first,block_major,head_first,23.944944,2.44158965785,0,0,true
llama_gqa,32,8,128,4,16384,64,11,15,2,block_major_block_first,block_major,block_first,23.170488,2.44158965785,0,0,true
llama_gqa,32,8,128,4,16384,64,11,15,3,head_major_block_first,head_major,block_first,23.682216,2.44158965785,0,0,true
llama_gqa,32,8,128,4,16384,64,11,16,0,head_major_head_first,head_major,head_first,23.06599,2.44158965785,0,0,true
llama_gqa,32,8,128,4,16384,64,11,16,1,head_major_block_first,head_major,block_first,23.650206,2.44158965785,0,0,true
llama_gqa,32,8,128,4,16384,64,11,16,2,block_major_head_first,block_major,head_first,23.926846,2.44158965785,0,0,true
llama_gqa,32,8,128,4,16384,64,11,16,3,block_major_block_first,block_major,block_first,23.192843,2.44158965785,0,0,true
llama_gqa,32,8,128,4,16384,64,11,17,0,block_major_head_first,block_major,head_first,23.854847,2.44158965785,0,0,true
llama_gqa,32,8,128,4,16384,64,11,17,1,head_major_block_first,head_major,block_first,23.663597,2.44158965785,0,0,true
llama_gqa,32,8,128,4,16384,64,11,17,2,head_major_head_first,head_major,head_first,23.154084,2.44158965785,0,0,true
llama_gqa,32,8,128,4,16384,64,11,17,3,block_major_block_first,block_major,block_first,23.160253,2.44158965785,0,0,true
llama_gqa,32,8,128,4,16384,64,11,18,0,block_major_block_first,block_major,block_first,23.132141,2.44158965785,0,0,true
llama_gqa,32,8,128,4,16384,64,11,18,1,head_major_head_first,head_major,head_first,23.033611,2.44158965785,0,0,true
llama_gqa,32,8,128,4,16384,64,11,18,2,head_major_block_first,head_major,block_first,23.662175,2.44158965785,0,0,true
llama_gqa,32,8,128,4,16384,64,11,18,3,block_major_head_first,block_major,head_first,23.889339,2.44158965785,0,0,true
llama_gqa,32,8,128,4,16384,64,11,19,0,head_major_head_first,head_major,head_first,23.0522,2.44158965785,0,0,true
llama_gqa,32,8,128,4,16384,64,11,19,1,block_major_block_first,block_major,block_first,23.132642,2.44158965785,0,0,true
llama_gqa,32,8,128,4,16384,64,11,19,2,head_major_block_first,head_major,block_first,23.700422,2.44158965785,0,0,true
llama_gqa,32,8,128,4,16384,64,11,19,3,block_major_head_first,block_major,head_first,23.882078,2.44158965785,0,0,true
llama_gqa,32,8,128,4,16384,64,29,0,0,block_major_head_first,block_major,head_first,23.885623,-1.72906401912,0,0,true
llama_gqa,32,8,128,4,16384,64,29,0,1,head_major_head_first,head_major,head_first,23.075625,-1.72906401912,0,0,true
llama_gqa,32,8,128,4,16384,64,29,0,2,head_major_block_first,head_major,block_first,23.725139,-1.72906401912,0,0,true
llama_gqa,32,8,128,4,16384,64,29,0,3,block_major_block_first,block_major,block_first,23.194615,-1.72906401912,0,0,true
llama_gqa,32,8,128,4,16384,64,29,1,0,block_major_head_first,block_major,head_first,23.905143,-1.72906401912,0,0,true
llama_gqa,32,8,128,4,16384,64,29,1,1,block_major_block_first,block_major,block_first,23.15175,-1.72906401912,0,0,true
llama_gqa,32,8,128,4,16384,64,29,1,2,head_major_block_first,head_major,block_first,23.69821,-1.72906401912,0,0,true
llama_gqa,32,8,128,4,16384,64,29,1,3,head_major_head_first,head_major,head_first,23.06566,-1.72906401912,0,0,true
llama_gqa,32,8,128,4,16384,64,29,2,0,head_major_head_first,head_major,head_first,23.08525,-1.72906401912,0,0,true
llama_gqa,32,8,128,4,16384,64,29,2,1,head_major_block_first,head_major,block_first,23.558117,-1.72906401912,0,0,true
llama_gqa,32,8,128,4,16384,64,29,2,2,block_major_block_first,block_major,block_first,23.155276,-1.72906401912,0,0,true
llama_gqa,32,8,128,4,16384,64,29,2,3,block_major_head_first,block_major,head_first,23.931823,-1.72906401912,0,0,true
llama_gqa,32,8,128,4,16384,64,29,3,0,head_major_head_first,head_major,head_first,23.031318,-1.72906401912,0,0,true
llama_gqa,32,8,128,4,16384,64,29,3,1,head_major_block_first,head_major,block_first,23.655434,-1.72906401912,0,0,true
llama_gqa,32,8,128,4,16384,64,29,3,2,block_major_head_first,block_major,head_first,23.846685,-1.72906401912,0,0,true
llama_gqa,32,8,128,4,16384,64,29,3,3,block_major_block_first,block_major,block_first,23.173664,-1.72906401912,0,0,true
llama_gqa,32,8,128,4,16384,64,29,4,0,head_major_head_first,head_major,head_first,23.060202,-1.72906401912,0,0,true
llama_gqa,32,8,128,4,16384,64,29,4,1,head_major_block_first,head_major,block_first,23.725261,-1.72906401912,0,0,true
llama_gqa,32,8,128,4,16384,64,29,4,2,block_major_head_first,block_major,head_first,23.966065,-1.72906401912,0,0,true
llama_gqa,32,8,128,4,16384,64,29,4,3,block_major_block_first,block_major,block_first,23.206853,-1.72906401912,0,0,true
llama_gqa,32,8,128,4,16384,64,29,5,0,head_major_head_first,head_major,head_first,23.028664,-1.72906401912,0,0,true
llama_gqa,32,8,128,4,16384,64,29,5,1,head_major_block_first,head_major,block_first,23.724319,-1.72906401912,0,0,true
llama_gqa,32,8,128,4,16384,64,29,5,2,block_major_head_first,block_major,head_first,23.90954,-1.72906401912,0,0,true
llama_gqa,32,8,128,4,16384,64,29,5,3,block_major_block_first,block_major,block_first,23.180784,-1.72906401912,0,0,true
llama_gqa,32,8,128,4,16384,64,29,6,0,block_major_head_first,block_major,head_first,23.887826,-1.72906401912,0,0,true
llama_gqa,32,8,128,4,16384,64,29,6,1,head_major_block_first,head_major,block_first,23.71826,-1.72906401912,0,0,true
llama_gqa,32,8,128,4,16384,64,29,6,2,block_major_block_first,block_major,block_first,23.124559,-1.72906401912,0,0,true
llama_gqa,32,8,128,4,16384,64,29,6,3,head_major_head_first,head_major,head_first,23.142356,-1.72906401912,0,0,true
llama_gqa,32,8,128,4,16384,64,29,7,0,head_major_head_first,head_major,head_first,23.043957,-1.72906401912,0,0,true
llama_gqa,32,8,128,4,16384,64,29,7,1,block_major_block_first,block_major,block_first,23.179212,-1.72906401912,0,0,true
llama_gqa,32,8,128,4,16384,64,29,7,2,head_major_block_first,head_major,block_first,23.688784,-1.72906401912,0,0,true
llama_gqa,32,8,128,4,16384,64,29,7,3,block_major_head_first,block_major,head_first,23.886274,-1.72906401912,0,0,true
llama_gqa,32,8,128,4,16384,64,29,8,0,block_major_block_first,block_major,block_first,23.135306,-1.72906401912,0,0,true
llama_gqa,32,8,128,4,16384,64,29,8,1,head_major_block_first,head_major,block_first,23.716897,-1.72906401912,0,0,true
llama_gqa,32,8,128,4,16384,64,29,8,2,head_major_head_first,head_major,head_first,23.05297,-1.72906401912,0,0,true
llama_gqa,32,8,128,4,16384,64,29,8,3,block_major_head_first,block_major,head_first,23.921057,-1.72906401912,0,0,true
llama_gqa,32,8,128,4,16384,64,29,9,0,block_major_head_first,block_major,head_first,23.901768,-1.72906401912,0,0,true
llama_gqa,32,8,128,4,16384,64,29,9,1,head_major_block_first,head_major,block_first,23.710197,-1.72906401912,0,0,true
llama_gqa,32,8,128,4,16384,64,29,9,2,head_major_head_first,head_major,head_first,23.084719,-1.72906401912,0,0,true
llama_gqa,32,8,128,4,16384,64,29,9,3,block_major_block_first,block_major,block_first,23.149116,-1.72906401912,0,0,true
llama_gqa,32,8,128,4,16384,64,29,10,0,block_major_head_first,block_major,head_first,23.862839,-1.72906401912,0,0,true
llama_gqa,32,8,128,4,16384,64,29,10,1,head_major_head_first,head_major,head_first,23.045649,-1.72906401912,0,0,true
llama_gqa,32,8,128,4,16384,64,29,10,2,block_major_block_first,block_major,block_first,23.203909,-1.72906401912,0,0,true
llama_gqa,32,8,128,4,16384,64,29,10,3,head_major_block_first,head_major,block_first,23.671698,-1.72906401912,0,0,true
llama_gqa,32,8,128,4,16384,64,29,11,0,head_major_head_first,head_major,head_first,23.092771,-1.72906401912,0,0,true
llama_gqa,32,8,128,4,16384,64,29,11,1,block_major_head_first,block_major,head_first,23.892033,-1.72906401912,0,0,true
llama_gqa,32,8,128,4,16384,64,29,11,2,head_major_block_first,head_major,block_first,23.663817,-1.72906401912,0,0,true
llama_gqa,32,8,128,4,16384,64,29,11,3,block_major_block_first,block_major,block_first,23.184339,-1.72906401912,0,0,true
llama_gqa,32,8,128,4,16384,64,29,12,0,head_major_head_first,head_major,head_first,23.044797,-1.72906401912,0,0,true
llama_gqa,32,8,128,4,16384,64,29,12,1,block_major_block_first,block_major,block_first,23.189318,-1.72906401912,0,0,true
llama_gqa,32,8,128,4,16384,64,29,12,2,block_major_head_first,block_major,head_first,23.871842,-1.72906401912,0,0,true
llama_gqa,32,8,128,4,16384,64,29,12,3,head_major_block_first,head_major,block_first,23.662755,-1.72906401912,0,0,true
llama_gqa,32,8,128,4,16384,64,29,13,0,block_major_head_first,block_major,head_first,23.939064,-1.72906401912,0,0,true
llama_gqa,32,8,128,4,16384,64,29,13,1,block_major_block_first,block_major,block_first,23.161484,-1.72906401912,0,0,true
llama_gqa,32,8,128,4,16384,64,29,13,2,head_major_block_first,head_major,block_first,23.671408,-1.72906401912,0,0,true
llama_gqa,32,8,128,4,16384,64,29,13,3,head_major_head_first,head_major,head_first,23.076867,-1.72906401912,0,0,true
llama_gqa,32,8,128,4,16384,64,29,14,0,block_major_block_first,block_major,block_first,23.205141,-1.72906401912,0,0,true
llama_gqa,32,8,128,4,16384,64,29,14,1,head_major_block_first,head_major,block_first,23.736247,-1.72906401912,0,0,true
llama_gqa,32,8,128,4,16384,64,29,14,2,block_major_head_first,block_major,head_first,23.901057,-1.72906401912,0,0,true
llama_gqa,32,8,128,4,16384,64,29,14,3,head_major_head_first,head_major,head_first,23.095885,-1.72906401912,0,0,true
llama_gqa,32,8,128,4,16384,64,29,15,0,block_major_block_first,block_major,block_first,23.150408,-1.72906401912,0,0,true
llama_gqa,32,8,128,4,16384,64,29,15,1,block_major_head_first,block_major,head_first,23.912433,-1.72906401912,0,0,true
llama_gqa,32,8,128,4,16384,64,29,15,2,head_major_head_first,head_major,head_first,23.05944,-1.72906401912,0,0,true
llama_gqa,32,8,128,4,16384,64,29,15,3,head_major_block_first,head_major,block_first,23.697598,-1.72906401912,0,0,true
llama_gqa,32,8,128,4,16384,64,29,16,0,block_major_head_first,block_major,head_first,23.884211,-1.72906401912,0,0,true
llama_gqa,32,8,128,4,16384,64,29,16,1,head_major_head_first,head_major,head_first,23.048223,-1.72906401912,0,0,true
llama_gqa,32,8,128,4,16384,64,29,16,2,block_major_block_first,block_major,block_first,23.14578,-1.72906401912,0,0,true
llama_gqa,32,8,128,4,16384,64,29,16,3,head_major_block_first,head_major,block_first,23.650747,-1.72906401912,0,0,true
llama_gqa,32,8,128,4,16384,64,29,17,0,head_major_block_first,head_major,block_first,23.731479,-1.72906401912,0,0,true
llama_gqa,32,8,128,4,16384,64,29,17,1,head_major_head_first,head_major,head_first,23.023085,-1.72906401912,0,0,true
llama_gqa,32,8,128,4,16384,64,29,17,2,block_major_head_first,block_major,head_first,24.028279,-1.72906401912,0,0,true
llama_gqa,32,8,128,4,16384,64,29,17,3,block_major_block_first,block_major,block_first,23.19154,-1.72906401912,0,0,true
llama_gqa,32,8,128,4,16384,64,29,18,0,block_major_head_first,block_major,head_first,23.925514,-1.72906401912,0,0,true
llama_gqa,32,8,128,4,16384,64,29,18,1,head_major_block_first,head_major,block_first,23.684518,-1.72906401912,0,0,true
llama_gqa,32,8,128,4,16384,64,29,18,2,head_major_head_first,head_major,head_first,23.060582,-1.72906401912,0,0,true
llama_gqa,32,8,128,4,16384,64,29,18,3,block_major_block_first,block_major,block_first,23.16525,-1.72906401912,0,0,true
llama_gqa,32,8,128,4,16384,64,29,19,0,head_major_head_first,head_major,head_first,23.037766,-1.72906401912,0,0,true
llama_gqa,32,8,128,4,16384,64,29,19,1,head_major_block_first,head_major,block_first,23.733843,-1.72906401912,0,0,true
llama_gqa,32,8,128,4,16384,64,29,19,2,block_major_block_first,block_major,block_first,23.186343,-1.72906401912,0,0,true
llama_gqa,32,8,128,4,16384,64,29,19,3,block_major_head_first,block_major,head_first,23.982551,-1.72906401912,0,0,true
llama_gqa,32,8,128,4,16384,64,47,0,0,block_major_head_first,block_major,head_first,23.886094,-1.07429961004,0,0,true
llama_gqa,32,8,128,4,16384,64,47,0,1,head_major_head_first,head_major,head_first,23.063726,-1.07429961004,0,0,true
llama_gqa,32,8,128,4,16384,64,47,0,2,block_major_block_first,block_major,block_first,23.158309,-1.07429961004,0,0,true
llama_gqa,32,8,128,4,16384,64,47,0,3,head_major_block_first,head_major,block_first,23.72567,-1.07429961004,0,0,true
llama_gqa,32,8,128,4,16384,64,47,1,0,head_major_head_first,head_major,head_first,23.07929,-1.07429961004,0,0,true
llama_gqa,32,8,128,4,16384,64,47,1,1,block_major_head_first,block_major,head_first,23.877831,-1.07429961004,0,0,true
llama_gqa,32,8,128,4,16384,64,47,1,2,block_major_block_first,block_major,block_first,23.175515,-1.07429961004,0,0,true
llama_gqa,32,8,128,4,16384,64,47,1,3,head_major_block_first,head_major,block_first,23.73182,-1.07429961004,0,0,true
llama_gqa,32,8,128,4,16384,64,47,2,0,head_major_block_first,head_major,block_first,23.733101,-1.07429961004,0,0,true
llama_gqa,32,8,128,4,16384,64,47,2,1,block_major_head_first,block_major,head_first,23.880384,-1.07429961004,0,0,true
llama_gqa,32,8,128,4,16384,64,47,2,2,head_major_head_first,head_major,head_first,23.057898,-1.07429961004,0,0,true
llama_gqa,32,8,128,4,16384,64,47,2,3,block_major_block_first,block_major,block_first,23.171208,-1.07429961004,0,0,true
llama_gqa,32,8,128,4,16384,64,47,3,0,head_major_block_first,head_major,block_first,23.707082,-1.07429961004,0,0,true
llama_gqa,32,8,128,4,16384,64,47,3,1,block_major_head_first,block_major,head_first,23.919674,-1.07429961004,0,0,true
llama_gqa,32,8,128,4,16384,64,47,3,2,head_major_head_first,head_major,head_first,23.10538,-1.07429961004,0,0,true
llama_gqa,32,8,128,4,16384,64,47,3,3,block_major_block_first,block_major,block_first,23.181114,-1.07429961004,0,0,true
llama_gqa,32,8,128,4,16384,64,47,4,0,block_major_head_first,block_major,head_first,23.908097,-1.07429961004,0,0,true
llama_gqa,32,8,128,4,16384,64,47,4,1,head_major_block_first,head_major,block_first,23.679821,-1.07429961004,0,0,true
llama_gqa,32,8,128,4,16384,64,47,4,2,block_major_block_first,block_major,block_first,23.159801,-1.07429961004,0,0,true
llama_gqa,32,8,128,4,16384,64,47,4,3,head_major_head_first,head_major,head_first,23.030235,-1.07429961004,0,0,true
llama_gqa,32,8,128,4,16384,64,47,5,0,block_major_head_first,block_major,head_first,23.893935,-1.07429961004,0,0,true
llama_gqa,32,8,128,4,16384,64,47,5,1,head_major_block_first,head_major,block_first,23.774814,-1.07429961004,0,0,true
llama_gqa,32,8,128,4,16384,64,47,5,2,head_major_head_first,head_major,head_first,23.046099,-1.07429961004,0,0,true
llama_gqa,32,8,128,4,16384,64,47,5,3,block_major_block_first,block_major,block_first,23.161344,-1.07429961004,0,0,true
llama_gqa,32,8,128,4,16384,64,47,6,0,block_major_head_first,block_major,head_first,23.859123,-1.07429961004,0,0,true
llama_gqa,32,8,128,4,16384,64,47,6,1,head_major_block_first,head_major,block_first,23.756667,-1.07429961004,0,0,true
llama_gqa,32,8,128,4,16384,64,47,6,2,head_major_head_first,head_major,head_first,23.109074,-1.07429961004,0,0,true
llama_gqa,32,8,128,4,16384,64,47,6,3,block_major_block_first,block_major,block_first,23.286784,-1.07429961004,0,0,true
llama_gqa,32,8,128,4,16384,64,47,7,0,head_major_block_first,head_major,block_first,23.694643,-1.07429961004,0,0,true
llama_gqa,32,8,128,4,16384,64,47,7,1,block_major_block_first,block_major,block_first,23.156637,-1.07429961004,0,0,true
llama_gqa,32,8,128,4,16384,64,47,7,2,block_major_head_first,block_major,head_first,23.886584,-1.07429961004,0,0,true
llama_gqa,32,8,128,4,16384,64,47,7,3,head_major_head_first,head_major,head_first,23.055814,-1.07429961004,0,0,true
llama_gqa,32,8,128,4,16384,64,47,8,0,block_major_block_first,block_major,block_first,23.164599,-1.07429961004,0,0,true
llama_gqa,32,8,128,4,16384,64,47,8,1,head_major_head_first,head_major,head_first,23.059369,-1.07429961004,0,0,true
llama_gqa,32,8,128,4,16384,64,47,8,2,block_major_head_first,block_major,head_first,24.131095,-1.07429961004,0,0,true
llama_gqa,32,8,128,4,16384,64,47,8,3,head_major_block_first,head_major,block_first,23.694002,-1.07429961004,0,0,true
llama_gqa,32,8,128,4,16384,64,47,9,0,head_major_head_first,head_major,head_first,23.031467,-1.07429961004,0,0,true
llama_gqa,32,8,128,4,16384,64,47,9,1,block_major_block_first,block_major,block_first,23.183427,-1.07429961004,0,0,true
llama_gqa,32,8,128,4,16384,64,47,9,2,block_major_head_first,block_major,head_first,23.98258,-1.07429961004,0,0,true
llama_gqa,32,8,128,4,16384,64,47,9,3,head_major_block_first,head_major,block_first,23.73896,-1.07429961004,0,0,true
llama_gqa,32,8,128,4,16384,64,47,10,0,block_major_head_first,block_major,head_first,23.895798,-1.07429961004,0,0,true
llama_gqa,32,8,128,4,16384,64,47,10,1,head_major_block_first,head_major,block_first,23.701283,-1.07429961004,0,0,true
llama_gqa,32,8,128,4,16384,64,47,10,2,head_major_head_first,head_major,head_first,23.029825,-1.07429961004,0,0,true
llama_gqa,32,8,128,4,16384,64,47,10,3,block_major_block_first,block_major,block_first,23.144328,-1.07429961004,0,0,true
llama_gqa,32,8,128,4,16384,64,47,11,0,block_major_block_first,block_major,block_first,23.230549,-1.07429961004,0,0,true
llama_gqa,32,8,128,4,16384,64,47,11,1,block_major_head_first,block_major,head_first,23.900005,-1.07429961004,0,0,true
llama_gqa,32,8,128,4,16384,64,47,11,2,head_major_block_first,head_major,block_first,23.717718,-1.07429961004,0,0,true
llama_gqa,32,8,128,4,16384,64,47,11,3,head_major_head_first,head_major,head_first,23.084067,-1.07429961004,0,0,true
llama_gqa,32,8,128,4,16384,64,47,12,0,head_major_head_first,head_major,head_first,23.110567,-1.07429961004,0,0,true
llama_gqa,32,8,128,4,16384,64,47,12,1,block_major_head_first,block_major,head_first,24.253571,-1.07429961004,0,0,true
llama_gqa,32,8,128,4,16384,64,47,12,2,block_major_block_first,block_major,block_first,23.303349,-1.07429961004,0,0,true
llama_gqa,32,8,128,4,16384,64,47,12,3,head_major_block_first,head_major,block_first,23.74574,-1.07429961004,0,0,true
llama_gqa,32,8,128,4,16384,64,47,13,0,block_major_head_first,block_major,head_first,23.949059,-1.07429961004,0,0,true
llama_gqa,32,8,128,4,16384,64,47,13,1,block_major_block_first,block_major,block_first,23.226814,-1.07429961004,0,0,true
llama_gqa,32,8,128,4,16384,64,47,13,2,head_major_block_first,head_major,block_first,23.708784,-1.07429961004,0,0,true
llama_gqa,32,8,128,4,16384,64,47,13,3,head_major_head_first,head_major,head_first,23.044838,-1.07429961004,0,0,true
llama_gqa,32,8,128,4,16384,64,47,14,0,head_major_block_first,head_major,block_first,23.764639,-1.07429961004,0,0,true
llama_gqa,32,8,128,4,16384,64,47,14,1,block_major_head_first,block_major,head_first,23.941898,-1.07429961004,0,0,true
llama_gqa,32,8,128,4,16384,64,47,14,2,block_major_block_first,block_major,block_first,23.224459,-1.07429961004,0,0,true
llama_gqa,32,8,128,4,16384,64,47,14,3,head_major_head_first,head_major,head_first,23.058588,-1.07429961004,0,0,true
llama_gqa,32,8,128,4,16384,64,47,15,0,head_major_block_first,head_major,block_first,23.695194,-1.07429961004,0,0,true
llama_gqa,32,8,128,4,16384,64,47,15,1,block_major_head_first,block_major,head_first,23.996651,-1.07429961004,0,0,true
llama_gqa,32,8,128,4,16384,64,47,15,2,block_major_block_first,block_major,block_first,23.122956,-1.07429961004,0,0,true
llama_gqa,32,8,128,4,16384,64,47,15,3,head_major_head_first,head_major,head_first,23.056735,-1.07429961004,0,0,true
llama_gqa,32,8,128,4,16384,64,47,16,0,head_major_block_first,head_major,block_first,23.706331,-1.07429961004,0,0,true
llama_gqa,32,8,128,4,16384,64,47,16,1,head_major_head_first,head_major,head_first,23.064207,-1.07429961004,0,0,true
llama_gqa,32,8,128,4,16384,64,47,16,2,block_major_head_first,block_major,head_first,23.862507,-1.07429961004,0,0,true
llama_gqa,32,8,128,4,16384,64,47,16,3,block_major_block_first,block_major,block_first,23.221145,-1.07429961004,0,0,true
llama_gqa,32,8,128,4,16384,64,47,17,0,block_major_block_first,block_major,block_first,23.229467,-1.07429961004,0,0,true
llama_gqa,32,8,128,4,16384,64,47,17,1,head_major_block_first,head_major,block_first,23.704998,-1.07429961004,0,0,true
llama_gqa,32,8,128,4,16384,64,47,17,2,block_major_head_first,block_major,head_first,24.013136,-1.07429961004,0,0,true
llama_gqa,32,8,128,4,16384,64,47,17,3,head_major_head_first,head_major,head_first,23.042233,-1.07429961004,0,0,true
llama_gqa,32,8,128,4,16384,64,47,18,0,block_major_block_first,block_major,block_first,23.156656,-1.07429961004,0,0,true
llama_gqa,32,8,128,4,16384,64,47,18,1,head_major_block_first,head_major,block_first,23.698319,-1.07429961004,0,0,true
llama_gqa,32,8,128,4,16384,64,47,18,2,block_major_head_first,block_major,head_first,23.863198,-1.07429961004,0,0,true
llama_gqa,32,8,128,4,16384,64,47,18,3,head_major_head_first,head_major,head_first,23.069374,-1.07429961004,0,0,true
llama_gqa,32,8,128,4,16384,64,47,19,0,head_major_block_first,head_major,block_first,23.747253,-1.07429961004,0,0,true
llama_gqa,32,8,128,4,16384,64,47,19,1,block_major_block_first,block_major,block_first,23.174835,-1.07429961004,0,0,true
llama_gqa,32,8,128,4,16384,64,47,19,2,head_major_head_first,head_major,head_first,23.09283,-1.07429961004,0,0,true
llama_gqa,32,8,128,4,16384,64,47,19,3,block_major_head_first,block_major,head_first,23.975579,-1.07429961004,0,0,true
mha,8,8,64,1,512,64,11,0,0,head_major_block_first,head_major,block_first,0.022635,1.19296919581,0,0,true
mha,8,8,64,1,512,64,11,0,1,head_major_head_first,head_major,head_first,0.022153,1.19296919581,0,0,true
mha,8,8,64,1,512,64,11,0,2,block_major_head_first,block_major,head_first,0.022194,1.19296919581,0,0,true
mha,8,8,64,1,512,64,11,0,3,block_major_block_first,block_major,block_first,0.021743,1.19296919581,0,0,true
mha,8,8,64,1,512,64,11,1,0,block_major_block_first,block_major,block_first,0.021212,1.19296919581,0,0,true
mha,8,8,64,1,512,64,11,1,1,block_major_head_first,block_major,head_first,0.021722,1.19296919581,0,0,true
mha,8,8,64,1,512,64,11,1,2,head_major_head_first,head_major,head_first,0.021924,1.19296919581,0,0,true
mha,8,8,64,1,512,64,11,1,3,head_major_block_first,head_major,block_first,0.022454,1.19296919581,0,0,true
mha,8,8,64,1,512,64,11,2,0,block_major_head_first,block_major,head_first,0.022223,1.19296919581,0,0,true
mha,8,8,64,1,512,64,11,2,1,block_major_block_first,block_major,block_first,0.021142,1.19296919581,0,0,true
mha,8,8,64,1,512,64,11,2,2,head_major_block_first,head_major,block_first,0.022544,1.19296919581,0,0,true
mha,8,8,64,1,512,64,11,2,3,head_major_head_first,head_major,head_first,0.022184,1.19296919581,0,0,true
mha,8,8,64,1,512,64,11,3,0,head_major_block_first,head_major,block_first,0.022394,1.19296919581,0,0,true
mha,8,8,64,1,512,64,11,3,1,head_major_head_first,head_major,head_first,0.022033,1.19296919581,0,0,true
mha,8,8,64,1,512,64,11,3,2,block_major_head_first,block_major,head_first,0.021633,1.19296919581,0,0,true
mha,8,8,64,1,512,64,11,3,3,block_major_block_first,block_major,block_first,0.021392,1.19296919581,0,0,true
mha,8,8,64,1,512,64,11,4,0,head_major_block_first,head_major,block_first,0.022544,1.19296919581,0,0,true
mha,8,8,64,1,512,64,11,4,1,head_major_head_first,head_major,head_first,0.022014,1.19296919581,0,0,true
mha,8,8,64,1,512,64,11,4,2,block_major_block_first,block_major,block_first,0.020941,1.19296919581,0,0,true
mha,8,8,64,1,512,64,11,4,3,block_major_head_first,block_major,head_first,0.021773,1.19296919581,0,0,true
mha,8,8,64,1,512,64,11,5,0,block_major_block_first,block_major,block_first,0.021242,1.19296919581,0,0,true
mha,8,8,64,1,512,64,11,5,1,head_major_block_first,head_major,block_first,0.022674,1.19296919581,0,0,true
mha,8,8,64,1,512,64,11,5,2,block_major_head_first,block_major,head_first,0.021703,1.19296919581,0,0,true
mha,8,8,64,1,512,64,11,5,3,head_major_head_first,head_major,head_first,0.021873,1.19296919581,0,0,true
mha,8,8,64,1,512,64,11,6,0,head_major_head_first,head_major,head_first,0.022113,1.19296919581,0,0,true
mha,8,8,64,1,512,64,11,6,1,block_major_head_first,block_major,head_first,0.021763,1.19296919581,0,0,true
mha,8,8,64,1,512,64,11,6,2,head_major_block_first,head_major,block_first,0.022674,1.19296919581,0,0,true
mha,8,8,64,1,512,64,11,6,3,block_major_block_first,block_major,block_first,0.021102,1.19296919581,0,0,true
mha,8,8,64,1,512,64,11,7,0,block_major_head_first,block_major,head_first,0.021533,1.19296919581,0,0,true
mha,8,8,64,1,512,64,11,7,1,head_major_block_first,head_major,block_first,0.022554,1.19296919581,0,0,true
mha,8,8,64,1,512,64,11,7,2,head_major_head_first,head_major,head_first,0.022003,1.19296919581,0,0,true
mha,8,8,64,1,512,64,11,7,3,block_major_block_first,block_major,block_first,0.021172,1.19296919581,0,0,true
mha,8,8,64,1,512,64,11,8,0,head_major_block_first,head_major,block_first,0.022525,1.19296919581,0,0,true
mha,8,8,64,1,512,64,11,8,1,block_major_block_first,block_major,block_first,0.020961,1.19296919581,0,0,true
mha,8,8,64,1,512,64,11,8,2,block_major_head_first,block_major,head_first,0.021743,1.19296919581,0,0,true
mha,8,8,64,1,512,64,11,8,3,head_major_head_first,head_major,head_first,0.022054,1.19296919581,0,0,true
mha,8,8,64,1,512,64,11,9,0,head_major_block_first,head_major,block_first,0.022494,1.19296919581,0,0,true
mha,8,8,64,1,512,64,11,9,1,block_major_head_first,block_major,head_first,0.021552,1.19296919581,0,0,true
mha,8,8,64,1,512,64,11,9,2,head_major_head_first,head_major,head_first,0.022194,1.19296919581,0,0,true
mha,8,8,64,1,512,64,11,9,3,block_major_block_first,block_major,block_first,0.021062,1.19296919581,0,0,true
mha,8,8,64,1,512,64,11,10,0,block_major_block_first,block_major,block_first,0.021252,1.19296919581,0,0,true
mha,8,8,64,1,512,64,11,10,1,head_major_block_first,head_major,block_first,0.022594,1.19296919581,0,0,true
mha,8,8,64,1,512,64,11,10,2,block_major_head_first,block_major,head_first,0.021643,1.19296919581,0,0,true
mha,8,8,64,1,512,64,11,10,3,head_major_head_first,head_major,head_first,0.021953,1.19296919581,0,0,true
mha,8,8,64,1,512,64,11,11,0,block_major_block_first,block_major,block_first,0.021162,1.19296919581,0,0,true
mha,8,8,64,1,512,64,11,11,1,block_major_head_first,block_major,head_first,0.021693,1.19296919581,0,0,true
mha,8,8,64,1,512,64,11,11,2,head_major_head_first,head_major,head_first,0.021813,1.19296919581,0,0,true
mha,8,8,64,1,512,64,11,11,3,head_major_block_first,head_major,block_first,0.022384,1.19296919581,0,0,true
mha,8,8,64,1,512,64,11,12,0,head_major_head_first,head_major,head_first,0.022163,1.19296919581,0,0,true
mha,8,8,64,1,512,64,11,12,1,head_major_block_first,head_major,block_first,0.022514,1.19296919581,0,0,true
mha,8,8,64,1,512,64,11,12,2,block_major_head_first,block_major,head_first,0.021583,1.19296919581,0,0,true
mha,8,8,64,1,512,64,11,12,3,block_major_block_first,block_major,block_first,0.021212,1.19296919581,0,0,true
mha,8,8,64,1,512,64,11,13,0,block_major_head_first,block_major,head_first,0.03356,1.19296919581,0,0,true
mha,8,8,64,1,512,64,11,13,1,head_major_block_first,head_major,block_first,0.022764,1.19296919581,0,0,true
mha,8,8,64,1,512,64,11,13,2,head_major_head_first,head_major,head_first,0.022094,1.19296919581,0,0,true
mha,8,8,64,1,512,64,11,13,3,block_major_block_first,block_major,block_first,0.021112,1.19296919581,0,0,true
mha,8,8,64,1,512,64,11,14,0,head_major_block_first,head_major,block_first,0.022564,1.19296919581,0,0,true
mha,8,8,64,1,512,64,11,14,1,block_major_head_first,block_major,head_first,0.025589,1.19296919581,0,0,true
mha,8,8,64,1,512,64,11,14,2,block_major_block_first,block_major,block_first,0.021262,1.19296919581,0,0,true
mha,8,8,64,1,512,64,11,14,3,head_major_head_first,head_major,head_first,0.021753,1.19296919581,0,0,true
mha,8,8,64,1,512,64,11,15,0,block_major_block_first,block_major,block_first,0.021042,1.19296919581,0,0,true
mha,8,8,64,1,512,64,11,15,1,head_major_head_first,head_major,head_first,0.021873,1.19296919581,0,0,true
mha,8,8,64,1,512,64,11,15,2,block_major_head_first,block_major,head_first,0.021833,1.19296919581,0,0,true
mha,8,8,64,1,512,64,11,15,3,head_major_block_first,head_major,block_first,0.022704,1.19296919581,0,0,true
mha,8,8,64,1,512,64,11,16,0,head_major_block_first,head_major,block_first,0.022354,1.19296919581,0,0,true
mha,8,8,64,1,512,64,11,16,1,head_major_head_first,head_major,head_first,0.022414,1.19296919581,0,0,true
mha,8,8,64,1,512,64,11,16,2,block_major_block_first,block_major,block_first,0.020982,1.19296919581,0,0,true
mha,8,8,64,1,512,64,11,16,3,block_major_head_first,block_major,head_first,0.021643,1.19296919581,0,0,true
mha,8,8,64,1,512,64,11,17,0,head_major_head_first,head_major,head_first,0.021773,1.19296919581,0,0,true
mha,8,8,64,1,512,64,11,17,1,block_major_block_first,block_major,block_first,0.021112,1.19296919581,0,0,true
mha,8,8,64,1,512,64,11,17,2,head_major_block_first,head_major,block_first,0.022805,1.19296919581,0,0,true
mha,8,8,64,1,512,64,11,17,3,block_major_head_first,block_major,head_first,0.021853,1.19296919581,0,0,true
mha,8,8,64,1,512,64,11,18,0,head_major_block_first,head_major,block_first,0.022595,1.19296919581,0,0,true
mha,8,8,64,1,512,64,11,18,1,block_major_block_first,block_major,block_first,0.021092,1.19296919581,0,0,true
mha,8,8,64,1,512,64,11,18,2,block_major_head_first,block_major,head_first,0.021562,1.19296919581,0,0,true
mha,8,8,64,1,512,64,11,18,3,head_major_head_first,head_major,head_first,0.022083,1.19296919581,0,0,true
mha,8,8,64,1,512,64,11,19,0,head_major_head_first,head_major,head_first,0.022103,1.19296919581,0,0,true
mha,8,8,64,1,512,64,11,19,1,block_major_head_first,block_major,head_first,0.021683,1.19296919581,0,0,true
mha,8,8,64,1,512,64,11,19,2,block_major_block_first,block_major,block_first,0.021212,1.19296919581,0,0,true
mha,8,8,64,1,512,64,11,19,3,head_major_block_first,head_major,block_first,0.022834,1.19296919581,0,0,true
mha,8,8,64,1,512,64,29,0,0,block_major_block_first,block_major,block_first,0.021233,0.915947791626,0,0,true
mha,8,8,64,1,512,64,29,0,1,head_major_head_first,head_major,head_first,0.021853,0.915947791626,0,0,true
mha,8,8,64,1,512,64,29,0,2,head_major_block_first,head_major,block_first,0.022565,0.915947791626,0,0,true
mha,8,8,64,1,512,64,29,0,3,block_major_head_first,block_major,head_first,0.021843,0.915947791626,0,0,true
mha,8,8,64,1,512,64,29,1,0,block_major_head_first,block_major,head_first,0.021713,0.915947791626,0,0,true
mha,8,8,64,1,512,64,29,1,1,head_major_block_first,head_major,block_first,0.022584,0.915947791626,0,0,true
mha,8,8,64,1,512,64,29,1,2,block_major_block_first,block_major,block_first,0.020982,0.915947791626,0,0,true
mha,8,8,64,1,512,64,29,1,3,head_major_head_first,head_major,head_first,0.021933,0.915947791626,0,0,true
mha,8,8,64,1,512,64,29,2,0,head_major_block_first,head_major,block_first,0.022384,0.915947791626,0,0,true
mha,8,8,64,1,512,64,29,2,1,head_major_head_first,head_major,head_first,0.021983,0.915947791626,0,0,true
mha,8,8,64,1,512,64,29,2,2,block_major_block_first,block_major,block_first,0.020942,0.915947791626,0,0,true
mha,8,8,64,1,512,64,29,2,3,block_major_head_first,block_major,head_first,0.021723,0.915947791626,0,0,true
mha,8,8,64,1,512,64,29,3,0,block_major_block_first,block_major,block_first,0.021242,0.915947791626,0,0,true
mha,8,8,64,1,512,64,29,3,1,head_major_block_first,head_major,block_first,0.022594,0.915947791626,0,0,true
mha,8,8,64,1,512,64,29,3,2,head_major_head_first,head_major,head_first,0.022134,0.915947791626,0,0,true
mha,8,8,64,1,512,64,29,3,3,block_major_head_first,block_major,head_first,0.021563,0.915947791626,0,0,true
mha,8,8,64,1,512,64,29,4,0,head_major_block_first,head_major,block_first,0.022694,0.915947791626,0,0,true
mha,8,8,64,1,512,64,29,4,1,block_major_block_first,block_major,block_first,0.021102,0.915947791626,0,0,true
mha,8,8,64,1,512,64,29,4,2,head_major_head_first,head_major,head_first,0.021974,0.915947791626,0,0,true
mha,8,8,64,1,512,64,29,4,3,block_major_head_first,block_major,head_first,0.021763,0.915947791626,0,0,true
mha,8,8,64,1,512,64,29,5,0,head_major_head_first,head_major,head_first,0.021843,0.915947791626,0,0,true
mha,8,8,64,1,512,64,29,5,1,block_major_head_first,block_major,head_first,0.021403,0.915947791626,0,0,true
mha,8,8,64,1,512,64,29,5,2,head_major_block_first,head_major,block_first,0.022874,0.915947791626,0,0,true
mha,8,8,64,1,512,64,29,5,3,block_major_block_first,block_major,block_first,0.021052,0.915947791626,0,0,true
mha,8,8,64,1,512,64,29,6,0,block_major_block_first,block_major,block_first,0.021213,0.915947791626,0,0,true
mha,8,8,64,1,512,64,29,6,1,block_major_head_first,block_major,head_first,0.021633,0.915947791626,0,0,true
mha,8,8,64,1,512,64,29,6,2,head_major_block_first,head_major,block_first,0.022334,0.915947791626,0,0,true
mha,8,8,64,1,512,64,29,6,3,head_major_head_first,head_major,head_first,0.022063,0.915947791626,0,0,true
mha,8,8,64,1,512,64,29,7,0,block_major_block_first,block_major,block_first,0.020992,0.915947791626,0,0,true
mha,8,8,64,1,512,64,29,7,1,head_major_head_first,head_major,head_first,0.021853,0.915947791626,0,0,true
mha,8,8,64,1,512,64,29,7,2,block_major_head_first,block_major,head_first,0.021612,0.915947791626,0,0,true
mha,8,8,64,1,512,64,29,7,3,head_major_block_first,head_major,block_first,0.022755,0.915947791626,0,0,true
mha,8,8,64,1,512,64,29,8,0,block_major_block_first,block_major,block_first,0.021042,0.915947791626,0,0,true
mha,8,8,64,1,512,64,29,8,1,head_major_block_first,head_major,block_first,0.029725,0.915947791626,0,0,true
mha,8,8,64,1,512,64,29,8,2,head_major_head_first,head_major,head_first,0.022494,0.915947791626,0,0,true
mha,8,8,64,1,512,64,29,8,3,block_major_head_first,block_major,head_first,0.021723,0.915947791626,0,0,true
mha,8,8,64,1,512,64,29,9,0,head_major_block_first,head_major,block_first,0.022555,0.915947791626,0,0,true
mha,8,8,64,1,512,64,29,9,1,head_major_head_first,head_major,head_first,0.022153,0.915947791626,0,0,true
mha,8,8,64,1,512,64,29,9,2,block_major_head_first,block_major,head_first,0.021713,0.915947791626,0,0,true
mha,8,8,64,1,512,64,29,9,3,block_major_block_first,block_major,block_first,0.021353,0.915947791626,0,0,true
mha,8,8,64,1,512,64,29,10,0,head_major_block_first,head_major,block_first,0.022475,0.915947791626,0,0,true
mha,8,8,64,1,512,64,29,10,1,block_major_block_first,block_major,block_first,0.021002,0.915947791626,0,0,true
mha,8,8,64,1,512,64,29,10,2,block_major_head_first,block_major,head_first,0.021572,0.915947791626,0,0,true
mha,8,8,64,1,512,64,29,10,3,head_major_head_first,head_major,head_first,0.021933,0.915947791626,0,0,true
mha,8,8,64,1,512,64,29,11,0,head_major_block_first,head_major,block_first,0.022363,0.915947791626,0,0,true
mha,8,8,64,1,512,64,29,11,1,block_major_head_first,block_major,head_first,0.021573,0.915947791626,0,0,true
mha,8,8,64,1,512,64,29,11,2,block_major_block_first,block_major,block_first,0.021232,0.915947791626,0,0,true
mha,8,8,64,1,512,64,29,11,3,head_major_head_first,head_major,head_first,0.021993,0.915947791626,0,0,true
mha,8,8,64,1,512,64,29,12,0,head_major_block_first,head_major,block_first,0.022364,0.915947791626,0,0,true
mha,8,8,64,1,512,64,29,12,1,block_major_head_first,block_major,head_first,0.021693,0.915947791626,0,0,true
mha,8,8,64,1,512,64,29,12,2,block_major_block_first,block_major,block_first,0.021182,0.915947791626,0,0,true
mha,8,8,64,1,512,64,29,12,3,head_major_head_first,head_major,head_first,0.022023,0.915947791626,0,0,true
mha,8,8,64,1,512,64,29,13,0,block_major_block_first,block_major,block_first,0.020932,0.915947791626,0,0,true
mha,8,8,64,1,512,64,29,13,1,head_major_head_first,head_major,head_first,0.021813,0.915947791626,0,0,true
mha,8,8,64,1,512,64,29,13,2,block_major_head_first,block_major,head_first,0.021673,0.915947791626,0,0,true
mha,8,8,64,1,512,64,29,13,3,head_major_block_first,head_major,block_first,0.022685,0.915947791626,0,0,true
mha,8,8,64,1,512,64,29,14,0,head_major_head_first,head_major,head_first,0.022003,0.915947791626,0,0,true
mha,8,8,64,1,512,64,29,14,1,block_major_block_first,block_major,block_first,0.021122,0.915947791626,0,0,true
mha,8,8,64,1,512,64,29,14,2,block_major_head_first,block_major,head_first,0.021583,0.915947791626,0,0,true
mha,8,8,64,1,512,64,29,14,3,head_major_block_first,head_major,block_first,0.022574,0.915947791626,0,0,true
mha,8,8,64,1,512,64,29,15,0,head_major_block_first,head_major,block_first,0.022244,0.915947791626,0,0,true
mha,8,8,64,1,512,64,29,15,1,block_major_block_first,block_major,block_first,0.021032,0.915947791626,0,0,true
mha,8,8,64,1,512,64,29,15,2,block_major_head_first,block_major,head_first,0.021823,0.915947791626,0,0,true
mha,8,8,64,1,512,64,29,15,3,head_major_head_first,head_major,head_first,0.021934,0.915947791626,0,0,true
mha,8,8,64,1,512,64,29,16,0,block_major_head_first,block_major,head_first,0.021773,0.915947791626,0,0,true
mha,8,8,64,1,512,64,29,16,1,head_major_block_first,head_major,block_first,0.022624,0.915947791626,0,0,true
mha,8,8,64,1,512,64,29,16,2,head_major_head_first,head_major,head_first,0.022083,0.915947791626,0,0,true
mha,8,8,64,1,512,64,29,16,3,block_major_block_first,block_major,block_first,0.020952,0.915947791626,0,0,true
mha,8,8,64,1,512,64,29,17,0,block_major_head_first,block_major,head_first,0.021472,0.915947791626,0,0,true
mha,8,8,64,1,512,64,29,17,1,head_major_block_first,head_major,block_first,0.022414,0.915947791626,0,0,true
mha,8,8,64,1,512,64,29,17,2,block_major_block_first,block_major,block_first,0.021032,0.915947791626,0,0,true
mha,8,8,64,1,512,64,29,17,3,head_major_head_first,head_major,head_first,0.021923,0.915947791626,0,0,true
mha,8,8,64,1,512,64,29,18,0,head_major_head_first,head_major,head_first,0.022164,0.915947791626,0,0,true
mha,8,8,64,1,512,64,29,18,1,block_major_block_first,block_major,block_first,0.020842,0.915947791626,0,0,true
mha,8,8,64,1,512,64,29,18,2,head_major_block_first,head_major,block_first,0.022504,0.915947791626,0,0,true
mha,8,8,64,1,512,64,29,18,3,block_major_head_first,block_major,head_first,0.021613,0.915947791626,0,0,true
mha,8,8,64,1,512,64,29,19,0,block_major_block_first,block_major,block_first,0.021202,0.915947791626,0,0,true
mha,8,8,64,1,512,64,29,19,1,head_major_head_first,head_major,head_first,0.021713,0.915947791626,0,0,true
mha,8,8,64,1,512,64,29,19,2,block_major_head_first,block_major,head_first,0.021643,0.915947791626,0,0,true
mha,8,8,64,1,512,64,29,19,3,head_major_block_first,head_major,block_first,0.022584,0.915947791626,0,0,true
mha,8,8,64,1,512,64,47,0,0,block_major_head_first,block_major,head_first,0.021582,1.03983878344,0,0,true
mha,8,8,64,1,512,64,47,0,1,head_major_block_first,head_major,block_first,0.022434,1.03983878344,0,0,true
mha,8,8,64,1,512,64,47,0,2,block_major_block_first,block_major,block_first,0.021022,1.03983878344,0,0,true
mha,8,8,64,1,512,64,47,0,3,head_major_head_first,head_major,head_first,0.022063,1.03983878344,0,0,true
mha,8,8,64,1,512,64,47,1,0,head_major_head_first,head_major,head_first,0.022183,1.03983878344,0,0,true
mha,8,8,64,1,512,64,47,1,1,head_major_block_first,head_major,block_first,0.022334,1.03983878344,0,0,true
mha,8,8,64,1,512,64,47,1,2,block_major_head_first,block_major,head_first,0.021583,1.03983878344,0,0,true
mha,8,8,64,1,512,64,47,1,3,block_major_block_first,block_major,block_first,0.021072,1.03983878344,0,0,true
mha,8,8,64,1,512,64,47,2,0,block_major_block_first,block_major,block_first,0.021142,1.03983878344,0,0,true
mha,8,8,64,1,512,64,47,2,1,block_major_head_first,block_major,head_first,0.021653,1.03983878344,0,0,true
mha,8,8,64,1,512,64,47,2,2,head_major_head_first,head_major,head_first,0.021913,1.03983878344,0,0,true
mha,8,8,64,1,512,64,47,2,3,head_major_block_first,head_major,block_first,0.022304,1.03983878344,0,0,true
mha,8,8,64,1,512,64,47,3,0,block_major_head_first,block_major,head_first,0.021653,1.03983878344,0,0,true
mha,8,8,64,1,512,64,47,3,1,head_major_head_first,head_major,head_first,0.021873,1.03983878344,0,0,true
mha,8,8,64,1,512,64,47,3,2,block_major_block_first,block_major,block_first,0.021112,1.03983878344,0,0,true
mha,8,8,64,1,512,64,47,3,3,head_major_block_first,head_major,block_first,0.022514,1.03983878344,0,0,true
mha,8,8,64,1,512,64,47,4,0,block_major_block_first,block_major,block_first,0.020912,1.03983878344,0,0,true
mha,8,8,64,1,512,64,47,4,1,block_major_head_first,block_major,head_first,0.028453,1.03983878344,0,0,true
mha,8,8,64,1,512,64,47,4,2,head_major_block_first,head_major,block_first,0.022544,1.03983878344,0,0,true
mha,8,8,64,1,512,64,47,4,3,head_major_head_first,head_major,head_first,0.022023,1.03983878344,0,0,true
mha,8,8,64,1,512,64,47,5,0,head_major_block_first,head_major,block_first,0.022354,1.03983878344,0,0,true
mha,8,8,64,1,512,64,47,5,1,block_major_head_first,block_major,head_first,0.021683,1.03983878344,0,0,true
mha,8,8,64,1,512,64,47,5,2,block_major_block_first,block_major,block_first,0.021402,1.03983878344,0,0,true
mha,8,8,64,1,512,64,47,5,3,head_major_head_first,head_major,head_first,0.021803,1.03983878344,0,0,true
mha,8,8,64,1,512,64,47,6,0,block_major_head_first,block_major,head_first,0.021763,1.03983878344,0,0,true
mha,8,8,64,1,512,64,47,6,1,head_major_block_first,head_major,block_first,0.022785,1.03983878344,0,0,true
mha,8,8,64,1,512,64,47,6,2,block_major_block_first,block_major,block_first,0.020972,1.03983878344,0,0,true
mha,8,8,64,1,512,64,47,6,3,head_major_head_first,head_major,head_first,0.021834,1.03983878344,0,0,true
mha,8,8,64,1,512,64,47,7,0,head_major_block_first,head_major,block_first,0.022243,1.03983878344,0,0,true
mha,8,8,64,1,512,64,47,7,1,head_major_head_first,head_major,head_first,0.021984,1.03983878344,0,0,true
mha,8,8,64,1,512,64,47,7,2,block_major_block_first,block_major,block_first,0.020952,1.03983878344,0,0,true
mha,8,8,64,1,512,64,47,7,3,block_major_head_first,block_major,head_first,0.021763,1.03983878344,0,0,true
mha,8,8,64,1,512,64,47,8,0,block_major_block_first,block_major,block_first,0.021082,1.03983878344,0,0,true
mha,8,8,64,1,512,64,47,8,1,block_major_head_first,block_major,head_first,0.021713,1.03983878344,0,0,true
mha,8,8,64,1,512,64,47,8,2,head_major_block_first,head_major,block_first,0.022374,1.03983878344,0,0,true
mha,8,8,64,1,512,64,47,8,3,head_major_head_first,head_major,head_first,0.021843,1.03983878344,0,0,true
mha,8,8,64,1,512,64,47,9,0,head_major_block_first,head_major,block_first,0.022184,1.03983878344,0,0,true
mha,8,8,64,1,512,64,47,9,1,block_major_head_first,block_major,head_first,0.021673,1.03983878344,0,0,true
mha,8,8,64,1,512,64,47,9,2,block_major_block_first,block_major,block_first,0.021042,1.03983878344,0,0,true
mha,8,8,64,1,512,64,47,9,3,head_major_head_first,head_major,head_first,0.021833,1.03983878344,0,0,true
mha,8,8,64,1,512,64,47,10,0,head_major_head_first,head_major,head_first,0.022084,1.03983878344,0,0,true
mha,8,8,64,1,512,64,47,10,1,block_major_head_first,block_major,head_first,0.021693,1.03983878344,0,0,true
mha,8,8,64,1,512,64,47,10,2,block_major_block_first,block_major,block_first,0.021272,1.03983878344,0,0,true
mha,8,8,64,1,512,64,47,10,3,head_major_block_first,head_major,block_first,0.022754,1.03983878344,0,0,true
mha,8,8,64,1,512,64,47,11,0,block_major_head_first,block_major,head_first,0.021723,1.03983878344,0,0,true
mha,8,8,64,1,512,64,47,11,1,head_major_block_first,head_major,block_first,0.022484,1.03983878344,0,0,true
mha,8,8,64,1,512,64,47,11,2,block_major_block_first,block_major,block_first,0.021042,1.03983878344,0,0,true
mha,8,8,64,1,512,64,47,11,3,head_major_head_first,head_major,head_first,0.022053,1.03983878344,0,0,true
mha,8,8,64,1,512,64,47,12,0,block_major_head_first,block_major,head_first,0.021572,1.03983878344,0,0,true
mha,8,8,64,1,512,64,47,12,1,head_major_head_first,head_major,head_first,0.021803,1.03983878344,0,0,true
mha,8,8,64,1,512,64,47,12,2,block_major_block_first,block_major,block_first,0.021042,1.03983878344,0,0,true
mha,8,8,64,1,512,64,47,12,3,head_major_block_first,head_major,block_first,0.022665,1.03983878344,0,0,true
mha,8,8,64,1,512,64,47,13,0,head_major_head_first,head_major,head_first,0.022033,1.03983878344,0,0,true
mha,8,8,64,1,512,64,47,13,1,head_major_block_first,head_major,block_first,0.022404,1.03983878344,0,0,true
mha,8,8,64,1,512,64,47,13,2,block_major_head_first,block_major,head_first,0.021502,1.03983878344,0,0,true
mha,8,8,64,1,512,64,47,13,3,block_major_block_first,block_major,block_first,0.021213,1.03983878344,0,0,true
mha,8,8,64,1,512,64,47,14,0,block_major_block_first,block_major,block_first,0.021032,1.03983878344,0,0,true
mha,8,8,64,1,512,64,47,14,1,block_major_head_first,block_major,head_first,0.021583,1.03983878344,0,0,true
mha,8,8,64,1,512,64,47,14,2,head_major_block_first,head_major,block_first,0.022434,1.03983878344,0,0,true
mha,8,8,64,1,512,64,47,14,3,head_major_head_first,head_major,head_first,0.021933,1.03983878344,0,0,true
mha,8,8,64,1,512,64,47,15,0,block_major_block_first,block_major,block_first,0.021052,1.03983878344,0,0,true
mha,8,8,64,1,512,64,47,15,1,block_major_head_first,block_major,head_first,0.021642,1.03983878344,0,0,true
mha,8,8,64,1,512,64,47,15,2,head_major_block_first,head_major,block_first,0.022434,1.03983878344,0,0,true
mha,8,8,64,1,512,64,47,15,3,head_major_head_first,head_major,head_first,0.022064,1.03983878344,0,0,true
mha,8,8,64,1,512,64,47,16,0,head_major_head_first,head_major,head_first,0.022043,1.03983878344,0,0,true
mha,8,8,64,1,512,64,47,16,1,block_major_head_first,block_major,head_first,0.021483,1.03983878344,0,0,true
mha,8,8,64,1,512,64,47,16,2,head_major_block_first,head_major,block_first,0.022654,1.03983878344,0,0,true
mha,8,8,64,1,512,64,47,16,3,block_major_block_first,block_major,block_first,0.021082,1.03983878344,0,0,true
mha,8,8,64,1,512,64,47,17,0,block_major_block_first,block_major,block_first,0.021283,1.03983878344,0,0,true
mha,8,8,64,1,512,64,47,17,1,block_major_head_first,block_major,head_first,0.021623,1.03983878344,0,0,true
mha,8,8,64,1,512,64,47,17,2,head_major_block_first,head_major,block_first,0.022224,1.03983878344,0,0,true
mha,8,8,64,1,512,64,47,17,3,head_major_head_first,head_major,head_first,0.021923,1.03983878344,0,0,true
mha,8,8,64,1,512,64,47,18,0,block_major_block_first,block_major,block_first,0.020781,1.03983878344,0,0,true
mha,8,8,64,1,512,64,47,18,1,head_major_block_first,head_major,block_first,0.022344,1.03983878344,0,0,true
mha,8,8,64,1,512,64,47,18,2,block_major_head_first,block_major,head_first,0.021683,1.03983878344,0,0,true
mha,8,8,64,1,512,64,47,18,3,head_major_head_first,head_major,head_first,0.021933,1.03983878344,0,0,true
mha,8,8,64,1,512,64,47,19,0,block_major_head_first,block_major,head_first,0.021753,1.03983878344,0,0,true
mha,8,8,64,1,512,64,47,19,1,block_major_block_first,block_major,block_first,0.021342,1.03983878344,0,0,true
mha,8,8,64,1,512,64,47,19,2,head_major_block_first,head_major,block_first,0.022474,1.03983878344,0,0,true
mha,8,8,64,1,512,64,47,19,3,head_major_head_first,head_major,head_first,0.021933,1.03983878344,0,0,true
mha,8,8,64,1,2048,64,11,0,0,block_major_head_first,block_major,head_first,0.088454,1.14547937523,0,0,true
mha,8,8,64,1,2048,64,11,0,1,head_major_head_first,head_major,head_first,0.08616,1.14547937523,0,0,true
mha,8,8,64,1,2048,64,11,0,2,head_major_block_first,head_major,block_first,0.094263,1.14547937523,0,0,true
mha,8,8,64,1,2048,64,11,0,3,block_major_block_first,block_major,block_first,0.082846,1.14547937523,0,0,true
mha,8,8,64,1,2048,64,11,1,0,block_major_head_first,block_major,head_first,0.088224,1.14547937523,0,0,true
mha,8,8,64,1,2048,64,11,1,1,head_major_block_first,head_major,block_first,0.089205,1.14547937523,0,0,true
mha,8,8,64,1,2048,64,11,1,2,block_major_block_first,block_major,block_first,0.082676,1.14547937523,0,0,true
mha,8,8,64,1,2048,64,11,1,3,head_major_head_first,head_major,head_first,0.086321,1.14547937523,0,0,true
mha,8,8,64,1,2048,64,11,2,0,block_major_block_first,block_major,block_first,0.082796,1.14547937523,0,0,true
mha,8,8,64,1,2048,64,11,2,1,block_major_head_first,block_major,head_first,0.088795,1.14547937523,0,0,true
mha,8,8,64,1,2048,64,11,2,2,head_major_block_first,head_major,block_first,0.088895,1.14547937523,0,0,true
mha,8,8,64,1,2048,64,11,2,3,head_major_head_first,head_major,head_first,0.086151,1.14547937523,0,0,true
mha,8,8,64,1,2048,64,11,3,0,block_major_block_first,block_major,block_first,0.082545,1.14547937523,0,0,true
mha,8,8,64,1,2048,64,11,3,1,head_major_block_first,head_major,block_first,0.088755,1.14547937523,0,0,true
mha,8,8,64,1,2048,64,11,3,2,block_major_head_first,block_major,head_first,0.088985,1.14547937523,0,0,true
mha,8,8,64,1,2048,64,11,3,3,head_major_head_first,head_major,head_first,0.08576,1.14547937523,0,0,true
mha,8,8,64,1,2048,64,11,4,0,head_major_block_first,head_major,block_first,0.088274,1.14547937523,0,0,true
mha,8,8,64,1,2048,64,11,4,1,block_major_head_first,block_major,head_first,0.089015,1.14547937523,0,0,true
mha,8,8,64,1,2048,64,11,4,2,head_major_head_first,head_major,head_first,0.086381,1.14547937523,0,0,true
mha,8,8,64,1,2048,64,11,4,3,block_major_block_first,block_major,block_first,0.083086,1.14547937523,0,0,true
mha,8,8,64,1,2048,64,11,5,0,block_major_head_first,block_major,head_first,0.088474,1.14547937523,0,0,true
mha,8,8,64,1,2048,64,11,5,1,block_major_block_first,block_major,block_first,0.083116,1.14547937523,0,0,true
mha,8,8,64,1,2048,64,11,5,2,head_major_head_first,head_major,head_first,0.086081,1.14547937523,0,0,true
mha,8,8,64,1,2048,64,11,5,3,head_major_block_first,head_major,block_first,0.088554,1.14547937523,0,0,true
mha,8,8,64,1,2048,64,11,6,0,head_major_head_first,head_major,head_first,0.08614,1.14547937523,0,0,true
mha,8,8,64,1,2048,64,11,6,1,block_major_head_first,block_major,head_first,0.089325,1.14547937523,0,0,true
mha,8,8,64,1,2048,64,11,6,2,head_major_block_first,head_major,block_first,0.088825,1.14547937523,0,0,true
mha,8,8,64,1,2048,64,11,6,3,block_major_block_first,block_major,block_first,0.082756,1.14547937523,0,0,true
mha,8,8,64,1,2048,64,11,7,0,block_major_block_first,block_major,block_first,0.082465,1.14547937523,0,0,true
mha,8,8,64,1,2048,64,11,7,1,block_major_head_first,block_major,head_first,0.088184,1.14547937523,0,0,true
mha,8,8,64,1,2048,64,11,7,2,head_major_block_first,head_major,block_first,0.089276,1.14547937523,0,0,true
mha,8,8,64,1,2048,64,11,7,3,head_major_head_first,head_major,head_first,0.086311,1.14547937523,0,0,true
mha,8,8,64,1,2048,64,11,8,0,block_major_head_first,block_major,head_first,0.088985,1.14547937523,0,0,true
mha,8,8,64,1,2048,64,11,8,1,head_major_block_first,head_major,block_first,0.088675,1.14547937523,0,0,true
mha,8,8,64,1,2048,64,11,8,2,head_major_head_first,head_major,head_first,0.086261,1.14547937523,0,0,true
mha,8,8,64,1,2048,64,11,8,3,block_major_block_first,block_major,block_first,0.082525,1.14547937523,0,0,true
mha,8,8,64,1,2048,64,11,9,0,head_major_block_first,head_major,block_first,0.088735,1.14547937523,0,0,true
mha,8,8,64,1,2048,64,11,9,1,block_major_block_first,block_major,block_first,0.082585,1.14547937523,0,0,true
mha,8,8,64,1,2048,64,11,9,2,head_major_head_first,head_major,head_first,0.08629,1.14547937523,0,0,true
mha,8,8,64,1,2048,64,11,9,3,block_major_head_first,block_major,head_first,0.089015,1.14547937523,0,0,true
mha,8,8,64,1,2048,64,11,10,0,head_major_head_first,head_major,head_first,0.08578,1.14547937523,0,0,true
mha,8,8,64,1,2048,64,11,10,1,block_major_head_first,block_major,head_first,0.089937,1.14547937523,0,0,true
mha,8,8,64,1,2048,64,11,10,2,head_major_block_first,head_major,block_first,0.088514,1.14547937523,0,0,true
mha,8,8,64,1,2048,64,11,10,3,block_major_block_first,block_major,block_first,0.082626,1.14547937523,0,0,true
mha,8,8,64,1,2048,64,11,11,0,head_major_block_first,head_major,block_first,0.089225,1.14547937523,0,0,true
mha,8,8,64,1,2048,64,11,11,1,block_major_block_first,block_major,block_first,0.082616,1.14547937523,0,0,true
mha,8,8,64,1,2048,64,11,11,2,block_major_head_first,block_major,head_first,0.088634,1.14547937523,0,0,true
mha,8,8,64,1,2048,64,11,11,3,head_major_head_first,head_major,head_first,0.086351,1.14547937523,0,0,true
mha,8,8,64,1,2048,64,11,12,0,head_major_head_first,head_major,head_first,0.086492,1.14547937523,0,0,true
mha,8,8,64,1,2048,64,11,12,1,head_major_block_first,head_major,block_first,0.088354,1.14547937523,0,0,true
mha,8,8,64,1,2048,64,11,12,2,block_major_block_first,block_major,block_first,0.082515,1.14547937523,0,0,true
mha,8,8,64,1,2048,64,11,12,3,block_major_head_first,block_major,head_first,0.088544,1.14547937523,0,0,true
mha,8,8,64,1,2048,64,11,13,0,block_major_block_first,block_major,block_first,0.082976,1.14547937523,0,0,true
mha,8,8,64,1,2048,64,11,13,1,block_major_head_first,block_major,head_first,0.088054,1.14547937523,0,0,true
mha,8,8,64,1,2048,64,11,13,2,head_major_block_first,head_major,block_first,0.088865,1.14547937523,0,0,true
mha,8,8,64,1,2048,64,11,13,3,head_major_head_first,head_major,head_first,0.0859,1.14547937523,0,0,true
mha,8,8,64,1,2048,64,11,14,0,head_major_block_first,head_major,block_first,0.088644,1.14547937523,0,0,true
mha,8,8,64,1,2048,64,11,14,1,block_major_block_first,block_major,block_first,0.082616,1.14547937523,0,0,true
mha,8,8,64,1,2048,64,11,14,2,block_major_head_first,block_major,head_first,0.088314,1.14547937523,0,0,true
mha,8,8,64,1,2048,64,11,14,3,head_major_head_first,head_major,head_first,0.086541,1.14547937523,0,0,true
mha,8,8,64,1,2048,64,11,15,0,head_major_head_first,head_major,head_first,0.08576,1.14547937523,0,0,true
mha,8,8,64,1,2048,64,11,15,1,block_major_head_first,block_major,head_first,0.088894,1.14547937523,0,0,true
mha,8,8,64,1,2048,64,11,15,2,head_major_block_first,head_major,block_first,0.089546,1.14547937523,0,0,true
mha,8,8,64,1,2048,64,11,15,3,block_major_block_first,block_major,block_first,0.082625,1.14547937523,0,0,true
mha,8,8,64,1,2048,64,11,16,0,head_major_head_first,head_major,head_first,0.086371,1.14547937523,0,0,true
mha,8,8,64,1,2048,64,11,16,1,block_major_head_first,block_major,head_first,0.089115,1.14547937523,0,0,true
mha,8,8,64,1,2048,64,11,16,2,block_major_block_first,block_major,block_first,0.083025,1.14547937523,0,0,true
mha,8,8,64,1,2048,64,11,16,3,head_major_block_first,head_major,block_first,0.088724,1.14547937523,0,0,true
mha,8,8,64,1,2048,64,11,17,0,block_major_block_first,block_major,block_first,0.082556,1.14547937523,0,0,true
mha,8,8,64,1,2048,64,11,17,1,head_major_block_first,head_major,block_first,0.088344,1.14547937523,0,0,true
mha,8,8,64,1,2048,64,11,17,2,block_major_head_first,block_major,head_first,0.088835,1.14547937523,0,0,true
mha,8,8,64,1,2048,64,11,17,3,head_major_head_first,head_major,head_first,0.086571,1.14547937523,0,0,true
mha,8,8,64,1,2048,64,11,18,0,block_major_block_first,block_major,block_first,0.082975,1.14547937523,0,0,true
mha,8,8,64,1,2048,64,11,18,1,head_major_head_first,head_major,head_first,0.0862,1.14547937523,0,0,true
mha,8,8,64,1,2048,64,11,18,2,head_major_block_first,head_major,block_first,0.088794,1.14547937523,0,0,true
mha,8,8,64,1,2048,64,11,18,3,block_major_head_first,block_major,head_first,0.088775,1.14547937523,0,0,true
mha,8,8,64,1,2048,64,11,19,0,block_major_head_first,block_major,head_first,0.088104,1.14547937523,0,0,true
mha,8,8,64,1,2048,64,11,19,1,head_major_block_first,head_major,block_first,0.088735,1.14547937523,0,0,true
mha,8,8,64,1,2048,64,11,19,2,block_major_block_first,block_major,block_first,0.082405,1.14547937523,0,0,true
mha,8,8,64,1,2048,64,11,19,3,head_major_head_first,head_major,head_first,0.086301,1.14547937523,0,0,true
mha,8,8,64,1,2048,64,29,0,0,head_major_head_first,head_major,head_first,0.086271,0.809996974766,0,0,true
mha,8,8,64,1,2048,64,29,0,1,head_major_block_first,head_major,block_first,0.089256,0.809996974766,0,0,true
mha,8,8,64,1,2048,64,29,0,2,block_major_block_first,block_major,block_first,0.082225,0.809996974766,0,0,true
mha,8,8,64,1,2048,64,29,0,3,block_major_head_first,block_major,head_first,0.087012,0.809996974766,0,0,true
mha,8,8,64,1,2048,64,29,1,0,head_major_head_first,head_major,head_first,0.086301,0.809996974766,0,0,true
mha,8,8,64,1,2048,64,29,1,1,block_major_block_first,block_major,block_first,0.082295,0.809996974766,0,0,true
mha,8,8,64,1,2048,64,29,1,2,head_major_block_first,head_major,block_first,0.088725,0.809996974766,0,0,true
mha,8,8,64,1,2048,64,29,1,3,block_major_head_first,block_major,head_first,0.097147,0.809996974766,0,0,true
mha,8,8,64,1,2048,64,29,2,0,block_major_head_first,block_major,head_first,0.087553,0.809996974766,0,0,true
mha,8,8,64,1,2048,64,29,2,1,head_major_block_first,head_major,block_first,0.089917,0.809996974766,0,0,true
mha,8,8,64,1,2048,64,29,2,2,block_major_block_first,block_major,block_first,0.082325,0.809996974766,0,0,true
mha,8,8,64,1,2048,64,29,2,3,head_major_head_first,head_major,head_first,0.086111,0.809996974766,0,0,true
mha,8,8,64,1,2048,64,29,3,0,head_major_block_first,head_major,block_first,0.089045,0.809996974766,0,0,true
mha,8,8,64,1,2048,64,29,3,1,block_major_block_first,block_major,block_first,0.082175,0.809996974766,0,0,true
mha,8,8,64,1,2048,64,29,3,2,head_major_head_first,head_major,head_first,0.086111,0.809996974766,0,0,true
mha,8,8,64,1,2048,64,29,3,3,block_major_head_first,block_major,head_first,0.087904,0.809996974766,0,0,true
mha,8,8,64,1,2048,64,29,4,0,head_major_block_first,head_major,block_first,0.088995,0.809996974766,0,0,true
mha,8,8,64,1,2048,64,29,4,1,head_major_head_first,head_major,head_first,0.086291,0.809996974766,0,0,true
mha,8,8,64,1,2048,64,29,4,2,block_major_head_first,block_major,head_first,0.087723,0.809996974766,0,0,true
mha,8,8,64,1,2048,64,29,4,3,block_major_block_first,block_major,block_first,0.082175,0.809996974766,0,0,true
mha,8,8,64,1,2048,64,29,5,0,block_major_head_first,block_major,head_first,0.087483,0.809996974766,0,0,true
mha,8,8,64,1,2048,64,29,5,1,head_major_head_first,head_major,head_first,0.08599,0.809996974766,0,0,true
mha,8,8,64,1,2048,64,29,5,2,block_major_block_first,block_major,block_first,0.082104,0.809996974766,0,0,true
mha,8,8,64,1,2048,64,29,5,3,head_major_block_first,head_major,block_first,0.088795,0.809996974766,0,0,true
mha,8,8,64,1,2048,64,29,6,0,block_major_head_first,block_major,head_first,0.087734,0.809996974766,0,0,true
mha,8,8,64,1,2048,64,29,6,1,block_major_block_first,block_major,block_first,0.082285,0.809996974766,0,0,true
mha,8,8,64,1,2048,64,29,6,2,head_major_block_first,head_major,block_first,0.088624,0.809996974766,0,0,true
mha,8,8,64,1,2048,64,29,6,3,head_major_head_first,head_major,head_first,0.08598,0.809996974766,0,0,true
mha,8,8,64,1,2048,64,29,7,0,head_major_head_first,head_major,head_first,0.085991,0.809996974766,0,0,true
mha,8,8,64,1,2048,64,29,7,1,head_major_block_first,head_major,block_first,0.088745,0.809996974766,0,0,true
mha,8,8,64,1,2048,64,29,7,2,block_major_head_first,block_major,head_first,0.088494,0.809996974766,0,0,true
mha,8,8,64,1,2048,64,29,7,3,block_major_block_first,block_major,block_first,0.082345,0.809996974766,0,0,true
mha,8,8,64,1,2048,64,29,8,0,block_major_block_first,block_major,block_first,0.082234,0.809996974766,0,0,true
mha,8,8,64,1,2048,64,29,8,1,head_major_head_first,head_major,head_first,0.086391,0.809996974766,0,0,true
mha,8,8,64,1,2048,64,29,8,2,head_major_block_first,head_major,block_first,0.088484,0.809996974766,0,0,true
mha,8,8,64,1,2048,64,29,8,3,block_major_head_first,block_major,head_first,0.088154,0.809996974766,0,0,true
mha,8,8,64,1,2048,64,29,9,0,head_major_block_first,head_major,block_first,0.089135,0.809996974766,0,0,true
mha,8,8,64,1,2048,64,29,9,1,block_major_block_first,block_major,block_first,0.082204,0.809996974766,0,0,true
mha,8,8,64,1,2048,64,29,9,2,head_major_head_first,head_major,head_first,0.08625,0.809996974766,0,0,true
mha,8,8,64,1,2048,64,29,9,3,block_major_head_first,block_major,head_first,0.087743,0.809996974766,0,0,true
mha,8,8,64,1,2048,64,29,10,0,head_major_head_first,head_major,head_first,0.086091,0.809996974766,0,0,true
mha,8,8,64,1,2048,64,29,10,1,block_major_head_first,block_major,head_first,0.087673,0.809996974766,0,0,true
mha,8,8,64,1,2048,64,29,10,2,block_major_block_first,block_major,block_first,0.082275,0.809996974766,0,0,true
mha,8,8,64,1,2048,64,29,10,3,head_major_block_first,head_major,block_first,0.088965,0.809996974766,0,0,true
mha,8,8,64,1,2048,64,29,11,0,head_major_head_first,head_major,head_first,0.086471,0.809996974766,0,0,true
mha,8,8,64,1,2048,64,29,11,1,head_major_block_first,head_major,block_first,0.088644,0.809996974766,0,0,true
mha,8,8,64,1,2048,64,29,11,2,block_major_head_first,block_major,head_first,0.088895,0.809996974766,0,0,true
mha,8,8,64,1,2048,64,29,11,3,block_major_block_first,block_major,block_first,0.082616,0.809996974766,0,0,true
mha,8,8,64,1,2048,64,29,12,0,head_major_block_first,head_major,block_first,0.089045,0.809996974766,0,0,true
mha,8,8,64,1,2048,64,29,12,1,block_major_block_first,block_major,block_first,0.082095,0.809996974766,0,0,true
mha,8,8,64,1,2048,64,29,12,2,block_major_head_first,block_major,head_first,0.087102,0.809996974766,0,0,true
mha,8,8,64,1,2048,64,29,12,3,head_major_head_first,head_major,head_first,0.086732,0.809996974766,0,0,true
mha,8,8,64,1,2048,64,29,13,0,block_major_head_first,block_major,head_first,0.093662,0.809996974766,0,0,true
mha,8,8,64,1,2048,64,29,13,1,head_major_block_first,head_major,block_first,0.088595,0.809996974766,0,0,true
mha,8,8,64,1,2048,64,29,13,2,head_major_head_first,head_major,head_first,0.08596,0.809996974766,0,0,true
mha,8,8,64,1,2048,64,29,13,3,block_major_block_first,block_major,block_first,0.082184,0.809996974766,0,0,true
mha,8,8,64,1,2048,64,29,14,0,block_major_head_first,block_major,head_first,0.087773,0.809996974766,0,0,true
mha,8,8,64,1,2048,64,29,14,1,block_major_block_first,block_major,block_first,0.082515,0.809996974766,0,0,true
mha,8,8,64,1,2048,64,29,14,2,head_major_block_first,head_major,block_first,0.088885,0.809996974766,0,0,true
mha,8,8,64,1,2048,64,29,14,3,head_major_head_first,head_major,head_first,0.086061,0.809996974766,0,0,true
mha,8,8,64,1,2048,64,29,15,0,block_major_block_first,block_major,block_first,0.082095,0.809996974766,0,0,true
mha,8,8,64,1,2048,64,29,15,1,head_major_block_first,head_major,block_first,0.088935,0.809996974766,0,0,true
mha,8,8,64,1,2048,64,29,15,2,head_major_head_first,head_major,head_first,0.087262,0.809996974766,0,0,true
mha,8,8,64,1,2048,64,29,15,3,block_major_head_first,block_major,head_first,0.087673,0.809996974766,0,0,true
mha,8,8,64,1,2048,64,29,16,0,block_major_head_first,block_major,head_first,0.087342,0.809996974766,0,0,true
mha,8,8,64,1,2048,64,29,16,1,head_major_block_first,head_major,block_first,0.089125,0.809996974766,0,0,true
mha,8,8,64,1,2048,64,29,16,2,block_major_block_first,block_major,block_first,0.082315,0.809996974766,0,0,true
mha,8,8,64,1,2048,64,29,16,3,head_major_head_first,head_major,head_first,0.086682,0.809996974766,0,0,true
mha,8,8,64,1,2048,64,29,17,0,block_major_block_first,block_major,block_first,0.082005,0.809996974766,0,0,true
mha,8,8,64,1,2048,64,29,17,1,head_major_head_first,head_major,head_first,0.086621,0.809996974766,0,0,true
mha,8,8,64,1,2048,64,29,17,2,head_major_block_first,head_major,block_first,0.089096,0.809996974766,0,0,true
mha,8,8,64,1,2048,64,29,17,3,block_major_head_first,block_major,head_first,0.087583,0.809996974766,0,0,true
mha,8,8,64,1,2048,64,29,18,0,head_major_block_first,head_major,block_first,0.089085,0.809996974766,0,0,true
mha,8,8,64,1,2048,64,29,18,1,block_major_head_first,block_major,head_first,0.087243,0.809996974766,0,0,true
mha,8,8,64,1,2048,64,29,18,2,block_major_block_first,block_major,block_first,0.082375,0.809996974766,0,0,true
mha,8,8,64,1,2048,64,29,18,3,head_major_head_first,head_major,head_first,0.086251,0.809996974766,0,0,true
mha,8,8,64,1,2048,64,29,19,0,block_major_head_first,block_major,head_first,0.087743,0.809996974766,0,0,true
mha,8,8,64,1,2048,64,29,19,1,head_major_head_first,head_major,head_first,0.086551,0.809996974766,0,0,true
mha,8,8,64,1,2048,64,29,19,2,head_major_block_first,head_major,block_first,0.088965,0.809996974766,0,0,true
mha,8,8,64,1,2048,64,29,19,3,block_major_block_first,block_major,block_first,0.082155,0.809996974766,0,0,true
mha,8,8,64,1,2048,64,47,0,0,block_major_head_first,block_major,head_first,0.087673,-0.0164107332703,0,0,true
mha,8,8,64,1,2048,64,47,0,1,head_major_block_first,head_major,block_first,0.088884,-0.0164107332703,0,0,true
mha,8,8,64,1,2048,64,47,0,2,block_major_block_first,block_major,block_first,0.082124,-0.0164107332703,0,0,true
mha,8,8,64,1,2048,64,47,0,3,head_major_head_first,head_major,head_first,0.08612,-0.0164107332703,0,0,true
mha,8,8,64,1,2048,64,47,1,0,block_major_head_first,block_major,head_first,0.087382,-0.0164107332703,0,0,true
mha,8,8,64,1,2048,64,47,1,1,head_major_head_first,head_major,head_first,0.086461,-0.0164107332703,0,0,true
mha,8,8,64,1,2048,64,47,1,2,block_major_block_first,block_major,block_first,0.082235,-0.0164107332703,0,0,true
mha,8,8,64,1,2048,64,47,1,3,head_major_block_first,head_major,block_first,0.088514,-0.0164107332703,0,0,true
mha,8,8,64,1,2048,64,47,2,0,block_major_head_first,block_major,head_first,0.087472,-0.0164107332703,0,0,true
mha,8,8,64,1,2048,64,47,2,1,head_major_head_first,head_major,head_first,0.086351,-0.0164107332703,0,0,true
mha,8,8,64,1,2048,64,47,2,2,block_major_block_first,block_major,block_first,0.082395,-0.0164107332703,0,0,true
mha,8,8,64,1,2048,64,47,2,3,head_major_block_first,head_major,block_first,0.088595,-0.0164107332703,0,0,true
mha,8,8,64,1,2048,64,47,3,0,block_major_block_first,block_major,block_first,0.081924,-0.0164107332703,0,0,true
mha,8,8,64,1,2048,64,47,3,1,head_major_head_first,head_major,head_first,0.086691,-0.0164107332703,0,0,true
mha,8,8,64,1,2048,64,47,3,2,block_major_head_first,block_major,head_first,0.087443,-0.0164107332703,0,0,true
mha,8,8,64,1,2048,64,47,3,3,head_major_block_first,head_major,block_first,0.089256,-0.0164107332703,0,0,true
mha,8,8,64,1,2048,64,47,4,0,block_major_head_first,block_major,head_first,0.088074,-0.0164107332703,0,0,true
mha,8,8,64,1,2048,64,47,4,1,head_major_block_first,head_major,block_first,0.088905,-0.0164107332703,0,0,true
mha,8,8,64,1,2048,64,47,4,2,head_major_head_first,head_major,head_first,0.086291,-0.0164107332703,0,0,true
mha,8,8,64,1,2048,64,47,4,3,block_major_block_first,block_major,block_first,0.082195,-0.0164107332703,0,0,true
mha,8,8,64,1,2048,64,47,5,0,block_major_block_first,block_major,block_first,0.082134,-0.0164107332703,0,0,true
mha,8,8,64,1,2048,64,47,5,1,block_major_head_first,block_major,head_first,0.087253,-0.0164107332703,0,0,true
mha,8,8,64,1,2048,64,47,5,2,head_major_block_first,head_major,block_first,0.088955,-0.0164107332703,0,0,true
mha,8,8,64,1,2048,64,47,5,3,head_major_head_first,head_major,head_first,0.086221,-0.0164107332703,0,0,true
mha,8,8,64,1,2048,64,47,6,0,block_major_head_first,block_major,head_first,0.087533,-0.0164107332703,0,0,true
mha,8,8,64,1,2048,64,47,6,1,head_major_block_first,head_major,block_first,0.088444,-0.0164107332703,0,0,true
mha,8,8,64,1,2048,64,47,6,2,block_major_block_first,block_major,block_first,0.082064,-0.0164107332703,0,0,true
mha,8,8,64,1,2048,64,47,6,3,head_major_head_first,head_major,head_first,0.086482,-0.0164107332703,0,0,true
mha,8,8,64,1,2048,64,47,7,0,block_major_head_first,block_major,head_first,0.087913,-0.0164107332703,0,0,true
mha,8,8,64,1,2048,64,47,7,1,head_major_block_first,head_major,block_first,0.088874,-0.0164107332703,0,0,true
mha,8,8,64,1,2048,64,47,7,2,block_major_block_first,block_major,block_first,0.082755,-0.0164107332703,0,0,true
mha,8,8,64,1,2048,64,47,7,3,head_major_head_first,head_major,head_first,0.086712,-0.0164107332703,0,0,true
mha,8,8,64,1,2048,64,47,8,0,block_major_head_first,block_major,head_first,0.088324,-0.0164107332703,0,0,true
mha,8,8,64,1,2048,64,47,8,1,block_major_block_first,block_major,block_first,0.082215,-0.0164107332703,0,0,true
mha,8,8,64,1,2048,64,47,8,2,head_major_head_first,head_major,head_first,0.086431,-0.0164107332703,0,0,true
mha,8,8,64,1,2048,64,47,8,3,head_major_block_first,head_major,block_first,0.089286,-0.0164107332703,0,0,true
mha,8,8,64,1,2048,64,47,9,0,block_major_block_first,block_major,block_first,0.082034,-0.0164107332703,0,0,true
mha,8,8,64,1,2048,64,47,9,1,head_major_block_first,head_major,block_first,0.088824,-0.0164107332703,0,0,true
mha,8,8,64,1,2048,64,47,9,2,head_major_head_first,head_major,head_first,0.096917,-0.0164107332703,0,0,true
mha,8,8,64,1,2048,64,47,9,3,block_major_head_first,block_major,head_first,0.087763,-0.0164107332703,0,0,true
mha,8,8,64,1,2048,64,47,10,0,block_major_block_first,block_major,block_first,0.082275,-0.0164107332703,0,0,true
mha,8,8,64,1,2048,64,47,10,1,head_major_block_first,head_major,block_first,0.089126,-0.0164107332703,0,0,true
mha,8,8,64,1,2048,64,47,10,2,head_major_head_first,head_major,head_first,0.08605,-0.0164107332703,0,0,true
mha,8,8,64,1,2048,64,47,10,3,block_major_head_first,block_major,head_first,0.087813,-0.0164107332703,0,0,true
mha,8,8,64,1,2048,64,47,11,0,block_major_block_first,block_major,block_first,0.082736,-0.0164107332703,0,0,true
mha,8,8,64,1,2048,64,47,11,1,block_major_head_first,block_major,head_first,0.087583,-0.0164107332703,0,0,true
mha,8,8,64,1,2048,64,47,11,2,head_major_head_first,head_major,head_first,0.086631,-0.0164107332703,0,0,true
mha,8,8,64,1,2048,64,47,11,3,head_major_block_first,head_major,block_first,0.088514,-0.0164107332703,0,0,true
mha,8,8,64,1,2048,64,47,12,0,block_major_head_first,block_major,head_first,0.087723,-0.0164107332703,0,0,true
mha,8,8,64,1,2048,64,47,12,1,head_major_head_first,head_major,head_first,0.086191,-0.0164107332703,0,0,true
mha,8,8,64,1,2048,64,47,12,2,head_major_block_first,head_major,block_first,0.089045,-0.0164107332703,0,0,true
mha,8,8,64,1,2048,64,47,12,3,block_major_block_first,block_major,block_first,0.082085,-0.0164107332703,0,0,true
mha,8,8,64,1,2048,64,47,13,0,head_major_head_first,head_major,head_first,0.086311,-0.0164107332703,0,0,true
mha,8,8,64,1,2048,64,47,13,1,block_major_block_first,block_major,block_first,0.082015,-0.0164107332703,0,0,true
mha,8,8,64,1,2048,64,47,13,2,head_major_block_first,head_major,block_first,0.088975,-0.0164107332703,0,0,true
mha,8,8,64,1,2048,64,47,13,3,block_major_head_first,block_major,head_first,0.088014,-0.0164107332703,0,0,true
mha,8,8,64,1,2048,64,47,14,0,head_major_block_first,head_major,block_first,0.088484,-0.0164107332703,0,0,true
mha,8,8,64,1,2048,64,47,14,1,block_major_head_first,block_major,head_first,0.087653,-0.0164107332703,0,0,true
mha,8,8,64,1,2048,64,47,14,2,head_major_head_first,head_major,head_first,0.086491,-0.0164107332703,0,0,true
mha,8,8,64,1,2048,64,47,14,3,block_major_block_first,block_major,block_first,0.082054,-0.0164107332703,0,0,true
mha,8,8,64,1,2048,64,47,15,0,block_major_block_first,block_major,block_first,0.081965,-0.0164107332703,0,0,true
mha,8,8,64,1,2048,64,47,15,1,head_major_head_first,head_major,head_first,0.086281,-0.0164107332703,0,0,true
mha,8,8,64,1,2048,64,47,15,2,head_major_block_first,head_major,block_first,0.089065,-0.0164107332703,0,0,true
mha,8,8,64,1,2048,64,47,15,3,block_major_head_first,block_major,head_first,0.089686,-0.0164107332703,0,0,true
mha,8,8,64,1,2048,64,47,16,0,block_major_head_first,block_major,head_first,0.086912,-0.0164107332703,0,0,true
mha,8,8,64,1,2048,64,47,16,1,head_major_head_first,head_major,head_first,0.086501,-0.0164107332703,0,0,true
mha,8,8,64,1,2048,64,47,16,2,head_major_block_first,head_major,block_first,0.088745,-0.0164107332703,0,0,true
mha,8,8,64,1,2048,64,47,16,3,block_major_block_first,block_major,block_first,0.082225,-0.0164107332703,0,0,true
mha,8,8,64,1,2048,64,47,17,0,head_major_head_first,head_major,head_first,0.086301,-0.0164107332703,0,0,true
mha,8,8,64,1,2048,64,47,17,1,block_major_block_first,block_major,block_first,0.082435,-0.0164107332703,0,0,true
mha,8,8,64,1,2048,64,47,17,2,head_major_block_first,head_major,block_first,0.088785,-0.0164107332703,0,0,true
mha,8,8,64,1,2048,64,47,17,3,block_major_head_first,block_major,head_first,0.088314,-0.0164107332703,0,0,true
mha,8,8,64,1,2048,64,47,18,0,head_major_head_first,head_major,head_first,0.086031,-0.0164107332703,0,0,true
mha,8,8,64,1,2048,64,47,18,1,block_major_block_first,block_major,block_first,0.082195,-0.0164107332703,0,0,true
mha,8,8,64,1,2048,64,47,18,2,head_major_block_first,head_major,block_first,0.088925,-0.0164107332703,0,0,true
mha,8,8,64,1,2048,64,47,18,3,block_major_head_first,block_major,head_first,0.088364,-0.0164107332703,0,0,true
mha,8,8,64,1,2048,64,47,19,0,head_major_head_first,head_major,head_first,0.086211,-0.0164107332703,0,0,true
mha,8,8,64,1,2048,64,47,19,1,block_major_head_first,block_major,head_first,0.087563,-0.0164107332703,0,0,true
mha,8,8,64,1,2048,64,47,19,2,head_major_block_first,head_major,block_first,0.088474,-0.0164107332703,0,0,true
mha,8,8,64,1,2048,64,47,19,3,block_major_block_first,block_major,block_first,0.082025,-0.0164107332703,0,0,true
mha,8,8,64,1,8192,64,11,0,0,block_major_head_first,block_major,head_first,0.589234,0.285995418835,0,0,true
mha,8,8,64,1,8192,64,11,0,1,block_major_block_first,block_major,block_first,0.345814,0.285995418835,0,0,true
mha,8,8,64,1,8192,64,11,0,2,head_major_head_first,head_major,head_first,0.370573,0.285995418835,0,0,true
mha,8,8,64,1,8192,64,11,0,3,head_major_block_first,head_major,block_first,0.469743,0.285995418835,0,0,true
mha,8,8,64,1,8192,64,11,1,0,head_major_block_first,head_major,block_first,0.466037,0.285995418835,0,0,true
mha,8,8,64,1,8192,64,11,1,1,block_major_block_first,block_major,block_first,0.356,0.285995418835,0,0,true
mha,8,8,64,1,8192,64,11,1,2,block_major_head_first,block_major,head_first,0.562884,0.285995418835,0,0,true
mha,8,8,64,1,8192,64,11,1,3,head_major_head_first,head_major,head_first,0.366436,0.285995418835,0,0,true
mha,8,8,64,1,8192,64,11,2,0,head_major_head_first,head_major,head_first,0.382239,0.285995418835,0,0,true
mha,8,8,64,1,8192,64,11,2,1,block_major_head_first,block_major,head_first,0.576154,0.285995418835,0,0,true
mha,8,8,64,1,8192,64,11,2,2,block_major_block_first,block_major,block_first,0.343281,0.285995418835,0,0,true
mha,8,8,64,1,8192,64,11,2,3,head_major_block_first,head_major,block_first,0.503073,0.285995418835,0,0,true
mha,8,8,64,1,8192,64,11,3,0,head_major_block_first,head_major,block_first,0.471606,0.285995418835,0,0,true
mha,8,8,64,1,8192,64,11,3,1,head_major_head_first,head_major,head_first,0.364553,0.285995418835,0,0,true
mha,8,8,64,1,8192,64,11,3,2,block_major_head_first,block_major,head_first,0.585799,0.285995418835,0,0,true
mha,8,8,64,1,8192,64,11,3,3,block_major_block_first,block_major,block_first,0.347166,0.285995418835,0,0,true
mha,8,8,64,1,8192,64,11,4,0,block_major_head_first,block_major,head_first,0.508661,0.285995418835,0,0,true
mha,8,8,64,1,8192,64,11,4,1,block_major_block_first,block_major,block_first,0.35636,0.285995418835,0,0,true
mha,8,8,64,1,8192,64,11,4,2,head_major_head_first,head_major,head_first,0.369641,0.285995418835,0,0,true
mha,8,8,64,1,8192,64,11,4,3,head_major_block_first,head_major,block_first,0.4946,0.285995418835,0,0,true
mha,8,8,64,1,8192,64,11,5,0,head_major_head_first,head_major,head_first,0.364102,0.285995418835,0,0,true
mha,8,8,64,1,8192,64,11,5,1,block_major_block_first,block_major,block_first,0.351934,0.285995418835,0,0,true
mha,8,8,64,1,8192,64,11,5,2,head_major_block_first,head_major,block_first,0.466178,0.285995418835,0,0,true
mha,8,8,64,1,8192,64,11,5,3,block_major_head_first,block_major,head_first,0.573309,0.285995418835,0,0,true
mha,8,8,64,1,8192,64,11,6,0,block_major_head_first,block_major,head_first,0.512487,0.285995418835,0,0,true
mha,8,8,64,1,8192,64,11,6,1,head_major_head_first,head_major,head_first,0.36892,0.285995418835,0,0,true
mha,8,8,64,1,8192,64,11,6,2,head_major_block_first,head_major,block_first,0.493559,0.285995418835,0,0,true
mha,8,8,64,1,8192,64,11,6,3,block_major_block_first,block_major,block_first,0.352114,0.285995418835,0,0,true
mha,8,8,64,1,8192,64,11,7,0,block_major_block_first,block_major,block_first,0.34995,0.285995418835,0,0,true
mha,8,8,64,1,8192,64,11,7,1,head_major_block_first,head_major,block_first,0.495722,0.285995418835,0,0,true
mha,8,8,64,1,8192,64,11,7,2,head_major_head_first,head_major,head_first,0.364193,0.285995418835,0,0,true
mha,8,8,64,1,8192,64,11,7,3,block_major_head_first,block_major,head_first,0.573209,0.285995418835,0,0,true
mha,8,8,64,1,8192,64,11,8,0,head_major_head_first,head_major,head_first,0.364853,0.285995418835,0,0,true
mha,8,8,64,1,8192,64,11,8,1,block_major_head_first,block_major,head_first,0.555723,0.285995418835,0,0,true
mha,8,8,64,1,8192,64,11,8,2,block_major_block_first,block_major,block_first,0.341729,0.285995418835,0,0,true
mha,8,8,64,1,8192,64,11,8,3,head_major_block_first,head_major,block_first,0.502983,0.285995418835,0,0,true
mha,8,8,64,1,8192,64,11,9,0,head_major_block_first,head_major,block_first,0.480799,0.285995418835,0,0,true
mha,8,8,64,1,8192,64,11,9,1,block_major_block_first,block_major,block_first,0.351403,0.285995418835,0,0,true
mha,8,8,64,1,8192,64,11,9,2,block_major_head_first,block_major,head_first,0.534271,0.285995418835,0,0,true
mha,8,8,64,1,8192,64,11,9,3,head_major_head_first,head_major,head_first,0.369641,0.285995418835,0,0,true
mha,8,8,64,1,8192,64,11,10,0,block_major_block_first,block_major,block_first,0.348258,0.285995418835,0,0,true
mha,8,8,64,1,8192,64,11,10,1,block_major_head_first,block_major,head_first,0.499428,0.285995418835,0,0,true
mha,8,8,64,1,8192,64,11,10,2,head_major_head_first,head_major,head_first,0.368168,0.285995418835,0,0,true
mha,8,8,64,1,8192,64,11,10,3,head_major_block_first,head_major,block_first,0.479267,0.285995418835,0,0,true
mha,8,8,64,1,8192,64,11,11,0,block_major_block_first,block_major,block_first,0.371293,0.285995418835,0,0,true
mha,8,8,64,1,8192,64,11,11,1,head_major_head_first,head_major,head_first,0.363602,0.285995418835,0,0,true
mha,8,8,64,1,8192,64,11,11,2,block_major_head_first,block_major,head_first,0.562604,0.285995418835,0,0,true
mha,8,8,64,1,8192,64,11,11,3,head_major_block_first,head_major,block_first,0.482762,0.285995418835,0,0,true
mha,8,8,64,1,8192,64,11,12,0,head_major_block_first,head_major,block_first,0.475552,0.285995418835,0,0,true
mha,8,8,64,1,8192,64,11,12,1,block_major_head_first,block_major,head_first,0.563184,0.285995418835,0,0,true
mha,8,8,64,1,8192,64,11,12,2,head_major_head_first,head_major,head_first,0.367528,0.285995418835,0,0,true
mha,8,8,64,1,8192,64,11,12,3,block_major_block_first,block_major,block_first,0.352244,0.285995418835,0,0,true
mha,8,8,64,1,8192,64,11,13,0,block_major_head_first,block_major,head_first,0.526128,0.285995418835,0,0,true
mha,8,8,64,1,8192,64,11,13,1,block_major_block_first,block_major,block_first,0.355549,0.285995418835,0,0,true
mha,8,8,64,1,8192,64,11,13,2,head_major_head_first,head_major,head_first,0.368369,0.285995418835,0,0,true
mha,8,8,64,1,8192,64,11,13,3,head_major_block_first,head_major,block_first,0.475722,0.285995418835,0,0,true
mha,8,8,64,1,8192,64,11,14,0,head_major_block_first,head_major,block_first,0.464655,0.285995418835,0,0,true
mha,8,8,64,1,8192,64,11,14,1,block_major_head_first,block_major,head_first,0.573119,0.285995418835,0,0,true
mha,8,8,64,1,8192,64,11,14,2,head_major_head_first,head_major,head_first,0.366596,0.285995418835,0,0,true
mha,8,8,64,1,8192,64,11,14,3,block_major_block_first,block_major,block_first,0.350692,0.285995418835,0,0,true
mha,8,8,64,1,8192,64,11,15,0,block_major_block_first,block_major,block_first,0.346205,0.285995418835,0,0,true
mha,8,8,64,1,8192,64,11,15,1,head_major_head_first,head_major,head_first,0.366175,0.285995418835,0,0,true
mha,8,8,64,1,8192,64,11,15,2,block_major_head_first,block_major,head_first,0.558728,0.285995418835,0,0,true
mha,8,8,64,1,8192,64,11,15,3,head_major_block_first,head_major,block_first,0.489933,0.285995418835,0,0,true
mha,8,8,64,1,8192,64,11,16,0,head_major_block_first,head_major,block_first,0.470203,0.285995418835,0,0,true
mha,8,8,64,1,8192,64,11,16,1,head_major_head_first,head_major,head_first,0.36233,0.285995418835,0,0,true
mha,8,8,64,1,8192,64,11,16,2,block_major_head_first,block_major,head_first,0.58689,0.285995418835,0,0,true
mha,8,8,64,1,8192,64,11,16,3,block_major_block_first,block_major,block_first,0.346295,0.285995418835,0,0,true
mha,8,8,64,1,8192,64,11,17,0,head_major_head_first,head_major,head_first,0.370592,0.285995418835,0,0,true
mha,8,8,64,1,8192,64,11,17,1,block_major_head_first,block_major,head_first,0.538487,0.285995418835,0,0,true
mha,8,8,64,1,8192,64,11,17,2,head_major_block_first,head_major,block_first,0.485026,0.285995418835,0,0,true
mha,8,8,64,1,8192,64,11,17,3,block_major_block_first,block_major,block_first,0.363722,0.285995418835,0,0,true
mha,8,8,64,1,8192,64,11,18,0,head_major_block_first,head_major,block_first,0.478486,0.285995418835,0,0,true
mha,8,8,64,1,8192,64,11,18,1,block_major_head_first,block_major,head_first,0.549013,0.285995418835,0,0,true
mha,8,8,64,1,8192,64,11,18,2,block_major_block_first,block_major,block_first,0.338975,0.285995418835,0,0,true
mha,8,8,64,1,8192,64,11,18,3,head_major_head_first,head_major,head_first,0.368779,0.285995418835,0,0,true
mha,8,8,64,1,8192,64,11,19,0,block_major_block_first,block_major,block_first,0.345674,0.285995418835,0,0,true
mha,8,8,64,1,8192,64,11,19,1,block_major_head_first,block_major,head_first,0.491776,0.285995418835,0,0,true
mha,8,8,64,1,8192,64,11,19,2,head_major_head_first,head_major,head_first,0.367107,0.285995418835,0,0,true
mha,8,8,64,1,8192,64,11,19,3,head_major_block_first,head_major,block_first,0.472537,0.285995418835,0,0,true
mha,8,8,64,1,8192,64,29,0,0,head_major_block_first,head_major,block_first,0.463403,0.370354565858,0,0,true
mha,8,8,64,1,8192,64,29,0,1,block_major_block_first,block_major,block_first,0.352395,0.370354565858,0,0,true
mha,8,8,64,1,8192,64,29,0,2,block_major_head_first,block_major,head_first,0.550014,0.370354565858,0,0,true
mha,8,8,64,1,8192,64,29,0,3,head_major_head_first,head_major,head_first,0.369841,0.370354565858,0,0,true
mha,8,8,64,1,8192,64,29,1,0,block_major_block_first,block_major,block_first,0.36316,0.370354565858,0,0,true
mha,8,8,64,1,8192,64,29,1,1,block_major_head_first,block_major,head_first,0.511306,0.370354565858,0,0,true
mha,8,8,64,1,8192,64,29,1,2,head_major_head_first,head_major,head_first,0.36912,0.370354565858,0,0,true
mha,8,8,64,1,8192,64,29,1,3,head_major_block_first,head_major,block_first,0.491145,0.370354565858,0,0,true
mha,8,8,64,1,8192,64,29,2,0,head_major_block_first,head_major,block_first,0.46765,0.370354565858,0,0,true
mha,8,8,64,1,8192,64,29,2,1,head_major_head_first,head_major,head_first,0.357272,0.370354565858,0,0,true
mha,8,8,64,1,8192,64,29,2,2,block_major_head_first,block_major,head_first,0.601593,0.370354565858,0,0,true
mha,8,8,64,1,8192,64,29,2,3,block_major_block_first,block_major,block_first,0.345705,0.370354565858,0,0,true
mha,8,8,64,1,8192,64,29,3,0,block_major_block_first,block_major,block_first,0.34238,0.370354565858,0,0,true
mha,8,8,64,1,8192,64,29,3,1,head_major_block_first,head_major,block_first,0.509884,0.370354565858,0,0,true
mha,8,8,64,1,8192,64,29,3,2,block_major_head_first,block_major,head_first,0.519157,0.370354565858,0,0,true
mha,8,8,64,1,8192,64,29,3,3,head_major_head_first,head_major,head_first,0.368629,0.370354565858,0,0,true
mha,8,8,64,1,8192,64,29,4,0,block_major_head_first,block_major,head_first,0.528862,0.370354565858,0,0,true
mha,8,8,64,1,8192,64,29,4,1,head_major_head_first,head_major,head_first,0.368279,0.370354565858,0,0,true
mha,8,8,64,1,8192,64,29,4,2,head_major_block_first,head_major,block_first,0.47476,0.370354565858,0,0,true
mha,8,8,64,1,8192,64,29,4,3,block_major_block_first,block_major,block_first,0.351133,0.370354565858,0,0,true
mha,8,8,64,1,8192,64,29,5,0,head_major_head_first,head_major,head_first,0.364723,0.370354565858,0,0,true
mha,8,8,64,1,8192,64,29,5,1,block_major_head_first,block_major,head_first,0.563134,0.370354565858,0,0,true
mha,8,8,64,1,8192,64,29,5,2,head_major_block_first,head_major,block_first,0.515873,0.370354565858,0,0,true
mha,8,8,64,1,8192,64,29,5,3,block_major_block_first,block_major,block_first,0.350161,0.370354565858,0,0,true
mha,8,8,64,1,8192,64,29,6,0,block_major_block_first,block_major,block_first,0.348319,0.370354565858,0,0,true
mha,8,8,64,1,8192,64,29,6,1,head_major_head_first,head_major,head_first,0.365685,0.370354565858,0,0,true
mha,8,8,64,1,8192,64,29,6,2,block_major_head_first,block_major,head_first,0.535201,0.370354565858,0,0,true
mha,8,8,64,1,8192,64,29,6,3,head_major_block_first,head_major,block_first,0.498386,0.370354565858,0,0,true
mha,8,8,64,1,8192,64,29,7,0,head_major_head_first,head_major,head_first,0.368309,0.370354565858,0,0,true
mha,8,8,64,1,8192,64,29,7,1,block_major_head_first,block_major,head_first,0.564847,0.370354565858,0,0,true
mha,8,8,64,1,8192,64,29,7,2,block_major_block_first,block_major,block_first,0.344372,0.370354565858,0,0,true
mha,8,8,64,1,8192,64,29,7,3,head_major_block_first,head_major,block_first,0.52109,0.370354565858,0,0,true
mha,8,8,64,1,8192,64,29,8,0,head_major_block_first,head_major,block_first,0.489632,0.370354565858,0,0,true
mha,8,8,64,1,8192,64,29,8,1,head_major_head_first,head_major,head_first,0.364022,0.370354565858,0,0,true
mha,8,8,64,1,8192,64,29,8,2,block_major_block_first,block_major,block_first,0.352915,0.370354565858,0,0,true
mha,8,8,64,1,8192,64,29,8,3,block_major_head_first,block_major,head_first,0.546209,0.370354565858,0,0,true
mha,8,8,64,1,8192,64,29,9,0,head_major_block_first,head_major,block_first,0.50087,0.370354565858,0,0,true
mha,8,8,64,1,8192,64,29,9,1,head_major_head_first,head_major,head_first,0.367638,0.370354565858,0,0,true
mha,8,8,64,1,8192,64,29,9,2,block_major_head_first,block_major,head_first,0.558428,0.370354565858,0,0,true
mha,8,8,64,1,8192,64,29,9,3,block_major_block_first,block_major,block_first,0.341969,0.370354565858,0,0,true
mha,8,8,64,1,8192,64,29,10,0,head_major_block_first,head_major,block_first,0.5206,0.370354565858,0,0,true
mha,8,8,64,1,8192,64,29,10,1,block_major_head_first,block_major,head_first,0.525758,0.370354565858,0,0,true
mha,8,8,64,1,8192,64,29,10,2,head_major_head_first,head_major,head_first,0.368269,0.370354565858,0,0,true
mha,8,8,64,1,8192,64,29,10,3,block_major_block_first,block_major,block_first,0.346366,0.370354565858,0,0,true
mha,8,8,64,1,8192,64,29,11,0,head_major_block_first,head_major,block_first,0.493299,0.370354565858,0,0,true
mha,8,8,64,1,8192,64,29,11,1,head_major_head_first,head_major,head_first,0.368829,0.370354565858,0,0,true
mha,8,8,64,1,8192,64,29,11,2,block_major_block_first,block_major,block_first,0.35549,0.370354565858,0,0,true
mha,8,8,64,1,8192,64,29,11,3,block_major_head_first,block_major,head_first,0.538076,0.370354565858,0,0,true
mha,8,8,64,1,8192,64,29,12,0,block_major_head_first,block_major,head_first,0.493729,0.370354565858,0,0,true
mha,8,8,64,1,8192,64,29,12,1,block_major_block_first,block_major,block_first,0.351834,0.370354565858,0,0,true
mha,8,8,64,1,8192,64,29,12,2,head_major_block_first,head_major,block_first,0.506598,0.370354565858,0,0,true
mha,8,8,64,1,8192,64,29,12,3,head_major_head_first,head_major,head_first,0.36887,0.370354565858,0,0,true
mha,8,8,64,1,8192,64,29,13,0,block_major_block_first,block_major,block_first,0.348719,0.370354565858,0,0,true
mha,8,8,64,1,8192,64,29,13,1,block_major_head_first,block_major,head_first,0.508211,0.370354565858,0,0,true
mha,8,8,64,1,8192,64,29,13,2,head_major_head_first,head_major,head_first,0.36916,0.370354565858,0,0,true
mha,8,8,64,1,8192,64,29,13,3,head_major_block_first,head_major,block_first,0.493298,0.370354565858,0,0,true
mha,8,8,64,1,8192,64,29,14,0,head_major_block_first,head_major,block_first,0.470123,0.370354565858,0,0,true
mha,8,8,64,1,8192,64,29,14,1,head_major_head_first,head_major,head_first,0.364523,0.370354565858,0,0,true
mha,8,8,64,1,8192,64,29,14,2,block_major_head_first,block_major,head_first,0.611748,0.370354565858,0,0,true
mha,8,8,64,1,8192,64,29,14,3,block_major_block_first,block_major,block_first,0.343231,0.370354565858,0,0,true
mha,8,8,64,1,8192,64,29,15,0,block_major_head_first,block_major,head_first,0.500439,0.370354565858,0,0,true
mha,8,8,64,1,8192,64,29,15,1,head_major_block_first,head_major,block_first,0.508942,0.370354565858,0,0,true
mha,8,8,64,1,8192,64,29,15,2,head_major_head_first,head_major,head_first,0.369351,0.370354565858,0,0,true
mha,8,8,64,1,8192,64,29,15,3,block_major_block_first,block_major,block_first,0.352845,0.370354565858,0,0,true
mha,8,8,64,1,8192,64,29,16,0,block_major_head_first,block_major,head_first,0.515572,0.370354565858,0,0,true
mha,8,8,64,1,8192,64,29,16,1,head_major_head_first,head_major,head_first,0.369801,0.370354565858,0,0,true
mha,8,8,64,1,8192,64,29,16,2,head_major_block_first,head_major,block_first,0.485847,0.370354565858,0,0,true
mha,8,8,64,1,8192,64,29,16,3,block_major_block_first,block_major,block_first,0.368338,0.370354565858,0,0,true
mha,8,8,64,1,8192,64,29,17,0,head_major_block_first,head_major,block_first,0.491686,0.370354565858,0,0,true
mha,8,8,64,1,8192,64,29,17,1,block_major_block_first,block_major,block_first,0.34939,0.370354565858,0,0,true
mha,8,8,64,1,8192,64,29,17,2,head_major_head_first,head_major,head_first,0.365534,0.370354565858,0,0,true
mha,8,8,64,1,8192,64,29,17,3,block_major_head_first,block_major,head_first,0.551096,0.370354565858,0,0,true
mha,8,8,64,1,8192,64,29,18,0,block_major_head_first,block_major,head_first,0.500479,0.370354565858,0,0,true
mha,8,8,64,1,8192,64,29,18,1,head_major_head_first,head_major,head_first,0.370332,0.370354565858,0,0,true
mha,8,8,64,1,8192,64,29,18,2,block_major_block_first,block_major,block_first,0.343701,0.370354565858,0,0,true
mha,8,8,64,1,8192,64,29,18,3,head_major_block_first,head_major,block_first,0.50062,0.370354565858,0,0,true
mha,8,8,64,1,8192,64,29,19,0,head_major_head_first,head_major,head_first,0.368209,0.370354565858,0,0,true
mha,8,8,64,1,8192,64,29,19,1,head_major_block_first,head_major,block_first,0.482062,0.370354565858,0,0,true
mha,8,8,64,1,8192,64,29,19,2,block_major_head_first,block_major,head_first,0.576194,0.370354565858,0,0,true
mha,8,8,64,1,8192,64,29,19,3,block_major_block_first,block_major,block_first,0.34324,0.370354565858,0,0,true
mha,8,8,64,1,8192,64,47,0,0,block_major_head_first,block_major,head_first,0.614422,0.103340047232,0,0,true
mha,8,8,64,1,8192,64,47,0,1,block_major_block_first,block_major,block_first,0.334397,0.103340047232,0,0,true
mha,8,8,64,1,8192,64,47,0,2,head_major_head_first,head_major,head_first,0.369851,0.103340047232,0,0,true
mha,8,8,64,1,8192,64,47,0,3,head_major_block_first,head_major,block_first,0.460608,0.103340047232,0,0,true
mha,8,8,64,1,8192,64,47,1,0,block_major_block_first,block_major,block_first,0.359345,0.103340047232,0,0,true
mha,8,8,64,1,8192,64,47,1,1,head_major_head_first,head_major,head_first,0.364253,0.103340047232,0,0,true
mha,8,8,64,1,8192,64,47,1,2,block_major_head_first,block_major,head_first,0.695906,0.103340047232,0,0,true
mha,8,8,64,1,8192,64,47,1,3,head_major_block_first,head_major,block_first,0.469483,0.103340047232,0,0,true
mha,8,8,64,1,8192,64,47,2,0,block_major_head_first,block_major,head_first,0.549584,0.103340047232,0,0,true
mha,8,8,64,1,8192,64,47,2,1,head_major_head_first,head_major,head_first,0.366857,0.103340047232,0,0,true
mha,8,8,64,1,8192,64,47,2,2,head_major_block_first,head_major,block_first,0.466027,0.103340047232,0,0,true
mha,8,8,64,1,8192,64,47,2,3,block_major_block_first,block_major,block_first,0.353066,0.103340047232,0,0,true
mha,8,8,64,1,8192,64,47,3,0,block_major_block_first,block_major,block_first,0.34922,0.103340047232,0,0,true
mha,8,8,64,1,8192,64,47,3,1,head_major_head_first,head_major,head_first,0.366736,0.103340047232,0,0,true
mha,8,8,64,1,8192,64,47,3,2,block_major_head_first,block_major,head_first,0.555002,0.103340047232,0,0,true
mha,8,8,64,1,8192,64,47,3,3,head_major_block_first,head_major,block_first,0.488862,0.103340047232,0,0,true
mha,8,8,64,1,8192,64,47,4,0,block_major_head_first,block_major,head_first,0.54686,0.103340047232,0,0,true
mha,8,8,64,1,8192,64,47,4,1,head_major_head_first,head_major,head_first,0.369009,0.103340047232,0,0,true
mha,8,8,64,1,8192,64,47,4,2,block_major_block_first,block_major,block_first,0.366716,0.103340047232,0,0,true
mha,8,8,64,1,8192,64,47,4,3,head_major_block_first,head_major,block_first,0.490614,0.103340047232,0,0,true
mha,8,8,64,1,8192,64,47,5,0,head_major_block_first,head_major,block_first,0.482733,0.103340047232,0,0,true
mha,8,8,64,1,8192,64,47,5,1,block_major_head_first,block_major,head_first,0.57349,0.103340047232,0,0,true
mha,8,8,64,1,8192,64,47,5,2,block_major_block_first,block_major,block_first,0.343762,0.103340047232,0,0,true
mha,8,8,64,1,8192,64,47,5,3,head_major_head_first,head_major,head_first,0.370913,0.103340047232,0,0,true
mha,8,8,64,1,8192,64,47,6,0,block_major_head_first,block_major,head_first,0.531366,0.103340047232,0,0,true
mha,8,8,64,1,8192,64,47,6,1,head_major_head_first,head_major,head_first,0.364673,0.103340047232,0,0,true
mha,8,8,64,1,8192,64,47,6,2,head_major_block_first,head_major,block_first,0.485697,0.103340047232,0,0,true
mha,8,8,64,1,8192,64,47,6,3,block_major_block_first,block_major,block_first,0.368439,0.103340047232,0,0,true
mha,8,8,64,1,8192,64,47,7,0,block_major_head_first,block_major,head_first,0.5472,0.103340047232,0,0,true
mha,8,8,64,1,8192,64,47,7,1,block_major_block_first,block_major,block_first,0.341498,0.103340047232,0,0,true
mha,8,8,64,1,8192,64,47,7,2,head_major_block_first,head_major,block_first,0.494571,0.103340047232,0,0,true
mha,8,8,64,1,8192,64,47,7,3,head_major_head_first,head_major,head_first,0.366135,0.103340047232,0,0,true
mha,8,8,64,1,8192,64,47,8,0,head_major_block_first,head_major,block_first,0.477064,0.103340047232,0,0,true
mha,8,8,64,1,8192,64,47,8,1,head_major_head_first,head_major,head_first,0.359816,0.103340047232,0,0,true
mha,8,8,64,1,8192,64,47,8,2,block_major_head_first,block_major,head_first,0.590576,0.103340047232,0,0,true
mha,8,8,64,1,8192,64,47,8,3,block_major_block_first,block_major,block_first,0.344963,0.103340047232,0,0,true
mha,8,8,64,1,8192,64,47,9,0,block_major_head_first,block_major,head_first,0.515782,0.103340047232,0,0,true
mha,8,8,64,1,8192,64,47,9,1,head_major_block_first,head_major,block_first,0.502943,0.103340047232,0,0,true
mha,8,8,64,1,8192,64,47,9,2,block_major_block_first,block_major,block_first,0.343982,0.103340047232,0,0,true
mha,8,8,64,1,8192,64,47,9,3,head_major_head_first,head_major,head_first,0.369761,0.103340047232,0,0,true
mha,8,8,64,1,8192,64,47,10,0,head_major_head_first,head_major,head_first,0.366155,0.103340047232,0,0,true
mha,8,8,64,1,8192,64,47,10,1,block_major_block_first,block_major,block_first,0.352655,0.103340047232,0,0,true
mha,8,8,64,1,8192,64,47,10,2,block_major_head_first,block_major,head_first,0.535863,0.103340047232,0,0,true
mha,8,8,64,1,8192,64,47,10,3,head_major_block_first,head_major,block_first,0.504596,0.103340047232,0,0,true
mha,8,8,64,1,8192,64,47,11,0,block_major_block_first,block_major,block_first,0.347767,0.103340047232,0,0,true
mha,8,8,64,1,8192,64,47,11,1,head_major_block_first,head_major,block_first,0.514721,0.103340047232,0,0,true
mha,8,8,64,1,8192,64,47,11,2,block_major_head_first,block_major,head_first,0.543003,0.103340047232,0,0,true
mha,8,8,64,1,8192,64,47,11,3,head_major_head_first,head_major,head_first,0.368469,0.103340047232,0,0,true
mha,8,8,64,1,8192,64,47,12,0,block_major_head_first,block_major,head_first,0.531757,0.103340047232,0,0,true
mha,8,8,64,1,8192,64,47,12,1,block_major_block_first,block_major,block_first,0.339335,0.103340047232,0,0,true
mha,8,8,64,1,8192,64,47,12,2,head_major_head_first,head_major,head_first,0.369921,0.103340047232,0,0,true
mha,8,8,64,1,8192,64,47,12,3,head_major_block_first,head_major,block_first,0.499117,0.103340047232,0,0,true
mha,8,8,64,1,8192,64,47,13,0,head_major_head_first,head_major,head_first,0.364853,0.103340047232,0,0,true
mha,8,8,64,1,8192,64,47,13,1,block_major_block_first,block_major,block_first,0.353196,0.103340047232,0,0,true
mha,8,8,64,1,8192,64,47,13,2,block_major_head_first,block_major,head_first,0.576635,0.103340047232,0,0,true
mha,8,8,64,1,8192,64,47,13,3,head_major_block_first,head_major,block_first,0.500018,0.103340047232,0,0,true
mha,8,8,64,1,8192,64,47,14,0,head_major_block_first,head_major,block_first,0.491736,0.103340047232,0,0,true
mha,8,8,64,1,8192,64,47,14,1,block_major_block_first,block_major,block_first,0.352134,0.103340047232,0,0,true
mha,8,8,64,1,8192,64,47,14,2,block_major_head_first,block_major,head_first,0.530785,0.103340047232,0,0,true
mha,8,8,64,1,8192,64,47,14,3,head_major_head_first,head_major,head_first,0.368729,0.103340047232,0,0,true
mha,8,8,64,1,8192,64,47,15,0,block_major_block_first,block_major,block_first,0.348969,0.103340047232,0,0,true
mha,8,8,64,1,8192,64,47,15,1,head_major_head_first,head_major,head_first,0.368149,0.103340047232,0,0,true
mha,8,8,64,1,8192,64,47,15,2,head_major_block_first,head_major,block_first,0.476883,0.103340047232,0,0,true
mha,8,8,64,1,8192,64,47,15,3,block_major_head_first,block_major,head_first,0.582784,0.103340047232,0,0,true
mha,8,8,64,1,8192,64,47,16,0,block_major_head_first,block_major,head_first,0.517855,0.103340047232,0,0,true
mha,8,8,64,1,8192,64,47,16,1,head_major_block_first,head_major,block_first,0.502552,0.103340047232,0,0,true
mha,8,8,64,1,8192,64,47,16,2,head_major_head_first,head_major,head_first,0.367587,0.103340047232,0,0,true
mha,8,8,64,1,8192,64,47,16,3,block_major_block_first,block_major,block_first,0.351924,0.103340047232,0,0,true
mha,8,8,64,1,8192,64,47,17,0,block_major_block_first,block_major,block_first,0.34945,0.103340047232,0,0,true
mha,8,8,64,1,8192,64,47,17,1,head_major_head_first,head_major,head_first,0.368038,0.103340047232,0,0,true
mha,8,8,64,1,8192,64,47,17,2,head_major_block_first,head_major,block_first,0.480138,0.103340047232,0,0,true
mha,8,8,64,1,8192,64,47,17,3,block_major_head_first,block_major,head_first,0.570155,0.103340047232,0,0,true
mha,8,8,64,1,8192,64,47,18,0,block_major_block_first,block_major,block_first,0.360206,0.103340047232,0,0,true
mha,8,8,64,1,8192,64,47,18,1,head_major_head_first,head_major,head_first,0.371213,0.103340047232,0,0,true
mha,8,8,64,1,8192,64,47,18,2,block_major_head_first,block_major,head_first,0.529463,0.103340047232,0,0,true
mha,8,8,64,1,8192,64,47,18,3,head_major_block_first,head_major,block_first,0.492567,0.103340047232,0,0,true
mha,8,8,64,1,8192,64,47,19,0,head_major_block_first,head_major,block_first,0.475562,0.103340047232,0,0,true
mha,8,8,64,1,8192,64,47,19,1,head_major_head_first,head_major,head_first,0.365544,0.103340047232,0,0,true
mha,8,8,64,1,8192,64,47,19,2,block_major_block_first,block_major,block_first,0.353787,0.103340047232,0,0,true
mha,8,8,64,1,8192,64,47,19,3,block_major_head_first,block_major,head_first,0.557015,0.103340047232,0,0,true
mha,8,8,64,1,16384,64,11,0,0,head_major_block_first,head_major,block_first,1.196275,-0.0581818298273,0,0,true
mha,8,8,64,1,16384,64,11,0,1,block_major_head_first,block_major,head_first,1.6941,-0.0581818298273,0,0,true
mha,8,8,64,1,16384,64,11,0,2,head_major_head_first,head_major,head_first,0.775927,-0.0581818298273,0,0,true
mha,8,8,64,1,16384,64,11,0,3,block_major_block_first,block_major,block_first,0.789057,-0.0581818298273,0,0,true
mha,8,8,64,1,16384,64,11,1,0,head_major_head_first,head_major,head_first,0.772302,-0.0581818298273,0,0,true
mha,8,8,64,1,16384,64,11,1,1,head_major_block_first,head_major,block_first,1.150716,-0.0581818298273,0,0,true
mha,8,8,64,1,16384,64,11,1,2,block_major_head_first,block_major,head_first,1.749925,-0.0581818298273,0,0,true
mha,8,8,64,1,16384,64,11,1,3,block_major_block_first,block_major,block_first,0.762497,-0.0581818298273,0,0,true
mha,8,8,64,1,16384,64,11,2,0,block_major_head_first,block_major,head_first,1.40448,-0.0581818298273,0,0,true
mha,8,8,64,1,16384,64,11,2,1,block_major_block_first,block_major,block_first,0.742196,-0.0581818298273,0,0,true
mha,8,8,64,1,16384,64,11,2,2,head_major_head_first,head_major,head_first,0.932224,-0.0581818298273,0,0,true
mha,8,8,64,1,16384,64,11,2,3,head_major_block_first,head_major,block_first,1.099958,-0.0581818298273,0,0,true
mha,8,8,64,1,16384,64,11,3,0,head_major_head_first,head_major,head_first,0.737729,-0.0581818298273,0,0,true
mha,8,8,64,1,16384,64,11,3,1,head_major_block_first,head_major,block_first,0.934047,-0.0581818298273,0,0,true
mha,8,8,64,1,16384,64,11,3,2,block_major_block_first,block_major,block_first,0.945985,-0.0581818298273,0,0,true
mha,8,8,64,1,16384,64,11,3,3,block_major_head_first,block_major,head_first,1.222865,-0.0581818298273,0,0,true
mha,8,8,64,1,16384,64,11,4,0,head_major_head_first,head_major,head_first,0.916901,-0.0581818298273,0,0,true
mha,8,8,64,1,16384,64,11,4,1,head_major_block_first,head_major,block_first,1.037544,-0.0581818298273,0,0,true
mha,8,8,64,1,16384,64,11,4,2,block_major_block_first,block_major,block_first,0.940937,-0.0581818298273,0,0,true
mha,8,8,64,1,16384,64,11,4,3,block_major_head_first,block_major,head_first,1.237777,-0.0581818298273,0,0,true
mha,8,8,64,1,16384,64,11,5,0,block_major_block_first,block_major,block_first,0.726722,-0.0581818298273,0,0,true
mha,8,8,64,1,16384,64,11,5,1,block_major_head_first,block_major,head_first,1.078717,-0.0581818298273,0,0,true
mha,8,8,64,1,16384,64,11,5,2,head_major_block_first,head_major,block_first,1.31871,-0.0581818298273,0,0,true
mha,8,8,64,1,16384,64,11,5,3,head_major_head_first,head_major,head_first,0.752191,-0.0581818298273,0,0,true
mha,8,8,64,1,16384,64,11,6,0,block_major_block_first,block_major,block_first,0.911242,-0.0581818298273,0,0,true
mha,8,8,64,1,16384,64,11,6,1,head_major_head_first,head_major,head_first,0.838723,-0.0581818298273,0,0,true
mha,8,8,64,1,16384,64,11,6,2,block_major_head_first,block_major,head_first,1.62814,-0.0581818298273,0,0,true
mha,8,8,64,1,16384,64,11,6,3,head_major_block_first,head_major,block_first,1.180121,-0.0581818298273,0,0,true
mha,8,8,64,1,16384,64,11,7,0,block_major_head_first,block_major,head_first,1.457941,-0.0581818298273,0,0,true
mha,8,8,64,1,16384,64,11,7,1,head_major_block_first,head_major,block_first,1.172609,-0.0581818298273,0,0,true
mha,8,8,64,1,16384,64,11,7,2,head_major_head_first,head_major,head_first,0.778791,-0.0581818298273,0,0,true
mha,8,8,64,1,16384,64,11,7,3,block_major_block_first,block_major,block_first,0.768907,-0.0581818298273,0,0,true
mha,8,8,64,1,16384,64,11,8,0,block_major_head_first,block_major,head_first,1.531543,-0.0581818298273,0,0,true
mha,8,8,64,1,16384,64,11,8,1,head_major_head_first,head_major,head_first,0.816228,-0.0581818298273,0,0,true
mha,8,8,64,1,16384,64,11,8,2,head_major_block_first,head_major,block_first,1.193731,-0.0581818298273,0,0,true
mha,8,8,64,1,16384,64,11,8,3,block_major_block_first,block_major,block_first,0.768325,-0.0581818298273,0,0,true
mha,8,8,64,1,16384,64,11,9,0,head_major_block_first,head_major,block_first,1.187822,-0.0581818298273,0,0,true
mha,8,8,64,1,16384,64,11,9,1,block_major_head_first,block_major,head_first,1.632346,-0.0581818298273,0,0,true
mha,8,8,64,1,16384,64,11,9,2,block_major_block_first,block_major,block_first,0.767804,-0.0581818298273,0,0,true
mha,8,8,64,1,16384,64,11,9,3,head_major_head_first,head_major,head_first,0.803208,-0.0581818298273,0,0,true
mha,8,8,64,1,16384,64,11,10,0,head_major_head_first,head_major,head_first,0.781806,-0.0581818298273,0,0,true
mha,8,8,64,1,16384,64,11,10,1,head_major_block_first,head_major,block_first,1.219059,-0.0581818298273,0,0,true
mha,8,8,64,1,16384,64,11,10,2,block_major_head_first,block_major,head_first,1.712258,-0.0581818298273,0,0,true
mha,8,8,64,1,16384,64,11,10,3,block_major_block_first,block_major,block_first,0.750399,-0.0581818298273,0,0,true
mha,8,8,64,1,16384,64,11,11,0,block_major_block_first,block_major,block_first,0.766032,-0.0581818298273,0,0,true
mha,8,8,64,1,16384,64,11,11,1,block_major_head_first,block_major,head_first,1.263236,-0.0581818298273,0,0,true
mha,8,8,64,1,16384,64,11,11,2,head_major_head_first,head_major,head_first,0.905183,-0.0581818298273,0,0,true
mha,8,8,64,1,16384,64,11,11,3,head_major_block_first,head_major,block_first,1.089673,-0.0581818298273,0,0,true
mha,8,8,64,1,16384,64,11,12,0,head_major_block_first,head_major,block_first,1.008449,-0.0581818298273,0,0,true
mha,8,8,64,1,16384,64,11,12,1,head_major_head_first,head_major,head_first,0.729156,-0.0581818298273,0,0,true
mha,8,8,64,1,16384,64,11,12,2,block_major_head_first,block_major,head_first,1.530361,-0.0581818298273,0,0,true
mha,8,8,64,1,16384,64,11,12,3,block_major_block_first,block_major,block_first,0.73126,-0.0581818298273,0,0,true
mha,8,8,64,1,16384,64,11,13,0,head_major_head_first,head_major,head_first,0.960197,-0.0581818298273,0,0,true
mha,8,8,64,1,16384,64,11,13,1,head_major_block_first,head_major,block_first,1.062281,-0.0581818298273,0,0,true
mha,8,8,64,1,16384,64,11,13,2,block_major_head_first,block_major,head_first,1.548549,-0.0581818298273,0,0,true
mha,8,8,64,1,16384,64,11,13,3,block_major_block_first,block_major,block_first,0.729226,-0.0581818298273,0,0,true
mha,8,8,64,1,16384,64,11,14,0,block_major_block_first,block_major,block_first,0.755666,-0.0581818298273,0,0,true
mha,8,8,64,1,16384,64,11,14,1,head_major_block_first,head_major,block_first,1.271539,-0.0581818298273,0,0,true
mha,8,8,64,1,16384,64,11,14,2,block_major_head_first,block_major,head_first,1.381916,-0.0581818298273,0,0,true
mha,8,8,64,1,16384,64,11,14,3,head_major_head_first,head_major,head_first,0.83086,-0.0581818298273,0,0,true
mha,8,8,64,1,16384,64,11,15,0,head_major_block_first,head_major,block_first,1.216024,-0.0581818298273,0,0,true
mha,8,8,64,1,16384,64,11,15,1,block_major_block_first,block_major,block_first,0.765461,-0.0581818298273,0,0,true
mha,8,8,64,1,16384,64,11,15,2,block_major_head_first,block_major,head_first,1.415417,-0.0581818298273,0,0,true
mha,8,8,64,1,16384,64,11,15,3,head_major_head_first,head_major,head_first,0.846585,-0.0581818298273,0,0,true
mha,8,8,64,1,16384,64,11,16,0,block_major_head_first,block_major,head_first,1.36461,-0.0581818298273,0,0,true
mha,8,8,64,1,16384,64,11,16,1,head_major_block_first,head_major,block_first,1.204206,-0.0581818298273,0,0,true
mha,8,8,64,1,16384,64,11,16,2,block_major_block_first,block_major,block_first,0.756527,-0.0581818298273,0,0,true
mha,8,8,64,1,16384,64,11,16,3,head_major_head_first,head_major,head_first,0.82401,-0.0581818298273,0,0,true
mha,8,8,64,1,16384,64,11,17,0,head_major_block_first,head_major,block_first,1.195233,-0.0581818298273,0,0,true
mha,8,8,64,1,16384,64,11,17,1,head_major_head_first,head_major,head_first,0.771069,-0.0581818298273,0,0,true
mha,8,8,64,1,16384,64,11,17,2,block_major_block_first,block_major,block_first,0.773513,-0.0581818298273,0,0,true
mha,8,8,64,1,16384,64,11,17,3,block_major_head_first,block_major,head_first,1.564774,-0.0581818298273,0,0,true
mha,8,8,64,1,16384,64,11,18,0,block_major_head_first,block_major,head_first,1.215574,-0.0581818298273,0,0,true
mha,8,8,64,1,16384,64,11,18,1,head_major_head_first,head_major,head_first,0.915328,-0.0581818298273,0,0,true
mha,8,8,64,1,16384,64,11,18,2,block_major_block_first,block_major,block_first,0.829449,-0.0581818298273,0,0,true
mha,8,8,64,1,16384,64,11,18,3,head_major_block_first,head_major,block_first,1.277317,-0.0581818298273,0,0,true
mha,8,8,64,1,16384,64,11,19,0,block_major_block_first,block_major,block_first,0.745521,-0.0581818298273,0,0,true
mha,8,8,64,1,16384,64,11,19,1,block_major_head_first,block_major,head_first,1.320493,-0.0581818298273,0,0,true
mha,8,8,64,1,16384,64,11,19,2,head_major_head_first,head_major,head_first,0.872173,-0.0581818298273,0,0,true
mha,8,8,64,1,16384,64,11,19,3,head_major_block_first,head_major,block_first,1.229905,-0.0581818298273,0,0,true
mha,8,8,64,1,16384,64,29,0,0,block_major_block_first,block_major,block_first,0.76487,0.0382535463027,0,0,true
mha,8,8,64,1,16384,64,29,0,1,head_major_block_first,head_major,block_first,1.135031,0.0382535463027,0,0,true
mha,8,8,64,1,16384,64,29,0,2,head_major_head_first,head_major,head_first,0.770799,0.0382535463027,0,0,true
mha,8,8,64,1,16384,64,29,0,3,block_major_head_first,block_major,head_first,1.767161,0.0382535463027,0,0,true
mha,8,8,64,1,16384,64,29,1,0,head_major_block_first,head_major,block_first,1.13392,0.0382535463027,0,0,true
mha,8,8,64,1,16384,64,29,1,1,block_major_head_first,block_major,head_first,1.659828,0.0382535463027,0,0,true
mha,8,8,64,1,16384,64,29,1,2,head_major_head_first,head_major,head_first,0.774004,0.0382535463027,0,0,true
mha,8,8,64,1,16384,64,29,1,3,block_major_block_first,block_major,block_first,0.765041,0.0382535463027,0,0,true
mha,8,8,64,1,16384,64,29,2,0,head_major_head_first,head_major,head_first,0.774896,0.0382535463027,0,0,true
mha,8,8,64,1,16384,64,29,2,1,head_major_block_first,head_major,block_first,1.182995,0.0382535463027,0,0,true
mha,8,8,64,1,16384,64,29,2,2,block_major_head_first,block_major,head_first,1.751147,0.0382535463027,0,0,true
mha,8,8,64,1,16384,64,29,2,3,block_major_block_first,block_major,block_first,0.756698,0.0382535463027,0,0,true
mha,8,8,64,1,16384,64,29,3,0,block_major_block_first,block_major,block_first,0.755346,0.0382535463027,0,0,true
mha,8,8,64,1,16384,64,29,3,1,head_major_head_first,head_major,head_first,0.794645,0.0382535463027,0,0,true
mha,8,8,64,1,16384,64,29,3,2,head_major_block_first,head_major,block_first,1.225289,0.0382535463027,0,0,true
mha,8,8,64,1,16384,64,29,3,3,block_major_head_first,block_major,head_first,1.567928,0.0382535463027,0,0,true
mha,8,8,64,1,16384,64,29,4,0,head_major_block_first,head_major,block_first,1.168552,0.0382535463027,0,0,true
mha,8,8,64,1,16384,64,29,4,1,block_major_block_first,block_major,block_first,0.774204,0.0382535463027,0,0,true
mha,8,8,64,1,16384,64,29,4,2,head_major_head_first,head_major,head_first,0.786883,0.0382535463027,0,0,true
mha,8,8,64,1,16384,64,29,4,3,block_major_head_first,block_major,head_first,1.494256,0.0382535463027,0,0,true
mha,8,8,64,1,16384,64,29,5,0,head_major_head_first,head_major,head_first,0.78485,0.0382535463027,0,0,true
mha,8,8,64,1,16384,64,29,5,1,block_major_block_first,block_major,block_first,0.783829,0.0382535463027,0,0,true
mha,8,8,64,1,16384,64,29,5,2,block_major_head_first,block_major,head_first,1.422798,0.0382535463027,0,0,true
mha,8,8,64,1,16384,64,29,5,3,head_major_block_first,head_major,block_first,1.201262,0.0382535463027,0,0,true
mha,8,8,64,1,16384,64,29,6,0,block_major_block_first,block_major,block_first,0.752712,0.0382535463027,0,0,true
mha,8,8,64,1,16384,64,29,6,1,head_major_block_first,head_major,block_first,1.218999,0.0382535463027,0,0,true
mha,8,8,64,1,16384,64,29,6,2,head_major_head_first,head_major,head_first,0.780123,0.0382535463027,0,0,true
mha,8,8,64,1,16384,64,29,6,3,block_major_head_first,block_major,head_first,1.51612,0.0382535463027,0,0,true
mha,8,8,64,1,16384,64,29,7,0,head_major_head_first,head_major,head_first,0.812743,0.0382535463027,0,0,true
mha,8,8,64,1,16384,64,29,7,1,block_major_block_first,block_major,block_first,0.760083,0.0382535463027,0,0,true
mha,8,8,64,1,16384,64,29,7,2,block_major_head_first,block_major,head_first,1.420535,0.0382535463027,0,0,true
mha,8,8,64,1,16384,64,29,7,3,head_major_block_first,head_major,block_first,1.155352,0.0382535463027,0,0,true
mha,8,8,64,1,16384,64,29,8,0,head_major_head_first,head_major,head_first,0.803238,0.0382535463027,0,0,true
mha,8,8,64,1,16384,64,29,8,1,block_major_head_first,block_major,head_first,1.479064,0.0382535463027,0,0,true
mha,8,8,64,1,16384,64,29,8,2,block_major_block_first,block_major,block_first,0.73869,0.0382535463027,0,0,true
mha,8,8,64,1,16384,64,29,8,3,head_major_block_first,head_major,block_first,1.182624,0.0382535463027,0,0,true
mha,8,8,64,1,16384,64,29,9,0,block_major_block_first,block_major,block_first,0.773313,0.0382535463027,0,0,true
mha,8,8,64,1,16384,64,29,9,1,block_major_head_first,block_major,head_first,1.353763,0.0382535463027,0,0,true
mha,8,8,64,1,16384,64,29,9,2,head_major_block_first,head_major,block_first,1.213861,0.0382535463027,0,0,true
mha,8,8,64,1,16384,64,29,9,3,head_major_head_first,head_major,head_first,0.833775,0.0382535463027,0,0,true
mha,8,8,64,1,16384,64,29,10,0,head_major_head_first,head_major,head_first,0.779302,0.0382535463027,0,0,true
mha,8,8,64,1,16384,64,29,10,1,block_major_head_first,block_major,head_first,1.577813,0.0382535463027,0,0,true
mha,8,8,64,1,16384,64,29,10,2,head_major_block_first,head_major,block_first,1.174241,0.0382535463027,0,0,true
mha,8,8,64,1,16384,64,29,10,3,block_major_block_first,block_major,block_first,0.89036,0.0382535463027,0,0,true
mha,8,8,64,1,16384,64,29,11,0,block_major_head_first,block_major,head_first,1.394786,0.0382535463027,0,0,true
mha,8,8,64,1,16384,64,29,11,1,head_major_head_first,head_major,head_first,0.80379,0.0382535463027,0,0,true
mha,8,8,64,1,16384,64,29,11,2,head_major_block_first,head_major,block_first,1.169634,0.0382535463027,0,0,true
mha,8,8,64,1,16384,64,29,11,3,block_major_block_first,block_major,block_first,0.860185,0.0382535463027,0,0,true
mha,8,8,64,1,16384,64,29,12,0,block_major_head_first,block_major,head_first,1.383288,0.0382535463027,0,0,true
mha,8,8,64,1,16384,64,29,12,1,head_major_block_first,head_major,block_first,1.208764,0.0382535463027,0,0,true
mha,8,8,64,1,16384,64,29,12,2,head_major_head_first,head_major,head_first,0.817981,0.0382535463027,0,0,true
mha,8,8,64,1,16384,64,29,12,3,block_major_block_first,block_major,block_first,0.763037,0.0382535463027,0,0,true
mha,8,8,64,1,16384,64,29,13,0,head_major_block_first,head_major,block_first,1.147801,0.0382535463027,0,0,true
mha,8,8,64,1,16384,64,29,13,1,block_major_head_first,block_major,head_first,1.546496,0.0382535463027,0,0,true
mha,8,8,64,1,16384,64,29,13,2,head_major_head_first,head_major,head_first,0.825322,0.0382535463027,0,0,true
mha,8,8,64,1,16384,64,29,13,3,block_major_block_first,block_major,block_first,0.757049,0.0382535463027,0,0,true
mha,8,8,64,1,16384,64,29,14,0,head_major_block_first,head_major,block_first,1.177256,0.0382535463027,0,0,true
mha,8,8,64,1,16384,64,29,14,1,block_major_block_first,block_major,block_first,0.761755,0.0382535463027,0,0,true
mha,8,8,64,1,16384,64,29,14,2,block_major_head_first,block_major,head_first,1.457971,0.0382535463027,0,0,true
mha,8,8,64,1,16384,64,29,14,3,head_major_head_first,head_major,head_first,0.825773,0.0382535463027,0,0,true
mha,8,8,64,1,16384,64,29,15,0,block_major_head_first,block_major,head_first,1.37141,0.0382535463027,0,0,true
mha,8,8,64,1,16384,64,29,15,1,head_major_block_first,head_major,block_first,1.223627,0.0382535463027,0,0,true
mha,8,8,64,1,16384,64,29,15,2,head_major_head_first,head_major,head_first,0.790389,0.0382535463027,0,0,true
mha,8,8,64,1,16384,64,29,15,3,block_major_block_first,block_major,block_first,0.761856,0.0382535463027,0,0,true
mha,8,8,64,1,16384,64,29,16,0,head_major_head_first,head_major,head_first,0.779152,0.0382535463027,0,0,true
mha,8,8,64,1,16384,64,29,16,1,block_major_head_first,block_major,head_first,1.509951,0.0382535463027,0,0,true
mha,8,8,64,1,16384,64,29,16,2,head_major_block_first,head_major,block_first,1.207912,0.0382535463027,0,0,true
mha,8,8,64,1,16384,64,29,16,3,block_major_block_first,block_major,block_first,0.756197,0.0382535463027,0,0,true
mha,8,8,64,1,16384,64,29,17,0,head_major_head_first,head_major,head_first,0.79083,0.0382535463027,0,0,true
mha,8,8,64,1,16384,64,29,17,1,block_major_head_first,block_major,head_first,1.488869,0.0382535463027,0,0,true
mha,8,8,64,1,16384,64,29,17,2,block_major_block_first,block_major,block_first,0.741786,0.0382535463027,0,0,true
mha,8,8,64,1,16384,64,29,17,3,head_major_block_first,head_major,block_first,1.20003,0.0382535463027,0,0,true
mha,8,8,64,1,16384,64,29,18,0,head_major_head_first,head_major,head_first,0.797439,0.0382535463027,0,0,true
mha,8,8,64,1,16384,64,29,18,1,block_major_head_first,block_major,head_first,1.478192,0.0382535463027,0,0,true
mha,8,8,64,1,16384,64,29,18,2,block_major_block_first,block_major,block_first,0.745581,0.0382535463027,0,0,true
mha,8,8,64,1,16384,64,29,18,3,head_major_block_first,head_major,block_first,1.192509,0.0382535463027,0,0,true
mha,8,8,64,1,16384,64,29,19,0,block_major_block_first,block_major,block_first,0.753062,0.0382535463027,0,0,true
mha,8,8,64,1,16384,64,29,19,1,block_major_head_first,block_major,head_first,1.379894,0.0382535463027,0,0,true
mha,8,8,64,1,16384,64,29,19,2,head_major_head_first,head_major,head_first,0.841136,0.0382535463027,0,0,true
mha,8,8,64,1,16384,64,29,19,3,head_major_block_first,head_major,block_first,1.195453,0.0382535463027,0,0,true
mha,8,8,64,1,16384,64,47,0,0,head_major_block_first,head_major,block_first,1.148752,-0.17087667959,0,0,true
mha,8,8,64,1,16384,64,47,0,1,block_major_block_first,block_major,block_first,0.825142,-0.17087667959,0,0,true
mha,8,8,64,1,16384,64,47,0,2,block_major_head_first,block_major,head_first,1.480045,-0.17087667959,0,0,true
mha,8,8,64,1,16384,64,47,0,3,head_major_head_first,head_major,head_first,0.803749,-0.17087667959,0,0,true
mha,8,8,64,1,16384,64,47,1,0,head_major_head_first,head_major,head_first,0.782387,-0.17087667959,0,0,true
mha,8,8,64,1,16384,64,47,1,1,block_major_block_first,block_major,block_first,0.763358,-0.17087667959,0,0,true
mha,8,8,64,1,16384,64,47,1,2,block_major_head_first,block_major,head_first,1.487686,-0.17087667959,0,0,true
mha,8,8,64,1,16384,64,47,1,3,head_major_block_first,head_major,block_first,1.202234,-0.17087667959,0,0,true
mha,8,8,64,1,16384,64,47,2,0,head_major_head_first,head_major,head_first,0.777209,-0.17087667959,0,0,true
mha,8,8,64,1,16384,64,47,2,1,head_major_block_first,head_major,block_first,1.16728,-0.17087667959,0,0,true
mha,8,8,64,1,16384,64,47,2,2,block_major_block_first,block_major,block_first,0.883029,-0.17087667959,0,0,true
mha,8,8,64,1,16384,64,47,2,3,block_major_head_first,block_major,head_first,1.398521,-0.17087667959,0,0,true
mha,8,8,64,1,16384,64,47,3,0,block_major_block_first,block_major,block_first,0.73226,-0.17087667959,0,0,true
mha,8,8,64,1,16384,64,47,3,1,head_major_head_first,head_major,head_first,0.939715,-0.17087667959,0,0,true
mha,8,8,64,1,16384,64,47,3,2,block_major_head_first,block_major,head_first,1.49643,-0.17087667959,0,0,true
mha,8,8,64,1,16384,64,47,3,3,head_major_block_first,head_major,block_first,1.208854,-0.17087667959,0,0,true
mha,8,8,64,1,16384,64,47,4,0,head_major_block_first,head_major,block_first,1.214262,-0.17087667959,0,0,true
mha,8,8,64,1,16384,64,47,4,1,block_major_block_first,block_major,block_first,0.752431,-0.17087667959,0,0,true
mha,8,8,64,1,16384,64,47,4,2,head_major_head_first,head_major,head_first,0.793824,-0.17087667959,0,0,true
mha,8,8,64,1,16384,64,47,4,3,block_major_head_first,block_major,head_first,1.536261,-0.17087667959,0,0,true
mha,8,8,64,1,16384,64,47,5,0,head_major_head_first,head_major,head_first,0.815307,-0.17087667959,0,0,true
mha,8,8,64,1,16384,64,47,5,1,block_major_block_first,block_major,block_first,0.7584,-0.17087667959,0,0,true
mha,8,8,64,1,16384,64,47,5,2,block_major_head_first,block_major,head_first,1.405332,-0.17087667959,0,0,true
mha,8,8,64,1,16384,64,47,5,3,head_major_block_first,head_major,block_first,1.19927,-0.17087667959,0,0,true
mha,8,8,64,1,16384,64,47,6,0,block_major_head_first,block_major,head_first,1.388566,-0.17087667959,0,0,true
mha,8,8,64,1,16384,64,47,6,1,head_major_head_first,head_major,head_first,0.811902,-0.17087667959,0,0,true
mha,8,8,64,1,16384,64,47,6,2,head_major_block_first,head_major,block_first,1.16651,-0.17087667959,0,0,true
mha,8,8,64,1,16384,64,47,6,3,block_major_block_first,block_major,block_first,0.765892,-0.17087667959,0,0,true
mha,8,8,64,1,16384,64,47,7,0,block_major_head_first,block_major,head_first,1.488708,-0.17087667959,0,0,true
mha,8,8,64,1,16384,64,47,7,1,head_major_head_first,head_major,head_first,0.814466,-0.17087667959,0,0,true
mha,8,8,64,1,16384,64,47,7,2,block_major_block_first,block_major,block_first,0.749967,-0.17087667959,0,0,true
mha,8,8,64,1,16384,64,47,7,3,head_major_block_first,head_major,block_first,1.197366,-0.17087667959,0,0,true
mha,8,8,64,1,16384,64,47,8,0,block_major_head_first,block_major,head_first,1.422207,-0.17087667959,0,0,true
mha,8,8,64,1,16384,64,47,8,1,head_major_head_first,head_major,head_first,0.809839,-0.17087667959,0,0,true
mha,8,8,64,1,16384,64,47,8,2,block_major_block_first,block_major,block_first,0.75205,-0.17087667959,0,0,true
mha,8,8,64,1,16384,64,47,8,3,head_major_block_first,head_major,block_first,1.192378,-0.17087667959,0,0,true
mha,8,8,64,1,16384,64,47,9,0,head_major_head_first,head_major,head_first,0.77798,-0.17087667959,0,0,true
mha,8,8,64,1,16384,64,47,9,1,block_major_head_first,block_major,head_first,1.513516,-0.17087667959,0,0,true
mha,8,8,64,1,16384,64,47,9,2,block_major_block_first,block_major,block_first,0.745641,-0.17087667959,0,0,true
mha,8,8,64,1,16384,64,47,9,3,head_major_block_first,head_major,block_first,1.216435,-0.17087667959,0,0,true
mha,8,8,64,1,16384,64,47,10,0,head_major_head_first,head_major,head_first,0.788406,-0.17087667959,0,0,true
mha,8,8,64,1,16384,64,47,10,1,head_major_block_first,head_major,block_first,1.177005,-0.17087667959,0,0,true
mha,8,8,64,1,16384,64,47,10,2,block_major_block_first,block_major,block_first,0.880015,-0.17087667959,0,0,true
mha,8,8,64,1,16384,64,47,10,3,block_major_head_first,block_major,head_first,1.348606,-0.17087667959,0,0,true
mha,8,8,64,1,16384,64,47,11,0,block_major_block_first,block_major,block_first,0.729066,-0.17087667959,0,0,true
mha,8,8,64,1,16384,64,47,11,1,block_major_head_first,block_major,head_first,1.095312,-0.17087667959,0,0,true
mha,8,8,64,1,16384,64,47,11,2,head_major_block_first,head_major,block_first,1.274253,-0.17087667959,0,0,true
mha,8,8,64,1,16384,64,47,11,3,head_major_head_first,head_major,head_first,0.754294,-0.17087667959,0,0,true
mha,8,8,64,1,16384,64,47,12,0,block_major_block_first,block_major,block_first,0.914918,-0.17087667959,0,0,true
mha,8,8,64,1,16384,64,47,12,1,head_major_head_first,head_major,head_first,0.799122,-0.17087667959,0,0,true
mha,8,8,64,1,16384,64,47,12,2,block_major_head_first,block_major,head_first,1.519235,-0.17087667959,0,0,true
mha,8,8,64,1,16384,64,47,12,3,head_major_block_first,head_major,block_first,1.204487,-0.17087667959,0,0,true
mha,8,8,64,1,16384,64,47,13,0,block_major_block_first,block_major,block_first,0.761055,-0.17087667959,0,0,true
mha,8,8,64,1,16384,64,47,13,1,block_major_head_first,block_major,head_first,1.438812,-0.17087667959,0,0,true
mha,8,8,64,1,16384,64,47,13,2,head_major_block_first,head_major,block_first,1.231899,-0.17087667959,0,0,true
mha,8,8,64,1,16384,64,47,13,3,head_major_head_first,head_major,head_first,0.790429,-0.17087667959,0,0,true
mha,8,8,64,1,16384,64,47,14,0,head_major_block_first,head_major,block_first,1.143785,-0.17087667959,0,0,true
mha,8,8,64,1,16384,64,47,14,1,head_major_head_first,head_major,head_first,0.747404,-0.17087667959,0,0,true
mha,8,8,64,1,16384,64,47,14,2,block_major_head_first,block_major,head_first,1.664655,-0.17087667959,0,0,true
mha,8,8,64,1,16384,64,47,14,3,block_major_block_first,block_major,block_first,0.73814,-0.17087667959,0,0,true
mha,8,8,64,1,16384,64,47,15,0,block_major_block_first,block_major,block_first,0.724098,-0.17087667959,0,0,true
mha,8,8,64,1,16384,64,47,15,1,head_major_head_first,head_major,head_first,0.919275,-0.17087667959,0,0,true
mha,8,8,64,1,16384,64,47,15,2,head_major_block_first,head_major,block_first,1.110474,-0.17087667959,0,0,true
mha,8,8,64,1,16384,64,47,15,3,block_major_head_first,block_major,head_first,1.545344,-0.17087667959,0,0,true
mha,8,8,64,1,16384,64,47,16,0,head_major_head_first,head_major,head_first,0.824691,-0.17087667959,0,0,true
mha,8,8,64,1,16384,64,47,16,1,block_major_head_first,block_major,head_first,1.327774,-0.17087667959,0,0,true
mha,8,8,64,1,16384,64,47,16,2,head_major_block_first,head_major,block_first,1.201463,-0.17087667959,0,0,true
mha,8,8,64,1,16384,64,47,16,3,block_major_block_first,block_major,block_first,0.756557,-0.17087667959,0,0,true
mha,8,8,64,1,16384,64,47,17,0,head_major_head_first,head_major,head_first,0.793354,-0.17087667959,0,0,true
mha,8,8,64,1,16384,64,47,17,1,head_major_block_first,head_major,block_first,1.188052,-0.17087667959,0,0,true
mha,8,8,64,1,16384,64,47,17,2,block_major_head_first,block_major,head_first,1.527407,-0.17087667959,0,0,true
mha,8,8,64,1,16384,64,47,17,3,block_major_block_first,block_major,block_first,0.745971,-0.17087667959,0,0,true
mha,8,8,64,1,16384,64,47,18,0,block_major_block_first,block_major,block_first,0.742957,-0.17087667959,0,0,true
mha,8,8,64,1,16384,64,47,18,1,head_major_head_first,head_major,head_first,0.843029,-0.17087667959,0,0,true
mha,8,8,64,1,16384,64,47,18,2,head_major_block_first,head_major,block_first,1.155122,-0.17087667959,0,0,true
mha,8,8,64,1,16384,64,47,18,3,block_major_head_first,block_major,head_first,1.495529,-0.17087667959,0,0,true
mha,8,8,64,1,16384,64,47,19,0,block_major_block_first,block_major,block_first,0.737138,-0.17087667959,0,0,true
mha,8,8,64,1,16384,64,47,19,1,block_major_head_first,block_major,head_first,1.316087,-0.17087667959,0,0,true
mha,8,8,64,1,16384,64,47,19,2,head_major_block_first,head_major,block_first,1.244578,-0.17087667959,0,0,true
mha,8,8,64,1,16384,64,47,19,3,head_major_head_first,head_major,head_first,0.810329,-0.17087667959,0,0,true
mha,8,8,64,4,512,64,11,0,0,block_major_block_first,block_major,block_first,0.087784,-0.856304790405,0,0,true
mha,8,8,64,4,512,64,11,0,1,block_major_head_first,block_major,head_first,0.090998,-0.856304790405,0,0,true
mha,8,8,64,4,512,64,11,0,2,head_major_block_first,head_major,block_first,0.090437,-0.856304790405,0,0,true
mha,8,8,64,4,512,64,11,0,3,head_major_head_first,head_major,head_first,0.088034,-0.856304790405,0,0,true
mha,8,8,64,4,512,64,11,1,0,head_major_head_first,head_major,head_first,0.087643,-0.856304790405,0,0,true
mha,8,8,64,4,512,64,11,1,1,head_major_block_first,head_major,block_first,0.089065,-0.856304790405,0,0,true
mha,8,8,64,4,512,64,11,1,2,block_major_block_first,block_major,block_first,0.088074,-0.856304790405,0,0,true
mha,8,8,64,4,512,64,11,1,3,block_major_head_first,block_major,head_first,0.090558,-0.856304790405,0,0,true
mha,8,8,64,4,512,64,11,2,0,block_major_block_first,block_major,block_first,0.087904,-0.856304790405,0,0,true
mha,8,8,64,4,512,64,11,2,1,head_major_block_first,head_major,block_first,0.089666,-0.856304790405,0,0,true
mha,8,8,64,4,512,64,11,2,2,block_major_head_first,block_major,head_first,0.090227,-0.856304790405,0,0,true
mha,8,8,64,4,512,64,11,2,3,head_major_head_first,head_major,head_first,0.087873,-0.856304790405,0,0,true
mha,8,8,64,4,512,64,11,3,0,block_major_head_first,block_major,head_first,0.090327,-0.856304790405,0,0,true
mha,8,8,64,4,512,64,11,3,1,block_major_block_first,block_major,block_first,0.087973,-0.856304790405,0,0,true
mha,8,8,64,4,512,64,11,3,2,head_major_head_first,head_major,head_first,0.088154,-0.856304790405,0,0,true
mha,8,8,64,4,512,64,11,3,3,head_major_block_first,head_major,block_first,0.089345,-0.856304790405,0,0,true
mha,8,8,64,4,512,64,11,4,0,head_major_head_first,head_major,head_first,0.087683,-0.856304790405,0,0,true
mha,8,8,64,4,512,64,11,4,1,head_major_block_first,head_major,block_first,0.095094,-0.856304790405,0,0,true
mha,8,8,64,4,512,64,11,4,2,block_major_head_first,block_major,head_first,0.091309,-0.856304790405,0,0,true
mha,8,8,64,4,512,64,11,4,3,block_major_block_first,block_major,block_first,0.088044,-0.856304790405,0,0,true
mha,8,8,64,4,512,64,11,5,0,head_major_head_first,head_major,head_first,0.087903,-0.856304790405,0,0,true
mha,8,8,64,4,512,64,11,5,1,head_major_block_first,head_major,block_first,0.089315,-0.856304790405,0,0,true
mha,8,8,64,4,512,64,11,5,2,block_major_head_first,block_major,head_first,0.091018,-0.856304790405,0,0,true
mha,8,8,64,4,512,64,11,5,3,block_major_block_first,block_major,block_first,0.087653,-0.856304790405,0,0,true
mha,8,8,64,4,512,64,11,6,0,block_major_block_first,block_major,block_first,0.087573,-0.856304790405,0,0,true
mha,8,8,64,4,512,64,11,6,1,head_major_block_first,head_major,block_first,0.090387,-0.856304790405,0,0,true
mha,8,8,64,4,512,64,11,6,2,block_major_head_first,block_major,head_first,0.090858,-0.856304790405,0,0,true
mha,8,8,64,4,512,64,11,6,3,head_major_head_first,head_major,head_first,0.087914,-0.856304790405,0,0,true
mha,8,8,64,4,512,64,11,7,0,head_major_block_first,head_major,block_first,0.089075,-0.856304790405,0,0,true
mha,8,8,64,4,512,64,11,7,1,block_major_head_first,block_major,head_first,0.090677,-0.856304790405,0,0,true
mha,8,8,64,4,512,64,11,7,2,head_major_head_first,head_major,head_first,0.088134,-0.856304790405,0,0,true
mha,8,8,64,4,512,64,11,7,3,block_major_block_first,block_major,block_first,0.087744,-0.856304790405,0,0,true
mha,8,8,64,4,512,64,11,8,0,head_major_block_first,head_major,block_first,0.088955,-0.856304790405,0,0,true
mha,8,8,64,4,512,64,11,8,1,head_major_head_first,head_major,head_first,0.087864,-0.856304790405,0,0,true
mha,8,8,64,4,512,64,11,8,2,block_major_block_first,block_major,block_first,0.087854,-0.856304790405,0,0,true
mha,8,8,64,4,512,64,11,8,3,block_major_head_first,block_major,head_first,0.090758,-0.856304790405,0,0,true
mha,8,8,64,4,512,64,11,9,0,head_major_block_first,head_major,block_first,0.089996,-0.856304790405,0,0,true
mha,8,8,64,4,512,64,11,9,1,block_major_block_first,block_major,block_first,0.088124,-0.856304790405,0,0,true
mha,8,8,64,4,512,64,11,9,2,block_major_head_first,block_major,head_first,0.090918,-0.856304790405,0,0,true
mha,8,8,64,4,512,64,11,9,3,head_major_head_first,head_major,head_first,0.088004,-0.856304790405,0,0,true
mha,8,8,64,4,512,64,11,10,0,block_major_head_first,block_major,head_first,0.090798,-0.856304790405,0,0,true
mha,8,8,64,4,512,64,11,10,1,head_major_head_first,head_major,head_first,0.087753,-0.856304790405,0,0,true
mha,8,8,64,4,512,64,11,10,2,head_major_block_first,head_major,block_first,0.089256,-0.856304790405,0,0,true
mha,8,8,64,4,512,64,11,10,3,block_major_block_first,block_major,block_first,0.088324,-0.856304790405,0,0,true
mha,8,8,64,4,512,64,11,11,0,head_major_block_first,head_major,block_first,0.088874,-0.856304790405,0,0,true
mha,8,8,64,4,512,64,11,11,1,head_major_head_first,head_major,head_first,0.087763,-0.856304790405,0,0,true
mha,8,8,64,4,512,64,11,11,2,block_major_block_first,block_major,block_first,0.087523,-0.856304790405,0,0,true
mha,8,8,64,4,512,64,11,11,3,block_major_head_first,block_major,head_first,0.090637,-0.856304790405,0,0,true
mha,8,8,64,4,512,64,11,12,0,block_major_block_first,block_major,block_first,0.088013,-0.856304790405,0,0,true
mha,8,8,64,4,512,64,11,12,1,head_major_block_first,head_major,block_first,0.089877,-0.856304790405,0,0,true
mha,8,8,64,4,512,64,11,12,2,head_major_head_first,head_major,head_first,0.087743,-0.856304790405,0,0,true
mha,8,8,64,4,512,64,11,12,3,block_major_head_first,block_major,head_first,0.090938,-0.856304790405,0,0,true
mha,8,8,64,4,512,64,11,13,0,block_major_head_first,block_major,head_first,0.090297,-0.856304790405,0,0,true
mha,8,8,64,4,512,64,11,13,1,head_major_block_first,head_major,block_first,0.089947,-0.856304790405,0,0,true
mha,8,8,64,4,512,64,11,13,2,block_major_block_first,block_major,block_first,0.087994,-0.856304790405,0,0,true
mha,8,8,64,4,512,64,11,13,3,head_major_head_first,head_major,head_first,0.088193,-0.856304790405,0,0,true
mha,8,8,64,4,512,64,11,14,0,block_major_head_first,block_major,head_first,0.090698,-0.856304790405,0,0,true
mha,8,8,64,4,512,64,11,14,1,head_major_head_first,head_major,head_first,0.087994,-0.856304790405,0,0,true
mha,8,8,64,4,512,64,11,14,2,block_major_block_first,block_major,block_first,0.087953,-0.856304790405,0,0,true
mha,8,8,64,4,512,64,11,14,3,head_major_block_first,head_major,block_first,0.094924,-0.856304790405,0,0,true
mha,8,8,64,4,512,64,11,15,0,head_major_block_first,head_major,block_first,0.088855,-0.856304790405,0,0,true
mha,8,8,64,4,512,64,11,15,1,block_major_head_first,block_major,head_first,0.091759,-0.856304790405,0,0,true
mha,8,8,64,4,512,64,11,15,2,block_major_block_first,block_major,block_first,0.087703,-0.856304790405,0,0,true
mha,8,8,64,4,512,64,11,15,3,head_major_head_first,head_major,head_first,0.088664,-0.856304790405,0,0,true
mha,8,8,64,4,512,64,11,16,0,head_major_block_first,head_major,block_first,0.089426,-0.856304790405,0,0,true
mha,8,8,64,4,512,64,11,16,1,head_major_head_first,head_major,head_first,0.087642,-0.856304790405,0,0,true
mha,8,8,64,4,512,64,11,16,2,block_major_head_first,block_major,head_first,0.091279,-0.856304790405,0,0,true
mha,8,8,64,4,512,64,11,16,3,block_major_block_first,block_major,block_first,0.087903,-0.856304790405,0,0,true
mha,8,8,64,4,512,64,11,17,0,block_major_head_first,block_major,head_first,0.090868,-0.856304790405,0,0,true
mha,8,8,64,4,512,64,11,17,1,head_major_block_first,head_major,block_first,0.090227,-0.856304790405,0,0,true
mha,8,8,64,4,512,64,11,17,2,block_major_block_first,block_major,block_first,0.088003,-0.856304790405,0,0,true
mha,8,8,64,4,512,64,11,17,3,head_major_head_first,head_major,head_first,0.087894,-0.856304790405,0,0,true
mha,8,8,64,4,512,64,11,18,0,head_major_head_first,head_major,head_first,0.087824,-0.856304790405,0,0,true
mha,8,8,64,4,512,64,11,18,1,block_major_head_first,block_major,head_first,0.090598,-0.856304790405,0,0,true
mha,8,8,64,4,512,64,11,18,2,block_major_block_first,block_major,block_first,0.087943,-0.856304790405,0,0,true
mha,8,8,64,4,512,64,11,18,3,head_major_block_first,head_major,block_first,0.089656,-0.856304790405,0,0,true
mha,8,8,64,4,512,64,11,19,0,block_major_block_first,block_major,block_first,0.087472,-0.856304790405,0,0,true
mha,8,8,64,4,512,64,11,19,1,head_major_head_first,head_major,head_first,0.087763,-0.856304790405,0,0,true
mha,8,8,64,4,512,64,11,19,2,block_major_head_first,block_major,head_first,0.090968,-0.856304790405,0,0,true
mha,8,8,64,4,512,64,11,19,3,head_major_block_first,head_major,block_first,0.089916,-0.856304790405,0,0,true
mha,8,8,64,4,512,64,29,0,0,block_major_head_first,block_major,head_first,0.090297,-1.9102295708,0,0,true
mha,8,8,64,4,512,64,29,0,1,head_major_block_first,head_major,block_first,0.089957,-1.9102295708,0,0,true
mha,8,8,64,4,512,64,29,0,2,head_major_head_first,head_major,head_first,0.087873,-1.9102295708,0,0,true
mha,8,8,64,4,512,64,29,0,3,block_major_block_first,block_major,block_first,0.088043,-1.9102295708,0,0,true
mha,8,8,64,4,512,64,29,1,0,head_major_head_first,head_major,head_first,0.087643,-1.9102295708,0,0,true
mha,8,8,64,4,512,64,29,1,1,block_major_block_first,block_major,block_first,0.087943,-1.9102295708,0,0,true
mha,8,8,64,4,512,64,29,1,2,head_major_block_first,head_major,block_first,0.089896,-1.9102295708,0,0,true
mha,8,8,64,4,512,64,29,1,3,block_major_head_first,block_major,head_first,0.090537,-1.9102295708,0,0,true
mha,8,8,64,4,512,64,29,2,0,head_major_head_first,head_major,head_first,0.087533,-1.9102295708,0,0,true
mha,8,8,64,4,512,64,29,2,1,block_major_block_first,block_major,block_first,0.087693,-1.9102295708,0,0,true
mha,8,8,64,4,512,64,29,2,2,head_major_block_first,head_major,block_first,0.089435,-1.9102295708,0,0,true
mha,8,8,64,4,512,64,29,2,3,block_major_head_first,block_major,head_first,0.090527,-1.9102295708,0,0,true
mha,8,8,64,4,512,64,29,3,0,block_major_block_first,block_major,block_first,0.088354,-1.9102295708,0,0,true
mha,8,8,64,4,512,64,29,3,1,block_major_head_first,block_major,head_first,0.091018,-1.9102295708,0,0,true
mha,8,8,64,4,512,64,29,3,2,head_major_head_first,head_major,head_first,0.087642,-1.9102295708,0,0,true
mha,8,8,64,4,512,64,29,3,3,head_major_block_first,head_major,block_first,0.089266,-1.9102295708,0,0,true
mha,8,8,64,4,512,64,29,4,0,block_major_head_first,block_major,head_first,0.091249,-1.9102295708,0,0,true
mha,8,8,64,4,512,64,29,4,1,head_major_head_first,head_major,head_first,0.087823,-1.9102295708,0,0,true
mha,8,8,64,4,512,64,29,4,2,block_major_block_first,block_major,block_first,0.087723,-1.9102295708,0,0,true
mha,8,8,64,4,512,64,29,4,3,head_major_block_first,head_major,block_first,0.089295,-1.9102295708,0,0,true
mha,8,8,64,4,512,64,29,5,0,head_major_block_first,head_major,block_first,0.088674,-1.9102295708,0,0,true
mha,8,8,64,4,512,64,29,5,1,block_major_block_first,block_major,block_first,0.087723,-1.9102295708,0,0,true
mha,8,8,64,4,512,64,29,5,2,head_major_head_first,head_major,head_first,0.087513,-1.9102295708,0,0,true
mha,8,8,64,4,512,64,29,5,3,block_major_head_first,block_major,head_first,0.090538,-1.9102295708,0,0,true
mha,8,8,64,4,512,64,29,6,0,block_major_block_first,block_major,block_first,0.088094,-1.9102295708,0,0,true
mha,8,8,64,4,512,64,29,6,1,head_major_head_first,head_major,head_first,0.087533,-1.9102295708,0,0,true
mha,8,8,64,4,512,64,29,6,2,block_major_head_first,block_major,head_first,0.091559,-1.9102295708,0,0,true
mha,8,8,64,4,512,64,29,6,3,head_major_block_first,head_major,block_first,0.089806,-1.9102295708,0,0,true
mha,8,8,64,4,512,64,29,7,0,block_major_block_first,block_major,block_first,0.087903,-1.9102295708,0,0,true
mha,8,8,64,4,512,64,29,7,1,head_major_block_first,head_major,block_first,0.089125,-1.9102295708,0,0,true
mha,8,8,64,4,512,64,29,7,2,block_major_head_first,block_major,head_first,0.090617,-1.9102295708,0,0,true
mha,8,8,64,4,512,64,29,7,3,head_major_head_first,head_major,head_first,0.087843,-1.9102295708,0,0,true
mha,8,8,64,4,512,64,29,8,0,block_major_block_first,block_major,block_first,0.087743,-1.9102295708,0,0,true
mha,8,8,64,4,512,64,29,8,1,block_major_head_first,block_major,head_first,0.090968,-1.9102295708,0,0,true
mha,8,8,64,4,512,64,29,8,2,head_major_block_first,head_major,block_first,0.089947,-1.9102295708,0,0,true
mha,8,8,64,4,512,64,29,8,3,head_major_head_first,head_major,head_first,0.087623,-1.9102295708,0,0,true
mha,8,8,64,4,512,64,29,9,0,block_major_block_first,block_major,block_first,0.087563,-1.9102295708,0,0,true
mha,8,8,64,4,512,64,29,9,1,head_major_head_first,head_major,head_first,0.087843,-1.9102295708,0,0,true
mha,8,8,64,4,512,64,29,9,2,block_major_head_first,block_major,head_first,0.090628,-1.9102295708,0,0,true
mha,8,8,64,4,512,64,29,9,3,head_major_block_first,head_major,block_first,0.089626,-1.9102295708,0,0,true
mha,8,8,64,4,512,64,29,10,0,block_major_head_first,block_major,head_first,0.090538,-1.9102295708,0,0,true
mha,8,8,64,4,512,64,29,10,1,head_major_head_first,head_major,head_first,0.087693,-1.9102295708,0,0,true
mha,8,8,64,4,512,64,29,10,2,head_major_block_first,head_major,block_first,0.094924,-1.9102295708,0,0,true
mha,8,8,64,4,512,64,29,10,3,block_major_block_first,block_major,block_first,0.087573,-1.9102295708,0,0,true
mha,8,8,64,4,512,64,29,11,0,head_major_head_first,head_major,head_first,0.087463,-1.9102295708,0,0,true
mha,8,8,64,4,512,64,29,11,1,block_major_block_first,block_major,block_first,0.087673,-1.9102295708,0,0,true
mha,8,8,64,4,512,64,29,11,2,head_major_block_first,head_major,block_first,0.089516,-1.9102295708,0,0,true
mha,8,8,64,4,512,64,29,11,3,block_major_head_first,block_major,head_first,0.090847,-1.9102295708,0,0,true
mha,8,8,64,4,512,64,29,12,0,head_major_head_first,head_major,head_first,0.087753,-1.9102295708,0,0,true
mha,8,8,64,4,512,64,29,12,1,head_major_block_first,head_major,block_first,0.088925,-1.9102295708,0,0,true
mha,8,8,64,4,512,64,29,12,2,block_major_head_first,block_major,head_first,0.090857,-1.9102295708,0,0,true
mha,8,8,64,4,512,64,29,12,3,block_major_block_first,block_major,block_first,0.087773,-1.9102295708,0,0,true
mha,8,8,64,4,512,64,29,13,0,head_major_head_first,head_major,head_first,0.087764,-1.9102295708,0,0,true
mha,8,8,64,4,512,64,29,13,1,block_major_head_first,block_major,head_first,0.090417,-1.9102295708,0,0,true
mha,8,8,64,4,512,64,29,13,2,block_major_block_first,block_major,block_first,0.087884,-1.9102295708,0,0,true
mha,8,8,64,4,512,64,29,13,3,head_major_block_first,head_major,block_first,0.089656,-1.9102295708,0,0,true
mha,8,8,64,4,512,64,29,14,0,head_major_head_first,head_major,head_first,0.087603,-1.9102295708,0,0,true
mha,8,8,64,4,512,64,29,14,1,head_major_block_first,head_major,block_first,0.088884,-1.9102295708,0,0,true
mha,8,8,64,4,512,64,29,14,2,block_major_head_first,block_major,head_first,0.090187,-1.9102295708,0,0,true
mha,8,8,64,4,512,64,29,14,3,block_major_block_first,block_major,block_first,0.087773,-1.9102295708,0,0,true
mha,8,8,64,4,512,64,29,15,0,head_major_block_first,head_major,block_first,0.088814,-1.9102295708,0,0,true
mha,8,8,64,4,512,64,29,15,1,head_major_head_first,head_major,head_first,0.087463,-1.9102295708,0,0,true
mha,8,8,64,4,512,64,29,15,2,block_major_block_first,block_major,block_first,0.087753,-1.9102295708,0,0,true
mha,8,8,64,4,512,64,29,15,3,block_major_head_first,block_major,head_first,0.091259,-1.9102295708,0,0,true
mha,8,8,64,4,512,64,29,16,0,head_major_block_first,head_major,block_first,0.088934,-1.9102295708,0,0,true
mha,8,8,64,4,512,64,29,16,1,head_major_head_first,head_major,head_first,0.087563,-1.9102295708,0,0,true
mha,8,8,64,4,512,64,29,16,2,block_major_block_first,block_major,block_first,0.087823,-1.9102295708,0,0,true
mha,8,8,64,4,512,64,29,16,3,block_major_head_first,block_major,head_first,0.090046,-1.9102295708,0,0,true
mha,8,8,64,4,512,64,29,17,0,block_major_block_first,block_major,block_first,0.087824,-1.9102295708,0,0,true
mha,8,8,64,4,512,64,29,17,1,block_major_head_first,block_major,head_first,0.090978,-1.9102295708,0,0,true
mha,8,8,64,4,512,64,29,17,2,head_major_block_first,head_major,block_first,0.090407,-1.9102295708,0,0,true
mha,8,8,64,4,512,64,29,17,3,head_major_head_first,head_major,head_first,0.087933,-1.9102295708,0,0,true
mha,8,8,64,4,512,64,29,18,0,block_major_block_first,block_major,block_first,0.087773,-1.9102295708,0,0,true
mha,8,8,64,4,512,64,29,18,1,block_major_head_first,block_major,head_first,0.090127,-1.9102295708,0,0,true
mha,8,8,64,4,512,64,29,18,2,head_major_head_first,head_major,head_first,0.087453,-1.9102295708,0,0,true
mha,8,8,64,4,512,64,29,18,3,head_major_block_first,head_major,block_first,0.089215,-1.9102295708,0,0,true
mha,8,8,64,4,512,64,29,19,0,head_major_head_first,head_major,head_first,0.087302,-1.9102295708,0,0,true
mha,8,8,64,4,512,64,29,19,1,block_major_head_first,block_major,head_first,0.090938,-1.9102295708,0,0,true
mha,8,8,64,4,512,64,29,19,2,head_major_block_first,head_major,block_first,0.089707,-1.9102295708,0,0,true
mha,8,8,64,4,512,64,29,19,3,block_major_block_first,block_major,block_first,0.087763,-1.9102295708,0,0,true
mha,8,8,64,4,512,64,47,0,0,head_major_head_first,head_major,head_first,0.087923,-1.72707692906,0,0,true
mha,8,8,64,4,512,64,47,0,1,block_major_head_first,block_major,head_first,0.091429,-1.72707692906,0,0,true
mha,8,8,64,4,512,64,47,0,2,head_major_block_first,head_major,block_first,0.089967,-1.72707692906,0,0,true
mha,8,8,64,4,512,64,47,0,3,block_major_block_first,block_major,block_first,0.087824,-1.72707692906,0,0,true
mha,8,8,64,4,512,64,47,1,0,block_major_block_first,block_major,block_first,0.087954,-1.72707692906,0,0,true
mha,8,8,64,4,512,64,47,1,1,head_major_block_first,head_major,block_first,0.089105,-1.72707692906,0,0,true
mha,8,8,64,4,512,64,47,1,2,head_major_head_first,head_major,head_first,0.087764,-1.72707692906,0,0,true
mha,8,8,64,4,512,64,47,1,3,block_major_head_first,block_major,head_first,0.090948,-1.72707692906,0,0,true
mha,8,8,64,4,512,64,47,2,0,block_major_head_first,block_major,head_first,0.090768,-1.72707692906,0,0,true
mha,8,8,64,4,512,64,47,2,1,block_major_block_first,block_major,block_first,0.087934,-1.72707692906,0,0,true
mha,8,8,64,4,512,64,47,2,2,head_major_head_first,head_major,head_first,0.088033,-1.72707692906,0,0,true
mha,8,8,64,4,512,64,47,2,3,head_major_block_first,head_major,block_first,0.089576,-1.72707692906,0,0,true
mha,8,8,64,4,512,64,47,3,0,head_major_block_first,head_major,block_first,0.089736,-1.72707692906,0,0,true
mha,8,8,64,4,512,64,47,3,1,block_major_head_first,block_major,head_first,0.090647,-1.72707692906,0,0,true
mha,8,8,64,4,512,64,47,3,2,head_major_head_first,head_major,head_first,0.088144,-1.72707692906,0,0,true
mha,8,8,64,4,512,64,47,3,3,block_major_block_first,block_major,block_first,0.088124,-1.72707692906,0,0,true
mha,8,8,64,4,512,64,47,4,0,head_major_head_first,head_major,head_first,0.087453,-1.72707692906,0,0,true
mha,8,8,64,4,512,64,47,4,1,head_major_block_first,head_major,block_first,0.090357,-1.72707692906,0,0,true
mha,8,8,64,4,512,64,47,4,2,block_major_block_first,block_major,block_first,0.088324,-1.72707692906,0,0,true
mha,8,8,64,4,512,64,47,4,3,block_major_head_first,block_major,head_first,0.090838,-1.72707692906,0,0,true
mha,8,8,64,4,512,64,47,5,0,head_major_block_first,head_major,block_first,0.090177,-1.72707692906,0,0,true
mha,8,8,64,4,512,64,47,5,1,block_major_block_first,block_major,block_first,0.087984,-1.72707692906,0,0,true
mha,8,8,64,4,512,64,47,5,2,head_major_head_first,head_major,head_first,0.088203,-1.72707692906,0,0,true
mha,8,8,64,4,512,64,47,5,3,block_major_head_first,block_major,head_first,0.091068,-1.72707692906,0,0,true
mha,8,8,64,4,512,64,47,6,0,head_major_head_first,head_major,head_first,0.095064,-1.72707692906,0,0,true
mha,8,8,64,4,512,64,47,6,1,head_major_block_first,head_major,block_first,0.089486,-1.72707692906,0,0,true
mha,8,8,64,4,512,64,47,6,2,block_major_head_first,block_major,head_first,0.091689,-1.72707692906,0,0,true
mha,8,8,64,4,512,64,47,6,3,block_major_block_first,block_major,block_first,0.087954,-1.72707692906,0,0,true
mha,8,8,64,4,512,64,47,7,0,block_major_block_first,block_major,block_first,0.088004,-1.72707692906,0,0,true
mha,8,8,64,4,512,64,47,7,1,head_major_block_first,head_major,block_first,0.089726,-1.72707692906,0,0,true
mha,8,8,64,4,512,64,47,7,2,block_major_head_first,block_major,head_first,0.090788,-1.72707692906,0,0,true
mha,8,8,64,4,512,64,47,7,3,head_major_head_first,head_major,head_first,0.087763,-1.72707692906,0,0,true
mha,8,8,64,4,512,64,47,8,0,block_major_block_first,block_major,block_first,0.088063,-1.72707692906,0,0,true
mha,8,8,64,4,512,64,47,8,1,head_major_head_first,head_major,head_first,0.087683,-1.72707692906,0,0,true
mha,8,8,64,4,512,64,47,8,2,head_major_block_first,head_major,block_first,0.089906,-1.72707692906,0,0,true
mha,8,8,64,4,512,64,47,8,3,block_major_head_first,block_major,head_first,0.091068,-1.72707692906,0,0,true
mha,8,8,64,4,512,64,47,9,0,block_major_block_first,block_major,block_first,0.088023,-1.72707692906,0,0,true
mha,8,8,64,4,512,64,47,9,1,head_major_head_first,head_major,head_first,0.087883,-1.72707692906,0,0,true
mha,8,8,64,4,512,64,47,9,2,head_major_block_first,head_major,block_first,0.089686,-1.72707692906,0,0,true
mha,8,8,64,4,512,64,47,9,3,block_major_head_first,block_major,head_first,0.090437,-1.72707692906,0,0,true
mha,8,8,64,4,512,64,47,10,0,head_major_head_first,head_major,head_first,0.087893,-1.72707692906,0,0,true
mha,8,8,64,4,512,64,47,10,1,head_major_block_first,head_major,block_first,0.089676,-1.72707692906,0,0,true
mha,8,8,64,4,512,64,47,10,2,block_major_block_first,block_major,block_first,0.088234,-1.72707692906,0,0,true
mha,8,8,64,4,512,64,47,10,3,block_major_head_first,block_major,head_first,0.091178,-1.72707692906,0,0,true
mha,8,8,64,4,512,64,47,11,0,head_major_block_first,head_major,block_first,0.090097,-1.72707692906,0,0,true
mha,8,8,64,4,512,64,47,11,1,block_major_block_first,block_major,block_first,0.087994,-1.72707692906,0,0,true
mha,8,8,64,4,512,64,47,11,2,block_major_head_first,block_major,head_first,0.091069,-1.72707692906,0,0,true
mha,8,8,64,4,512,64,47,11,3,head_major_head_first,head_major,head_first,0.088244,-1.72707692906,0,0,true
mha,8,8,64,4,512,64,47,12,0,head_major_block_first,head_major,block_first,0.089445,-1.72707692906,0,0,true
mha,8,8,64,4,512,64,47,12,1,block_major_block_first,block_major,block_first,0.088054,-1.72707692906,0,0,true
mha,8,8,64,4,512,64,47,12,2,head_major_head_first,head_major,head_first,0.087784,-1.72707692906,0,0,true
mha,8,8,64,4,512,64,47,12,3,block_major_head_first,block_major,head_first,0.090998,-1.72707692906,0,0,true
mha,8,8,64,4,512,64,47,13,0,head_major_head_first,head_major,head_first,0.087703,-1.72707692906,0,0,true
mha,8,8,64,4,512,64,47,13,1,block_major_head_first,block_major,head_first,0.090217,-1.72707692906,0,0,true
mha,8,8,64,4,512,64,47,13,2,head_major_block_first,head_major,block_first,0.089857,-1.72707692906,0,0,true
mha,8,8,64,4,512,64,47,13,3,block_major_block_first,block_major,block_first,0.088184,-1.72707692906,0,0,true
mha,8,8,64,4,512,64,47,14,0,block_major_head_first,block_major,head_first,0.090607,-1.72707692906,0,0,true
mha,8,8,64,4,512,64,47,14,1,head_major_head_first,head_major,head_first,0.087893,-1.72707692906,0,0,true
mha,8,8,64,4,512,64,47,14,2,head_major_block_first,head_major,block_first,0.089666,-1.72707692906,0,0,true
mha,8,8,64,4,512,64,47,14,3,block_major_block_first,block_major,block_first,0.088013,-1.72707692906,0,0,true
mha,8,8,64,4,512,64,47,15,0,block_major_block_first,block_major,block_first,0.087813,-1.72707692906,0,0,true
mha,8,8,64,4,512,64,47,15,1,head_major_block_first,head_major,block_first,0.089375,-1.72707692906,0,0,true
mha,8,8,64,4,512,64,47,15,2,head_major_head_first,head_major,head_first,0.087783,-1.72707692906,0,0,true
mha,8,8,64,4,512,64,47,15,3,block_major_head_first,block_major,head_first,0.091469,-1.72707692906,0,0,true
mha,8,8,64,4,512,64,47,16,0,block_major_head_first,block_major,head_first,0.090277,-1.72707692906,0,0,true
mha,8,8,64,4,512,64,47,16,1,head_major_head_first,head_major,head_first,0.088174,-1.72707692906,0,0,true
mha,8,8,64,4,512,64,47,16,2,head_major_block_first,head_major,block_first,0.089837,-1.72707692906,0,0,true
mha,8,8,64,4,512,64,47,16,3,block_major_block_first,block_major,block_first,0.093192,-1.72707692906,0,0,true
mha,8,8,64,4,512,64,47,17,0,head_major_block_first,head_major,block_first,0.089696,-1.72707692906,0,0,true
mha,8,8,64,4,512,64,47,17,1,block_major_head_first,block_major,head_first,0.091599,-1.72707692906,0,0,true
mha,8,8,64,4,512,64,47,17,2,head_major_head_first,head_major,head_first,0.087994,-1.72707692906,0,0,true
mha,8,8,64,4,512,64,47,17,3,block_major_block_first,block_major,block_first,0.088224,-1.72707692906,0,0,true
mha,8,8,64,4,512,64,47,18,0,head_major_block_first,head_major,block_first,0.089476,-1.72707692906,0,0,true
mha,8,8,64,4,512,64,47,18,1,block_major_head_first,block_major,head_first,0.090788,-1.72707692906,0,0,true
mha,8,8,64,4,512,64,47,18,2,head_major_head_first,head_major,head_first,0.087883,-1.72707692906,0,0,true
mha,8,8,64,4,512,64,47,18,3,block_major_block_first,block_major,block_first,0.088374,-1.72707692906,0,0,true
mha,8,8,64,4,512,64,47,19,0,block_major_block_first,block_major,block_first,0.087763,-1.72707692906,0,0,true
mha,8,8,64,4,512,64,47,19,1,block_major_head_first,block_major,head_first,0.09174,-1.72707692906,0,0,true
mha,8,8,64,4,512,64,47,19,2,head_major_head_first,head_major,head_first,0.087984,-1.72707692906,0,0,true
mha,8,8,64,4,512,64,47,19,3,head_major_block_first,head_major,block_first,0.089757,-1.72707692906,0,0,true
mha,8,8,64,4,2048,64,11,0,0,head_major_block_first,head_major,block_first,0.43491,-0.859917364394,0,0,true
mha,8,8,64,4,2048,64,11,0,1,block_major_head_first,block_major,head_first,0.553159,-0.859917364394,0,0,true
mha,8,8,64,4,2048,64,11,0,2,head_major_head_first,head_major,head_first,0.361658,-0.859917364394,0,0,true
mha,8,8,64,4,2048,64,11,0,3,block_major_block_first,block_major,block_first,0.370792,-0.859917364394,0,0,true
mha,8,8,64,4,2048,64,11,1,0,block_major_head_first,block_major,head_first,0.529273,-0.859917364394,0,0,true
mha,8,8,64,4,2048,64,11,1,1,head_major_block_first,head_major,block_first,0.502412,-0.859917364394,0,0,true
mha,8,8,64,4,2048,64,11,1,2,head_major_head_first,head_major,head_first,0.365634,-0.859917364394,0,0,true
mha,8,8,64,4,2048,64,11,1,3,block_major_block_first,block_major,block_first,0.372265,-0.859917364394,0,0,true
mha,8,8,64,4,2048,64,11,2,0,block_major_block_first,block_major,block_first,0.367808,-0.859917364394,0,0,true
mha,8,8,64,4,2048,64,11,2,1,head_major_head_first,head_major,head_first,0.368178,-0.859917364394,0,0,true
mha,8,8,64,4,2048,64,11,2,2,block_major_head_first,block_major,head_first,0.537275,-0.859917364394,0,0,true
mha,8,8,64,4,2048,64,11,2,3,head_major_block_first,head_major,block_first,0.50074,-0.859917364394,0,0,true
mha,8,8,64,4,2048,64,11,3,0,block_major_head_first,block_major,head_first,0.531206,-0.859917364394,0,0,true
mha,8,8,64,4,2048,64,11,3,1,head_major_head_first,head_major,head_first,0.369972,-0.859917364394,0,0,true
mha,8,8,64,4,2048,64,11,3,2,head_major_block_first,head_major,block_first,0.492317,-0.859917364394,0,0,true
mha,8,8,64,4,2048,64,11,3,3,block_major_block_first,block_major,block_first,0.370261,-0.859917364394,0,0,true
mha,8,8,64,4,2048,64,11,4,0,head_major_block_first,head_major,block_first,0.468431,-0.859917364394,0,0,true
mha,8,8,64,4,2048,64,11,4,1,block_major_head_first,block_major,head_first,0.556374,-0.859917364394,0,0,true
mha,8,8,64,4,2048,64,11,4,2,head_major_head_first,head_major,head_first,0.368079,-0.859917364394,0,0,true
mha,8,8,64,4,2048,64,11,4,3,block_major_block_first,block_major,block_first,0.370312,-0.859917364394,0,0,true
mha,8,8,64,4,2048,64,11,5,0,block_major_head_first,block_major,head_first,0.52776,-0.859917364394,0,0,true
mha,8,8,64,4,2048,64,11,5,1,head_major_head_first,head_major,head_first,0.370192,-0.859917364394,0,0,true
mha,8,8,64,4,2048,64,11,5,2,block_major_block_first,block_major,block_first,0.367107,-0.859917364394,0,0,true
mha,8,8,64,4,2048,64,11,5,3,head_major_block_first,head_major,block_first,0.486879,-0.859917364394,0,0,true
mha,8,8,64,4,2048,64,11,6,0,block_major_head_first,block_major,head_first,0.536634,-0.859917364394,0,0,true
mha,8,8,64,4,2048,64,11,6,1,block_major_block_first,block_major,block_first,0.363912,-0.859917364394,0,0,true
mha,8,8,64,4,2048,64,11,6,2,head_major_block_first,head_major,block_first,0.48823,-0.859917364394,0,0,true
mha,8,8,64,4,2048,64,11,6,3,head_major_head_first,head_major,head_first,0.370742,-0.859917364394,0,0,true
mha,8,8,64,4,2048,64,11,7,0,block_major_block_first,block_major,block_first,0.368579,-0.859917364394,0,0,true
mha,8,8,64,4,2048,64,11,7,1,head_major_block_first,head_major,block_first,0.484905,-0.859917364394,0,0,true
mha,8,8,64,4,2048,64,11,7,2,block_major_head_first,block_major,head_first,0.54031,-0.859917364394,0,0,true
mha,8,8,64,4,2048,64,11,7,3,head_major_head_first,head_major,head_first,0.369069,-0.859917364394,0,0,true
mha,8,8,64,4,2048,64,11,8,0,head_major_block_first,head_major,block_first,0.475962,-0.859917364394,0,0,true
mha,8,8,64,4,2048,64,11,8,1,block_major_head_first,block_major,head_first,0.552829,-0.859917364394,0,0,true
mha,8,8,64,4,2048,64,11,8,2,block_major_block_first,block_major,block_first,0.365875,-0.859917364394,0,0,true
mha,8,8,64,4,2048,64,11,8,3,head_major_head_first,head_major,head_first,0.371323,-0.859917364394,0,0,true
mha,8,8,64,4,2048,64,11,9,0,head_major_head_first,head_major,head_first,0.365534,-0.859917364394,0,0,true
mha,8,8,64,4,2048,64,11,9,1,block_major_head_first,block_major,head_first,0.548081,-0.859917364394,0,0,true
mha,8,8,64,4,2048,64,11,9,2,head_major_block_first,head_major,block_first,0.466678,-0.859917364394,0,0,true
mha,8,8,64,4,2048,64,11,9,3,block_major_block_first,block_major,block_first,0.370612,-0.859917364394,0,0,true
mha,8,8,64,4,2048,64,11,10,0,block_major_block_first,block_major,block_first,0.366276,-0.859917364394,0,0,true
mha,8,8,64,4,2048,64,11,10,1,head_major_head_first,head_major,head_first,0.370913,-0.859917364394,0,0,true
mha,8,8,64,4,2048,64,11,10,2,block_major_head_first,block_major,head_first,0.532077,-0.859917364394,0,0,true
mha,8,8,64,4,2048,64,11,10,3,head_major_block_first,head_major,block_first,0.482192,-0.859917364394,0,0,true
mha,8,8,64,4,2048,64,11,11,0,head_major_head_first,head_major,head_first,0.366276,-0.859917364394,0,0,true
mha,8,8,64,4,2048,64,11,11,1,head_major_block_first,head_major,block_first,0.44773,-0.859917364394,0,0,true
mha,8,8,64,4,2048,64,11,11,2,block_major_head_first,block_major,head_first,0.559249,-0.859917364394,0,0,true
mha,8,8,64,4,2048,64,11,11,3,block_major_block_first,block_major,block_first,0.368599,-0.859917364394,0,0,true
mha,8,8,64,4,2048,64,11,12,0,head_major_block_first,head_major,block_first,0.485747,-0.859917364394,0,0,true
mha,8,8,64,4,2048,64,11,12,1,head_major_head_first,head_major,head_first,0.362299,-0.859917364394,0,0,true
mha,8,8,64,4,2048,64,11,12,2,block_major_block_first,block_major,block_first,0.386476,-0.859917364394,0,0,true
mha,8,8,64,4,2048,64,11,12,3,block_major_head_first,block_major,head_first,0.528571,-0.859917364394,0,0,true
mha,8,8,64,4,2048,64,11,13,0,block_major_block_first,block_major,block_first,0.365684,-0.859917364394,0,0,true
mha,8,8,64,4,2048,64,11,13,1,head_major_block_first,head_major,block_first,0.498987,-0.859917364394,0,0,true
mha,8,8,64,4,2048,64,11,13,2,head_major_head_first,head_major,head_first,0.368349,-0.859917364394,0,0,true
mha,8,8,64,4,2048,64,11,13,3,block_major_head_first,block_major,head_first,0.535793,-0.859917364394,0,0,true
mha,8,8,64,4,2048,64,11,14,0,head_major_head_first,head_major,head_first,0.367818,-0.859917364394,0,0,true
mha,8,8,64,4,2048,64,11,14,1,block_major_head_first,block_major,head_first,0.532768,-0.859917364394,0,0,true
mha,8,8,64,4,2048,64,11,14,2,head_major_block_first,head_major,block_first,0.472677,-0.859917364394,0,0,true
mha,8,8,64,4,2048,64,11,14,3,block_major_block_first,block_major,block_first,0.385184,-0.859917364394,0,0,true
mha,8,8,64,4,2048,64,11,15,0,block_major_block_first,block_major,block_first,0.366125,-0.859917364394,0,0,true
mha,8,8,64,4,2048,64,11,15,1,block_major_head_first,block_major,head_first,0.499507,-0.859917364394,0,0,true
mha,8,8,64,4,2048,64,11,15,2,head_major_head_first,head_major,head_first,0.374679,-0.859917364394,0,0,true
mha,8,8,64,4,2048,64,11,15,3,head_major_block_first,head_major,block_first,0.486508,-0.859917364394,0,0,true
mha,8,8,64,4,2048,64,11,16,0,block_major_block_first,block_major,block_first,0.368819,-0.859917364394,0,0,true
mha,8,8,64,4,2048,64,11,16,1,head_major_head_first,head_major,head_first,0.369661,-0.859917364394,0,0,true
mha,8,8,64,4,2048,64,11,16,2,head_major_block_first,head_major,block_first,0.480108,-0.859917364394,0,0,true
mha,8,8,64,4,2048,64,11,16,3,block_major_head_first,block_major,head_first,0.550985,-0.859917364394,0,0,true
mha,8,8,64,4,2048,64,11,17,0,head_major_head_first,head_major,head_first,0.38266,-0.859917364394,0,0,true
mha,8,8,64,4,2048,64,11,17,1,head_major_block_first,head_major,block_first,0.450704,-0.859917364394,0,0,true
mha,8,8,64,4,2048,64,11,17,2,block_major_block_first,block_major,block_first,0.371684,-0.859917364394,0,0,true
mha,8,8,64,4,2048,64,11,17,3,block_major_head_first,block_major,head_first,0.532357,-0.859917364394,0,0,true
mha,8,8,64,4,2048,64,11,18,0,head_major_block_first,head_major,block_first,0.479698,-0.859917364394,0,0,true
mha,8,8,64,4,2048,64,11,18,1,block_major_block_first,block_major,block_first,0.36895,-0.859917364394,0,0,true
mha,8,8,64,4,2048,64,11,18,2,head_major_head_first,head_major,head_first,0.36896,-0.859917364394,0,0,true
mha,8,8,64,4,2048,64,11,18,3,block_major_head_first,block_major,head_first,0.537986,-0.859917364394,0,0,true
mha,8,8,64,4,2048,64,11,19,0,head_major_block_first,head_major,block_first,0.460469,-0.859917364394,0,0,true
mha,8,8,64,4,2048,64,11,19,1,head_major_head_first,head_major,head_first,0.381779,-0.859917364394,0,0,true
mha,8,8,64,4,2048,64,11,19,2,block_major_block_first,block_major,block_first,0.370923,-0.859917364394,0,0,true
mha,8,8,64,4,2048,64,11,19,3,block_major_head_first,block_major,head_first,0.530815,-0.859917364394,0,0,true
mha,8,8,64,4,2048,64,29,0,0,head_major_head_first,head_major,head_first,0.361438,2.16085560331,0,0,true
mha,8,8,64,4,2048,64,29,0,1,head_major_block_first,head_major,block_first,0.453348,2.16085560331,0,0,true
mha,8,8,64,4,2048,64,29,0,2,block_major_block_first,block_major,block_first,0.378374,2.16085560331,0,0,true
mha,8,8,64,4,2048,64,29,0,3,block_major_head_first,block_major,head_first,0.593961,2.16085560331,0,0,true
mha,8,8,64,4,2048,64,29,1,0,head_major_block_first,head_major,block_first,0.472176,2.16085560331,0,0,true
mha,8,8,64,4,2048,64,29,1,1,block_major_block_first,block_major,block_first,0.369741,2.16085560331,0,0,true
mha,8,8,64,4,2048,64,29,1,2,block_major_head_first,block_major,head_first,0.56,2.16085560331,0,0,true
mha,8,8,64,4,2048,64,29,1,3,head_major_head_first,head_major,head_first,0.379406,2.16085560331,0,0,true
mha,8,8,64,4,2048,64,29,2,0,block_major_head_first,block_major,head_first,0.582143,2.16085560331,0,0,true
mha,8,8,64,4,2048,64,29,2,1,head_major_block_first,head_major,block_first,0.512477,2.16085560331,0,0,true
mha,8,8,64,4,2048,64,29,2,2,block_major_block_first,block_major,block_first,0.370742,2.16085560331,0,0,true
mha,8,8,64,4,2048,64,29,2,3,head_major_head_first,head_major,head_first,0.374147,2.16085560331,0,0,true
mha,8,8,64,4,2048,64,29,3,0,head_major_block_first,head_major,block_first,0.473328,2.16085560331,0,0,true
mha,8,8,64,4,2048,64,29,3,1,head_major_head_first,head_major,head_first,0.366346,2.16085560331,0,0,true
mha,8,8,64,4,2048,64,29,3,2,block_major_block_first,block_major,block_first,0.372515,2.16085560331,0,0,true
mha,8,8,64,4,2048,64,29,3,3,block_major_head_first,block_major,head_first,0.608303,2.16085560331,0,0,true
mha,8,8,64,4,2048,64,29,4,0,head_major_head_first,head_major,head_first,0.373606,2.16085560331,0,0,true
mha,8,8,64,4,2048,64,29,4,1,block_major_head_first,block_major,head_first,0.606029,2.16085560331,0,0,true
mha,8,8,64,4,2048,64,29,4,2,head_major_block_first,head_major,block_first,0.505106,2.16085560331,0,0,true
mha,8,8,64,4,2048,64,29,4,3,block_major_block_first,block_major,block_first,0.371373,2.16085560331,0,0,true
mha,8,8,64,4,2048,64,29,5,0,block_major_head_first,block_major,head_first,0.579249,2.16085560331,0,0,true
mha,8,8,64,4,2048,64,29,5,1,head_major_head_first,head_major,head_first,0.375049,2.16085560331,0,0,true
mha,8,8,64,4,2048,64,29,5,2,block_major_block_first,block_major,block_first,0.370832,2.16085560331,0,0,true
mha,8,8,64,4,2048,64,29,5,3,head_major_block_first,head_major,block_first,0.489412,2.16085560331,0,0,true
mha,8,8,64,4,2048,64,29,6,0,block_major_head_first,block_major,head_first,0.595974,2.16085560331,0,0,true
mha,8,8,64,4,2048,64,29,6,1,head_major_block_first,head_major,block_first,0.48808,2.16085560331,0,0,true
mha,8,8,64,4,2048,64,29,6,2,block_major_block_first,block_major,block_first,0.38882,2.16085560331,0,0,true
mha,8,8,64,4,2048,64,29,6,3,head_major_head_first,head_major,head_first,0.374117,2.16085560331,0,0,true
mha,8,8,64,4,2048,64,29,7,0,head_major_block_first,head_major,block_first,0.477594,2.16085560331,0,0,true
mha,8,8,64,4,2048,64,29,7,1,head_major_head_first,head_major,head_first,0.363161,2.16085560331,0,0,true
mha,8,8,64,4,2048,64,29,7,2,block_major_block_first,block_major,block_first,0.372695,2.16085560331,0,0,true
mha,8,8,64,4,2048,64,29,7,3,block_major_head_first,block_major,head_first,0.607431,2.16085560331,0,0,true
mha,8,8,64,4,2048,64,29,8,0,block_major_block_first,block_major,block_first,0.369411,2.16085560331,0,0,true
mha,8,8,64,4,2048,64,29,8,1,head_major_block_first,head_major,block_first,0.493909,2.16085560331,0,0,true
mha,8,8,64,4,2048,64,29,8,2,block_major_head_first,block_major,head_first,0.576244,2.16085560331,0,0,true
mha,8,8,64,4,2048,64,29,8,3,head_major_head_first,head_major,head_first,0.389231,2.16085560331,0,0,true
mha,8,8,64,4,2048,64,29,9,0,head_major_block_first,head_major,block_first,0.466117,2.16085560331,0,0,true
mha,8,8,64,4,2048,64,29,9,1,block_major_head_first,block_major,head_first,0.549623,2.16085560331,0,0,true
mha,8,8,64,4,2048,64,29,9,2,block_major_block_first,block_major,block_first,0.366956,2.16085560331,0,0,true
mha,8,8,64,4,2048,64,29,9,3,head_major_head_first,head_major,head_first,0.372735,2.16085560331,0,0,true
mha,8,8,64,4,2048,64,29,10,0,head_major_head_first,head_major,head_first,0.366947,2.16085560331,0,0,true
mha,8,8,64,4,2048,64,29,10,1,block_major_head_first,block_major,head_first,0.545798,2.16085560331,0,0,true
mha,8,8,64,4,2048,64,29,10,2,block_major_block_first,block_major,block_first,0.366907,2.16085560331,0,0,true
mha,8,8,64,4,2048,64,29,10,3,head_major_block_first,head_major,block_first,0.483263,2.16085560331,0,0,true
mha,8,8,64,4,2048,64,29,11,0,block_major_head_first,block_major,head_first,0.542002,2.16085560331,0,0,true
mha,8,8,64,4,2048,64,29,11,1,head_major_block_first,head_major,block_first,0.489352,2.16085560331,0,0,true
mha,8,8,64,4,2048,64,29,11,2,head_major_head_first,head_major,head_first,0.366857,2.16085560331,0,0,true
mha,8,8,64,4,2048,64,29,11,3,block_major_block_first,block_major,block_first,0.370672,2.16085560331,0,0,true
mha,8,8,64,4,2048,64,29,12,0,block_major_block_first,block_major,block_first,0.370072,2.16085560331,0,0,true
mha,8,8,64,4,2048,64,29,12,1,head_major_head_first,head_major,head_first,0.370311,2.16085560331,0,0,true
mha,8,8,64,4,2048,64,29,12,2,block_major_head_first,block_major,head_first,0.535432,2.16085560331,0,0,true
mha,8,8,64,4,2048,64,29,12,3,head_major_block_first,head_major,block_first,0.48774,2.16085560331,0,0,true
mha,8,8,64,4,2048,64,29,13,0,head_major_block_first,head_major,block_first,0.4616,2.16085560331,0,0,true
mha,8,8,64,4,2048,64,29,13,1,block_major_head_first,block_major,head_first,0.56739,2.16085560331,0,0,true
mha,8,8,64,4,2048,64,29,13,2,block_major_block_first,block_major,block_first,0.370201,2.16085560331,0,0,true
mha,8,8,64,4,2048,64,29,13,3,head_major_head_first,head_major,head_first,0.370892,2.16085560331,0,0,true
mha,8,8,64,4,2048,64,29,14,0,head_major_head_first,head_major,head_first,0.365094,2.16085560331,0,0,true
mha,8,8,64,4,2048,64,29,14,1,head_major_block_first,head_major,block_first,0.452517,2.16085560331,0,0,true
mha,8,8,64,4,2048,64,29,14,2,block_major_block_first,block_major,block_first,0.372535,2.16085560331,0,0,true
mha,8,8,64,4,2048,64,29,14,3,block_major_head_first,block_major,head_first,0.538617,2.16085560331,0,0,true
mha,8,8,64,4,2048,64,29,15,0,block_major_head_first,block_major,head_first,0.508251,2.16085560331,0,0,true
mha,8,8,64,4,2048,64,29,15,1,block_major_block_first,block_major,block_first,0.363772,2.16085560331,0,0,true
mha,8,8,64,4,2048,64,29,15,2,head_major_head_first,head_major,head_first,0.389361,2.16085560331,0,0,true
mha,8,8,64,4,2048,64,29,15,3,head_major_block_first,head_major,block_first,0.473028,2.16085560331,0,0,true
mha,8,8,64,4,2048,64,29,16,0,head_major_block_first,head_major,block_first,0.444084,2.16085560331,0,0,true
mha,8,8,64,4,2048,64,29,16,1,head_major_head_first,head_major,head_first,0.363611,2.16085560331,0,0,true
mha,8,8,64,4,2048,64,29,16,2,block_major_head_first,block_major,head_first,0.557106,2.16085560331,0,0,true
mha,8,8,64,4,2048,64,29,16,3,block_major_block_first,block_major,block_first,0.368158,2.16085560331,0,0,true
mha,8,8,64,4,2048,64,29,17,0,head_major_block_first,head_major,block_first,0.493569,2.16085560331,0,0,true
mha,8,8,64,4,2048,64,29,17,1,block_major_head_first,block_major,head_first,0.539138,2.16085560331,0,0,true
mha,8,8,64,4,2048,64,29,17,2,block_major_block_first,block_major,block_first,0.364854,2.16085560331,0,0,true
mha,8,8,64,4,2048,64,29,17,3,head_major_head_first,head_major,head_first,0.386977,2.16085560331,0,0,true
mha,8,8,64,4,2048,64,29,18,0,head_major_block_first,head_major,block_first,0.480629,2.16085560331,0,0,true
mha,8,8,64,4,2048,64,29,18,1,block_major_block_first,block_major,block_first,0.36953,2.16085560331,0,0,true
mha,8,8,64,4,2048,64,29,18,2,block_major_head_first,block_major,head_first,0.521661,2.16085560331,0,0,true
mha,8,8,64,4,2048,64,29,18,3,head_major_head_first,head_major,head_first,0.370452,2.16085560331,0,0,true
mha,8,8,64,4,2048,64,29,19,0,block_major_head_first,block_major,head_first,0.52781,2.16085560331,0,0,true
mha,8,8,64,4,2048,64,29,19,1,head_major_block_first,head_major,block_first,0.47436,2.16085560331,0,0,true
mha,8,8,64,4,2048,64,29,19,2,head_major_head_first,head_major,head_first,0.366727,2.16085560331,0,0,true
mha,8,8,64,4,2048,64,29,19,3,block_major_block_first,block_major,block_first,0.371784,2.16085560331,0,0,true
mha,8,8,64,4,2048,64,47,0,0,block_major_head_first,block_major,head_first,0.611788,0.434263972781,0,0,true
mha,8,8,64,4,2048,64,47,0,1,head_major_block_first,head_major,block_first,0.486398,0.434263972781,0,0,true
mha,8,8,64,4,2048,64,47,0,2,block_major_block_first,block_major,block_first,0.383412,0.434263972781,0,0,true
mha,8,8,64,4,2048,64,47,0,3,head_major_head_first,head_major,head_first,0.391874,0.434263972781,0,0,true
mha,8,8,64,4,2048,64,47,1,0,head_major_block_first,head_major,block_first,0.471435,0.434263972781,0,0,true
mha,8,8,64,4,2048,64,47,1,1,head_major_head_first,head_major,head_first,0.364593,0.434263972781,0,0,true
mha,8,8,64,4,2048,64,47,1,2,block_major_head_first,block_major,head_first,0.654072,0.434263972781,0,0,true
mha,8,8,64,4,2048,64,47,1,3,block_major_block_first,block_major,block_first,0.372395,0.434263972781,0,0,true
mha,8,8,64,4,2048,64,47,2,0,head_major_block_first,head_major,block_first,0.484455,0.434263972781,0,0,true
mha,8,8,64,4,2048,64,47,2,1,block_major_block_first,block_major,block_first,0.372195,0.434263972781,0,0,true
mha,8,8,64,4,2048,64,47,2,2,head_major_head_first,head_major,head_first,0.375199,0.434263972781,0,0,true
mha,8,8,64,4,2048,64,47,2,3,block_major_head_first,block_major,head_first,0.617907,0.434263972781,0,0,true
mha,8,8,64,4,2048,64,47,3,0,block_major_block_first,block_major,block_first,0.390663,0.434263972781,0,0,true
mha,8,8,64,4,2048,64,47,3,1,head_major_head_first,head_major,head_first,0.376921,0.434263972781,0,0,true
mha,8,8,64,4,2048,64,47,3,2,block_major_head_first,block_major,head_first,0.595163,0.434263972781,0,0,true
mha,8,8,64,4,2048,64,47,3,3,head_major_block_first,head_major,block_first,0.483654,0.434263972781,0,0,true
mha,8,8,64,4,2048,64,47,4,0,block_major_head_first,block_major,head_first,0.598447,0.434263972781,0,0,true
mha,8,8,64,4,2048,64,47,4,1,head_major_head_first,head_major,head_first,0.377012,0.434263972781,0,0,true
mha,8,8,64,4,2048,64,47,4,2,head_major_block_first,head_major,block_first,0.471355,0.434263972781,0,0,true
mha,8,8,64,4,2048,64,47,4,3,block_major_block_first,block_major,block_first,0.373726,0.434263972781,0,0,true
mha,8,8,64,4,2048,64,47,5,0,block_major_head_first,block_major,head_first,0.608393,0.434263972781,0,0,true
mha,8,8,64,4,2048,64,47,5,1,block_major_block_first,block_major,block_first,0.365324,0.434263972781,0,0,true
mha,8,8,64,4,2048,64,47,5,2,head_major_block_first,head_major,block_first,0.49424,0.434263972781,0,0,true
mha,8,8,64,4,2048,64,47,5,3,head_major_head_first,head_major,head_first,0.374589,0.434263972781,0,0,true
mha,8,8,64,4,2048,64,47,6,0,head_major_head_first,head_major,head_first,0.369731,0.434263972781,0,0,true
mha,8,8,64,4,2048,64,47,6,1,block_major_block_first,block_major,block_first,0.373026,0.434263972781,0,0,true
mha,8,8,64,4,2048,64,47,6,2,block_major_head_first,block_major,head_first,0.602394,0.434263972781,0,0,true
mha,8,8,64,4,2048,64,47,6,3,head_major_block_first,head_major,block_first,0.502392,0.434263972781,0,0,true
mha,8,8,64,4,2048,64,47,7,0,block_major_block_first,block_major,block_first,0.371424,0.434263972781,0,0,true
mha,8,8,64,4,2048,64,47,7,1,head_major_head_first,head_major,head_first,0.388019,0.434263972781,0,0,true
mha,8,8,64,4,2048,64,47,7,2,block_major_head_first,block_major,head_first,0.604346,0.434263972781,0,0,true
mha,8,8,64,4,2048,64,47,7,3,head_major_block_first,head_major,block_first,0.476623,0.434263972781,0,0,true
mha,8,8,64,4,2048,64,47,8,0,head_major_block_first,head_major,block_first,0.463323,0.434263972781,0,0,true
mha,8,8,64,4,2048,64,47,8,1,block_major_block_first,block_major,block_first,0.373176,0.434263972781,0,0,true
mha,8,8,64,4,2048,64,47,8,2,head_major_head_first,head_major,head_first,0.372235,0.434263972781,0,0,true
mha,8,8,64,4,2048,64,47,8,3,block_major_head_first,block_major,head_first,0.609795,0.434263972781,0,0,true
mha,8,8,64,4,2048,64,47,9,0,block_major_head_first,block_major,head_first,0.576465,0.434263972781,0,0,true
mha,8,8,64,4,2048,64,47,9,1,head_major_head_first,head_major,head_first,0.392896,0.434263972781,0,0,true
mha,8,8,64,4,2048,64,47,9,2,block_major_block_first,block_major,block_first,0.374928,0.434263972781,0,0,true
mha,8,8,64,4,2048,64,47,9,3,head_major_block_first,head_major,block_first,0.491916,0.434263972781,0,0,true
mha,8,8,64,4,2048,64,47,10,0,head_major_block_first,head_major,block_first,0.458115,0.434263972781,0,0,true
mha,8,8,64,4,2048,64,47,10,1,block_major_head_first,block_major,head_first,0.582174,0.434263972781,0,0,true
mha,8,8,64,4,2048,64,47,10,2,head_major_head_first,head_major,head_first,0.372855,0.434263972781,0,0,true
mha,8,8,64,4,2048,64,47,10,3,block_major_block_first,block_major,block_first,0.374558,0.434263972781,0,0,true
mha,8,8,64,4,2048,64,47,11,0,head_major_block_first,head_major,block_first,0.465716,0.434263972781,0,0,true
mha,8,8,64,4,2048,64,47,11,1,block_major_block_first,block_major,block_first,0.368719,0.434263972781,0,0,true
mha,8,8,64,4,2048,64,47,11,2,head_major_head_first,head_major,head_first,0.373206,0.434263972781,0,0,true
mha,8,8,64,4,2048,64,47,11,3,block_major_head_first,block_major,head_first,0.587451,0.434263972781,0,0,true
mha,8,8,64,4,2048,64,47,12,0,head_major_block_first,head_major,block_first,0.463373,0.434263972781,0,0,true
mha,8,8,64,4,2048,64,47,12,1,block_major_head_first,block_major,head_first,0.563715,0.434263972781,0,0,true
mha,8,8,64,4,2048,64,47,12,2,head_major_head_first,head_major,head_first,0.374278,0.434263972781,0,0,true
mha,8,8,64,4,2048,64,47,12,3,block_major_block_first,block_major,block_first,0.370953,0.434263972781,0,0,true
mha,8,8,64,4,2048,64,47,13,0,block_major_head_first,block_major,head_first,0.539769,0.434263972781,0,0,true
mha,8,8,64,4,2048,64,47,13,1,head_major_head_first,head_major,head_first,0.377282,0.434263972781,0,0,true
mha,8,8,64,4,2048,64,47,13,2,head_major_block_first,head_major,block_first,0.466197,0.434263972781,0,0,true
mha,8,8,64,4,2048,64,47,13,3,block_major_block_first,block_major,block_first,0.38882,0.434263972781,0,0,true
mha,8,8,64,4,2048,64,47,14,0,block_major_block_first,block_major,block_first,0.36918,0.434263972781,0,0,true
mha,8,8,64,4,2048,64,47,14,1,head_major_block_first,head_major,block_first,0.4812,0.434263972781,0,0,true
mha,8,8,64,4,2048,64,47,14,2,head_major_head_first,head_major,head_first,0.370792,0.434263972781,0,0,true
mha,8,8,64,4,2048,64,47,14,3,block_major_head_first,block_major,head_first,0.573379,0.434263972781,0,0,true
mha,8,8,64,4,2048,64,47,15,0,block_major_head_first,block_major,head_first,0.551036,0.434263972781,0,0,true
mha,8,8,64,4,2048,64,47,15,1,head_major_head_first,head_major,head_first,0.374207,0.434263972781,0,0,true
mha,8,8,64,4,2048,64,47,15,2,block_major_block_first,block_major,block_first,0.370912,0.434263972781,0,0,true
mha,8,8,64,4,2048,64,47,15,3,head_major_block_first,head_major,block_first,0.476743,0.434263972781,0,0,true
mha,8,8,64,4,2048,64,47,16,0,head_major_head_first,head_major,head_first,0.387828,0.434263972781,0,0,true
mha,8,8,64,4,2048,64,47,16,1,block_major_block_first,block_major,block_first,0.372124,0.434263972781,0,0,true
mha,8,8,64,4,2048,64,47,16,2,block_major_head_first,block_major,head_first,0.557386,0.434263972781,0,0,true
mha,8,8,64,4,2048,64,47,16,3,head_major_block_first,head_major,block_first,0.482512,0.434263972781,0,0,true
mha,8,8,64,4,2048,64,47,17,0,head_major_head_first,head_major,head_first,0.372615,0.434263972781,0,0,true
mha,8,8,64,4,2048,64,47,17,1,head_major_block_first,head_major,block_first,0.44788,0.434263972781,0,0,true
mha,8,8,64,4,2048,64,47,17,2,block_major_head_first,block_major,head_first,0.582473,0.434263972781,0,0,true
mha,8,8,64,4,2048,64,47,17,3,block_major_block_first,block_major,block_first,0.370361,0.434263972781,0,0,true
mha,8,8,64,4,2048,64,47,18,0,block_major_head_first,block_major,head_first,0.539108,0.434263972781,0,0,true
mha,8,8,64,4,2048,64,47,18,1,block_major_block_first,block_major,block_first,0.380347,0.434263972781,0,0,true
mha,8,8,64,4,2048,64,47,18,2,head_major_head_first,head_major,head_first,0.376471,0.434263972781,0,0,true
mha,8,8,64,4,2048,64,47,18,3,head_major_block_first,head_major,block_first,0.449081,0.434263972781,0,0,true
mha,8,8,64,4,2048,64,47,19,0,block_major_block_first,block_major,block_first,0.369831,0.434263972781,0,0,true
mha,8,8,64,4,2048,64,47,19,1,head_major_head_first,head_major,head_first,0.370803,0.434263972781,0,0,true
mha,8,8,64,4,2048,64,47,19,2,block_major_head_first,block_major,head_first,0.56016,0.434263972781,0,0,true
mha,8,8,64,4,2048,64,47,19,3,head_major_block_first,head_major,block_first,0.475351,0.434263972781,0,0,true
mha,8,8,64,4,8192,64,11,0,0,head_major_head_first,head_major,head_first,1.854342,-1.12044470532,0,0,true
mha,8,8,64,4,8192,64,11,0,1,block_major_head_first,block_major,head_first,3.06564,-1.12044470532,0,0,true
mha,8,8,64,4,8192,64,11,0,2,head_major_block_first,head_major,block_first,2.619484,-1.12044470532,0,0,true
mha,8,8,64,4,8192,64,11,0,3,block_major_block_first,block_major,block_first,1.592957,-1.12044470532,0,0,true
mha,8,8,64,4,8192,64,11,1,0,head_major_head_first,head_major,head_first,1.818358,-1.12044470532,0,0,true
mha,8,8,64,4,8192,64,11,1,1,block_major_block_first,block_major,block_first,1.607689,-1.12044470532,0,0,true
mha,8,8,64,4,8192,64,11,1,2,head_major_block_first,head_major,block_first,2.535085,-1.12044470532,0,0,true
mha,8,8,64,4,8192,64,11,1,3,block_major_head_first,block_major,head_first,3.087744,-1.12044470532,0,0,true
mha,8,8,64,4,8192,64,11,2,0,block_major_block_first,block_major,block_first,1.62176,-1.12044470532,0,0,true
mha,8,8,64,4,8192,64,11,2,1,block_major_head_first,block_major,head_first,2.978097,-1.12044470532,0,0,true
mha,8,8,64,4,8192,64,11,2,2,head_major_block_first,head_major,block_first,2.662849,-1.12044470532,0,0,true
mha,8,8,64,4,8192,64,11,2,3,head_major_head_first,head_major,head_first,1.801402,-1.12044470532,0,0,true
mha,8,8,64,4,8192,64,11,3,0,block_major_head_first,block_major,head_first,3.146813,-1.12044470532,0,0,true
mha,8,8,64,4,8192,64,11,3,1,head_major_head_first,head_major,head_first,1.870046,-1.12044470532,0,0,true
mha,8,8,64,4,8192,64,11,3,2,head_major_block_first,head_major,block_first,2.490087,-1.12044470532,0,0,true
mha,8,8,64,4,8192,64,11,3,3,block_major_block_first,block_major,block_first,1.66103,-1.12044470532,0,0,true
mha,8,8,64,4,8192,64,11,4,0,head_major_head_first,head_major,head_first,1.724976,-1.12044470532,0,0,true
mha,8,8,64,4,8192,64,11,4,1,block_major_head_first,block_major,head_first,3.141996,-1.12044470532,0,0,true
mha,8,8,64,4,8192,64,11,4,2,head_major_block_first,head_major,block_first,2.562397,-1.12044470532,0,0,true
mha,8,8,64,4,8192,64,11,4,3,block_major_block_first,block_major,block_first,1.602931,-1.12044470532,0,0,true
mha,8,8,64,4,8192,64,11,5,0,block_major_head_first,block_major,head_first,3.028033,-1.12044470532,0,0,true
mha,8,8,64,4,8192,64,11,5,1,head_major_block_first,head_major,block_first,2.624562,-1.12044470532,0,0,true
mha,8,8,64,4,8192,64,11,5,2,head_major_head_first,head_major,head_first,1.771427,-1.12044470532,0,0,true
mha,8,8,64,4,8192,64,11,5,3,block_major_block_first,block_major,block_first,1.641921,-1.12044470532,0,0,true
mha,8,8,64,4,8192,64,11,6,0,head_major_block_first,head_major,block_first,2.457328,-1.12044470532,0,0,true
mha,8,8,64,4,8192,64,11,6,1,head_major_head_first,head_major,head_first,1.67445,-1.12044470532,0,0,true
mha,8,8,64,4,8192,64,11,6,2,block_major_head_first,block_major,head_first,3.218402,-1.12044470532,0,0,true
mha,8,8,64,4,8192,64,11,6,3,block_major_block_first,block_major,block_first,1.592326,-1.12044470532,0,0,true
mha,8,8,64,4,8192,64,11,7,0,block_major_block_first,block_major,block_first,1.563061,-1.12044470532,0,0,true
mha,8,8,64,4,8192,64,11,7,1,head_major_head_first,head_major,head_first,1.873472,-1.12044470532,0,0,true
mha,8,8,64,4,8192,64,11,7,2,head_major_block_first,head_major,block_first,2.546353,-1.12044470532,0,0,true
mha,8,8,64,4,8192,64,11,7,3,block_major_head_first,block_major,head_first,3.152572,-1.12044470532,0,0,true
mha,8,8,64,4,8192,64,11,8,0,head_major_head_first,head_major,head_first,1.855965,-1.12044470532,0,0,true
mha,8,8,64,4,8192,64,11,8,1,head_major_block_first,head_major,block_first,2.497709,-1.12044470532,0,0,true
mha,8,8,64,4,8192,64,11,8,2,block_major_block_first,block_major,block_first,1.650885,-1.12044470532,0,0,true
mha,8,8,64,4,8192,64,11,8,3,block_major_head_first,block_major,head_first,3.07933,-1.12044470532,0,0,true
mha,8,8,64,4,8192,64,11,9,0,head_major_block_first,head_major,block_first,2.663871,-1.12044470532,0,0,true
mha,8,8,64,4,8192,64,11,9,1,head_major_head_first,head_major,head_first,1.770986,-1.12044470532,0,0,true
mha,8,8,64,4,8192,64,11,9,2,block_major_block_first,block_major,block_first,1.659657,-1.12044470532,0,0,true
mha,8,8,64,4,8192,64,11,9,3,block_major_head_first,block_major,head_first,3.053392,-1.12044470532,0,0,true
mha,8,8,64,4,8192,64,11,10,0,block_major_head_first,block_major,head_first,2.975713,-1.12044470532,0,0,true
mha,8,8,64,4,8192,64,11,10,1,block_major_block_first,block_major,block_first,1.580757,-1.12044470532,0,0,true
mha,8,8,64,4,8192,64,11,10,2,head_major_head_first,head_major,head_first,1.882526,-1.12044470532,0,0,true
mha,8,8,64,4,8192,64,11,10,3,head_major_block_first,head_major,block_first,2.546813,-1.12044470532,0,0,true
mha,8,8,64,4,8192,64,11,11,0,head_major_block_first,head_major,block_first,2.433521,-1.12044470532,0,0,true
mha,8,8,64,4,8192,64,11,11,1,block_major_block_first,block_major,block_first,1.676654,-1.12044470532,0,0,true
mha,8,8,64,4,8192,64,11,11,2,block_major_head_first,block_major,head_first,3.100283,-1.12044470532,0,0,true
mha,8,8,64,4,8192,64,11,11,3,head_major_head_first,head_major,head_first,1.862896,-1.12044470532,0,0,true
mha,8,8,64,4,8192,64,11,12,0,block_major_block_first,block_major,block_first,1.602631,-1.12044470532,0,0,true
mha,8,8,64,4,8192,64,11,12,1,block_major_head_first,block_major,head_first,3.019059,-1.12044470532,0,0,true
mha,8,8,64,4,8192,64,11,12,2,head_major_block_first,head_major,block_first,2.603749,-1.12044470532,0,0,true
mha,8,8,64,4,8192,64,11,12,3,head_major_head_first,head_major,head_first,1.768804,-1.12044470532,0,0,true
mha,8,8,64,4,8192,64,11,13,0,block_major_block_first,block_major,block_first,1.649432,-1.12044470532,0,0,true
mha,8,8,64,4,8192,64,11,13,1,head_major_block_first,head_major,block_first,2.466511,-1.12044470532,0,0,true
mha,8,8,64,4,8192,64,11,13,2,head_major_head_first,head_major,head_first,1.692918,-1.12044470532,0,0,true
mha,8,8,64,4,8192,64,11,13,3,block_major_head_first,block_major,head_first,3.225412,-1.12044470532,0,0,true
mha,8,8,64,4,8192,64,11,14,0,head_major_head_first,head_major,head_first,1.846221,-1.12044470532,0,0,true
mha,8,8,64,4,8192,64,11,14,1,block_major_block_first,block_major,block_first,1.592936,-1.12044470532,0,0,true
mha,8,8,64,4,8192,64,11,14,2,block_major_head_first,block_major,head_first,3.034063,-1.12044470532,0,0,true
mha,8,8,64,4,8192,64,11,14,3,head_major_block_first,head_major,block_first,2.643479,-1.12044470532,0,0,true
mha,8,8,64,4,8192,64,11,15,0,head_major_head_first,head_major,head_first,1.771166,-1.12044470532,0,0,true
mha,8,8,64,4,8192,64,11,15,1,block_major_head_first,block_major,head_first,3.185712,-1.12044470532,0,0,true
mha,8,8,64,4,8192,64,11,15,2,head_major_block_first,head_major,block_first,2.57708,-1.12044470532,0,0,true
mha,8,8,64,4,8192,64,11,15,3,block_major_block_first,block_major,block_first,1.611745,-1.12044470532,0,0,true
mha,8,8,64,4,8192,64,11,16,0,head_major_head_first,head_major,head_first,1.858299,-1.12044470532,0,0,true
mha,8,8,64,4,8192,64,11,16,1,block_major_head_first,block_major,head_first,3.05929,-1.12044470532,0,0,true
mha,8,8,64,4,8192,64,11,16,2,block_major_block_first,block_major,block_first,1.586737,-1.12044470532,0,0,true
mha,8,8,64,4,8192,64,11,16,3,head_major_block_first,head_major,block_first,2.552503,-1.12044470532,0,0,true
mha,8,8,64,4,8192,64,11,17,0,block_major_block_first,block_major,block_first,1.613168,-1.12044470532,0,0,true
mha,8,8,64,4,8192,64,11,17,1,block_major_head_first,block_major,head_first,3.015073,-1.12044470532,0,0,true
mha,8,8,64,4,8192,64,11,17,2,head_major_block_first,head_major,block_first,2.595567,-1.12044470532,0,0,true
mha,8,8,64,4,8192,64,11,17,3,head_major_head_first,head_major,head_first,1.788193,-1.12044470532,0,0,true
mha,8,8,64,4,8192,64,11,18,0,block_major_block_first,block_major,block_first,1.647839,-1.12044470532,0,0,true
mha,8,8,64,4,8192,64,11,18,1,block_major_head_first,block_major,head_first,3.067283,-1.12044470532,0,0,true
mha,8,8,64,4,8192,64,11,18,2,head_major_head_first,head_major,head_first,1.867233,-1.12044470532,0,0,true
mha,8,8,64,4,8192,64,11,18,3,head_major_block_first,head_major,block_first,2.482946,-1.12044470532,0,0,true
mha,8,8,64,4,8192,64,11,19,0,block_major_head_first,block_major,head_first,3.163739,-1.12044470532,0,0,true
mha,8,8,64,4,8192,64,11,19,1,block_major_block_first,block_major,block_first,1.561008,-1.12044470532,0,0,true
mha,8,8,64,4,8192,64,11,19,2,head_major_head_first,head_major,head_first,1.973474,-1.12044470532,0,0,true
mha,8,8,64,4,8192,64,11,19,3,head_major_block_first,head_major,block_first,2.513443,-1.12044470532,0,0,true
mha,8,8,64,4,8192,64,29,0,0,head_major_block_first,head_major,block_first,2.530098,-0.753266120755,0,0,true
mha,8,8,64,4,8192,64,29,0,1,block_major_head_first,block_major,head_first,3.158511,-0.753266120755,0,0,true
mha,8,8,64,4,8192,64,29,0,2,block_major_block_first,block_major,block_first,1.566917,-0.753266120755,0,0,true
mha,8,8,64,4,8192,64,29,0,3,head_major_head_first,head_major,head_first,1.866441,-0.753266120755,0,0,true
mha,8,8,64,4,8192,64,29,1,0,head_major_head_first,head_major,head_first,1.815814,-0.753266120755,0,0,true
mha,8,8,64,4,8192,64,29,1,1,block_major_head_first,block_major,head_first,3.093562,-0.753266120755,0,0,true
mha,8,8,64,4,8192,64,29,1,2,head_major_block_first,head_major,block_first,2.579303,-0.753266120755,0,0,true
mha,8,8,64,4,8192,64,29,1,3,block_major_block_first,block_major,block_first,1.630133,-0.753266120755,0,0,true
mha,8,8,64,4,8192,64,29,2,0,head_major_head_first,head_major,head_first,1.807392,-0.753266120755,0,0,true
mha,8,8,64,4,8192,64,29,2,1,block_major_block_first,block_major,block_first,1.622011,-0.753266120755,0,0,true
mha,8,8,64,4,8192,64,29,2,2,head_major_block_first,head_major,block_first,2.544359,-0.753266120755,0,0,true
mha,8,8,64,4,8192,64,29,2,3,block_major_head_first,block_major,head_first,3.092361,-0.753266120755,0,0,true
mha,8,8,64,4,8192,64,29,3,0,head_major_block_first,head_major,block_first,2.597119,-0.753266120755,0,0,true
mha,8,8,64,4,8192,64,29,3,1,block_major_head_first,block_major,head_first,3.050617,-0.753266120755,0,0,true
mha,8,8,64,4,8192,64,29,3,2,head_major_head_first,head_major,head_first,1.879451,-0.753266120755,0,0,true
mha,8,8,64,4,8192,64,29,3,3,block_major_block_first,block_major,block_first,1.597994,-0.753266120755,0,0,true
mha,8,8,64,4,8192,64,29,4,0,block_major_head_first,block_major,head_first,2.985328,-0.753266120755,0,0,true
mha,8,8,64,4,8192,64,29,4,1,block_major_block_first,block_major,block_first,1.565555,-0.753266120755,0,0,true
mha,8,8,64,4,8192,64,29,4,2,head_major_block_first,head_major,block_first,2.598031,-0.753266120755,0,0,true
mha,8,8,64,4,8192,64,29,4,3,head_major_head_first,head_major,head_first,1.814503,-0.753266120755,0,0,true
mha,8,8,64,4,8192,64,29,5,0,head_major_block_first,head_major,block_first,2.436396,-0.753266120755,0,0,true
mha,8,8,64,4,8192,64,29,5,1,head_major_head_first,head_major,head_first,1.639316,-0.753266120755,0,0,true
mha,8,8,64,4,8192,64,29,5,2,block_major_block_first,block_major,block_first,1.722533,-0.753266120755,0,0,true
mha,8,8,64,4,8192,64,29,5,3,block_major_head_first,block_major,head_first,3.165492,-0.753266120755,0,0,true
mha,8,8,64,4,8192,64,29,6,0,block_major_block_first,block_major,block_first,1.563152,-0.753266120755,0,0,true
mha,8,8,64,4,8192,64,29,6,1,head_major_head_first,head_major,head_first,1.894574,-0.753266120755,0,0,true
mha,8,8,64,4,8192,64,29,6,2,head_major_block_first,head_major,block_first,2.557499,-0.753266120755,0,0,true
mha,8,8,64,4,8192,64,29,6,3,block_major_head_first,block_major,head_first,3.121575,-0.753266120755,0,0,true
mha,8,8,64,4,8192,64,29,7,0,block_major_block_first,block_major,block_first,1.583913,-0.753266120755,0,0,true
mha,8,8,64,4,8192,64,29,7,1,head_major_head_first,head_major,head_first,1.870568,-0.753266120755,0,0,true
mha,8,8,64,4,8192,64,29,7,2,block_major_head_first,block_major,head_first,3.010006,-0.753266120755,0,0,true
mha,8,8,64,4,8192,64,29,7,3,head_major_block_first,head_major,block_first,2.580534,-0.753266120755,0,0,true
mha,8,8,64,4,8192,64,29,8,0,block_major_block_first,block_major,block_first,1.612856,-0.753266120755,0,0,true
mha,8,8,64,4,8192,64,29,8,1,head_major_block_first,head_major,block_first,2.580194,-0.753266120755,0,0,true
mha,8,8,64,4,8192,64,29,8,2,block_major_head_first,block_major,head_first,3.049806,-0.753266120755,0,0,true
mha,8,8,64,4,8192,64,29,8,3,head_major_head_first,head_major,head_first,1.883166,-0.753266120755,0,0,true
mha,8,8,64,4,8192,64,29,9,0,head_major_head_first,head_major,head_first,1.771587,-0.753266120755,0,0,true
mha,8,8,64,4,8192,64,29,9,1,block_major_block_first,block_major,block_first,1.650304,-0.753266120755,0,0,true
mha,8,8,64,4,8192,64,29,9,2,head_major_block_first,head_major,block_first,2.495025,-0.753266120755,0,0,true
mha,8,8,64,4,8192,64,29,9,3,block_major_head_first,block_major,head_first,3.138471,-0.753266120755,0,0,true
mha,8,8,64,4,8192,64,29,10,0,head_major_head_first,head_major,head_first,1.850026,-0.753266120755,0,0,true
mha,8,8,64,4,8192,64,29,10,1,head_major_block_first,head_major,block_first,2.517238,-0.753266120755,0,0,true
mha,8,8,64,4,8192,64,29,10,2,block_major_block_first,block_major,block_first,1.641901,-0.753266120755,0,0,true
mha,8,8,64,4,8192,64,29,10,3,block_major_head_first,block_major,head_first,3.063156,-0.753266120755,0,0,true
mha,8,8,64,4,8192,64,29,11,0,head_major_block_first,head_major,block_first,2.618432,-0.753266120755,0,0,true
mha,8,8,64,4,8192,64,29,11,1,block_major_block_first,block_major,block_first,1.593697,-0.753266120755,0,0,true
mha,8,8,64,4,8192,64,29,11,2,head_major_head_first,head_major,head_first,1.836526,-0.753266120755,0,0,true
mha,8,8,64,4,8192,64,29,11,3,block_major_head_first,block_major,head_first,3.039852,-0.753266120755,0,0,true
mha,8,8,64,4,8192,64,29,12,0,block_major_head_first,block_major,head_first,2.974041,-0.753266120755,0,0,true
mha,8,8,64,4,8192,64,29,12,1,head_major_block_first,head_major,block_first,2.633906,-0.753266120755,0,0,true
mha,8,8,64,4,8192,64,29,12,2,block_major_block_first,block_major,block_first,1.587368,-0.753266120755,0,0,true
mha,8,8,64,4,8192,64,29,12,3,head_major_head_first,head_major,head_first,1.843386,-0.753266120755,0,0,true
mha,8,8,64,4,8192,64,29,13,0,head_major_block_first,head_major,block_first,2.519862,-0.753266120755,0,0,true
mha,8,8,64,4,8192,64,29,13,1,block_major_block_first,block_major,block_first,1.644805,-0.753266120755,0,0,true
mha,8,8,64,4,8192,64,29,13,2,block_major_head_first,block_major,head_first,3.030687,-0.753266120755,0,0,true
mha,8,8,64,4,8192,64,29,13,3,head_major_head_first,head_major,head_first,1.869886,-0.753266120755,0,0,true
mha,8,8,64,4,8192,64,29,14,0,head_major_head_first,head_major,head_first,1.776285,-0.753266120755,0,0,true
mha,8,8,64,4,8192,64,29,14,1,head_major_block_first,head_major,block_first,2.464198,-0.753266120755,0,0,true
mha,8,8,64,4,8192,64,29,14,2,block_major_block_first,block_major,block_first,1.70719,-0.753266120755,0,0,true
mha,8,8,64,4,8192,64,29,14,3,block_major_head_first,block_major,head_first,3.120063,-0.753266120755,0,0,true
mha,8,8,64,4,8192,64,29,15,0,head_major_block_first,head_major,block_first,2.617992,-0.753266120755,0,0,true
mha,8,8,64,4,8192,64,29,15,1,block_major_head_first,block_major,head_first,3.040592,-0.753266120755,0,0,true
mha,8,8,64,4,8192,64,29,15,2,block_major_block_first,block_major,block_first,1.558694,-0.753266120755,0,0,true
mha,8,8,64,4,8192,64,29,15,3,head_major_head_first,head_major,head_first,1.892301,-0.753266120755,0,0,true
mha,8,8,64,4,8192,64,29,16,0,head_major_block_first,head_major,block_first,2.526342,-0.753266120755,0,0,true
mha,8,8,64,4,8192,64,29,16,1,block_major_head_first,block_major,head_first,3.115226,-0.753266120755,0,0,true
mha,8,8,64,4,8192,64,29,16,2,block_major_block_first,block_major,block_first,1.570903,-0.753266120755,0,0,true
mha,8,8,64,4,8192,64,29,16,3,head_major_head_first,head_major,head_first,1.886371,-0.753266120755,0,0,true
mha,8,8,64,4,8192,64,29,17,0,head_major_block_first,head_major,block_first,2.538831,-0.753266120755,0,0,true
mha,8,8,64,4,8192,64,29,17,1,block_major_block_first,block_major,block_first,1.622972,-0.753266120755,0,0,true
mha,8,8,64,4,8192,64,29,17,2,block_major_head_first,block_major,head_first,3.042625,-0.753266120755,0,0,true
mha,8,8,64,4,8192,64,29,17,3,head_major_head_first,head_major,head_first,1.869857,-0.753266120755,0,0,true
mha,8,8,64,4,8192,64,29,18,0,head_major_head_first,head_major,head_first,1.789895,-0.753266120755,0,0,true
mha,8,8,64,4,8192,64,29,18,1,block_major_block_first,block_major,block_first,1.64119,-0.753266120755,0,0,true
mha,8,8,64,4,8192,64,29,18,2,block_major_head_first,block_major,head_first,3.064268,-0.753266120755,0,0,true
mha,8,8,64,4,8192,64,29,18,3,head_major_block_first,head_major,block_first,2.567995,-0.753266120755,0,0,true
mha,8,8,64,4,8192,64,29,19,0,block_major_head_first,block_major,head_first,3.055706,-0.753266120755,0,0,true
mha,8,8,64,4,8192,64,29,19,1,head_major_head_first,head_major,head_first,1.880202,-0.753266120755,0,0,true
mha,8,8,64,4,8192,64,29,19,2,head_major_block_first,head_major,block_first,2.5114,-0.753266120755,0,0,true
mha,8,8,64,4,8192,64,29,19,3,block_major_block_first,block_major,block_first,1.647198,-0.753266120755,0,0,true
mha,8,8,64,4,8192,64,47,0,0,head_major_head_first,head_major,head_first,1.84617,-0.661425948585,0,0,true
mha,8,8,64,4,8192,64,47,0,1,head_major_block_first,head_major,block_first,2.55727,-0.661425948585,0,0,true
mha,8,8,64,4,8192,64,47,0,2,block_major_block_first,block_major,block_first,1.646107,-0.661425948585,0,0,true
mha,8,8,64,4,8192,64,47,0,3,block_major_head_first,block_major,head_first,3.198382,-0.661425948585,0,0,true
mha,8,8,64,4,8192,64,47,1,0,block_major_block_first,block_major,block_first,1.564653,-0.661425948585,0,0,true
mha,8,8,64,4,8192,64,47,1,1,block_major_head_first,block_major,head_first,3.041053,-0.661425948585,0,0,true
mha,8,8,64,4,8192,64,47,1,2,head_major_head_first,head_major,head_first,1.904359,-0.661425948585,0,0,true
mha,8,8,64,4,8192,64,47,1,3,head_major_block_first,head_major,block_first,2.53153,-0.661425948585,0,0,true
mha,8,8,64,4,8192,64,47,2,0,block_major_head_first,block_major,head_first,3.178532,-0.661425948585,0,0,true
mha,8,8,64,4,8192,64,47,2,1,block_major_block_first,block_major,block_first,1.580638,-0.661425948585,0,0,true
mha,8,8,64,4,8192,64,47,2,2,head_major_block_first,head_major,block_first,2.581295,-0.661425948585,0,0,true
mha,8,8,64,4,8192,64,47,2,3,head_major_head_first,head_major,head_first,1.815334,-0.661425948585,0,0,true
mha,8,8,64,4,8192,64,47,3,0,block_major_block_first,block_major,block_first,1.618185,-0.661425948585,0,0,true
mha,8,8,64,4,8192,64,47,3,1,head_major_block_first,head_major,block_first,2.533863,-0.661425948585,0,0,true
mha,8,8,64,4,8192,64,47,3,2,head_major_head_first,head_major,head_first,1.688311,-0.661425948585,0,0,true
mha,8,8,64,4,8192,64,47,3,3,block_major_head_first,block_major,head_first,3.192042,-0.661425948585,0,0,true
mha,8,8,64,4,8192,64,47,4,0,block_major_head_first,block_major,head_first,3.084569,-0.661425948585,0,0,true
mha,8,8,64,4,8192,64,47,4,1,block_major_block_first,block_major,block_first,1.559095,-0.661425948585,0,0,true
mha,8,8,64,4,8192,64,47,4,2,head_major_head_first,head_major,head_first,1.908976,-0.661425948585,0,0,true
mha,8,8,64,4,8192,64,47,4,3,head_major_block_first,head_major,block_first,2.526172,-0.661425948585,0,0,true
mha,8,8,64,4,8192,64,47,5,0,block_major_block_first,block_major,block_first,1.638326,-0.661425948585,0,0,true
mha,8,8,64,4,8192,64,47,5,1,head_major_block_first,head_major,block_first,2.509607,-0.661425948585,0,0,true
mha,8,8,64,4,8192,64,47,5,2,head_major_head_first,head_major,head_first,1.70774,-0.661425948585,0,0,true
mha,8,8,64,4,8192,64,47,5,3,block_major_head_first,block_major,head_first,3.169038,-0.661425948585,0,0,true
mha,8,8,64,4,8192,64,47,6,0,block_major_head_first,block_major,head_first,2.988222,-0.661425948585,0,0,true
mha,8,8,64,4,8192,64,47,6,1,head_major_block_first,head_major,block_first,2.59065,-0.661425948585,0,0,true
mha,8,8,64,4,8192,64,47,6,2,block_major_block_first,block_major,block_first,1.592335,-0.661425948585,0,0,true
mha,8,8,64,4,8192,64,47,6,3,head_major_head_first,head_major,head_first,1.844428,-0.661425948585,0,0,true
mha,8,8,64,4,8192,64,47,7,0,head_major_block_first,head_major,block_first,2.523318,-0.661425948585,0,0,true
mha,8,8,64,4,8192,64,47,7,1,block_major_head_first,block_major,head_first,3.138701,-0.661425948585,0,0,true
mha,8,8,64,4,8192,64,47,7,2,head_major_head_first,head_major,head_first,1.870036,-0.661425948585,0,0,true
mha,8,8,64,4,8192,64,47,7,3,block_major_block_first,block_major,block_first,1.609161,-0.661425948585,0,0,true
mha,8,8,64,4,8192,64,47,8,0,block_major_block_first,block_major,block_first,1.57513,-0.661425948585,0,0,true
mha,8,8,64,4,8192,64,47,8,1,head_major_head_first,head_major,head_first,1.858339,-0.661425948585,0,0,true
mha,8,8,64,4,8192,64,47,8,2,block_major_head_first,block_major,head_first,3.055314,-0.661425948585,0,0,true
mha,8,8,64,4,8192,64,47,8,3,head_major_block_first,head_major,block_first,2.592412,-0.661425948585,0,0,true
mha,8,8,64,4,8192,64,47,9,0,block_major_block_first,block_major,block_first,1.624534,-0.661425948585,0,0,true
mha,8,8,64,4,8192,64,47,9,1,head_major_head_first,head_major,head_first,1.828203,-0.661425948585,0,0,true
mha,8,8,64,4,8192,64,47,9,2,head_major_block_first,head_major,block_first,2.501966,-0.661425948585,0,0,true
mha,8,8,64,4,8192,64,47,9,3,block_major_head_first,block_major,head_first,3.173424,-0.661425948585,0,0,true
mha,8,8,64,4,8192,64,47,10,0,head_major_head_first,head_major,head_first,1.851699,-0.661425948585,0,0,true
mha,8,8,64,4,8192,64,47,10,1,block_major_head_first,block_major,head_first,3.051809,-0.661425948585,0,0,true
mha,8,8,64,4,8192,64,47,10,2,head_major_block_first,head_major,block_first,2.580395,-0.661425948585,0,0,true
mha,8,8,64,4,8192,64,47,10,3,block_major_block_first,block_major,block_first,1.617093,-0.661425948585,0,0,true
mha,8,8,64,4,8192,64,47,11,0,head_major_block_first,head_major,block_first,2.606844,-0.661425948585,0,0,true
mha,8,8,64,4,8192,64,47,11,1,head_major_head_first,head_major,head_first,1.755693,-0.661425948585,0,0,true
mha,8,8,64,4,8192,64,47,11,2,block_major_block_first,block_major,block_first,1.63469,-0.661425948585,0,0,true
mha,8,8,64,4,8192,64,47,11,3,block_major_head_first,block_major,head_first,3.054012,-0.661425948585,0,0,true
mha,8,8,64,4,8192,64,47,12,0,block_major_head_first,block_major,head_first,3.002023,-0.661425948585,0,0,true
mha,8,8,64,4,8192,64,47,12,1,head_major_block_first,head_major,block_first,2.642318,-0.661425948585,0,0,true
mha,8,8,64,4,8192,64,47,12,2,block_major_block_first,block_major,block_first,1.595961,-0.661425948585,0,0,true
mha,8,8,64,4,8192,64,47,12,3,head_major_head_first,head_major,head_first,1.833852,-0.661425948585,0,0,true
mha,8,8,64,4,8192,64,47,13,0,block_major_block_first,block_major,block_first,1.620328,-0.661425948585,0,0,true
mha,8,8,64,4,8192,64,47,13,1,head_major_block_first,head_major,block_first,2.515195,-0.661425948585,0,0,true
mha,8,8,64,4,8192,64,47,13,2,head_major_head_first,head_major,head_first,1.758828,-0.661425948585,0,0,true
mha,8,8,64,4,8192,64,47,13,3,block_major_head_first,block_major,head_first,3.145782,-0.661425948585,0,0,true
mha,8,8,64,4,8192,64,47,14,0,head_major_head_first,head_major,head_first,1.84625,-0.661425948585,0,0,true
mha,8,8,64,4,8192,64,47,14,1,block_major_head_first,block_major,head_first,3.061414,-0.661425948585,0,0,true
mha,8,8,64,4,8192,64,47,14,2,head_major_block_first,head_major,block_first,2.639724,-0.661425948585,0,0,true
mha,8,8,64,4,8192,64,47,14,3,block_major_block_first,block_major,block_first,1.598044,-0.661425948585,0,0,true
mha,8,8,64,4,8192,64,47,15,0,block_major_head_first,block_major,head_first,3.039871,-0.661425948585,0,0,true
mha,8,8,64,4,8192,64,47,15,1,head_major_block_first,head_major,block_first,2.554015,-0.661425948585,0,0,true
mha,8,8,64,4,8192,64,47,15,2,block_major_block_first,block_major,block_first,1.618045,-0.661425948585,0,0,true
mha,8,8,64,4,8192,64,47,15,3,head_major_head_first,head_major,head_first,1.821022,-0.661425948585,0,0,true
mha,8,8,64,4,8192,64,47,16,0,head_major_head_first,head_major,head_first,1.772429,-0.661425948585,0,0,true
mha,8,8,64,4,8192,64,47,16,1,block_major_head_first,block_major,head_first,3.097769,-0.661425948585,0,0,true
mha,8,8,64,4,8192,64,47,16,2,head_major_block_first,head_major,block_first,2.599383,-0.661425948585,0,0,true
mha,8,8,64,4,8192,64,47,16,3,block_major_block_first,block_major,block_first,1.623312,-0.661425948585,0,0,true
mha,8,8,64,4,8192,64,47,17,0,block_major_block_first,block_major,block_first,1.582811,-0.661425948585,0,0,true
mha,8,8,64,4,8192,64,47,17,1,block_major_head_first,block_major,head_first,3.048574,-0.661425948585,0,0,true
mha,8,8,64,4,8192,64,47,17,2,head_major_block_first,head_major,block_first,2.579674,-0.661425948585,0,0,true
mha,8,8,64,4,8192,64,47,17,3,head_major_head_first,head_major,head_first,1.792539,-0.661425948585,0,0,true
mha,8,8,64,4,8192,64,47,18,0,block_major_block_first,block_major,block_first,1.637614,-0.661425948585,0,0,true
mha,8,8,64,4,8192,64,47,18,1,head_major_block_first,head_major,block_first,2.513903,-0.661425948585,0,0,true
mha,8,8,64,4,8192,64,47,18,2,head_major_head_first,head_major,head_first,1.672597,-0.661425948585,0,0,true
mha,8,8,64,4,8192,64,47,18,3,block_major_head_first,block_major,head_first,3.212253,-0.661425948585,0,0,true
mha,8,8,64,4,8192,64,47,19,0,block_major_block_first,block_major,block_first,1.563863,-0.661425948585,0,0,true
mha,8,8,64,4,8192,64,47,19,1,head_major_block_first,head_major,block_first,2.647025,-0.661425948585,0,0,true
mha,8,8,64,4,8192,64,47,19,2,head_major_head_first,head_major,head_first,1.800191,-0.661425948585,0,0,true
mha,8,8,64,4,8192,64,47,19,3,block_major_head_first,block_major,head_first,3.101765,-0.661425948585,0,0,true
mha,8,8,64,4,16384,64,11,0,0,head_major_block_first,head_major,block_first,5.261501,-1.12918677768,0,0,true
mha,8,8,64,4,16384,64,11,0,1,head_major_head_first,head_major,head_first,3.766753,-1.12918677768,0,0,true
mha,8,8,64,4,16384,64,11,0,2,block_major_head_first,block_major,head_first,6.030187,-1.12918677768,0,0,true
mha,8,8,64,4,16384,64,11,0,3,block_major_block_first,block_major,block_first,3.798822,-1.12918677768,0,0,true
mha,8,8,64,4,16384,64,11,1,0,head_major_block_first,head_major,block_first,5.295954,-1.12918677768,0,0,true
mha,8,8,64,4,16384,64,11,1,1,head_major_head_first,head_major,head_first,3.783038,-1.12918677768,0,0,true
mha,8,8,64,4,16384,64,11,1,2,block_major_block_first,block_major,block_first,3.79693,-1.12918677768,0,0,true
mha,8,8,64,4,16384,64,11,1,3,block_major_head_first,block_major,head_first,6.225714,-1.12918677768,0,0,true
mha,8,8,64,4,16384,64,11,2,0,block_major_block_first,block_major,block_first,3.7906,-1.12918677768,0,0,true
mha,8,8,64,4,16384,64,11,2,1,head_major_block_first,head_major,block_first,5.32026,-1.12918677768,0,0,true
mha,8,8,64,4,16384,64,11,2,2,head_major_head_first,head_major,head_first,3.779454,-1.12918677768,0,0,true
mha,8,8,64,4,16384,64,11,2,3,block_major_head_first,block_major,head_first,6.042916,-1.12918677768,0,0,true
mha,8,8,64,4,16384,64,11,3,0,head_major_block_first,head_major,block_first,5.330977,-1.12918677768,0,0,true
mha,8,8,64,4,16384,64,11,3,1,block_major_block_first,block_major,block_first,3.793454,-1.12918677768,0,0,true
mha,8,8,64,4,16384,64,11,3,2,block_major_head_first,block_major,head_first,5.998299,-1.12918677768,0,0,true
mha,8,8,64,4,16384,64,11,3,3,head_major_head_first,head_major,head_first,3.795397,-1.12918677768,0,0,true
mha,8,8,64,4,16384,64,11,4,0,block_major_head_first,block_major,head_first,5.990927,-1.12918677768,0,0,true
mha,8,8,64,4,16384,64,11,4,1,block_major_block_first,block_major,block_first,3.784411,-1.12918677768,0,0,true
mha,8,8,64,4,16384,64,11,4,2,head_major_block_first,head_major,block_first,5.320641,-1.12918677768,0,0,true
mha,8,8,64,4,16384,64,11,4,3,head_major_head_first,head_major,head_first,3.787184,-1.12918677768,0,0,true
mha,8,8,64,4,16384,64,11,5,0,head_major_block_first,head_major,block_first,5.169402,-1.12918677768,0,0,true
mha,8,8,64,4,16384,64,11,5,1,block_major_head_first,block_major,head_first,6.71156,-1.12918677768,0,0,true
mha,8,8,64,4,16384,64,11,5,2,head_major_head_first,head_major,head_first,3.787475,-1.12918677768,0,0,true
mha,8,8,64,4,16384,64,11,5,3,block_major_block_first,block_major,block_first,3.772011,-1.12918677768,0,0,true
mha,8,8,64,4,16384,64,11,6,0,head_major_head_first,head_major,head_first,3.790921,-1.12918677768,0,0,true
mha,8,8,64,4,16384,64,11,6,1,block_major_head_first,block_major,head_first,5.987382,-1.12918677768,0,0,true
mha,8,8,64,4,16384,64,11,6,2,block_major_block_first,block_major,block_first,3.792993,-1.12918677768,0,0,true
mha,8,8,64,4,16384,64,11,6,3,head_major_block_first,head_major,block_first,5.330155,-1.12918677768,0,0,true
mha,8,8,64,4,16384,64,11,7,0,head_major_head_first,head_major,head_first,3.778131,-1.12918677768,0,0,true
mha,8,8,64,4,16384,64,11,7,1,block_major_block_first,block_major,block_first,3.822929,-1.12918677768,0,0,true
mha,8,8,64,4,16384,64,11,7,2,head_major_block_first,head_major,block_first,5.314652,-1.12918677768,0,0,true
mha,8,8,64,4,16384,64,11,7,3,block_major_head_first,block_major,head_first,6.76387,-1.12918677768,0,0,true
mha,8,8,64,4,16384,64,11,8,0,block_major_block_first,block_major,block_first,3.792152,-1.12918677768,0,0,true
mha,8,8,64,4,16384,64,11,8,1,block_major_head_first,block_major,head_first,6.607322,-1.12918677768,0,0,true
mha,8,8,64,4,16384,64,11,8,2,head_major_block_first,head_major,block_first,5.308222,-1.12918677768,0,0,true
mha,8,8,64,4,16384,64,11,8,3,head_major_head_first,head_major,head_first,3.78427,-1.12918677768,0,0,true
mha,8,8,64,4,16384,64,11,9,0,head_major_block_first,head_major,block_first,5.299519,-1.12918677768,0,0,true
mha,8,8,64,4,16384,64,11,9,1,block_major_head_first,block_major,head_first,6.685471,-1.12918677768,0,0,true
mha,8,8,64,4,16384,64,11,9,2,head_major_head_first,head_major,head_first,3.789499,-1.12918677768,0,0,true
mha,8,8,64,4,16384,64,11,9,3,block_major_block_first,block_major,block_first,3.791671,-1.12918677768,0,0,true
mha,8,8,64,4,16384,64,11,10,0,block_major_head_first,block_major,head_first,5.955304,-1.12918677768,0,0,true
mha,8,8,64,4,16384,64,11,10,1,head_major_head_first,head_major,head_first,3.789628,-1.12918677768,0,0,true
mha,8,8,64,4,16384,64,11,10,2,head_major_block_first,head_major,block_first,5.251976,-1.12918677768,0,0,true
mha,8,8,64,4,16384,64,11,10,3,block_major_block_first,block_major,block_first,3.79754,-1.12918677768,0,0,true
mha,8,8,64,4,16384,64,11,11,0,head_major_head_first,head_major,head_first,3.569114,-1.12918677768,0,0,true
mha,8,8,64,4,16384,64,11,11,1,block_major_block_first,block_major,block_first,3.683408,-1.12918677768,0,0,true
mha,8,8,64,4,16384,64,11,11,2,block_major_head_first,block_major,head_first,6.965445,-1.12918677768,0,0,true
mha,8,8,64,4,16384,64,11,11,3,head_major_block_first,head_major,block_first,5.296083,-1.12918677768,0,0,true
mha,8,8,64,4,16384,64,11,12,0,head_major_block_first,head_major,block_first,5.220279,-1.12918677768,0,0,true
mha,8,8,64,4,16384,64,11,12,1,block_major_block_first,block_major,block_first,3.795418,-1.12918677768,0,0,true
mha,8,8,64,4,16384,64,11,12,2,block_major_head_first,block_major,head_first,6.36846,-1.12918677768,0,0,true
mha,8,8,64,4,16384,64,11,12,3,head_major_head_first,head_major,head_first,3.781125,-1.12918677768,0,0,true
mha,8,8,64,4,16384,64,11,13,0,block_major_block_first,block_major,block_first,3.8564,-1.12918677768,0,0,true
mha,8,8,64,4,16384,64,11,13,1,block_major_head_first,block_major,head_first,5.98647,-1.12918677768,0,0,true
mha,8,8,64,4,16384,64,11,13,2,head_major_block_first,head_major,block_first,5.278147,-1.12918677768,0,0,true
mha,8,8,64,4,16384,64,11,13,3,head_major_head_first,head_major,head_first,3.774686,-1.12918677768,0,0,true
mha,8,8,64,4,16384,64,11,14,0,block_major_head_first,block_major,head_first,6.083208,-1.12918677768,0,0,true
mha,8,8,64,4,16384,64,11,14,1,head_major_block_first,head_major,block_first,5.336645,-1.12918677768,0,0,true
mha,8,8,64,4,16384,64,11,14,2,block_major_block_first,block_major,block_first,3.789628,-1.12918677768,0,0,true
mha,8,8,64,4,16384,64,11,14,3,head_major_head_first,head_major,head_first,3.794435,-1.12918677768,0,0,true
mha,8,8,64,4,16384,64,11,15,0,block_major_block_first,block_major,block_first,3.792994,-1.12918677768,0,0,true
mha,8,8,64,4,16384,64,11,15,1,block_major_head_first,block_major,head_first,6.413238,-1.12918677768,0,0,true
mha,8,8,64,4,16384,64,11,15,2,head_major_block_first,head_major,block_first,5.295713,-1.12918677768,0,0,true
mha,8,8,64,4,16384,64,11,15,3,head_major_head_first,head_major,head_first,3.801907,-1.12918677768,0,0,true
mha,8,8,64,4,16384,64,11,16,0,head_major_head_first,head_major,head_first,3.657848,-1.12918677768,0,0,true
mha,8,8,64,4,16384,64,11,16,1,block_major_head_first,block_major,head_first,6.706153,-1.12918677768,0,0,true
mha,8,8,64,4,16384,64,11,16,2,block_major_block_first,block_major,block_first,3.786123,-1.12918677768,0,0,true
mha,8,8,64,4,16384,64,11,16,3,head_major_block_first,head_major,block_first,5.362945,-1.12918677768,0,0,true
mha,8,8,64,4,16384,64,11,17,0,block_major_head_first,block_major,head_first,6.035055,-1.12918677768,0,0,true
mha,8,8,64,4,16384,64,11,17,1,head_major_head_first,head_major,head_first,3.787184,-1.12918677768,0,0,true
mha,8,8,64,4,16384,64,11,17,2,block_major_block_first,block_major,block_first,3.798212,-1.12918677768,0,0,true
mha,8,8,64,4,16384,64,11,17,3,head_major_block_first,head_major,block_first,5.309033,-1.12918677768,0,0,true
mha,8,8,64,4,16384,64,11,18,0,head_major_head_first,head_major,head_first,3.601974,-1.12918677768,0,0,true
mha,8,8,64,4,16384,64,11,18,1,head_major_block_first,head_major,block_first,4.97677,-1.12918677768,0,0,true
mha,8,8,64,4,16384,64,11,18,2,block_major_head_first,block_major,head_first,6.738141,-1.12918677768,0,0,true
mha,8,8,64,4,16384,64,11,18,3,block_major_block_first,block_major,block_first,3.785332,-1.12918677768,0,0,true
mha,8,8,64,4,16384,64,11,19,0,head_major_head_first,head_major,head_first,3.784391,-1.12918677768,0,0,true
mha,8,8,64,4,16384,64,11,19,1,block_major_block_first,block_major,block_first,3.778151,-1.12918677768,0,0,true
mha,8,8,64,4,16384,64,11,19,2,block_major_head_first,block_major,head_first,6.908029,-1.12918677768,0,0,true
mha,8,8,64,4,16384,64,11,19,3,head_major_block_first,head_major,block_first,5.26089,-1.12918677768,0,0,true
mha,8,8,64,4,16384,64,29,0,0,head_major_head_first,head_major,head_first,3.520079,-0.00860001700551,0,0,true
mha,8,8,64,4,16384,64,29,0,1,block_major_head_first,block_major,head_first,6.499369,-0.00860001700551,0,0,true
mha,8,8,64,4,16384,64,29,0,2,head_major_block_first,head_major,block_first,5.394753,-0.00860001700551,0,0,true
mha,8,8,64,4,16384,64,29,0,3,block_major_block_first,block_major,block_first,3.794927,-0.00860001700551,0,0,true
mha,8,8,64,4,16384,64,29,1,0,block_major_head_first,block_major,head_first,5.962084,-0.00860001700551,0,0,true
mha,8,8,64,4,16384,64,29,1,1,block_major_block_first,block_major,block_first,3.859414,-0.00860001700551,0,0,true
mha,8,8,64,4,16384,64,29,1,2,head_major_head_first,head_major,head_first,3.791782,-0.00860001700551,0,0,true
mha,8,8,64,4,16384,64,29,1,3,head_major_block_first,head_major,block_first,5.297946,-0.00860001700551,0,0,true
mha,8,8,64,4,16384,64,29,2,0,block_major_block_first,block_major,block_first,3.782047,-0.00860001700551,0,0,true
mha,8,8,64,4,16384,64,29,2,1,head_major_head_first,head_major,head_first,3.517425,-0.00860001700551,0,0,true
mha,8,8,64,4,16384,64,29,2,2,head_major_block_first,head_major,block_first,5.079666,-0.00860001700551,0,0,true
mha,8,8,64,4,16384,64,29,2,3,block_major_head_first,block_major,head_first,6.949692,-0.00860001700551,0,0,true
mha,8,8,64,4,16384,64,29,3,0,head_major_block_first,head_major,block_first,5.409215,-0.00860001700551,0,0,true
mha,8,8,64,4,16384,64,29,3,1,head_major_head_first,head_major,head_first,3.781697,-0.00860001700551,0,0,true
mha,8,8,64,4,16384,64,29,3,2,block_major_block_first,block_major,block_first,3.79079,-0.00860001700551,0,0,true
mha,8,8,64,4,16384,64,29,3,3,block_major_head_first,block_major,head_first,5.965078,-0.00860001700551,0,0,true
mha,8,8,64,4,16384,64,29,4,0,block_major_block_first,block_major,block_first,3.784891,-0.00860001700551,0,0,true
mha,8,8,64,4,16384,64,29,4,1,block_major_head_first,block_major,head_first,6.257302,-0.00860001700551,0,0,true
mha,8,8,64,4,16384,64,29,4,2,head_major_block_first,head_major,block_first,5.409446,-0.00860001700551,0,0,true
mha,8,8,64,4,16384,64,29,4,3,head_major_head_first,head_major,head_first,3.78386,-0.00860001700551,0,0,true
mha,8,8,64,4,16384,64,29,5,0,block_major_block_first,block_major,block_first,3.81645,-0.00860001700551,0,0,true
mha,8,8,64,4,16384,64,29,5,1,head_major_head_first,head_major,head_first,3.787936,-0.00860001700551,0,0,true
mha,8,8,64,4,16384,64,29,5,2,head_major_block_first,head_major,block_first,5.00362,-0.00860001700551,0,0,true
mha,8,8,64,4,16384,64,29,5,3,block_major_head_first,block_major,head_first,6.652491,-0.00860001700551,0,0,true
mha,8,8,64,4,16384,64,29,6,0,head_major_block_first,head_major,block_first,5.404958,-0.00860001700551,0,0,true
mha,8,8,64,4,16384,64,29,6,1,head_major_head_first,head_major,head_first,3.787586,-0.00860001700551,0,0,true
mha,8,8,64,4,16384,64,29,6,2,block_major_head_first,block_major,head_first,6.030828,-0.00860001700551,0,0,true
mha,8,8,64,4,16384,64,29,6,3,block_major_block_first,block_major,block_first,3.794776,-0.00860001700551,0,0,true
mha,8,8,64,4,16384,64,29,7,0,block_major_head_first,block_major,head_first,6.233225,-0.00860001700551,0,0,true
mha,8,8,64,4,16384,64,29,7,1,head_major_head_first,head_major,head_first,3.783058,-0.00860001700551,0,0,true
mha,8,8,64,4,16384,64,29,7,2,head_major_block_first,head_major,block_first,5.418419,-0.00860001700551,0,0,true
mha,8,8,64,4,16384,64,29,7,3,block_major_block_first,block_major,block_first,3.785502,-0.00860001700551,0,0,true
mha,8,8,64,4,16384,64,29,8,0,block_major_block_first,block_major,block_first,3.562495,-0.00860001700551,0,0,true
mha,8,8,64,4,16384,64,29,8,1,head_major_head_first,head_major,head_first,3.671179,-0.00860001700551,0,0,true
mha,8,8,64,4,16384,64,29,8,2,block_major_head_first,block_major,head_first,7.063265,-0.00860001700551,0,0,true
mha,8,8,64,4,16384,64,29,8,3,head_major_block_first,head_major,block_first,5.438169,-0.00860001700551,0,0,true
mha,8,8,64,4,16384,64,29,9,0,head_major_head_first,head_major,head_first,3.815648,-0.00860001700551,0,0,true
mha,8,8,64,4,16384,64,29,9,1,head_major_block_first,head_major,block_first,5.291056,-0.00860001700551,0,0,true
mha,8,8,64,4,16384,64,29,9,2,block_major_block_first,block_major,block_first,3.793014,-0.00860001700551,0,0,true
mha,8,8,64,4,16384,64,29,9,3,block_major_head_first,block_major,head_first,6.729407,-0.00860001700551,0,0,true
mha,8,8,64,4,16384,64,29,10,0,head_major_block_first,head_major,block_first,5.451048,-0.00860001700551,0,0,true
mha,8,8,64,4,16384,64,29,10,1,block_major_head_first,block_major,head_first,6.01208,-0.00860001700551,0,0,true
mha,8,8,64,4,16384,64,29,10,2,block_major_block_first,block_major,block_first,3.785803,-0.00860001700551,0,0,true
mha,8,8,64,4,16384,64,29,10,3,head_major_head_first,head_major,head_first,3.781586,-0.00860001700551,0,0,true
mha,8,8,64,4,16384,64,29,11,0,block_major_head_first,block_major,head_first,6.442643,-0.00860001700551,0,0,true
mha,8,8,64,4,16384,64,29,11,1,head_major_block_first,head_major,block_first,5.401012,-0.00860001700551,0,0,true
mha,8,8,64,4,16384,64,29,11,2,head_major_head_first,head_major,head_first,3.779072,-0.00860001700551,0,0,true
mha,8,8,64,4,16384,64,29,11,3,block_major_block_first,block_major,block_first,3.788857,-0.00860001700551,0,0,true
mha,8,8,64,4,16384,64,29,12,0,block_major_head_first,block_major,head_first,5.984347,-0.00860001700551,0,0,true
mha,8,8,64,4,16384,64,29,12,1,head_major_head_first,head_major,head_first,3.76448,-0.00860001700551,0,0,true
mha,8,8,64,4,16384,64,29,12,2,head_major_block_first,head_major,block_first,5.389575,-0.00860001700551,0,0,true
mha,8,8,64,4,16384,64,29,12,3,block_major_block_first,block_major,block_first,3.783979,-0.00860001700551,0,0,true
mha,8,8,64,4,16384,64,29,13,0,head_major_head_first,head_major,head_first,3.558888,-0.00860001700551,0,0,true
mha,8,8,64,4,16384,64,29,13,1,block_major_block_first,block_major,block_first,3.710758,-0.00860001700551,0,0,true
mha,8,8,64,4,16384,64,29,13,2,block_major_head_first,block_major,head_first,6.99425,-0.00860001700551,0,0,true
mha,8,8,64,4,16384,64,29,13,3,head_major_block_first,head_major,block_first,5.379029,-0.00860001700551,0,0,true
mha,8,8,64,4,16384,64,29,14,0,head_major_head_first,head_major,head_first,3.782598,-0.00860001700551,0,0,true
mha,8,8,64,4,16384,64,29,14,1,block_major_block_first,block_major,block_first,3.805773,-0.00860001700551,0,0,true
mha,8,8,64,4,16384,64,29,14,2,head_major_block_first,head_major,block_first,5.421804,-0.00860001700551,0,0,true
mha,8,8,64,4,16384,64,29,14,3,block_major_head_first,block_major,head_first,6.722177,-0.00860001700551,0,0,true
mha,8,8,64,4,16384,64,29,15,0,head_major_head_first,head_major,head_first,3.791932,-0.00860001700551,0,0,true
mha,8,8,64,4,16384,64,29,15,1,block_major_block_first,block_major,block_first,3.797571,-0.00860001700551,0,0,true
mha,8,8,64,4,16384,64,29,15,2,block_major_head_first,block_major,head_first,6.155647,-0.00860001700551,0,0,true
mha,8,8,64,4,16384,64,29,15,3,head_major_block_first,head_major,block_first,5.365179,-0.00860001700551,0,0,true
mha,8,8,64,4,16384,64,29,16,0,head_major_block_first,head_major,block_first,5.394913,-0.00860001700551,0,0,true
mha,8,8,64,4,16384,64,29,16,1,block_major_head_first,block_major,head_first,6.395681,-0.00860001700551,0,0,true
mha,8,8,64,4,16384,64,29,16,2,block_major_block_first,block_major,block_first,3.79092,-0.00860001700551,0,0,true
mha,8,8,64,4,16384,64,29,16,3,head_major_head_first,head_major,head_first,3.788877,-0.00860001700551,0,0,true
mha,8,8,64,4,16384,64,29,17,0,block_major_block_first,block_major,block_first,3.780384,-0.00860001700551,0,0,true
mha,8,8,64,4,16384,64,29,17,1,head_major_head_first,head_major,head_first,3.763869,-0.00860001700551,0,0,true
mha,8,8,64,4,16384,64,29,17,2,block_major_head_first,block_major,head_first,6.996754,-0.00860001700551,0,0,true
mha,8,8,64,4,16384,64,29,17,3,head_major_block_first,head_major,block_first,5.38649,-0.00860001700551,0,0,true
mha,8,8,64,4,16384,64,29,18,0,head_major_head_first,head_major,head_first,3.794496,-0.00860001700551,0,0,true
mha,8,8,64,4,16384,64,29,18,1,block_major_block_first,block_major,block_first,3.791011,-0.00860001700551,0,0,true
mha,8,8,64,4,16384,64,29,18,2,head_major_block_first,head_major,block_first,5.417949,-0.00860001700551,0,0,true
mha,8,8,64,4,16384,64,29,18,3,block_major_head_first,block_major,head_first,6.900767,-0.00860001700551,0,0,true
mha,8,8,64,4,16384,64,29,19,0,head_major_block_first,head_major,block_first,5.439081,-0.00860001700551,0,0,true
mha,8,8,64,4,16384,64,29,19,1,block_major_head_first,block_major,head_first,6.040452,-0.00860001700551,0,0,true
mha,8,8,64,4,16384,64,29,19,2,head_major_head_first,head_major,head_first,3.791381,-0.00860001700551,0,0,true
mha,8,8,64,4,16384,64,29,19,3,block_major_block_first,block_major,block_first,3.803509,-0.00860001700551,0,0,true
mha,8,8,64,4,16384,64,47,0,0,block_major_block_first,block_major,block_first,3.78414,-0.157128946561,0,0,true
mha,8,8,64,4,16384,64,47,0,1,block_major_head_first,block_major,head_first,6.81703,-0.157128946561,0,0,true
mha,8,8,64,4,16384,64,47,0,2,head_major_block_first,head_major,block_first,5.35959,-0.157128946561,0,0,true
mha,8,8,64,4,16384,64,47,0,3,head_major_head_first,head_major,head_first,3.782608,-0.157128946561,0,0,true
mha,8,8,64,4,16384,64,47,1,0,block_major_head_first,block_major,head_first,6.088946,-0.157128946561,0,0,true
mha,8,8,64,4,16384,64,47,1,1,head_major_head_first,head_major,head_first,3.79054,-0.157128946561,0,0,true
mha,8,8,64,4,16384,64,47,1,2,head_major_block_first,head_major,block_first,5.350296,-0.157128946561,0,0,true
mha,8,8,64,4,16384,64,47,1,3,block_major_block_first,block_major,block_first,3.788267,-0.157128946561,0,0,true
mha,8,8,64,4,16384,64,47,2,0,head_major_block_first,head_major,block_first,5.138254,-0.157128946561,0,0,true
mha,8,8,64,4,16384,64,47,2,1,head_major_head_first,head_major,head_first,3.42791,-0.157128946561,0,0,true
mha,8,8,64,4,16384,64,47,2,2,block_major_head_first,block_major,head_first,6.910392,-0.157128946561,0,0,true
mha,8,8,64,4,16384,64,47,2,3,block_major_block_first,block_major,block_first,3.787846,-0.157128946561,0,0,true
mha,8,8,64,4,16384,64,47,3,0,block_major_block_first,block_major,block_first,3.535803,-0.157128946561,0,0,true
mha,8,8,64,4,16384,64,47,3,1,head_major_head_first,head_major,head_first,3.779303,-0.157128946561,0,0,true
mha,8,8,64,4,16384,64,47,3,2,block_major_head_first,block_major,head_first,6.791792,-0.157128946561,0,0,true
mha,8,8,64,4,16384,64,47,3,3,head_major_block_first,head_major,block_first,5.39919,-0.157128946561,0,0,true
mha,8,8,64,4,16384,64,47,4,0,head_major_head_first,head_major,head_first,3.778361,-0.157128946561,0,0,true
mha,8,8,64,4,16384,64,47,4,1,block_major_head_first,block_major,head_first,6.049827,-0.157128946561,0,0,true
mha,8,8,64,4,16384,64,47,4,2,head_major_block_first,head_major,block_first,5.354312,-0.157128946561,0,0,true
mha,8,8,64,4,16384,64,47,4,3,block_major_block_first,block_major,block_first,3.770599,-0.157128946561,0,0,true
mha,8,8,64,4,16384,64,47,5,0,head_major_head_first,head_major,head_first,3.785662,-0.157128946561,0,0,true
mha,8,8,64,4,16384,64,47,5,1,block_major_head_first,block_major,head_first,5.998369,-0.157128946561,0,0,true
mha,8,8,64,4,16384,64,47,5,2,head_major_block_first,head_major,block_first,5.344387,-0.157128946561,0,0,true
mha,8,8,64,4,16384,64,47,5,3,block_major_block_first,block_major,block_first,3.794116,-0.157128946561,0,0,true
mha,8,8,64,4,16384,64,47,6,0,block_major_head_first,block_major,head_first,5.983776,-0.157128946561,0,0,true
mha,8,8,64,4,16384,64,47,6,1,head_major_head_first,head_major,head_first,3.785493,-0.157128946561,0,0,true
mha,8,8,64,4,16384,64,47,6,2,block_major_block_first,block_major,block_first,3.823519,-0.157128946561,0,0,true
mha,8,8,64,4,16384,64,47,6,3,head_major_block_first,head_major,block_first,5.399911,-0.157128946561,0,0,true
mha,8,8,64,4,16384,64,47,7,0,block_major_block_first,block_major,block_first,3.793935,-0.157128946561,0,0,true
mha,8,8,64,4,16384,64,47,7,1,head_major_block_first,head_major,block_first,5.352218,-0.157128946561,0,0,true
mha,8,8,64,4,16384,64,47,7,2,block_major_head_first,block_major,head_first,6.835839,-0.157128946561,0,0,true
mha,8,8,64,4,16384,64,47,7,3,head_major_head_first,head_major,head_first,3.786373,-0.157128946561,0,0,true
mha,8,8,64,4,16384,64,47,8,0,head_major_head_first,head_major,head_first,3.780364,-0.157128946561,0,0,true
mha,8,8,64,4,16384,64,47,8,1,block_major_head_first,block_major,head_first,5.97294,-0.157128946561,0,0,true
mha,8,8,64,4,16384,64,47,8,2,block_major_block_first,block_major,block_first,3.792813,-0.157128946561,0,0,true
mha,8,8,64,4,16384,64,47,8,3,head_major_block_first,head_major,block_first,5.37267,-0.157128946561,0,0,true
mha,8,8,64,4,16384,64,47,9,0,head_major_head_first,head_major,head_first,3.772923,-0.157128946561,0,0,true
mha,8,8,64,4,16384,64,47,9,1,block_major_block_first,block_major,block_first,3.838652,-0.157128946561,0,0,true
mha,8,8,64,4,16384,64,47,9,2,block_major_head_first,block_major,head_first,6.724901,-0.157128946561,0,0,true
mha,8,8,64,4,16384,64,47,9,3,head_major_block_first,head_major,block_first,5.386871,-0.157128946561,0,0,true
mha,8,8,64,4,16384,64,47,10,0,block_major_head_first,block_major,head_first,6.034604,-0.157128946561,0,0,true
mha,8,8,64,4,16384,64,47,10,1,head_major_head_first,head_major,head_first,3.786153,-0.157128946561,0,0,true
mha,8,8,64,4,16384,64,47,10,2,head_major_block_first,head_major,block_first,5.365459,-0.157128946561,0,0,true
mha,8,8,64,4,16384,64,47,10,3,block_major_block_first,block_major,block_first,3.784641,-0.157128946561,0,0,true
mha,8,8,64,4,16384,64,47,11,0,head_major_block_first,head_major,block_first,5.12876,-0.157128946561,0,0,true
mha,8,8,64,4,16384,64,47,11,1,head_major_head_first,head_major,head_first,3.423663,-0.157128946561,0,0,true
mha,8,8,64,4,16384,64,47,11,2,block_major_head_first,block_major,head_first,6.808879,-0.157128946561,0,0,true
mha,8,8,64,4,16384,64,47,11,3,block_major_block_first,block_major,block_first,3.788526,-0.157128946561,0,0,true
mha,8,8,64,4,16384,64,47,12,0,head_major_head_first,head_major,head_first,3.783849,-0.157128946561,0,0,true
mha,8,8,64,4,16384,64,47,12,1,block_major_head_first,block_major,head_first,6.268999,-0.157128946561,0,0,true
mha,8,8,64,4,16384,64,47,12,2,block_major_block_first,block_major,block_first,3.828027,-0.157128946561,0,0,true
mha,8,8,64,4,16384,64,47,12,3,head_major_block_first,head_major,block_first,5.374362,-0.157128946561,0,0,true
mha,8,8,64,4,16384,64,47,13,0,head_major_block_first,head_major,block_first,5.292458,-0.157128946561,0,0,true
mha,8,8,64,4,16384,64,47,13,1,block_major_block_first,block_major,block_first,3.799223,-0.157128946561,0,0,true
mha,8,8,64,4,16384,64,47,13,2,block_major_head_first,block_major,head_first,6.723269,-0.157128946561,0,0,true
mha,8,8,64,4,16384,64,47,13,3,head_major_head_first,head_major,head_first,3.782707,-0.157128946561,0,0,true
mha,8,8,64,4,16384,64,47,14,0,block_major_head_first,block_major,head_first,5.963526,-0.157128946561,0,0,true
mha,8,8,64,4,16384,64,47,14,1,head_major_block_first,head_major,block_first,5.370837,-0.157128946561,0,0,true
mha,8,8,64,4,16384,64,47,14,2,head_major_head_first,head_major,head_first,3.781336,-0.157128946561,0,0,true
mha,8,8,64,4,16384,64,47,14,3,block_major_block_first,block_major,block_first,3.796149,-0.157128946561,0,0,true
mha,8,8,64,4,16384,64,47,15,0,head_major_head_first,head_major,head_first,3.794435,-0.157128946561,0,0,true
mha,8,8,64,4,16384,64,47,15,1,block_major_head_first,block_major,head_first,6.395571,-0.157128946561,0,0,true
mha,8,8,64,4,16384,64,47,15,2,head_major_block_first,head_major,block_first,5.407412,-0.157128946561,0,0,true
mha,8,8,64,4,16384,64,47,15,3,block_major_block_first,block_major,block_first,3.826715,-0.157128946561,0,0,true
mha,8,8,64,4,16384,64,47,16,0,block_major_block_first,block_major,block_first,3.769378,-0.157128946561,0,0,true
mha,8,8,64,4,16384,64,47,16,1,block_major_head_first,block_major,head_first,6.855118,-0.157128946561,0,0,true
mha,8,8,64,4,16384,64,47,16,2,head_major_head_first,head_major,head_first,3.785142,-0.157128946561,0,0,true
mha,8,8,64,4,16384,64,47,16,3,head_major_block_first,head_major,block_first,5.35301,-0.157128946561,0,0,true
mha,8,8,64,4,16384,64,47,17,0,block_major_head_first,block_major,head_first,6.099382,-0.157128946561,0,0,true
mha,8,8,64,4,16384,64,47,17,1,block_major_block_first,block_major,block_first,3.791711,-0.157128946561,0,0,true
mha,8,8,64,4,16384,64,47,17,2,head_major_block_first,head_major,block_first,5.386772,-0.157128946561,0,0,true
mha,8,8,64,4,16384,64,47,17,3,head_major_head_first,head_major,head_first,3.794405,-0.157128946561,0,0,true
mha,8,8,64,4,16384,64,47,18,0,head_major_block_first,head_major,block_first,5.14878,-0.157128946561,0,0,true
mha,8,8,64,4,16384,64,47,18,1,head_major_head_first,head_major,head_first,3.421339,-0.157128946561,0,0,true
mha,8,8,64,4,16384,64,47,18,2,block_major_block_first,block_major,block_first,3.792133,-0.157128946561,0,0,true
mha,8,8,64,4,16384,64,47,18,3,block_major_head_first,block_major,head_first,6.753504,-0.157128946561,0,0,true
mha,8,8,64,4,16384,64,47,19,0,head_major_block_first,head_major,block_first,5.30717,-0.157128946561,0,0,true
mha,8,8,64,4,16384,64,47,19,1,block_major_block_first,block_major,block_first,3.894407,-0.157128946561,0,0,true
mha,8,8,64,4,16384,64,47,19,2,head_major_head_first,head_major,head_first,3.788877,-0.157128946561,0,0,true
mha,8,8,64,4,16384,64,47,19,3,block_major_head_first,block_major,head_first,5.99293,-0.157128946561,0,0,true
