shape,num_q_heads,num_kv_heads,head_dim,batch_size,query_len,query_tiles,kv_len,block_size,data_seed,round,profile_enabled,order_position,elapsed_ms,correct
slm,14,2,64,1,128,2,2048,64,11,0,False,0,3.794922,True
slm,14,2,64,1,128,2,2048,64,11,0,True,1,3.82007,True
slm,14,2,64,1,128,2,2048,64,11,1,False,0,3.733158,True
slm,14,2,64,1,128,2,2048,64,11,1,True,1,3.798748,True
slm,14,2,64,1,128,2,2048,64,11,2,True,0,3.783274,True
slm,14,2,64,1,128,2,2048,64,11,2,False,1,3.728852,True
slm,14,2,64,1,128,2,2048,64,11,3,False,0,3.708862,True
slm,14,2,64,1,128,2,2048,64,11,3,True,1,3.79403,True
slm,14,2,64,1,128,2,2048,64,11,4,False,0,3.702322,True
slm,14,2,64,1,128,2,2048,64,11,4,True,1,3.122833,True
slm,14,2,64,1,128,2,2048,64,11,5,True,0,1.97952,True
slm,14,2,64,1,128,2,2048,64,11,5,False,1,1.53055,True
slm,14,2,64,1,128,2,2048,64,11,6,False,0,1.51758,True
slm,14,2,64,1,128,2,2048,64,11,6,True,1,1.561347,True
slm,14,2,64,1,128,2,2048,64,11,7,True,0,1.545883,True
slm,14,2,64,1,128,2,2048,64,11,7,False,1,1.522197,True
slm,14,2,64,1,128,2,2048,64,11,8,True,0,1.548417,True
slm,14,2,64,1,128,2,2048,64,11,8,False,1,1.523469,True
slm,14,2,64,1,128,2,2048,64,11,9,False,0,1.510009,True
slm,14,2,64,1,128,2,2048,64,11,9,True,1,1.557221,True
slm,14,2,64,1,128,2,2048,64,11,10,False,0,1.513444,True
slm,14,2,64,1,128,2,2048,64,11,10,True,1,1.552944,True
slm,14,2,64,1,128,2,2048,64,11,11,False,0,1.513424,True
slm,14,2,64,1,128,2,2048,64,11,11,True,1,1.55059,True
slm,14,2,64,1,128,2,2048,64,11,12,False,0,1.512732,True
slm,14,2,64,1,128,2,2048,64,11,12,True,1,1.550119,True
slm,14,2,64,1,128,2,2048,64,11,13,True,0,1.542348,True
slm,14,2,64,1,128,2,2048,64,11,13,False,1,1.518872,True
slm,14,2,64,1,128,2,2048,64,11,14,True,0,1.544461,True
slm,14,2,64,1,128,2,2048,64,11,14,False,1,1.521546,True
slm,14,2,64,1,128,2,2048,64,11,15,True,0,1.544781,True
slm,14,2,64,1,128,2,2048,64,11,15,False,1,1.516689,True
slm,14,2,64,1,128,2,2048,64,11,16,True,0,1.55055,True
slm,14,2,64,1,128,2,2048,64,11,16,False,1,1.520594,True
slm,14,2,64,1,128,2,2048,64,11,17,True,0,1.547406,True
slm,14,2,64,1,128,2,2048,64,11,17,False,1,1.522818,True
slm,14,2,64,1,128,2,2048,64,11,18,False,0,1.505813,True
slm,14,2,64,1,128,2,2048,64,11,18,True,1,1.55764,True
slm,14,2,64,1,128,2,2048,64,11,19,True,0,1.540115,True
slm,14,2,64,1,128,2,2048,64,11,19,False,1,1.525963,True
slm,14,2,64,1,128,2,2048,64,29,0,False,0,1.507846,True
slm,14,2,64,1,128,2,2048,64,29,0,True,1,1.566916,True
slm,14,2,64,1,128,2,2048,64,29,1,True,0,1.551021,True
slm,14,2,64,1,128,2,2048,64,29,1,False,1,1.53108,True
slm,14,2,64,1,128,2,2048,64,29,2,True,0,1.552262,True
slm,14,2,64,1,128,2,2048,64,29,2,False,1,1.527305,True
slm,14,2,64,1,128,2,2048,64,29,3,True,0,1.550089,True
slm,14,2,64,1,128,2,2048,64,29,3,False,1,1.531,True
slm,14,2,64,1,128,2,2048,64,29,4,False,0,1.51074,True
slm,14,2,64,1,128,2,2048,64,29,4,True,1,1.55711,True
slm,14,2,64,1,128,2,2048,64,29,5,False,0,1.513393,True
slm,14,2,64,1,128,2,2048,64,29,5,True,1,1.558832,True
slm,14,2,64,1,128,2,2048,64,29,6,False,0,1.517059,True
slm,14,2,64,1,128,2,2048,64,29,6,True,1,1.566344,True
slm,14,2,64,1,128,2,2048,64,29,7,False,0,1.513634,True
slm,14,2,64,1,128,2,2048,64,29,7,True,1,1.562639,True
slm,14,2,64,1,128,2,2048,64,29,8,False,0,1.514205,True
slm,14,2,64,1,128,2,2048,64,29,8,True,1,1.559233,True
slm,14,2,64,1,128,2,2048,64,29,9,True,0,1.543269,True
slm,14,2,64,1,128,2,2048,64,29,9,False,1,1.526884,True
slm,14,2,64,1,128,2,2048,64,29,10,False,0,1.507755,True
slm,14,2,64,1,128,2,2048,64,29,10,True,1,1.556159,True
slm,14,2,64,1,128,2,2048,64,29,11,False,0,1.511862,True
slm,14,2,64,1,128,2,2048,64,29,11,True,1,1.548117,True
slm,14,2,64,1,128,2,2048,64,29,12,True,0,1.54406,True
slm,14,2,64,1,128,2,2048,64,29,12,False,1,1.51102,True
slm,14,2,64,1,128,2,2048,64,29,13,True,0,1.555398,True
slm,14,2,64,1,128,2,2048,64,29,13,False,1,1.51079,True
slm,14,2,64,1,128,2,2048,64,29,14,True,0,1.547545,True
slm,14,2,64,1,128,2,2048,64,29,14,False,1,1.51048,True
slm,14,2,64,1,128,2,2048,64,29,15,False,0,1.505392,True
slm,14,2,64,1,128,2,2048,64,29,15,True,1,1.546915,True
slm,14,2,64,1,128,2,2048,64,29,16,True,0,1.545963,True
slm,14,2,64,1,128,2,2048,64,29,16,False,1,1.511311,True
slm,14,2,64,1,128,2,2048,64,29,17,True,0,1.55048,True
slm,14,2,64,1,128,2,2048,64,29,17,False,1,1.512913,True
slm,14,2,64,1,128,2,2048,64,29,18,True,0,1.549198,True
slm,14,2,64,1,128,2,2048,64,29,18,False,1,1.514435,True
slm,14,2,64,1,128,2,2048,64,29,19,False,0,1.507545,True
slm,14,2,64,1,128,2,2048,64,29,19,True,1,1.549088,True
slm,14,2,64,1,128,2,2048,64,47,0,False,0,1.507334,True
slm,14,2,64,1,128,2,2048,64,47,0,True,1,1.556509,True
slm,14,2,64,1,128,2,2048,64,47,1,False,0,1.52404,True
slm,14,2,64,1,128,2,2048,64,47,1,True,1,1.547265,True
slm,14,2,64,1,128,2,2048,64,47,2,True,0,1.548567,True
slm,14,2,64,1,128,2,2048,64,47,2,False,1,1.519112,True
slm,14,2,64,1,128,2,2048,64,47,3,False,0,1.51109,True
slm,14,2,64,1,128,2,2048,64,47,3,True,1,1.546605,True
slm,14,2,64,1,128,2,2048,64,47,4,False,0,1.514886,True
slm,14,2,64,1,128,2,2048,64,47,4,True,1,1.546343,True
slm,14,2,64,1,128,2,2048,64,47,5,False,0,1.523619,True
slm,14,2,64,1,128,2,2048,64,47,5,True,1,1.551882,True
slm,14,2,64,1,128,2,2048,64,47,6,False,0,1.528677,True
slm,14,2,64,1,128,2,2048,64,47,6,True,1,1.545583,True
slm,14,2,64,1,128,2,2048,64,47,7,True,0,1.55698,True
slm,14,2,64,1,128,2,2048,64,47,7,False,1,1.514866,True
slm,14,2,64,1,128,2,2048,64,47,8,False,0,1.521246,True
slm,14,2,64,1,128,2,2048,64,47,8,True,1,1.547526,True
slm,14,2,64,1,128,2,2048,64,47,9,False,0,1.525623,True
slm,14,2,64,1,128,2,2048,64,47,9,True,1,1.547465,True
slm,14,2,64,1,128,2,2048,64,47,10,True,0,1.554146,True
slm,14,2,64,1,128,2,2048,64,47,10,False,1,1.514205,True
slm,14,2,64,1,128,2,2048,64,47,11,False,0,1.515487,True
slm,14,2,64,1,128,2,2048,64,47,11,True,1,1.547616,True
slm,14,2,64,1,128,2,2048,64,47,12,False,0,1.519313,True
slm,14,2,64,1,128,2,2048,64,47,12,True,1,1.546444,True
slm,14,2,64,1,128,2,2048,64,47,13,False,0,1.518952,True
slm,14,2,64,1,128,2,2048,64,47,13,True,1,1.543649,True
slm,14,2,64,1,128,2,2048,64,47,14,True,0,1.551411,True
slm,14,2,64,1,128,2,2048,64,47,14,False,1,1.513864,True
slm,14,2,64,1,128,2,2048,64,47,15,False,0,1.520975,True
slm,14,2,64,1,128,2,2048,64,47,15,True,1,1.545482,True
slm,14,2,64,1,128,2,2048,64,47,16,False,0,1.516528,True
slm,14,2,64,1,128,2,2048,64,47,16,True,1,1.544901,True
slm,14,2,64,1,128,2,2048,64,47,17,False,0,1.521487,True
slm,14,2,64,1,128,2,2048,64,47,17,True,1,1.545482,True
slm,14,2,64,1,128,2,2048,64,47,18,False,0,1.518581,True
slm,14,2,64,1,128,2,2048,64,47,18,True,1,1.544571,True
slm,14,2,64,1,128,2,2048,64,47,19,False,0,1.560115,True
slm,14,2,64,1,128,2,2048,64,47,19,True,1,1.544981,True
slm,14,2,64,1,128,2,8192,64,11,0,False,0,5.876066,True
slm,14,2,64,1,128,2,8192,64,11,0,True,1,6.075649,True
slm,14,2,64,1,128,2,8192,64,11,1,True,0,6.039655,True
slm,14,2,64,1,128,2,8192,64,11,1,False,1,5.886682,True
slm,14,2,64,1,128,2,8192,64,11,2,True,0,6.03051,True
slm,14,2,64,1,128,2,8192,64,11,2,False,1,5.885401,True
slm,14,2,64,1,128,2,8192,64,11,3,False,0,5.890167,True
slm,14,2,64,1,128,2,8192,64,11,3,True,1,6.034827,True
slm,14,2,64,1,128,2,8192,64,11,4,False,0,5.884379,True
slm,14,2,64,1,128,2,8192,64,11,4,True,1,6.060316,True
slm,14,2,64,1,128,2,8192,64,11,5,True,0,6.023159,True
slm,14,2,64,1,128,2,8192,64,11,5,False,1,5.886732,True
slm,14,2,64,1,128,2,8192,64,11,6,False,0,5.890549,True
slm,14,2,64,1,128,2,8192,64,11,6,True,1,6.021447,True
slm,14,2,64,1,128,2,8192,64,11,7,True,0,6.025633,True
slm,14,2,64,1,128,2,8192,64,11,7,False,1,5.881104,True
slm,14,2,64,1,128,2,8192,64,11,8,False,0,5.874534,True
slm,14,2,64,1,128,2,8192,64,11,8,True,1,6.022959,True
slm,14,2,64,1,128,2,8192,64,11,9,True,0,6.020596,True
slm,14,2,64,1,128,2,8192,64,11,9,False,1,5.90402,True
slm,14,2,64,1,128,2,8192,64,11,10,True,0,6.070771,True
slm,14,2,64,1,128,2,8192,64,11,10,False,1,5.885771,True
slm,14,2,64,1,128,2,8192,64,11,11,False,0,5.875105,True
slm,14,2,64,1,128,2,8192,64,11,11,True,1,6.013134,True
slm,14,2,64,1,128,2,8192,64,11,12,True,0,6.015978,True
slm,14,2,64,1,128,2,8192,64,11,12,False,1,5.916367,True
slm,14,2,64,1,128,2,8192,64,11,13,False,0,5.878531,True
slm,14,2,64,1,128,2,8192,64,11,13,True,1,6.033225,True
slm,14,2,64,1,128,2,8192,64,11,14,False,0,5.894815,True
slm,14,2,64,1,128,2,8192,64,11,14,True,1,6.031552,True
slm,14,2,64,1,128,2,8192,64,11,15,True,0,6.084352,True
slm,14,2,64,1,128,2,8192,64,11,15,False,1,5.882826,True
slm,14,2,64,1,128,2,8192,64,11,16,True,0,6.019163,True
slm,14,2,64,1,128,2,8192,64,11,16,False,1,5.878961,True
slm,14,2,64,1,128,2,8192,64,11,17,True,0,6.022558,True
slm,14,2,64,1,128,2,8192,64,11,17,False,1,5.893463,True
slm,14,2,64,1,128,2,8192,64,11,18,True,0,6.020716,True
slm,14,2,64,1,128,2,8192,64,11,18,False,1,5.897218,True
slm,14,2,64,1,128,2,8192,64,11,19,True,0,6.014917,True
slm,14,2,64,1,128,2,8192,64,11,19,False,1,5.864989,True
slm,14,2,64,1,128,2,8192,64,29,0,False,0,5.881695,True
slm,14,2,64,1,128,2,8192,64,29,0,True,1,6.025253,True
slm,14,2,64,1,128,2,8192,64,29,1,False,0,5.899652,True
slm,14,2,64,1,128,2,8192,64,29,1,True,1,6.011391,True
slm,14,2,64,1,128,2,8192,64,29,2,False,0,5.886852,True
slm,14,2,64,1,128,2,8192,64,29,2,True,1,6.031302,True
slm,14,2,64,1,128,2,8192,64,29,3,True,0,6.026935,True
slm,14,2,64,1,128,2,8192,64,29,3,False,1,5.899732,True
slm,14,2,64,1,128,2,8192,64,29,4,True,0,6.019834,True
slm,14,2,64,1,128,2,8192,64,29,4,False,1,5.89779,True
slm,14,2,64,1,128,2,8192,64,29,5,False,0,5.902166,True
slm,14,2,64,1,128,2,8192,64,29,5,True,1,6.028897,True
slm,14,2,64,1,128,2,8192,64,29,6,False,0,5.901925,True
slm,14,2,64,1,128,2,8192,64,29,6,True,1,6.007315,True
slm,14,2,64,1,128,2,8192,64,29,7,False,0,5.864398,True
slm,14,2,64,1,128,2,8192,64,29,7,True,1,6.013244,True
slm,14,2,64,1,128,2,8192,64,29,8,True,0,6.028267,True
slm,14,2,64,1,128,2,8192,64,29,8,False,1,5.913213,True
slm,14,2,64,1,128,2,8192,64,29,9,False,0,5.884228,True
slm,14,2,64,1,128,2,8192,64,29,9,True,1,6.018493,True
slm,14,2,64,1,128,2,8192,64,29,10,True,0,6.062939,True
slm,14,2,64,1,128,2,8192,64,29,10,False,1,5.882966,True
slm,14,2,64,1,128,2,8192,64,29,11,False,0,5.881224,True
slm,14,2,64,1,128,2,8192,64,29,11,True,1,6.002428,True
slm,14,2,64,1,128,2,8192,64,29,12,True,0,6.002368,True
slm,14,2,64,1,128,2,8192,64,29,12,False,1,5.886953,True
slm,14,2,64,1,128,2,8192,64,29,13,True,0,6.001387,True
slm,14,2,64,1,128,2,8192,64,29,13,False,1,5.891149,True
slm,14,2,64,1,128,2,8192,64,29,14,True,0,6.002007,True
slm,14,2,64,1,128,2,8192,64,29,14,False,1,5.882125,True
slm,14,2,64,1,128,2,8192,64,29,15,True,0,6.031232,True
slm,14,2,64,1,128,2,8192,64,29,15,False,1,5.867643,True
slm,14,2,64,1,128,2,8192,64,29,16,False,0,5.875235,True
slm,14,2,64,1,128,2,8192,64,29,16,True,1,5.99698,True
slm,14,2,64,1,128,2,8192,64,29,17,True,0,6.016028,True
slm,14,2,64,1,128,2,8192,64,29,17,False,1,5.892602,True
slm,14,2,64,1,128,2,8192,64,29,18,True,0,6.033445,True
slm,14,2,64,1,128,2,8192,64,29,18,False,1,5.929216,True
slm,14,2,64,1,128,2,8192,64,29,19,True,0,6.020265,True
slm,14,2,64,1,128,2,8192,64,29,19,False,1,5.878941,True
slm,14,2,64,1,128,2,8192,64,47,0,False,0,5.877228,True
slm,14,2,64,1,128,2,8192,64,47,0,True,1,6.042379,True
slm,14,2,64,1,128,2,8192,64,47,1,False,0,5.87243,True
slm,14,2,64,1,128,2,8192,64,47,1,True,1,6.012033,True
slm,14,2,64,1,128,2,8192,64,47,2,True,0,6.021136,True
slm,14,2,64,1,128,2,8192,64,47,2,False,1,5.861945,True
slm,14,2,64,1,128,2,8192,64,47,3,True,0,6.026094,True
slm,14,2,64,1,128,2,8192,64,47,3,False,1,5.858739,True
slm,14,2,64,1,128,2,8192,64,47,4,False,0,5.861244,True
slm,14,2,64,1,128,2,8192,64,47,4,True,1,6.014065,True
slm,14,2,64,1,128,2,8192,64,47,5,True,0,5.999354,True
slm,14,2,64,1,128,2,8192,64,47,5,False,1,5.880603,True
slm,14,2,64,1,128,2,8192,64,47,6,False,0,5.856897,True
slm,14,2,64,1,128,2,8192,64,47,6,True,1,6.010831,True
slm,14,2,64,1,128,2,8192,64,47,7,False,0,5.894604,True
slm,14,2,64,1,128,2,8192,64,47,7,True,1,6.01686,True
slm,14,2,64,1,128,2,8192,64,47,8,True,0,6.018091,True
slm,14,2,64,1,128,2,8192,64,47,8,False,1,5.869666,True
slm,14,2,64,1,128,2,8192,64,47,9,False,0,5.87248,True
slm,14,2,64,1,128,2,8192,64,47,9,True,1,6.03025,True
slm,14,2,64,1,128,2,8192,64,47,10,True,0,6.018222,True
slm,14,2,64,1,128,2,8192,64,47,10,False,1,5.89822,True
slm,14,2,64,1,128,2,8192,64,47,11,False,0,5.889456,True
slm,14,2,64,1,128,2,8192,64,47,11,True,1,6.027406,True
slm,14,2,64,1,128,2,8192,64,47,12,True,0,6.032233,True
slm,14,2,64,1,128,2,8192,64,47,12,False,1,6.31413,True
slm,14,2,64,1,128,2,8192,64,47,13,False,0,5.929408,True
slm,14,2,64,1,128,2,8192,64,47,13,True,1,6.153907,True
slm,14,2,64,1,128,2,8192,64,47,14,True,0,6.009748,True
slm,14,2,64,1,128,2,8192,64,47,14,False,1,5.883698,True
slm,14,2,64,1,128,2,8192,64,47,15,True,0,6.011733,True
slm,14,2,64,1,128,2,8192,64,47,15,False,1,5.870998,True
slm,14,2,64,1,128,2,8192,64,47,16,True,0,6.032062,True
slm,14,2,64,1,128,2,8192,64,47,16,False,1,5.883858,True
slm,14,2,64,1,128,2,8192,64,47,17,False,0,5.909738,True
slm,14,2,64,1,128,2,8192,64,47,17,True,1,6.135349,True
slm,14,2,64,1,128,2,8192,64,47,18,True,0,6.139715,True
slm,14,2,64,1,128,2,8192,64,47,18,False,1,5.897549,True
slm,14,2,64,1,128,2,8192,64,47,19,True,0,6.010139,True
slm,14,2,64,1,128,2,8192,64,47,19,False,1,5.870147,True
slm,14,2,64,1,256,4,2048,64,11,0,False,0,1.519042,True
slm,14,2,64,1,256,4,2048,64,11,0,True,1,1.555358,True
slm,14,2,64,1,256,4,2048,64,11,1,True,0,1.552793,True
slm,14,2,64,1,256,4,2048,64,11,1,False,1,1.519824,True
slm,14,2,64,1,256,4,2048,64,11,2,False,0,1.519092,True
slm,14,2,64,1,256,4,2048,64,11,2,True,1,1.545773,True
slm,14,2,64,1,256,4,2048,64,11,3,True,0,1.55052,True
slm,14,2,64,1,256,4,2048,64,11,3,False,1,1.515367,True
slm,14,2,64,1,256,4,2048,64,11,4,True,0,1.548978,True
slm,14,2,64,1,256,4,2048,64,11,4,False,1,1.514345,True
slm,14,2,64,1,256,4,2048,64,11,5,False,0,1.525923,True
slm,14,2,64,1,256,4,2048,64,11,5,True,1,1.561687,True
slm,14,2,64,1,256,4,2048,64,11,6,False,0,1.520294,True
slm,14,2,64,1,256,4,2048,64,11,6,True,1,1.546163,True
slm,14,2,64,1,256,4,2048,64,11,7,True,0,1.546715,True
slm,14,2,64,1,256,4,2048,64,11,7,False,1,1.513354,True
slm,14,2,64,1,256,4,2048,64,11,8,False,0,1.516579,True
slm,14,2,64,1,256,4,2048,64,11,8,True,1,1.540475,True
slm,14,2,64,1,256,4,2048,64,11,9,True,0,1.555318,True
slm,14,2,64,1,256,4,2048,64,11,9,False,1,1.533624,True
slm,14,2,64,1,256,4,2048,64,11,10,False,0,1.538362,True
slm,14,2,64,1,256,4,2048,64,11,10,True,1,1.566534,True
slm,14,2,64,1,256,4,2048,64,11,11,False,0,1.52396,True
slm,14,2,64,1,256,4,2048,64,11,11,True,1,1.54412,True
slm,14,2,64,1,256,4,2048,64,11,12,False,0,1.527445,True
slm,14,2,64,1,256,4,2048,64,11,12,True,1,1.542558,True
slm,14,2,64,1,256,4,2048,64,11,13,False,0,1.527585,True
slm,14,2,64,1,256,4,2048,64,11,13,True,1,1.557321,True
slm,14,2,64,1,256,4,2048,64,11,14,True,0,1.574236,True
slm,14,2,64,1,256,4,2048,64,11,14,False,1,1.542088,True
slm,14,2,64,1,256,4,2048,64,11,15,True,0,1.59004,True
slm,14,2,64,1,256,4,2048,64,11,15,False,1,1.541156,True
slm,14,2,64,1,256,4,2048,64,11,16,True,0,1.584923,True
slm,14,2,64,1,256,4,2048,64,11,16,False,1,1.553305,True
slm,14,2,64,1,256,4,2048,64,11,17,False,0,1.516999,True
slm,14,2,64,1,256,4,2048,64,11,17,True,1,1.54402,True
slm,14,2,64,1,256,4,2048,64,11,18,False,0,1.52398,True
slm,14,2,64,1,256,4,2048,64,11,18,True,1,1.541727,True
slm,14,2,64,1,256,4,2048,64,11,19,False,0,1.53077,True
slm,14,2,64,1,256,4,2048,64,11,19,True,1,1.562848,True
slm,14,2,64,1,256,4,2048,64,29,0,True,0,1.586925,True
slm,14,2,64,1,256,4,2048,64,29,0,False,1,1.562468,True
slm,14,2,64,1,256,4,2048,64,29,1,False,0,1.557541,True
slm,14,2,64,1,256,4,2048,64,29,1,True,1,1.590161,True
slm,14,2,64,1,256,4,2048,64,29,2,True,0,1.598192,True
slm,14,2,64,1,256,4,2048,64,29,2,False,1,1.557781,True
slm,14,2,64,1,256,4,2048,64,29,3,False,0,1.560225,True
slm,14,2,64,1,256,4,2048,64,29,3,True,1,1.59026,True
slm,14,2,64,1,256,4,2048,64,29,4,True,0,1.610141,True
slm,14,2,64,1,256,4,2048,64,29,4,False,1,1.56391,True
slm,14,2,64,1,256,4,2048,64,29,5,False,0,1.513263,True
slm,14,2,64,1,256,4,2048,64,29,5,True,1,1.542799,True
slm,14,2,64,1,256,4,2048,64,29,6,True,0,1.559514,True
slm,14,2,64,1,256,4,2048,64,29,6,False,1,1.532383,True
slm,14,2,64,1,256,4,2048,64,29,7,True,0,1.571162,True
slm,14,2,64,1,256,4,2048,64,29,7,False,1,1.543499,True
slm,14,2,64,1,256,4,2048,64,29,8,False,0,1.541637,True
slm,14,2,64,1,256,4,2048,64,29,8,True,1,1.574426,True
slm,14,2,64,1,256,4,2048,64,29,9,True,0,1.587346,True
slm,14,2,64,1,256,4,2048,64,29,9,False,1,1.553464,True
slm,14,2,64,1,256,4,2048,64,29,10,False,0,1.556349,True
slm,14,2,64,1,256,4,2048,64,29,10,True,1,1.581366,True
slm,14,2,64,1,256,4,2048,64,29,11,False,0,1.558582,True
slm,14,2,64,1,256,4,2048,64,29,11,True,1,1.579253,True
slm,14,2,64,1,256,4,2048,64,29,12,True,0,1.60306,True
slm,14,2,64,1,256,4,2048,64,29,12,False,1,1.552032,True
slm,14,2,64,1,256,4,2048,64,29,13,True,0,1.593065,True
slm,14,2,64,1,256,4,2048,64,29,13,False,1,1.565773,True
slm,14,2,64,1,256,4,2048,64,29,14,True,0,1.596861,True
slm,14,2,64,1,256,4,2048,64,29,14,False,1,1.567426,True
slm,14,2,64,1,256,4,2048,64,29,15,True,0,1.594777,True
slm,14,2,64,1,256,4,2048,64,29,15,False,1,1.563219,True
slm,14,2,64,1,256,4,2048,64,29,16,False,0,1.566354,True
slm,14,2,64,1,256,4,2048,64,29,16,True,1,1.593706,True
slm,14,2,64,1,256,4,2048,64,29,17,False,0,1.561517,True
slm,14,2,64,1,256,4,2048,64,29,17,True,1,1.558041,True
slm,14,2,64,1,256,4,2048,64,29,18,True,0,1.558292,True
slm,14,2,64,1,256,4,2048,64,29,18,False,1,1.534616,True
slm,14,2,64,1,256,4,2048,64,29,19,True,0,1.572654,True
slm,14,2,64,1,256,4,2048,64,29,19,False,1,1.540966,True
slm,14,2,64,1,256,4,2048,64,47,0,False,0,1.549448,True
slm,14,2,64,1,256,4,2048,64,47,0,True,1,1.595499,True
slm,14,2,64,1,256,4,2048,64,47,1,False,0,1.570721,True
slm,14,2,64,1,256,4,2048,64,47,1,True,1,1.591192,True
slm,14,2,64,1,256,4,2048,64,47,2,True,0,1.564351,True
slm,14,2,64,1,256,4,2048,64,47,2,False,1,1.538622,True
slm,14,2,64,1,256,4,2048,64,47,3,True,0,1.579924,True
slm,14,2,64,1,256,4,2048,64,47,3,False,1,1.547596,True
slm,14,2,64,1,256,4,2048,64,47,4,False,0,1.540946,True
slm,14,2,64,1,256,4,2048,64,47,4,True,1,1.584942,True
slm,14,2,64,1,256,4,2048,64,47,5,False,0,1.555538,True
slm,14,2,64,1,256,4,2048,64,47,5,True,1,1.585243,True
slm,14,2,64,1,256,4,2048,64,47,6,False,0,1.554015,True
slm,14,2,64,1,256,4,2048,64,47,6,True,1,1.582629,True
slm,14,2,64,1,256,4,2048,64,47,7,False,0,1.55661,True
slm,14,2,64,1,256,4,2048,64,47,7,True,1,1.587687,True
slm,14,2,64,1,256,4,2048,64,47,8,True,0,1.579884,True
slm,14,2,64,1,256,4,2048,64,47,8,False,1,1.56333,True
slm,14,2,64,1,256,4,2048,64,47,9,True,0,1.594196,True
slm,14,2,64,1,256,4,2048,64,47,9,False,1,1.571072,True
slm,14,2,64,1,256,4,2048,64,47,10,True,0,1.588147,True
slm,14,2,64,1,256,4,2048,64,47,10,False,1,1.567146,True
slm,14,2,64,1,256,4,2048,64,47,11,False,0,1.557391,True
slm,14,2,64,1,256,4,2048,64,47,11,True,1,1.595518,True
slm,14,2,64,1,256,4,2048,64,47,12,True,0,1.592584,True
slm,14,2,64,1,256,4,2048,64,47,12,False,1,1.565312,True
slm,14,2,64,1,256,4,2048,64,47,13,False,0,1.558192,True
slm,14,2,64,1,256,4,2048,64,47,13,True,1,1.597572,True
slm,14,2,64,1,256,4,2048,64,47,14,False,0,1.5639,True
slm,14,2,64,1,256,4,2048,64,47,14,True,1,1.592043,True
slm,14,2,64,1,256,4,2048,64,47,15,False,0,1.565153,True
slm,14,2,64,1,256,4,2048,64,47,15,True,1,1.590561,True
slm,14,2,64,1,256,4,2048,64,47,16,False,0,1.565012,True
slm,14,2,64,1,256,4,2048,64,47,16,True,1,1.59647,True
slm,14,2,64,1,256,4,2048,64,47,17,True,0,1.590421,True
slm,14,2,64,1,256,4,2048,64,47,17,False,1,1.57025,True
slm,14,2,64,1,256,4,2048,64,47,18,True,0,1.591132,True
slm,14,2,64,1,256,4,2048,64,47,18,False,1,1.565342,True
slm,14,2,64,1,256,4,2048,64,47,19,True,0,1.592214,True
slm,14,2,64,1,256,4,2048,64,47,19,False,1,1.565433,True
slm,14,2,64,1,256,4,8192,64,11,0,True,0,6.051201,True
slm,14,2,64,1,256,4,8192,64,11,0,False,1,5.941315,True
slm,14,2,64,1,256,4,8192,64,11,1,False,0,5.901546,True
slm,14,2,64,1,256,4,8192,64,11,1,True,1,6.051172,True
slm,14,2,64,1,256,4,8192,64,11,2,False,0,5.913803,True
slm,14,2,64,1,256,4,8192,64,11,2,True,1,6.062049,True
slm,14,2,64,1,256,4,8192,64,11,3,True,0,6.146937,True
slm,14,2,64,1,256,4,8192,64,11,3,False,1,5.930228,True
slm,14,2,64,1,256,4,8192,64,11,4,True,0,6.074367,True
slm,14,2,64,1,256,4,8192,64,11,4,False,1,5.91799,True
slm,14,2,64,1,256,4,8192,64,11,5,False,0,5.898109,True
slm,14,2,64,1,256,4,8192,64,11,5,True,1,6.099044,True
slm,14,2,64,1,256,4,8192,64,11,6,False,0,5.947955,True
slm,14,2,64,1,256,4,8192,64,11,6,True,1,6.068999,True
slm,14,2,64,1,256,4,8192,64,11,7,True,0,6.100827,True
slm,14,2,64,1,256,4,8192,64,11,7,False,1,5.953885,True
slm,14,2,64,1,256,4,8192,64,11,8,False,0,5.934906,True
slm,14,2,64,1,256,4,8192,64,11,8,True,1,6.09,True
slm,14,2,64,1,256,4,8192,64,11,9,False,0,5.893733,True
slm,14,2,64,1,256,4,8192,64,11,9,True,1,6.086545,True
slm,14,2,64,1,256,4,8192,64,11,10,False,0,6.038493,True
slm,14,2,64,1,256,4,8192,64,11,10,True,1,6.098253,True
slm,14,2,64,1,256,4,8192,64,11,11,True,0,6.108038,True
slm,14,2,64,1,256,4,8192,64,11,11,False,1,5.957499,True
slm,14,2,64,1,256,4,8192,64,11,12,False,0,5.933023,True
slm,14,2,64,1,256,4,8192,64,11,12,True,1,6.092384,True
slm,14,2,64,1,256,4,8192,64,11,13,True,0,6.047816,True
slm,14,2,64,1,256,4,8192,64,11,13,False,1,5.927885,True
slm,14,2,64,1,256,4,8192,64,11,14,False,0,5.943188,True
slm,14,2,64,1,256,4,8192,64,11,14,True,1,6.091994,True
slm,14,2,64,1,256,4,8192,64,11,15,False,0,5.970399,True
slm,14,2,64,1,256,4,8192,64,11,15,True,1,6.094828,True
slm,14,2,64,1,256,4,8192,64,11,16,False,0,5.947384,True
slm,14,2,64,1,256,4,8192,64,11,16,True,1,6.100486,True
slm,14,2,64,1,256,4,8192,64,11,17,True,0,6.077031,True
slm,14,2,64,1,256,4,8192,64,11,17,False,1,5.965491,True
slm,14,2,64,1,256,4,8192,64,11,18,True,0,6.100065,True
slm,14,2,64,1,256,4,8192,64,11,18,False,1,5.9318,True
slm,14,2,64,1,256,4,8192,64,11,19,False,0,5.941006,True
slm,14,2,64,1,256,4,8192,64,11,19,True,1,6.066905,True
slm,14,2,64,1,256,4,8192,64,29,0,False,0,5.91126,True
slm,14,2,64,1,256,4,8192,64,29,0,True,1,6.054567,True
slm,14,2,64,1,256,4,8192,64,29,1,False,0,5.919672,True
slm,14,2,64,1,256,4,8192,64,29,1,True,1,6.482465,True
slm,14,2,64,1,256,4,8192,64,29,2,True,0,6.06338,True
slm,14,2,64,1,256,4,8192,64,29,2,False,1,5.861735,True
slm,14,2,64,1,256,4,8192,64,29,3,False,0,5.934976,True
slm,14,2,64,1,256,4,8192,64,29,3,True,1,6.08952,True
slm,14,2,64,1,256,4,8192,64,29,4,False,0,5.934986,True
slm,14,2,64,1,256,4,8192,64,29,4,True,1,6.319488,True
slm,14,2,64,1,256,4,8192,64,29,5,True,0,6.100576,True
slm,14,2,64,1,256,4,8192,64,29,5,False,1,5.963569,True
slm,14,2,64,1,256,4,8192,64,29,6,False,0,5.903709,True
slm,14,2,64,1,256,4,8192,64,29,6,True,1,6.086394,True
slm,14,2,64,1,256,4,8192,64,29,7,True,0,6.095729,True
slm,14,2,64,1,256,4,8192,64,29,7,False,1,5.900734,True
slm,14,2,64,1,256,4,8192,64,29,8,True,0,6.098934,True
slm,14,2,64,1,256,4,8192,64,29,8,False,1,5.976559,True
slm,14,2,64,1,256,4,8192,64,29,9,False,0,5.927084,True
slm,14,2,64,1,256,4,8192,64,29,9,True,1,6.066265,True
slm,14,2,64,1,256,4,8192,64,29,10,True,0,6.070771,True
slm,14,2,64,1,256,4,8192,64,29,10,False,1,5.928015,True
slm,14,2,64,1,256,4,8192,64,29,11,True,0,6.084763,True
slm,14,2,64,1,256,4,8192,64,29,11,False,1,5.928136,True
slm,14,2,64,1,256,4,8192,64,29,12,True,0,6.060476,True
slm,14,2,64,1,256,4,8192,64,29,12,False,1,5.94478,True
slm,14,2,64,1,256,4,8192,64,29,13,True,0,6.075179,True
slm,14,2,64,1,256,4,8192,64,29,13,False,1,5.992453,True
slm,14,2,64,1,256,4,8192,64,29,14,False,0,5.92512,True
slm,14,2,64,1,256,4,8192,64,29,14,True,1,6.068368,True
slm,14,2,64,1,256,4,8192,64,29,15,False,0,5.94443,True
slm,14,2,64,1,256,4,8192,64,29,15,True,1,6.068467,True
slm,14,2,64,1,256,4,8192,64,29,16,True,0,6.051592,True
slm,14,2,64,1,256,4,8192,64,29,16,False,1,5.930719,True
slm,14,2,64,1,256,4,8192,64,29,17,False,0,5.936178,True
slm,14,2,64,1,256,4,8192,64,29,17,True,1,6.102659,True
slm,14,2,64,1,256,4,8192,64,29,18,False,0,5.952272,True
slm,14,2,64,1,256,4,8192,64,29,18,True,1,6.087427,True
slm,14,2,64,1,256,4,8192,64,29,19,True,0,6.093726,True
slm,14,2,64,1,256,4,8192,64,29,19,False,1,5.93093,True
slm,14,2,64,1,256,4,8192,64,47,0,True,0,6.085003,True
slm,14,2,64,1,256,4,8192,64,47,0,False,1,5.922056,True
slm,14,2,64,1,256,4,8192,64,47,1,True,0,6.068978,True
slm,14,2,64,1,256,4,8192,64,47,1,False,1,5.967575,True
slm,14,2,64,1,256,4,8192,64,47,2,False,0,5.859141,True
slm,14,2,64,1,256,4,8192,64,47,2,True,1,6.067126,True
slm,14,2,64,1,256,4,8192,64,47,3,True,0,6.064281,True
slm,14,2,64,1,256,4,8192,64,47,3,False,1,5.938201,True
slm,14,2,64,1,256,4,8192,64,47,4,False,0,5.931721,True
slm,14,2,64,1,256,4,8192,64,47,4,True,1,6.059454,True
slm,14,2,64,1,256,4,8192,64,47,5,True,0,6.082269,True
slm,14,2,64,1,256,4,8192,64,47,5,False,1,5.905401,True
slm,14,2,64,1,256,4,8192,64,47,6,True,0,6.089219,True
slm,14,2,64,1,256,4,8192,64,47,6,False,1,5.95795,True
slm,14,2,64,1,256,4,8192,64,47,7,True,0,6.072313,True
slm,14,2,64,1,256,4,8192,64,47,7,False,1,5.881245,True
slm,14,2,64,1,256,4,8192,64,47,8,True,0,6.100827,True
slm,14,2,64,1,256,4,8192,64,47,8,False,1,5.888765,True
slm,14,2,64,1,256,4,8192,64,47,9,True,0,6.07606,True
slm,14,2,64,1,256,4,8192,64,47,9,False,1,5.947305,True
slm,14,2,64,1,256,4,8192,64,47,10,True,0,6.097962,True
slm,14,2,64,1,256,4,8192,64,47,10,False,1,5.906192,True
slm,14,2,64,1,256,4,8192,64,47,11,False,0,5.887253,True
slm,14,2,64,1,256,4,8192,64,47,11,True,1,6.082049,True
slm,14,2,64,1,256,4,8192,64,47,12,False,0,5.93816,True
slm,14,2,64,1,256,4,8192,64,47,12,True,1,6.07676,True
slm,14,2,64,1,256,4,8192,64,47,13,False,0,5.900773,True
slm,14,2,64,1,256,4,8192,64,47,13,True,1,6.097512,True
slm,14,2,64,1,256,4,8192,64,47,14,False,0,5.996139,True
slm,14,2,64,1,256,4,8192,64,47,14,True,1,6.114347,True
slm,14,2,64,1,256,4,8192,64,47,15,True,0,6.051863,True
slm,14,2,64,1,256,4,8192,64,47,15,False,1,5.863196,True
slm,14,2,64,1,256,4,8192,64,47,16,True,0,6.093616,True
slm,14,2,64,1,256,4,8192,64,47,16,False,1,6.416104,True
slm,14,2,64,1,256,4,8192,64,47,17,True,0,6.064393,True
slm,14,2,64,1,256,4,8192,64,47,17,False,1,5.871289,True
slm,14,2,64,1,256,4,8192,64,47,18,True,0,6.07636,True
slm,14,2,64,1,256,4,8192,64,47,18,False,1,5.894655,True
slm,14,2,64,1,256,4,8192,64,47,19,True,0,6.263984,True
slm,14,2,64,1,256,4,8192,64,47,19,False,1,5.946192,True
slm,14,2,64,1,512,8,2048,64,11,0,False,0,1.575759,True
slm,14,2,64,1,512,8,2048,64,11,0,True,1,1.671724,True
slm,14,2,64,1,512,8,2048,64,11,1,True,0,1.62947,True
slm,14,2,64,1,512,8,2048,64,11,1,False,1,1.604782,True
slm,14,2,64,1,512,8,2048,64,11,2,True,0,1.605354,True
slm,14,2,64,1,512,8,2048,64,11,2,False,1,1.601337,True
slm,14,2,64,1,512,8,2048,64,11,3,False,0,1.561827,True
slm,14,2,64,1,512,8,2048,64,11,3,True,1,1.624993,True
slm,14,2,64,1,512,8,2048,64,11,4,False,0,1.568548,True
slm,14,2,64,1,512,8,2048,64,11,4,True,1,1.628979,True
slm,14,2,64,1,512,8,2048,64,11,5,False,0,1.565443,True
slm,14,2,64,1,512,8,2048,64,11,5,True,1,1.619885,True
slm,14,2,64,1,512,8,2048,64,11,6,True,0,1.601647,True
slm,14,2,64,1,512,8,2048,64,11,6,False,1,1.585393,True
slm,14,2,64,1,512,8,2048,64,11,7,False,0,1.57011,True
slm,14,2,64,1,512,8,2048,64,11,7,True,1,1.612595,True
slm,14,2,64,1,512,8,2048,64,11,8,True,0,1.602769,True
slm,14,2,64,1,512,8,2048,64,11,8,False,1,1.58325,True
slm,14,2,64,1,512,8,2048,64,11,9,True,0,1.606345,True
slm,14,2,64,1,512,8,2048,64,11,9,False,1,1.581347,True
slm,14,2,64,1,512,8,2048,64,11,10,False,0,1.56972,True
slm,14,2,64,1,512,8,2048,64,11,10,True,1,1.61614,True
slm,14,2,64,1,512,8,2048,64,11,11,False,0,1.568438,True
slm,14,2,64,1,512,8,2048,64,11,11,True,1,1.613245,True
slm,14,2,64,1,512,8,2048,64,11,12,False,0,1.570881,True
slm,14,2,64,1,512,8,2048,64,11,12,True,1,1.608217,True
slm,14,2,64,1,512,8,2048,64,11,13,True,0,1.595118,True
slm,14,2,64,1,512,8,2048,64,11,13,False,1,1.581447,True
slm,14,2,64,1,512,8,2048,64,11,14,False,0,1.56339,True
slm,14,2,64,1,512,8,2048,64,11,14,True,1,1.621968,True
slm,14,2,64,1,512,8,2048,64,11,15,False,0,1.565543,True
slm,14,2,64,1,512,8,2048,64,11,15,True,1,1.621678,True
slm,14,2,64,1,512,8,2048,64,11,16,False,0,1.565413,True
slm,14,2,64,1,512,8,2048,64,11,16,True,1,1.62284,True
slm,14,2,64,1,512,8,2048,64,11,17,True,0,1.593155,True
slm,14,2,64,1,512,8,2048,64,11,17,False,1,1.59011,True
slm,14,2,64,1,512,8,2048,64,11,18,False,0,1.559734,True
slm,14,2,64,1,512,8,2048,64,11,18,True,1,1.61623,True
slm,14,2,64,1,512,8,2048,64,11,19,True,0,1.593896,True
slm,14,2,64,1,512,8,2048,64,11,19,False,1,1.592944,True
slm,14,2,64,1,512,8,2048,64,29,0,True,0,1.653496,True
slm,14,2,64,1,512,8,2048,64,29,0,False,1,1.603861,True
slm,14,2,64,1,512,8,2048,64,29,1,False,0,1.573064,True
slm,14,2,64,1,512,8,2048,64,29,1,True,1,1.641107,True
slm,14,2,64,1,512,8,2048,64,29,2,False,0,1.575147,True
slm,14,2,64,1,512,8,2048,64,29,2,True,1,1.622749,True
slm,14,2,64,1,512,8,2048,64,29,3,False,0,1.577201,True
slm,14,2,64,1,512,8,2048,64,29,3,True,1,1.615529,True
slm,14,2,64,1,512,8,2048,64,29,4,False,0,1.579605,True
slm,14,2,64,1,512,8,2048,64,29,4,True,1,1.612815,True
slm,14,2,64,1,512,8,2048,64,29,5,True,0,1.608298,True
slm,14,2,64,1,512,8,2048,64,29,5,False,1,1.580686,True
slm,14,2,64,1,512,8,2048,64,29,6,True,0,1.610912,True
slm,14,2,64,1,512,8,2048,64,29,6,False,1,1.580966,True
slm,14,2,64,1,512,8,2048,64,29,7,True,0,1.604622,True
slm,14,2,64,1,512,8,2048,64,29,7,False,1,1.595489,True
slm,14,2,64,1,512,8,2048,64,29,8,False,0,1.571973,True
slm,14,2,64,1,512,8,2048,64,29,8,True,1,1.613305,True
slm,14,2,64,1,512,8,2048,64,29,9,True,0,1.593495,True
slm,14,2,64,1,512,8,2048,64,29,9,False,1,1.585893,True
slm,14,2,64,1,512,8,2048,64,29,10,False,0,1.57667,True
slm,14,2,64,1,512,8,2048,64,29,10,True,1,1.615068,True
slm,14,2,64,1,512,8,2048,64,29,11,True,0,1.611913,True
slm,14,2,64,1,512,8,2048,64,29,11,False,1,1.586825,True
slm,14,2,64,1,512,8,2048,64,29,12,False,0,1.564381,True
slm,14,2,64,1,512,8,2048,64,29,12,True,1,1.641258,True
slm,14,2,64,1,512,8,2048,64,29,13,False,0,1.57004,True
slm,14,2,64,1,512,8,2048,64,29,13,True,1,1.619284,True
slm,14,2,64,1,512,8,2048,64,29,14,False,0,1.571001,True
slm,14,2,64,1,512,8,2048,64,29,14,True,1,1.617472,True
slm,14,2,64,1,512,8,2048,64,29,15,False,0,1.569268,True
slm,14,2,64,1,512,8,2048,64,29,15,True,1,1.620096,True
slm,14,2,64,1,512,8,2048,64,29,16,False,0,1.568187,True
slm,14,2,64,1,512,8,2048,64,29,16,True,1,1.611893,True
slm,14,2,64,1,512,8,2048,64,29,17,True,0,1.601328,True
slm,14,2,64,1,512,8,2048,64,29,17,False,1,1.579073,True
slm,14,2,64,1,512,8,2048,64,29,18,True,0,1.616871,True
slm,14,2,64,1,512,8,2048,64,29,18,False,1,1.58983,True
slm,14,2,64,1,512,8,2048,64,29,19,True,0,1.611462,True
slm,14,2,64,1,512,8,2048,64,29,19,False,1,1.587556,True
slm,14,2,64,1,512,8,2048,64,47,0,True,0,1.613615,True
slm,14,2,64,1,512,8,2048,64,47,0,False,1,1.596419,True
slm,14,2,64,1,512,8,2048,64,47,1,False,0,1.60357,True
slm,14,2,64,1,512,8,2048,64,47,1,True,1,1.628939,True
slm,14,2,64,1,512,8,2048,64,47,2,False,0,1.618733,True
slm,14,2,64,1,512,8,2048,64,47,2,True,1,1.613746,True
slm,14,2,64,1,512,8,2048,64,47,3,True,0,1.672636,True
slm,14,2,64,1,512,8,2048,64,47,3,False,1,1.574236,True
slm,14,2,64,1,512,8,2048,64,47,4,False,0,1.591572,True
slm,14,2,64,1,512,8,2048,64,47,4,True,1,1.605393,True
slm,14,2,64,1,512,8,2048,64,47,5,False,0,1.596129,True
slm,14,2,64,1,512,8,2048,64,47,5,True,1,1.610271,True
slm,14,2,64,1,512,8,2048,64,47,6,False,0,1.575007,True
slm,14,2,64,1,512,8,2048,64,47,6,True,1,1.610411,True
slm,14,2,64,1,512,8,2048,64,47,7,True,0,1.61618,True
slm,14,2,64,1,512,8,2048,64,47,7,False,1,1.575589,True
slm,14,2,64,1,512,8,2048,64,47,8,False,0,1.572944,True
slm,14,2,64,1,512,8,2048,64,47,8,True,1,1.614797,True
slm,14,2,64,1,512,8,2048,64,47,9,True,0,1.611032,True
slm,14,2,64,1,512,8,2048,64,47,9,False,1,1.582909,True
slm,14,2,64,1,512,8,2048,64,47,10,True,0,1.600145,True
slm,14,2,64,1,512,8,2048,64,47,10,False,1,1.578643,True
slm,14,2,64,1,512,8,2048,64,47,11,False,0,1.564982,True
slm,14,2,64,1,512,8,2048,64,47,11,True,1,1.62282,True
slm,14,2,64,1,512,8,2048,64,47,12,True,0,1.598082,True
slm,14,2,64,1,512,8,2048,64,47,12,False,1,1.614837,True
slm,14,2,64,1,512,8,2048,64,47,13,False,0,1.591612,True
slm,14,2,64,1,512,8,2048,64,47,13,True,1,1.608678,True
slm,14,2,64,1,512,8,2048,64,47,14,False,0,1.579815,True
slm,14,2,64,1,512,8,2048,64,47,14,True,1,1.610891,True
slm,14,2,64,1,512,8,2048,64,47,15,False,0,1.572844,True
slm,14,2,64,1,512,8,2048,64,47,15,True,1,1.606895,True
slm,14,2,64,1,512,8,2048,64,47,16,False,0,1.579084,True
slm,14,2,64,1,512,8,2048,64,47,16,True,1,1.604682,True
slm,14,2,64,1,512,8,2048,64,47,17,True,0,1.615539,True
slm,14,2,64,1,512,8,2048,64,47,17,False,1,1.573304,True
slm,14,2,64,1,512,8,2048,64,47,18,False,0,1.574517,True
slm,14,2,64,1,512,8,2048,64,47,18,True,1,1.627387,True
slm,14,2,64,1,512,8,2048,64,47,19,True,0,1.614938,True
slm,14,2,64,1,512,8,2048,64,47,19,False,1,1.584191,True
slm,14,2,64,1,512,8,8192,64,11,0,False,0,5.880453,True
slm,14,2,64,1,512,8,8192,64,11,0,True,1,6.019714,True
slm,14,2,64,1,512,8,8192,64,11,1,False,0,5.887654,True
slm,14,2,64,1,512,8,8192,64,11,1,True,1,6.00412,True
slm,14,2,64,1,512,8,8192,64,11,2,True,0,5.970779,True
slm,14,2,64,1,512,8,8192,64,11,2,False,1,5.89178,True
slm,14,2,64,1,512,8,8192,64,11,3,False,0,5.867504,True
slm,14,2,64,1,512,8,8192,64,11,3,True,1,5.990149,True
slm,14,2,64,1,512,8,8192,64,11,4,True,0,6.008427,True
slm,14,2,64,1,512,8,8192,64,11,4,False,1,5.904579,True
slm,14,2,64,1,512,8,8192,64,11,5,True,0,5.992473,True
slm,14,2,64,1,512,8,8192,64,11,5,False,1,5.882556,True
slm,14,2,64,1,512,8,8192,64,11,6,True,0,5.995467,True
slm,14,2,64,1,512,8,8192,64,11,6,False,1,5.915536,True
slm,14,2,64,1,512,8,8192,64,11,7,True,0,6.001126,True
slm,14,2,64,1,512,8,8192,64,11,7,False,1,5.89147,True
slm,14,2,64,1,512,8,8192,64,11,8,False,0,5.885932,True
slm,14,2,64,1,512,8,8192,64,11,8,True,1,6.02983,True
slm,14,2,64,1,512,8,8192,64,11,9,False,0,5.865009,True
slm,14,2,64,1,512,8,8192,64,11,9,True,1,5.995497,True
slm,14,2,64,1,512,8,8192,64,11,10,True,0,6.124503,True
slm,14,2,64,1,512,8,8192,64,11,10,False,1,5.883498,True
slm,14,2,64,1,512,8,8192,64,11,11,False,0,5.869516,True
slm,14,2,64,1,512,8,8192,64,11,11,True,1,5.995477,True
slm,14,2,64,1,512,8,8192,64,11,12,False,0,5.8979,True
slm,14,2,64,1,512,8,8192,64,11,12,True,1,6.002648,True
slm,14,2,64,1,512,8,8192,64,11,13,False,0,5.880713,True
slm,14,2,64,1,512,8,8192,64,11,13,True,1,6.022227,True
slm,14,2,64,1,512,8,8192,64,11,14,False,0,5.893122,True
slm,14,2,64,1,512,8,8192,64,11,14,True,1,5.99073,True
slm,14,2,64,1,512,8,8192,64,11,15,False,0,5.899171,True
slm,14,2,64,1,512,8,8192,64,11,15,True,1,5.994726,True
slm,14,2,64,1,512,8,8192,64,11,16,False,0,5.873502,True
slm,14,2,64,1,512,8,8192,64,11,16,True,1,6.001527,True
slm,14,2,64,1,512,8,8192,64,11,17,False,0,5.87879,True
slm,14,2,64,1,512,8,8192,64,11,17,True,1,6.0173,True
slm,14,2,64,1,512,8,8192,64,11,18,True,0,6.006795,True
slm,14,2,64,1,512,8,8192,64,11,18,False,1,5.878279,True
slm,14,2,64,1,512,8,8192,64,11,19,False,0,5.88549,True
slm,14,2,64,1,512,8,8192,64,11,19,True,1,6.009849,True
slm,14,2,64,1,512,8,8192,64,29,0,True,0,5.996699,True
slm,14,2,64,1,512,8,8192,64,29,0,False,1,5.870227,True
slm,14,2,64,1,512,8,8192,64,29,1,True,0,5.99736,True
slm,14,2,64,1,512,8,8192,64,29,1,False,1,5.857859,True
slm,14,2,64,1,512,8,8192,64,29,2,False,0,5.868956,True
slm,14,2,64,1,512,8,8192,64,29,2,True,1,6.007135,True
slm,14,2,64,1,512,8,8192,64,29,3,False,0,5.864558,True
slm,14,2,64,1,512,8,8192,64,29,3,True,1,6.011071,True
slm,14,2,64,1,512,8,8192,64,29,4,False,0,5.870628,True
slm,14,2,64,1,512,8,8192,64,29,4,True,1,5.965511,True
slm,14,2,64,1,512,8,8192,64,29,5,False,0,5.869707,True
slm,14,2,64,1,512,8,8192,64,29,5,True,1,5.994205,True
slm,14,2,64,1,512,8,8192,64,29,6,True,0,5.964149,True
slm,14,2,64,1,512,8,8192,64,29,6,False,1,5.863937,True
slm,14,2,64,1,512,8,8192,64,29,7,True,0,5.979794,True
slm,14,2,64,1,512,8,8192,64,29,7,False,1,5.892952,True
slm,14,2,64,1,512,8,8192,64,29,8,False,0,5.850397,True
slm,14,2,64,1,512,8,8192,64,29,8,True,1,6.005813,True
slm,14,2,64,1,512,8,8192,64,29,9,True,0,6.016289,True
slm,14,2,64,1,512,8,8192,64,29,9,False,1,5.861845,True
slm,14,2,64,1,512,8,8192,64,29,10,True,0,5.967535,True
slm,14,2,64,1,512,8,8192,64,29,10,False,1,5.859962,True
slm,14,2,64,1,512,8,8192,64,29,11,False,0,5.854073,True
slm,14,2,64,1,512,8,8192,64,29,11,True,1,5.986424,True
slm,14,2,64,1,512,8,8192,64,29,12,True,0,5.993494,True
slm,14,2,64,1,512,8,8192,64,29,12,False,1,5.876857,True
slm,14,2,64,1,512,8,8192,64,29,13,False,0,5.865621,True
slm,14,2,64,1,512,8,8192,64,29,13,True,1,5.998422,True
slm,14,2,64,1,512,8,8192,64,29,14,False,0,5.860313,True
slm,14,2,64,1,512,8,8192,64,29,14,True,1,6.006935,True
slm,14,2,64,1,512,8,8192,64,29,15,False,0,5.88522,True
slm,14,2,64,1,512,8,8192,64,29,15,True,1,6.015178,True
slm,14,2,64,1,512,8,8192,64,29,16,True,0,6.006163,True
slm,14,2,64,1,512,8,8192,64,29,16,False,1,5.877077,True
slm,14,2,64,1,512,8,8192,64,29,17,False,0,5.87856,True
slm,14,2,64,1,512,8,8192,64,29,17,True,1,5.985422,True
slm,14,2,64,1,512,8,8192,64,29,18,False,0,5.849707,True
slm,14,2,64,1,512,8,8192,64,29,18,True,1,6.025573,True
slm,14,2,64,1,512,8,8192,64,29,19,False,0,5.883898,True
slm,14,2,64,1,512,8,8192,64,29,19,True,1,6.019804,True
slm,14,2,64,1,512,8,8192,64,47,0,True,0,5.992944,True
slm,14,2,64,1,512,8,8192,64,47,0,False,1,5.933013,True
slm,14,2,64,1,512,8,8192,64,47,1,False,0,5.877838,True
slm,14,2,64,1,512,8,8192,64,47,1,True,1,6.002939,True
slm,14,2,64,1,512,8,8192,64,47,2,True,0,5.982307,True
slm,14,2,64,1,512,8,8192,64,47,2,False,1,5.885971,True
slm,14,2,64,1,512,8,8192,64,47,3,False,0,5.86573,True
slm,14,2,64,1,512,8,8192,64,47,3,True,1,5.999304,True
slm,14,2,64,1,512,8,8192,64,47,4,True,0,5.982468,True
slm,14,2,64,1,512,8,8192,64,47,4,False,1,5.879361,True
slm,14,2,64,1,512,8,8192,64,47,5,True,0,5.984621,True
slm,14,2,64,1,512,8,8192,64,47,5,False,1,5.884209,True
slm,14,2,64,1,512,8,8192,64,47,6,True,0,5.997981,True
slm,14,2,64,1,512,8,8192,64,47,6,False,1,5.864639,True
slm,14,2,64,1,512,8,8192,64,47,7,False,0,5.85896,True
slm,14,2,64,1,512,8,8192,64,47,7,True,1,6.026244,True
slm,14,2,64,1,512,8,8192,64,47,8,True,0,5.973263,True
slm,14,2,64,1,512,8,8192,64,47,8,False,1,5.903127,True
slm,14,2,64,1,512,8,8192,64,47,9,True,0,5.981136,True
slm,14,2,64,1,512,8,8192,64,47,9,False,1,5.882827,True
slm,14,2,64,1,512,8,8192,64,47,10,False,0,5.872992,True
slm,14,2,64,1,512,8,8192,64,47,10,True,1,6.004771,True
slm,14,2,64,1,512,8,8192,64,47,11,False,0,5.858028,True
slm,14,2,64,1,512,8,8192,64,47,11,True,1,6.033205,True
slm,14,2,64,1,512,8,8192,64,47,12,True,0,6.000054,True
slm,14,2,64,1,512,8,8192,64,47,12,False,1,5.892121,True
slm,14,2,64,1,512,8,8192,64,47,13,False,0,5.925141,True
slm,14,2,64,1,512,8,8192,64,47,13,True,1,5.982628,True
slm,14,2,64,1,512,8,8192,64,47,14,True,0,6.020134,True
slm,14,2,64,1,512,8,8192,64,47,14,False,1,5.899491,True
slm,14,2,64,1,512,8,8192,64,47,15,True,0,6.000314,True
slm,14,2,64,1,512,8,8192,64,47,15,False,1,5.927114,True
slm,14,2,64,1,512,8,8192,64,47,16,True,0,6.029799,True
slm,14,2,64,1,512,8,8192,64,47,16,False,1,5.888595,True
slm,14,2,64,1,512,8,8192,64,47,17,False,0,5.907955,True
slm,14,2,64,1,512,8,8192,64,47,17,True,1,6.011392,True
slm,14,2,64,1,512,8,8192,64,47,18,True,0,5.983929,True
slm,14,2,64,1,512,8,8192,64,47,18,False,1,5.910929,True
slm,14,2,64,1,512,8,8192,64,47,19,True,0,5.999703,True
slm,14,2,64,1,512,8,8192,64,47,19,False,1,5.88494,True
slm,14,2,64,1,1024,16,2048,64,11,0,True,0,1.631212,True
slm,14,2,64,1,1024,16,2048,64,11,0,False,1,1.622088,True
slm,14,2,64,1,1024,16,2048,64,11,1,False,0,1.566855,True
slm,14,2,64,1,1024,16,2048,64,11,1,True,1,1.631633,True
slm,14,2,64,1,1024,16,2048,64,11,2,False,0,1.566124,True
slm,14,2,64,1,1024,16,2048,64,11,2,True,1,1.63588,True
slm,14,2,64,1,1024,16,2048,64,11,3,False,0,1.592955,True
slm,14,2,64,1,1024,16,2048,64,11,3,True,1,1.659115,True
slm,14,2,64,1,1024,16,2048,64,11,4,False,0,1.613786,True
slm,14,2,64,1,1024,16,2048,64,11,4,True,1,1.649831,True
slm,14,2,64,1,1024,16,2048,64,11,5,False,0,1.586485,True
slm,14,2,64,1,1024,16,2048,64,11,5,True,1,1.643591,True
slm,14,2,64,1,1024,16,2048,64,11,6,False,0,1.606986,True
slm,14,2,64,1,1024,16,2048,64,11,6,True,1,1.650722,True
slm,14,2,64,1,1024,16,2048,64,11,7,True,0,1.618723,True
slm,14,2,64,1,1024,16,2048,64,11,7,False,1,1.601066,True
slm,14,2,64,1,1024,16,2048,64,11,8,True,0,1.648419,True
slm,14,2,64,1,1024,16,2048,64,11,8,False,1,1.608979,True
slm,14,2,64,1,1024,16,2048,64,11,9,True,0,1.631543,True
slm,14,2,64,1,1024,16,2048,64,11,9,False,1,1.62297,True
slm,14,2,64,1,1024,16,2048,64,11,10,False,0,1.586444,True
slm,14,2,64,1,1024,16,2048,64,11,10,True,1,1.619715,True
slm,14,2,64,1,1024,16,2048,64,11,11,True,0,1.620766,True
slm,14,2,64,1,1024,16,2048,64,11,11,False,1,1.600596,True
slm,14,2,64,1,1024,16,2048,64,11,12,False,0,1.590361,True
slm,14,2,64,1,1024,16,2048,64,11,12,True,1,1.615479,True
slm,14,2,64,1,1024,16,2048,64,11,13,False,0,1.580235,True
slm,14,2,64,1,1024,16,2048,64,11,13,True,1,1.622709,True
slm,14,2,64,1,1024,16,2048,64,11,14,True,0,1.612925,True
slm,14,2,64,1,1024,16,2048,64,11,14,False,1,1.579524,True
slm,14,2,64,1,1024,16,2048,64,11,15,False,0,1.578452,True
slm,14,2,64,1,1024,16,2048,64,11,15,True,1,1.619605,True
slm,14,2,64,1,1024,16,2048,64,11,16,True,0,1.620917,True
slm,14,2,64,1,1024,16,2048,64,11,16,False,1,1.592494,True
slm,14,2,64,1,1024,16,2048,64,11,17,False,0,1.587776,True
slm,14,2,64,1,1024,16,2048,64,11,17,True,1,1.631293,True
slm,14,2,64,1,1024,16,2048,64,11,18,True,0,1.623841,True
slm,14,2,64,1,1024,16,2048,64,11,18,False,1,1.584381,True
slm,14,2,64,1,1024,16,2048,64,11,19,True,0,1.619635,True
slm,14,2,64,1,1024,16,2048,64,11,19,False,1,1.582269,True
slm,14,2,64,1,1024,16,2048,64,29,0,False,0,1.633816,True
slm,14,2,64,1,1024,16,2048,64,29,0,True,1,1.646345,True
slm,14,2,64,1,1024,16,2048,64,29,1,False,0,1.641638,True
slm,14,2,64,1,1024,16,2048,64,29,1,True,1,1.630201,True
slm,14,2,64,1,1024,16,2048,64,29,2,False,0,1.613636,True
slm,14,2,64,1,1024,16,2048,64,29,2,True,1,1.644092,True
slm,14,2,64,1,1024,16,2048,64,29,3,True,0,1.856654,True
slm,14,2,64,1,1024,16,2048,64,29,3,False,1,1.631352,True
slm,14,2,64,1,1024,16,2048,64,29,4,True,0,1.639155,True
slm,14,2,64,1,1024,16,2048,64,29,4,False,1,1.620367,True
slm,14,2,64,1,1024,16,2048,64,29,5,True,0,1.629941,True
slm,14,2,64,1,1024,16,2048,64,29,5,False,1,1.604602,True
slm,14,2,64,1,1024,16,2048,64,29,6,True,0,1.641388,True
slm,14,2,64,1,1024,16,2048,64,29,6,False,1,1.584332,True
slm,14,2,64,1,1024,16,2048,64,29,7,True,0,1.659105,True
slm,14,2,64,1,1024,16,2048,64,29,7,False,1,1.598423,True
slm,14,2,64,1,1024,16,2048,64,29,8,False,0,1.614306,True
slm,14,2,64,1,1024,16,2048,64,29,8,True,1,1.661248,True
slm,14,2,64,1,1024,16,2048,64,29,9,True,0,1.627356,True
slm,14,2,64,1,1024,16,2048,64,29,9,False,1,1.601147,True
slm,14,2,64,1,1024,16,2048,64,29,10,True,0,1.664242,True
slm,14,2,64,1,1024,16,2048,64,29,10,False,1,1.587115,True
slm,14,2,64,1,1024,16,2048,64,29,11,False,0,1.62297,True
slm,14,2,64,1,1024,16,2048,64,29,11,True,1,1.633216,True
slm,14,2,64,1,1024,16,2048,64,29,12,True,0,1.642699,True
slm,14,2,64,1,1024,16,2048,64,29,12,False,1,1.597992,True
slm,14,2,64,1,1024,16,2048,64,29,13,False,0,1.581327,True
slm,14,2,64,1,1024,16,2048,64,29,13,True,1,1.637461,True
slm,14,2,64,1,1024,16,2048,64,29,14,True,0,1.651173,True
slm,14,2,64,1,1024,16,2048,64,29,14,False,1,1.590521,True
slm,14,2,64,1,1024,16,2048,64,29,15,True,0,1.671093,True
slm,14,2,64,1,1024,16,2048,64,29,15,False,1,1.640817,True
slm,14,2,64,1,1024,16,2048,64,29,16,False,0,1.625153,True
slm,14,2,64,1,1024,16,2048,64,29,16,True,1,1.648639,True
slm,14,2,64,1,1024,16,2048,64,29,17,True,0,1.66281,True
slm,14,2,64,1,1024,16,2048,64,29,17,False,1,1.626956,True
slm,14,2,64,1,1024,16,2048,64,29,18,True,0,1.618784,True
slm,14,2,64,1,1024,16,2048,64,29,18,False,1,1.665805,True
slm,14,2,64,1,1024,16,2048,64,29,19,True,0,1.631423,True
slm,14,2,64,1,1024,16,2048,64,29,19,False,1,1.638814,True
slm,14,2,64,1,1024,16,2048,64,47,0,True,0,1.616731,True
slm,14,2,64,1,1024,16,2048,64,47,0,False,1,1.579494,True
slm,14,2,64,1,1024,16,2048,64,47,1,True,0,1.628859,True
slm,14,2,64,1,1024,16,2048,64,47,1,False,1,1.608327,True
slm,14,2,64,1,1024,16,2048,64,47,2,False,0,1.575629,True
slm,14,2,64,1,1024,16,2048,64,47,2,True,1,1.641628,True
slm,14,2,64,1,1024,16,2048,64,47,3,False,0,1.591943,True
slm,14,2,64,1,1024,16,2048,64,47,3,True,1,1.638543,True
slm,14,2,64,1,1024,16,2048,64,47,4,True,0,1.625243,True
slm,14,2,64,1,1024,16,2048,64,47,4,False,1,1.593706,True
slm,14,2,64,1,1024,16,2048,64,47,5,True,0,1.62312,True
slm,14,2,64,1,1024,16,2048,64,47,5,False,1,1.576619,True
slm,14,2,64,1,1024,16,2048,64,47,6,True,0,1.608197,True
slm,14,2,64,1,1024,16,2048,64,47,6,False,1,1.580666,True
slm,14,2,64,1,1024,16,2048,64,47,7,False,0,1.607667,True
slm,14,2,64,1,1024,16,2048,64,47,7,True,1,1.618192,True
slm,14,2,64,1,1024,16,2048,64,47,8,True,0,1.652255,True
slm,14,2,64,1,1024,16,2048,64,47,8,False,1,1.581367,True
slm,14,2,64,1,1024,16,2048,64,47,9,False,0,1.613045,True
slm,14,2,64,1,1024,16,2048,64,47,9,True,1,1.616651,True
slm,14,2,64,1,1024,16,2048,64,47,10,True,0,1.633516,True
slm,14,2,64,1,1024,16,2048,64,47,10,False,1,1.592544,True
slm,14,2,64,1,1024,16,2048,64,47,11,True,0,1.618213,True
slm,14,2,64,1,1024,16,2048,64,47,11,False,1,1.594126,True
slm,14,2,64,1,1024,16,2048,64,47,12,False,0,1.625644,True
slm,14,2,64,1,1024,16,2048,64,47,12,True,1,1.624883,True
slm,14,2,64,1,1024,16,2048,64,47,13,True,0,1.657923,True
slm,14,2,64,1,1024,16,2048,64,47,13,False,1,1.592764,True
slm,14,2,64,1,1024,16,2048,64,47,14,False,0,1.616931,True
slm,14,2,64,1,1024,16,2048,64,47,14,True,1,1.638554,True
slm,14,2,64,1,1024,16,2048,64,47,15,True,0,1.653977,True
slm,14,2,64,1,1024,16,2048,64,47,15,False,1,1.586965,True
slm,14,2,64,1,1024,16,2048,64,47,16,False,0,1.615789,True
slm,14,2,64,1,1024,16,2048,64,47,16,True,1,1.63628,True
slm,14,2,64,1,1024,16,2048,64,47,17,False,0,1.621428,True
slm,14,2,64,1,1024,16,2048,64,47,17,True,1,1.631904,True
slm,14,2,64,1,1024,16,2048,64,47,18,False,0,1.604892,True
slm,14,2,64,1,1024,16,2048,64,47,18,True,1,1.620216,True
slm,14,2,64,1,1024,16,2048,64,47,19,False,0,1.584742,True
slm,14,2,64,1,1024,16,2048,64,47,19,True,1,1.646155,True
slm,14,2,64,1,1024,16,8192,64,11,0,False,0,5.868885,True
slm,14,2,64,1,1024,16,8192,64,11,0,True,1,6.006574,True
slm,14,2,64,1,1024,16,8192,64,11,1,False,0,5.881375,True
slm,14,2,64,1,1024,16,8192,64,11,1,True,1,5.981776,True
slm,14,2,64,1,1024,16,8192,64,11,2,True,0,5.989508,True
slm,14,2,64,1,1024,16,8192,64,11,2,False,1,5.8654,True
slm,14,2,64,1,1024,16,8192,64,11,3,False,0,5.875225,True
slm,14,2,64,1,1024,16,8192,64,11,3,True,1,5.996399,True
slm,14,2,64,1,1024,16,8192,64,11,4,False,0,5.893843,True
slm,14,2,64,1,1024,16,8192,64,11,4,True,1,5.991301,True
slm,14,2,64,1,1024,16,8192,64,11,5,True,0,6.010951,True
slm,14,2,64,1,1024,16,8192,64,11,5,False,1,5.888946,True
slm,14,2,64,1,1024,16,8192,64,11,6,True,0,6.007886,True
slm,14,2,64,1,1024,16,8192,64,11,6,False,1,5.85804,True
slm,14,2,64,1,1024,16,8192,64,11,7,True,0,5.99683,True
slm,14,2,64,1,1024,16,8192,64,11,7,False,1,5.846952,True
slm,14,2,64,1,1024,16,8192,64,11,8,True,0,5.994115,True
slm,14,2,64,1,1024,16,8192,64,11,8,False,1,5.882697,True
slm,14,2,64,1,1024,16,8192,64,11,9,False,0,5.874444,True
slm,14,2,64,1,1024,16,8192,64,11,9,True,1,5.989999,True
slm,14,2,64,1,1024,16,8192,64,11,10,True,0,6.007786,True
slm,14,2,64,1,1024,16,8192,64,11,10,False,1,5.852862,True
slm,14,2,64,1,1024,16,8192,64,11,11,True,0,6.001927,True
slm,14,2,64,1,1024,16,8192,64,11,11,False,1,5.872721,True
slm,14,2,64,1,1024,16,8192,64,11,12,False,0,5.839751,True
slm,14,2,64,1,1024,16,8192,64,11,12,True,1,6.032163,True
slm,14,2,64,1,1024,16,8192,64,11,13,False,0,5.873452,True
slm,14,2,64,1,1024,16,8192,64,11,13,True,1,6.009168,True
slm,14,2,64,1,1024,16,8192,64,11,14,True,0,5.986583,True
slm,14,2,64,1,1024,16,8192,64,11,14,False,1,5.856066,True
slm,14,2,64,1,1024,16,8192,64,11,15,True,0,5.979082,True
slm,14,2,64,1,1024,16,8192,64,11,15,False,1,5.88505,True
slm,14,2,64,1,1024,16,8192,64,11,16,False,0,5.854474,True
slm,14,2,64,1,1024,16,8192,64,11,16,True,1,6.004931,True
slm,14,2,64,1,1024,16,8192,64,11,17,True,0,5.991941,True
slm,14,2,64,1,1024,16,8192,64,11,17,False,1,5.929286,True
slm,14,2,64,1,1024,16,8192,64,11,18,False,0,5.874284,True
slm,14,2,64,1,1024,16,8192,64,11,18,True,1,6.040445,True
slm,14,2,64,1,1024,16,8192,64,11,19,True,0,5.988666,True
slm,14,2,64,1,1024,16,8192,64,11,19,False,1,5.890158,True
slm,14,2,64,1,1024,16,8192,64,29,0,False,0,5.814193,True
slm,14,2,64,1,1024,16,8192,64,29,0,True,1,5.985421,True
slm,14,2,64,1,1024,16,8192,64,29,1,True,0,5.962697,True
slm,14,2,64,1,1024,16,8192,64,29,1,False,1,7.66646,True
slm,14,2,64,1,1024,16,8192,64,29,2,False,0,5.881665,True
slm,14,2,64,1,1024,16,8192,64,29,2,True,1,6.005332,True
slm,14,2,64,1,1024,16,8192,64,29,3,True,0,5.967595,True
slm,14,2,64,1,1024,16,8192,64,29,3,False,1,5.869737,True
slm,14,2,64,1,1024,16,8192,64,29,4,True,0,5.974675,True
slm,14,2,64,1,1024,16,8192,64,29,4,False,1,5.879462,True
slm,14,2,64,1,1024,16,8192,64,29,5,True,0,5.936017,True
slm,14,2,64,1,1024,16,8192,64,29,5,False,1,5.87848,True
slm,14,2,64,1,1024,16,8192,64,29,6,True,0,5.946963,True
slm,14,2,64,1,1024,16,8192,64,29,6,False,1,5.854994,True
slm,14,2,64,1,1024,16,8192,64,29,7,False,0,5.872661,True
slm,14,2,64,1,1024,16,8192,64,29,7,True,1,5.957129,True
slm,14,2,64,1,1024,16,8192,64,29,8,False,0,5.853301,True
slm,14,2,64,1,1024,16,8192,64,29,8,True,1,5.943999,True
slm,14,2,64,1,1024,16,8192,64,29,9,False,0,5.834033,True
slm,14,2,64,1,1024,16,8192,64,29,9,True,1,6.001486,True
slm,14,2,64,1,1024,16,8192,64,29,10,False,0,5.856206,True
slm,14,2,64,1,1024,16,8192,64,29,10,True,1,5.947074,True
slm,14,2,64,1,1024,16,8192,64,29,11,False,0,5.886994,True
slm,14,2,64,1,1024,16,8192,64,29,11,True,1,5.967545,True
slm,14,2,64,1,1024,16,8192,64,29,12,False,0,5.861424,True
slm,14,2,64,1,1024,16,8192,64,29,12,True,1,5.966353,True
slm,14,2,64,1,1024,16,8192,64,29,13,True,0,5.939262,True
slm,14,2,64,1,1024,16,8192,64,29,13,False,1,5.867994,True
slm,14,2,64,1,1024,16,8192,64,29,14,False,0,5.846481,True
slm,14,2,64,1,1024,16,8192,64,29,14,True,1,6.00354,True
slm,14,2,64,1,1024,16,8192,64,29,15,True,0,5.978572,True
slm,14,2,64,1,1024,16,8192,64,29,15,False,1,5.839751,True
slm,14,2,64,1,1024,16,8192,64,29,16,True,0,5.991621,True
slm,14,2,64,1,1024,16,8192,64,29,16,False,1,5.849637,True
slm,14,2,64,1,1024,16,8192,64,29,17,False,0,5.839191,True
slm,14,2,64,1,1024,16,8192,64,29,17,True,1,5.966673,True
slm,14,2,64,1,1024,16,8192,64,29,18,True,0,5.95732,True
slm,14,2,64,1,1024,16,8192,64,29,18,False,1,5.890729,True
slm,14,2,64,1,1024,16,8192,64,29,19,False,0,5.873102,True
slm,14,2,64,1,1024,16,8192,64,29,19,True,1,6.006945,True
slm,14,2,64,1,1024,16,8192,64,47,0,True,0,5.959883,True
slm,14,2,64,1,1024,16,8192,64,47,0,False,1,5.860242,True
slm,14,2,64,1,1024,16,8192,64,47,1,True,0,5.938981,True
slm,14,2,64,1,1024,16,8192,64,47,1,False,1,5.855124,True
slm,14,2,64,1,1024,16,8192,64,47,2,True,0,5.941565,True
slm,14,2,64,1,1024,16,8192,64,47,2,False,1,5.828905,True
slm,14,2,64,1,1024,16,8192,64,47,3,False,0,5.8454,True
slm,14,2,64,1,1024,16,8192,64,47,3,True,1,5.933113,True
slm,14,2,64,1,1024,16,8192,64,47,4,True,0,5.967324,True
slm,14,2,64,1,1024,16,8192,64,47,4,False,1,5.829736,True
slm,14,2,64,1,1024,16,8192,64,47,5,True,0,5.955407,True
slm,14,2,64,1,1024,16,8192,64,47,5,False,1,5.826702,True
slm,14,2,64,1,1024,16,8192,64,47,6,False,0,5.870748,True
slm,14,2,64,1,1024,16,8192,64,47,6,True,1,5.956629,True
slm,14,2,64,1,1024,16,8192,64,47,7,True,0,5.960034,True
slm,14,2,64,1,1024,16,8192,64,47,7,False,1,5.821864,True
slm,14,2,64,1,1024,16,8192,64,47,8,False,0,5.860333,True
slm,14,2,64,1,1024,16,8192,64,47,8,True,1,5.947645,True
slm,14,2,64,1,1024,16,8192,64,47,9,True,0,5.936938,True
slm,14,2,64,1,1024,16,8192,64,47,9,False,1,5.833572,True
slm,14,2,64,1,1024,16,8192,64,47,10,True,0,5.945621,True
slm,14,2,64,1,1024,16,8192,64,47,10,False,1,5.869717,True
slm,14,2,64,1,1024,16,8192,64,47,11,False,0,5.882045,True
slm,14,2,64,1,1024,16,8192,64,47,11,True,1,5.966874,True
slm,14,2,64,1,1024,16,8192,64,47,12,True,0,5.972603,True
slm,14,2,64,1,1024,16,8192,64,47,12,False,1,5.836266,True
slm,14,2,64,1,1024,16,8192,64,47,13,False,0,5.848664,True
slm,14,2,64,1,1024,16,8192,64,47,13,True,1,5.965392,True
slm,14,2,64,1,1024,16,8192,64,47,14,False,0,5.849647,True
slm,14,2,64,1,1024,16,8192,64,47,14,True,1,5.95117,True
slm,14,2,64,1,1024,16,8192,64,47,15,True,0,5.945161,True
slm,14,2,64,1,1024,16,8192,64,47,15,False,1,5.828835,True
slm,14,2,64,1,1024,16,8192,64,47,16,True,0,5.948175,True
slm,14,2,64,1,1024,16,8192,64,47,16,False,1,5.8845,True
slm,14,2,64,1,1024,16,8192,64,47,17,True,0,5.986614,True
slm,14,2,64,1,1024,16,8192,64,47,17,False,1,5.86524,True
slm,14,2,64,1,1024,16,8192,64,47,18,True,0,6.001225,True
slm,14,2,64,1,1024,16,8192,64,47,18,False,1,5.873813,True
slm,14,2,64,1,1024,16,8192,64,47,19,True,0,5.99078,True
slm,14,2,64,1,1024,16,8192,64,47,19,False,1,5.894073,True
slm,14,2,64,4,128,2,2048,64,11,0,True,0,1.574206,True
slm,14,2,64,4,128,2,2048,64,11,0,False,1,1.569829,True
slm,14,2,64,4,128,2,2048,64,11,1,True,0,1.610131,True
slm,14,2,64,4,128,2,2048,64,11,1,False,1,1.58314,True
slm,14,2,64,4,128,2,2048,64,11,2,True,0,1.634267,True
slm,14,2,64,4,128,2,2048,64,11,2,False,1,1.582209,True
slm,14,2,64,4,128,2,2048,64,11,3,True,0,2.981789,True
slm,14,2,64,4,128,2,2048,64,11,3,False,1,1.587887,True
slm,14,2,64,4,128,2,2048,64,11,4,False,0,1.568828,True
slm,14,2,64,4,128,2,2048,64,11,4,True,1,1.612674,True
slm,14,2,64,4,128,2,2048,64,11,5,False,0,1.555398,True
slm,14,2,64,4,128,2,2048,64,11,5,True,1,1.60987,True
slm,14,2,64,4,128,2,2048,64,11,6,False,0,1.566395,True
slm,14,2,64,4,128,2,2048,64,11,6,True,1,1.595499,True
slm,14,2,64,4,128,2,2048,64,11,7,False,0,1.563389,True
slm,14,2,64,4,128,2,2048,64,11,7,True,1,1.616941,True
slm,14,2,64,4,128,2,2048,64,11,8,True,0,1.572243,True
slm,14,2,64,4,128,2,2048,64,11,8,False,1,1.569469,True
slm,14,2,64,4,128,2,2048,64,11,9,False,0,1.548457,True
slm,14,2,64,4,128,2,2048,64,11,9,True,1,1.595439,True
slm,14,2,64,4,128,2,2048,64,11,10,False,0,1.543219,True
slm,14,2,64,4,128,2,2048,64,11,10,True,1,1.590691,True
slm,14,2,64,4,128,2,2048,64,11,11,False,0,1.554176,True
slm,14,2,64,4,128,2,2048,64,11,11,True,1,1.596369,True
slm,14,2,64,4,128,2,2048,64,11,12,True,0,1.579404,True
slm,14,2,64,4,128,2,2048,64,11,12,False,1,1.565433,True
slm,14,2,64,4,128,2,2048,64,11,13,False,0,1.578272,True
slm,14,2,64,4,128,2,2048,64,11,13,True,1,1.601066,True
slm,14,2,64,4,128,2,2048,64,11,14,True,0,1.614888,True
slm,14,2,64,4,128,2,2048,64,11,14,False,1,1.558582,True
slm,14,2,64,4,128,2,2048,64,11,15,True,0,1.605834,True
slm,14,2,64,4,128,2,2048,64,11,15,False,1,1.554977,True
slm,14,2,64,4,128,2,2048,64,11,16,False,0,1.571953,True
slm,14,2,64,4,128,2,2048,64,11,16,True,1,1.587587,True
slm,14,2,64,4,128,2,2048,64,11,17,True,0,1.600896,True
slm,14,2,64,4,128,2,2048,64,11,17,False,1,1.56383,True
slm,14,2,64,4,128,2,2048,64,11,18,True,0,1.611402,True
slm,14,2,64,4,128,2,2048,64,11,18,False,1,1.569269,True
slm,14,2,64,4,128,2,2048,64,11,19,True,0,1.594166,True
slm,14,2,64,4,128,2,2048,64,11,19,False,1,1.566855,True
slm,14,2,64,4,128,2,2048,64,29,0,True,0,1.606004,True
slm,14,2,64,4,128,2,2048,64,29,0,False,1,1.583981,True
slm,14,2,64,4,128,2,2048,64,29,1,True,0,1.582118,True
slm,14,2,64,4,128,2,2048,64,29,1,False,1,1.571672,True
slm,14,2,64,4,128,2,2048,64,29,2,True,0,1.582549,True
slm,14,2,64,4,128,2,2048,64,29,2,False,1,1.578383,True
slm,14,2,64,4,128,2,2048,64,29,3,False,0,1.540205,True
slm,14,2,64,4,128,2,2048,64,29,3,True,1,1.599134,True
slm,14,2,64,4,128,2,2048,64,29,4,False,0,1.547035,True
slm,14,2,64,4,128,2,2048,64,29,4,True,1,1.60338,True
slm,14,2,64,4,128,2,2048,64,29,5,False,0,1.547165,True
slm,14,2,64,4,128,2,2048,64,29,5,True,1,1.612144,True
slm,14,2,64,4,128,2,2048,64,29,6,False,0,1.544671,True
slm,14,2,64,4,128,2,2048,64,29,6,True,1,1.599925,True
slm,14,2,64,4,128,2,2048,64,29,7,False,0,1.551772,True
slm,14,2,64,4,128,2,2048,64,29,7,True,1,1.574998,True
slm,14,2,64,4,128,2,2048,64,29,8,True,0,1.588017,True
slm,14,2,64,4,128,2,2048,64,29,8,False,1,1.571843,True
slm,14,2,64,4,128,2,2048,64,29,9,False,0,1.549118,True
slm,14,2,64,4,128,2,2048,64,29,9,True,1,1.571262,True
slm,14,2,64,4,128,2,2048,64,29,10,False,0,1.561096,True
slm,14,2,64,4,128,2,2048,64,29,10,True,1,1.583831,True
slm,14,2,64,4,128,2,2048,64,29,11,True,0,1.615839,True
slm,14,2,64,4,128,2,2048,64,29,11,False,1,1.555748,True
slm,14,2,64,4,128,2,2048,64,29,12,False,0,1.566014,True
slm,14,2,64,4,128,2,2048,64,29,12,True,1,1.588037,True
slm,14,2,64,4,128,2,2048,64,29,13,False,0,1.568647,True
slm,14,2,64,4,128,2,2048,64,29,13,True,1,1.574687,True
slm,14,2,64,4,128,2,2048,64,29,14,True,0,1.598603,True
slm,14,2,64,4,128,2,2048,64,29,14,False,1,1.55694,True
slm,14,2,64,4,128,2,2048,64,29,15,False,0,1.557992,True
slm,14,2,64,4,128,2,2048,64,29,15,True,1,1.599695,True
slm,14,2,64,4,128,2,2048,64,29,16,True,0,1.582539,True
slm,14,2,64,4,128,2,2048,64,29,16,False,1,1.566103,True
slm,14,2,64,4,128,2,2048,64,29,17,False,0,1.55709,True
slm,14,2,64,4,128,2,2048,64,29,17,True,1,1.587696,True
slm,14,2,64,4,128,2,2048,64,29,18,False,0,1.550029,True
slm,14,2,64,4,128,2,2048,64,29,18,True,1,1.607166,True
slm,14,2,64,4,128,2,2048,64,29,19,True,0,1.576199,True
slm,14,2,64,4,128,2,2048,64,29,19,False,1,1.558602,True
slm,14,2,64,4,128,2,2048,64,47,0,True,0,1.5769,True
slm,14,2,64,4,128,2,2048,64,47,0,False,1,1.598082,True
slm,14,2,64,4,128,2,2048,64,47,1,False,0,1.552914,True
slm,14,2,64,4,128,2,2048,64,47,1,True,1,1.59624,True
slm,14,2,64,4,128,2,2048,64,47,2,False,0,1.561176,True
slm,14,2,64,4,128,2,2048,64,47,2,True,1,1.590981,True
slm,14,2,64,4,128,2,2048,64,47,3,True,0,1.589489,True
slm,14,2,64,4,128,2,2048,64,47,3,False,1,1.686366,True
slm,14,2,64,4,128,2,2048,64,47,4,False,0,1.604061,True
slm,14,2,64,4,128,2,2048,64,47,4,True,1,1.601918,True
slm,14,2,64,4,128,2,2048,64,47,5,True,0,1.594407,True
slm,14,2,64,4,128,2,2048,64,47,5,False,1,1.570781,True
slm,14,2,64,4,128,2,2048,64,47,6,False,0,1.556609,True
slm,14,2,64,4,128,2,2048,64,47,6,True,1,1.576109,True
slm,14,2,64,4,128,2,2048,64,47,7,True,0,1.592133,True
slm,14,2,64,4,128,2,2048,64,47,7,False,1,1.549308,True
slm,14,2,64,4,128,2,2048,64,47,8,False,0,1.561176,True
slm,14,2,64,4,128,2,2048,64,47,8,True,1,1.599915,True
slm,14,2,64,4,128,2,2048,64,47,9,True,0,1.584512,True
slm,14,2,64,4,128,2,2048,64,47,9,False,1,1.551702,True
slm,14,2,64,4,128,2,2048,64,47,10,False,0,1.553565,True
slm,14,2,64,4,128,2,2048,64,47,10,True,1,1.590731,True
slm,14,2,64,4,128,2,2048,64,47,11,True,0,1.585413,True
slm,14,2,64,4,128,2,2048,64,47,11,False,1,1.566855,True
slm,14,2,64,4,128,2,2048,64,47,12,False,0,1.560395,True
slm,14,2,64,4,128,2,2048,64,47,12,True,1,1.593705,True
slm,14,2,64,4,128,2,2048,64,47,13,False,0,1.554066,True
slm,14,2,64,4,128,2,2048,64,47,13,True,1,1.605323,True
slm,14,2,64,4,128,2,2048,64,47,14,False,0,1.562789,True
slm,14,2,64,4,128,2,2048,64,47,14,True,1,1.602218,True
slm,14,2,64,4,128,2,2048,64,47,15,False,0,1.561818,True
slm,14,2,64,4,128,2,2048,64,47,15,True,1,1.600736,True
slm,14,2,64,4,128,2,2048,64,47,16,False,0,1.560185,True
slm,14,2,64,4,128,2,2048,64,47,16,True,1,1.602328,True
slm,14,2,64,4,128,2,2048,64,47,17,False,0,1.55024,True
slm,14,2,64,4,128,2,2048,64,47,17,True,1,1.589249,True
slm,14,2,64,4,128,2,2048,64,47,18,True,0,1.578553,True
slm,14,2,64,4,128,2,2048,64,47,18,False,1,1.55699,True
slm,14,2,64,4,128,2,2048,64,47,19,False,0,1.558372,True
slm,14,2,64,4,128,2,2048,64,47,19,True,1,1.650952,True
slm,14,2,64,4,128,2,8192,64,11,0,True,0,5.964201,True
slm,14,2,64,4,128,2,8192,64,11,0,False,1,5.885421,True
slm,14,2,64,4,128,2,8192,64,11,1,False,0,5.934775,True
slm,14,2,64,4,128,2,8192,64,11,1,True,1,5.982187,True
slm,14,2,64,4,128,2,8192,64,11,2,True,0,5.984241,True
slm,14,2,64,4,128,2,8192,64,11,2,False,1,5.832801,True
slm,14,2,64,4,128,2,8192,64,11,3,False,0,5.834423,True
slm,14,2,64,4,128,2,8192,64,11,3,True,1,6.05023,True
slm,14,2,64,4,128,2,8192,64,11,4,False,0,5.885551,True
slm,14,2,64,4,128,2,8192,64,11,4,True,1,6.047086,True
slm,14,2,64,4,128,2,8192,64,11,5,False,0,5.8788,True
slm,14,2,64,4,128,2,8192,64,11,5,True,1,6.020354,True
slm,14,2,64,4,128,2,8192,64,11,6,False,0,5.920073,True
slm,14,2,64,4,128,2,8192,64,11,6,True,1,6.035237,True
slm,14,2,64,4,128,2,8192,64,11,7,False,0,5.922397,True
slm,14,2,64,4,128,2,8192,64,11,7,True,1,6.038342,True
slm,14,2,64,4,128,2,8192,64,11,8,False,0,5.915556,True
slm,14,2,64,4,128,2,8192,64,11,8,True,1,6.048828,True
slm,14,2,64,4,128,2,8192,64,11,9,False,0,5.892151,True
slm,14,2,64,4,128,2,8192,64,11,9,True,1,6.537739,True
slm,14,2,64,4,128,2,8192,64,11,10,False,0,5.900654,True
slm,14,2,64,4,128,2,8192,64,11,10,True,1,6.079575,True
slm,14,2,64,4,128,2,8192,64,11,11,False,0,5.897198,True
slm,14,2,64,4,128,2,8192,64,11,11,True,1,6.077933,True
slm,14,2,64,4,128,2,8192,64,11,12,False,0,5.894434,True
slm,14,2,64,4,128,2,8192,64,11,12,True,1,6.081487,True
slm,14,2,64,4,128,2,8192,64,11,13,False,0,6.156251,True
slm,14,2,64,4,128,2,8192,64,11,13,True,1,6.104913,True
slm,14,2,64,4,128,2,8192,64,11,14,False,0,5.955977,True
slm,14,2,64,4,128,2,8192,64,11,14,True,1,6.079995,True
slm,14,2,64,4,128,2,8192,64,11,15,False,0,5.952793,True
slm,14,2,64,4,128,2,8192,64,11,15,True,1,6.110291,True
slm,14,2,64,4,128,2,8192,64,11,16,True,0,6.112505,True
slm,14,2,64,4,128,2,8192,64,11,16,False,1,5.972492,True
slm,14,2,64,4,128,2,8192,64,11,17,True,0,6.138754,True
slm,14,2,64,4,128,2,8192,64,11,17,False,1,5.909847,True
slm,14,2,64,4,128,2,8192,64,11,18,False,0,5.933123,True
slm,14,2,64,4,128,2,8192,64,11,18,True,1,6.178545,True
slm,14,2,64,4,128,2,8192,64,11,19,False,0,6.053616,True
slm,14,2,64,4,128,2,8192,64,11,19,True,1,6.07698,True
slm,14,2,64,4,128,2,8192,64,29,0,False,0,5.844509,True
slm,14,2,64,4,128,2,8192,64,29,0,True,1,5.990058,True
slm,14,2,64,4,128,2,8192,64,29,1,True,0,5.98365,True
slm,14,2,64,4,128,2,8192,64,29,1,False,1,5.853632,True
slm,14,2,64,4,128,2,8192,64,29,2,False,0,5.828975,True
slm,14,2,64,4,128,2,8192,64,29,2,True,1,6.00383,True
slm,14,2,64,4,128,2,8192,64,29,3,False,0,5.865651,True
slm,14,2,64,4,128,2,8192,64,29,3,True,1,6.062028,True
slm,14,2,64,4,128,2,8192,64,29,4,False,0,6.356975,True
slm,14,2,64,4,128,2,8192,64,29,4,True,1,6.058964,True
slm,14,2,64,4,128,2,8192,64,29,5,False,0,5.900954,True
slm,14,2,64,4,128,2,8192,64,29,5,True,1,6.040155,True
slm,14,2,64,4,128,2,8192,64,29,6,False,0,5.916738,True
slm,14,2,64,4,128,2,8192,64,29,6,True,1,6.029799,True
slm,14,2,64,4,128,2,8192,64,29,7,True,0,6.048498,True
slm,14,2,64,4,128,2,8192,64,29,7,False,1,5.894184,True
slm,14,2,64,4,128,2,8192,64,29,8,True,0,6.034596,True
slm,14,2,64,4,128,2,8192,64,29,8,False,1,5.928716,True
slm,14,2,64,4,128,2,8192,64,29,9,False,0,5.889467,True
slm,14,2,64,4,128,2,8192,64,29,9,True,1,6.060947,True
slm,14,2,64,4,128,2,8192,64,29,10,True,0,6.048217,True
slm,14,2,64,4,128,2,8192,64,29,10,False,1,5.913503,True
slm,14,2,64,4,128,2,8192,64,29,11,True,0,6.041617,True
slm,14,2,64,4,128,2,8192,64,29,11,False,1,5.91165,True
slm,14,2,64,4,128,2,8192,64,29,12,False,0,5.927845,True
slm,14,2,64,4,128,2,8192,64,29,12,True,1,6.113856,True
slm,14,2,64,4,128,2,8192,64,29,13,False,0,5.888485,True
slm,14,2,64,4,128,2,8192,64,29,13,True,1,6.084923,True
slm,14,2,64,4,128,2,8192,64,29,14,False,0,5.913292,True
slm,14,2,64,4,128,2,8192,64,29,14,True,1,6.057511,True
slm,14,2,64,4,128,2,8192,64,29,15,True,0,6.097583,True
slm,14,2,64,4,128,2,8192,64,29,15,False,1,5.899762,True
slm,14,2,64,4,128,2,8192,64,29,16,True,0,6.090481,True
slm,14,2,64,4,128,2,8192,64,29,16,False,1,5.974335,True
slm,14,2,64,4,128,2,8192,64,29,17,True,0,6.088598,True
slm,14,2,64,4,128,2,8192,64,29,17,False,1,5.929948,True
slm,14,2,64,4,128,2,8192,64,29,18,True,0,6.126636,True
slm,14,2,64,4,128,2,8192,64,29,18,False,1,6.16245,True
slm,14,2,64,4,128,2,8192,64,29,19,True,0,6.13581,True
slm,14,2,64,4,128,2,8192,64,29,19,False,1,5.927755,True
slm,14,2,64,4,128,2,8192,64,47,0,True,0,5.97042,True
slm,14,2,64,4,128,2,8192,64,47,0,False,1,5.846101,True
slm,14,2,64,4,128,2,8192,64,47,1,False,0,5.828784,True
slm,14,2,64,4,128,2,8192,64,47,1,True,1,7.286123,True
slm,14,2,64,4,128,2,8192,64,47,2,True,0,5.988667,True
slm,14,2,64,4,128,2,8192,64,47,2,False,1,5.840883,True
slm,14,2,64,4,128,2,8192,64,47,3,True,0,5.967986,True
slm,14,2,64,4,128,2,8192,64,47,3,False,1,5.980735,True
slm,14,2,64,4,128,2,8192,64,47,4,False,0,5.883958,True
slm,14,2,64,4,128,2,8192,64,47,4,True,1,6.174198,True
slm,14,2,64,4,128,2,8192,64,47,5,False,0,5.902597,True
slm,14,2,64,4,128,2,8192,64,47,5,True,1,6.031201,True
slm,14,2,64,4,128,2,8192,64,47,6,True,0,6.073345,True
slm,14,2,64,4,128,2,8192,64,47,6,False,1,5.889446,True
slm,14,2,64,4,128,2,8192,64,47,7,False,0,5.861714,True
slm,14,2,64,4,128,2,8192,64,47,7,True,1,6.041327,True
slm,14,2,64,4,128,2,8192,64,47,8,False,0,5.886712,True
slm,14,2,64,4,128,2,8192,64,47,8,True,1,6.014656,True
slm,14,2,64,4,128,2,8192,64,47,9,True,0,6.035377,True
slm,14,2,64,4,128,2,8192,64,47,9,False,1,5.887694,True
slm,14,2,64,4,128,2,8192,64,47,10,False,0,5.881154,True
slm,14,2,64,4,128,2,8192,64,47,10,True,1,6.047185,True
slm,14,2,64,4,128,2,8192,64,47,11,True,0,6.046355,True
slm,14,2,64,4,128,2,8192,64,47,11,False,1,5.925832,True
slm,14,2,64,4,128,2,8192,64,47,12,False,0,5.887453,True
slm,14,2,64,4,128,2,8192,64,47,12,True,1,6.02988,True
slm,14,2,64,4,128,2,8192,64,47,13,False,0,5.914604,True
slm,14,2,64,4,128,2,8192,64,47,13,True,1,6.064222,True
slm,14,2,64,4,128,2,8192,64,47,14,True,0,6.060816,True
slm,14,2,64,4,128,2,8192,64,47,14,False,1,5.978662,True
slm,14,2,64,4,128,2,8192,64,47,15,False,0,5.927825,True
slm,14,2,64,4,128,2,8192,64,47,15,True,1,6.072854,True
slm,14,2,64,4,128,2,8192,64,47,16,True,0,6.094337,True
slm,14,2,64,4,128,2,8192,64,47,16,False,1,5.95156,True
slm,14,2,64,4,128,2,8192,64,47,17,True,0,6.046835,True
slm,14,2,64,4,128,2,8192,64,47,17,False,1,5.93135,True
slm,14,2,64,4,128,2,8192,64,47,18,True,0,6.132605,True
slm,14,2,64,4,128,2,8192,64,47,18,False,1,6.024301,True
slm,14,2,64,4,128,2,8192,64,47,19,True,0,6.038612,True
slm,14,2,64,4,128,2,8192,64,47,19,False,1,5.916598,True
slm,14,2,64,4,256,4,2048,64,11,0,False,0,1.532953,True
slm,14,2,64,4,256,4,2048,64,11,0,True,1,1.604502,True
slm,14,2,64,4,256,4,2048,64,11,1,False,0,1.546885,True
slm,14,2,64,4,256,4,2048,64,11,1,True,1,1.590411,True
slm,14,2,64,4,256,4,2048,64,11,2,False,0,1.554136,True
slm,14,2,64,4,256,4,2048,64,11,2,True,1,1.584152,True
slm,14,2,64,4,256,4,2048,64,11,3,False,0,1.540405,True
slm,14,2,64,4,256,4,2048,64,11,3,True,1,1.577511,True
slm,14,2,64,4,256,4,2048,64,11,4,False,0,1.551902,True
slm,14,2,64,4,256,4,2048,64,11,4,True,1,1.578613,True
slm,14,2,64,4,256,4,2048,64,11,5,True,0,1.579494,True
slm,14,2,64,4,256,4,2048,64,11,5,False,1,1.542308,True
slm,14,2,64,4,256,4,2048,64,11,6,False,0,1.543489,True
slm,14,2,64,4,256,4,2048,64,11,6,True,1,1.57029,True
slm,14,2,64,4,256,4,2048,64,11,7,True,0,1.577771,True
slm,14,2,64,4,256,4,2048,64,11,7,False,1,1.535207,True
slm,14,2,64,4,256,4,2048,64,11,8,True,0,1.57632,True
slm,14,2,64,4,256,4,2048,64,11,8,False,1,1.540244,True
slm,14,2,64,4,256,4,2048,64,11,9,False,0,1.538442,True
slm,14,2,64,4,256,4,2048,64,11,9,True,1,1.566475,True
slm,14,2,64,4,256,4,2048,64,11,10,True,0,1.572423,True
slm,14,2,64,4,256,4,2048,64,11,10,False,1,1.532903,True
slm,14,2,64,4,256,4,2048,64,11,11,False,0,1.542368,True
slm,14,2,64,4,256,4,2048,64,11,11,True,1,1.567035,True
slm,14,2,64,4,256,4,2048,64,11,12,True,0,1.590541,True
slm,14,2,64,4,256,4,2048,64,11,12,False,1,1.540605,True
slm,14,2,64,4,256,4,2048,64,11,13,False,0,1.581046,True
slm,14,2,64,4,256,4,2048,64,11,13,True,1,1.567255,True
slm,14,2,64,4,256,4,2048,64,11,14,False,0,1.567526,True
slm,14,2,64,4,256,4,2048,64,11,14,True,1,1.579725,True
slm,14,2,64,4,256,4,2048,64,11,15,True,0,1.585843,True
slm,14,2,64,4,256,4,2048,64,11,15,False,1,1.557941,True
slm,14,2,64,4,256,4,2048,64,11,16,True,0,1.580937,True
slm,14,2,64,4,256,4,2048,64,11,16,False,1,1.546233,True
slm,14,2,64,4,256,4,2048,64,11,17,True,0,1.614227,True
slm,14,2,64,4,256,4,2048,64,11,17,False,1,1.55658,True
slm,14,2,64,4,256,4,2048,64,11,18,True,0,1.607006,True
slm,14,2,64,4,256,4,2048,64,11,18,False,1,1.540665,True
slm,14,2,64,4,256,4,2048,64,11,19,False,0,1.531692,True
slm,14,2,64,4,256,4,2048,64,11,19,True,1,1.575578,True
slm,14,2,64,4,256,4,2048,64,29,0,False,0,1.534115,True
slm,14,2,64,4,256,4,2048,64,29,0,True,1,1.631223,True
slm,14,2,64,4,256,4,2048,64,29,1,True,0,1.571782,True
slm,14,2,64,4,256,4,2048,64,29,1,False,1,1.560876,True
slm,14,2,64,4,256,4,2048,64,29,2,False,0,1.576911,True
slm,14,2,64,4,256,4,2048,64,29,2,True,1,1.587526,True
slm,14,2,64,4,256,4,2048,64,29,3,False,0,1.542909,True
slm,14,2,64,4,256,4,2048,64,29,3,True,1,1.59011,True
slm,14,2,64,4,256,4,2048,64,29,4,True,0,1.57006,True
slm,14,2,64,4,256,4,2048,64,29,4,False,1,1.555267,True
slm,14,2,64,4,256,4,2048,64,29,5,False,0,1.535538,True
slm,14,2,64,4,256,4,2048,64,29,5,True,1,1.584291,True
slm,14,2,64,4,256,4,2048,64,29,6,False,0,1.539764,True
slm,14,2,64,4,256,4,2048,64,29,6,True,1,1.580465,True
slm,14,2,64,4,256,4,2048,64,29,7,False,0,1.537851,True
slm,14,2,64,4,256,4,2048,64,29,7,True,1,1.578993,True
slm,14,2,64,4,256,4,2048,64,29,8,False,0,1.543179,True
slm,14,2,64,4,256,4,2048,64,29,8,True,1,1.575177,True
slm,14,2,64,4,256,4,2048,64,29,9,True,0,1.563169,True
slm,14,2,64,4,256,4,2048,64,29,9,False,1,1.540054,True
slm,14,2,64,4,256,4,2048,64,29,10,True,0,1.562448,True
slm,14,2,64,4,256,4,2048,64,29,10,False,1,1.542928,True
slm,14,2,64,4,256,4,2048,64,29,11,False,0,1.540114,True
slm,14,2,64,4,256,4,2048,64,29,11,True,1,1.57026,True
slm,14,2,64,4,256,4,2048,64,29,12,True,0,1.600926,True
slm,14,2,64,4,256,4,2048,64,29,12,False,1,1.572844,True
slm,14,2,64,4,256,4,2048,64,29,13,True,0,1.621889,True
slm,14,2,64,4,256,4,2048,64,29,13,False,1,1.5706,True
slm,14,2,64,4,256,4,2048,64,29,14,False,0,1.574076,True
slm,14,2,64,4,256,4,2048,64,29,14,True,1,1.56992,True
slm,14,2,64,4,256,4,2048,64,29,15,True,0,1.591472,True
slm,14,2,64,4,256,4,2048,64,29,15,False,1,1.539944,True
slm,14,2,64,4,256,4,2048,64,29,16,True,0,1.586074,True
slm,14,2,64,4,256,4,2048,64,29,16,False,1,1.547085,True
slm,14,2,64,4,256,4,2048,64,29,17,False,0,1.556029,True
slm,14,2,64,4,256,4,2048,64,29,17,True,1,1.571532,True
slm,14,2,64,4,256,4,2048,64,29,18,True,0,1.60313,True
slm,14,2,64,4,256,4,2048,64,29,18,False,1,1.579023,True
slm,14,2,64,4,256,4,2048,64,29,19,False,0,1.58334,True
slm,14,2,64,4,256,4,2048,64,29,19,True,1,1.580676,True
slm,14,2,64,4,256,4,2048,64,47,0,True,0,1.57051,True
slm,14,2,64,4,256,4,2048,64,47,0,False,1,1.602429,True
slm,14,2,64,4,256,4,2048,64,47,1,False,0,1.545422,True
slm,14,2,64,4,256,4,2048,64,47,1,True,1,1.588448,True
slm,14,2,64,4,256,4,2048,64,47,2,True,0,1.568498,True
slm,14,2,64,4,256,4,2048,64,47,2,False,1,1.555828,True
slm,14,2,64,4,256,4,2048,64,47,3,True,0,1.570991,True
slm,14,2,64,4,256,4,2048,64,47,3,False,1,1.551823,True
slm,14,2,64,4,256,4,2048,64,47,4,True,0,1.566835,True
slm,14,2,64,4,256,4,2048,64,47,4,False,1,1.552523,True
slm,14,2,64,4,256,4,2048,64,47,5,True,0,1.571532,True
slm,14,2,64,4,256,4,2048,64,47,5,False,1,1.546204,True
slm,14,2,64,4,256,4,2048,64,47,6,False,0,1.619014,True
slm,14,2,64,4,256,4,2048,64,47,6,True,1,1.593075,True
slm,14,2,64,4,256,4,2048,64,47,7,False,0,1.542238,True
slm,14,2,64,4,256,4,2048,64,47,7,True,1,1.57024,True
slm,14,2,64,4,256,4,2048,64,47,8,True,0,1.573905,True
slm,14,2,64,4,256,4,2048,64,47,8,False,1,1.544501,True
slm,14,2,64,4,256,4,2048,64,47,9,True,0,1.590551,True
slm,14,2,64,4,256,4,2048,64,47,9,False,1,1.553204,True
slm,14,2,64,4,256,4,2048,64,47,10,False,0,1.545392,True
slm,14,2,64,4,256,4,2048,64,47,10,True,1,1.572793,True
slm,14,2,64,4,256,4,2048,64,47,11,False,0,1.556849,True
slm,14,2,64,4,256,4,2048,64,47,11,True,1,1.568387,True
slm,14,2,64,4,256,4,2048,64,47,12,False,0,1.547906,True
slm,14,2,64,4,256,4,2048,64,47,12,True,1,1.582289,True
slm,14,2,64,4,256,4,2048,64,47,13,False,0,1.557971,True
slm,14,2,64,4,256,4,2048,64,47,13,True,1,1.566855,True
slm,14,2,64,4,256,4,2048,64,47,14,True,0,1.581177,True
slm,14,2,64,4,256,4,2048,64,47,14,False,1,1.540525,True
slm,14,2,64,4,256,4,2048,64,47,15,True,0,1.587537,True
slm,14,2,64,4,256,4,2048,64,47,15,False,1,1.537511,True
slm,14,2,64,4,256,4,2048,64,47,16,False,0,1.554616,True
slm,14,2,64,4,256,4,2048,64,47,16,True,1,1.570481,True
slm,14,2,64,4,256,4,2048,64,47,17,False,0,1.538832,True
slm,14,2,64,4,256,4,2048,64,47,17,True,1,1.56358,True
slm,14,2,64,4,256,4,2048,64,47,18,False,0,1.547145,True
slm,14,2,64,4,256,4,2048,64,47,18,True,1,1.573826,True
slm,14,2,64,4,256,4,2048,64,47,19,True,0,1.567125,True
slm,14,2,64,4,256,4,2048,64,47,19,False,1,1.534495,True
slm,14,2,64,4,256,4,8192,64,11,0,False,0,5.762454,True
slm,14,2,64,4,256,4,8192,64,11,0,True,1,5.937169,True
slm,14,2,64,4,256,4,8192,64,11,1,True,0,5.934996,True
slm,14,2,64,4,256,4,8192,64,11,1,False,1,5.780362,True
slm,14,2,64,4,256,4,8192,64,11,2,True,0,5.889015,True
slm,14,2,64,4,256,4,8192,64,11,2,False,1,5.762644,True
slm,14,2,64,4,256,4,8192,64,11,3,False,0,5.742073,True
slm,14,2,64,4,256,4,8192,64,11,3,True,1,5.909707,True
slm,14,2,64,4,256,4,8192,64,11,4,True,0,6.004471,True
slm,14,2,64,4,256,4,8192,64,11,4,False,1,5.802404,True
slm,14,2,64,4,256,4,8192,64,11,5,False,0,6.048979,True
slm,14,2,64,4,256,4,8192,64,11,5,True,1,6.020646,True
slm,14,2,64,4,256,4,8192,64,11,6,False,0,5.838178,True
slm,14,2,64,4,256,4,8192,64,11,6,True,1,5.992022,True
slm,14,2,64,4,256,4,8192,64,11,7,False,0,5.836767,True
slm,14,2,64,4,256,4,8192,64,11,7,True,1,6.064321,True
slm,14,2,64,4,256,4,8192,64,11,8,True,0,5.970169,True
slm,14,2,64,4,256,4,8192,64,11,8,False,1,5.823427,True
slm,14,2,64,4,256,4,8192,64,11,9,True,0,5.956919,True
slm,14,2,64,4,256,4,8192,64,11,9,False,1,5.835545,True
slm,14,2,64,4,256,4,8192,64,11,10,False,0,5.823877,True
slm,14,2,64,4,256,4,8192,64,11,10,True,1,5.976178,True
slm,14,2,64,4,256,4,8192,64,11,11,True,0,5.950319,True
slm,14,2,64,4,256,4,8192,64,11,11,False,1,5.843637,True
slm,14,2,64,4,256,4,8192,64,11,12,False,0,5.828103,True
slm,14,2,64,4,256,4,8192,64,11,12,True,1,6.067627,True
slm,14,2,64,4,256,4,8192,64,11,13,False,0,5.890297,True
slm,14,2,64,4,256,4,8192,64,11,13,True,1,5.980795,True
slm,14,2,64,4,256,4,8192,64,11,14,True,0,5.986464,True
slm,14,2,64,4,256,4,8192,64,11,14,False,1,5.817457,True
slm,14,2,64,4,256,4,8192,64,11,15,True,0,6.037271,True
slm,14,2,64,4,256,4,8192,64,11,15,False,1,5.820272,True
slm,14,2,64,4,256,4,8192,64,11,16,False,0,5.841444,True
slm,14,2,64,4,256,4,8192,64,11,16,True,1,5.983969,True
slm,14,2,64,4,256,4,8192,64,11,17,False,0,5.830087,True
slm,14,2,64,4,256,4,8192,64,11,17,True,1,5.943658,True
slm,14,2,64,4,256,4,8192,64,11,18,False,0,5.846472,True
slm,14,2,64,4,256,4,8192,64,11,18,True,1,5.967255,True
slm,14,2,64,4,256,4,8192,64,11,19,False,0,5.837318,True
slm,14,2,64,4,256,4,8192,64,11,19,True,1,5.957129,True
slm,14,2,64,4,256,4,8192,64,29,0,True,0,5.884319,True
slm,14,2,64,4,256,4,8192,64,29,0,False,1,5.759799,True
slm,14,2,64,4,256,4,8192,64,29,1,True,0,5.926493,True
slm,14,2,64,4,256,4,8192,64,29,1,False,1,5.781724,True
slm,14,2,64,4,256,4,8192,64,29,2,True,0,5.939242,True
slm,14,2,64,4,256,4,8192,64,29,2,False,1,5.818218,True
slm,14,2,64,4,256,4,8192,64,29,3,True,0,5.889016,True
slm,14,2,64,4,256,4,8192,64,29,3,False,1,5.824288,True
slm,14,2,64,4,256,4,8192,64,29,4,False,0,5.814834,True
slm,14,2,64,4,256,4,8192,64,29,4,True,1,6.012173,True
slm,14,2,64,4,256,4,8192,64,29,5,True,0,5.988927,True
slm,14,2,64,4,256,4,8192,64,29,5,False,1,5.847553,True
slm,14,2,64,4,256,4,8192,64,29,6,True,0,5.995858,True
slm,14,2,64,4,256,4,8192,64,29,6,False,1,5.842445,True
slm,14,2,64,4,256,4,8192,64,29,7,True,0,5.968767,True
slm,14,2,64,4,256,4,8192,64,29,7,False,1,5.940404,True
slm,14,2,64,4,256,4,8192,64,29,8,False,0,7.151209,True
slm,14,2,64,4,256,4,8192,64,29,8,True,1,5.992432,True
slm,14,2,64,4,256,4,8192,64,29,9,False,0,5.808163,True
slm,14,2,64,4,256,4,8192,64,29,9,True,1,6.01673,True
slm,14,2,64,4,256,4,8192,64,29,10,False,0,5.810727,True
slm,14,2,64,4,256,4,8192,64,29,10,True,1,6.016519,True
slm,14,2,64,4,256,4,8192,64,29,11,False,0,5.809936,True
slm,14,2,64,4,256,4,8192,64,29,11,True,1,6.000314,True
slm,14,2,64,4,256,4,8192,64,29,12,False,0,5.855475,True
slm,14,2,64,4,256,4,8192,64,29,12,True,1,5.991652,True
slm,14,2,64,4,256,4,8192,64,29,13,False,0,5.807512,True
slm,14,2,64,4,256,4,8192,64,29,13,True,1,6.013955,True
slm,14,2,64,4,256,4,8192,64,29,14,False,0,5.80591,True
slm,14,2,64,4,256,4,8192,64,29,14,True,1,6.379359,True
slm,14,2,64,4,256,4,8192,64,29,15,False,0,5.811269,True
slm,14,2,64,4,256,4,8192,64,29,15,True,1,6.016799,True
slm,14,2,64,4,256,4,8192,64,29,16,True,0,5.977009,True
slm,14,2,64,4,256,4,8192,64,29,16,False,1,5.84559,True
slm,14,2,64,4,256,4,8192,64,29,17,True,0,5.969177,True
slm,14,2,64,4,256,4,8192,64,29,17,False,1,5.85209,True
slm,14,2,64,4,256,4,8192,64,29,18,False,0,5.798188,True
slm,14,2,64,4,256,4,8192,64,29,18,True,1,6.246888,True
slm,14,2,64,4,256,4,8192,64,29,19,False,0,5.811769,True
slm,14,2,64,4,256,4,8192,64,29,19,True,1,6.015828,True
slm,14,2,64,4,256,4,8192,64,47,0,False,0,5.75985,True
slm,14,2,64,4,256,4,8192,64,47,0,True,1,5.886242,True
slm,14,2,64,4,256,4,8192,64,47,1,False,0,5.752038,True
slm,14,2,64,4,256,4,8192,64,47,1,True,1,5.903217,True
slm,14,2,64,4,256,4,8192,64,47,2,False,0,5.76004,True
slm,14,2,64,4,256,4,8192,64,47,2,True,1,5.895115,True
slm,14,2,64,4,256,4,8192,64,47,3,True,0,5.925401,True
slm,14,2,64,4,256,4,8192,64,47,3,False,1,5.858299,True
slm,14,2,64,4,256,4,8192,64,47,4,True,0,6.041748,True
slm,14,2,64,4,256,4,8192,64,47,4,False,1,5.879502,True
slm,14,2,64,4,256,4,8192,64,47,5,False,0,5.866391,True
slm,14,2,64,4,256,4,8192,64,47,5,True,1,6.020775,True
slm,14,2,64,4,256,4,8192,64,47,6,True,0,5.966393,True
slm,14,2,64,4,256,4,8192,64,47,6,False,1,5.844769,True
slm,14,2,64,4,256,4,8192,64,47,7,False,0,5.866011,True
slm,14,2,64,4,256,4,8192,64,47,7,True,1,6.022888,True
slm,14,2,64,4,256,4,8192,64,47,8,True,0,5.988286,True
slm,14,2,64,4,256,4,8192,64,47,8,False,1,5.858059,True
slm,14,2,64,4,256,4,8192,64,47,9,False,0,5.84523,True
slm,14,2,64,4,256,4,8192,64,47,9,True,1,6.000665,True
slm,14,2,64,4,256,4,8192,64,47,10,True,0,6.014536,True
slm,14,2,64,4,256,4,8192,64,47,10,False,1,5.82557,True
slm,14,2,64,4,256,4,8192,64,47,11,False,0,5.878049,True
slm,14,2,64,4,256,4,8192,64,47,11,True,1,6.028718,True
slm,14,2,64,4,256,4,8192,64,47,12,True,0,5.953864,True
slm,14,2,64,4,256,4,8192,64,47,12,False,1,5.846432,True
slm,14,2,64,4,256,4,8192,64,47,13,False,0,5.829786,True
slm,14,2,64,4,256,4,8192,64,47,13,True,1,6.014587,True
slm,14,2,64,4,256,4,8192,64,47,14,False,0,5.863297,True
slm,14,2,64,4,256,4,8192,64,47,14,True,1,5.979322,True
slm,14,2,64,4,256,4,8192,64,47,15,True,0,5.979112,True
slm,14,2,64,4,256,4,8192,64,47,15,False,1,5.836727,True
slm,14,2,64,4,256,4,8192,64,47,16,True,0,5.99735,True
slm,14,2,64,4,256,4,8192,64,47,16,False,1,5.911209,True
slm,14,2,64,4,256,4,8192,64,47,17,True,0,5.984801,True
slm,14,2,64,4,256,4,8192,64,47,17,False,1,5.868565,True
slm,14,2,64,4,256,4,8192,64,47,18,True,0,5.950939,True
slm,14,2,64,4,256,4,8192,64,47,18,False,1,5.834493,True
slm,14,2,64,4,256,4,8192,64,47,19,True,0,5.954034,True
slm,14,2,64,4,256,4,8192,64,47,19,False,1,5.860583,True
slm,14,2,64,4,512,8,2048,64,11,0,False,0,3.81366,True
slm,14,2,64,4,512,8,2048,64,11,0,True,1,7.769135,True
slm,14,2,64,4,512,8,2048,64,11,1,True,0,4.133285,True
slm,14,2,64,4,512,8,2048,64,11,1,False,1,3.848773,True
slm,14,2,64,4,512,8,2048,64,11,2,False,0,3.821582,True
slm,14,2,64,4,512,8,2048,64,11,2,True,1,3.921273,True
slm,14,2,64,4,512,8,2048,64,11,3,True,0,3.819849,True
slm,14,2,64,4,512,8,2048,64,11,3,False,1,2.983472,True
slm,14,2,64,4,512,8,2048,64,11,4,False,0,1.988313,True
slm,14,2,64,4,512,8,2048,64,11,4,True,1,1.870856,True
slm,14,2,64,4,512,8,2048,64,11,5,False,0,1.64263,True
slm,14,2,64,4,512,8,2048,64,11,5,True,1,1.733278,True
slm,14,2,64,4,512,8,2048,64,11,6,True,0,1.722461,True
slm,14,2,64,4,512,8,2048,64,11,6,False,1,1.731785,True
slm,14,2,64,4,512,8,2048,64,11,7,False,0,1.68869,True
slm,14,2,64,4,512,8,2048,64,11,7,True,1,1.764304,True
slm,14,2,64,4,512,8,2048,64,11,8,True,0,1.725956,True
slm,14,2,64,4,512,8,2048,64,11,8,False,1,1.726517,True
slm,14,2,64,4,512,8,2048,64,11,9,False,0,1.693617,True
slm,14,2,64,4,512,8,2048,64,11,9,True,1,1.73472,True
slm,14,2,64,4,512,8,2048,64,11,10,True,0,1.728509,True
slm,14,2,64,4,512,8,2048,64,11,10,False,1,1.744314,True
slm,14,2,64,4,512,8,2048,64,11,11,False,0,1.69502,True
slm,14,2,64,4,512,8,2048,64,11,11,True,1,1.789222,True
slm,14,2,64,4,512,8,2048,64,11,12,False,0,1.731324,True
slm,14,2,64,4,512,8,2048,64,11,12,True,1,1.760278,True
slm,14,2,64,4,512,8,2048,64,11,13,True,0,1.771715,True
slm,14,2,64,4,512,8,2048,64,11,13,False,1,1.70895,True
slm,14,2,64,4,512,8,2048,64,11,14,True,0,1.72807,True
slm,14,2,64,4,512,8,2048,64,11,14,False,1,1.714819,True
slm,14,2,64,4,512,8,2048,64,11,15,True,0,1.745296,True
slm,14,2,64,4,512,8,2048,64,11,15,False,1,1.688469,True
slm,14,2,64,4,512,8,2048,64,11,16,False,0,1.70181,True
slm,14,2,64,4,512,8,2048,64,11,16,True,1,1.7488,True
slm,14,2,64,4,512,8,2048,64,11,17,False,0,1.696131,True
slm,14,2,64,4,512,8,2048,64,11,17,True,1,1.757754,True
slm,14,2,64,4,512,8,2048,64,11,18,True,0,1.763113,True
slm,14,2,64,4,512,8,2048,64,11,18,False,1,1.718625,True
slm,14,2,64,4,512,8,2048,64,11,19,True,0,1.742562,True
slm,14,2,64,4,512,8,2048,64,11,19,False,1,1.81451,True
slm,14,2,64,4,512,8,2048,64,29,0,False,0,1.697803,True
slm,14,2,64,4,512,8,2048,64,29,0,True,1,1.80119,True
slm,14,2,64,4,512,8,2048,64,29,1,True,0,1.72234,True
slm,14,2,64,4,512,8,2048,64,29,1,False,1,1.745396,True
slm,14,2,64,4,512,8,2048,64,29,2,False,0,1.698214,True
slm,14,2,64,4,512,8,2048,64,29,2,True,1,1.788912,True
slm,14,2,64,4,512,8,2048,64,29,3,True,0,1.733747,True
slm,14,2,64,4,512,8,2048,64,29,3,False,1,1.704974,True
slm,14,2,64,4,512,8,2048,64,29,4,False,0,1.752266,True
slm,14,2,64,4,512,8,2048,64,29,4,True,1,1.792637,True
slm,14,2,64,4,512,8,2048,64,29,5,False,0,1.733297,True
slm,14,2,64,4,512,8,2048,64,29,5,True,1,1.750283,True
slm,14,2,64,4,512,8,2048,64,29,6,False,0,1.695159,True
slm,14,2,64,4,512,8,2048,64,29,6,True,1,1.742161,True
slm,14,2,64,4,512,8,2048,64,29,7,False,0,1.740668,True
slm,14,2,64,4,512,8,2048,64,29,7,True,1,1.736141,True
slm,14,2,64,4,512,8,2048,64,29,8,True,0,1.78099,True
slm,14,2,64,4,512,8,2048,64,29,8,False,1,1.692806,True
slm,14,2,64,4,512,8,2048,64,29,9,False,0,1.703572,True
slm,14,2,64,4,512,8,2048,64,29,9,True,1,1.738905,True
slm,14,2,64,4,512,8,2048,64,29,10,True,0,1.747618,True
slm,14,2,64,4,512,8,2048,64,29,10,False,1,1.710002,True
slm,14,2,64,4,512,8,2048,64,29,11,True,0,1.775861,True
slm,14,2,64,4,512,8,2048,64,29,11,False,1,1.704573,True
slm,14,2,64,4,512,8,2048,64,29,12,True,0,1.777525,True
slm,14,2,64,4,512,8,2048,64,29,12,False,1,1.688299,True
slm,14,2,64,4,512,8,2048,64,29,13,True,0,1.771174,True
slm,14,2,64,4,512,8,2048,64,29,13,False,1,1.694468,True
slm,14,2,64,4,512,8,2048,64,29,14,False,0,1.716021,True
slm,14,2,64,4,512,8,2048,64,29,14,True,1,1.742721,True
slm,14,2,64,4,512,8,2048,64,29,15,False,0,1.727458,True
slm,14,2,64,4,512,8,2048,64,29,15,True,1,1.738404,True
slm,14,2,64,4,512,8,2048,64,29,16,True,0,1.759787,True
slm,14,2,64,4,512,8,2048,64,29,16,False,1,1.700067,True
slm,14,2,64,4,512,8,2048,64,29,17,True,0,1.784435,True
slm,14,2,64,4,512,8,2048,64,29,17,False,1,1.698264,True
slm,14,2,64,4,512,8,2048,64,29,18,True,0,1.772416,True
slm,14,2,64,4,512,8,2048,64,29,18,False,1,1.706406,True
slm,14,2,64,4,512,8,2048,64,29,19,False,0,1.719547,True
slm,14,2,64,4,512,8,2048,64,29,19,True,1,1.747108,True
slm,14,2,64,4,512,8,2048,64,47,0,False,0,1.704123,True
slm,14,2,64,4,512,8,2048,64,47,0,True,1,1.742471,True
slm,14,2,64,4,512,8,2048,64,47,1,False,0,1.737764,True
slm,14,2,64,4,512,8,2048,64,47,1,True,1,1.779387,True
slm,14,2,64,4,512,8,2048,64,47,2,True,0,1.763012,True
slm,14,2,64,4,512,8,2048,64,47,2,False,1,1.750924,True
slm,14,2,64,4,512,8,2048,64,47,3,True,0,1.775882,True
slm,14,2,64,4,512,8,2048,64,47,3,False,1,1.743723,True
slm,14,2,64,4,512,8,2048,64,47,4,True,0,1.783533,True
slm,14,2,64,4,512,8,2048,64,47,4,False,1,1.739006,True
slm,14,2,64,4,512,8,2048,64,47,5,True,0,1.757063,True
slm,14,2,64,4,512,8,2048,64,47,5,False,1,1.720858,True
slm,14,2,64,4,512,8,2048,64,47,6,True,0,1.74881,True
slm,14,2,64,4,512,8,2048,64,47,6,False,1,1.70234,True
slm,14,2,64,4,512,8,2048,64,47,7,True,0,1.786648,True
slm,14,2,64,4,512,8,2048,64,47,7,False,1,1.710172,True
slm,14,2,64,4,512,8,2048,64,47,8,False,0,1.703041,True
slm,14,2,64,4,512,8,2048,64,47,8,True,1,1.758265,True
slm,14,2,64,4,512,8,2048,64,47,9,True,0,1.752576,True
slm,14,2,64,4,512,8,2048,64,47,9,False,1,1.742261,True
slm,14,2,64,4,512,8,2048,64,47,10,False,0,1.72902,True
slm,14,2,64,4,512,8,2048,64,47,10,True,1,1.742351,True
slm,14,2,64,4,512,8,2048,64,47,11,True,0,1.745826,True
slm,14,2,64,4,512,8,2048,64,47,11,False,1,1.727148,True
slm,14,2,64,4,512,8,2048,64,47,12,True,0,1.774459,True
slm,14,2,64,4,512,8,2048,64,47,12,False,1,1.752306,True
slm,14,2,64,4,512,8,2048,64,47,13,True,0,1.730413,True
slm,14,2,64,4,512,8,2048,64,47,13,False,1,1.755841,True
slm,14,2,64,4,512,8,2048,64,47,14,True,0,1.733557,True
slm,14,2,64,4,512,8,2048,64,47,14,False,1,1.722351,True
slm,14,2,64,4,512,8,2048,64,47,15,True,0,1.76154,True
slm,14,2,64,4,512,8,2048,64,47,15,False,1,1.728981,True
slm,14,2,64,4,512,8,2048,64,47,16,True,0,1.757323,True
slm,14,2,64,4,512,8,2048,64,47,16,False,1,1.719507,True
slm,14,2,64,4,512,8,2048,64,47,17,False,0,1.712866,True
slm,14,2,64,4,512,8,2048,64,47,17,True,1,1.747559,True
slm,14,2,64,4,512,8,2048,64,47,18,False,0,1.699757,True
slm,14,2,64,4,512,8,2048,64,47,18,True,1,1.752386,True
slm,14,2,64,4,512,8,2048,64,47,19,True,0,1.756803,True
slm,14,2,64,4,512,8,2048,64,47,19,False,1,1.723773,True
slm,14,2,64,4,512,8,8192,64,11,0,False,0,12.738267,True
slm,14,2,64,4,512,8,8192,64,11,0,True,1,10.974673,True
slm,14,2,64,4,512,8,8192,64,11,1,False,0,6.434232,True
slm,14,2,64,4,512,8,8192,64,11,1,True,1,6.910124,True
slm,14,2,64,4,512,8,8192,64,11,2,False,0,6.764403,True
slm,14,2,64,4,512,8,8192,64,11,2,True,1,6.952257,True
slm,14,2,64,4,512,8,8192,64,11,3,False,0,6.963274,True
slm,14,2,64,4,512,8,8192,64,11,3,True,1,6.855551,True
slm,14,2,64,4,512,8,8192,64,11,4,True,0,6.828481,True
slm,14,2,64,4,512,8,8192,64,11,4,False,1,6.692274,True
slm,14,2,64,4,512,8,8192,64,11,5,True,0,6.825295,True
slm,14,2,64,4,512,8,8192,64,11,5,False,1,6.709339,True
slm,14,2,64,4,512,8,8192,64,11,6,True,0,6.766046,True
slm,14,2,64,4,512,8,8192,64,11,6,False,1,6.680606,True
slm,14,2,64,4,512,8,8192,64,11,7,True,0,6.806026,True
slm,14,2,64,4,512,8,8192,64,11,7,False,1,6.691132,True
slm,14,2,64,4,512,8,8192,64,11,8,True,0,6.841519,True
slm,14,2,64,4,512,8,8192,64,11,8,False,1,6.663289,True
slm,14,2,64,4,512,8,8192,64,11,9,True,0,6.807619,True
slm,14,2,64,4,512,8,8192,64,11,9,False,1,6.671882,True
slm,14,2,64,4,512,8,8192,64,11,10,True,0,6.838234,True
slm,14,2,64,4,512,8,8192,64,11,10,False,1,6.689329,True
slm,14,2,64,4,512,8,8192,64,11,11,True,0,6.847939,True
slm,14,2,64,4,512,8,8192,64,11,11,False,1,6.668918,True
slm,14,2,64,4,512,8,8192,64,11,12,True,0,6.855401,True
slm,14,2,64,4,512,8,8192,64,11,12,False,1,6.659243,True
slm,14,2,64,4,512,8,8192,64,11,13,True,0,6.849311,True
slm,14,2,64,4,512,8,8192,64,11,13,False,1,6.668767,True
slm,14,2,64,4,512,8,8192,64,11,14,False,0,6.684702,True
slm,14,2,64,4,512,8,8192,64,11,14,True,1,6.853708,True
slm,14,2,64,4,512,8,8192,64,11,15,False,0,6.65668,True
slm,14,2,64,4,512,8,8192,64,11,15,True,1,6.853808,True
slm,14,2,64,4,512,8,8192,64,11,16,True,0,6.82905,True
slm,14,2,64,4,512,8,8192,64,11,16,False,1,6.675848,True
slm,14,2,64,4,512,8,8192,64,11,17,False,0,6.683269,True
slm,14,2,64,4,512,8,8192,64,11,17,True,1,6.85552,True
slm,14,2,64,4,512,8,8192,64,11,18,False,0,6.639574,True
slm,14,2,64,4,512,8,8192,64,11,18,True,1,6.726034,True
slm,14,2,64,4,512,8,8192,64,11,19,True,0,6.809701,True
slm,14,2,64,4,512,8,8192,64,11,19,False,1,6.672873,True
slm,14,2,64,4,512,8,8192,64,29,0,False,0,6.942092,True
slm,14,2,64,4,512,8,8192,64,29,0,True,1,6.770592,True
slm,14,2,64,4,512,8,8192,64,29,1,False,0,6.567855,True
slm,14,2,64,4,512,8,8192,64,29,1,True,1,6.767507,True
slm,14,2,64,4,512,8,8192,64,29,2,True,0,6.731082,True
slm,14,2,64,4,512,8,8192,64,29,2,False,1,6.596228,True
slm,14,2,64,4,512,8,8192,64,29,3,True,0,6.796712,True
slm,14,2,64,4,512,8,8192,64,29,3,False,1,6.648136,True
slm,14,2,64,4,512,8,8192,64,29,4,False,0,6.689899,True
slm,14,2,64,4,512,8,8192,64,29,4,True,1,11.890652,True
slm,14,2,64,4,512,8,8192,64,29,5,True,0,6.635718,True
slm,14,2,64,4,512,8,8192,64,29,5,False,1,6.705102,True
slm,14,2,64,4,512,8,8192,64,29,6,False,0,6.887209,True
slm,14,2,64,4,512,8,8192,64,29,6,True,1,6.847389,True
slm,14,2,64,4,512,8,8192,64,29,7,True,0,6.829501,True
slm,14,2,64,4,512,8,8192,64,29,7,False,1,6.700806,True
slm,14,2,64,4,512,8,8192,64,29,8,False,0,6.654536,True
slm,14,2,64,4,512,8,8192,64,29,8,True,1,6.826276,True
slm,14,2,64,4,512,8,8192,64,29,9,False,0,6.656919,True
slm,14,2,64,4,512,8,8192,64,29,9,True,1,6.819977,True
slm,14,2,64,4,512,8,8192,64,29,10,True,0,6.813647,True
slm,14,2,64,4,512,8,8192,64,29,10,False,1,6.70295,True
slm,14,2,64,4,512,8,8192,64,29,11,True,0,6.837834,True
slm,14,2,64,4,512,8,8192,64,29,11,False,1,6.686064,True
slm,14,2,64,4,512,8,8192,64,29,12,True,0,6.804002,True
slm,14,2,64,4,512,8,8192,64,29,12,False,1,6.668807,True
slm,14,2,64,4,512,8,8192,64,29,13,True,0,6.839857,True
slm,14,2,64,4,512,8,8192,64,29,13,False,1,6.664332,True
slm,14,2,64,4,512,8,8192,64,29,14,False,0,6.675748,True
slm,14,2,64,4,512,8,8192,64,29,14,True,1,6.823542,True
slm,14,2,64,4,512,8,8192,64,29,15,True,0,6.783051,True
slm,14,2,64,4,512,8,8192,64,29,15,False,1,6.634996,True
slm,14,2,64,4,512,8,8192,64,29,16,False,0,6.679054,True
slm,14,2,64,4,512,8,8192,64,29,16,True,1,6.829071,True
slm,14,2,64,4,512,8,8192,64,29,17,True,0,6.811414,True
slm,14,2,64,4,512,8,8192,64,29,17,False,1,6.647165,True
slm,14,2,64,4,512,8,8192,64,29,18,True,0,6.814849,True
slm,14,2,64,4,512,8,8192,64,29,18,False,1,6.646263,True
slm,14,2,64,4,512,8,8192,64,29,19,False,0,6.651992,True
slm,14,2,64,4,512,8,8192,64,29,19,True,1,6.847338,True
slm,14,2,64,4,512,8,8192,64,47,0,False,0,6.872296,True
slm,14,2,64,4,512,8,8192,64,47,0,True,1,6.748419,True
slm,14,2,64,4,512,8,8192,64,47,1,False,0,6.589397,True
slm,14,2,64,4,512,8,8192,64,47,1,True,1,6.82836,True
slm,14,2,64,4,512,8,8192,64,47,2,False,0,6.641647,True
slm,14,2,64,4,512,8,8192,64,47,2,True,1,6.759185,True
slm,14,2,64,4,512,8,8192,64,47,3,True,0,6.777853,True
slm,14,2,64,4,512,8,8192,64,47,3,False,1,6.693866,True
slm,14,2,64,4,512,8,8192,64,47,4,False,0,6.676539,True
slm,14,2,64,4,512,8,8192,64,47,4,True,1,6.863923,True
slm,14,2,64,4,512,8,8192,64,47,5,True,0,6.756241,True
slm,14,2,64,4,512,8,8192,64,47,5,False,1,6.647014,True
slm,14,2,64,4,512,8,8192,64,47,6,False,0,6.690831,True
slm,14,2,64,4,512,8,8192,64,47,6,True,1,6.845897,True
slm,14,2,64,4,512,8,8192,64,47,7,True,0,6.809221,True
slm,14,2,64,4,512,8,8192,64,47,7,False,1,6.693335,True
slm,14,2,64,4,512,8,8192,64,47,8,True,0,6.799426,True
slm,14,2,64,4,512,8,8192,64,47,8,False,1,6.62422,True
slm,14,2,64,4,512,8,8192,64,47,9,False,0,6.713857,True
slm,14,2,64,4,512,8,8192,64,47,9,True,1,6.88085,True
slm,14,2,64,4,512,8,8192,64,47,10,False,0,6.690711,True
slm,14,2,64,4,512,8,8192,64,47,10,True,1,6.847509,True
slm,14,2,64,4,512,8,8192,64,47,11,False,0,6.677711,True
slm,14,2,64,4,512,8,8192,64,47,11,True,1,6.814679,True
slm,14,2,64,4,512,8,8192,64,47,12,True,0,6.793537,True
slm,14,2,64,4,512,8,8192,64,47,12,False,1,6.682038,True
slm,14,2,64,4,512,8,8192,64,47,13,False,0,6.709739,True
slm,14,2,64,4,512,8,8192,64,47,13,True,1,6.832786,True
slm,14,2,64,4,512,8,8192,64,47,14,False,0,6.677881,True
slm,14,2,64,4,512,8,8192,64,47,14,True,1,6.849612,True
slm,14,2,64,4,512,8,8192,64,47,15,False,0,6.677231,True
slm,14,2,64,4,512,8,8192,64,47,15,True,1,6.821109,True
slm,14,2,64,4,512,8,8192,64,47,16,False,0,6.709029,True
slm,14,2,64,4,512,8,8192,64,47,16,True,1,6.840207,True
slm,14,2,64,4,512,8,8192,64,47,17,False,0,6.661086,True
slm,14,2,64,4,512,8,8192,64,47,17,True,1,6.806216,True
slm,14,2,64,4,512,8,8192,64,47,18,False,0,6.705274,True
slm,14,2,64,4,512,8,8192,64,47,18,True,1,6.810192,True
slm,14,2,64,4,512,8,8192,64,47,19,False,0,6.636258,True
slm,14,2,64,4,512,8,8192,64,47,19,True,1,6.822691,True
slm,14,2,64,4,1024,16,2048,64,11,0,True,0,4.169269,True
slm,14,2,64,4,1024,16,2048,64,11,0,False,1,4.184453,True
slm,14,2,64,4,1024,16,2048,64,11,1,True,0,4.257263,True
slm,14,2,64,4,1024,16,2048,64,11,1,False,1,4.192614,True
slm,14,2,64,4,1024,16,2048,64,11,2,True,0,4.192754,True
slm,14,2,64,4,1024,16,2048,64,11,2,False,1,4.171152,True
slm,14,2,64,4,1024,16,2048,64,11,3,False,0,4.121487,True
slm,14,2,64,4,1024,16,2048,64,11,3,True,1,5.320524,True
slm,14,2,64,4,1024,16,2048,64,11,4,False,0,3.971179,True
slm,14,2,64,4,1024,16,2048,64,11,4,True,1,3.24644,True
slm,14,2,64,4,1024,16,2048,64,11,5,True,0,3.21947,True
slm,14,2,64,4,1024,16,2048,64,11,5,False,1,3.269755,True
slm,14,2,64,4,1024,16,2048,64,11,6,False,0,3.204597,True
slm,14,2,64,4,1024,16,2048,64,11,6,True,1,3.347393,True
slm,14,2,64,4,1024,16,2048,64,11,7,False,0,3.250827,True
slm,14,2,64,4,1024,16,2048,64,11,7,True,1,3.253021,True
slm,14,2,64,4,1024,16,2048,64,11,8,True,0,3.303186,True
slm,14,2,64,4,1024,16,2048,64,11,8,False,1,3.179489,True
slm,14,2,64,4,1024,16,2048,64,11,9,False,0,3.272971,True
slm,14,2,64,4,1024,16,2048,64,11,9,True,1,3.33186,True
slm,14,2,64,4,1024,16,2048,64,11,10,False,0,3.283517,True
slm,14,2,64,4,1024,16,2048,64,11,10,True,1,3.360433,True
slm,14,2,64,4,1024,16,2048,64,11,11,False,0,3.250877,True
slm,14,2,64,4,1024,16,2048,64,11,11,True,1,3.352482,True
slm,14,2,64,4,1024,16,2048,64,11,12,True,0,3.324369,True
slm,14,2,64,4,1024,16,2048,64,11,12,False,1,3.315776,True
slm,14,2,64,4,1024,16,2048,64,11,13,True,0,3.344409,True
slm,14,2,64,4,1024,16,2048,64,11,13,False,1,3.313823,True
slm,14,2,64,4,1024,16,2048,64,11,14,False,0,3.323317,True
slm,14,2,64,4,1024,16,2048,64,11,14,True,1,3.379161,True
slm,14,2,64,4,1024,16,2048,64,11,15,True,0,3.392381,True
slm,14,2,64,4,1024,16,2048,64,11,15,False,1,3.35138,True
slm,14,2,64,4,1024,16,2048,64,11,16,False,0,3.343588,True
slm,14,2,64,4,1024,16,2048,64,11,16,True,1,3.422667,True
slm,14,2,64,4,1024,16,2048,64,11,17,True,0,3.354995,True
slm,14,2,64,4,1024,16,2048,64,11,17,False,1,3.328054,True
slm,14,2,64,4,1024,16,2048,64,11,18,False,0,3.320212,True
slm,14,2,64,4,1024,16,2048,64,11,18,True,1,3.349707,True
slm,14,2,64,4,1024,16,2048,64,11,19,False,0,3.31834,True
slm,14,2,64,4,1024,16,2048,64,11,19,True,1,3.380634,True
slm,14,2,64,4,1024,16,2048,64,29,0,False,0,3.251788,True
slm,14,2,64,4,1024,16,2048,64,29,0,True,1,3.328355,True
slm,14,2,64,4,1024,16,2048,64,29,1,True,0,3.281464,True
slm,14,2,64,4,1024,16,2048,64,29,1,False,1,3.208513,True
slm,14,2,64,4,1024,16,2048,64,29,2,False,0,3.238298,True
slm,14,2,64,4,1024,16,2048,64,29,2,True,1,3.27206,True
slm,14,2,64,4,1024,16,2048,64,29,3,True,0,3.30606,True
slm,14,2,64,4,1024,16,2048,64,29,3,False,1,3.251508,True
slm,14,2,64,4,1024,16,2048,64,29,4,True,0,3.309226,True
slm,14,2,64,4,1024,16,2048,64,29,4,False,1,3.216976,True
slm,14,2,64,4,1024,16,2048,64,29,5,False,0,3.204317,True
slm,14,2,64,4,1024,16,2048,64,29,5,True,1,3.317288,True
slm,14,2,64,4,1024,16,2048,64,29,6,False,0,3.225209,True
slm,14,2,64,4,1024,16,2048,64,29,6,True,1,3.389277,True
slm,14,2,64,4,1024,16,2048,64,29,7,False,0,3.267822,True
slm,14,2,64,4,1024,16,2048,64,29,7,True,1,3.314944,True
slm,14,2,64,4,1024,16,2048,64,29,8,False,0,3.274473,True
slm,14,2,64,4,1024,16,2048,64,29,8,True,1,3.369757,True
slm,14,2,64,4,1024,16,2048,64,29,9,True,0,3.356958,True
slm,14,2,64,4,1024,16,2048,64,29,9,False,1,3.292421,True
slm,14,2,64,4,1024,16,2048,64,29,10,False,0,3.29849,True
slm,14,2,64,4,1024,16,2048,64,29,10,True,1,3.372371,True
slm,14,2,64,4,1024,16,2048,64,29,11,True,0,3.366473,True
slm,14,2,64,4,1024,16,2048,64,29,11,False,1,3.316957,True
slm,14,2,64,4,1024,16,2048,64,29,12,True,0,3.339773,True
slm,14,2,64,4,1024,16,2048,64,29,12,False,1,3.330949,True
slm,14,2,64,4,1024,16,2048,64,29,13,False,0,3.287322,True
slm,14,2,64,4,1024,16,2048,64,29,13,True,1,3.3191,True
slm,14,2,64,4,1024,16,2048,64,29,14,False,0,3.243487,True
slm,14,2,64,4,1024,16,2048,64,29,14,True,1,3.319952,True
slm,14,2,64,4,1024,16,2048,64,29,15,False,0,3.281413,True
slm,14,2,64,4,1024,16,2048,64,29,15,True,1,3.304278,True
slm,14,2,64,4,1024,16,2048,64,29,16,True,0,3.263036,True
slm,14,2,64,4,1024,16,2048,64,29,16,False,1,3.224217,True
slm,14,2,64,4,1024,16,2048,64,29,17,False,0,3.203005,True
slm,14,2,64,4,1024,16,2048,64,29,17,True,1,3.317909,True
slm,14,2,64,4,1024,16,2048,64,29,18,False,0,3.234192,True
slm,14,2,64,4,1024,16,2048,64,29,18,True,1,3.254724,True
slm,14,2,64,4,1024,16,2048,64,29,19,False,0,3.194262,True
slm,14,2,64,4,1024,16,2048,64,29,19,True,1,3.234593,True
slm,14,2,64,4,1024,16,2048,64,47,0,False,0,3.254092,True
slm,14,2,64,4,1024,16,2048,64,47,0,True,1,3.287192,True
slm,14,2,64,4,1024,16,2048,64,47,1,True,0,3.283266,True
slm,14,2,64,4,1024,16,2048,64,47,1,False,1,3.280322,True
slm,14,2,64,4,1024,16,2048,64,47,2,False,0,3.226951,True
slm,14,2,64,4,1024,16,2048,64,47,2,True,1,3.248063,True
slm,14,2,64,4,1024,16,2048,64,47,3,False,0,3.247733,True
slm,14,2,64,4,1024,16,2048,64,47,3,True,1,3.292691,True
slm,14,2,64,4,1024,16,2048,64,47,4,True,0,3.275645,True
slm,14,2,64,4,1024,16,2048,64,47,4,False,1,3.228373,True
slm,14,2,64,4,1024,16,2048,64,47,5,True,0,3.241773,True
slm,14,2,64,4,1024,16,2048,64,47,5,False,1,3.215483,True
slm,14,2,64,4,1024,16,2048,64,47,6,False,0,3.177796,True
slm,14,2,64,4,1024,16,2048,64,47,6,True,1,3.257668,True
slm,14,2,64,4,1024,16,2048,64,47,7,True,0,3.247041,True
slm,14,2,64,4,1024,16,2048,64,47,7,False,1,3.207281,True
slm,14,2,64,4,1024,16,2048,64,47,8,True,0,3.333903,True
slm,14,2,64,4,1024,16,2048,64,47,8,False,1,3.1867,True
slm,14,2,64,4,1024,16,2048,64,47,9,False,0,3.203285,True
slm,14,2,64,4,1024,16,2048,64,47,9,True,1,3.330618,True
slm,14,2,64,4,1024,16,2048,64,47,10,False,0,3.199729,True
slm,14,2,64,4,1024,16,2048,64,47,10,True,1,3.311158,True
slm,14,2,64,4,1024,16,2048,64,47,11,False,0,3.255144,True
slm,14,2,64,4,1024,16,2048,64,47,11,True,1,3.306692,True
slm,14,2,64,4,1024,16,2048,64,47,12,True,0,3.282315,True
slm,14,2,64,4,1024,16,2048,64,47,12,False,1,3.216776,True
slm,14,2,64,4,1024,16,2048,64,47,13,True,0,3.36504,True
slm,14,2,64,4,1024,16,2048,64,47,13,False,1,3.250837,True
slm,14,2,64,4,1024,16,2048,64,47,14,True,0,3.336617,True
slm,14,2,64,4,1024,16,2048,64,47,14,False,1,3.292981,True
slm,14,2,64,4,1024,16,2048,64,47,15,False,0,3.241253,True
slm,14,2,64,4,1024,16,2048,64,47,15,True,1,3.275054,True
slm,14,2,64,4,1024,16,2048,64,47,16,True,0,3.361175,True
slm,14,2,64,4,1024,16,2048,64,47,16,False,1,3.290137,True
slm,14,2,64,4,1024,16,2048,64,47,17,True,0,3.366302,True
slm,14,2,64,4,1024,16,2048,64,47,17,False,1,3.273241,True
slm,14,2,64,4,1024,16,2048,64,47,18,False,0,3.30511,True
slm,14,2,64,4,1024,16,2048,64,47,18,True,1,3.360884,True
slm,14,2,64,4,1024,16,2048,64,47,19,False,0,3.244998,True
slm,14,2,64,4,1024,16,2048,64,47,19,True,1,3.303006,True
slm,14,2,64,4,1024,16,8192,64,11,0,True,0,13.466941,True
slm,14,2,64,4,1024,16,8192,64,11,0,False,1,12.848795,True
slm,14,2,64,4,1024,16,8192,64,11,1,True,0,13.241099,True
slm,14,2,64,4,1024,16,8192,64,11,1,False,1,12.89156,True
slm,14,2,64,4,1024,16,8192,64,11,2,True,0,13.16887,True
slm,14,2,64,4,1024,16,8192,64,11,2,False,1,12.944229,True
slm,14,2,64,4,1024,16,8192,64,11,3,True,0,13.436816,True
slm,14,2,64,4,1024,16,8192,64,11,3,False,1,12.981155,True
slm,14,2,64,4,1024,16,8192,64,11,4,True,0,13.398638,True
slm,14,2,64,4,1024,16,8192,64,11,4,False,1,12.887213,True
slm,14,2,64,4,1024,16,8192,64,11,5,False,0,12.938341,True
slm,14,2,64,4,1024,16,8192,64,11,5,True,1,13.395043,True
slm,14,2,64,4,1024,16,8192,64,11,6,False,0,12.933793,True
slm,14,2,64,4,1024,16,8192,64,11,6,True,1,13.3609,True
slm,14,2,64,4,1024,16,8192,64,11,7,False,0,13.046955,True
slm,14,2,64,4,1024,16,8192,64,11,7,True,1,13.391227,True
slm,14,2,64,4,1024,16,8192,64,11,8,False,0,13.127016,True
slm,14,2,64,4,1024,16,8192,64,11,8,True,1,13.158514,True
slm,14,2,64,4,1024,16,8192,64,11,9,False,0,12.933332,True
slm,14,2,64,4,1024,16,8192,64,11,9,True,1,13.148509,True
slm,14,2,64,4,1024,16,8192,64,11,10,False,0,13.029539,True
slm,14,2,64,4,1024,16,8192,64,11,10,True,1,13.385618,True
slm,14,2,64,4,1024,16,8192,64,11,11,False,0,12.910578,True
slm,14,2,64,4,1024,16,8192,64,11,11,True,1,13.463737,True
slm,14,2,64,4,1024,16,8192,64,11,12,True,0,13.357856,True
slm,14,2,64,4,1024,16,8192,64,11,12,False,1,12.976799,True
slm,14,2,64,4,1024,16,8192,64,11,13,False,0,13.08994,True
slm,14,2,64,4,1024,16,8192,64,11,13,True,1,13.331936,True
slm,14,2,64,4,1024,16,8192,64,11,14,True,0,13.396174,True
slm,14,2,64,4,1024,16,8192,64,11,14,False,1,13.158425,True
slm,14,2,64,4,1024,16,8192,64,11,15,False,0,13.181659,True
slm,14,2,64,4,1024,16,8192,64,11,15,True,1,13.244935,True
slm,14,2,64,4,1024,16,8192,64,11,16,False,0,13.180838,True
slm,14,2,64,4,1024,16,8192,64,11,16,True,1,13.494443,True
slm,14,2,64,4,1024,16,8192,64,11,17,True,0,13.351166,True
slm,14,2,64,4,1024,16,8192,64,11,17,False,1,13.117752,True
slm,14,2,64,4,1024,16,8192,64,11,18,False,0,13.169891,True
slm,14,2,64,4,1024,16,8192,64,11,18,True,1,13.475604,True
slm,14,2,64,4,1024,16,8192,64,11,19,False,0,13.153817,True
slm,14,2,64,4,1024,16,8192,64,11,19,True,1,13.491939,True
slm,14,2,64,4,1024,16,8192,64,29,0,True,0,13.442024,True
slm,14,2,64,4,1024,16,8192,64,29,0,False,1,12.391091,True
slm,14,2,64,4,1024,16,8192,64,29,1,True,0,13.5323,True
slm,14,2,64,4,1024,16,8192,64,29,1,False,1,13.032043,True
slm,14,2,64,4,1024,16,8192,64,29,2,True,0,13.433441,True
slm,14,2,64,4,1024,16,8192,64,29,2,False,1,12.903087,True
slm,14,2,64,4,1024,16,8192,64,29,3,True,0,13.423255,True
slm,14,2,64,4,1024,16,8192,64,29,3,False,1,17.030082,True
slm,14,2,64,4,1024,16,8192,64,29,4,True,0,13.291365,True
slm,14,2,64,4,1024,16,8192,64,29,4,False,1,13.298566,True
slm,14,2,64,4,1024,16,8192,64,29,5,True,0,13.374021,True
slm,14,2,64,4,1024,16,8192,64,29,5,False,1,13.127947,True
slm,14,2,64,4,1024,16,8192,64,29,6,False,0,21.219862,True
slm,14,2,64,4,1024,16,8192,64,29,6,True,1,13.227168,True
slm,14,2,64,4,1024,16,8192,64,29,7,False,0,13.323655,True
slm,14,2,64,4,1024,16,8192,64,29,7,True,1,13.455924,True
slm,14,2,64,4,1024,16,8192,64,29,8,True,0,13.349634,True
slm,14,2,64,4,1024,16,8192,64,29,8,False,1,13.1626,True
slm,14,2,64,4,1024,16,8192,64,29,9,False,0,13.187128,True
slm,14,2,64,4,1024,16,8192,64,29,9,True,1,13.467412,True
slm,14,2,64,4,1024,16,8192,64,29,10,False,0,13.165926,True
slm,14,2,64,4,1024,16,8192,64,29,10,True,1,13.414021,True
slm,14,2,64,4,1024,16,8192,64,29,11,False,0,13.115628,True
slm,14,2,64,4,1024,16,8192,64,29,11,True,1,13.415424,True
slm,14,2,64,4,1024,16,8192,64,29,12,True,0,13.444888,True
slm,14,2,64,4,1024,16,8192,64,29,12,False,1,13.259917,True
slm,14,2,64,4,1024,16,8192,64,29,13,True,0,13.447602,True
slm,14,2,64,4,1024,16,8192,64,29,13,False,1,13.132724,True
slm,14,2,64,4,1024,16,8192,64,29,14,True,0,13.508134,True
slm,14,2,64,4,1024,16,8192,64,29,14,False,1,13.242952,True
slm,14,2,64,4,1024,16,8192,64,29,15,True,0,13.424787,True
slm,14,2,64,4,1024,16,8192,64,29,15,False,1,13.176621,True
slm,14,2,64,4,1024,16,8192,64,29,16,True,0,13.488934,True
slm,14,2,64,4,1024,16,8192,64,29,16,False,1,13.176832,True
slm,14,2,64,4,1024,16,8192,64,29,17,True,0,13.504499,True
slm,14,2,64,4,1024,16,8192,64,29,17,False,1,13.346579,True
slm,14,2,64,4,1024,16,8192,64,29,18,True,0,13.369323,True
slm,14,2,64,4,1024,16,8192,64,29,18,False,1,13.206216,True
slm,14,2,64,4,1024,16,8192,64,29,19,True,0,13.567214,True
slm,14,2,64,4,1024,16,8192,64,29,19,False,1,13.202541,True
slm,14,2,64,4,1024,16,8192,64,47,0,False,0,13.24143,True
slm,14,2,64,4,1024,16,8192,64,47,0,True,1,13.202841,True
slm,14,2,64,4,1024,16,8192,64,47,1,True,0,13.319768,True
slm,14,2,64,4,1024,16,8192,64,47,1,False,1,13.261831,True
slm,14,2,64,4,1024,16,8192,64,47,2,False,0,13.226057,True
slm,14,2,64,4,1024,16,8192,64,47,2,True,1,13.521975,True
slm,14,2,64,4,1024,16,8192,64,47,3,True,0,13.411848,True
slm,14,2,64,4,1024,16,8192,64,47,3,False,1,13.273879,True
slm,14,2,64,4,1024,16,8192,64,47,4,False,0,13.223062,True
slm,14,2,64,4,1024,16,8192,64,47,4,True,1,13.475705,True
slm,14,2,64,4,1024,16,8192,64,47,5,True,0,13.370555,True
slm,14,2,64,4,1024,16,8192,64,47,5,False,1,13.185285,True
slm,14,2,64,4,1024,16,8192,64,47,6,True,0,13.276333,True
slm,14,2,64,4,1024,16,8192,64,47,6,False,1,13.381493,True
slm,14,2,64,4,1024,16,8192,64,47,7,False,0,13.309994,True
slm,14,2,64,4,1024,16,8192,64,47,7,True,1,13.515825,True
slm,14,2,64,4,1024,16,8192,64,47,8,False,0,13.130031,True
slm,14,2,64,4,1024,16,8192,64,47,8,True,1,13.320199,True
slm,14,2,64,4,1024,16,8192,64,47,9,False,0,13.334792,True
slm,14,2,64,4,1024,16,8192,64,47,9,True,1,13.451488,True
slm,14,2,64,4,1024,16,8192,64,47,10,True,0,13.539241,True
slm,14,2,64,4,1024,16,8192,64,47,10,False,1,13.2021,True
slm,14,2,64,4,1024,16,8192,64,47,11,True,0,13.753456,True
slm,14,2,64,4,1024,16,8192,64,47,11,False,1,13.088489,True
slm,14,2,64,4,1024,16,8192,64,47,12,False,0,13.252276,True
slm,14,2,64,4,1024,16,8192,64,47,12,True,1,13.4729,True
slm,14,2,64,4,1024,16,8192,64,47,13,False,0,13.136491,True
slm,14,2,64,4,1024,16,8192,64,47,13,True,1,13.423235,True
slm,14,2,64,4,1024,16,8192,64,47,14,True,0,13.481193,True
slm,14,2,64,4,1024,16,8192,64,47,14,False,1,13.203482,True
slm,14,2,64,4,1024,16,8192,64,47,15,False,0,13.559782,True
slm,14,2,64,4,1024,16,8192,64,47,15,True,1,13.485709,True
slm,14,2,64,4,1024,16,8192,64,47,16,False,0,13.329393,True
slm,14,2,64,4,1024,16,8192,64,47,16,True,1,13.553693,True
slm,14,2,64,4,1024,16,8192,64,47,17,False,0,13.183792,True
slm,14,2,64,4,1024,16,8192,64,47,17,True,1,13.482885,True
slm,14,2,64,4,1024,16,8192,64,47,18,True,0,13.385478,True
slm,14,2,64,4,1024,16,8192,64,47,18,False,1,13.297264,True
slm,14,2,64,4,1024,16,8192,64,47,19,True,0,13.465188,True
slm,14,2,64,4,1024,16,8192,64,47,19,False,1,13.436065,True
llm,28,4,128,1,128,2,2048,64,11,0,False,0,2.601594,True
llm,28,4,128,1,128,2,2048,64,11,0,True,1,2.66528,True
llm,28,4,128,1,128,2,2048,64,11,1,False,0,2.621384,True
llm,28,4,128,1,128,2,2048,64,11,1,True,1,2.649766,True
llm,28,4,128,1,128,2,2048,64,11,2,True,0,2.651018,True
llm,28,4,128,1,128,2,2048,64,11,2,False,1,2.613791,True
llm,28,4,128,1,128,2,2048,64,11,3,False,0,2.610807,True
llm,28,4,128,1,128,2,2048,64,11,3,True,1,2.648314,True
llm,28,4,128,1,128,2,2048,64,11,4,False,0,2.610927,True
llm,28,4,128,1,128,2,2048,64,11,4,True,1,2.639351,True
llm,28,4,128,1,128,2,2048,64,11,5,True,0,2.63247,True
llm,28,4,128,1,128,2,2048,64,11,5,False,1,2.612069,True
llm,28,4,128,1,128,2,2048,64,11,6,False,0,2.607592,True
llm,28,4,128,1,128,2,2048,64,11,6,True,1,2.69149,True
llm,28,4,128,1,128,2,2048,64,11,7,True,0,2.632991,True
llm,28,4,128,1,128,2,2048,64,11,7,False,1,2.611619,True
llm,28,4,128,1,128,2,2048,64,11,8,True,0,2.642966,True
llm,28,4,128,1,128,2,2048,64,11,8,False,1,2.615414,True
llm,28,4,128,1,128,2,2048,64,11,9,False,0,2.601693,True
llm,28,4,128,1,128,2,2048,64,11,9,True,1,2.629124,True
llm,28,4,128,1,128,2,2048,64,11,10,False,0,2.622525,True
llm,28,4,128,1,128,2,2048,64,11,10,True,1,2.639971,True
llm,28,4,128,1,128,2,2048,64,11,11,False,0,2.61987,True
llm,28,4,128,1,128,2,2048,64,11,11,True,1,2.736347,True
llm,28,4,128,1,128,2,2048,64,11,12,False,0,2.59945,True
llm,28,4,128,1,128,2,2048,64,11,12,True,1,2.639551,True
llm,28,4,128,1,128,2,2048,64,11,13,True,0,2.637688,True
llm,28,4,128,1,128,2,2048,64,11,13,False,1,2.607502,True
llm,28,4,128,1,128,2,2048,64,11,14,True,0,2.642175,True
llm,28,4,128,1,128,2,2048,64,11,14,False,1,2.597567,True
llm,28,4,128,1,128,2,2048,64,11,15,True,0,2.63241,True
llm,28,4,128,1,128,2,2048,64,11,15,False,1,2.605038,True
llm,28,4,128,1,128,2,2048,64,11,16,True,0,2.641644,True
llm,28,4,128,1,128,2,2048,64,11,16,False,1,2.597347,True
llm,28,4,128,1,128,2,2048,64,11,17,True,0,2.642715,True
llm,28,4,128,1,128,2,2048,64,11,17,False,1,2.608273,True
llm,28,4,128,1,128,2,2048,64,11,18,False,0,2.605109,True
llm,28,4,128,1,128,2,2048,64,11,18,True,1,2.640242,True
llm,28,4,128,1,128,2,2048,64,11,19,True,0,2.649886,True
llm,28,4,128,1,128,2,2048,64,11,19,False,1,2.607101,True
llm,28,4,128,1,128,2,2048,64,29,0,False,0,2.61266,True
llm,28,4,128,1,128,2,2048,64,29,0,True,1,2.651168,True
llm,28,4,128,1,128,2,2048,64,29,1,True,0,2.645209,True
llm,28,4,128,1,128,2,2048,64,29,1,False,1,2.5994,True
llm,28,4,128,1,128,2,2048,64,29,2,True,0,2.629235,True
llm,28,4,128,1,128,2,2048,64,29,2,False,1,2.611628,True
llm,28,4,128,1,128,2,2048,64,29,3,True,0,2.63886,True
llm,28,4,128,1,128,2,2048,64,29,3,False,1,2.60612,True
llm,28,4,128,1,128,2,2048,64,29,4,False,0,2.592449,True
llm,28,4,128,1,128,2,2048,64,29,4,True,1,2.627793,True
llm,28,4,128,1,128,2,2048,64,29,5,False,0,2.601453,True
llm,28,4,128,1,128,2,2048,64,29,5,True,1,2.63887,True
llm,28,4,128,1,128,2,2048,64,29,6,False,0,2.610637,True
llm,28,4,128,1,128,2,2048,64,29,6,True,1,2.628945,True
llm,28,4,128,1,128,2,2048,64,29,7,False,0,2.611378,True
llm,28,4,128,1,128,2,2048,64,29,7,True,1,2.641434,True
llm,28,4,128,1,128,2,2048,64,29,8,False,0,2.608313,True
llm,28,4,128,1,128,2,2048,64,29,8,True,1,2.627422,True
llm,28,4,128,1,128,2,2048,64,29,9,True,0,2.622285,True
llm,28,4,128,1,128,2,2048,64,29,9,False,1,2.604027,True
llm,28,4,128,1,128,2,2048,64,29,10,False,0,2.596646,True
llm,28,4,128,1,128,2,2048,64,29,10,True,1,2.634593,True
llm,28,4,128,1,128,2,2048,64,29,11,False,0,2.59336,True
llm,28,4,128,1,128,2,2048,64,29,11,True,1,2.631309,True
llm,28,4,128,1,128,2,2048,64,29,12,True,0,2.63242,True
llm,28,4,128,1,128,2,2048,64,29,12,False,1,2.600522,True
llm,28,4,128,1,128,2,2048,64,29,13,True,0,2.624648,True
llm,28,4,128,1,128,2,2048,64,29,13,False,1,2.591898,True
llm,28,4,128,1,128,2,2048,64,29,14,True,0,2.633231,True
llm,28,4,128,1,128,2,2048,64,29,14,False,1,2.607331,True
llm,28,4,128,1,128,2,2048,64,29,15,False,0,2.591828,True
llm,28,4,128,1,128,2,2048,64,29,15,True,1,2.622685,True
llm,28,4,128,1,128,2,2048,64,29,16,True,0,2.623987,True
llm,28,4,128,1,128,2,2048,64,29,16,False,1,2.600712,True
llm,28,4,128,1,128,2,2048,64,29,17,True,0,2.633081,True
llm,28,4,128,1,128,2,2048,64,29,17,False,1,2.604768,True
llm,28,4,128,1,128,2,2048,64,29,18,True,0,2.624588,True
llm,28,4,128,1,128,2,2048,64,29,18,False,1,2.595965,True
llm,28,4,128,1,128,2,2048,64,29,19,False,0,2.595454,True
llm,28,4,128,1,128,2,2048,64,29,19,True,1,2.637699,True
llm,28,4,128,1,128,2,2048,64,47,0,False,0,2.598118,True
llm,28,4,128,1,128,2,2048,64,47,0,True,1,2.65242,True
llm,28,4,128,1,128,2,2048,64,47,1,False,0,2.618088,True
llm,28,4,128,1,128,2,2048,64,47,1,True,1,2.651629,True
llm,28,4,128,1,128,2,2048,64,47,2,True,0,2.63917,True
llm,28,4,128,1,128,2,2048,64,47,2,False,1,2.598619,True
llm,28,4,128,1,128,2,2048,64,47,3,False,0,2.600381,True
llm,28,4,128,1,128,2,2048,64,47,3,True,1,2.637578,True
llm,28,4,128,1,128,2,2048,64,47,4,False,0,2.60626,True
llm,28,4,128,1,128,2,2048,64,47,4,True,1,2.631468,True
llm,28,4,128,1,128,2,2048,64,47,5,False,0,2.593801,True
llm,28,4,128,1,128,2,2048,64,47,5,True,1,2.636026,True
llm,28,4,128,1,128,2,2048,64,47,6,False,0,2.606571,True
llm,28,4,128,1,128,2,2048,64,47,6,True,1,2.641414,True
llm,28,4,128,1,128,2,2048,64,47,7,True,0,2.620292,True
llm,28,4,128,1,128,2,2048,64,47,7,False,1,2.596355,True
llm,28,4,128,1,128,2,2048,64,47,8,False,0,2.595895,True
llm,28,4,128,1,128,2,2048,64,47,8,True,1,2.633331,True
llm,28,4,128,1,128,2,2048,64,47,9,False,0,2.60577,True
llm,28,4,128,1,128,2,2048,64,47,9,True,1,2.62589,True
llm,28,4,128,1,128,2,2048,64,47,10,True,0,2.63209,True
llm,28,4,128,1,128,2,2048,64,47,10,False,1,2.609014,True
llm,28,4,128,1,128,2,2048,64,47,11,False,0,2.601453,True
llm,28,4,128,1,128,2,2048,64,47,11,True,1,2.63218,True
llm,28,4,128,1,128,2,2048,64,47,12,False,0,2.596816,True
llm,28,4,128,1,128,2,2048,64,47,12,True,1,2.641614,True
llm,28,4,128,1,128,2,2048,64,47,13,False,0,2.605149,True
llm,28,4,128,1,128,2,2048,64,47,13,True,1,2.635885,True
llm,28,4,128,1,128,2,2048,64,47,14,True,0,2.623846,True
llm,28,4,128,1,128,2,2048,64,47,14,False,1,2.609185,True
llm,28,4,128,1,128,2,2048,64,47,15,False,0,2.597207,True
llm,28,4,128,1,128,2,2048,64,47,15,True,1,2.633702,True
llm,28,4,128,1,128,2,2048,64,47,16,False,0,2.593931,True
llm,28,4,128,1,128,2,2048,64,47,16,True,1,2.629145,True
llm,28,4,128,1,128,2,2048,64,47,17,False,0,2.603216,True
llm,28,4,128,1,128,2,2048,64,47,17,True,1,2.637067,True
llm,28,4,128,1,128,2,2048,64,47,18,False,0,2.604317,True
llm,28,4,128,1,128,2,2048,64,47,18,True,1,2.624327,True
llm,28,4,128,1,128,2,2048,64,47,19,False,0,2.598479,True
llm,28,4,128,1,128,2,2048,64,47,19,True,1,2.642165,True
llm,28,4,128,1,128,2,8192,64,11,0,False,0,10.02875,True
llm,28,4,128,1,128,2,8192,64,11,0,True,1,10.221542,True
llm,28,4,128,1,128,2,8192,64,11,1,True,0,10.189945,True
llm,28,4,128,1,128,2,8192,64,11,1,False,1,10.076994,True
llm,28,4,128,1,128,2,8192,64,11,2,True,0,10.19382,True
llm,28,4,128,1,128,2,8192,64,11,2,False,1,10.05522,True
llm,28,4,128,1,128,2,8192,64,11,3,False,0,10.046777,True
llm,28,4,128,1,128,2,8192,64,11,3,True,1,10.198628,True
llm,28,4,128,1,128,2,8192,64,11,4,False,0,10.059296,True
llm,28,4,128,1,128,2,8192,64,11,4,True,1,10.37889,True
llm,28,4,128,1,128,2,8192,64,11,5,True,0,10.185438,True
llm,28,4,128,1,128,2,8192,64,11,5,False,1,10.058986,True
llm,28,4,128,1,128,2,8192,64,11,6,False,0,10.04881,True
llm,28,4,128,1,128,2,8192,64,11,6,True,1,10.189164,True
llm,28,4,128,1,128,2,8192,64,11,7,True,0,10.195594,True
llm,28,4,128,1,128,2,8192,64,11,7,False,1,10.050473,True
llm,28,4,128,1,128,2,8192,64,11,8,False,0,10.043292,True
llm,28,4,128,1,128,2,8192,64,11,8,True,1,10.185217,True
llm,28,4,128,1,128,2,8192,64,11,9,True,0,10.172147,True
llm,28,4,128,1,128,2,8192,64,11,9,False,1,10.045947,True
llm,28,4,128,1,128,2,8192,64,11,10,True,0,10.191236,True
llm,28,4,128,1,128,2,8192,64,11,10,False,1,10.060288,True
llm,28,4,128,1,128,2,8192,64,11,11,False,0,10.051645,True
llm,28,4,128,1,128,2,8192,64,11,11,True,1,10.183765,True
llm,28,4,128,1,128,2,8192,64,11,12,True,0,10.195032,True
llm,28,4,128,1,128,2,8192,64,11,12,False,1,10.04878,True
llm,28,4,128,1,128,2,8192,64,11,13,False,0,10.043973,True
llm,28,4,128,1,128,2,8192,64,11,13,True,1,10.176144,True
llm,28,4,128,1,128,2,8192,64,11,14,False,0,10.058535,True
llm,28,4,128,1,128,2,8192,64,11,14,True,1,10.178227,True
llm,28,4,128,1,128,2,8192,64,11,15,True,0,10.187771,True
llm,28,4,128,1,128,2,8192,64,11,15,False,1,10.04146,True
llm,28,4,128,1,128,2,8192,64,11,16,True,0,10.182183,True
llm,28,4,128,1,128,2,8192,64,11,16,False,1,10.060638,True
llm,28,4,128,1,128,2,8192,64,11,17,True,0,10.198367,True
llm,28,4,128,1,128,2,8192,64,11,17,False,1,10.060167,True
llm,28,4,128,1,128,2,8192,64,11,18,True,0,10.188382,True
llm,28,4,128,1,128,2,8192,64,11,18,False,1,10.090764,True
llm,28,4,128,1,128,2,8192,64,11,19,True,0,10.181592,True
llm,28,4,128,1,128,2,8192,64,11,19,False,1,10.047098,True
llm,28,4,128,1,128,2,8192,64,29,0,False,0,10.028059,True
llm,28,4,128,1,128,2,8192,64,29,0,True,1,10.216735,True
llm,28,4,128,1,128,2,8192,64,29,1,False,0,10.075501,True
llm,28,4,128,1,128,2,8192,64,29,1,True,1,10.184627,True
llm,28,4,128,1,128,2,8192,64,29,2,False,0,10.069211,True
llm,28,4,128,1,128,2,8192,64,29,2,True,1,10.227682,True
llm,28,4,128,1,128,2,8192,64,29,3,True,0,10.194281,True
llm,28,4,128,1,128,2,8192,64,29,3,False,1,10.050894,True
llm,28,4,128,1,128,2,8192,64,29,4,True,0,10.201713,True
llm,28,4,128,1,128,2,8192,64,29,4,False,1,10.051284,True
llm,28,4,128,1,128,2,8192,64,29,5,False,0,10.043983,True
llm,28,4,128,1,128,2,8192,64,29,5,True,1,10.205969,True
llm,28,4,128,1,128,2,8192,64,29,6,False,0,10.056362,True
llm,28,4,128,1,128,2,8192,64,29,6,True,1,10.166699,True
llm,28,4,128,1,128,2,8192,64,29,7,False,0,10.053117,True
llm,28,4,128,1,128,2,8192,64,29,7,True,1,10.177025,True
llm,28,4,128,1,128,2,8192,64,29,8,True,0,10.171797,True
llm,28,4,128,1,128,2,8192,64,29,8,False,1,10.049231,True
llm,28,4,128,1,128,2,8192,64,29,9,False,0,10.04813,True
llm,28,4,128,1,128,2,8192,64,29,9,True,1,10.177666,True
llm,28,4,128,1,128,2,8192,64,29,10,True,0,10.176675,True
llm,28,4,128,1,128,2,8192,64,29,10,False,1,10.056492,True
llm,28,4,128,1,128,2,8192,64,29,11,False,0,10.053658,True
llm,28,4,128,1,128,2,8192,64,29,11,True,1,10.158066,True
llm,28,4,128,1,128,2,8192,64,29,12,True,0,10.18008,True
llm,28,4,128,1,128,2,8192,64,29,12,False,1,10.056111,True
llm,28,4,128,1,128,2,8192,64,29,13,True,0,10.172347,True
llm,28,4,128,1,128,2,8192,64,29,13,False,1,10.040658,True
llm,28,4,128,1,128,2,8192,64,29,14,True,0,10.191907,True
llm,28,4,128,1,128,2,8192,64,29,14,False,1,10.040168,True
llm,28,4,128,1,128,2,8192,64,29,15,True,0,10.164796,True
llm,28,4,128,1,128,2,8192,64,29,15,False,1,10.047028,True
llm,28,4,128,1,128,2,8192,64,29,16,False,0,10.036432,True
llm,28,4,128,1,128,2,8192,64,29,16,True,1,10.163014,True
llm,28,4,128,1,128,2,8192,64,29,17,True,0,10.175743,True
llm,28,4,128,1,128,2,8192,64,29,17,False,1,10.047048,True
llm,28,4,128,1,128,2,8192,64,29,18,True,0,10.176745,True
llm,28,4,128,1,128,2,8192,64,29,18,False,1,10.062621,True
llm,28,4,128,1,128,2,8192,64,29,19,True,0,10.207641,True
llm,28,4,128,1,128,2,8192,64,29,19,False,1,10.06124,True
llm,28,4,128,1,128,2,8192,64,47,0,False,0,10.034379,True
llm,28,4,128,1,128,2,8192,64,47,0,True,1,10.190145,True
llm,28,4,128,1,128,2,8192,64,47,1,False,0,10.08156,True
llm,28,4,128,1,128,2,8192,64,47,1,True,1,10.22678,True
llm,28,4,128,1,128,2,8192,64,47,2,True,0,10.199429,True
llm,28,4,128,1,128,2,8192,64,47,2,False,1,10.069221,True
llm,28,4,128,1,128,2,8192,64,47,3,True,0,10.20658,True
llm,28,4,128,1,128,2,8192,64,47,3,False,1,10.066367,True
llm,28,4,128,1,128,2,8192,64,47,4,False,0,10.06166,True
llm,28,4,128,1,128,2,8192,64,47,4,True,1,10.191327,True
llm,28,4,128,1,128,2,8192,64,47,5,True,0,10.192098,True
llm,28,4,128,1,128,2,8192,64,47,5,False,1,10.056832,True
llm,28,4,128,1,128,2,8192,64,47,6,False,0,10.071585,True
llm,28,4,128,1,128,2,8192,64,47,6,True,1,10.192919,True
llm,28,4,128,1,128,2,8192,64,47,7,False,0,10.059237,True
llm,28,4,128,1,128,2,8192,64,47,7,True,1,10.171466,True
llm,28,4,128,1,128,2,8192,64,47,8,True,0,10.197376,True
llm,28,4,128,1,128,2,8192,64,47,8,False,1,10.076222,True
llm,28,4,128,1,128,2,8192,64,47,9,False,0,10.056923,True
llm,28,4,128,1,128,2,8192,64,47,9,True,1,10.20046,True
llm,28,4,128,1,128,2,8192,64,47,10,True,0,10.191677,True
llm,28,4,128,1,128,2,8192,64,47,10,False,1,10.06183,True
llm,28,4,128,1,128,2,8192,64,47,11,False,0,10.064565,True
llm,28,4,128,1,128,2,8192,64,47,11,True,1,10.205048,True
llm,28,4,128,1,128,2,8192,64,47,12,True,0,10.189675,True
llm,28,4,128,1,128,2,8192,64,47,12,False,1,10.058806,True
llm,28,4,128,1,128,2,8192,64,47,13,False,0,10.077474,True
llm,28,4,128,1,128,2,8192,64,47,13,True,1,10.368575,True
llm,28,4,128,1,128,2,8192,64,47,14,True,0,10.20712,True
llm,28,4,128,1,128,2,8192,64,47,14,False,1,10.063193,True
llm,28,4,128,1,128,2,8192,64,47,15,True,0,10.208212,True
llm,28,4,128,1,128,2,8192,64,47,15,False,1,10.056402,True
llm,28,4,128,1,128,2,8192,64,47,16,True,0,10.201122,True
llm,28,4,128,1,128,2,8192,64,47,16,False,1,10.075831,True
llm,28,4,128,1,128,2,8192,64,47,17,False,0,10.080508,True
llm,28,4,128,1,128,2,8192,64,47,17,True,1,10.188592,True
llm,28,4,128,1,128,2,8192,64,47,18,True,0,10.204177,True
llm,28,4,128,1,128,2,8192,64,47,18,False,1,10.070614,True
llm,28,4,128,1,128,2,8192,64,47,19,True,0,10.192449,True
llm,28,4,128,1,128,2,8192,64,47,19,False,1,10.069723,True
llm,28,4,128,1,256,4,2048,64,11,0,False,0,5.154913,True
llm,28,4,128,1,256,4,2048,64,11,0,True,1,5.284489,True
llm,28,4,128,1,256,4,2048,64,11,1,True,0,4.093354,True
llm,28,4,128,1,256,4,2048,64,11,1,False,1,2.658159,True
llm,28,4,128,1,256,4,2048,64,11,2,False,0,2.653171,True
llm,28,4,128,1,256,4,2048,64,11,2,True,1,2.686071,True
llm,28,4,128,1,256,4,2048,64,11,3,True,0,2.674925,True
llm,28,4,128,1,256,4,2048,64,11,3,False,1,2.656547,True
llm,28,4,128,1,256,4,2048,64,11,4,True,0,2.700634,True
llm,28,4,128,1,256,4,2048,64,11,4,False,1,2.666491,True
llm,28,4,128,1,256,4,2048,64,11,5,False,0,2.635434,True
llm,28,4,128,1,256,4,2048,64,11,5,True,1,2.683668,True
llm,28,4,128,1,256,4,2048,64,11,6,False,0,2.657718,True
llm,28,4,128,1,256,4,2048,64,11,6,True,1,2.693011,True
llm,28,4,128,1,256,4,2048,64,11,7,True,0,2.676156,True
llm,28,4,128,1,256,4,2048,64,11,7,False,1,2.661283,True
llm,28,4,128,1,256,4,2048,64,11,8,False,0,2.63941,True
llm,28,4,128,1,256,4,2048,64,11,8,True,1,2.667973,True
llm,28,4,128,1,256,4,2048,64,11,9,True,0,2.683568,True
llm,28,4,128,1,256,4,2048,64,11,9,False,1,2.646671,True
llm,28,4,128,1,256,4,2048,64,11,10,False,0,2.631188,True
llm,28,4,128,1,256,4,2048,64,11,10,True,1,2.655115,True
llm,28,4,128,1,256,4,2048,64,11,11,False,0,2.628244,True
llm,28,4,128,1,256,4,2048,64,11,11,True,1,2.687413,True
llm,28,4,128,1,256,4,2048,64,11,12,False,0,2.656887,True
llm,28,4,128,1,256,4,2048,64,11,12,True,1,2.671339,True
llm,28,4,128,1,256,4,2048,64,11,13,False,0,2.642295,True
llm,28,4,128,1,256,4,2048,64,11,13,True,1,2.644078,True
llm,28,4,128,1,256,4,2048,64,11,14,True,0,2.646612,True
llm,28,4,128,1,256,4,2048,64,11,14,False,1,2.641764,True
llm,28,4,128,1,256,4,2048,64,11,15,True,0,2.707393,True
llm,28,4,128,1,256,4,2048,64,11,15,False,1,2.649756,True
llm,28,4,128,1,256,4,2048,64,11,16,True,0,2.662205,True
llm,28,4,128,1,256,4,2048,64,11,16,False,1,2.627913,True
llm,28,4,128,1,256,4,2048,64,11,17,False,0,2.629576,True
llm,28,4,128,1,256,4,2048,64,11,17,True,1,2.666031,True
llm,28,4,128,1,256,4,2048,64,11,18,False,0,2.640342,True
llm,28,4,128,1,256,4,2048,64,11,18,True,1,2.676857,True
llm,28,4,128,1,256,4,2048,64,11,19,False,0,2.633011,True
llm,28,4,128,1,256,4,2048,64,11,19,True,1,2.66595,True
llm,28,4,128,1,256,4,2048,64,29,0,True,0,2.692,True
llm,28,4,128,1,256,4,2048,64,29,0,False,1,2.657417,True
llm,28,4,128,1,256,4,2048,64,29,1,False,0,2.628024,True
llm,28,4,128,1,256,4,2048,64,29,1,True,1,2.651058,True
llm,28,4,128,1,256,4,2048,64,29,2,True,0,2.65915,True
llm,28,4,128,1,256,4,2048,64,29,2,False,1,2.642605,True
llm,28,4,128,1,256,4,2048,64,29,3,False,0,2.644438,True
llm,28,4,128,1,256,4,2048,64,29,3,True,1,2.664028,True
llm,28,4,128,1,256,4,2048,64,29,4,True,0,2.654283,True
llm,28,4,128,1,256,4,2048,64,29,4,False,1,2.641113,True
llm,28,4,128,1,256,4,2048,64,29,5,False,0,2.637768,True
llm,28,4,128,1,256,4,2048,64,29,5,True,1,2.668705,True
llm,28,4,128,1,256,4,2048,64,29,6,True,0,2.65872,True
llm,28,4,128,1,256,4,2048,64,29,6,False,1,2.626531,True
llm,28,4,128,1,256,4,2048,64,29,7,True,0,2.662465,True
llm,28,4,128,1,256,4,2048,64,29,7,False,1,2.637127,True
llm,28,4,128,1,256,4,2048,64,29,8,False,0,2.630808,True
llm,28,4,128,1,256,4,2048,64,29,8,True,1,2.672991,True
llm,28,4,128,1,256,4,2048,64,29,9,True,0,2.659491,True
llm,28,4,128,1,256,4,2048,64,29,9,False,1,2.630557,True
llm,28,4,128,1,256,4,2048,64,29,10,False,0,2.629976,True
llm,28,4,128,1,256,4,2048,64,29,10,True,1,2.65837,True
llm,28,4,128,1,256,4,2048,64,29,11,False,0,2.643747,True
llm,28,4,128,1,256,4,2048,64,29,11,True,1,2.654985,True
llm,28,4,128,1,256,4,2048,64,29,12,True,0,2.647743,True
llm,28,4,128,1,256,4,2048,64,29,12,False,1,2.627923,True
llm,28,4,128,1,256,4,2048,64,29,13,True,0,2.660292,True
llm,28,4,128,1,256,4,2048,64,29,13,False,1,2.637287,True
llm,28,4,128,1,256,4,2048,64,29,14,True,0,2.662616,True
llm,28,4,128,1,256,4,2048,64,29,14,False,1,2.618769,True
llm,28,4,128,1,256,4,2048,64,29,15,True,0,2.670087,True
llm,28,4,128,1,256,4,2048,64,29,15,False,1,2.635715,True
llm,28,4,128,1,256,4,2048,64,29,16,False,0,2.631499,True
llm,28,4,128,1,256,4,2048,64,29,16,True,1,2.656686,True
llm,28,4,128,1,256,4,2048,64,29,17,False,0,2.631067,True
llm,28,4,128,1,256,4,2048,64,29,17,True,1,2.656597,True
llm,28,4,128,1,256,4,2048,64,29,18,True,0,2.663457,True
llm,28,4,128,1,256,4,2048,64,29,18,False,1,2.627001,True
llm,28,4,128,1,256,4,2048,64,29,19,True,0,2.659541,True
llm,28,4,128,1,256,4,2048,64,29,19,False,1,2.628183,True
llm,28,4,128,1,256,4,2048,64,47,0,False,0,2.651288,True
llm,28,4,128,1,256,4,2048,64,47,0,True,1,2.700933,True
llm,28,4,128,1,256,4,2048,64,47,1,False,0,2.643887,True
llm,28,4,128,1,256,4,2048,64,47,1,True,1,2.680934,True
llm,28,4,128,1,256,4,2048,64,47,2,True,0,2.685841,True
llm,28,4,128,1,256,4,2048,64,47,2,False,1,2.646381,True
llm,28,4,128,1,256,4,2048,64,47,3,True,0,2.682035,True
llm,28,4,128,1,256,4,2048,64,47,3,False,1,2.643416,True
llm,28,4,128,1,256,4,2048,64,47,4,False,0,2.648284,True
llm,28,4,128,1,256,4,2048,64,47,4,True,1,2.67214,True
llm,28,4,128,1,256,4,2048,64,47,5,False,0,2.628183,True
llm,28,4,128,1,256,4,2048,64,47,5,True,1,2.66539,True
llm,28,4,128,1,256,4,2048,64,47,6,False,0,2.642055,True
llm,28,4,128,1,256,4,2048,64,47,6,True,1,2.67186,True
llm,28,4,128,1,256,4,2048,64,47,7,False,0,2.645229,True
llm,28,4,128,1,256,4,2048,64,47,7,True,1,2.674463,True
llm,28,4,128,1,256,4,2048,64,47,8,True,0,2.655986,True
llm,28,4,128,1,256,4,2048,64,47,8,False,1,2.644568,True
llm,28,4,128,1,256,4,2048,64,47,9,True,0,2.67164,True
llm,28,4,128,1,256,4,2048,64,47,9,False,1,2.643477,True
llm,28,4,128,1,256,4,2048,64,47,10,True,0,2.668264,True
llm,28,4,128,1,256,4,2048,64,47,10,False,1,2.646791,True
llm,28,4,128,1,256,4,2048,64,47,11,False,0,2.651869,True
llm,28,4,128,1,256,4,2048,64,47,11,True,1,2.66507,True
llm,28,4,128,1,256,4,2048,64,47,12,True,0,2.678079,True
llm,28,4,128,1,256,4,2048,64,47,12,False,1,2.637718,True
llm,28,4,128,1,256,4,2048,64,47,13,False,0,2.623897,True
llm,28,4,128,1,256,4,2048,64,47,13,True,1,2.668124,True
llm,28,4,128,1,256,4,2048,64,47,14,False,0,2.644649,True
llm,28,4,128,1,256,4,2048,64,47,14,True,1,2.682195,True
llm,28,4,128,1,256,4,2048,64,47,15,False,0,2.63931,True
llm,28,4,128,1,256,4,2048,64,47,15,True,1,2.667693,True
llm,28,4,128,1,256,4,2048,64,47,16,False,0,2.629145,True
llm,28,4,128,1,256,4,2048,64,47,16,True,1,2.657818,True
llm,28,4,128,1,256,4,2048,64,47,17,True,0,2.67191,True
llm,28,4,128,1,256,4,2048,64,47,17,False,1,2.655645,True
llm,28,4,128,1,256,4,2048,64,47,18,True,0,2.680984,True
llm,28,4,128,1,256,4,2048,64,47,18,False,1,2.619951,True
llm,28,4,128,1,256,4,2048,64,47,19,True,0,2.652109,True
llm,28,4,128,1,256,4,2048,64,47,19,False,1,2.637267,True
llm,28,4,128,1,256,4,8192,64,11,0,True,0,10.225037,True
llm,28,4,128,1,256,4,8192,64,11,0,False,1,10.157375,True
llm,28,4,128,1,256,4,8192,64,11,1,False,0,10.135403,True
llm,28,4,128,1,256,4,8192,64,11,1,True,1,10.241943,True
llm,28,4,128,1,256,4,8192,64,11,2,False,0,10.090303,True
llm,28,4,128,1,256,4,8192,64,11,2,True,1,10.237006,True
llm,28,4,128,1,256,4,8192,64,11,3,True,0,10.224817,True
llm,28,4,128,1,256,4,8192,64,11,3,False,1,10.117985,True
llm,28,4,128,1,256,4,8192,64,11,4,True,0,10.234202,True
llm,28,4,128,1,256,4,8192,64,11,4,False,1,10.156154,True
llm,28,4,128,1,256,4,8192,64,11,5,False,0,10.144676,True
llm,28,4,128,1,256,4,8192,64,11,5,True,1,10.219309,True
llm,28,4,128,1,256,4,8192,64,11,6,False,0,10.108521,True
llm,28,4,128,1,256,4,8192,64,11,6,True,1,10.231387,True
llm,28,4,128,1,256,4,8192,64,11,7,True,0,10.237166,True
llm,28,4,128,1,256,4,8192,64,11,7,False,1,10.137415,True
llm,28,4,128,1,256,4,8192,64,11,8,False,0,10.108692,True
llm,28,4,128,1,256,4,8192,64,11,8,True,1,10.241512,True
llm,28,4,128,1,256,4,8192,64,11,9,False,0,10.106518,True
llm,28,4,128,1,256,4,8192,64,11,9,True,1,10.237126,True
llm,28,4,128,1,256,4,8192,64,11,10,False,0,10.105727,True
llm,28,4,128,1,256,4,8192,64,11,10,True,1,10.212759,True
llm,28,4,128,1,256,4,8192,64,11,11,True,0,10.217756,True
llm,28,4,128,1,256,4,8192,64,11,11,False,1,10.145688,True
llm,28,4,128,1,256,4,8192,64,11,12,False,0,10.090534,True
llm,28,4,128,1,256,4,8192,64,11,12,True,1,10.257317,True
llm,28,4,128,1,256,4,8192,64,11,13,True,0,10.219178,True
llm,28,4,128,1,256,4,8192,64,11,13,False,1,10.129273,True
llm,28,4,128,1,256,4,8192,64,11,14,False,0,10.10785,True
llm,28,4,128,1,256,4,8192,64,11,14,True,1,10.2201,True
llm,28,4,128,1,256,4,8192,64,11,15,False,0,10.144816,True
llm,28,4,128,1,256,4,8192,64,11,15,True,1,10.236244,True
llm,28,4,128,1,256,4,8192,64,11,16,False,0,10.118726,True
llm,28,4,128,1,256,4,8192,64,11,16,True,1,10.212789,True
llm,28,4,128,1,256,4,8192,64,11,17,True,0,10.247562,True
llm,28,4,128,1,256,4,8192,64,11,17,False,1,10.120128,True
llm,28,4,128,1,256,4,8192,64,11,18,True,0,10.235383,True
llm,28,4,128,1,256,4,8192,64,11,18,False,1,10.105256,True
llm,28,4,128,1,256,4,8192,64,11,19,False,0,10.116083,True
llm,28,4,128,1,256,4,8192,64,11,19,True,1,10.231477,True
llm,28,4,128,1,256,4,8192,64,29,0,False,0,10.090834,True
llm,28,4,128,1,256,4,8192,64,29,0,True,1,10.247211,True
llm,28,4,128,1,256,4,8192,64,29,1,False,0,10.113508,True
llm,28,4,128,1,256,4,8192,64,29,1,True,1,10.245839,True
llm,28,4,128,1,256,4,8192,64,29,2,True,0,10.210926,True
llm,28,4,128,1,256,4,8192,64,29,2,False,1,10.100979,True
llm,28,4,128,1,256,4,8192,64,29,3,False,0,10.098857,True
llm,28,4,128,1,256,4,8192,64,29,3,True,1,10.230636,True
llm,28,4,128,1,256,4,8192,64,29,4,False,0,10.100019,True
llm,28,4,128,1,256,4,8192,64,29,4,True,1,10.225058,True
llm,28,4,128,1,256,4,8192,64,29,5,True,0,10.227371,True
llm,28,4,128,1,256,4,8192,64,29,5,False,1,10.102442,True
llm,28,4,128,1,256,4,8192,64,29,6,False,0,10.095591,True
llm,28,4,128,1,256,4,8192,64,29,6,True,1,10.209635,True
llm,28,4,128,1,256,4,8192,64,29,7,True,0,10.222614,True
llm,28,4,128,1,256,4,8192,64,29,7,False,1,10.114079,True
llm,28,4,128,1,256,4,8192,64,29,8,True,0,10.217826,True
llm,28,4,128,1,256,4,8192,64,29,8,False,1,10.112567,True
llm,28,4,128,1,256,4,8192,64,29,9,False,0,10.119518,True
llm,28,4,128,1,256,4,8192,64,29,9,True,1,10.212379,True
llm,28,4,128,1,256,4,8192,64,29,10,True,0,10.204046,True
llm,28,4,128,1,256,4,8192,64,29,10,False,1,10.103033,True
llm,28,4,128,1,256,4,8192,64,29,11,True,0,10.224126,True
llm,28,4,128,1,256,4,8192,64,29,11,False,1,10.094049,True
llm,28,4,128,1,256,4,8192,64,29,12,True,0,10.224857,True
llm,28,4,128,1,256,4,8192,64,29,12,False,1,10.100448,True
llm,28,4,128,1,256,4,8192,64,29,13,True,0,10.215263,True
llm,28,4,128,1,256,4,8192,64,29,13,False,1,10.106087,True
llm,28,4,128,1,256,4,8192,64,29,14,False,0,10.088621,True
llm,28,4,128,1,256,4,8192,64,29,14,True,1,10.217336,True
llm,28,4,128,1,256,4,8192,64,29,15,False,0,10.113318,True
llm,28,4,128,1,256,4,8192,64,29,15,True,1,10.221623,True
llm,28,4,128,1,256,4,8192,64,29,16,True,0,10.209715,True
llm,28,4,128,1,256,4,8192,64,29,16,False,1,10.104996,True
llm,28,4,128,1,256,4,8192,64,29,17,False,0,10.122843,True
llm,28,4,128,1,256,4,8192,64,29,17,True,1,10.223235,True
llm,28,4,128,1,256,4,8192,64,29,18,False,0,10.092957,True
llm,28,4,128,1,256,4,8192,64,29,18,True,1,10.212869,True
llm,28,4,128,1,256,4,8192,64,29,19,True,0,10.243966,True
llm,28,4,128,1,256,4,8192,64,29,19,False,1,10.111786,True
llm,28,4,128,1,256,4,8192,64,47,0,True,0,10.220371,True
llm,28,4,128,1,256,4,8192,64,47,0,False,1,10.109002,True
llm,28,4,128,1,256,4,8192,64,47,1,True,0,10.215013,True
llm,28,4,128,1,256,4,8192,64,47,1,False,1,10.09465,True
llm,28,4,128,1,256,4,8192,64,47,2,False,0,10.108392,True
llm,28,4,128,1,256,4,8192,64,47,2,True,1,10.209925,True
llm,28,4,128,1,256,4,8192,64,47,3,True,0,10.198117,True
llm,28,4,128,1,256,4,8192,64,47,3,False,1,10.1079,True
llm,28,4,128,1,256,4,8192,64,47,4,False,0,10.10775,True
llm,28,4,128,1,256,4,8192,64,47,4,True,1,10.218038,True
llm,28,4,128,1,256,4,8192,64,47,5,True,0,10.214011,True
llm,28,4,128,1,256,4,8192,64,47,5,False,1,10.10102,True
llm,28,4,128,1,256,4,8192,64,47,6,True,0,10.236615,True
llm,28,4,128,1,256,4,8192,64,47,6,False,1,10.093088,True
llm,28,4,128,1,256,4,8192,64,47,7,True,0,10.209274,True
llm,28,4,128,1,256,4,8192,64,47,7,False,1,10.101901,True
llm,28,4,128,1,256,4,8192,64,47,8,True,0,10.201341,True
llm,28,4,128,1,256,4,8192,64,47,8,False,1,10.117225,True
llm,28,4,128,1,256,4,8192,64,47,9,True,0,10.249935,True
llm,28,4,128,1,256,4,8192,64,47,9,False,1,10.09453,True
llm,28,4,128,1,256,4,8192,64,47,10,True,0,10.203685,True
llm,28,4,128,1,256,4,8192,64,47,10,False,1,10.091905,True
llm,28,4,128,1,256,4,8192,64,47,11,False,0,10.10745,True
llm,28,4,128,1,256,4,8192,64,47,11,True,1,10.21942,True
llm,28,4,128,1,256,4,8192,64,47,12,False,0,10.109021,True
llm,28,4,128,1,256,4,8192,64,47,12,True,1,10.214883,True
llm,28,4,128,1,256,4,8192,64,47,13,False,0,10.102462,True
llm,28,4,128,1,256,4,8192,64,47,13,True,1,10.222584,True
llm,28,4,128,1,256,4,8192,64,47,14,False,0,10.09448,True
llm,28,4,128,1,256,4,8192,64,47,14,True,1,10.211046,True
llm,28,4,128,1,256,4,8192,64,47,15,True,0,10.212999,True
llm,28,4,128,1,256,4,8192,64,47,15,False,1,10.10138,True
llm,28,4,128,1,256,4,8192,64,47,16,True,0,10.229585,True
llm,28,4,128,1,256,4,8192,64,47,16,False,1,10.117856,True
llm,28,4,128,1,256,4,8192,64,47,17,True,0,10.225349,True
llm,28,4,128,1,256,4,8192,64,47,17,False,1,10.10783,True
llm,28,4,128,1,256,4,8192,64,47,18,True,0,10.202093,True
llm,28,4,128,1,256,4,8192,64,47,18,False,1,10.109222,True
llm,28,4,128,1,256,4,8192,64,47,19,True,0,10.218538,True
llm,28,4,128,1,256,4,8192,64,47,19,False,1,10.108962,True
llm,28,4,128,1,512,8,2048,64,11,0,False,0,7.088664,True
llm,28,4,128,1,512,8,2048,64,11,0,True,1,7.214204,True
llm,28,4,128,1,512,8,2048,64,11,1,True,0,6.368752,True
llm,28,4,128,1,512,8,2048,64,11,1,False,1,5.383179,True
llm,28,4,128,1,512,8,2048,64,11,2,True,0,2.765862,True
llm,28,4,128,1,512,8,2048,64,11,2,False,1,2.712512,True
llm,28,4,128,1,512,8,2048,64,11,3,False,0,2.655395,True
llm,28,4,128,1,512,8,2048,64,11,3,True,1,2.748346,True
llm,28,4,128,1,512,8,2048,64,11,4,False,0,2.68554,True
llm,28,4,128,1,512,8,2048,64,11,4,True,1,2.733423,True
llm,28,4,128,1,512,8,2048,64,11,5,False,0,2.703648,True
llm,28,4,128,1,512,8,2048,64,11,5,True,1,2.750599,True
llm,28,4,128,1,512,8,2048,64,11,6,True,0,2.722336,True
llm,28,4,128,1,512,8,2048,64,11,6,False,1,2.688505,True
llm,28,4,128,1,512,8,2048,64,11,7,False,0,2.67843,True
llm,28,4,128,1,512,8,2048,64,11,7,True,1,2.689056,True
llm,28,4,128,1,512,8,2048,64,11,8,True,0,2.72494,True
llm,28,4,128,1,512,8,2048,64,11,8,False,1,2.638489,True
llm,28,4,128,1,512,8,2048,64,11,9,True,0,2.737159,True
llm,28,4,128,1,512,8,2048,64,11,9,False,1,2.64536,True
llm,28,4,128,1,512,8,2048,64,11,10,False,0,2.695115,True
llm,28,4,128,1,512,8,2048,64,11,10,True,1,2.72445,True
llm,28,4,128,1,512,8,2048,64,11,11,False,0,2.646851,True
llm,28,4,128,1,512,8,2048,64,11,11,True,1,2.732631,True
llm,28,4,128,1,512,8,2048,64,11,12,False,0,2.643236,True
llm,28,4,128,1,512,8,2048,64,11,12,True,1,2.710728,True
llm,28,4,128,1,512,8,2048,64,11,13,True,0,2.690178,True
llm,28,4,128,1,512,8,2048,64,11,13,False,1,2.689236,True
llm,28,4,128,1,512,8,2048,64,11,14,False,0,2.625128,True
llm,28,4,128,1,512,8,2048,64,11,14,True,1,2.720724,True
llm,28,4,128,1,512,8,2048,64,11,15,False,0,2.636746,True
llm,28,4,128,1,512,8,2048,64,11,15,True,1,2.696948,True
llm,28,4,128,1,512,8,2048,64,11,16,False,0,2.644859,True
llm,28,4,128,1,512,8,2048,64,11,16,True,1,2.739222,True
llm,28,4,128,1,512,8,2048,64,11,17,True,0,2.684619,True
llm,28,4,128,1,512,8,2048,64,11,17,False,1,2.644729,True
llm,28,4,128,1,512,8,2048,64,11,18,False,0,2.643667,True
llm,28,4,128,1,512,8,2048,64,11,18,True,1,2.684839,True
llm,28,4,128,1,512,8,2048,64,11,19,True,0,2.674584,True
llm,28,4,128,1,512,8,2048,64,11,19,False,1,2.650868,True
llm,28,4,128,1,512,8,2048,64,29,0,True,0,2.695195,True
llm,28,4,128,1,512,8,2048,64,29,0,False,1,2.688124,True
llm,28,4,128,1,512,8,2048,64,29,1,False,0,2.71124,True
llm,28,4,128,1,512,8,2048,64,29,1,True,1,2.702616,True
llm,28,4,128,1,512,8,2048,64,29,2,False,0,2.691249,True
llm,28,4,128,1,512,8,2048,64,29,2,True,1,2.716938,True
llm,28,4,128,1,512,8,2048,64,29,3,False,0,2.714274,True
llm,28,4,128,1,512,8,2048,64,29,3,True,1,2.680703,True
llm,28,4,128,1,512,8,2048,64,29,4,False,0,2.669686,True
llm,28,4,128,1,512,8,2048,64,29,4,True,1,2.683287,True
llm,28,4,128,1,512,8,2048,64,29,5,True,0,2.729637,True
llm,28,4,128,1,512,8,2048,64,29,5,False,1,2.664859,True
llm,28,4,128,1,512,8,2048,64,29,6,True,0,2.702406,True
llm,28,4,128,1,512,8,2048,64,29,6,False,1,2.634884,True
llm,28,4,128,1,512,8,2048,64,29,7,True,0,2.718721,True
llm,28,4,128,1,512,8,2048,64,29,7,False,1,2.653913,True
llm,28,4,128,1,512,8,2048,64,29,8,False,0,2.688595,True
llm,28,4,128,1,512,8,2048,64,29,8,True,1,2.68517,True
llm,28,4,128,1,512,8,2048,64,29,9,True,0,2.700774,True
llm,28,4,128,1,512,8,2048,64,29,9,False,1,2.635364,True
llm,28,4,128,1,512,8,2048,64,29,10,False,0,2.746413,True
llm,28,4,128,1,512,8,2048,64,29,10,True,1,2.695205,True
llm,28,4,128,1,512,8,2048,64,29,11,True,0,2.689626,True
llm,28,4,128,1,512,8,2048,64,29,11,False,1,2.652751,True
llm,28,4,128,1,512,8,2048,64,29,12,False,0,2.684168,True
llm,28,4,128,1,512,8,2048,64,29,12,True,1,2.68551,True
llm,28,4,128,1,512,8,2048,64,29,13,False,0,2.659151,True
llm,28,4,128,1,512,8,2048,64,29,13,True,1,2.684348,True
llm,28,4,128,1,512,8,2048,64,29,14,False,0,2.686271,True
llm,28,4,128,1,512,8,2048,64,29,14,True,1,2.692511,True
llm,28,4,128,1,512,8,2048,64,29,15,False,0,2.651839,True
llm,28,4,128,1,512,8,2048,64,29,15,True,1,2.715576,True
llm,28,4,128,1,512,8,2048,64,29,16,False,0,2.63236,True
llm,28,4,128,1,512,8,2048,64,29,16,True,1,2.670337,True
llm,28,4,128,1,512,8,2048,64,29,17,True,0,2.681194,True
llm,28,4,128,1,512,8,2048,64,29,17,False,1,2.684199,True
llm,28,4,128,1,512,8,2048,64,29,18,True,0,2.696928,True
llm,28,4,128,1,512,8,2048,64,29,18,False,1,2.654193,True
llm,28,4,128,1,512,8,2048,64,29,19,True,0,2.69823,True
llm,28,4,128,1,512,8,2048,64,29,19,False,1,2.687563,True
llm,28,4,128,1,512,8,2048,64,47,0,True,0,2.726423,True
llm,28,4,128,1,512,8,2048,64,47,0,False,1,2.722797,True
llm,28,4,128,1,512,8,2048,64,47,1,False,0,2.676957,True
llm,28,4,128,1,512,8,2048,64,47,1,True,1,2.69869,True
llm,28,4,128,1,512,8,2048,64,47,2,False,0,2.695896,True
llm,28,4,128,1,512,8,2048,64,47,2,True,1,2.694174,True
llm,28,4,128,1,512,8,2048,64,47,3,True,0,2.734485,True
llm,28,4,128,1,512,8,2048,64,47,3,False,1,2.686642,True
llm,28,4,128,1,512,8,2048,64,47,4,False,0,2.648494,True
llm,28,4,128,1,512,8,2048,64,47,4,True,1,2.748125,True
llm,28,4,128,1,512,8,2048,64,47,5,False,0,2.689466,True
llm,28,4,128,1,512,8,2048,64,47,5,True,1,2.698139,True
llm,28,4,128,1,512,8,2048,64,47,6,False,0,2.647332,True
llm,28,4,128,1,512,8,2048,64,47,6,True,1,2.687884,True
llm,28,4,128,1,512,8,2048,64,47,7,True,0,2.718481,True
llm,28,4,128,1,512,8,2048,64,47,7,False,1,2.648084,True
llm,28,4,128,1,512,8,2048,64,47,8,False,0,2.688215,True
llm,28,4,128,1,512,8,2048,64,47,8,True,1,2.688675,True
llm,28,4,128,1,512,8,2048,64,47,9,True,0,2.747855,True
llm,28,4,128,1,512,8,2048,64,47,9,False,1,2.684439,True
llm,28,4,128,1,512,8,2048,64,47,10,True,0,2.774775,True
llm,28,4,128,1,512,8,2048,64,47,10,False,1,2.667473,True
llm,28,4,128,1,512,8,2048,64,47,11,False,0,2.71819,True
llm,28,4,128,1,512,8,2048,64,47,11,True,1,2.739262,True
llm,28,4,128,1,512,8,2048,64,47,12,True,0,2.787956,True
llm,28,4,128,1,512,8,2048,64,47,12,False,1,2.701615,True
llm,28,4,128,1,512,8,2048,64,47,13,False,0,2.722676,True
llm,28,4,128,1,512,8,2048,64,47,13,True,1,2.737579,True
llm,28,4,128,1,512,8,2048,64,47,14,False,0,2.726042,True
llm,28,4,128,1,512,8,2048,64,47,14,True,1,2.724399,True
llm,28,4,128,1,512,8,2048,64,47,15,False,0,2.740573,True
llm,28,4,128,1,512,8,2048,64,47,15,True,1,2.724169,True
llm,28,4,128,1,512,8,2048,64,47,16,False,0,2.725601,True
llm,28,4,128,1,512,8,2048,64,47,16,True,1,2.733263,True
llm,28,4,128,1,512,8,2048,64,47,17,True,0,2.77059,True
llm,28,4,128,1,512,8,2048,64,47,17,False,1,2.693783,True
llm,28,4,128,1,512,8,2048,64,47,18,False,0,2.706452,True
llm,28,4,128,1,512,8,2048,64,47,18,True,1,2.721955,True
llm,28,4,128,1,512,8,2048,64,47,19,True,0,2.747445,True
llm,28,4,128,1,512,8,2048,64,47,19,False,1,2.69178,True
llm,28,4,128,1,512,8,8192,64,11,0,False,0,10.412052,True
llm,28,4,128,1,512,8,8192,64,11,0,True,1,10.636391,True
llm,28,4,128,1,512,8,8192,64,11,1,False,0,10.43123,True
llm,28,4,128,1,512,8,8192,64,11,1,True,1,10.652345,True
llm,28,4,128,1,512,8,8192,64,11,2,True,0,10.461196,True
llm,28,4,128,1,512,8,8192,64,11,2,False,1,10.454165,True
llm,28,4,128,1,512,8,8192,64,11,3,False,0,10.468326,True
llm,28,4,128,1,512,8,8192,64,11,3,True,1,10.549569,True
llm,28,4,128,1,512,8,8192,64,11,4,True,0,10.628719,True
llm,28,4,128,1,512,8,8192,64,11,4,False,1,10.487646,True
llm,28,4,128,1,512,8,8192,64,11,5,True,0,10.515678,True
llm,28,4,128,1,512,8,8192,64,11,5,False,1,10.478592,True
llm,28,4,128,1,512,8,8192,64,11,6,True,0,10.613296,True
llm,28,4,128,1,512,8,8192,64,11,6,False,1,10.465602,True
llm,28,4,128,1,512,8,8192,64,11,7,True,0,10.626206,True
llm,28,4,128,1,512,8,8192,64,11,7,False,1,10.471071,True
llm,28,4,128,1,512,8,8192,64,11,8,False,0,10.404129,True
llm,28,4,128,1,512,8,8192,64,11,8,True,1,10.646066,True
llm,28,4,128,1,512,8,8192,64,11,9,False,0,10.47103,True
llm,28,4,128,1,512,8,8192,64,11,9,True,1,10.624323,True
llm,28,4,128,1,512,8,8192,64,11,10,True,0,10.612745,True
llm,28,4,128,1,512,8,8192,64,11,10,False,1,10.452943,True
llm,28,4,128,1,512,8,8192,64,11,11,False,0,10.452613,True
llm,28,4,128,1,512,8,8192,64,11,11,True,1,10.627768,True
llm,28,4,128,1,512,8,8192,64,11,12,False,0,10.430199,True
llm,28,4,128,1,512,8,8192,64,11,12,True,1,10.647528,True
llm,28,4,128,1,512,8,8192,64,11,13,False,0,10.455467,True
llm,28,4,128,1,512,8,8192,64,11,13,True,1,10.590682,True
llm,28,4,128,1,512,8,8192,64,11,14,False,0,10.427064,True
llm,28,4,128,1,512,8,8192,64,11,14,True,1,10.591934,True
llm,28,4,128,1,512,8,8192,64,11,15,False,0,10.402346,True
llm,28,4,128,1,512,8,8192,64,11,15,True,1,10.615319,True
llm,28,4,128,1,512,8,8192,64,11,16,False,0,10.357568,True
llm,28,4,128,1,512,8,8192,64,11,16,True,1,10.638284,True
llm,28,4,128,1,512,8,8192,64,11,17,False,0,10.468096,True
llm,28,4,128,1,512,8,8192,64,11,17,True,1,10.580607,True
llm,28,4,128,1,512,8,8192,64,11,18,True,0,10.520145,True
llm,28,4,128,1,512,8,8192,64,11,18,False,1,10.425802,True
llm,28,4,128,1,512,8,8192,64,11,19,False,0,10.454165,True
llm,28,4,128,1,512,8,8192,64,11,19,True,1,10.600327,True
llm,28,4,128,1,512,8,8192,64,29,0,True,0,10.593756,True
llm,28,4,128,1,512,8,8192,64,29,0,False,1,10.359461,True
llm,28,4,128,1,512,8,8192,64,29,1,True,0,10.653177,True
llm,28,4,128,1,512,8,8192,64,29,1,False,1,10.471001,True
llm,28,4,128,1,512,8,8192,64,29,2,False,0,10.470029,True
llm,28,4,128,1,512,8,8192,64,29,2,True,1,10.55618,True
llm,28,4,128,1,512,8,8192,64,29,3,False,0,10.464731,True
llm,28,4,128,1,512,8,8192,64,29,3,True,1,10.605264,True
llm,28,4,128,1,512,8,8192,64,29,4,False,0,10.443799,True
llm,28,4,128,1,512,8,8192,64,29,4,True,1,10.696703,True
llm,28,4,128,1,512,8,8192,64,29,5,False,0,10.480645,True
llm,28,4,128,1,512,8,8192,64,29,5,True,1,10.616862,True
llm,28,4,128,1,512,8,8192,64,29,6,True,0,10.610072,True
llm,28,4,128,1,512,8,8192,64,29,6,False,1,10.431,True
llm,28,4,128,1,512,8,8192,64,29,7,True,0,10.594989,True
llm,28,4,128,1,512,8,8192,64,29,7,False,1,10.442447,True
llm,28,4,128,1,512,8,8192,64,29,8,False,0,10.433965,True
llm,28,4,128,1,512,8,8192,64,29,8,True,1,10.614598,True
llm,28,4,128,1,512,8,8192,64,29,9,True,0,10.611022,True
llm,28,4,128,1,512,8,8192,64,29,9,False,1,10.403939,True
llm,28,4,128,1,512,8,8192,64,29,10,True,0,10.606696,True
llm,28,4,128,1,512,8,8192,64,29,10,False,1,10.452222,True
llm,28,4,128,1,512,8,8192,64,29,11,False,0,10.427655,True
llm,28,4,128,1,512,8,8192,64,29,11,True,1,10.626055,True
llm,28,4,128,1,512,8,8192,64,29,12,True,0,10.598083,True
llm,28,4,128,1,512,8,8192,64,29,12,False,1,10.439753,True
llm,28,4,128,1,512,8,8192,64,29,13,False,0,10.417349,True
llm,28,4,128,1,512,8,8192,64,29,13,True,1,10.573255,True
llm,28,4,128,1,512,8,8192,64,29,14,False,0,10.429327,True
llm,28,4,128,1,512,8,8192,64,29,14,True,1,10.630583,True
llm,28,4,128,1,512,8,8192,64,29,15,False,0,10.459443,True
llm,28,4,128,1,512,8,8192,64,29,15,True,1,10.618584,True
llm,28,4,128,1,512,8,8192,64,29,16,True,0,10.598113,True
llm,28,4,128,1,512,8,8192,64,29,16,False,1,10.446003,True
llm,28,4,128,1,512,8,8192,64,29,17,False,0,10.402827,True
llm,28,4,128,1,512,8,8192,64,29,17,True,1,10.558574,True
llm,28,4,128,1,512,8,8192,64,29,18,False,0,10.42423,True
llm,28,4,128,1,512,8,8192,64,29,18,True,1,10.597291,True
llm,28,4,128,1,512,8,8192,64,29,19,False,0,10.437911,True
llm,28,4,128,1,512,8,8192,64,29,19,True,1,10.614859,True
llm,28,4,128,1,512,8,8192,64,47,0,True,0,10.580306,True
llm,28,4,128,1,512,8,8192,64,47,0,False,1,10.355435,True
llm,28,4,128,1,512,8,8192,64,47,1,False,0,10.29906,True
llm,28,4,128,1,512,8,8192,64,47,1,True,1,10.580506,True
llm,28,4,128,1,512,8,8192,64,47,2,True,0,10.549249,True
llm,28,4,128,1,512,8,8192,64,47,2,False,1,10.451581,True
llm,28,4,128,1,512,8,8192,64,47,3,False,0,10.416818,True
llm,28,4,128,1,512,8,8192,64,47,3,True,1,10.597061,True
llm,28,4,128,1,512,8,8192,64,47,4,True,0,10.555529,True
llm,28,4,128,1,512,8,8192,64,47,4,False,1,10.425452,True
llm,28,4,128,1,512,8,8192,64,47,5,True,0,10.583912,True
llm,28,4,128,1,512,8,8192,64,47,5,False,1,10.41765,True
llm,28,4,128,1,512,8,8192,64,47,6,True,0,10.573476,True
llm,28,4,128,1,512,8,8192,64,47,6,False,1,10.41132,True
llm,28,4,128,1,512,8,8192,64,47,7,False,0,10.420174,True
llm,28,4,128,1,512,8,8192,64,47,7,True,1,10.572034,True
llm,28,4,128,1,512,8,8192,64,47,8,True,0,10.57641,True
llm,28,4,128,1,512,8,8192,64,47,8,False,1,10.427565,True
llm,28,4,128,1,512,8,8192,64,47,9,True,0,10.607808,True
llm,28,4,128,1,512,8,8192,64,47,9,False,1,10.412381,True
llm,28,4,128,1,512,8,8192,64,47,10,False,0,10.539414,True
llm,28,4,128,1,512,8,8192,64,47,10,True,1,10.685536,True
llm,28,4,128,1,512,8,8192,64,47,11,False,0,10.537521,True
llm,28,4,128,1,512,8,8192,64,47,11,True,1,10.718175,True
llm,28,4,128,1,512,8,8192,64,47,12,True,0,10.733088,True
llm,28,4,128,1,512,8,8192,64,47,12,False,1,10.611023,True
llm,28,4,128,1,512,8,8192,64,47,13,False,0,10.602099,True
llm,28,4,128,1,512,8,8192,64,47,13,True,1,10.737926,True
llm,28,4,128,1,512,8,8192,64,47,14,True,0,10.723813,True
llm,28,4,128,1,512,8,8192,64,47,14,False,1,10.591123,True
llm,28,4,128,1,512,8,8192,64,47,15,True,0,10.720959,True
llm,28,4,128,1,512,8,8192,64,47,15,False,1,10.576641,True
llm,28,4,128,1,512,8,8192,64,47,16,True,0,10.722712,True
llm,28,4,128,1,512,8,8192,64,47,16,False,1,10.578033,True
llm,28,4,128,1,512,8,8192,64,47,17,False,0,10.57607,True
llm,28,4,128,1,512,8,8192,64,47,17,True,1,10.765016,True
llm,28,4,128,1,512,8,8192,64,47,18,True,0,10.737544,True
llm,28,4,128,1,512,8,8192,64,47,18,False,1,10.60266,True
llm,28,4,128,1,512,8,8192,64,47,19,True,0,10.731856,True
llm,28,4,128,1,512,8,8192,64,47,19,False,1,10.591083,True
llm,28,4,128,1,1024,16,2048,64,11,0,True,0,6.432139,True
llm,28,4,128,1,1024,16,2048,64,11,0,False,1,6.439389,True
llm,28,4,128,1,1024,16,2048,64,11,1,False,0,6.369174,True
llm,28,4,128,1,1024,16,2048,64,11,1,True,1,6.515576,True
llm,28,4,128,1,1024,16,2048,64,11,2,False,0,6.343324,True
llm,28,4,128,1,1024,16,2048,64,11,2,True,1,5.58163,True
llm,28,4,128,1,1024,16,2048,64,11,3,False,0,2.842859,True
llm,28,4,128,1,1024,16,2048,64,11,3,True,1,2.865583,True
llm,28,4,128,1,1024,16,2048,64,11,4,False,0,2.939666,True
llm,28,4,128,1,1024,16,2048,64,11,4,True,1,2.937732,True
llm,28,4,128,1,1024,16,2048,64,11,5,False,0,2.911654,True
llm,28,4,128,1,1024,16,2048,64,11,5,True,1,2.943361,True
llm,28,4,128,1,1024,16,2048,64,11,6,False,0,2.973927,True
llm,28,4,128,1,1024,16,2048,64,11,6,True,1,2.895378,True
llm,28,4,128,1,1024,16,2048,64,11,7,True,0,2.913375,True
llm,28,4,128,1,1024,16,2048,64,11,7,False,1,2.858713,True
llm,28,4,128,1,1024,16,2048,64,11,8,True,0,2.898543,True
llm,28,4,128,1,1024,16,2048,64,11,8,False,1,2.931102,True
llm,28,4,128,1,1024,16,2048,64,11,9,True,0,2.976922,True
llm,28,4,128,1,1024,16,2048,64,11,9,False,1,2.935399,True
llm,28,4,128,1,1024,16,2048,64,11,10,False,0,2.824831,True
llm,28,4,128,1,1024,16,2048,64,11,10,True,1,2.927477,True
llm,28,4,128,1,1024,16,2048,64,11,11,True,0,2.914517,True
llm,28,4,128,1,1024,16,2048,64,11,11,False,1,2.878082,True
llm,28,4,128,1,1024,16,2048,64,11,12,False,0,2.87021,True
llm,28,4,128,1,1024,16,2048,64,11,12,True,1,2.934358,True
llm,28,4,128,1,1024,16,2048,64,11,13,False,0,2.851602,True
llm,28,4,128,1,1024,16,2048,64,11,13,True,1,2.960687,True
llm,28,4,128,1,1024,16,2048,64,11,14,True,0,2.908288,True
llm,28,4,128,1,1024,16,2048,64,11,14,False,1,2.884893,True
llm,28,4,128,1,1024,16,2048,64,11,15,False,0,2.849258,True
llm,28,4,128,1,1024,16,2048,64,11,15,True,1,2.928829,True
llm,28,4,128,1,1024,16,2048,64,11,16,True,0,2.923301,True
llm,28,4,128,1,1024,16,2048,64,11,16,False,1,2.884862,True
llm,28,4,128,1,1024,16,2048,64,11,17,False,0,2.851682,True
llm,28,4,128,1,1024,16,2048,64,11,17,True,1,2.915499,True
llm,28,4,128,1,1024,16,2048,64,11,18,True,0,2.914778,True
llm,28,4,128,1,1024,16,2048,64,11,18,False,1,2.865964,True
llm,28,4,128,1,1024,16,2048,64,11,19,True,0,2.946235,True
llm,28,4,128,1,1024,16,2048,64,11,19,False,1,2.864582,True
llm,28,4,128,1,1024,16,2048,64,29,0,False,0,2.898073,True
llm,28,4,128,1,1024,16,2048,64,29,0,True,1,2.917883,True
llm,28,4,128,1,1024,16,2048,64,29,1,False,0,2.855137,True
llm,28,4,128,1,1024,16,2048,64,29,1,True,1,2.904532,True
llm,28,4,128,1,1024,16,2048,64,29,2,False,0,2.921398,True
llm,28,4,128,1,1024,16,2048,64,29,2,True,1,2.955139,True
llm,28,4,128,1,1024,16,2048,64,29,3,True,0,2.870791,True
llm,28,4,128,1,1024,16,2048,64,29,3,False,1,2.842258,True
llm,28,4,128,1,1024,16,2048,64,29,4,True,0,2.87681,True
llm,28,4,128,1,1024,16,2048,64,29,4,False,1,2.85031,True
llm,28,4,128,1,1024,16,2048,64,29,5,True,0,2.89016,True
llm,28,4,128,1,1024,16,2048,64,29,5,False,1,2.845322,True
llm,28,4,128,1,1024,16,2048,64,29,6,True,0,2.880076,True
llm,28,4,128,1,1024,16,2048,64,29,6,False,1,2.854737,True
llm,28,4,128,1,1024,16,2048,64,29,7,True,0,2.899464,True
llm,28,4,128,1,1024,16,2048,64,29,7,False,1,2.973577,True
llm,28,4,128,1,1024,16,2048,64,29,8,False,0,2.793885,True
llm,28,4,128,1,1024,16,2048,64,29,8,True,1,2.85661,True
llm,28,4,128,1,1024,16,2048,64,29,9,True,0,2.845143,True
llm,28,4,128,1,1024,16,2048,64,29,9,False,1,2.78401,True
llm,28,4,128,1,1024,16,2048,64,29,10,True,0,2.819804,True
llm,28,4,128,1,1024,16,2048,64,29,10,False,1,2.786143,True
llm,28,4,128,1,1024,16,2048,64,29,11,False,0,2.7843,True
llm,28,4,128,1,1024,16,2048,64,29,11,True,1,2.833926,True
llm,28,4,128,1,1024,16,2048,64,29,12,True,0,2.822378,True
llm,28,4,128,1,1024,16,2048,64,29,12,False,1,2.789207,True
llm,28,4,128,1,1024,16,2048,64,29,13,False,0,2.786063,True
llm,28,4,128,1,1024,16,2048,64,29,13,True,1,2.814055,True
llm,28,4,128,1,1024,16,2048,64,29,14,True,0,2.820235,True
llm,28,4,128,1,1024,16,2048,64,29,14,False,1,2.788897,True
llm,28,4,128,1,1024,16,2048,64,29,15,True,0,2.835587,True
llm,28,4,128,1,1024,16,2048,64,29,15,False,1,2.852213,True
llm,28,4,128,1,1024,16,2048,64,29,16,False,0,2.765532,True
llm,28,4,128,1,1024,16,2048,64,29,16,True,1,2.849689,True
llm,28,4,128,1,1024,16,2048,64,29,17,True,0,2.873856,True
llm,28,4,128,1,1024,16,2048,64,29,17,False,1,2.761335,True
llm,28,4,128,1,1024,16,2048,64,29,18,True,0,2.904502,True
llm,28,4,128,1,1024,16,2048,64,29,18,False,1,2.772092,True
llm,28,4,128,1,1024,16,2048,64,29,19,True,0,2.933947,True
llm,28,4,128,1,1024,16,2048,64,29,19,False,1,2.865853,True
llm,28,4,128,1,1024,16,2048,64,47,0,True,0,2.950101,True
llm,28,4,128,1,1024,16,2048,64,47,0,False,1,2.944153,True
llm,28,4,128,1,1024,16,2048,64,47,1,True,0,2.952034,True
llm,28,4,128,1,1024,16,2048,64,47,1,False,1,2.866504,True
llm,28,4,128,1,1024,16,2048,64,47,2,False,0,2.85698,True
llm,28,4,128,1,1024,16,2048,64,47,2,True,1,2.946786,True
llm,28,4,128,1,1024,16,2048,64,47,3,False,0,2.834066,True
llm,28,4,128,1,1024,16,2048,64,47,3,True,1,2.931533,True
llm,28,4,128,1,1024,16,2048,64,47,4,True,0,2.864341,True
llm,28,4,128,1,1024,16,2048,64,47,4,False,1,2.8767,True
llm,28,4,128,1,1024,16,2048,64,47,5,True,0,2.901447,True
llm,28,4,128,1,1024,16,2048,64,47,5,False,1,2.835147,True
llm,28,4,128,1,1024,16,2048,64,47,6,True,0,2.882919,True
llm,28,4,128,1,1024,16,2048,64,47,6,False,1,2.855168,True
llm,28,4,128,1,1024,16,2048,64,47,7,False,0,2.865222,True
llm,28,4,128,1,1024,16,2048,64,47,7,True,1,2.873996,True
llm,28,4,128,1,1024,16,2048,64,47,8,True,0,2.867236,True
llm,28,4,128,1,1024,16,2048,64,47,8,False,1,2.865993,True
llm,28,4,128,1,1024,16,2048,64,47,9,False,0,2.867537,True
llm,28,4,128,1,1024,16,2048,64,47,9,True,1,2.875878,True
llm,28,4,128,1,1024,16,2048,64,47,10,True,0,2.878283,True
llm,28,4,128,1,1024,16,2048,64,47,10,False,1,2.858052,True
llm,28,4,128,1,1024,16,2048,64,47,11,True,0,2.913947,True
llm,28,4,128,1,1024,16,2048,64,47,11,False,1,2.846904,True
llm,28,4,128,1,1024,16,2048,64,47,12,False,0,2.843951,True
llm,28,4,128,1,1024,16,2048,64,47,12,True,1,2.923932,True
llm,28,4,128,1,1024,16,2048,64,47,13,True,0,2.907757,True
llm,28,4,128,1,1024,16,2048,64,47,13,False,1,2.851652,True
llm,28,4,128,1,1024,16,2048,64,47,14,False,0,2.834907,True
llm,28,4,128,1,1024,16,2048,64,47,14,True,1,2.919144,True
llm,28,4,128,1,1024,16,2048,64,47,15,True,0,2.921277,True
llm,28,4,128,1,1024,16,2048,64,47,15,False,1,2.837811,True
llm,28,4,128,1,1024,16,2048,64,47,16,False,0,2.831993,True
llm,28,4,128,1,1024,16,2048,64,47,16,True,1,2.921147,True
llm,28,4,128,1,1024,16,2048,64,47,17,False,0,2.877291,True
llm,28,4,128,1,1024,16,2048,64,47,17,True,1,2.888669,True
llm,28,4,128,1,1024,16,2048,64,47,18,False,0,2.847155,True
llm,28,4,128,1,1024,16,2048,64,47,18,True,1,2.914918,True
llm,28,4,128,1,1024,16,2048,64,47,19,False,0,2.877261,True
llm,28,4,128,1,1024,16,2048,64,47,19,True,1,2.86389,True
llm,28,4,128,1,1024,16,8192,64,11,0,False,0,20.128628,True
llm,28,4,128,1,1024,16,8192,64,11,0,True,1,18.374329,True
llm,28,4,128,1,1024,16,8192,64,11,1,False,0,11.132513,True
llm,28,4,128,1,1024,16,8192,64,11,1,True,1,11.531718,True
llm,28,4,128,1,1024,16,8192,64,11,2,True,0,11.516385,True
llm,28,4,128,1,1024,16,8192,64,11,2,False,1,11.463635,True
llm,28,4,128,1,1024,16,8192,64,11,3,False,0,11.516104,True
llm,28,4,128,1,1024,16,8192,64,11,3,True,1,11.588975,True
llm,28,4,128,1,1024,16,8192,64,11,4,False,0,11.46092,True
llm,28,4,128,1,1024,16,8192,64,11,4,True,1,11.528043,True
llm,28,4,128,1,1024,16,8192,64,11,5,True,0,11.5535,True
llm,28,4,128,1,1024,16,8192,64,11,5,False,1,11.398937,True
llm,28,4,128,1,1024,16,8192,64,11,6,True,0,11.642776,True
llm,28,4,128,1,1024,16,8192,64,11,6,False,1,11.363282,True
llm,28,4,128,1,1024,16,8192,64,11,7,True,0,11.570507,True
llm,28,4,128,1,1024,16,8192,64,11,7,False,1,11.327158,True
llm,28,4,128,1,1024,16,8192,64,11,8,True,0,11.632301,True
llm,28,4,128,1,1024,16,8192,64,11,8,False,1,11.467992,True
llm,28,4,128,1,1024,16,8192,64,11,9,False,0,11.424556,True
llm,28,4,128,1,1024,16,8192,64,11,9,True,1,11.662947,True
llm,28,4,128,1,1024,16,8192,64,11,10,True,0,11.571889,True
llm,28,4,128,1,1024,16,8192,64,11,10,False,1,11.432707,True
llm,28,4,128,1,1024,16,8192,64,11,11,True,0,11.678871,True
llm,28,4,128,1,1024,16,8192,64,11,11,False,1,11.441262,True
llm,28,4,128,1,1024,16,8192,64,11,12,False,0,11.506891,True
llm,28,4,128,1,1024,16,8192,64,11,12,True,1,11.535845,True
llm,28,4,128,1,1024,16,8192,64,11,13,False,0,11.448282,True
llm,28,4,128,1,1024,16,8192,64,11,13,True,1,11.611809,True
llm,28,4,128,1,1024,16,8192,64,11,14,True,0,11.554853,True
llm,28,4,128,1,1024,16,8192,64,11,14,False,1,11.485128,True
llm,28,4,128,1,1024,16,8192,64,11,15,True,0,11.61161,True
llm,28,4,128,1,1024,16,8192,64,11,15,False,1,11.492739,True
llm,28,4,128,1,1024,16,8192,64,11,16,False,0,11.433149,True
llm,28,4,128,1,1024,16,8192,64,11,16,True,1,11.655054,True
llm,28,4,128,1,1024,16,8192,64,11,17,True,0,11.535504,True
llm,28,4,128,1,1024,16,8192,64,11,17,False,1,11.399258,True
llm,28,4,128,1,1024,16,8192,64,11,18,False,0,11.430144,True
llm,28,4,128,1,1024,16,8192,64,11,18,True,1,11.488813,True
llm,28,4,128,1,1024,16,8192,64,11,19,True,0,11.709848,True
llm,28,4,128,1,1024,16,8192,64,11,19,False,1,11.588044,True
llm,28,4,128,1,1024,16,8192,64,29,0,False,0,11.470916,True
llm,28,4,128,1,1024,16,8192,64,29,0,True,1,11.555974,True
llm,28,4,128,1,1024,16,8192,64,29,1,True,0,11.597357,True
llm,28,4,128,1,1024,16,8192,64,29,1,False,1,11.535443,True
llm,28,4,128,1,1024,16,8192,64,29,2,False,0,11.579962,True
llm,28,4,128,1,1024,16,8192,64,29,2,True,1,11.728887,True
llm,28,4,128,1,1024,16,8192,64,29,3,True,0,11.637398,True
llm,28,4,128,1,1024,16,8192,64,29,3,False,1,11.541503,True
llm,28,4,128,1,1024,16,8192,64,29,4,True,0,11.686292,True
llm,28,4,128,1,1024,16,8192,64,29,4,False,1,11.52657,True
llm,28,4,128,1,1024,16,8192,64,29,5,True,0,11.69789,True
llm,28,4,128,1,1024,16,8192,64,29,5,False,1,11.470826,True
llm,28,4,128,1,1024,16,8192,64,29,6,True,0,11.676067,True
llm,28,4,128,1,1024,16,8192,64,29,6,False,1,11.555804,True
llm,28,4,128,1,1024,16,8192,64,29,7,False,0,11.558749,True
llm,28,4,128,1,1024,16,8192,64,29,7,True,1,11.730951,True
llm,28,4,128,1,1024,16,8192,64,29,8,False,0,11.424746,True
llm,28,4,128,1,1024,16,8192,64,29,8,True,1,11.630287,True
llm,28,4,128,1,1024,16,8192,64,29,9,False,0,11.469644,True
llm,28,4,128,1,1024,16,8192,64,29,9,True,1,11.67796,True
llm,28,4,128,1,1024,16,8192,64,29,10,False,0,11.50651,True
llm,28,4,128,1,1024,16,8192,64,29,10,True,1,11.694084,True
llm,28,4,128,1,1024,16,8192,64,29,11,False,0,11.531558,True
llm,28,4,128,1,1024,16,8192,64,29,11,True,1,11.642136,True
llm,28,4,128,1,1024,16,8192,64,29,12,False,0,11.510606,True
llm,28,4,128,1,1024,16,8192,64,29,12,True,1,11.613923,True
llm,28,4,128,1,1024,16,8192,64,29,13,True,0,11.683569,True
llm,28,4,128,1,1024,16,8192,64,29,13,False,1,11.465958,True
llm,28,4,128,1,1024,16,8192,64,29,14,False,0,11.485779,True
llm,28,4,128,1,1024,16,8192,64,29,14,True,1,11.588354,True
llm,28,4,128,1,1024,16,8192,64,29,15,True,0,11.632991,True
llm,28,4,128,1,1024,16,8192,64,29,15,False,1,11.482494,True
llm,28,4,128,1,1024,16,8192,64,29,16,True,0,11.576747,True
llm,28,4,128,1,1024,16,8192,64,29,16,False,1,11.425807,True
llm,28,4,128,1,1024,16,8192,64,29,17,False,0,11.586461,True
llm,28,4,128,1,1024,16,8192,64,29,17,True,1,11.679422,True
llm,28,4,128,1,1024,16,8192,64,29,18,True,0,11.646622,True
llm,28,4,128,1,1024,16,8192,64,29,18,False,1,11.562966,True
llm,28,4,128,1,1024,16,8192,64,29,19,False,0,11.517476,True
llm,28,4,128,1,1024,16,8192,64,29,19,True,1,11.644369,True
llm,28,4,128,1,1024,16,8192,64,47,0,True,0,11.59286,True
llm,28,4,128,1,1024,16,8192,64,47,0,False,1,11.228489,True
llm,28,4,128,1,1024,16,8192,64,47,1,True,0,11.512288,True
llm,28,4,128,1,1024,16,8192,64,47,1,False,1,11.542355,True
llm,28,4,128,1,1024,16,8192,64,47,2,True,0,11.582355,True
llm,28,4,128,1,1024,16,8192,64,47,2,False,1,11.390474,True
llm,28,4,128,1,1024,16,8192,64,47,3,False,0,11.415351,True
llm,28,4,128,1,1024,16,8192,64,47,3,True,1,11.623857,True
llm,28,4,128,1,1024,16,8192,64,47,4,True,0,11.545739,True
llm,28,4,128,1,1024,16,8192,64,47,4,False,1,11.57953,True
llm,28,4,128,1,1024,16,8192,64,47,5,True,0,11.3417,True
llm,28,4,128,1,1024,16,8192,64,47,5,False,1,11.081806,True
llm,28,4,128,1,1024,16,8192,64,47,6,False,0,11.12342,True
llm,28,4,128,1,1024,16,8192,64,47,6,True,1,11.251854,True
llm,28,4,128,1,1024,16,8192,64,47,7,True,0,11.300969,True
llm,28,4,128,1,1024,16,8192,64,47,7,False,1,11.326327,True
llm,28,4,128,1,1024,16,8192,64,47,8,False,0,11.451496,True
llm,28,4,128,1,1024,16,8192,64,47,8,True,1,11.528203,True
llm,28,4,128,1,1024,16,8192,64,47,9,True,0,11.219515,True
llm,28,4,128,1,1024,16,8192,64,47,9,False,1,11.141677,True
llm,28,4,128,1,1024,16,8192,64,47,10,True,0,11.360178,True
llm,28,4,128,1,1024,16,8192,64,47,10,False,1,11.20935,True
llm,28,4,128,1,1024,16,8192,64,47,11,False,0,11.084321,True
llm,28,4,128,1,1024,16,8192,64,47,11,True,1,11.259075,True
llm,28,4,128,1,1024,16,8192,64,47,12,True,0,11.22934,True
llm,28,4,128,1,1024,16,8192,64,47,12,False,1,11.121306,True
llm,28,4,128,1,1024,16,8192,64,47,13,False,0,11.109157,True
llm,28,4,128,1,1024,16,8192,64,47,13,True,1,11.313287,True
llm,28,4,128,1,1024,16,8192,64,47,14,False,0,11.202499,True
llm,28,4,128,1,1024,16,8192,64,47,14,True,1,11.281098,True
llm,28,4,128,1,1024,16,8192,64,47,15,True,0,11.227647,True
llm,28,4,128,1,1024,16,8192,64,47,15,False,1,11.351625,True
llm,28,4,128,1,1024,16,8192,64,47,16,True,0,11.590467,True
llm,28,4,128,1,1024,16,8192,64,47,16,False,1,11.379387,True
llm,28,4,128,1,1024,16,8192,64,47,17,True,0,11.346197,True
llm,28,4,128,1,1024,16,8192,64,47,17,False,1,11.232735,True
llm,28,4,128,1,1024,16,8192,64,47,18,True,0,11.502464,True
llm,28,4,128,1,1024,16,8192,64,47,18,False,1,11.388601,True
llm,28,4,128,1,1024,16,8192,64,47,19,True,0,11.578499,True
llm,28,4,128,1,1024,16,8192,64,47,19,False,1,11.195398,True
llm,28,4,128,4,128,2,2048,64,11,0,True,0,2.77769,True
llm,28,4,128,4,128,2,2048,64,11,0,False,1,2.702817,True
llm,28,4,128,4,128,2,2048,64,11,1,True,0,2.751991,True
llm,28,4,128,4,128,2,2048,64,11,1,False,1,2.692832,True
llm,28,4,128,4,128,2,2048,64,11,2,True,0,2.738231,True
llm,28,4,128,4,128,2,2048,64,11,2,False,1,2.714465,True
llm,28,4,128,4,128,2,2048,64,11,3,True,0,2.786503,True
llm,28,4,128,4,128,2,2048,64,11,3,False,1,2.725711,True
llm,28,4,128,4,128,2,2048,64,11,4,False,0,2.715746,True
llm,28,4,128,4,128,2,2048,64,11,4,True,1,2.769448,True
llm,28,4,128,4,128,2,2048,64,11,5,False,0,2.703117,True
llm,28,4,128,4,128,2,2048,64,11,5,True,1,2.755977,True
llm,28,4,128,4,128,2,2048,64,11,6,False,0,2.720413,True
llm,28,4,128,4,128,2,2048,64,11,6,True,1,2.769578,True
llm,28,4,128,4,128,2,2048,64,11,7,False,0,2.732151,True
llm,28,4,128,4,128,2,2048,64,11,7,True,1,2.752171,True
llm,28,4,128,4,128,2,2048,64,11,8,True,0,2.747043,True
llm,28,4,128,4,128,2,2048,64,11,8,False,1,2.707544,True
llm,28,4,128,4,128,2,2048,64,11,9,False,0,2.730839,True
llm,28,4,128,4,128,2,2048,64,11,9,True,1,2.764119,True
llm,28,4,128,4,128,2,2048,64,11,10,False,0,2.736728,True
llm,28,4,128,4,128,2,2048,64,11,10,True,1,2.763348,True
llm,28,4,128,4,128,2,2048,64,11,11,False,0,2.724659,True
llm,28,4,128,4,128,2,2048,64,11,11,True,1,2.748926,True
llm,28,4,128,4,128,2,2048,64,11,12,True,0,2.757059,True
llm,28,4,128,4,128,2,2048,64,11,12,False,1,2.708295,True
llm,28,4,128,4,128,2,2048,64,11,13,False,0,2.708846,True
llm,28,4,128,4,128,2,2048,64,11,13,True,1,2.763649,True
llm,28,4,128,4,128,2,2048,64,11,14,True,0,2.762427,True
llm,28,4,128,4,128,2,2048,64,11,14,False,1,2.732522,True
llm,28,4,128,4,128,2,2048,64,11,15,True,0,2.745822,True
llm,28,4,128,4,128,2,2048,64,11,15,False,1,2.713382,True
llm,28,4,128,4,128,2,2048,64,11,16,False,0,2.705771,True
llm,28,4,128,4,128,2,2048,64,11,16,True,1,2.75751,True
llm,28,4,128,4,128,2,2048,64,11,17,True,0,2.759192,True
llm,28,4,128,4,128,2,2048,64,11,17,False,1,2.728926,True
llm,28,4,128,4,128,2,2048,64,11,18,True,0,2.77732,True
llm,28,4,128,4,128,2,2048,64,11,18,False,1,2.717939,True
llm,28,4,128,4,128,2,2048,64,11,19,True,0,2.767625,True
llm,28,4,128,4,128,2,2048,64,11,19,False,1,2.709286,True
llm,28,4,128,4,128,2,2048,64,29,0,True,0,2.797199,True
llm,28,4,128,4,128,2,2048,64,29,0,False,1,2.709797,True
llm,28,4,128,4,128,2,2048,64,29,1,True,0,2.799553,True
llm,28,4,128,4,128,2,2048,64,29,1,False,1,2.768266,True
llm,28,4,128,4,128,2,2048,64,29,2,True,0,2.783138,True
llm,28,4,128,4,128,2,2048,64,29,2,False,1,2.787315,True
llm,28,4,128,4,128,2,2048,64,29,3,False,0,2.806364,True
llm,28,4,128,4,128,2,2048,64,29,3,True,1,2.847897,True
llm,28,4,128,4,128,2,2048,64,29,4,False,0,2.765892,True
llm,28,4,128,4,128,2,2048,64,29,4,True,1,2.807084,True
llm,28,4,128,4,128,2,2048,64,29,5,False,0,2.758752,True
llm,28,4,128,4,128,2,2048,64,29,5,True,1,2.804721,True
llm,28,4,128,4,128,2,2048,64,29,6,False,0,2.766012,True
llm,28,4,128,4,128,2,2048,64,29,6,True,1,2.76464,True
llm,28,4,128,4,128,2,2048,64,29,7,False,0,2.776508,True
llm,28,4,128,4,128,2,2048,64,29,7,True,1,2.792553,True
llm,28,4,128,4,128,2,2048,64,29,8,True,0,2.808046,True
llm,28,4,128,4,128,2,2048,64,29,8,False,1,2.766654,True
llm,28,4,128,4,128,2,2048,64,29,9,False,0,2.765682,True
llm,28,4,128,4,128,2,2048,64,29,9,True,1,2.812062,True
llm,28,4,128,4,128,2,2048,64,29,10,False,0,2.719551,True
llm,28,4,128,4,128,2,2048,64,29,10,True,1,2.799122,True
llm,28,4,128,4,128,2,2048,64,29,11,True,0,2.798101,True
llm,28,4,128,4,128,2,2048,64,29,11,False,1,2.715175,True
llm,28,4,128,4,128,2,2048,64,29,12,False,0,2.760034,True
llm,28,4,128,4,128,2,2048,64,29,12,True,1,2.818722,True
llm,28,4,128,4,128,2,2048,64,29,13,False,0,2.737359,True
llm,28,4,128,4,128,2,2048,64,29,13,True,1,2.811681,True
llm,28,4,128,4,128,2,2048,64,29,14,True,0,2.788366,True
llm,28,4,128,4,128,2,2048,64,29,14,False,1,2.736588,True
llm,28,4,128,4,128,2,2048,64,29,15,False,0,2.742567,True
llm,28,4,128,4,128,2,2048,64,29,15,True,1,2.772733,True
llm,28,4,128,4,128,2,2048,64,29,16,True,0,2.783669,True
llm,28,4,128,4,128,2,2048,64,29,16,False,1,2.73179,True
llm,28,4,128,4,128,2,2048,64,29,17,False,0,2.739672,True
llm,28,4,128,4,128,2,2048,64,29,17,True,1,2.798682,True
llm,28,4,128,4,128,2,2048,64,29,18,False,0,2.774955,True
llm,28,4,128,4,128,2,2048,64,29,18,True,1,2.785182,True
llm,28,4,128,4,128,2,2048,64,29,19,True,0,2.808376,True
llm,28,4,128,4,128,2,2048,64,29,19,False,1,2.759653,True
llm,28,4,128,4,128,2,2048,64,47,0,True,0,6.239397,True
llm,28,4,128,4,128,2,2048,64,47,0,False,1,6.176832,True
llm,28,4,128,4,128,2,2048,64,47,1,False,0,6.138404,True
llm,28,4,128,4,128,2,2048,64,47,1,True,1,6.256613,True
llm,28,4,128,4,128,2,2048,64,47,2,False,0,6.169381,True
llm,28,4,128,4,128,2,2048,64,47,2,True,1,6.225315,True
llm,28,4,128,4,128,2,2048,64,47,3,True,0,5.864328,True
llm,28,4,128,4,128,2,2048,64,47,3,False,1,3.422657,True
llm,28,4,128,4,128,2,2048,64,47,4,False,0,2.774275,True
llm,28,4,128,4,128,2,2048,64,47,4,True,1,2.763748,True
llm,28,4,128,4,128,2,2048,64,47,5,True,0,2.79069,True
llm,28,4,128,4,128,2,2048,64,47,5,False,1,2.772542,True
llm,28,4,128,4,128,2,2048,64,47,6,False,0,2.723819,True
llm,28,4,128,4,128,2,2048,64,47,6,True,1,2.750359,True
llm,28,4,128,4,128,2,2048,64,47,7,True,0,2.784019,True
llm,28,4,128,4,128,2,2048,64,47,7,False,1,2.723618,True
llm,28,4,128,4,128,2,2048,64,47,8,False,0,2.722776,True
llm,28,4,128,4,128,2,2048,64,47,8,True,1,2.780694,True
llm,28,4,128,4,128,2,2048,64,47,9,True,0,2.788587,True
llm,28,4,128,4,128,2,2048,64,47,9,False,1,2.726061,True
llm,28,4,128,4,128,2,2048,64,47,10,False,0,2.714625,True
llm,28,4,128,4,128,2,2048,64,47,10,True,1,2.779102,True
llm,28,4,128,4,128,2,2048,64,47,11,True,0,2.788607,True
llm,28,4,128,4,128,2,2048,64,47,11,False,1,2.733443,True
llm,28,4,128,4,128,2,2048,64,47,12,False,0,2.788997,True
llm,28,4,128,4,128,2,2048,64,47,12,True,1,2.755296,True
llm,28,4,128,4,128,2,2048,64,47,13,False,0,2.697979,True
llm,28,4,128,4,128,2,2048,64,47,13,True,1,2.785712,True
llm,28,4,128,4,128,2,2048,64,47,14,False,0,2.726693,True
llm,28,4,128,4,128,2,2048,64,47,14,True,1,2.748676,True
llm,28,4,128,4,128,2,2048,64,47,15,False,0,2.707744,True
llm,28,4,128,4,128,2,2048,64,47,15,True,1,2.765211,True
llm,28,4,128,4,128,2,2048,64,47,16,False,0,2.755305,True
llm,28,4,128,4,128,2,2048,64,47,16,True,1,2.769858,True
llm,28,4,128,4,128,2,2048,64,47,17,False,0,2.740453,True
llm,28,4,128,4,128,2,2048,64,47,17,True,1,2.768726,True
llm,28,4,128,4,128,2,2048,64,47,18,True,0,2.756077,True
llm,28,4,128,4,128,2,2048,64,47,18,False,1,2.722877,True
llm,28,4,128,4,128,2,2048,64,47,19,False,0,2.729808,True
llm,28,4,128,4,128,2,2048,64,47,19,True,1,2.770089,True
llm,28,4,128,4,128,2,8192,64,11,0,True,0,15.433151,True
llm,28,4,128,4,128,2,8192,64,11,0,False,1,10.527316,True
llm,28,4,128,4,128,2,8192,64,11,1,False,0,10.536139,True
llm,28,4,128,4,128,2,8192,64,11,1,True,1,10.650573,True
llm,28,4,128,4,128,2,8192,64,11,2,True,0,10.618704,True
llm,28,4,128,4,128,2,8192,64,11,2,False,1,10.508387,True
llm,28,4,128,4,128,2,8192,64,11,3,False,0,10.465011,True
llm,28,4,128,4,128,2,8192,64,11,3,True,1,10.643832,True
llm,28,4,128,4,128,2,8192,64,11,4,False,0,10.466774,True
llm,28,4,128,4,128,2,8192,64,11,4,True,1,10.582029,True
llm,28,4,128,4,128,2,8192,64,11,5,False,0,10.474506,True
llm,28,4,128,4,128,2,8192,64,11,5,True,1,10.619476,True
llm,28,4,128,4,128,2,8192,64,11,6,False,0,10.424259,True
llm,28,4,128,4,128,2,8192,64,11,6,True,1,10.632776,True
llm,28,4,128,4,128,2,8192,64,11,7,False,0,10.484211,True
llm,28,4,128,4,128,2,8192,64,11,7,True,1,10.642491,True
llm,28,4,128,4,128,2,8192,64,11,8,False,0,10.519223,True
llm,28,4,128,4,128,2,8192,64,11,8,True,1,10.571433,True
llm,28,4,128,4,128,2,8192,64,11,9,False,0,10.473865,True
llm,28,4,128,4,128,2,8192,64,11,9,True,1,10.58922,True
llm,28,4,128,4,128,2,8192,64,11,10,False,0,10.501507,True
llm,28,4,128,4,128,2,8192,64,11,10,True,1,10.574778,True
llm,28,4,128,4,128,2,8192,64,11,11,False,0,10.513635,True
llm,28,4,128,4,128,2,8192,64,11,11,True,1,10.652115,True
llm,28,4,128,4,128,2,8192,64,11,12,False,0,10.427455,True
llm,28,4,128,4,128,2,8192,64,11,12,True,1,10.670583,True
llm,28,4,128,4,128,2,8192,64,11,13,False,0,10.49046,True
llm,28,4,128,4,128,2,8192,64,11,13,True,1,10.657443,True
llm,28,4,128,4,128,2,8192,64,11,14,False,0,10.432853,True
llm,28,4,128,4,128,2,8192,64,11,14,True,1,10.669592,True
llm,28,4,128,4,128,2,8192,64,11,15,False,0,10.454285,True
llm,28,4,128,4,128,2,8192,64,11,15,True,1,10.606295,True
llm,28,4,128,4,128,2,8192,64,11,16,True,0,10.614328,True
llm,28,4,128,4,128,2,8192,64,11,16,False,1,10.496258,True
llm,28,4,128,4,128,2,8192,64,11,17,True,0,10.595189,True
llm,28,4,128,4,128,2,8192,64,11,17,False,1,10.46366,True
llm,28,4,128,4,128,2,8192,64,11,18,False,0,10.488627,True
llm,28,4,128,4,128,2,8192,64,11,18,True,1,10.619244,True
llm,28,4,128,4,128,2,8192,64,11,19,False,0,10.421766,True
llm,28,4,128,4,128,2,8192,64,11,19,True,1,10.60291,True
llm,28,4,128,4,128,2,8192,64,29,0,False,0,24.43816,True
llm,28,4,128,4,128,2,8192,64,29,0,True,1,10.727269,True
llm,28,4,128,4,128,2,8192,64,29,1,True,0,10.651715,True
llm,28,4,128,4,128,2,8192,64,29,1,False,1,10.484972,True
llm,28,4,128,4,128,2,8192,64,29,2,False,0,10.525123,True
llm,28,4,128,4,128,2,8192,64,29,2,True,1,10.657313,True
llm,28,4,128,4,128,2,8192,64,29,3,False,0,10.492012,True
llm,28,4,128,4,128,2,8192,64,29,3,True,1,10.591353,True
llm,28,4,128,4,128,2,8192,64,29,4,False,0,10.419783,True
llm,28,4,128,4,128,2,8192,64,29,4,True,1,10.597002,True
llm,28,4,128,4,128,2,8192,64,29,5,False,0,10.46486,True
llm,28,4,128,4,128,2,8192,64,29,5,True,1,10.620387,True
llm,28,4,128,4,128,2,8192,64,29,6,False,0,10.442788,True
llm,28,4,128,4,128,2,8192,64,29,6,True,1,10.583801,True
llm,28,4,128,4,128,2,8192,64,29,7,True,0,10.58934,True
llm,28,4,128,4,128,2,8192,64,29,7,False,1,10.429096,True
llm,28,4,128,4,128,2,8192,64,29,8,True,0,10.590672,True
llm,28,4,128,4,128,2,8192,64,29,8,False,1,10.440364,True
llm,28,4,128,4,128,2,8192,64,29,9,False,0,10.452072,True
llm,28,4,128,4,128,2,8192,64,29,9,True,1,10.601989,True
llm,28,4,128,4,128,2,8192,64,29,10,True,0,10.603341,True
llm,28,4,128,4,128,2,8192,64,29,10,False,1,10.43801,True
llm,28,4,128,4,128,2,8192,64,29,11,True,0,10.60278,True
llm,28,4,128,4,128,2,8192,64,29,11,False,1,10.451151,True
llm,28,4,128,4,128,2,8192,64,29,12,False,0,10.491201,True
llm,28,4,128,4,128,2,8192,64,29,12,True,1,10.720939,True
llm,28,4,128,4,128,2,8192,64,29,13,False,0,10.604442,True
llm,28,4,128,4,128,2,8192,64,29,13,True,1,10.751716,True
llm,28,4,128,4,128,2,8192,64,29,14,False,0,10.583912,True
llm,28,4,128,4,128,2,8192,64,29,14,True,1,10.772718,True
llm,28,4,128,4,128,2,8192,64,29,15,True,0,10.7546,True
llm,28,4,128,4,128,2,8192,64,29,15,False,1,10.597102,True
llm,28,4,128,4,128,2,8192,64,29,16,True,0,10.735301,True
llm,28,4,128,4,128,2,8192,64,29,16,False,1,10.603221,True
llm,28,4,128,4,128,2,8192,64,29,17,True,0,10.72121,True
llm,28,4,128,4,128,2,8192,64,29,17,False,1,10.608219,True
llm,28,4,128,4,128,2,8192,64,29,18,True,0,10.720078,True
llm,28,4,128,4,128,2,8192,64,29,18,False,1,10.601398,True
llm,28,4,128,4,128,2,8192,64,29,19,True,0,10.72111,True
llm,28,4,128,4,128,2,8192,64,29,19,False,1,10.632435,True
llm,28,4,128,4,128,2,8192,64,47,0,True,0,15.61692,True
llm,28,4,128,4,128,2,8192,64,47,0,False,1,10.507847,True
llm,28,4,128,4,128,2,8192,64,47,1,False,0,10.493384,True
llm,28,4,128,4,128,2,8192,64,47,1,True,1,10.617983,True
llm,28,4,128,4,128,2,8192,64,47,2,True,0,10.605564,True
llm,28,4,128,4,128,2,8192,64,47,2,False,1,10.436949,True
llm,28,4,128,4,128,2,8192,64,47,3,True,0,10.618444,True
llm,28,4,128,4,128,2,8192,64,47,3,False,1,10.449418,True
llm,28,4,128,4,128,2,8192,64,47,4,False,0,10.461926,True
llm,28,4,128,4,128,2,8192,64,47,4,True,1,10.634098,True
llm,28,4,128,4,128,2,8192,64,47,5,False,0,10.48353,True
llm,28,4,128,4,128,2,8192,64,47,5,True,1,10.665204,True
llm,28,4,128,4,128,2,8192,64,47,6,True,0,10.60294,True
llm,28,4,128,4,128,2,8192,64,47,6,False,1,10.450759,True
llm,28,4,128,4,128,2,8192,64,47,7,False,0,10.423769,True
llm,28,4,128,4,128,2,8192,64,47,7,True,1,10.613357,True
llm,28,4,128,4,128,2,8192,64,47,8,False,0,10.449447,True
llm,28,4,128,4,128,2,8192,64,47,8,True,1,10.589019,True
llm,28,4,128,4,128,2,8192,64,47,9,True,0,10.603501,True
llm,28,4,128,4,128,2,8192,64,47,9,False,1,10.484852,True
llm,28,4,128,4,128,2,8192,64,47,10,False,0,10.438821,True
llm,28,4,128,4,128,2,8192,64,47,10,True,1,10.633587,True
llm,28,4,128,4,128,2,8192,64,47,11,True,0,10.599375,True
llm,28,4,128,4,128,2,8192,64,47,11,False,1,10.459043,True
llm,28,4,128,4,128,2,8192,64,47,12,False,0,10.46402,True
llm,28,4,128,4,128,2,8192,64,47,12,True,1,10.607568,True
llm,28,4,128,4,128,2,8192,64,47,13,False,0,10.46389,True
llm,28,4,128,4,128,2,8192,64,47,13,True,1,10.636891,True
llm,28,4,128,4,128,2,8192,64,47,14,True,0,10.606385,True
llm,28,4,128,4,128,2,8192,64,47,14,False,1,10.434615,True
llm,28,4,128,4,128,2,8192,64,47,15,False,0,10.458411,True
llm,28,4,128,4,128,2,8192,64,47,15,True,1,10.620797,True
llm,28,4,128,4,128,2,8192,64,47,16,True,0,10.624473,True
llm,28,4,128,4,128,2,8192,64,47,16,False,1,10.445843,True
llm,28,4,128,4,128,2,8192,64,47,17,True,0,10.624824,True
llm,28,4,128,4,128,2,8192,64,47,17,False,1,10.452262,True
llm,28,4,128,4,128,2,8192,64,47,18,True,0,10.61004,True
llm,28,4,128,4,128,2,8192,64,47,18,False,1,10.461527,True
llm,28,4,128,4,128,2,8192,64,47,19,True,0,10.629481,True
llm,28,4,128,4,128,2,8192,64,47,19,False,1,10.461997,True
llm,28,4,128,4,256,4,2048,64,11,0,False,0,6.382904,True
llm,28,4,128,4,256,4,2048,64,11,0,True,1,6.509787,True
llm,28,4,128,4,256,4,2048,64,11,1,False,0,6.431438,True
llm,28,4,128,4,256,4,2048,64,11,1,True,1,6.481083,True
llm,28,4,128,4,256,4,2048,64,11,2,False,0,6.409275,True
llm,28,4,128,4,256,4,2048,64,11,2,True,1,6.01064,True
llm,28,4,128,4,256,4,2048,64,11,3,False,0,5.575991,True
llm,28,4,128,4,256,4,2048,64,11,3,True,1,3.224828,True
llm,28,4,128,4,256,4,2048,64,11,4,False,0,2.891974,True
llm,28,4,128,4,256,4,2048,64,11,4,True,1,2.988429,True
llm,28,4,128,4,256,4,2048,64,11,5,True,0,3.033818,True
llm,28,4,128,4,256,4,2048,64,11,5,False,1,3.013006,True
llm,28,4,128,4,256,4,2048,64,11,6,False,0,2.980698,True
llm,28,4,128,4,256,4,2048,64,11,6,True,1,3.03489,True
llm,28,4,128,4,256,4,2048,64,11,7,True,0,3.066057,True
llm,28,4,128,4,256,4,2048,64,11,7,False,1,3.016862,True
llm,28,4,128,4,256,4,2048,64,11,8,True,0,3.12038,True
llm,28,4,128,4,256,4,2048,64,11,8,False,1,2.913937,True
llm,28,4,128,4,256,4,2048,64,11,9,False,0,2.985956,True
llm,28,4,128,4,256,4,2048,64,11,9,True,1,2.928158,True
llm,28,4,128,4,256,4,2048,64,11,10,True,0,2.985776,True
llm,28,4,128,4,256,4,2048,64,11,10,False,1,2.953456,True
llm,28,4,128,4,256,4,2048,64,11,11,False,0,2.999215,True
llm,28,4,128,4,256,4,2048,64,11,11,True,1,3.012626,True
llm,28,4,128,4,256,4,2048,64,11,12,True,0,3.018966,True
llm,28,4,128,4,256,4,2048,64,11,12,False,1,2.971354,True
llm,28,4,128,4,256,4,2048,64,11,13,False,0,2.987948,True
llm,28,4,128,4,256,4,2048,64,11,13,True,1,3.029512,True
llm,28,4,128,4,256,4,2048,64,11,14,False,0,2.982921,True
llm,28,4,128,4,256,4,2048,64,11,14,True,1,3.035711,True
llm,28,4,128,4,256,4,2048,64,11,15,True,0,3.036112,True
llm,28,4,128,4,256,4,2048,64,11,15,False,1,2.999276,True
llm,28,4,128,4,256,4,2048,64,11,16,True,0,3.033598,True
llm,28,4,128,4,256,4,2048,64,11,16,False,1,3.013688,True
llm,28,4,128,4,256,4,2048,64,11,17,True,0,3.021109,True
llm,28,4,128,4,256,4,2048,64,11,17,False,1,3.004884,True
llm,28,4,128,4,256,4,2048,64,11,18,True,0,3.022631,True
llm,28,4,128,4,256,4,2048,64,11,18,False,1,2.993697,True
llm,28,4,128,4,256,4,2048,64,11,19,False,0,2.977623,True
llm,28,4,128,4,256,4,2048,64,11,19,True,1,3.033287,True
llm,28,4,128,4,256,4,2048,64,29,0,False,0,3.056042,True
llm,28,4,128,4,256,4,2048,64,29,0,True,1,3.119829,True
llm,28,4,128,4,256,4,2048,64,29,1,True,0,3.013928,True
llm,28,4,128,4,256,4,2048,64,29,1,False,1,3.005385,True
llm,28,4,128,4,256,4,2048,64,29,2,False,0,2.959655,True
llm,28,4,128,4,256,4,2048,64,29,2,True,1,3.044294,True
llm,28,4,128,4,256,4,2048,64,29,3,False,0,2.980217,True
llm,28,4,128,4,256,4,2048,64,29,3,True,1,3.062441,True
llm,28,4,128,4,256,4,2048,64,29,4,True,0,3.033368,True
llm,28,4,128,4,256,4,2048,64,29,4,False,1,3.012596,True
llm,28,4,128,4,256,4,2048,64,29,5,False,0,3.023592,True
llm,28,4,128,4,256,4,2048,64,29,5,True,1,3.047118,True
llm,28,4,128,4,256,4,2048,64,29,6,False,0,2.998414,True
llm,28,4,128,4,256,4,2048,64,29,6,True,1,3.016772,True
llm,28,4,128,4,256,4,2048,64,29,7,False,0,3.02168,True
llm,28,4,128,4,256,4,2048,64,29,7,True,1,3.014248,True
llm,28,4,128,4,256,4,2048,64,29,8,False,0,2.991374,True
llm,28,4,128,4,256,4,2048,64,29,8,True,1,3.042981,True
llm,28,4,128,4,256,4,2048,64,29,9,True,0,3.027068,True
llm,28,4,128,4,256,4,2048,64,29,9,False,1,2.996722,True
llm,28,4,128,4,256,4,2048,64,29,10,True,0,3.055321,True
llm,28,4,128,4,256,4,2048,64,29,10,False,1,2.995299,True
llm,28,4,128,4,256,4,2048,64,29,11,False,0,2.965985,True
llm,28,4,128,4,256,4,2048,64,29,11,True,1,3.029441,True
llm,28,4,128,4,256,4,2048,64,29,12,True,0,3.061771,True
llm,28,4,128,4,256,4,2048,64,29,12,False,1,2.959195,True
llm,28,4,128,4,256,4,2048,64,29,13,True,0,3.036602,True
llm,28,4,128,4,256,4,2048,64,29,13,False,1,2.980097,True
llm,28,4,128,4,256,4,2048,64,29,14,False,0,3.011525,True
llm,28,4,128,4,256,4,2048,64,29,14,True,1,3.063693,True
llm,28,4,128,4,256,4,2048,64,29,15,True,0,3.031816,True
llm,28,4,128,4,256,4,2048,64,29,15,False,1,2.985635,True
llm,28,4,128,4,256,4,2048,64,29,16,True,0,3.032196,True
llm,28,4,128,4,256,4,2048,64,29,16,False,1,2.894837,True
llm,28,4,128,4,256,4,2048,64,29,17,False,0,2.887927,True
llm,28,4,128,4,256,4,2048,64,29,17,True,1,3.027178,True
llm,28,4,128,4,256,4,2048,64,29,18,True,0,2.982942,True
llm,28,4,128,4,256,4,2048,64,29,18,False,1,2.987377,True
llm,28,4,128,4,256,4,2048,64,29,19,False,0,2.940778,True
llm,28,4,128,4,256,4,2048,64,29,19,True,1,3.040078,True
llm,28,4,128,4,256,4,2048,64,47,0,True,0,4.872806,True
llm,28,4,128,4,256,4,2048,64,47,0,False,1,4.780095,True
llm,28,4,128,4,256,4,2048,64,47,1,False,0,4.762007,True
llm,28,4,128,4,256,4,2048,64,47,1,True,1,4.833837,True
llm,28,4,128,4,256,4,2048,64,47,2,True,0,2.888889,True
llm,28,4,128,4,256,4,2048,64,47,2,False,1,2.859384,True
llm,28,4,128,4,256,4,2048,64,47,3,True,0,2.943872,True
llm,28,4,128,4,256,4,2048,64,47,3,False,1,2.892053,True
llm,28,4,128,4,256,4,2048,64,47,4,True,0,2.968869,True
llm,28,4,128,4,256,4,2048,64,47,4,False,1,2.880546,True
llm,28,4,128,4,256,4,2048,64,47,5,True,0,2.904892,True
llm,28,4,128,4,256,4,2048,64,47,5,False,1,2.977082,True
llm,28,4,128,4,256,4,2048,64,47,6,False,0,3.020559,True
llm,28,4,128,4,256,4,2048,64,47,6,True,1,3.063744,True
llm,28,4,128,4,256,4,2048,64,47,7,False,0,2.973166,True
llm,28,4,128,4,256,4,2048,64,47,7,True,1,3.089282,True
llm,28,4,128,4,256,4,2048,64,47,8,True,0,3.005435,True
llm,28,4,128,4,256,4,2048,64,47,8,False,1,2.967648,True
llm,28,4,128,4,256,4,2048,64,47,9,True,0,3.024744,True
llm,28,4,128,4,256,4,2048,64,47,9,False,1,2.983141,True
llm,28,4,128,4,256,4,2048,64,47,10,False,0,3.060839,True
llm,28,4,128,4,256,4,2048,64,47,10,True,1,3.018745,True
llm,28,4,128,4,256,4,2048,64,47,11,False,0,2.966416,True
llm,28,4,128,4,256,4,2048,64,47,11,True,1,3.032065,True
llm,28,4,128,4,256,4,2048,64,47,12,False,0,3.033578,True
llm,28,4,128,4,256,4,2048,64,47,12,True,1,3.064775,True
llm,28,4,128,4,256,4,2048,64,47,13,False,0,3.009372,True
llm,28,4,128,4,256,4,2048,64,47,13,True,1,3.046838,True
llm,28,4,128,4,256,4,2048,64,47,14,True,0,2.997864,True
llm,28,4,128,4,256,4,2048,64,47,14,False,1,2.955029,True
llm,28,4,128,4,256,4,2048,64,47,15,True,0,2.993327,True
llm,28,4,128,4,256,4,2048,64,47,15,False,1,2.970712,True
llm,28,4,128,4,256,4,2048,64,47,16,False,0,3.097044,True
llm,28,4,128,4,256,4,2048,64,47,16,True,1,2.980197,True
llm,28,4,128,4,256,4,2048,64,47,17,False,0,2.90304,True
llm,28,4,128,4,256,4,2048,64,47,17,True,1,2.941959,True
llm,28,4,128,4,256,4,2048,64,47,18,False,0,2.892544,True
llm,28,4,128,4,256,4,2048,64,47,18,True,1,2.944673,True
llm,28,4,128,4,256,4,2048,64,47,19,True,0,2.945525,True
llm,28,4,128,4,256,4,2048,64,47,19,False,1,2.910562,True
llm,28,4,128,4,256,4,8192,64,11,0,False,0,16.84438,True
llm,28,4,128,4,256,4,8192,64,11,0,True,1,11.569926,True
llm,28,4,128,4,256,4,8192,64,11,1,True,0,11.721195,True
llm,28,4,128,4,256,4,8192,64,11,1,False,1,11.593261,True
llm,28,4,128,4,256,4,8192,64,11,2,True,0,11.740394,True
llm,28,4,128,4,256,4,8192,64,11,2,False,1,11.715837,True
llm,28,4,128,4,256,4,8192,64,11,3,False,0,11.613261,True
llm,28,4,128,4,256,4,8192,64,11,3,True,1,11.697679,True
llm,28,4,128,4,256,4,8192,64,11,4,True,0,11.644989,True
llm,28,4,128,4,256,4,8192,64,11,4,False,1,11.62509,True
llm,28,4,128,4,256,4,8192,64,11,5,False,0,11.609526,True
llm,28,4,128,4,256,4,8192,64,11,5,True,1,11.733654,True
llm,28,4,128,4,256,4,8192,64,11,6,False,0,11.47397,True
llm,28,4,128,4,256,4,8192,64,11,6,True,1,11.927228,True
llm,28,4,128,4,256,4,8192,64,11,7,False,0,11.311604,True
llm,28,4,128,4,256,4,8192,64,11,7,True,1,11.588945,True
llm,28,4,128,4,256,4,8192,64,11,8,True,0,11.556275,True
llm,28,4,128,4,256,4,8192,64,11,8,False,1,11.546571,True
llm,28,4,128,4,256,4,8192,64,11,9,True,0,11.689807,True
llm,28,4,128,4,256,4,8192,64,11,9,False,1,11.613462,True
llm,28,4,128,4,256,4,8192,64,11,10,False,0,11.514202,True
llm,28,4,128,4,256,4,8192,64,11,10,True,1,11.808467,True
llm,28,4,128,4,256,4,8192,64,11,11,True,0,11.701004,True
llm,28,4,128,4,256,4,8192,64,11,11,False,1,11.710769,True
llm,28,4,128,4,256,4,8192,64,11,12,False,0,11.619761,True
llm,28,4,128,4,256,4,8192,64,11,12,True,1,11.743208,True
llm,28,4,128,4,256,4,8192,64,11,13,False,0,11.586251,True
llm,28,4,128,4,256,4,8192,64,11,13,True,1,11.676127,True
llm,28,4,128,4,256,4,8192,64,11,14,True,0,11.67857,True
llm,28,4,128,4,256,4,8192,64,11,14,False,1,11.63165,True
llm,28,4,128,4,256,4,8192,64,11,15,True,0,11.775308,True
llm,28,4,128,4,256,4,8192,64,11,15,False,1,11.569685,True
llm,28,4,128,4,256,4,8192,64,11,16,False,0,11.701455,True
llm,28,4,128,4,256,4,8192,64,11,16,True,1,11.673322,True
llm,28,4,128,4,256,4,8192,64,11,17,False,0,11.501633,True
llm,28,4,128,4,256,4,8192,64,11,17,True,1,11.707174,True
llm,28,4,128,4,256,4,8192,64,11,18,False,0,11.594503,True
llm,28,4,128,4,256,4,8192,64,11,18,True,1,11.671561,True
llm,28,4,128,4,256,4,8192,64,11,19,False,0,11.581763,True
llm,28,4,128,4,256,4,8192,64,11,19,True,1,11.714325,True
llm,28,4,128,4,256,4,8192,64,29,0,True,0,15.044993,True
llm,28,4,128,4,256,4,8192,64,29,0,False,1,11.247998,True
llm,28,4,128,4,256,4,8192,64,29,1,True,0,11.818773,True
llm,28,4,128,4,256,4,8192,64,29,1,False,1,11.492519,True
llm,28,4,128,4,256,4,8192,64,29,2,True,0,11.703498,True
llm,28,4,128,4,256,4,8192,64,29,2,False,1,11.347599,True
llm,28,4,128,4,256,4,8192,64,29,3,True,0,11.833676,True
llm,28,4,128,4,256,4,8192,64,29,3,False,1,11.623317,True
llm,28,4,128,4,256,4,8192,64,29,4,False,0,11.729478,True
llm,28,4,128,4,256,4,8192,64,29,4,True,1,11.951514,True
llm,28,4,128,4,256,4,8192,64,29,5,True,0,11.725352,True
llm,28,4,128,4,256,4,8192,64,29,5,False,1,11.640413,True
llm,28,4,128,4,256,4,8192,64,29,6,True,0,11.810601,True
llm,28,4,128,4,256,4,8192,64,29,6,False,1,11.562064,True
llm,28,4,128,4,256,4,8192,64,29,7,True,0,11.761546,True
llm,28,4,128,4,256,4,8192,64,29,7,False,1,11.667554,True
llm,28,4,128,4,256,4,8192,64,29,8,False,0,11.468733,True
llm,28,4,128,4,256,4,8192,64,29,8,True,1,11.599611,True
llm,28,4,128,4,256,4,8192,64,29,9,False,0,11.422893,True
llm,28,4,128,4,256,4,8192,64,29,9,True,1,11.423485,True
llm,28,4,128,4,256,4,8192,64,29,10,False,0,11.445838,True
llm,28,4,128,4,256,4,8192,64,29,10,True,1,11.457536,True
llm,28,4,128,4,256,4,8192,64,29,11,False,0,11.431756,True
llm,28,4,128,4,256,4,8192,64,29,11,True,1,11.569455,True
llm,28,4,128,4,256,4,8192,64,29,12,False,0,11.362891,True
llm,28,4,128,4,256,4,8192,64,29,12,True,1,11.581163,True
llm,28,4,128,4,256,4,8192,64,29,13,False,0,11.468002,True
llm,28,4,128,4,256,4,8192,64,29,13,True,1,11.661544,True
llm,28,4,128,4,256,4,8192,64,29,14,False,0,11.417265,True
llm,28,4,128,4,256,4,8192,64,29,14,True,1,11.582986,True
llm,28,4,128,4,256,4,8192,64,29,15,False,0,11.424525,True
llm,28,4,128,4,256,4,8192,64,29,15,True,1,11.700804,True
llm,28,4,128,4,256,4,8192,64,29,16,True,0,11.509875,True
llm,28,4,128,4,256,4,8192,64,29,16,False,1,11.481742,True
llm,28,4,128,4,256,4,8192,64,29,17,True,0,11.64496,True
llm,28,4,128,4,256,4,8192,64,29,17,False,1,11.406488,True
llm,28,4,128,4,256,4,8192,64,29,18,False,0,11.444516,True
llm,28,4,128,4,256,4,8192,64,29,18,True,1,11.621465,True
llm,28,4,128,4,256,4,8192,64,29,19,False,0,11.540331,True
llm,28,4,128,4,256,4,8192,64,29,19,True,1,11.63204,True
llm,28,4,128,4,256,4,8192,64,47,0,False,0,20.325877,True
llm,28,4,128,4,256,4,8192,64,47,0,True,1,12.77978,True
llm,28,4,128,4,256,4,8192,64,47,1,False,0,11.34222,True
llm,28,4,128,4,256,4,8192,64,47,1,True,1,11.644759,True
llm,28,4,128,4,256,4,8192,64,47,2,False,0,11.531348,True
llm,28,4,128,4,256,4,8192,64,47,2,True,1,11.961068,True
llm,28,4,128,4,256,4,8192,64,47,3,True,0,11.550597,True
llm,28,4,128,4,256,4,8192,64,47,3,False,1,11.439217,True
llm,28,4,128,4,256,4,8192,64,47,4,True,0,11.62537,True
llm,28,4,128,4,256,4,8192,64,47,4,False,1,11.589155,True
llm,28,4,128,4,256,4,8192,64,47,5,False,0,11.432487,True
llm,28,4,128,4,256,4,8192,64,47,5,True,1,11.715436,True
llm,28,4,128,4,256,4,8192,64,47,6,True,0,11.822769,True
llm,28,4,128,4,256,4,8192,64,47,6,False,1,11.634143,True
llm,28,4,128,4,256,4,8192,64,47,7,False,0,11.622215,True
llm,28,4,128,4,256,4,8192,64,47,7,True,1,11.813646,True
llm,28,4,128,4,256,4,8192,64,47,8,True,0,11.803259,True
llm,28,4,128,4,256,4,8192,64,47,8,False,1,11.62535,True
llm,28,4,128,4,256,4,8192,64,47,9,False,0,11.736108,True
llm,28,4,128,4,256,4,8192,64,47,9,True,1,11.660794,True
llm,28,4,128,4,256,4,8192,64,47,10,True,0,11.78387,True
llm,28,4,128,4,256,4,8192,64,47,10,False,1,11.748256,True
llm,28,4,128,4,256,4,8192,64,47,11,False,0,11.696028,True
llm,28,4,128,4,256,4,8192,64,47,11,True,1,11.829199,True
llm,28,4,128,4,256,4,8192,64,47,12,True,0,11.794626,True
llm,28,4,128,4,256,4,8192,64,47,12,False,1,11.713904,True
llm,28,4,128,4,256,4,8192,64,47,13,False,0,11.669136,True
llm,28,4,128,4,256,4,8192,64,47,13,True,1,11.85677,True
llm,28,4,128,4,256,4,8192,64,47,14,False,0,11.743018,True
llm,28,4,128,4,256,4,8192,64,47,14,True,1,11.553151,True
llm,28,4,128,4,256,4,8192,64,47,15,True,0,11.522655,True
llm,28,4,128,4,256,4,8192,64,47,15,False,1,11.705321,True
llm,28,4,128,4,256,4,8192,64,47,16,True,0,11.735146,True
llm,28,4,128,4,256,4,8192,64,47,16,False,1,11.676888,True
llm,28,4,128,4,256,4,8192,64,47,17,True,0,11.854457,True
llm,28,4,128,4,256,4,8192,64,47,17,False,1,11.668575,True
llm,28,4,128,4,256,4,8192,64,47,18,True,0,11.925555,True
llm,28,4,128,4,256,4,8192,64,47,18,False,1,11.519309,True
llm,28,4,128,4,256,4,8192,64,47,19,True,0,11.742047,True
llm,28,4,128,4,256,4,8192,64,47,19,False,1,11.720744,True
llm,28,4,128,4,512,8,2048,64,11,0,False,0,11.072983,True
llm,28,4,128,4,512,8,2048,64,11,0,True,1,11.251674,True
llm,28,4,128,4,512,8,2048,64,11,1,True,0,6.429525,True
llm,28,4,128,4,512,8,2048,64,11,1,False,1,5.815064,True
llm,28,4,128,4,512,8,2048,64,11,2,False,0,5.759739,True
llm,28,4,128,4,512,8,2048,64,11,2,True,1,5.717565,True
llm,28,4,128,4,512,8,2048,64,11,3,True,0,5.789354,True
llm,28,4,128,4,512,8,2048,64,11,3,False,1,5.706228,True
llm,28,4,128,4,512,8,2048,64,11,4,False,0,5.642792,True
llm,28,4,128,4,512,8,2048,64,11,4,True,1,5.835294,True
llm,28,4,128,4,512,8,2048,64,11,5,False,0,5.813442,True
llm,28,4,128,4,512,8,2048,64,11,5,True,1,5.940864,True
llm,28,4,128,4,512,8,2048,64,11,6,True,0,6.025823,True
llm,28,4,128,4,512,8,2048,64,11,6,False,1,5.778428,True
llm,28,4,128,4,512,8,2048,64,11,7,False,0,5.912762,True
llm,28,4,128,4,512,8,2048,64,11,7,True,1,5.93143,True
llm,28,4,128,4,512,8,2048,64,11,8,True,0,5.943908,True
llm,28,4,128,4,512,8,2048,64,11,8,False,1,5.909387,True
llm,28,4,128,4,512,8,2048,64,11,9,False,0,5.838219,True
llm,28,4,128,4,512,8,2048,64,11,9,True,1,5.908666,True
llm,28,4,128,4,512,8,2048,64,11,10,True,0,5.898199,True
llm,28,4,128,4,512,8,2048,64,11,10,False,1,11.088807,True
llm,28,4,128,4,512,8,2048,64,11,11,False,0,6.106345,True
llm,28,4,128,4,512,8,2048,64,11,11,True,1,5.928966,True
llm,28,4,128,4,512,8,2048,64,11,12,False,0,5.947534,True
llm,28,4,128,4,512,8,2048,64,11,12,True,1,6.044722,True
llm,28,4,128,4,512,8,2048,64,11,13,True,0,6.05035,True
llm,28,4,128,4,512,8,2048,64,11,13,False,1,5.915485,True
llm,28,4,128,4,512,8,2048,64,11,14,True,0,5.958862,True
llm,28,4,128,4,512,8,2048,64,11,14,False,1,5.87857,True
llm,28,4,128,4,512,8,2048,64,11,15,True,0,6.104883,True
llm,28,4,128,4,512,8,2048,64,11,15,False,1,6.0565,True
llm,28,4,128,4,512,8,2048,64,11,16,False,0,21.298801,True
llm,28,4,128,4,512,8,2048,64,11,16,True,1,7.03375,True
llm,28,4,128,4,512,8,2048,64,11,17,False,0,6.245356,True
llm,28,4,128,4,512,8,2048,64,11,17,True,1,6.250894,True
llm,28,4,128,4,512,8,2048,64,11,18,True,0,6.021176,True
llm,28,4,128,4,512,8,2048,64,11,18,False,1,6.03073,True
llm,28,4,128,4,512,8,2048,64,11,19,True,0,6.117412,True
llm,28,4,128,4,512,8,2048,64,11,19,False,1,6.045903,True
llm,28,4,128,4,512,8,2048,64,29,0,False,0,11.252735,True
llm,28,4,128,4,512,8,2048,64,29,0,True,1,11.331154,True
llm,28,4,128,4,512,8,2048,64,29,1,True,0,9.344272,True
llm,28,4,128,4,512,8,2048,64,29,1,False,1,5.661811,True
llm,28,4,128,4,512,8,2048,64,29,2,False,0,5.775493,True
llm,28,4,128,4,512,8,2048,64,29,2,True,1,5.873372,True
llm,28,4,128,4,512,8,2048,64,29,3,True,0,5.828664,True
llm,28,4,128,4,512,8,2048,64,29,3,False,1,5.963869,True
llm,28,4,128,4,512,8,2048,64,29,4,False,0,5.872621,True
llm,28,4,128,4,512,8,2048,64,29,4,True,1,5.916988,True
llm,28,4,128,4,512,8,2048,64,29,5,False,0,5.880943,True
llm,28,4,128,4,512,8,2048,64,29,5,True,1,6.070661,True
llm,28,4,128,4,512,8,2048,64,29,6,False,0,5.811007,True
llm,28,4,128,4,512,8,2048,64,29,6,True,1,6.053525,True
llm,28,4,128,4,512,8,2048,64,29,7,False,0,5.860022,True
llm,28,4,128,4,512,8,2048,64,29,7,True,1,5.982166,True
llm,28,4,128,4,512,8,2048,64,29,8,True,0,6.130041,True
llm,28,4,128,4,512,8,2048,64,29,8,False,1,5.945051,True
llm,28,4,128,4,512,8,2048,64,29,9,False,0,5.922576,True
llm,28,4,128,4,512,8,2048,64,29,9,True,1,6.008637,True
llm,28,4,128,4,512,8,2048,64,29,10,True,0,6.12243,True
llm,28,4,128,4,512,8,2048,64,29,10,False,1,11.005501,True
llm,28,4,128,4,512,8,2048,64,29,11,True,0,6.127407,True
llm,28,4,128,4,512,8,2048,64,29,11,False,1,6.018853,True
llm,28,4,128,4,512,8,2048,64,29,12,True,0,5.998142,True
llm,28,4,128,4,512,8,2048,64,29,12,False,1,5.974796,True
llm,28,4,128,4,512,8,2048,64,29,13,True,0,5.922777,True
llm,28,4,128,4,512,8,2048,64,29,13,False,1,6.028577,True
llm,28,4,128,4,512,8,2048,64,29,14,False,0,5.857127,True
llm,28,4,128,4,512,8,2048,64,29,14,True,1,6.160767,True
llm,28,4,128,4,512,8,2048,64,29,15,False,0,6.050741,True
llm,28,4,128,4,512,8,2048,64,29,15,True,1,5.972231,True
llm,28,4,128,4,512,8,2048,64,29,16,True,0,6.250434,True
llm,28,4,128,4,512,8,2048,64,29,16,False,1,6.177573,True
llm,28,4,128,4,512,8,2048,64,29,17,True,0,6.104392,True
llm,28,4,128,4,512,8,2048,64,29,17,False,1,6.090441,True
llm,28,4,128,4,512,8,2048,64,29,18,True,0,6.137692,True
llm,28,4,128,4,512,8,2048,64,29,18,False,1,6.002568,True
llm,28,4,128,4,512,8,2048,64,29,19,False,0,5.914434,True
llm,28,4,128,4,512,8,2048,64,29,19,True,1,6.061457,True
llm,28,4,128,4,512,8,2048,64,47,0,False,0,5.906292,True
llm,28,4,128,4,512,8,2048,64,47,0,True,1,6.068799,True
llm,28,4,128,4,512,8,2048,64,47,1,False,0,5.933443,True
llm,28,4,128,4,512,8,2048,64,47,1,True,1,6.068738,True
llm,28,4,128,4,512,8,2048,64,47,2,True,0,5.97079,True
llm,28,4,128,4,512,8,2048,64,47,2,False,1,6.057391,True
llm,28,4,128,4,512,8,2048,64,47,3,True,0,5.936448,True
llm,28,4,128,4,512,8,2048,64,47,3,False,1,5.831488,True
llm,28,4,128,4,512,8,2048,64,47,4,True,0,5.842345,True
llm,28,4,128,4,512,8,2048,64,47,4,False,1,5.83866,True
llm,28,4,128,4,512,8,2048,64,47,5,True,0,5.962507,True
llm,28,4,128,4,512,8,2048,64,47,5,False,1,6.053154,True
llm,28,4,128,4,512,8,2048,64,47,6,True,0,5.763135,True
llm,28,4,128,4,512,8,2048,64,47,6,False,1,5.932642,True
llm,28,4,128,4,512,8,2048,64,47,7,True,0,6.107286,True
llm,28,4,128,4,512,8,2048,64,47,7,False,1,6.200808,True
llm,28,4,128,4,512,8,2048,64,47,8,False,0,5.875565,True
llm,28,4,128,4,512,8,2048,64,47,8,True,1,6.032673,True
llm,28,4,128,4,512,8,2048,64,47,9,True,0,5.901985,True
llm,28,4,128,4,512,8,2048,64,47,9,False,1,6.063931,True
llm,28,4,128,4,512,8,2048,64,47,10,False,0,5.871309,True
llm,28,4,128,4,512,8,2048,64,47,10,True,1,6.011422,True
llm,28,4,128,4,512,8,2048,64,47,11,True,0,5.938491,True
llm,28,4,128,4,512,8,2048,64,47,11,False,1,6.230784,True
llm,28,4,128,4,512,8,2048,64,47,12,True,0,6.212756,True
llm,28,4,128,4,512,8,2048,64,47,12,False,1,6.367471,True
llm,28,4,128,4,512,8,2048,64,47,13,True,0,6.113145,True
llm,28,4,128,4,512,8,2048,64,47,13,False,1,6.05697,True
llm,28,4,128,4,512,8,2048,64,47,14,True,0,6.077651,True
llm,28,4,128,4,512,8,2048,64,47,14,False,1,5.994546,True
llm,28,4,128,4,512,8,2048,64,47,15,True,0,5.978321,True
llm,28,4,128,4,512,8,2048,64,47,15,False,1,5.879121,True
llm,28,4,128,4,512,8,2048,64,47,16,True,0,5.943137,True
llm,28,4,128,4,512,8,2048,64,47,16,False,1,5.978892,True
llm,28,4,128,4,512,8,2048,64,47,17,False,0,5.863466,True
llm,28,4,128,4,512,8,2048,64,47,17,True,1,6.145545,True
llm,28,4,128,4,512,8,2048,64,47,18,False,0,5.879181,True
llm,28,4,128,4,512,8,2048,64,47,18,True,1,6.088858,True
llm,28,4,128,4,512,8,2048,64,47,19,True,0,5.990799,True
llm,28,4,128,4,512,8,2048,64,47,19,False,1,5.901524,True
llm,28,4,128,4,512,8,8192,64,11,0,False,0,22.745133,True
llm,28,4,128,4,512,8,8192,64,11,0,True,1,23.93064,True
llm,28,4,128,4,512,8,8192,64,11,1,False,0,23.6737,True
llm,28,4,128,4,512,8,8192,64,11,1,True,1,24.067708,True
llm,28,4,128,4,512,8,8192,64,11,2,False,0,23.137237,True
llm,28,4,128,4,512,8,8192,64,11,2,True,1,23.817859,True
llm,28,4,128,4,512,8,8192,64,11,3,False,0,23.426887,True
llm,28,4,128,4,512,8,8192,64,11,3,True,1,23.841746,True
llm,28,4,128,4,512,8,8192,64,11,4,True,0,23.802686,True
llm,28,4,128,4,512,8,8192,64,11,4,False,1,23.513849,True
llm,28,4,128,4,512,8,8192,64,11,5,True,0,23.923009,True
llm,28,4,128,4,512,8,8192,64,11,5,False,1,23.601532,True
llm,28,4,128,4,512,8,8192,64,11,6,True,0,24.068969,True
llm,28,4,128,4,512,8,8192,64,11,6,False,1,23.727733,True
llm,28,4,128,4,512,8,8192,64,11,7,True,0,24.230144,True
llm,28,4,128,4,512,8,8192,64,11,7,False,1,23.777248,True
llm,28,4,128,4,512,8,8192,64,11,8,True,0,24.109892,True
llm,28,4,128,4,512,8,8192,64,11,8,False,1,23.938172,True
llm,28,4,128,4,512,8,8192,64,11,9,True,0,24.121761,True
llm,28,4,128,4,512,8,8192,64,11,9,False,1,23.404674,True
llm,28,4,128,4,512,8,8192,64,11,10,True,0,23.979825,True
llm,28,4,128,4,512,8,8192,64,11,10,False,1,23.597445,True
llm,28,4,128,4,512,8,8192,64,11,11,True,0,23.824139,True
llm,28,4,128,4,512,8,8192,64,11,11,False,1,23.565587,True
llm,28,4,128,4,512,8,8192,64,11,12,True,0,23.919904,True
llm,28,4,128,4,512,8,8192,64,11,12,False,1,23.575882,True
llm,28,4,128,4,512,8,8192,64,11,13,True,0,23.862617,True
llm,28,4,128,4,512,8,8192,64,11,13,False,1,23.487609,True
llm,28,4,128,4,512,8,8192,64,11,14,False,0,23.426897,True
llm,28,4,128,4,512,8,8192,64,11,14,True,1,23.847664,True
llm,28,4,128,4,512,8,8192,64,11,15,False,0,23.300034,True
llm,28,4,128,4,512,8,8192,64,11,15,True,1,23.933264,True
llm,28,4,128,4,512,8,8192,64,11,16,True,0,23.444834,True
llm,28,4,128,4,512,8,8192,64,11,16,False,1,23.590195,True
llm,28,4,128,4,512,8,8192,64,11,17,False,0,23.586368,True
llm,28,4,128,4,512,8,8192,64,11,17,True,1,24.297216,True
llm,28,4,128,4,512,8,8192,64,11,18,False,0,23.529903,True
llm,28,4,128,4,512,8,8192,64,11,18,True,1,24.219238,True
llm,28,4,128,4,512,8,8192,64,11,19,True,0,23.89709,True
llm,28,4,128,4,512,8,8192,64,11,19,False,1,23.620069,True
llm,28,4,128,4,512,8,8192,64,29,0,False,0,25.472297,True
llm,28,4,128,4,512,8,8192,64,29,0,True,1,23.926294,True
llm,28,4,128,4,512,8,8192,64,29,1,False,0,23.700062,True
llm,28,4,128,4,512,8,8192,64,29,1,True,1,23.887545,True
llm,28,4,128,4,512,8,8192,64,29,2,True,0,23.799813,True
llm,28,4,128,4,512,8,8192,64,29,2,False,1,23.481559,True
llm,28,4,128,4,512,8,8192,64,29,3,True,0,23.915207,True
llm,28,4,128,4,512,8,8192,64,29,3,False,1,23.519627,True
llm,28,4,128,4,512,8,8192,64,29,4,False,0,23.807423,True
llm,28,4,128,4,512,8,8192,64,29,4,True,1,24.084724,True
llm,28,4,128,4,512,8,8192,64,29,5,True,0,24.085966,True
llm,28,4,128,4,512,8,8192,64,29,5,False,1,23.856237,True
llm,28,4,128,4,512,8,8192,64,29,6,False,0,23.800823,True
llm,28,4,128,4,512,8,8192,64,29,6,True,1,24.10883,True
llm,28,4,128,4,512,8,8192,64,29,7,True,0,24.067878,True
llm,28,4,128,4,512,8,8192,64,29,7,False,1,23.741032,True
llm,28,4,128,4,512,8,8192,64,29,8,False,0,23.779561,True
llm,28,4,128,4,512,8,8192,64,29,8,True,1,24.061969,True
llm,28,4,128,4,512,8,8192,64,29,9,False,0,23.745629,True
llm,28,4,128,4,512,8,8192,64,29,9,True,1,24.073356,True
llm,28,4,128,4,512,8,8192,64,29,10,True,0,24.102882,True
llm,28,4,128,4,512,8,8192,64,29,10,False,1,23.553729,True
llm,28,4,128,4,512,8,8192,64,29,11,True,0,24.057423,True
llm,28,4,128,4,512,8,8192,64,29,11,False,1,23.837099,True
llm,28,4,128,4,512,8,8192,64,29,12,True,0,23.901967,True
llm,28,4,128,4,512,8,8192,64,29,12,False,1,23.802326,True
llm,28,4,128,4,512,8,8192,64,29,13,True,0,24.070081,True
llm,28,4,128,4,512,8,8192,64,29,13,False,1,23.818751,True
llm,28,4,128,4,512,8,8192,64,29,14,False,0,23.490333,True
llm,28,4,128,4,512,8,8192,64,29,14,True,1,24.076461,True
llm,28,4,128,4,512,8,8192,64,29,15,True,0,24.116121,True
llm,28,4,128,4,512,8,8192,64,29,15,False,1,23.576704,True
llm,28,4,128,4,512,8,8192,64,29,16,False,0,23.967786,True
llm,28,4,128,4,512,8,8192,64,29,16,True,1,23.730797,True
llm,28,4,128,4,512,8,8192,64,29,17,True,0,24.106717,True
llm,28,4,128,4,512,8,8192,64,29,17,False,1,23.876428,True
llm,28,4,128,4,512,8,8192,64,29,18,True,0,23.916418,True
llm,28,4,128,4,512,8,8192,64,29,18,False,1,23.750568,True
llm,28,4,128,4,512,8,8192,64,29,19,False,0,23.947055,True
llm,28,4,128,4,512,8,8192,64,29,19,True,1,23.681783,True
llm,28,4,128,4,512,8,8192,64,47,0,False,0,23.429982,True
llm,28,4,128,4,512,8,8192,64,47,0,True,1,23.965153,True
llm,28,4,128,4,512,8,8192,64,47,1,False,0,23.263289,True
llm,28,4,128,4,512,8,8192,64,47,1,True,1,23.922908,True
llm,28,4,128,4,512,8,8192,64,47,2,False,0,23.162175,True
llm,28,4,128,4,512,8,8192,64,47,2,True,1,23.894316,True
llm,28,4,128,4,512,8,8192,64,47,3,True,0,23.440427,True
llm,28,4,128,4,512,8,8192,64,47,3,False,1,23.838831,True
llm,28,4,128,4,512,8,8192,64,47,4,False,0,23.48201,True
llm,28,4,128,4,512,8,8192,64,47,4,True,1,24.084023,True
llm,28,4,128,4,512,8,8192,64,47,5,True,0,23.712509,True
llm,28,4,128,4,512,8,8192,64,47,5,False,1,23.918221,True
llm,28,4,128,4,512,8,8192,64,47,6,False,0,23.456251,True
llm,28,4,128,4,512,8,8192,64,47,6,True,1,24.171264,True
llm,28,4,128,4,512,8,8192,64,47,7,True,0,23.417423,True
llm,28,4,128,4,512,8,8192,64,47,7,False,1,23.57408,True
llm,28,4,128,4,512,8,8192,64,47,8,True,0,23.966555,True
llm,28,4,128,4,512,8,8192,64,47,8,False,1,23.189266,True
llm,28,4,128,4,512,8,8192,64,47,9,False,0,23.532546,True
llm,28,4,128,4,512,8,8192,64,47,9,True,1,23.965233,True
llm,28,4,128,4,512,8,8192,64,47,10,False,0,23.168726,True
llm,28,4,128,4,512,8,8192,64,47,10,True,1,24.018724,True
llm,28,4,128,4,512,8,8192,64,47,11,False,0,23.118449,True
llm,28,4,128,4,512,8,8192,64,47,11,True,1,23.891721,True
llm,28,4,128,4,512,8,8192,64,47,12,True,0,23.845912,True
llm,28,4,128,4,512,8,8192,64,47,12,False,1,23.212332,True
llm,28,4,128,4,512,8,8192,64,47,13,False,0,23.633069,True
llm,28,4,128,4,512,8,8192,64,47,13,True,1,23.840644,True
llm,28,4,128,4,512,8,8192,64,47,14,False,0,23.831,True
llm,28,4,128,4,512,8,8192,64,47,14,True,1,23.880153,True
llm,28,4,128,4,512,8,8192,64,47,15,False,0,23.946745,True
llm,28,4,128,4,512,8,8192,64,47,15,True,1,23.585868,True
llm,28,4,128,4,512,8,8192,64,47,16,False,0,23.418875,True
llm,28,4,128,4,512,8,8192,64,47,16,True,1,24.058464,True
llm,28,4,128,4,512,8,8192,64,47,17,False,0,23.141174,True
llm,28,4,128,4,512,8,8192,64,47,17,True,1,23.929298,True
llm,28,4,128,4,512,8,8192,64,47,18,False,0,23.342409,True
llm,28,4,128,4,512,8,8192,64,47,18,True,1,24.120178,True
llm,28,4,128,4,512,8,8192,64,47,19,False,0,23.832682,True
llm,28,4,128,4,512,8,8192,64,47,19,True,1,23.678478,True
llm,28,4,128,4,1024,16,2048,64,11,0,True,0,14.932783,True
llm,28,4,128,4,1024,16,2048,64,11,0,False,1,16.469592,True
llm,28,4,128,4,1024,16,2048,64,11,1,True,0,10.119518,True
llm,28,4,128,4,1024,16,2048,64,11,1,False,1,10.565453,True
llm,28,4,128,4,1024,16,2048,64,11,2,True,0,10.776243,True
llm,28,4,128,4,1024,16,2048,64,11,2,False,1,10.660347,True
llm,28,4,128,4,1024,16,2048,64,11,3,False,0,10.192508,True
llm,28,4,128,4,1024,16,2048,64,11,3,True,1,10.083062,True
llm,28,4,128,4,1024,16,2048,64,11,4,False,0,10.059517,True
llm,28,4,128,4,1024,16,2048,64,11,4,True,1,9.79806,True
llm,28,4,128,4,1024,16,2048,64,11,5,True,0,9.796048,True
llm,28,4,128,4,1024,16,2048,64,11,5,False,1,9.901708,True
llm,28,4,128,4,1024,16,2048,64,11,6,False,0,9.965273,True
llm,28,4,128,4,1024,16,2048,64,11,6,True,1,10.278368,True
llm,28,4,128,4,1024,16,2048,64,11,7,False,0,11.200055,True
llm,28,4,128,4,1024,16,2048,64,11,7,True,1,10.100148,True
llm,28,4,128,4,1024,16,2048,64,11,8,True,0,9.973576,True
llm,28,4,128,4,1024,16,2048,64,11,8,False,1,10.009651,True
llm,28,4,128,4,1024,16,2048,64,11,9,False,0,9.670497,True
llm,28,4,128,4,1024,16,2048,64,11,9,True,1,11.664629,True
llm,28,4,128,4,1024,16,2048,64,11,10,False,0,9.925644,True
llm,28,4,128,4,1024,16,2048,64,11,10,True,1,10.2727,True
llm,28,4,128,4,1024,16,2048,64,11,11,False,0,10.25944,True
llm,28,4,128,4,1024,16,2048,64,11,11,True,1,10.128341,True
llm,28,4,128,4,1024,16,2048,64,11,12,True,0,9.902287,True
llm,28,4,128,4,1024,16,2048,64,11,12,False,1,9.806443,True
llm,28,4,128,4,1024,16,2048,64,11,13,True,0,10.204066,True
llm,28,4,128,4,1024,16,2048,64,11,13,False,1,9.838783,True
llm,28,4,128,4,1024,16,2048,64,11,14,False,0,10.009361,True
llm,28,4,128,4,1024,16,2048,64,11,14,True,1,9.91007,True
llm,28,4,128,4,1024,16,2048,64,11,15,True,0,9.980828,True
llm,28,4,128,4,1024,16,2048,64,11,15,False,1,9.851521,True
llm,28,4,128,4,1024,16,2048,64,11,16,False,0,10.068259,True
llm,28,4,128,4,1024,16,2048,64,11,16,True,1,10.617032,True
llm,28,4,128,4,1024,16,2048,64,11,17,True,0,9.96934,True
llm,28,4,128,4,1024,16,2048,64,11,17,False,1,9.69882,True
llm,28,4,128,4,1024,16,2048,64,11,18,False,0,9.93647,True
llm,28,4,128,4,1024,16,2048,64,11,18,True,1,9.96276,True
llm,28,4,128,4,1024,16,2048,64,11,19,False,0,9.838591,True
llm,28,4,128,4,1024,16,2048,64,11,19,True,1,10.053577,True
llm,28,4,128,4,1024,16,2048,64,29,0,False,0,12.473976,True
llm,28,4,128,4,1024,16,2048,64,29,0,True,1,9.846684,True
llm,28,4,128,4,1024,16,2048,64,29,1,True,0,9.871461,True
llm,28,4,128,4,1024,16,2048,64,29,1,False,1,10.044634,True
llm,28,4,128,4,1024,16,2048,64,29,2,False,0,10.136193,True
llm,28,4,128,4,1024,16,2048,64,29,2,True,1,10.309666,True
llm,28,4,128,4,1024,16,2048,64,29,3,True,0,9.806213,True
llm,28,4,128,4,1024,16,2048,64,29,3,False,1,10.4839,True
llm,28,4,128,4,1024,16,2048,64,29,4,True,0,9.932785,True
llm,28,4,128,4,1024,16,2048,64,29,4,False,1,10.033457,True
llm,28,4,128,4,1024,16,2048,64,29,5,False,0,9.978474,True
llm,28,4,128,4,1024,16,2048,64,29,5,True,1,10.369226,True
llm,28,4,128,4,1024,16,2048,64,29,6,False,0,10.236675,True
llm,28,4,128,4,1024,16,2048,64,29,6,True,1,16.632069,True
llm,28,4,128,4,1024,16,2048,64,29,7,False,0,10.197416,True
llm,28,4,128,4,1024,16,2048,64,29,7,True,1,9.954177,True
llm,28,4,128,4,1024,16,2048,64,29,8,False,0,10.003642,True
llm,28,4,128,4,1024,16,2048,64,29,8,True,1,10.185607,True
llm,28,4,128,4,1024,16,2048,64,29,9,True,0,9.900376,True
llm,28,4,128,4,1024,16,2048,64,29,9,False,1,10.398891,True
llm,28,4,128,4,1024,16,2048,64,29,10,False,0,9.938953,True
llm,28,4,128,4,1024,16,2048,64,29,10,True,1,10.198638,True
llm,28,4,128,4,1024,16,2048,64,29,11,True,0,10.164996,True
llm,28,4,128,4,1024,16,2048,64,29,11,False,1,9.834185,True
llm,28,4,128,4,1024,16,2048,64,29,12,True,0,10.948244,True
llm,28,4,128,4,1024,16,2048,64,29,12,False,1,10.117174,True
llm,28,4,128,4,1024,16,2048,64,29,13,False,0,10.209855,True
llm,28,4,128,4,1024,16,2048,64,29,13,True,1,10.316126,True
llm,28,4,128,4,1024,16,2048,64,29,14,False,0,9.783338,True
llm,28,4,128,4,1024,16,2048,64,29,14,True,1,10.006656,True
llm,28,4,128,4,1024,16,2048,64,29,15,False,0,10.150995,True
llm,28,4,128,4,1024,16,2048,64,29,15,True,1,10.210596,True
llm,28,4,128,4,1024,16,2048,64,29,16,True,0,10.032365,True
llm,28,4,128,4,1024,16,2048,64,29,16,False,1,10.212278,True
llm,28,4,128,4,1024,16,2048,64,29,17,False,0,9.946475,True
llm,28,4,128,4,1024,16,2048,64,29,17,True,1,9.831221,True
llm,28,4,128,4,1024,16,2048,64,29,18,False,0,10.069821,True
llm,28,4,128,4,1024,16,2048,64,29,18,True,1,11.046092,True
llm,28,4,128,4,1024,16,2048,64,29,19,False,0,10.012165,True
llm,28,4,128,4,1024,16,2048,64,29,19,True,1,9.973416,True
llm,28,4,128,4,1024,16,2048,64,47,0,False,0,14.33044,True
llm,28,4,128,4,1024,16,2048,64,47,0,True,1,10.102803,True
llm,28,4,128,4,1024,16,2048,64,47,1,True,0,10.153149,True
llm,28,4,128,4,1024,16,2048,64,47,1,False,1,9.913756,True
llm,28,4,128,4,1024,16,2048,64,47,2,False,0,9.764008,True
llm,28,4,128,4,1024,16,2048,64,47,2,True,1,9.974898,True
llm,28,4,128,4,1024,16,2048,64,47,3,False,0,11.556956,True
llm,28,4,128,4,1024,16,2048,64,47,3,True,1,9.867876,True
llm,28,4,128,4,1024,16,2048,64,47,4,True,0,9.926585,True
llm,28,4,128,4,1024,16,2048,64,47,4,False,1,10.18059,True
llm,28,4,128,4,1024,16,2048,64,47,5,True,0,9.934166,True
llm,28,4,128,4,1024,16,2048,64,47,5,False,1,9.858291,True
llm,28,4,128,4,1024,16,2048,64,47,6,False,0,9.981919,True
llm,28,4,128,4,1024,16,2048,64,47,6,True,1,10.917517,True
llm,28,4,128,4,1024,16,2048,64,47,7,True,0,10.110644,True
llm,28,4,128,4,1024,16,2048,64,47,7,False,1,9.893244,True
llm,28,4,128,4,1024,16,2048,64,47,8,True,0,10.070834,True
llm,28,4,128,4,1024,16,2048,64,47,8,False,1,9.990231,True
llm,28,4,128,4,1024,16,2048,64,47,9,False,0,10.16073,True
llm,28,4,128,4,1024,16,2048,64,47,9,True,1,10.046287,True
llm,28,4,128,4,1024,16,2048,64,47,10,False,0,10.359671,True
llm,28,4,128,4,1024,16,2048,64,47,10,True,1,9.952043,True
llm,28,4,128,4,1024,16,2048,64,47,11,False,0,9.846604,True
llm,28,4,128,4,1024,16,2048,64,47,11,True,1,9.950061,True
llm,28,4,128,4,1024,16,2048,64,47,12,True,0,9.972705,True
llm,28,4,128,4,1024,16,2048,64,47,12,False,1,9.984263,True
llm,28,4,128,4,1024,16,2048,64,47,13,True,0,9.879574,True
llm,28,4,128,4,1024,16,2048,64,47,13,False,1,9.873414,True
llm,28,4,128,4,1024,16,2048,64,47,14,True,0,9.913275,True
llm,28,4,128,4,1024,16,2048,64,47,14,False,1,9.889038,True
llm,28,4,128,4,1024,16,2048,64,47,15,False,0,10.462056,True
llm,28,4,128,4,1024,16,2048,64,47,15,True,1,10.260211,True
llm,28,4,128,4,1024,16,2048,64,47,16,True,0,9.92272,True
llm,28,4,128,4,1024,16,2048,64,47,16,False,1,10.535618,True
llm,28,4,128,4,1024,16,2048,64,47,17,True,0,10.045345,True
llm,28,4,128,4,1024,16,2048,64,47,17,False,1,9.89741,True
llm,28,4,128,4,1024,16,2048,64,47,18,False,0,9.828076,True
llm,28,4,128,4,1024,16,2048,64,47,18,True,1,9.840635,True
llm,28,4,128,4,1024,16,2048,64,47,19,False,0,10.397649,True
llm,28,4,128,4,1024,16,2048,64,47,19,True,1,10.094829,True
llm,28,4,128,4,1024,16,8192,64,11,0,True,0,38.865887,True
llm,28,4,128,4,1024,16,8192,64,11,0,False,1,38.720356,True
llm,28,4,128,4,1024,16,8192,64,11,1,True,0,39.160643,True
llm,28,4,128,4,1024,16,8192,64,11,1,False,1,39.047521,True
llm,28,4,128,4,1024,16,8192,64,11,2,True,0,39.038418,True
llm,28,4,128,4,1024,16,8192,64,11,2,False,1,38.877042,True
llm,28,4,128,4,1024,16,8192,64,11,3,True,0,39.095214,True
llm,28,4,128,4,1024,16,8192,64,11,3,False,1,38.893908,True
llm,28,4,128,4,1024,16,8192,64,11,4,True,0,39.154123,True
llm,28,4,128,4,1024,16,8192,64,11,4,False,1,39.783837,True
llm,28,4,128,4,1024,16,8192,64,11,5,False,0,38.794458,True
llm,28,4,128,4,1024,16,8192,64,11,5,True,1,39.089616,True
llm,28,4,128,4,1024,16,8192,64,11,6,False,0,38.845385,True
llm,28,4,128,4,1024,16,8192,64,11,6,True,1,39.119891,True
llm,28,4,128,4,1024,16,8192,64,11,7,False,0,38.775769,True
llm,28,4,128,4,1024,16,8192,64,11,7,True,1,40.11517,True
llm,28,4,128,4,1024,16,8192,64,11,8,False,0,38.800717,True
llm,28,4,128,4,1024,16,8192,64,11,8,True,1,39.131869,True
llm,28,4,128,4,1024,16,8192,64,11,9,False,0,39.287405,True
llm,28,4,128,4,1024,16,8192,64,11,9,True,1,39.131979,True
llm,28,4,128,4,1024,16,8192,64,11,10,False,0,38.986058,True
llm,28,4,128,4,1024,16,8192,64,11,10,True,1,39.379445,True
llm,28,4,128,4,1024,16,8192,64,11,11,False,0,38.813968,True
llm,28,4,128,4,1024,16,8192,64,11,11,True,1,39.113141,True
llm,28,4,128,4,1024,16,8192,64,11,12,True,0,39.861786,True
llm,28,4,128,4,1024,16,8192,64,11,12,False,1,38.843663,True
llm,28,4,128,4,1024,16,8192,64,11,13,False,0,38.834969,True
llm,28,4,128,4,1024,16,8192,64,11,13,True,1,39.258702,True
llm,28,4,128,4,1024,16,8192,64,11,14,True,0,39.09939,True
llm,28,4,128,4,1024,16,8192,64,11,14,False,1,38.923823,True
llm,28,4,128,4,1024,16,8192,64,11,15,False,0,39.019338,True
llm,28,4,128,4,1024,16,8192,64,11,15,True,1,39.13259,True
llm,28,4,128,4,1024,16,8192,64,11,16,False,0,38.821228,True
llm,28,4,128,4,1024,16,8192,64,11,16,True,1,39.114613,True
llm,28,4,128,4,1024,16,8192,64,11,17,True,0,39.156267,True
llm,28,4,128,4,1024,16,8192,64,11,17,False,1,39.337681,True
llm,28,4,128,4,1024,16,8192,64,11,18,False,0,38.799496,True
llm,28,4,128,4,1024,16,8192,64,11,18,True,1,39.142745,True
llm,28,4,128,4,1024,16,8192,64,11,19,False,0,38.942072,True
llm,28,4,128,4,1024,16,8192,64,11,19,True,1,39.489141,True
llm,28,4,128,4,1024,16,8192,64,29,0,True,0,40.101138,True
llm,28,4,128,4,1024,16,8192,64,29,0,False,1,39.063706,True
llm,28,4,128,4,1024,16,8192,64,29,1,True,0,44.073909,True
llm,28,4,128,4,1024,16,8192,64,29,1,False,1,39.415278,True
llm,28,4,128,4,1024,16,8192,64,29,2,True,0,40.275242,True
llm,28,4,128,4,1024,16,8192,64,29,2,False,1,39.009273,True
llm,28,4,128,4,1024,16,8192,64,29,3,True,0,39.385323,True
llm,28,4,128,4,1024,16,8192,64,29,3,False,1,39.027982,True
llm,28,4,128,4,1024,16,8192,64,29,4,True,0,39.281355,True
llm,28,4,128,4,1024,16,8192,64,29,4,False,1,39.091568,True
llm,28,4,128,4,1024,16,8192,64,29,5,True,0,39.297691,True
llm,28,4,128,4,1024,16,8192,64,29,5,False,1,38.603357,True
llm,28,4,128,4,1024,16,8192,64,29,6,False,0,39.37661,True
llm,28,4,128,4,1024,16,8192,64,29,6,True,1,39.420557,True
llm,28,4,128,4,1024,16,8192,64,29,7,False,0,38.969703,True
llm,28,4,128,4,1024,16,8192,64,29,7,True,1,38.923623,True
llm,28,4,128,4,1024,16,8192,64,29,8,True,0,39.202826,True
llm,28,4,128,4,1024,16,8192,64,29,8,False,1,38.971436,True
llm,28,4,128,4,1024,16,8192,64,29,9,False,0,38.944284,True
llm,28,4,128,4,1024,16,8192,64,29,9,True,1,39.072238,True
llm,28,4,128,4,1024,16,8192,64,29,10,False,0,38.6379,True
llm,28,4,128,4,1024,16,8192,64,29,10,True,1,39.296598,True
llm,28,4,128,4,1024,16,8192,64,29,11,False,0,39.082024,True
llm,28,4,128,4,1024,16,8192,64,29,11,True,1,39.126601,True
llm,28,4,128,4,1024,16,8192,64,29,12,True,0,39.09266,True
llm,28,4,128,4,1024,16,8192,64,29,12,False,1,39.029784,True
llm,28,4,128,4,1024,16,8192,64,29,13,True,0,39.161314,True
llm,28,4,128,4,1024,16,8192,64,29,13,False,1,38.977305,True
llm,28,4,128,4,1024,16,8192,64,29,14,True,0,39.221114,True
llm,28,4,128,4,1024,16,8192,64,29,14,False,1,39.077817,True
llm,28,4,128,4,1024,16,8192,64,29,15,True,0,39.166782,True
llm,28,4,128,4,1024,16,8192,64,29,15,False,1,38.774728,True
llm,28,4,128,4,1024,16,8192,64,29,16,True,0,39.319923,True
llm,28,4,128,4,1024,16,8192,64,29,16,False,1,39.045919,True
llm,28,4,128,4,1024,16,8192,64,29,17,True,0,39.520077,True
llm,28,4,128,4,1024,16,8192,64,29,17,False,1,38.839706,True
llm,28,4,128,4,1024,16,8192,64,29,18,True,0,40.476086,True
llm,28,4,128,4,1024,16,8192,64,29,18,False,1,39.03415,True
llm,28,4,128,4,1024,16,8192,64,29,19,True,0,39.289038,True
llm,28,4,128,4,1024,16,8192,64,29,19,False,1,39.188024,True
llm,28,4,128,4,1024,16,8192,64,47,0,False,0,67.537642,True
llm,28,4,128,4,1024,16,8192,64,47,0,True,1,39.108674,True
llm,28,4,128,4,1024,16,8192,64,47,1,True,0,39.980996,True
llm,28,4,128,4,1024,16,8192,64,47,1,False,1,38.747016,True
llm,28,4,128,4,1024,16,8192,64,47,2,False,0,39.442009,True
llm,28,4,128,4,1024,16,8192,64,47,2,True,1,39.727331,True
llm,28,4,128,4,1024,16,8192,64,47,3,True,0,40.277445,True
llm,28,4,128,4,1024,16,8192,64,47,3,False,1,38.77634,True
llm,28,4,128,4,1024,16,8192,64,47,4,False,0,38.975111,True
llm,28,4,128,4,1024,16,8192,64,47,4,True,1,39.115364,True
llm,28,4,128,4,1024,16,8192,64,47,5,True,0,38.67075,True
llm,28,4,128,4,1024,16,8192,64,47,5,False,1,38.65078,True
llm,28,4,128,4,1024,16,8192,64,47,6,True,0,38.634985,True
llm,28,4,128,4,1024,16,8192,64,47,6,False,1,39.484253,True
llm,28,4,128,4,1024,16,8192,64,47,7,False,0,38.599161,True
llm,28,4,128,4,1024,16,8192,64,47,7,True,1,40.297936,True
llm,28,4,128,4,1024,16,8192,64,47,8,False,0,43.947477,True
llm,28,4,128,4,1024,16,8192,64,47,8,True,1,39.121833,True
llm,28,4,128,4,1024,16,8192,64,47,9,False,0,43.659621,True
llm,28,4,128,4,1024,16,8192,64,47,9,True,1,39.991452,True
llm,28,4,128,4,1024,16,8192,64,47,10,True,0,39.167142,True
llm,28,4,128,4,1024,16,8192,64,47,10,False,1,38.929482,True
llm,28,4,128,4,1024,16,8192,64,47,11,True,0,39.149586,True
llm,28,4,128,4,1024,16,8192,64,47,11,False,1,38.846637,True
llm,28,4,128,4,1024,16,8192,64,47,12,False,0,39.107301,True
llm,28,4,128,4,1024,16,8192,64,47,12,True,1,39.241965,True
llm,28,4,128,4,1024,16,8192,64,47,13,False,0,38.800686,True
llm,28,4,128,4,1024,16,8192,64,47,13,True,1,39.082173,True
llm,28,4,128,4,1024,16,8192,64,47,14,True,0,39.105639,True
llm,28,4,128,4,1024,16,8192,64,47,14,False,1,39.017014,True
llm,28,4,128,4,1024,16,8192,64,47,15,False,0,38.75709,True
llm,28,4,128,4,1024,16,8192,64,47,15,True,1,39.377661,True
llm,28,4,128,4,1024,16,8192,64,47,16,False,0,39.199772,True
llm,28,4,128,4,1024,16,8192,64,47,16,True,1,39.685828,True
llm,28,4,128,4,1024,16,8192,64,47,17,False,0,38.760896,True
llm,28,4,128,4,1024,16,8192,64,47,17,True,1,38.575916,True
llm,28,4,128,4,1024,16,8192,64,47,18,True,0,38.954871,True
llm,28,4,128,4,1024,16,8192,64,47,18,False,1,38.916683,True
llm,28,4,128,4,1024,16,8192,64,47,19,True,0,39.116025,True
llm,28,4,128,4,1024,16,8192,64,47,19,False,1,39.103776,True
