head_dim,query_len,kv_len,data_seed,round,order_position,dataflow,elapsed_ms,gflops,max_abs_error,correct,query_tile,kv_block,order_seed
64,64,2048,11,0,0,kij,0.188104,89.19117084,0,true,64,64,20260813
64,64,2048,11,0,1,ikj,0.201144,83.40898063,0,true,64,64,20260813
64,64,2048,11,1,0,kij,0.188304,89.0964398,0,true,64,64,20260813
64,64,2048,11,1,1,ikj,0.188425,89.03922516,0,true,64,64,20260813
64,64,2048,11,2,0,kij,0.188275,89.11016332,0,true,64,64,20260813
64,64,2048,11,2,1,ikj,0.187984,89.24810622,0,true,64,64,20260813
64,64,2048,11,3,0,kij,0.188014,89.23386556,0,true,64,64,20260813
64,64,2048,11,3,1,ikj,0.188044,89.21962945,0,true,64,64,20260813
64,64,2048,11,4,0,ikj,0.188195,89.14804325,0,true,64,64,20260813
64,64,2048,11,4,1,kij,0.188334,89.0822475,0,true,64,64,20260813
64,64,2048,11,5,0,ikj,0.187994,89.24335883,0,true,64,64,20260813
64,64,2048,11,5,1,kij,0.187804,89.33364572,0,true,64,64,20260813
64,64,2048,11,6,0,kij,0.188174,89.15799207,0,true,64,64,20260813
64,64,2048,11,6,1,ikj,0.187934,89.27185076,0,true,64,64,20260813
64,64,2048,11,7,0,ikj,0.188114,89.18642951,0,true,64,64,20260813
64,64,2048,11,7,1,kij,0.188084,89.20065503,0,true,64,64,20260813
64,64,2048,11,8,0,ikj,0.188375,89.06285866,0,true,64,64,20260813
64,64,2048,11,8,1,kij,0.188054,89.21488509,0,true,64,64,20260813
64,64,2048,11,9,0,ikj,0.188105,89.19069669,0,true,64,64,20260813
64,64,2048,11,9,1,kij,0.19848,84.52849657,0,true,64,64,20260813
64,64,2048,11,10,0,ikj,0.189526,88.52197588,0,true,64,64,20260813
64,64,2048,11,10,1,kij,0.188094,89.19591268,0,true,64,64,20260813
64,64,2048,11,11,0,kij,0.188154,89.1674692,0,true,64,64,20260813
64,64,2048,11,11,1,ikj,0.188334,89.0822475,0,true,64,64,20260813
64,64,2048,11,12,0,kij,0.188305,89.09596665,0,true,64,64,20260813
64,64,2048,11,12,1,ikj,0.188084,89.20065503,0,true,64,64,20260813
64,64,2048,11,13,0,ikj,0.188144,89.17220852,0,true,64,64,20260813
64,64,2048,11,13,1,kij,0.188144,89.17220852,0,true,64,64,20260813
64,64,2048,11,14,0,ikj,0.187904,89.28610354,0,true,64,64,20260813
64,64,2048,11,14,1,kij,0.187974,89.25285412,0,true,64,64,20260813
64,64,2048,11,15,0,ikj,0.188164,89.16273038,0,true,64,64,20260813
64,64,2048,11,15,1,kij,0.187864,89.30511434,0,true,64,64,20260813
64,64,2048,11,16,0,ikj,0.188215,89.13857025,0,true,64,64,20260813
64,64,2048,11,16,1,kij,0.188385,89.05813096,0,true,64,64,20260813
64,64,2048,11,17,0,kij,0.188214,89.13904385,0,true,64,64,20260813
64,64,2048,11,17,1,ikj,0.188074,89.20539788,0,true,64,64,20260813
64,64,2048,11,18,0,kij,0.188254,89.12010369,0,true,64,64,20260813
64,64,2048,11,18,1,ikj,0.237319,70.69478634,0,true,64,64,20260813
64,64,2048,11,19,0,ikj,0.188255,89.11963029,0,true,64,64,20260813
64,64,2048,11,19,1,kij,0.188075,89.20492357,0,true,64,64,20260813
64,64,2048,29,0,0,kij,0.188054,89.21488509,0,true,64,64,20260813
64,64,2048,29,0,1,ikj,0.188705,88.90710898,0,true,64,64,20260813
64,64,2048,29,1,0,kij,0.188184,89.15325426,0,true,64,64,20260813
64,64,2048,29,1,1,ikj,0.188044,89.21962945,0,true,64,64,20260813
64,64,2048,29,2,0,ikj,0.188085,89.20018077,0,true,64,64,20260813
64,64,2048,29,2,1,kij,0.188074,89.20539788,0,true,64,64,20260813
64,64,2048,29,3,0,kij,0.188475,89.01560419,0,true,64,64,20260813
64,64,2048,29,3,1,ikj,0.188265,89.11489656,0,true,64,64,20260813
64,64,2048,29,4,0,ikj,0.187974,89.25285412,0,true,64,64,20260813
64,64,2048,29,4,1,kij,0.188095,89.19543848,0,true,64,64,20260813
64,64,2048,29,5,0,ikj,0.187794,89.33840272,0,true,64,64,20260813
64,64,2048,29,5,1,kij,0.188024,89.22911969,0,true,64,64,20260813
64,64,2048,29,6,0,ikj,0.188034,89.22437432,0,true,64,64,20260813
64,64,2048,29,6,1,kij,0.188054,89.21488509,0,true,64,64,20260813
64,64,2048,29,7,0,ikj,0.188084,89.20065503,0,true,64,64,20260813
64,64,2048,29,7,1,kij,0.188024,89.22911969,0,true,64,64,20260813
64,64,2048,29,8,0,ikj,0.19866,84.45190778,0,true,64,64,20260813
64,64,2048,29,8,1,kij,0.188075,89.20492357,0,true,64,64,20260813
64,64,2048,29,9,0,kij,0.188134,89.17694835,0,true,64,64,20260813
64,64,2048,29,9,1,ikj,0.188144,89.17220852,0,true,64,64,20260813
64,64,2048,29,10,0,ikj,0.187964,89.25760252,0,true,64,64,20260813
64,64,2048,29,10,1,kij,0.188214,89.13904385,0,true,64,64,20260813
64,64,2048,29,11,0,kij,0.188375,89.06285866,0,true,64,64,20260813
64,64,2048,29,11,1,ikj,0.187934,89.27185076,0,true,64,64,20260813
64,64,2048,29,12,0,kij,0.188184,89.15325426,0,true,64,64,20260813
64,64,2048,29,12,1,ikj,0.188234,89.12957277,0,true,64,64,20260813
64,64,2048,29,13,0,ikj,0.188124,89.18168867,0,true,64,64,20260813
64,64,2048,29,13,1,kij,0.188394,89.05387645,0,true,64,64,20260813
64,64,2048,29,14,0,kij,0.188134,89.17694835,0,true,64,64,20260813
64,64,2048,29,14,1,ikj,0.188004,89.23861194,0,true,64,64,20260813
64,64,2048,29,15,0,kij,0.188064,89.21014123,0,true,64,64,20260813
64,64,2048,29,15,1,ikj,0.188024,89.22911969,0,true,64,64,20260813
64,64,2048,29,16,0,kij,0.188304,89.0964398,0,true,64,64,20260813
64,64,2048,29,16,1,ikj,0.188114,89.18642951,0,true,64,64,20260813
64,64,2048,29,17,0,kij,0.196647,85.31640961,0,true,64,64,20260813
64,64,2048,29,17,1,ikj,0.187924,89.27660118,0,true,64,64,20260813
64,64,2048,29,18,0,kij,0.188004,89.23861194,0,true,64,64,20260813
64,64,2048,29,18,1,ikj,0.187934,89.27185076,0,true,64,64,20260813
64,64,2048,29,19,0,kij,0.188084,89.20065503,0,true,64,64,20260813
64,64,2048,29,19,1,ikj,0.188054,89.21488509,0,true,64,64,20260813
64,64,2048,47,0,0,ikj,0.187874,89.30036088,0,true,64,64,20260813
64,64,2048,47,0,1,kij,0.188054,89.21488509,0,true,64,64,20260813
64,64,2048,47,1,0,ikj,0.187813,89.32936485,0,true,64,64,20260813
64,64,2048,47,1,1,kij,0.188034,89.22437432,0,true,64,64,20260813
64,64,2048,47,2,0,ikj,0.187994,89.24335883,0,true,64,64,20260813
64,64,2048,47,2,1,kij,0.187944,89.26710084,0,true,64,64,20260813
64,64,2048,47,3,0,ikj,0.187904,89.28610354,0,true,64,64,20260813
64,64,2048,47,3,1,kij,0.187884,89.29560793,0,true,64,64,20260813
64,64,2048,47,4,0,kij,0.188074,89.20539788,0,true,64,64,20260813
64,64,2048,47,4,1,ikj,0.187994,89.24335883,0,true,64,64,20260813
64,64,2048,47,5,0,kij,0.188004,89.23861194,0,true,64,64,20260813
64,64,2048,47,5,1,ikj,0.187994,89.24335883,0,true,64,64,20260813
64,64,2048,47,6,0,ikj,0.187903,89.28657871,0,true,64,64,20260813
64,64,2048,47,6,1,kij,0.187853,89.31034373,0,true,64,64,20260813
64,64,2048,47,7,0,kij,0.188004,89.23861194,0,true,64,64,20260813
64,64,2048,47,7,1,ikj,0.197848,84.79851199,0,true,64,64,20260813
64,64,2048,47,8,0,ikj,0.187964,89.25760252,0,true,64,64,20260813
64,64,2048,47,8,1,kij,0.187924,89.27660118,0,true,64,64,20260813
64,64,2048,47,9,0,kij,0.187844,89.31462277,0,true,64,64,20260813
64,64,2048,47,9,1,ikj,0.187864,89.30511434,0,true,64,64,20260813
64,64,2048,47,10,0,ikj,0.187894,89.29085548,0,true,64,64,20260813
64,64,2048,47,10,1,kij,0.188054,89.21488509,0,true,64,64,20260813
64,64,2048,47,11,0,kij,0.188004,89.23861194,0,true,64,64,20260813
64,64,2048,47,11,1,ikj,0.187893,89.2913307,0,true,64,64,20260813
64,64,2048,47,12,0,kij,0.187914,89.28135211,0,true,64,64,20260813
64,64,2048,47,12,1,ikj,0.188094,89.19591268,0,true,64,64,20260813
64,64,2048,47,13,0,kij,0.187954,89.26235143,0,true,64,64,20260813
64,64,2048,47,13,1,ikj,0.187824,89.32413323,0,true,64,64,20260813
64,64,2048,47,14,0,kij,0.187893,89.2913307,0,true,64,64,20260813
64,64,2048,47,14,1,ikj,0.187914,89.28135211,0,true,64,64,20260813
64,64,2048,47,15,0,ikj,0.188335,89.0817745,0,true,64,64,20260813
64,64,2048,47,15,1,kij,0.187904,89.28610354,0,true,64,64,20260813
64,64,2048,47,16,0,ikj,0.187954,89.26235143,0,true,64,64,20260813
64,64,2048,47,16,1,kij,0.201905,83.0946039,0,true,64,64,20260813
64,64,2048,47,17,0,ikj,0.188254,89.12010369,0,true,64,64,20260813
64,64,2048,47,17,1,kij,0.154414,108.6508736,0,true,64,64,20260813
64,64,2048,47,18,0,kij,0.150388,111.5595393,0,true,64,64,20260813
64,64,2048,47,18,1,ikj,0.150407,111.5454467,0,true,64,64,20260813
64,64,2048,47,19,0,ikj,0.150357,111.5825402,0,true,64,64,20260813
64,64,2048,47,19,1,kij,0.150317,111.6122328,0,true,64,64,20260813
64,64,8192,11,0,0,kij,0.300965,222.9789643,0,true,64,64,20260813
64,64,8192,11,0,1,ikj,0.300514,223.3136027,0,true,64,64,20260813
64,64,8192,11,1,0,kij,0.301155,222.8382859,0,true,64,64,20260813
64,64,8192,11,1,1,ikj,0.300674,223.1947691,0,true,64,64,20260813
64,64,8192,11,2,0,kij,0.301295,222.7347417,0,true,64,64,20260813
64,64,8192,11,2,1,ikj,0.301546,222.5493424,0,true,64,64,20260813
64,64,8192,11,3,0,kij,0.304299,220.5359334,0,true,64,64,20260813
64,64,8192,11,3,1,ikj,0.300905,223.023426,0,true,64,64,20260813
64,64,8192,11,4,0,kij,0.300704,223.1725019,0,true,64,64,20260813
64,64,8192,11,4,1,ikj,0.312282,214.8982778,0,true,64,64,20260813
64,64,8192,11,5,0,kij,0.300795,223.1049851,0,true,64,64,20260813
64,64,8192,11,5,1,ikj,0.301295,222.7347417,0,true,64,64,20260813
64,64,8192,11,6,0,ikj,0.301626,222.4903158,0,true,64,64,20260813
64,64,8192,11,6,1,kij,0.301124,222.8612266,0,true,64,64,20260813
64,64,8192,11,7,0,ikj,0.301896,222.2913321,0,true,64,64,20260813
64,64,8192,11,7,1,kij,0.300985,222.9641477,0,true,64,64,20260813
64,64,8192,11,8,0,ikj,0.300914,223.0167556,0,true,64,64,20260813
64,64,8192,11,8,1,kij,0.301115,222.8678877,0,true,64,64,20260813
64,64,8192,11,9,0,ikj,0.301145,222.8456856,0,true,64,64,20260813
64,64,8192,11,9,1,kij,0.301145,222.8456856,0,true,64,64,20260813
64,64,8192,11,10,0,ikj,0.301616,222.4976924,0,true,64,64,20260813
64,64,8192,11,10,1,kij,0.301084,222.8908345,0,true,64,64,20260813
64,64,8192,11,11,0,ikj,0.308526,217.5144526,0,true,64,64,20260813
64,64,8192,11,11,1,kij,0.301275,222.7495278,0,true,64,64,20260813
64,64,8192,11,12,0,kij,0.301256,222.7635765,0,true,64,64,20260813
64,64,8192,11,12,1,ikj,0.301636,222.4829397,0,true,64,64,20260813
64,64,8192,11,13,0,kij,0.301526,222.5641039,0,true,64,64,20260813
64,64,8192,11,13,1,ikj,0.301776,222.3797254,0,true,64,64,20260813
64,64,8192,11,14,0,kij,0.302336,221.9678239,0,true,64,64,20260813
64,64,8192,11,14,1,ikj,0.300954,222.9871143,0,true,64,64,20260813
64,64,8192,11,15,0,ikj,0.300814,223.0908934,0,true,64,64,20260813
64,64,8192,11,15,1,kij,0.301005,222.9493331,0,true,64,64,20260813
64,64,8192,11,16,0,kij,0.300825,223.0827358,0,true,64,64,20260813
64,64,8192,11,16,1,ikj,0.300894,223.0315792,0,true,64,64,20260813
64,64,8192,11,17,0,kij,0.301325,222.7125662,0,true,64,64,20260813
64,64,8192,11,17,1,ikj,0.307905,217.9531479,0,true,64,64,20260813
64,64,8192,11,18,0,kij,0.301125,222.8604865,0,true,64,64,20260813
64,64,8192,11,18,1,ikj,0.300774,223.1205623,0,true,64,64,20260813
64,64,8192,11,19,0,ikj,0.300754,223.1353997,0,true,64,64,20260813
64,64,8192,11,19,1,kij,0.300795,223.1049851,0,true,64,64,20260813
64,64,8192,29,0,0,ikj,0.300494,223.3284658,0,true,64,64,20260813
64,64,8192,29,0,1,kij,0.300845,223.0679054,0,true,64,64,20260813
64,64,8192,29,1,0,ikj,0.309838,216.593394,0,true,64,64,20260813
64,64,8192,29,1,1,kij,0.301155,222.8382859,0,true,64,64,20260813
64,64,8192,29,2,0,ikj,0.300414,223.387938,0,true,64,64,20260813
64,64,8192,29,2,1,kij,0.301305,222.7273494,0,true,64,64,20260813
64,64,8192,29,3,0,ikj,0.300523,223.3069149,0,true,64,64,20260813
64,64,8192,29,3,1,kij,0.300845,223.0679054,0,true,64,64,20260813
64,64,8192,29,4,0,kij,0.300825,223.0827358,0,true,64,64,20260813
64,64,8192,29,4,1,ikj,0.300744,223.1428191,0,true,64,64,20260813
64,64,8192,29,5,0,kij,0.301976,222.2324423,0,true,64,64,20260813
64,64,8192,29,5,1,ikj,0.300804,223.0983099,0,true,64,64,20260813
64,64,8192,29,6,0,ikj,0.300634,223.2244656,0,true,64,64,20260813
64,64,8192,29,6,1,kij,0.300875,223.0456635,0,true,64,64,20260813
64,64,8192,29,7,0,kij,0.301014,222.9426671,0,true,64,64,20260813
64,64,8192,29,7,1,ikj,0.306613,218.8715547,0,true,64,64,20260813
64,64,8192,29,8,0,kij,0.300704,223.1725019,0,true,64,64,20260813
64,64,8192,29,8,1,ikj,0.301656,222.4681889,0,true,64,64,20260813
64,64,8192,29,9,0,kij,0.301526,222.5641039,0,true,64,64,20260813
64,64,8192,29,9,1,ikj,0.300554,223.2838824,0,true,64,64,20260813
64,64,8192,29,10,0,kij,0.300534,223.2987416,0,true,64,64,20260813
64,64,8192,29,10,1,ikj,0.300534,223.2987416,0,true,64,64,20260813
64,64,8192,29,11,0,ikj,0.300635,223.2237231,0,true,64,64,20260813
64,64,8192,29,11,1,kij,0.300725,223.1569174,0,true,64,64,20260813
64,64,8192,29,12,0,kij,0.300614,223.2393169,0,true,64,64,20260813
64,64,8192,29,12,1,ikj,0.301175,222.823488,0,true,64,64,20260813
64,64,8192,29,13,0,kij,0.301125,222.8604865,0,true,64,64,20260813
64,64,8192,29,13,1,ikj,0.31064,216.0342004,0,true,64,64,20260813
64,64,8192,29,14,0,kij,0.300715,223.1643383,0,true,64,64,20260813
64,64,8192,29,14,1,ikj,0.300884,223.0389918,0,true,64,64,20260813
64,64,8192,29,15,0,kij,0.300614,223.2393169,0,true,64,64,20260813
64,64,8192,29,15,1,ikj,0.300674,223.1947691,0,true,64,64,20260813
64,64,8192,29,16,0,kij,0.301976,222.2324423,0,true,64,64,20260813
64,64,8192,29,16,1,ikj,0.300905,223.023426,0,true,64,64,20260813
64,64,8192,29,17,0,ikj,0.300624,223.231891,0,true,64,64,20260813
64,64,8192,29,17,1,kij,0.301025,222.9345204,0,true,64,64,20260813
64,64,8192,29,18,0,ikj,0.300824,223.0834774,0,true,64,64,20260813
64,64,8192,29,18,1,kij,0.300884,223.0389918,0,true,64,64,20260813
64,64,8192,29,19,0,kij,0.300664,223.2021925,0,true,64,64,20260813
64,64,8192,29,19,1,ikj,0.302096,222.1441661,0,true,64,64,20260813
64,64,8192,47,0,0,kij,0.300855,223.0604909,0,true,64,64,20260813
64,64,8192,47,0,1,ikj,0.301195,222.808692,0,true,64,64,20260813
64,64,8192,47,1,0,kij,0.300734,223.1502391,0,true,64,64,20260813
64,64,8192,47,1,1,ikj,0.300664,223.2021925,0,true,64,64,20260813
64,64,8192,47,2,0,ikj,0.300854,223.0612324,0,true,64,64,20260813
64,64,8192,47,2,1,kij,0.300915,223.0160145,0,true,64,64,20260813
64,64,8192,47,3,0,ikj,0.301215,222.793898,0,true,64,64,20260813
64,64,8192,47,3,1,kij,0.300944,222.9945239,0,true,64,64,20260813
64,64,8192,47,4,0,ikj,0.306763,218.7645316,0,true,64,64,20260813
64,64,8192,47,4,1,kij,0.300994,222.9574809,0,true,64,64,20260813
64,64,8192,47,5,0,kij,0.301385,222.6682283,0,true,64,64,20260813
64,64,8192,47,5,1,ikj,0.300965,222.9789643,0,true,64,64,20260813
64,64,8192,47,6,0,ikj,0.300945,222.9937829,0,true,64,64,20260813
64,64,8192,47,6,1,kij,0.300625,223.2311484,0,true,64,64,20260813
64,64,8192,47,7,0,ikj,0.300734,223.1502391,0,true,64,64,20260813
64,64,8192,47,7,1,kij,0.300845,223.0679054,0,true,64,64,20260813
64,64,8192,47,8,0,ikj,0.300765,223.1272389,0,true,64,64,20260813
64,64,8192,47,8,1,kij,0.300704,223.1725019,0,true,64,64,20260813
64,64,8192,47,9,0,kij,0.301575,222.5279416,0,true,64,64,20260813
64,64,8192,47,9,1,ikj,0.300955,222.9863734,0,true,64,64,20260813
64,64,8192,47,10,0,ikj,0.300774,223.1205623,0,true,64,64,20260813
64,64,8192,47,10,1,kij,0.308236,217.7190984,0,true,64,64,20260813
64,64,8192,47,11,0,ikj,0.300695,223.1791816,0,true,64,64,20260813
64,64,8192,47,11,1,kij,0.301084,222.8908345,0,true,64,64,20260813
64,64,8192,47,12,0,ikj,0.300785,223.1124025,0,true,64,64,20260813
64,64,8192,47,12,1,kij,0.300654,223.2096164,0,true,64,64,20260813
64,64,8192,47,13,0,ikj,0.301675,222.4541775,0,true,64,64,20260813
64,64,8192,47,13,1,kij,0.309788,216.6283523,0,true,64,64,20260813
64,64,8192,47,14,0,kij,0.300694,223.1799238,0,true,64,64,20260813
64,64,8192,47,14,1,ikj,0.300844,223.0686469,0,true,64,64,20260813
64,64,8192,47,15,0,kij,0.301115,222.8678877,0,true,64,64,20260813
64,64,8192,47,15,1,ikj,0.301004,222.9500738,0,true,64,64,20260813
64,64,8192,47,16,0,kij,0.300725,223.1569174,0,true,64,64,20260813
64,64,8192,47,16,1,ikj,0.301245,222.7717107,0,true,64,64,20260813
64,64,8192,47,17,0,ikj,0.307654,218.1309653,0,true,64,64,20260813
64,64,8192,47,17,1,kij,0.300734,223.1502391,0,true,64,64,20260813
64,64,8192,47,18,0,kij,0.300874,223.0464048,0,true,64,64,20260813
64,64,8192,47,18,1,ikj,0.300724,223.1576595,0,true,64,64,20260813
64,64,8192,47,19,0,kij,0.300854,223.0612324,0,true,64,64,20260813
64,64,8192,47,19,1,ikj,0.301065,222.9049009,0,true,64,64,20260813
64,64,16384,11,0,0,kij,0.60232,222.8345863,0,true,64,64,20260813
64,64,16384,11,0,1,ikj,0.60195,222.9715558,0,true,64,64,20260813
64,64,16384,11,1,0,ikj,0.60214,222.9011991,0,true,64,64,20260813
64,64,16384,11,1,1,kij,0.613887,218.6358858,0,true,64,64,20260813
64,64,16384,11,2,0,ikj,0.601218,223.24303,0,true,64,64,20260813
64,64,16384,11,2,1,kij,0.60258,222.738438,0,true,64,64,20260813
64,64,16384,11,3,0,ikj,0.601919,222.9830392,0,true,64,64,20260813
64,64,16384,11,3,1,kij,0.60214,222.9011991,0,true,64,64,20260813
64,64,16384,11,4,0,kij,0.60219,222.8826915,0,true,64,64,20260813
64,64,16384,11,4,1,ikj,0.609721,220.1297446,0,true,64,64,20260813
64,64,16384,11,5,0,kij,0.603111,222.5423313,0,true,64,64,20260813
64,64,16384,11,5,1,ikj,0.601639,223.0868145,0,true,64,64,20260813
64,64,16384,11,6,0,ikj,0.601589,223.105356,0,true,64,64,20260813
64,64,16384,11,6,1,kij,0.602069,222.9274851,0,true,64,64,20260813
64,64,16384,11,7,0,ikj,0.601949,222.9719262,0,true,64,64,20260813
64,64,16384,11,7,1,kij,0.60213,222.9049009,0,true,64,64,20260813
64,64,16384,11,8,0,kij,0.607768,220.8371089,0,true,64,64,20260813
64,64,16384,11,8,1,ikj,0.6021,222.9160073,0,true,64,64,20260813
64,64,16384,11,9,0,kij,0.601779,223.0349148,0,true,64,64,20260813
64,64,16384,11,9,1,ikj,0.601549,223.1201914,0,true,64,64,20260813
64,64,16384,11,10,0,kij,0.60227,222.8530858,0,true,64,64,20260813
64,64,16384,11,10,1,ikj,0.603492,222.4018347,0,true,64,64,20260813
64,64,16384,11,11,0,kij,0.611364,219.5381606,0,true,64,64,20260813
64,64,16384,11,11,1,ikj,0.601689,223.0682761,0,true,64,64,20260813
64,64,16384,11,12,0,kij,0.603141,222.5312622,0,true,64,64,20260813
64,64,16384,11,12,1,ikj,0.601819,223.0200908,0,true,64,64,20260813
64,64,16384,11,13,0,ikj,0.60208,222.9234122,0,true,64,64,20260813
64,64,16384,11,13,1,kij,0.60254,222.7532247,0,true,64,64,20260813
64,64,16384,11,14,0,ikj,0.602129,222.9052711,0,true,64,64,20260813
64,64,16384,11,14,1,kij,0.608229,220.669728,0,true,64,64,20260813
64,64,16384,11,15,0,kij,0.601649,223.0831066,0,true,64,64,20260813
64,64,16384,11,15,1,ikj,0.601899,222.9904486,0,true,64,64,20260813
64,64,16384,11,16,0,kij,0.601919,222.9830392,0,true,64,64,20260813
64,64,16384,11,16,1,ikj,0.601699,223.0645688,0,true,64,64,20260813
64,64,16384,11,17,0,ikj,0.601819,223.0200908,0,true,64,64,20260813
64,64,16384,11,17,1,kij,0.60941,220.2420833,0,true,64,64,20260813
64,64,16384,11,18,0,kij,0.60249,222.7717107,0,true,64,64,20260813
64,64,16384,11,18,1,ikj,0.601358,223.1910576,0,true,64,64,20260813
64,64,16384,11,19,0,ikj,0.601749,223.0460341,0,true,64,64,20260813
64,64,16384,11,19,1,kij,0.602109,222.9126753,0,true,64,64,20260813
64,64,16384,29,0,0,ikj,0.601538,223.1242715,0,true,64,64,20260813
64,64,16384,29,0,1,kij,0.601418,223.1687911,0,true,64,64,20260813
64,64,16384,29,1,0,kij,0.601078,223.2950266,0,true,64,64,20260813
64,64,16384,29,1,1,ikj,0.60886,220.4410341,0,true,64,64,20260813
64,64,16384,29,2,0,kij,0.601218,223.24303,0,true,64,64,20260813
64,64,16384,29,2,1,ikj,0.60237,222.8160898,0,true,64,64,20260813
64,64,16384,29,3,0,kij,0.601709,223.0608616,0,true,64,64,20260813
64,64,16384,29,3,1,ikj,0.60202,222.9456297,0,true,64,64,20260813
64,64,16384,29,4,0,kij,0.601769,223.0386211,0,true,64,64,20260813
64,64,16384,29,4,1,ikj,0.601659,223.0793988,0,true,64,64,20260813
64,64,16384,29,5,0,ikj,0.613606,218.7360098,0,true,64,64,20260813
64,64,16384,29,5,1,kij,0.601389,223.1795527,0,true,64,64,20260813
64,64,16384,29,6,0,ikj,0.601879,222.9978584,0,true,64,64,20260813
64,64,16384,29,6,1,kij,0.601299,223.2129573,0,true,64,64,20260813
64,64,16384,29,7,0,ikj,0.601578,223.1094355,0,true,64,64,20260813
64,64,16384,29,7,1,kij,0.601569,223.1127734,0,true,64,64,20260813
64,64,16384,29,8,0,ikj,0.606446,221.3185148,0,true,64,64,20260813
64,64,16384,29,8,1,kij,0.602891,222.6235389,0,true,64,64,20260813
64,64,16384,29,9,0,kij,0.601388,223.1799238,0,true,64,64,20260813
64,64,16384,29,9,1,ikj,0.601439,223.1609989,0,true,64,64,20260813
64,64,16384,29,10,0,ikj,0.601528,223.1279807,0,true,64,64,20260813
64,64,16384,29,10,1,kij,0.60244,222.7901999,0,true,64,64,20260813
64,64,16384,29,11,0,ikj,0.60198,222.9604439,0,true,64,64,20260813
64,64,16384,29,11,1,kij,0.608119,220.709644,0,true,64,64,20260813
64,64,16384,29,12,0,ikj,0.601639,223.0868145,0,true,64,64,20260813
64,64,16384,29,12,1,kij,0.602801,222.6567773,0,true,64,64,20260813
64,64,16384,29,13,0,ikj,0.601959,222.9682221,0,true,64,64,20260813
64,64,16384,29,13,1,kij,0.601829,223.0163851,0,true,64,64,20260813
64,64,16384,29,14,0,ikj,0.602359,222.8201587,0,true,64,64,20260813
64,64,16384,29,14,1,kij,0.607969,220.7640982,0,true,64,64,20260813
64,64,16384,29,15,0,ikj,0.601659,223.0793988,0,true,64,64,20260813
64,64,16384,29,15,1,kij,0.601688,223.0686469,0,true,64,64,20260813
64,64,16384,29,16,0,ikj,0.60204,222.9382234,0,true,64,64,20260813
64,64,16384,29,16,1,kij,0.603061,222.5607824,0,true,64,64,20260813
64,64,16384,29,17,0,ikj,0.601529,223.1276098,0,true,64,64,20260813
64,64,16384,29,17,1,kij,0.601458,223.1539492,0,true,64,64,20260813
64,64,16384,29,18,0,ikj,0.608149,220.6987564,0,true,64,64,20260813
64,64,16384,29,18,1,kij,0.60248,222.7754083,0,true,64,64,20260813
64,64,16384,29,19,0,kij,0.601429,223.1647094,0,true,64,64,20260813
64,64,16384,29,19,1,ikj,0.601349,223.1943979,0,true,64,64,20260813
64,64,16384,47,0,0,kij,0.601949,222.9719262,0,true,64,64,20260813
64,64,16384,47,0,1,ikj,0.601299,223.2129573,0,true,64,64,20260813
64,64,16384,47,1,0,kij,0.60279,222.6608404,0,true,64,64,20260813
64,64,16384,47,1,1,ikj,0.601499,223.1387384,0,true,64,64,20260813
64,64,16384,47,2,0,kij,0.607107,221.0775498,0,true,64,64,20260813
64,64,16384,47,2,1,ikj,0.601889,222.9941534,0,true,64,64,20260813
64,64,16384,47,3,0,ikj,0.60227,222.8530858,0,true,64,64,20260813
64,64,16384,47,3,1,kij,0.601959,222.9682221,0,true,64,64,20260813
64,64,16384,47,4,0,kij,0.601559,223.1164823,0,true,64,64,20260813
64,64,16384,47,4,1,ikj,0.601088,223.2913118,0,true,64,64,20260813
64,64,16384,47,5,0,kij,0.601399,223.1758417,0,true,64,64,20260813
64,64,16384,47,5,1,ikj,0.601498,223.1391094,0,true,64,64,20260813
64,64,16384,47,6,0,kij,0.602601,222.7306759,0,true,64,64,20260813
64,64,16384,47,6,1,ikj,0.601408,223.1725019,0,true,64,64,20260813
64,64,16384,47,7,0,ikj,0.601369,223.1869751,0,true,64,64,20260813
64,64,16384,47,7,1,kij,0.60221,222.8752894,0,true,64,64,20260813
64,64,16384,47,8,0,kij,0.601478,223.1465291,0,true,64,64,20260813
64,64,16384,47,8,1,ikj,0.610803,219.7397983,0,true,64,64,20260813
64,64,16384,47,9,0,ikj,0.601479,223.1461581,0,true,64,64,20260813
64,64,16384,47,9,1,kij,0.601468,223.1502391,0,true,64,64,20260813
64,64,16384,47,10,0,ikj,0.602079,222.9237824,0,true,64,64,20260813
64,64,16384,47,10,1,kij,0.60206,222.9308175,0,true,64,64,20260813
64,64,16384,47,11,0,kij,0.601929,222.9793348,0,true,64,64,20260813
64,64,16384,47,11,1,ikj,0.607468,220.94617,0,true,64,64,20260813
64,64,16384,47,12,0,kij,0.601538,223.1242715,0,true,64,64,20260813
64,64,16384,47,12,1,ikj,0.601008,223.321034,0,true,64,64,20260813
64,64,16384,47,13,0,ikj,0.601689,223.0682761,0,true,64,64,20260813
64,64,16384,47,13,1,kij,0.603192,222.5124471,0,true,64,64,20260813
64,64,16384,47,14,0,kij,0.601108,223.2838824,0,true,64,64,20260813
64,64,16384,47,14,1,ikj,0.601869,223.0015635,0,true,64,64,20260813
64,64,16384,47,15,0,kij,0.608409,220.6044421,0,true,64,64,20260813
64,64,16384,47,15,1,ikj,0.601378,223.1836349,0,true,64,64,20260813
64,64,16384,47,16,0,kij,0.600978,223.3321819,0,true,64,64,20260813
64,64,16384,47,16,1,ikj,0.601388,223.1799238,0,true,64,64,20260813
64,64,16384,47,17,0,kij,0.601198,223.2504566,0,true,64,64,20260813
64,64,16384,47,17,1,ikj,0.601198,223.2504566,0,true,64,64,20260813
64,64,16384,47,18,0,kij,0.606486,221.303918,0,true,64,64,20260813
64,64,16384,47,18,1,ikj,0.600928,223.3507642,0,true,64,64,20260813
64,64,16384,47,19,0,kij,0.601188,223.2541701,0,true,64,64,20260813
64,64,16384,47,19,1,ikj,0.601328,223.2021925,0,true,64,64,20260813
64,128,2048,11,0,0,ikj,0.150597,222.8094318,0,true,64,64,20260813
64,128,2048,11,0,1,kij,0.150968,222.2618833,0,true,64,64,20260813
64,128,2048,11,1,0,kij,0.150918,222.33552,0,true,64,64,20260813
64,128,2048,11,1,1,ikj,0.150888,222.3797254,0,true,64,64,20260813
64,128,2048,11,2,0,kij,0.150677,222.691134,0,true,64,64,20260813
64,128,2048,11,2,1,ikj,0.150527,222.9130455,0,true,64,64,20260813
64,128,2048,11,3,0,kij,0.151139,222.0104143,0,true,64,64,20260813
64,128,2048,11,3,1,ikj,0.150558,222.8671475,0,true,64,64,20260813
64,128,2048,11,4,0,kij,0.151108,222.05596,0,true,64,64,20260813
64,128,2048,11,4,1,ikj,0.151119,222.0397965,0,true,64,64,20260813
64,128,2048,11,5,0,kij,0.150968,222.2618833,0,true,64,64,20260813
64,128,2048,11,5,1,ikj,0.150638,222.7487885,0,true,64,64,20260813
64,128,2048,11,6,0,kij,0.150998,222.2177247,0,true,64,64,20260813
64,128,2048,11,6,1,ikj,0.150648,222.7340024,0,true,64,64,20260813
64,128,2048,11,7,0,ikj,0.150728,222.6157847,0,true,64,64,20260813
64,128,2048,11,7,1,kij,0.151269,221.8196194,0,true,64,64,20260813
64,128,2048,11,8,0,ikj,0.151008,222.2030091,0,true,64,64,20260813
64,128,2048,11,8,1,kij,0.150978,222.2471618,0,true,64,64,20260813
64,128,2048,11,9,0,ikj,0.150637,222.7502672,0,true,64,64,20260813
64,128,2048,11,9,1,kij,0.151018,222.1882954,0,true,64,64,20260813
64,128,2048,11,10,0,ikj,0.156617,214.2451458,0,true,64,64,20260813
64,128,2048,11,10,1,kij,0.150948,222.2913321,0,true,64,64,20260813
64,128,2048,11,11,0,kij,0.151629,221.2929717,0,true,64,64,20260813
64,128,2048,11,11,1,ikj,0.150918,222.33552,0,true,64,64,20260813
64,128,2048,11,12,0,kij,0.150707,222.6468047,0,true,64,64,20260813
64,128,2048,11,12,1,ikj,0.150918,222.33552,0,true,64,64,20260813
64,128,2048,11,13,0,ikj,0.151058,222.1294602,0,true,64,64,20260813
64,128,2048,11,13,1,kij,0.151209,221.9076378,0,true,64,64,20260813
64,128,2048,11,14,0,kij,0.151088,222.0853542,0,true,64,64,20260813
64,128,2048,11,14,1,ikj,0.150817,222.4844149,0,true,64,64,20260813
64,128,2048,11,15,0,kij,0.150877,222.3959384,0,true,64,64,20260813
64,128,2048,11,15,1,ikj,0.150777,222.5434383,0,true,64,64,20260813
64,128,2048,11,16,0,kij,0.150978,222.2471618,0,true,64,64,20260813
64,128,2048,11,16,1,ikj,0.150898,222.3649883,0,true,64,64,20260813
64,128,2048,11,17,0,ikj,0.151198,221.9237821,0,true,64,64,20260813
64,128,2048,11,17,1,kij,0.151099,222.0691864,0,true,64,64,20260813
64,128,2048,11,18,0,ikj,0.150698,222.6601017,0,true,64,64,20260813
64,128,2048,11,18,1,kij,0.150908,222.3502531,0,true,64,64,20260813
64,128,2048,11,19,0,ikj,0.150908,222.3502531,0,true,64,64,20260813
64,128,2048,11,19,1,kij,0.150928,222.3207887,0,true,64,64,20260813
64,128,2048,29,0,0,kij,0.151188,221.9384607,0,true,64,64,20260813
64,128,2048,29,0,1,ikj,0.150758,222.5714854,0,true,64,64,20260813
64,128,2048,29,1,0,kij,0.151519,221.4536263,0,true,64,64,20260813
64,128,2048,29,1,1,ikj,0.150698,222.6601017,0,true,64,64,20260813
64,128,2048,29,2,0,kij,0.151088,222.0853542,0,true,64,64,20260813
64,128,2048,29,2,1,ikj,0.150827,222.4696639,0,true,64,64,20260813
64,128,2048,29,3,0,kij,0.150969,222.2604111,0,true,64,64,20260813
64,128,2048,29,3,1,ikj,0.150918,222.33552,0,true,64,64,20260813
64,128,2048,29,4,0,kij,0.151078,222.1000543,0,true,64,64,20260813
64,128,2048,29,4,1,ikj,0.150858,222.4239483,0,true,64,64,20260813
64,128,2048,29,5,0,ikj,0.150988,222.2324423,0,true,64,64,20260813
64,128,2048,29,5,1,kij,0.151219,221.8929632,0,true,64,64,20260813
64,128,2048,29,6,0,ikj,0.150597,222.8094318,0,true,64,64,20260813
64,128,2048,29,6,1,kij,0.151298,221.7771021,0,true,64,64,20260813
64,128,2048,29,7,0,kij,0.15893,211.1271126,0,true,64,64,20260813
64,128,2048,29,7,1,ikj,0.150828,222.4681889,0,true,64,64,20260813
64,128,2048,29,8,0,kij,0.150647,222.735481,0,true,64,64,20260813
64,128,2048,29,8,1,ikj,0.151028,222.1735837,0,true,64,64,20260813
64,128,2048,29,9,0,kij,0.150687,222.6763556,0,true,64,64,20260813
64,128,2048,29,9,1,ikj,0.150848,222.4386933,0,true,64,64,20260813
64,128,2048,29,10,0,ikj,0.151118,222.0412658,0,true,64,64,20260813
64,128,2048,29,10,1,kij,0.150988,222.2324423,0,true,64,64,20260813
64,128,2048,29,11,0,kij,0.151259,221.8342842,0,true,64,64,20260813
64,128,2048,29,11,1,ikj,0.150878,222.3944644,0,true,64,64,20260813
64,128,2048,29,12,0,kij,0.151108,222.05596,0,true,64,64,20260813
64,128,2048,29,12,1,ikj,0.150678,222.6896561,0,true,64,64,20260813
64,128,2048,29,13,0,kij,0.150958,222.2766067,0,true,64,64,20260813
64,128,2048,29,13,1,ikj,0.150748,222.5862499,0,true,64,64,20260813
64,128,2048,29,14,0,kij,0.150768,222.5567229,0,true,64,64,20260813
64,128,2048,29,14,1,ikj,0.151379,221.6584335,0,true,64,64,20260813
64,128,2048,29,15,0,kij,0.151028,222.1735837,0,true,64,64,20260813
64,128,2048,29,15,1,ikj,0.150858,222.4239483,0,true,64,64,20260813
64,128,2048,29,16,0,kij,0.150698,222.6601017,0,true,64,64,20260813
64,128,2048,29,16,1,ikj,0.150798,222.5124471,0,true,64,64,20260813
64,128,2048,29,17,0,kij,0.151078,222.1000543,0,true,64,64,20260813
64,128,2048,29,17,1,ikj,0.150767,222.5581991,0,true,64,64,20260813
64,128,2048,29,18,0,ikj,0.157317,213.2918375,0,true,64,64,20260813
64,128,2048,29,18,1,kij,0.150878,222.3944644,0,true,64,64,20260813
64,128,2048,29,19,0,ikj,0.150467,223.001934,0,true,64,64,20260813
64,128,2048,29,19,1,kij,0.151088,222.0853542,0,true,64,64,20260813
64,128,2048,47,0,0,kij,0.151019,222.1868242,0,true,64,64,20260813
64,128,2048,47,0,1,ikj,0.150758,222.5714854,0,true,64,64,20260813
64,128,2048,47,1,0,kij,0.151139,222.0104143,0,true,64,64,20260813
64,128,2048,47,1,1,ikj,0.150758,222.5714854,0,true,64,64,20260813
64,128,2048,47,2,0,kij,0.151218,221.8944306,0,true,64,64,20260813
64,128,2048,47,2,1,ikj,0.150737,222.6024931,0,true,64,64,20260813
64,128,2048,47,3,0,kij,0.151359,221.6877226,0,true,64,64,20260813
64,128,2048,47,3,1,ikj,0.150908,222.3502531,0,true,64,64,20260813
64,128,2048,47,4,0,ikj,0.157518,213.0196676,0,true,64,64,20260813
64,128,2048,47,4,1,kij,0.151098,222.0706561,0,true,64,64,20260813
64,128,2048,47,5,0,ikj,0.150708,222.6453274,0,true,64,64,20260813
64,128,2048,47,5,1,kij,0.150908,222.3502531,0,true,64,64,20260813
64,128,2048,47,6,0,ikj,0.150888,222.3797254,0,true,64,64,20260813
64,128,2048,47,6,1,kij,0.151268,221.8210858,0,true,64,64,20260813
64,128,2048,47,7,0,ikj,0.150728,222.6157847,0,true,64,64,20260813
64,128,2048,47,7,1,kij,0.150868,222.4092054,0,true,64,64,20260813
64,128,2048,47,8,0,kij,0.151058,222.1294602,0,true,64,64,20260813
64,128,2048,47,8,1,ikj,0.150667,222.7059144,0,true,64,64,20260813
64,128,2048,47,9,0,ikj,0.150948,222.2913321,0,true,64,64,20260813
64,128,2048,47,9,1,kij,0.151368,221.6745415,0,true,64,64,20260813
64,128,2048,47,10,0,kij,0.150948,222.2913321,0,true,64,64,20260813
64,128,2048,47,10,1,ikj,0.150568,222.8523458,0,true,64,64,20260813
64,128,2048,47,11,0,kij,0.150938,222.3060594,0,true,64,64,20260813
64,128,2048,47,11,1,ikj,0.151269,221.8196194,0,true,64,64,20260813
64,128,2048,47,12,0,kij,0.151269,221.8196194,0,true,64,64,20260813
64,128,2048,47,12,1,ikj,0.150727,222.6172617,0,true,64,64,20260813
64,128,2048,47,13,0,ikj,0.150758,222.5714854,0,true,64,64,20260813
64,128,2048,47,13,1,kij,0.150969,222.2604111,0,true,64,64,20260813
64,128,2048,47,14,0,kij,0.150788,222.5272038,0,true,64,64,20260813
64,128,2048,47,14,1,ikj,0.150698,222.6601017,0,true,64,64,20260813
64,128,2048,47,15,0,ikj,0.156126,214.9189245,0,true,64,64,20260813
64,128,2048,47,15,1,kij,0.150998,222.2177247,0,true,64,64,20260813
64,128,2048,47,16,0,kij,0.151098,222.0706561,0,true,64,64,20260813
64,128,2048,47,16,1,ikj,0.150858,222.4239483,0,true,64,64,20260813
64,128,2048,47,17,0,kij,0.150757,222.5729618,0,true,64,64,20260813
64,128,2048,47,17,1,ikj,0.150788,222.5272038,0,true,64,64,20260813
64,128,2048,47,18,0,ikj,0.151109,222.0544905,0,true,64,64,20260813
64,128,2048,47,18,1,kij,0.151238,221.8650868,0,true,64,64,20260813
64,128,2048,47,19,0,ikj,0.150678,222.6896561,0,true,64,64,20260813
64,128,2048,47,19,1,kij,0.150818,222.4829397,0,true,64,64,20260813
64,128,8192,11,0,0,ikj,0.602891,222.6235389,0,true,64,64,20260813
64,128,8192,11,0,1,kij,0.604283,222.110713,0,true,64,64,20260813
64,128,8192,11,1,0,kij,0.611874,219.3551744,0,true,64,64,20260813
64,128,8192,11,1,1,ikj,0.603171,222.5201941,0,true,64,64,20260813
64,128,8192,11,2,0,kij,0.604783,221.9270846,0,true,64,64,20260813
64,128,8192,11,2,1,ikj,0.603372,222.4460664,0,true,64,64,20260813
64,128,8192,11,3,0,kij,0.604644,221.9781028,0,true,64,64,20260813
64,128,8192,11,3,1,ikj,0.603441,222.420631,0,true,64,64,20260813
64,128,8192,11,4,0,ikj,0.603912,222.2471618,0,true,64,64,20260813
64,128,8192,11,4,1,kij,0.611844,219.3659299,0,true,64,64,20260813
64,128,8192,11,5,0,kij,0.605205,221.7723383,0,true,64,64,20260813
64,128,8192,11,5,1,ikj,0.603472,222.4092054,0,true,64,64,20260813
64,128,8192,11,6,0,ikj,0.603913,222.2467938,0,true,64,64,20260813
64,128,8192,11,6,1,kij,0.604704,221.9560777,0,true,64,64,20260813
64,128,8192,11,7,0,ikj,0.603562,222.3760409,0,true,64,64,20260813
64,128,8192,11,7,1,kij,0.616932,217.5567615,0,true,64,64,20260813
64,128,8192,11,8,0,ikj,0.603622,222.3539367,0,true,64,64,20260813
64,128,8192,11,8,1,kij,0.604914,221.8790241,0,true,64,64,20260813
64,128,8192,11,9,0,kij,0.605174,221.7836986,0,true,64,64,20260813
64,128,8192,11,9,1,ikj,0.602891,222.6235389,0,true,64,64,20260813
64,128,8192,11,10,0,ikj,0.603722,222.3171062,0,true,64,64,20260813
64,128,8192,11,10,1,kij,0.610002,220.0283409,0,true,64,64,20260813
64,128,8192,11,11,0,kij,0.604904,221.8826921,0,true,64,64,20260813
64,128,8192,11,11,1,ikj,0.603271,222.4833085,0,true,64,64,20260813
64,128,8192,11,12,0,kij,0.604864,221.8973654,0,true,64,64,20260813
64,128,8192,11,12,1,ikj,0.603772,222.2986955,0,true,64,64,20260813
64,128,8192,11,13,0,kij,0.604784,221.9267176,0,true,64,64,20260813
64,128,8192,11,13,1,ikj,0.603973,222.2247153,0,true,64,64,20260813
64,128,8192,11,14,0,ikj,0.607428,220.9607196,0,true,64,64,20260813
64,128,8192,11,14,1,kij,0.604714,221.9524073,0,true,64,64,20260813
64,128,8192,11,15,0,kij,0.605776,221.5632973,0,true,64,64,20260813
64,128,8192,11,15,1,ikj,0.603382,222.4423798,0,true,64,64,20260813
64,128,8192,11,16,0,ikj,0.603401,222.4353755,0,true,64,64,20260813
64,128,8192,11,16,1,kij,0.604723,221.949104,0,true,64,64,20260813
64,128,8192,11,17,0,ikj,0.610412,219.8805528,0,true,64,64,20260813
64,128,8192,11,17,1,kij,0.604393,222.0702887,0,true,64,64,20260813
64,128,8192,11,18,0,kij,0.605325,221.728374,0,true,64,64,20260813
64,128,8192,11,18,1,ikj,0.603572,222.3723566,0,true,64,64,20260813
64,128,8192,11,19,0,ikj,0.604242,222.125784,0,true,64,64,20260813
64,128,8192,11,19,1,kij,0.605274,221.7470567,0,true,64,64,20260813
64,128,8192,29,0,0,ikj,0.604633,221.9821412,0,true,64,64,20260813
64,128,8192,29,0,1,kij,0.606236,221.3951794,0,true,64,64,20260813
64,128,8192,29,1,0,kij,0.605475,221.6734432,0,true,64,64,20260813
64,128,8192,29,1,1,ikj,0.604733,221.9454338,0,true,64,64,20260813
64,128,8192,29,2,0,ikj,0.611844,219.3659299,0,true,64,64,20260813
64,128,8192,29,2,1,kij,0.605795,221.5563483,0,true,64,64,20260813
64,128,8192,29,3,0,kij,0.605704,221.5896345,0,true,64,64,20260813
64,128,8192,29,3,1,ikj,0.604944,221.8680208,0,true,64,64,20260813
64,128,8192,29,4,0,kij,0.605765,221.5673207,0,true,64,64,20260813
64,128,8192,29,4,1,ikj,0.604563,222.0078437,0,true,64,64,20260813
64,128,8192,29,5,0,ikj,0.611374,219.5345697,0,true,64,64,20260813
64,128,8192,29,5,1,kij,0.605354,221.7177519,0,true,64,64,20260813
64,128,8192,29,6,0,kij,0.605244,221.758048,0,true,64,64,20260813
64,128,8192,29,6,1,ikj,0.604414,222.062573,0,true,64,64,20260813
64,128,8192,29,7,0,kij,0.606887,221.1576916,0,true,64,64,20260813
64,128,8192,29,7,1,ikj,0.604813,221.9160765,0,true,64,64,20260813
64,128,8192,29,8,0,ikj,0.604223,222.1327689,0,true,64,64,20260813
64,128,8192,29,8,1,kij,0.610743,219.7613857,0,true,64,64,20260813
64,128,8192,29,9,0,kij,0.605634,221.6152462,0,true,64,64,20260813
64,128,8192,29,9,1,ikj,0.603972,222.2250833,0,true,64,64,20260813
64,128,8192,29,10,0,ikj,0.604243,222.1254164,0,true,64,64,20260813
64,128,8192,29,10,1,kij,0.606286,221.3769211,0,true,64,64,20260813
64,128,8192,29,11,0,kij,0.607618,220.891626,0,true,64,64,20260813
64,128,8192,29,11,1,ikj,0.609811,220.0972564,0,true,64,64,20260813
64,128,8192,29,12,0,ikj,0.605174,221.7836986,0,true,64,64,20260813
64,128,8192,29,12,1,kij,0.606987,221.1212563,0,true,64,64,20260813
64,128,8192,29,13,0,kij,0.606446,221.3185148,0,true,64,64,20260813
64,128,8192,29,13,1,ikj,0.605004,221.8460175,0,true,64,64,20260813
64,128,8192,29,14,0,ikj,0.603732,222.3134238,0,true,64,64,20260813
64,128,8192,29,14,1,kij,0.611504,219.4878987,0,true,64,64,20260813
64,128,8192,29,15,0,ikj,0.604362,222.0816795,0,true,64,64,20260813
64,128,8192,29,15,1,kij,0.605024,221.8386841,0,true,64,64,20260813
64,128,8192,29,16,0,kij,0.605715,221.5856104,0,true,64,64,20260813
64,128,8192,29,16,1,ikj,0.604724,221.9487369,0,true,64,64,20260813
64,128,8192,29,17,0,ikj,0.604223,222.1327689,0,true,64,64,20260813
64,128,8192,29,17,1,kij,0.606076,221.4536263,0,true,64,64,20260813
64,128,8192,29,18,0,kij,0.610853,219.721812,0,true,64,64,20260813
64,128,8192,29,18,1,ikj,0.604333,222.0923365,0,true,64,64,20260813
64,128,8192,29,19,0,kij,0.605955,221.4978472,0,true,64,64,20260813
64,128,8192,29,19,1,ikj,0.604583,222.0004995,0,true,64,64,20260813
64,128,8192,47,0,0,kij,0.612315,219.197191,0,true,64,64,20260813
64,128,8192,47,0,1,ikj,0.604183,222.1474752,0,true,64,64,20260813
64,128,8192,47,1,0,ikj,0.604023,222.20632,0,true,64,64,20260813
64,128,8192,47,1,1,kij,0.604994,221.8496845,0,true,64,64,20260813
64,128,8192,47,2,0,ikj,0.603712,222.3207887,0,true,64,64,20260813
64,128,8192,47,2,1,kij,0.604403,222.0666145,0,true,64,64,20260813
64,128,8192,47,3,0,kij,0.611945,219.3297241,0,true,64,64,20260813
64,128,8192,47,3,1,ikj,0.603412,222.4313206,0,true,64,64,20260813
64,128,8192,47,4,0,ikj,0.60278,222.6645343,0,true,64,64,20260813
64,128,8192,47,4,1,kij,0.604533,222.0188608,0,true,64,64,20260813
64,128,8192,47,5,0,ikj,0.603943,222.235754,0,true,64,64,20260813
64,128,8192,47,5,1,kij,0.604614,221.989117,0,true,64,64,20260813
64,128,8192,47,6,0,kij,0.619736,216.5724244,0,true,64,64,20260813
64,128,8192,47,6,1,ikj,0.603482,222.40552,0,true,64,64,20260813
64,128,8192,47,7,0,ikj,0.603391,222.4390619,0,true,64,64,20260813
64,128,8192,47,7,1,kij,0.604573,222.0041715,0,true,64,64,20260813
64,128,8192,47,8,0,ikj,0.603873,222.2615153,0,true,64,64,20260813
64,128,8192,47,8,1,kij,0.604764,221.9340569,0,true,64,64,20260813
64,128,8192,47,9,0,kij,0.604914,221.8790241,0,true,64,64,20260813
64,128,8192,47,9,1,ikj,0.608069,220.7277924,0,true,64,64,20260813
64,128,8192,47,10,0,kij,0.605624,221.6189055,0,true,64,64,20260813
64,128,8192,47,10,1,ikj,0.603391,222.4390619,0,true,64,64,20260813
64,128,8192,47,11,0,kij,0.604313,222.0996868,0,true,64,64,20260813
64,128,8192,47,11,1,ikj,0.603591,222.3653567,0,true,64,64,20260813
64,128,8192,47,12,0,ikj,0.603912,222.2471618,0,true,64,64,20260813
64,128,8192,47,12,1,kij,0.610843,219.725409,0,true,64,64,20260813
64,128,8192,47,13,0,ikj,0.603532,222.3870946,0,true,64,64,20260813
64,128,8192,47,13,1,kij,0.605955,221.4978472,0,true,64,64,20260813
64,128,8192,47,14,0,ikj,0.603541,222.3837784,0,true,64,64,20260813
64,128,8192,47,14,1,kij,0.605485,221.6697821,0,true,64,64,20260813
64,128,8192,47,15,0,kij,0.604753,221.9380937,0,true,64,64,20260813
64,128,8192,47,15,1,ikj,0.610322,219.9129771,0,true,64,64,20260813
64,128,8192,47,16,0,ikj,0.60288,222.6276008,0,true,64,64,20260813
64,128,8192,47,16,1,kij,0.604914,221.8790241,0,true,64,64,20260813
64,128,8192,47,17,0,kij,0.604523,222.0225335,0,true,64,64,20260813
64,128,8192,47,17,1,ikj,0.603491,222.4022032,0,true,64,64,20260813
64,128,8192,47,18,0,kij,0.603983,222.221036,0,true,64,64,20260813
64,128,8192,47,18,1,ikj,0.603582,222.3686724,0,true,64,64,20260813
64,128,8192,47,19,0,kij,0.609982,220.0355551,0,true,64,64,20260813
64,128,8192,47,19,1,ikj,0.603702,222.3244713,0,true,64,64,20260813
64,128,16384,11,0,0,ikj,1.209157,222.0021519,0,true,64,64,20260813
64,128,16384,11,0,1,kij,1.208085,222.1991466,0,true,64,64,20260813
64,128,16384,11,1,0,kij,1.209116,222.0096798,0,true,64,64,20260813
64,128,16384,11,1,1,ikj,1.217499,220.4810484,0,true,64,64,20260813
64,128,16384,11,2,0,kij,1.208886,222.0519189,0,true,64,64,20260813
64,128,16384,11,2,1,ikj,1.208906,222.0482453,0,true,64,64,20260813
64,128,16384,11,3,0,ikj,1.215166,220.9043505,0,true,64,64,20260813
64,128,16384,11,3,1,kij,1.208375,222.1458206,0,true,64,64,20260813
64,128,16384,11,4,0,ikj,1.208676,222.090499,0,true,64,64,20260813
64,128,16384,11,4,1,kij,1.216538,220.6552167,0,true,64,64,20260813
64,128,16384,11,5,0,ikj,1.208005,222.2138617,0,true,64,64,20260813
64,128,16384,11,5,1,kij,1.208206,222.1768937,0,true,64,64,20260813
64,128,16384,11,6,0,ikj,1.213243,221.2544857,0,true,64,64,20260813
64,128,16384,11,6,1,kij,1.208786,222.0702887,0,true,64,64,20260813
64,128,16384,11,7,0,ikj,1.207955,222.2230596,0,true,64,64,20260813
64,128,16384,11,7,1,kij,1.210188,221.8130208,0,true,64,64,20260813
64,128,16384,11,8,0,ikj,1.216277,220.7025669,0,true,64,64,20260813
64,128,16384,11,8,1,kij,1.209387,221.9599318,0,true,64,64,20260813
64,128,16384,11,9,0,ikj,1.209137,222.005824,0,true,64,64,20260813
64,128,16384,11,9,1,kij,1.213943,221.126903,0,true,64,64,20260813
64,128,16384,11,10,0,kij,1.207965,222.22122,0,true,64,64,20260813
64,128,16384,11,10,1,ikj,1.211009,221.6626433,0,true,64,64,20260813
64,128,16384,11,11,0,ikj,1.214745,220.9809104,0,true,64,64,20260813
64,128,16384,11,11,1,kij,1.207745,222.2616993,0,true,64,64,20260813
64,128,16384,11,12,0,kij,1.208146,222.1879276,0,true,64,64,20260813
64,128,16384,11,12,1,ikj,1.214395,221.0445992,0,true,64,64,20260813
64,128,16384,11,13,0,kij,1.209907,221.8645367,0,true,64,64,20260813
64,128,16384,11,13,1,ikj,1.208826,222.0629404,0,true,64,64,20260813
64,128,16384,11,14,0,kij,1.215596,220.8262087,0,true,64,64,20260813
64,128,16384,11,14,1,ikj,1.207704,222.2692448,0,true,64,64,20260813
64,128,16384,11,15,0,kij,1.211029,221.6589826,0,true,64,64,20260813
64,128,16384,11,15,1,ikj,1.208095,222.1973073,0,true,64,64,20260813
64,128,16384,11,16,0,kij,1.216407,220.67898,0,true,64,64,20260813
64,128,16384,11,16,1,ikj,1.208456,222.1309307,0,true,64,64,20260813
64,128,16384,11,17,0,kij,1.208005,222.2138617,0,true,64,64,20260813
64,128,16384,11,17,1,ikj,1.213193,221.2636044,0,true,64,64,20260813
64,128,16384,11,18,0,kij,1.208786,222.0702887,0,true,64,64,20260813
64,128,16384,11,18,1,ikj,1.208285,222.1623673,0,true,64,64,20260813
64,128,16384,11,19,0,ikj,1.21792,220.4048345,0,true,64,64,20260813
64,128,16384,11,19,1,kij,1.208496,222.1235784,0,true,64,64,20260813
64,128,16384,29,0,0,kij,1.20522,222.7273494,0,true,64,64,20260813
64,128,16384,29,0,1,ikj,1.203478,223.0497408,0,true,64,64,20260813
64,128,16384,29,1,0,kij,1.209417,221.954426,0,true,64,64,20260813
64,128,16384,29,1,1,ikj,1.203368,223.0701298,0,true,64,64,20260813
64,128,16384,29,2,0,ikj,1.204659,222.8310717,0,true,64,64,20260813
64,128,16384,29,2,1,kij,1.209017,222.027859,0,true,64,64,20260813
64,128,16384,29,3,0,kij,1.206012,222.5810821,0,true,64,64,20260813
64,128,16384,29,3,1,ikj,1.203978,222.9571105,0,true,64,64,20260813
64,128,16384,29,4,0,ikj,1.203368,223.0701298,0,true,64,64,20260813
64,128,16384,29,4,1,kij,1.209777,221.8883778,0,true,64,64,20260813
64,128,16384,29,5,0,ikj,1.20486,222.793898,0,true,64,64,20260813
64,128,16384,29,5,1,kij,1.204299,222.8976824,0,true,64,64,20260813
64,128,16384,29,6,0,kij,1.21818,220.3577928,0,true,64,64,20260813
64,128,16384,29,6,1,ikj,1.202867,223.1630396,0,true,64,64,20260813
64,128,16384,29,7,0,ikj,1.203699,223.0087887,0,true,64,64,20260813
64,128,16384,29,7,1,kij,1.215116,220.9134404,0,true,64,64,20260813
64,128,16384,29,8,0,kij,1.20486,222.793898,0,true,64,64,20260813
64,128,16384,29,8,1,ikj,1.203798,222.9904486,0,true,64,64,20260813
64,128,16384,29,9,0,kij,1.209998,221.847851,0,true,64,64,20260813
64,128,16384,29,9,1,ikj,1.203398,223.0645688,0,true,64,64,20260813
64,128,16384,29,10,0,ikj,1.202697,223.1945835,0,true,64,64,20260813
64,128,16384,29,10,1,kij,1.203949,222.962481,0,true,64,64,20260813
64,128,16384,29,11,0,ikj,1.209107,222.0113323,0,true,64,64,20260813
64,128,16384,29,11,1,kij,1.203609,223.0254642,0,true,64,64,20260813
64,128,16384,29,12,0,kij,1.203498,223.0460341,0,true,64,64,20260813
64,128,16384,29,12,1,ikj,1.208195,222.1789165,0,true,64,64,20260813
64,128,16384,29,13,0,ikj,1.202696,223.1947691,0,true,64,64,20260813
64,128,16384,29,13,1,kij,1.203007,223.137069,0,true,64,64,20260813
64,128,16384,29,14,0,kij,1.212722,221.3495393,0,true,64,64,20260813
64,128,16384,29,14,1,ikj,1.202827,223.1704609,0,true,64,64,20260813
64,128,16384,29,15,0,ikj,1.202837,223.1686056,0,true,64,64,20260813
64,128,16384,29,15,1,kij,1.209567,221.9269011,0,true,64,64,20260813
64,128,16384,29,16,0,ikj,1.203348,223.0738373,0,true,64,64,20260813
64,128,16384,29,16,1,kij,1.203477,223.0499262,0,true,64,64,20260813
64,128,16384,29,17,0,ikj,1.204379,222.8828766,0,true,64,64,20260813
64,128,16384,29,17,1,kij,1.209457,221.9470853,0,true,64,64,20260813
64,128,16384,29,18,0,ikj,1.203438,223.0571546,0,true,64,64,20260813
64,128,16384,29,18,1,kij,1.205351,222.7031429,0,true,64,64,20260813
64,128,16384,29,19,0,ikj,1.210358,221.7818662,0,true,64,64,20260813
64,128,16384,29,19,1,kij,1.203818,222.9867438,0,true,64,64,20260813
64,128,16384,47,0,0,ikj,1.202526,223.2263219,0,true,64,64,20260813
64,128,16384,47,0,1,kij,1.203898,222.9719262,0,true,64,64,20260813
64,128,16384,47,1,0,kij,1.211641,221.5470226,0,true,64,64,20260813
64,128,16384,47,1,1,ikj,1.203738,223.0015635,0,true,64,64,20260813
64,128,16384,47,2,0,kij,1.203568,223.0330617,0,true,64,64,20260813
64,128,16384,47,2,1,ikj,1.210168,221.8166866,0,true,64,64,20260813
64,128,16384,47,3,0,kij,1.203698,223.008974,0,true,64,64,20260813
64,128,16384,47,3,1,ikj,1.2051,222.7495278,0,true,64,64,20260813
64,128,16384,47,4,0,ikj,1.208085,222.1991466,0,true,64,64,20260813
64,128,16384,47,4,1,kij,1.203829,222.9847063,0,true,64,64,20260813
64,128,16384,47,5,0,kij,1.203018,223.1350287,0,true,64,64,20260813
64,128,16384,47,5,1,ikj,1.202677,223.1982951,0,true,64,64,20260813
64,128,16384,47,6,0,kij,1.209167,222.0003159,0,true,64,64,20260813
64,128,16384,47,6,1,ikj,1.203248,223.0923766,0,true,64,64,20260813
64,128,16384,47,7,0,ikj,1.203528,223.0404743,0,true,64,64,20260813
64,128,16384,47,7,1,kij,1.209688,221.9047027,0,true,64,64,20260813
64,128,16384,47,8,0,kij,1.20447,222.8660373,0,true,64,64,20260813
64,128,16384,47,8,1,ikj,1.203818,222.9867438,0,true,64,64,20260813
64,128,16384,47,9,0,ikj,1.210419,221.7706893,0,true,64,64,20260813
64,128,16384,47,9,1,kij,1.203678,223.0126795,0,true,64,64,20260813
64,128,16384,47,10,0,kij,1.204819,222.8014797,0,true,64,64,20260813
64,128,16384,47,10,1,ikj,1.209216,221.99132,0,true,64,64,20260813
64,128,16384,47,11,0,kij,1.203308,223.0812527,0,true,64,64,20260813
64,128,16384,47,11,1,ikj,1.205731,222.6329554,0,true,64,64,20260813
64,128,16384,47,12,0,kij,1.203648,223.0182379,0,true,64,64,20260813
64,128,16384,47,12,1,ikj,1.209938,221.8588523,0,true,64,64,20260813
64,128,16384,47,13,0,kij,1.203829,222.9847063,0,true,64,64,20260813
64,128,16384,47,13,1,ikj,1.204149,222.9254486,0,true,64,64,20260813
64,128,16384,47,14,0,kij,1.215646,220.817126,0,true,64,64,20260813
64,128,16384,47,14,1,ikj,1.203558,223.0349148,0,true,64,64,20260813
64,128,16384,47,15,0,kij,1.203227,223.0962703,0,true,64,64,20260813
64,128,16384,47,15,1,ikj,1.210058,221.8368508,0,true,64,64,20260813
64,128,16384,47,16,0,ikj,1.203648,223.0182379,0,true,64,64,20260813
64,128,16384,47,16,1,kij,1.204018,222.9497034,0,true,64,64,20260813
64,128,16384,47,17,0,kij,1.209718,221.8991996,0,true,64,64,20260813
64,128,16384,47,17,1,ikj,1.203168,223.1072103,0,true,64,64,20260813
64,128,16384,47,18,0,ikj,1.202847,223.1667502,0,true,64,64,20260813
64,128,16384,47,18,1,kij,1.203708,223.0071213,0,true,64,64,20260813
64,128,16384,47,19,0,kij,1.208705,222.0851705,0,true,64,64,20260813
64,128,16384,47,19,1,ikj,1.202296,223.2690253,0,true,64,64,20260813
64,256,2048,11,0,0,kij,0.300524,223.3061719,0,true,64,64,20260813
64,256,2048,11,0,1,ikj,0.300254,223.5069774,0,true,64,64,20260813
64,256,2048,11,1,0,kij,0.300344,223.4400021,0,true,64,64,20260813
64,256,2048,11,1,1,ikj,0.300715,223.1643383,0,true,64,64,20260813
64,256,2048,11,2,0,ikj,0.300634,223.2244656,0,true,64,64,20260813
64,256,2048,11,2,1,kij,0.300534,223.2987416,0,true,64,64,20260813
64,256,2048,11,3,0,ikj,0.300614,223.2393169,0,true,64,64,20260813
64,256,2048,11,3,1,kij,0.300704,223.1725019,0,true,64,64,20260813
64,256,2048,11,4,0,ikj,0.301095,222.8826915,0,true,64,64,20260813
64,256,2048,11,4,1,kij,0.300894,223.0315792,0,true,64,64,20260813
64,256,2048,11,5,0,ikj,0.300654,223.2096164,0,true,64,64,20260813
64,256,2048,11,5,1,kij,0.300634,223.2244656,0,true,64,64,20260813
64,256,2048,11,6,0,kij,0.300584,223.2615974,0,true,64,64,20260813
64,256,2048,11,6,1,ikj,0.306493,218.9572486,0,true,64,64,20260813
64,256,2048,11,7,0,kij,0.300574,223.2690253,0,true,64,64,20260813
64,256,2048,11,7,1,ikj,0.300624,223.231891,0,true,64,64,20260813
64,256,2048,11,8,0,kij,0.301034,222.9278553,0,true,64,64,20260813
64,256,2048,11,8,1,ikj,0.300745,223.1420772,0,true,64,64,20260813
64,256,2048,11,9,0,kij,0.300634,223.2244656,0,true,64,64,20260813
64,256,2048,11,9,1,ikj,0.301425,222.6386796,0,true,64,64,20260813
64,256,2048,11,10,0,ikj,0.300885,223.0382505,0,true,64,64,20260813
64,256,2048,11,10,1,kij,0.300845,223.0679054,0,true,64,64,20260813
64,256,2048,11,11,0,kij,0.300454,223.3581979,0,true,64,64,20260813
64,256,2048,11,11,1,ikj,0.300644,223.2170408,0,true,64,64,20260813
64,256,2048,11,12,0,kij,0.307224,218.436268,0,true,64,64,20260813
64,256,2048,11,12,1,ikj,0.300344,223.4400021,0,true,64,64,20260813
64,256,2048,11,13,0,kij,0.300684,223.1873462,0,true,64,64,20260813
64,256,2048,11,13,1,ikj,0.300795,223.1049851,0,true,64,64,20260813
64,256,2048,11,14,0,kij,0.300714,223.1650804,0,true,64,64,20260813
64,256,2048,11,14,1,ikj,0.300694,223.1799238,0,true,64,64,20260813
64,256,2048,11,15,0,ikj,0.300894,223.0315792,0,true,64,64,20260813
64,256,2048,11,15,1,kij,0.300634,223.2244656,0,true,64,64,20260813
64,256,2048,11,16,0,ikj,0.300694,223.1799238,0,true,64,64,20260813
64,256,2048,11,16,1,kij,0.300715,223.1643383,0,true,64,64,20260813
64,256,2048,11,17,0,ikj,0.300665,223.2014501,0,true,64,64,20260813
64,256,2048,11,17,1,kij,0.307685,218.1089881,0,true,64,64,20260813
64,256,2048,11,18,0,ikj,0.300644,223.2170408,0,true,64,64,20260813
64,256,2048,11,18,1,kij,0.300564,223.2764536,0,true,64,64,20260813
64,256,2048,11,19,0,kij,0.300404,223.3953742,0,true,64,64,20260813
64,256,2048,11,19,1,ikj,0.301896,222.2913321,0,true,64,64,20260813
64,256,2048,29,0,0,ikj,0.300624,223.231891,0,true,64,64,20260813
64,256,2048,29,0,1,kij,0.300323,223.4556261,0,true,64,64,20260813
64,256,2048,29,1,0,ikj,0.300724,223.1576595,0,true,64,64,20260813
64,256,2048,29,1,1,kij,0.300474,223.3433309,0,true,64,64,20260813
64,256,2048,29,2,0,kij,0.301085,222.8900942,0,true,64,64,20260813
64,256,2048,29,2,1,ikj,0.300605,223.2460006,0,true,64,64,20260813
64,256,2048,29,3,0,kij,0.300564,223.2764536,0,true,64,64,20260813
64,256,2048,29,3,1,ikj,0.300874,223.0464048,0,true,64,64,20260813
64,256,2048,29,4,0,kij,0.305331,219.7905355,0,true,64,64,20260813
64,256,2048,29,4,1,ikj,0.300504,223.321034,0,true,64,64,20260813
64,256,2048,29,5,0,kij,0.300534,223.2987416,0,true,64,64,20260813
64,256,2048,29,5,1,ikj,0.300784,223.1131443,0,true,64,64,20260813
64,256,2048,29,6,0,ikj,0.300815,223.0901518,0,true,64,64,20260813
64,256,2048,29,6,1,kij,0.300624,223.231891,0,true,64,64,20260813
64,256,2048,29,7,0,kij,0.300584,223.2615974,0,true,64,64,20260813
64,256,2048,29,7,1,ikj,0.300564,223.2764536,0,true,64,64,20260813
64,256,2048,29,8,0,ikj,0.301265,222.7569216,0,true,64,64,20260813
64,256,2048,29,8,1,kij,0.300654,223.2096164,0,true,64,64,20260813
64,256,2048,29,9,0,kij,0.300624,223.231891,0,true,64,64,20260813
64,256,2048,29,9,1,ikj,0.309277,216.9862744,0,true,64,64,20260813
64,256,2048,29,10,0,ikj,0.300604,223.2467432,0,true,64,64,20260813
64,256,2048,29,10,1,kij,0.300464,223.3507642,0,true,64,64,20260813
64,256,2048,29,11,0,ikj,0.300574,223.2690253,0,true,64,64,20260813
64,256,2048,29,11,1,kij,0.300664,223.2021925,0,true,64,64,20260813
64,256,2048,29,12,0,ikj,0.300654,223.2096164,0,true,64,64,20260813
64,256,2048,29,12,1,kij,0.300574,223.2690253,0,true,64,64,20260813
64,256,2048,29,13,0,kij,0.300494,223.3284658,0,true,64,64,20260813
64,256,2048,29,13,1,ikj,0.300825,223.0827358,0,true,64,64,20260813
64,256,2048,29,14,0,ikj,0.301365,222.6830057,0,true,64,64,20260813
64,256,2048,29,14,1,kij,0.300714,223.1650804,0,true,64,64,20260813
64,256,2048,29,15,0,kij,0.305492,219.6747018,0,true,64,64,20260813
64,256,2048,29,15,1,ikj,0.300894,223.0315792,0,true,64,64,20260813
64,256,2048,29,16,0,kij,0.300494,223.3284658,0,true,64,64,20260813
64,256,2048,29,16,1,ikj,0.301886,222.2986955,0,true,64,64,20260813
64,256,2048,29,17,0,ikj,0.301315,222.7199575,0,true,64,64,20260813
64,256,2048,29,17,1,kij,0.300604,223.2467432,0,true,64,64,20260813
64,256,2048,29,18,0,kij,0.300554,223.2838824,0,true,64,64,20260813
64,256,2048,29,18,1,ikj,0.300704,223.1725019,0,true,64,64,20260813
64,256,2048,29,19,0,ikj,0.300835,223.0753204,0,true,64,64,20260813
64,256,2048,29,19,1,kij,0.300744,223.1428191,0,true,64,64,20260813
64,256,2048,47,0,0,ikj,0.301025,222.9345204,0,true,64,64,20260813
64,256,2048,47,0,1,kij,0.300494,223.3284658,0,true,64,64,20260813
64,256,2048,47,1,0,kij,0.301485,222.5943712,0,true,64,64,20260813
64,256,2048,47,1,1,ikj,0.305872,219.401789,0,true,64,64,20260813
64,256,2048,47,2,0,ikj,0.300654,223.2096164,0,true,64,64,20260813
64,256,2048,47,2,1,kij,0.300744,223.1428191,0,true,64,64,20260813
64,256,2048,47,3,0,kij,0.300594,223.2541701,0,true,64,64,20260813
64,256,2048,47,3,1,ikj,0.300394,223.402811,0,true,64,64,20260813
64,256,2048,47,4,0,kij,0.300865,223.053077,0,true,64,64,20260813
64,256,2048,47,4,1,ikj,0.300844,223.0686469,0,true,64,64,20260813
64,256,2048,47,5,0,ikj,0.301115,222.8678877,0,true,64,64,20260813
64,256,2048,47,5,1,kij,0.300764,223.1279807,0,true,64,64,20260813
64,256,2048,47,6,0,ikj,0.300885,223.0382505,0,true,64,64,20260813
64,256,2048,47,6,1,kij,0.300513,223.3143458,0,true,64,64,20260813
64,256,2048,47,7,0,ikj,0.306463,218.9786826,0,true,64,64,20260813
64,256,2048,47,7,1,kij,0.300724,223.1576595,0,true,64,64,20260813
64,256,2048,47,8,0,kij,0.300574,223.2690253,0,true,64,64,20260813
64,256,2048,47,8,1,ikj,0.300644,223.2170408,0,true,64,64,20260813
64,256,2048,47,9,0,kij,0.301345,222.6977849,0,true,64,64,20260813
64,256,2048,47,9,1,ikj,0.300554,223.2838824,0,true,64,64,20260813
64,256,2048,47,10,0,ikj,0.300604,223.2467432,0,true,64,64,20260813
64,256,2048,47,10,1,kij,0.300394,223.402811,0,true,64,64,20260813
64,256,2048,47,11,0,kij,0.300734,223.1502391,0,true,64,64,20260813
64,256,2048,47,11,1,ikj,0.300855,223.0604909,0,true,64,64,20260813
64,256,2048,47,12,0,kij,0.300975,222.9715558,0,true,64,64,20260813
64,256,2048,47,12,1,ikj,0.300694,223.1799238,0,true,64,64,20260813
64,256,2048,47,13,0,ikj,0.300634,223.2244656,0,true,64,64,20260813
64,256,2048,47,13,1,kij,0.300754,223.1353997,0,true,64,64,20260813
64,256,2048,47,14,0,kij,0.301926,222.2692448,0,true,64,64,20260813
64,256,2048,47,14,1,ikj,0.300734,223.1502391,0,true,64,64,20260813
64,256,2048,47,15,0,ikj,0.300855,223.0604909,0,true,64,64,20260813
64,256,2048,47,15,1,kij,0.300464,223.3507642,0,true,64,64,20260813
64,256,2048,47,16,0,ikj,0.300564,223.2764536,0,true,64,64,20260813
64,256,2048,47,16,1,kij,0.300624,223.231891,0,true,64,64,20260813
64,256,2048,47,17,0,ikj,0.301165,222.8308867,0,true,64,64,20260813
64,256,2048,47,17,1,kij,0.300634,223.2244656,0,true,64,64,20260813
64,256,2048,47,18,0,ikj,0.300944,222.9945239,0,true,64,64,20260813
64,256,2048,47,18,1,kij,0.304821,220.1582699,0,true,64,64,20260813
64,256,2048,47,19,0,kij,0.300474,223.3433309,0,true,64,64,20260813
64,256,2048,47,19,1,ikj,0.301034,222.9278553,0,true,64,64,20260813
64,256,8192,11,0,0,kij,1.209017,222.027859,0,true,64,64,20260813
64,256,8192,11,0,1,ikj,1.208436,222.134607,0,true,64,64,20260813
64,256,8192,11,1,0,kij,1.215967,220.7588331,0,true,64,64,20260813
64,256,8192,11,1,1,ikj,1.208285,222.1623673,0,true,64,64,20260813
64,256,8192,11,2,0,ikj,1.207364,222.331837,0,true,64,64,20260813
64,256,8192,11,2,1,kij,1.215826,220.7844346,0,true,64,64,20260813
64,256,8192,11,3,0,ikj,1.208446,222.1327689,0,true,64,64,20260813
64,256,8192,11,3,1,kij,1.209548,221.9303872,0,true,64,64,20260813
64,256,8192,11,4,0,kij,1.214645,220.9991034,0,true,64,64,20260813
64,256,8192,11,4,1,ikj,1.208275,222.164206,0,true,64,64,20260813
64,256,8192,11,5,0,kij,1.208776,222.0721259,0,true,64,64,20260813
64,256,8192,11,5,1,ikj,1.215646,220.817126,0,true,64,64,20260813
64,256,8192,11,6,0,kij,1.209117,222.0094962,0,true,64,64,20260813
64,256,8192,11,6,1,ikj,1.208946,222.0408984,0,true,64,64,20260813
64,256,8192,11,7,0,ikj,1.207955,222.2230596,0,true,64,64,20260813
64,256,8192,11,7,1,kij,1.21798,220.3939769,0,true,64,64,20260813
64,256,8192,11,8,0,ikj,1.208216,222.1750548,0,true,64,64,20260813
64,256,8192,11,8,1,kij,1.210228,221.8056895,0,true,64,64,20260813
64,256,8192,11,9,0,kij,1.214104,221.0975798,0,true,64,64,20260813
64,256,8192,11,9,1,ikj,1.208015,222.2120222,0,true,64,64,20260813
64,256,8192,11,10,0,ikj,1.208115,222.1936289,0,true,64,64,20260813
64,256,8192,11,10,1,kij,1.215296,220.8807204,0,true,64,64,20260813
64,256,8192,11,11,0,ikj,1.208235,222.171561,0,true,64,64,20260813
64,256,8192,11,11,1,kij,1.209447,221.9489205,0,true,64,64,20260813
64,256,8192,11,12,0,ikj,1.218181,220.3576119,0,true,64,64,20260813
64,256,8192,11,12,1,kij,1.210599,221.737715,0,true,64,64,20260813
64,256,8192,11,13,0,kij,1.209427,221.9525908,0,true,64,64,20260813
64,256,8192,11,13,1,ikj,1.215466,220.8498271,0,true,64,64,20260813
64,256,8192,11,14,0,ikj,1.209237,221.9874648,0,true,64,64,20260813
64,256,8192,11,14,1,kij,1.209567,221.9269011,0,true,64,64,20260813
64,256,8192,11,15,0,ikj,1.214825,220.9663581,0,true,64,64,20260813
64,256,8192,11,15,1,kij,1.208956,222.0390618,0,true,64,64,20260813
64,256,8192,11,16,0,kij,1.210198,221.8111879,0,true,64,64,20260813
64,256,8192,11,16,1,ikj,1.209036,222.0243698,0,true,64,64,20260813
64,256,8192,11,17,0,kij,1.209066,222.0188608,0,true,64,64,20260813
64,256,8192,11,17,1,ikj,1.208676,222.090499,0,true,64,64,20260813
64,256,8192,11,18,0,ikj,1.207514,222.3042184,0,true,64,64,20260813
64,256,8192,11,18,1,kij,1.214845,220.9627203,0,true,64,64,20260813
64,256,8192,11,19,0,kij,1.209637,221.9140585,0,true,64,64,20260813
64,256,8192,11,19,1,ikj,1.208505,222.1219242,0,true,64,64,20260813
64,256,8192,29,0,0,kij,1.208826,222.0629404,0,true,64,64,20260813
64,256,8192,29,0,1,ikj,1.213794,221.1540476,0,true,64,64,20260813
64,256,8192,29,1,0,ikj,1.208235,222.171561,0,true,64,64,20260813
64,256,8192,29,1,1,kij,1.210429,221.7688572,0,true,64,64,20260813
64,256,8192,29,2,0,ikj,1.208286,222.1621835,0,true,64,64,20260813
64,256,8192,29,2,1,kij,1.216437,220.6735376,0,true,64,64,20260813
64,256,8192,29,3,0,ikj,1.208946,222.0408984,0,true,64,64,20260813
64,256,8192,29,3,1,kij,1.210168,221.8166866,0,true,64,64,20260813
64,256,8192,29,4,0,kij,1.214995,220.9354409,0,true,64,64,20260813
64,256,8192,29,4,1,ikj,1.209447,221.9489205,0,true,64,64,20260813
64,256,8192,29,5,0,kij,1.209767,221.8902119,0,true,64,64,20260813
64,256,8192,29,5,1,ikj,1.225751,218.9967261,0,true,64,64,20260813
64,256,8192,29,6,0,ikj,1.208636,222.0978491,0,true,64,64,20260813
64,256,8192,29,6,1,kij,1.209607,221.9195623,0,true,64,64,20260813
64,256,8192,29,7,0,ikj,1.216297,220.6989378,0,true,64,64,20260813
64,256,8192,29,7,1,kij,1.208866,222.0555926,0,true,64,64,20260813
64,256,8192,29,8,0,ikj,1.208465,222.1292764,0,true,64,64,20260813
64,256,8192,29,8,1,kij,1.216869,220.5951964,0,true,64,64,20260813
64,256,8192,29,9,0,ikj,1.209637,221.9140585,0,true,64,64,20260813
64,256,8192,29,9,1,kij,1.208936,222.0427351,0,true,64,64,20260813
64,256,8192,29,10,0,kij,1.214885,220.9554452,0,true,64,64,20260813
64,256,8192,29,10,1,ikj,1.208266,222.1658608,0,true,64,64,20260813
64,256,8192,29,11,0,kij,1.209758,221.8918627,0,true,64,64,20260813
64,256,8192,29,11,1,ikj,1.210198,221.8111879,0,true,64,64,20260813
64,256,8192,29,12,0,ikj,1.213613,221.1870308,0,true,64,64,20260813
64,256,8192,29,12,1,kij,1.209537,221.9324055,0,true,64,64,20260813
64,256,8192,29,13,0,ikj,1.209216,221.99132,0,true,64,64,20260813
64,256,8192,29,13,1,kij,1.215416,220.8589125,0,true,64,64,20260813
64,256,8192,29,14,0,kij,1.210369,221.7798506,0,true,64,64,20260813
64,256,8192,29,14,1,ikj,1.209156,222.0023355,0,true,64,64,20260813
64,256,8192,29,15,0,kij,1.213613,221.1870308,0,true,64,64,20260813
64,256,8192,29,15,1,ikj,1.207814,222.2490019,0,true,64,64,20260813
64,256,8192,29,16,0,ikj,1.208465,222.1292764,0,true,64,64,20260813
64,256,8192,29,16,1,kij,1.215967,220.7588331,0,true,64,64,20260813
64,256,8192,29,17,0,kij,1.209928,221.8606859,0,true,64,64,20260813
64,256,8192,29,17,1,ikj,1.208636,222.0978491,0,true,64,64,20260813
64,256,8192,29,18,0,ikj,1.213343,221.2362506,0,true,64,64,20260813
64,256,8192,29,18,1,kij,1.209707,221.9012174,0,true,64,64,20260813
64,256,8192,29,19,0,kij,1.210799,221.7010883,0,true,64,64,20260813
64,256,8192,29,19,1,ikj,1.215106,220.9152584,0,true,64,64,20260813
64,256,8192,47,0,0,kij,1.209046,222.0225335,0,true,64,64,20260813
64,256,8192,47,0,1,ikj,1.214775,220.9754531,0,true,64,64,20260813
64,256,8192,47,1,0,kij,1.209607,221.9195623,0,true,64,64,20260813
64,256,8192,47,1,1,ikj,1.208065,222.2028252,0,true,64,64,20260813
64,256,8192,47,2,0,ikj,1.215025,220.9299858,0,true,64,64,20260813
64,256,8192,47,2,1,kij,1.211299,221.6095745,0,true,64,64,20260813
64,256,8192,47,3,0,ikj,1.208426,222.1364453,0,true,64,64,20260813
64,256,8192,47,3,1,kij,1.215797,220.7897009,0,true,64,64,20260813
64,256,8192,47,4,0,ikj,1.208195,222.1789165,0,true,64,64,20260813
64,256,8192,47,4,1,kij,1.209938,221.8588523,0,true,64,64,20260813
64,256,8192,47,5,0,ikj,1.207855,222.2414578,0,true,64,64,20260813
64,256,8192,47,5,1,kij,1.216858,220.5971905,0,true,64,64,20260813
64,256,8192,47,6,0,kij,1.208446,222.1327689,0,true,64,64,20260813
64,256,8192,47,6,1,ikj,1.208746,222.0776375,0,true,64,64,20260813
64,256,8192,47,7,0,ikj,1.213463,221.2143724,0,true,64,64,20260813
64,256,8192,47,7,1,kij,1.209697,221.9030518,0,true,64,64,20260813
64,256,8192,47,8,0,kij,1.209106,222.0115159,0,true,64,64,20260813
64,256,8192,47,8,1,ikj,1.213714,221.1686246,0,true,64,64,20260813
64,256,8192,47,9,0,ikj,1.209327,221.9709442,0,true,64,64,20260813
64,256,8192,47,9,1,kij,1.209087,222.0150047,0,true,64,64,20260813
64,256,8192,47,10,0,kij,1.217298,220.5174542,0,true,64,64,20260813
64,256,8192,47,10,1,ikj,1.208195,222.1789165,0,true,64,64,20260813
64,256,8192,47,11,0,ikj,1.208545,222.1145725,0,true,64,64,20260813
64,256,8192,47,11,1,kij,1.214745,220.9809104,0,true,64,64,20260813
64,256,8192,47,12,0,kij,1.209928,221.8606859,0,true,64,64,20260813
64,256,8192,47,12,1,ikj,1.208675,222.0906828,0,true,64,64,20260813
64,256,8192,47,13,0,ikj,1.215065,220.9227128,0,true,64,64,20260813
64,256,8192,47,13,1,kij,1.210699,221.7194001,0,true,64,64,20260813
64,256,8192,47,14,0,kij,1.208546,222.1143887,0,true,64,64,20260813
64,256,8192,47,14,1,ikj,1.208255,222.1678834,0,true,64,64,20260813
64,256,8192,47,15,0,ikj,1.214875,220.9572639,0,true,64,64,20260813
64,256,8192,47,15,1,kij,1.209147,222.0039879,0,true,64,64,20260813
64,256,8192,47,16,0,kij,1.209838,221.8771902,0,true,64,64,20260813
64,256,8192,47,16,1,ikj,1.213193,221.2636044,0,true,64,64,20260813
64,256,8192,47,17,0,kij,1.210539,221.7487053,0,true,64,64,20260813
64,256,8192,47,17,1,ikj,1.208425,222.1366291,0,true,64,64,20260813
64,256,8192,47,18,0,kij,1.217939,220.4013961,0,true,64,64,20260813
64,256,8192,47,18,1,ikj,1.208986,222.0335521,0,true,64,64,20260813
64,256,8192,47,19,0,kij,1.209217,221.9911364,0,true,64,64,20260813
64,256,8192,47,19,1,ikj,1.216808,220.6062551,0,true,64,64,20260813
64,256,16384,11,0,0,ikj,2.411904,222.5921562,0,true,64,64,20260813
64,256,16384,11,0,1,kij,2.415329,222.2765147,0,true,64,64,20260813
64,256,16384,11,1,0,kij,2.410761,222.6976926,0,true,64,64,20260813
64,256,16384,11,1,1,ikj,2.417522,222.0748816,0,true,64,64,20260813
64,256,16384,11,2,0,kij,2.416671,222.1530825,0,true,64,64,20260813
64,256,16384,11,2,1,ikj,2.410922,222.6828209,0,true,64,64,20260813
64,256,16384,11,3,0,ikj,2.420136,221.8350175,0,true,64,64,20260813
64,256,16384,11,3,1,kij,2.408718,222.8865778,0,true,64,64,20260813
64,256,16384,11,4,0,ikj,2.417261,222.0988598,0,true,64,64,20260813
64,256,16384,11,4,1,kij,2.414998,222.30698,0,true,64,64,20260813
64,256,16384,11,5,0,kij,2.410322,222.7382532,0,true,64,64,20260813
64,256,16384,11,5,1,ikj,2.421568,221.7038349,0,true,64,64,20260813
64,256,16384,11,6,0,kij,2.430992,220.8443763,0,true,64,64,20260813
64,256,16384,11,6,1,ikj,2.410922,222.6828209,0,true,64,64,20260813
64,256,16384,11,7,0,ikj,2.41621,222.1954681,0,true,64,64,20260813
64,256,16384,11,7,1,kij,2.408238,222.9310027,0,true,64,64,20260813
64,256,16384,11,8,0,kij,2.420707,221.7826908,0,true,64,64,20260813
64,256,16384,11,8,1,ikj,2.417411,222.0850786,0,true,64,64,20260813
64,256,16384,11,9,0,ikj,2.409279,222.8346788,0,true,64,64,20260813
64,256,16384,11,9,1,kij,2.414758,222.3290748,0,true,64,64,20260813
64,256,16384,11,10,0,kij,2.408819,222.8772324,0,true,64,64,20260813
64,256,16384,11,10,1,ikj,2.414988,222.3079005,0,true,64,64,20260813
64,256,16384,11,11,0,ikj,2.41579,222.2340982,0,true,64,64,20260813
64,256,16384,11,11,1,kij,2.40915,222.8466106,0,true,64,64,20260813
64,256,16384,11,12,0,kij,2.414447,222.3577126,0,true,64,64,20260813
64,256,16384,11,12,1,ikj,2.4164,222.177997,0,true,64,64,20260813
64,256,16384,11,13,0,ikj,2.40932,222.8308867,0,true,64,64,20260813
64,256,16384,11,13,1,kij,2.416139,222.2019975,0,true,64,64,20260813
64,256,16384,11,14,0,kij,2.4096,222.8049934,0,true,64,64,20260813
64,256,16384,11,14,1,ikj,2.436941,220.3052565,0,true,64,64,20260813
64,256,16384,11,15,0,kij,2.415689,222.2433898,0,true,64,64,20260813
64,256,16384,11,15,1,ikj,2.410461,222.725409,0,true,64,64,20260813
64,256,16384,11,16,0,kij,2.415018,222.3051389,0,true,64,64,20260813
64,256,16384,11,16,1,ikj,2.418483,221.9866387,0,true,64,64,20260813
64,256,16384,11,17,0,ikj,2.40966,222.7994456,0,true,64,64,20260813
64,256,16384,11,17,1,kij,2.414647,222.3392951,0,true,64,64,20260813
64,256,16384,11,18,0,kij,2.408808,222.8782502,0,true,64,64,20260813
64,256,16384,11,18,1,ikj,2.417322,222.0932553,0,true,64,64,20260813
64,256,16384,11,19,0,kij,2.41579,222.2340982,0,true,64,64,20260813
64,256,16384,11,19,1,ikj,2.410452,222.7262406,0,true,64,64,20260813
64,256,16384,29,0,0,ikj,2.423431,221.5334012,0,true,64,64,20260813
64,256,16384,29,0,1,kij,2.417252,222.0996868,0,true,64,64,20260813
64,256,16384,29,1,0,ikj,2.423912,221.4894402,0,true,64,64,20260813
64,256,16384,29,1,1,kij,2.419535,221.8901202,0,true,64,64,20260813
64,256,16384,29,2,0,ikj,2.42294,221.5782941,0,true,64,64,20260813
64,256,16384,29,2,1,kij,2.421999,221.6643822,0,true,64,64,20260813
64,256,16384,29,3,0,kij,2.419004,221.9388277,0,true,64,64,20260813
64,256,16384,29,3,1,ikj,2.424242,221.45929,0,true,64,64,20260813
64,256,16384,29,4,0,ikj,2.42311,221.5627487,0,true,64,64,20260813
64,256,16384,29,4,1,kij,2.418493,221.9857209,0,true,64,64,20260813
64,256,16384,29,5,0,ikj,2.424753,221.4126189,0,true,64,64,20260813
64,256,16384,29,5,1,kij,2.419004,221.9388277,0,true,64,64,20260813
64,256,16384,29,6,0,kij,2.427617,221.1514057,0,true,64,64,20260813
64,256,16384,29,6,1,ikj,2.425053,221.3852283,0,true,64,64,20260813
64,256,16384,29,7,0,ikj,2.418182,222.0142702,0,true,64,64,20260813
64,256,16384,29,7,1,kij,2.428088,221.1085068,0,true,64,64,20260813
64,256,16384,29,8,0,kij,2.418324,222.0012339,0,true,64,64,20260813
64,256,16384,29,8,1,ikj,2.425464,221.3477141,0,true,64,64,20260813
64,256,16384,29,9,0,ikj,2.42256,221.6130507,0,true,64,64,20260813
64,256,16384,29,9,1,kij,2.418404,221.9938902,0,true,64,64,20260813
64,256,16384,29,10,0,kij,2.425764,221.3203395,0,true,64,64,20260813
64,256,16384,29,10,1,ikj,2.421508,221.7093282,0,true,64,64,20260813
64,256,16384,29,11,0,kij,2.419696,221.8753562,0,true,64,64,20260813
64,256,16384,29,11,1,ikj,2.423611,221.5169481,0,true,64,64,20260813
64,256,16384,29,12,0,ikj,2.419404,221.9021346,0,true,64,64,20260813
64,256,16384,29,12,1,kij,2.424642,221.4227552,0,true,64,64,20260813
64,256,16384,29,13,0,kij,2.427007,221.2069895,0,true,64,64,20260813
64,256,16384,29,13,1,ikj,2.418033,222.0279508,0,true,64,64,20260813
64,256,16384,29,14,0,kij,2.425094,221.3814854,0,true,64,64,20260813
64,256,16384,29,14,1,ikj,2.418033,222.0279508,0,true,64,64,20260813
64,256,16384,29,15,0,kij,2.419504,221.8929632,0,true,64,64,20260813
64,256,16384,29,15,1,ikj,2.425604,221.3349384,0,true,64,64,20260813
64,256,16384,29,16,0,kij,2.419095,221.930479,0,true,64,64,20260813
64,256,16384,29,16,1,ikj,2.427948,221.1212563,0,true,64,64,20260813
64,256,16384,29,17,0,ikj,2.424111,221.4712577,0,true,64,64,20260813
64,256,16384,29,17,1,kij,2.418553,221.9802138,0,true,64,64,20260813
64,256,16384,29,18,0,kij,2.425193,221.3724483,0,true,64,64,20260813
64,256,16384,29,18,1,ikj,2.418804,221.9571788,0,true,64,64,20260813
64,256,16384,29,19,0,ikj,2.426406,221.2617806,0,true,64,64,20260813
64,256,16384,29,19,1,kij,2.421708,221.6910181,0,true,64,64,20260813
64,256,16384,47,0,0,ikj,2.419996,221.847851,0,true,64,64,20260813
64,256,16384,47,0,1,kij,2.425024,221.3878757,0,true,64,64,20260813
64,256,16384,47,1,0,kij,2.420066,221.8414341,0,true,64,64,20260813
64,256,16384,47,1,1,ikj,2.425133,221.3779253,0,true,64,64,20260813
64,256,16384,47,2,0,ikj,2.424402,221.4446746,0,true,64,64,20260813
64,256,16384,47,2,1,kij,2.424843,221.404401,0,true,64,64,20260813
64,256,16384,47,3,0,ikj,2.42296,221.5764652,0,true,64,64,20260813
64,256,16384,47,3,1,kij,2.424032,221.4784755,0,true,64,64,20260813
64,256,16384,47,4,0,ikj,2.418243,222.0086699,0,true,64,64,20260813
64,256,16384,47,4,1,kij,2.426585,221.2454589,0,true,64,64,20260813
64,256,16384,47,5,0,kij,2.418763,221.9609412,0,true,64,64,20260813
64,256,16384,47,5,1,ikj,2.423991,221.4822217,0,true,64,64,20260813
64,256,16384,47,6,0,ikj,2.424473,221.4381897,0,true,64,64,20260813
64,256,16384,47,6,1,kij,2.418694,221.9672732,0,true,64,64,20260813
64,256,16384,47,7,0,kij,2.425114,221.3796597,0,true,64,64,20260813
64,256,16384,47,7,1,ikj,2.423451,221.531573,0,true,64,64,20260813
64,256,16384,47,8,0,ikj,2.417121,222.1117238,0,true,64,64,20260813
64,256,16384,47,8,1,kij,2.426185,221.2819352,0,true,64,64,20260813
64,256,16384,47,9,0,ikj,2.418874,221.9507556,0,true,64,64,20260813
64,256,16384,47,9,1,kij,2.421428,221.7166531,0,true,64,64,20260813
64,256,16384,47,10,0,kij,2.426175,221.2828473,0,true,64,64,20260813
64,256,16384,47,10,1,ikj,2.417963,222.0343785,0,true,64,64,20260813
64,256,16384,47,11,0,kij,2.422489,221.6195458,0,true,64,64,20260813
64,256,16384,47,11,1,ikj,2.419695,221.8754479,0,true,64,64,20260813
64,256,16384,47,12,0,ikj,2.422649,221.6049093,0,true,64,64,20260813
64,256,16384,47,12,1,kij,2.426235,221.277375,0,true,64,64,20260813
64,256,16384,47,13,0,kij,2.418583,221.9774604,0,true,64,64,20260813
64,256,16384,47,13,1,ikj,2.426926,221.2143724,0,true,64,64,20260813
64,256,16384,47,14,0,kij,2.430011,220.9335316,0,true,64,64,20260813
64,256,16384,47,14,1,ikj,2.416631,222.1567596,0,true,64,64,20260813
64,256,16384,47,15,0,kij,2.423711,221.5078085,0,true,64,64,20260813
64,256,16384,47,15,1,ikj,2.417412,222.0849868,0,true,64,64,20260813
64,256,16384,47,16,0,ikj,2.425574,221.3376759,0,true,64,64,20260813
64,256,16384,47,16,1,kij,2.42294,221.5782941,0,true,64,64,20260813
64,256,16384,47,17,0,ikj,2.421478,221.712075,0,true,64,64,20260813
64,256,16384,47,17,1,kij,2.425153,221.3760996,0,true,64,64,20260813
64,256,16384,47,18,0,ikj,2.424933,221.3961837,0,true,64,64,20260813
64,256,16384,47,18,1,kij,2.416661,222.1540017,0,true,64,64,20260813
64,256,16384,47,19,0,ikj,2.426786,221.2271342,0,true,64,64,20260813
64,256,16384,47,19,1,kij,2.418654,221.9709442,0,true,64,64,20260813
64,512,2048,11,0,0,ikj,0.60256,222.7458311,0,true,64,64,20260813
64,512,2048,11,0,1,kij,0.610823,219.7326034,0,true,64,64,20260813
64,512,2048,11,1,0,ikj,0.604232,222.1294602,0,true,64,64,20260813
64,512,2048,11,1,1,kij,0.603212,222.5050695,0,true,64,64,20260813
64,512,2048,11,2,0,kij,0.604673,221.9674568,0,true,64,64,20260813
64,512,2048,11,2,1,ikj,0.603241,222.4943729,0,true,64,64,20260813
64,512,2048,11,3,0,ikj,0.602831,222.6456967,0,true,64,64,20260813
64,512,2048,11,3,1,kij,0.612525,219.1220407,0,true,64,64,20260813
64,512,2048,11,4,0,ikj,0.60237,222.8160898,0,true,64,64,20260813
64,512,2048,11,4,1,kij,0.604323,222.0960116,0,true,64,64,20260813
64,512,2048,11,5,0,kij,0.604132,222.1662286,0,true,64,64,20260813
64,512,2048,11,5,1,ikj,0.603101,222.5460213,0,true,64,64,20260813
64,512,2048,11,6,0,kij,0.604273,222.1143887,0,true,64,64,20260813
64,512,2048,11,6,1,ikj,0.616822,217.5955592,0,true,64,64,20260813
64,512,2048,11,7,0,ikj,0.602931,222.6087695,0,true,64,64,20260813
64,512,2048,11,7,1,kij,0.604213,222.1364453,0,true,64,64,20260813
64,512,2048,11,8,0,kij,0.604814,221.9157096,0,true,64,64,20260813
64,512,2048,11,8,1,ikj,0.602971,222.594002,0,true,64,64,20260813
64,512,2048,11,9,0,ikj,0.610472,219.8589419,0,true,64,64,20260813
64,512,2048,11,9,1,kij,0.603813,222.283601,0,true,64,64,20260813
64,512,2048,11,10,0,ikj,0.602621,222.7232838,0,true,64,64,20260813
64,512,2048,11,10,1,kij,0.604413,222.0629404,0,true,64,64,20260813
64,512,2048,11,11,0,kij,0.603602,222.3613043,0,true,64,64,20260813
64,512,2048,11,11,1,ikj,0.60266,222.7088707,0,true,64,64,20260813
64,512,2048,11,12,0,ikj,0.60884,220.4482754,0,true,64,64,20260813
64,512,2048,11,12,1,kij,0.603572,222.3723566,0,true,64,64,20260813
64,512,2048,11,13,0,ikj,0.602421,222.7972265,0,true,64,64,20260813
64,512,2048,11,13,1,kij,0.604483,222.0372252,0,true,64,64,20260813
64,512,2048,11,14,0,kij,0.603582,222.3686724,0,true,64,64,20260813
64,512,2048,11,14,1,ikj,0.602911,222.616154,0,true,64,64,20260813
64,512,2048,11,15,0,ikj,0.608289,220.6479617,0,true,64,64,20260813
64,512,2048,11,15,1,kij,0.603953,222.2320744,0,true,64,64,20260813
64,512,2048,11,16,0,kij,0.603652,222.3428863,0,true,64,64,20260813
64,512,2048,11,16,1,ikj,0.603211,222.5054384,0,true,64,64,20260813
64,512,2048,11,17,0,kij,0.604172,222.1515198,0,true,64,64,20260813
64,512,2048,11,17,1,ikj,0.607608,220.8952614,0,true,64,64,20260813
64,512,2048,11,18,0,ikj,0.602931,222.6087695,0,true,64,64,20260813
64,512,2048,11,18,1,kij,0.604002,222.2140456,0,true,64,64,20260813
64,512,2048,11,19,0,ikj,0.60249,222.7717107,0,true,64,64,20260813
64,512,2048,11,19,1,kij,0.604353,222.0849868,0,true,64,64,20260813
64,512,2048,29,0,0,kij,0.603541,222.3837784,0,true,64,64,20260813
64,512,2048,29,0,1,ikj,0.60243,222.793898,0,true,64,64,20260813
64,512,2048,29,1,0,ikj,0.60249,222.7717107,0,true,64,64,20260813
64,512,2048,29,1,1,kij,0.603441,222.420631,0,true,64,64,20260813
64,512,2048,29,2,0,kij,0.604463,222.0445718,0,true,64,64,20260813
64,512,2048,29,2,1,ikj,0.602149,222.8978675,0,true,64,64,20260813
64,512,2048,29,3,0,ikj,0.603051,222.564473,0,true,64,64,20260813
64,512,2048,29,3,1,kij,0.605154,221.7910284,0,true,64,64,20260813
64,512,2048,29,4,0,ikj,0.609191,220.3212588,0,true,64,64,20260813
64,512,2048,29,4,1,kij,0.604834,221.9083716,0,true,64,64,20260813
64,512,2048,29,5,0,ikj,0.603051,222.564473,0,true,64,64,20260813
64,512,2048,29,5,1,kij,0.604703,221.9564447,0,true,64,64,20260813
64,512,2048,29,6,0,kij,0.604843,221.9050696,0,true,64,64,20260813
64,512,2048,29,6,1,ikj,0.60244,222.7901999,0,true,64,64,20260813
64,512,2048,29,7,0,ikj,0.612024,219.301413,0,true,64,64,20260813
64,512,2048,29,7,1,kij,0.604043,222.1989627,0,true,64,64,20260813
64,512,2048,29,8,0,ikj,0.603982,222.2214039,0,true,64,64,20260813
64,512,2048,29,8,1,kij,0.605204,221.7727047,0,true,64,64,20260813
64,512,2048,29,9,0,kij,0.603131,222.5349518,0,true,64,64,20260813
64,512,2048,29,9,1,ikj,0.60248,222.7754083,0,true,64,64,20260813
64,512,2048,29,10,0,ikj,0.60248,222.7754083,0,true,64,64,20260813
64,512,2048,29,10,1,kij,0.603702,222.3244713,0,true,64,64,20260813
64,512,2048,29,11,0,kij,0.603462,222.412891,0,true,64,64,20260813
64,512,2048,29,11,1,ikj,0.603501,222.398518,0,true,64,64,20260813
64,512,2048,29,12,0,ikj,0.602871,222.6309244,0,true,64,64,20260813
64,512,2048,29,12,1,kij,0.609451,220.2272668,0,true,64,64,20260813
64,512,2048,29,13,0,kij,0.604453,222.0482453,0,true,64,64,20260813
64,512,2048,29,13,1,ikj,0.603051,222.564473,0,true,64,64,20260813
64,512,2048,29,14,0,kij,0.604262,222.1184321,0,true,64,64,20260813
64,512,2048,29,14,1,ikj,0.603001,222.5829277,0,true,64,64,20260813
64,512,2048,29,15,0,kij,0.604352,222.0853542,0,true,64,64,20260813
64,512,2048,29,15,1,ikj,0.612755,219.0397924,0,true,64,64,20260813
64,512,2048,29,16,0,ikj,0.60282,222.6497595,0,true,64,64,20260813
64,512,2048,29,16,1,kij,0.604884,221.8900285,0,true,64,64,20260813
64,512,2048,29,17,0,ikj,0.60242,222.7975964,0,true,64,64,20260813
64,512,2048,29,17,1,kij,0.604453,222.0482453,0,true,64,64,20260813
64,512,2048,29,18,0,ikj,0.60267,222.7051753,0,true,64,64,20260813
64,512,2048,29,18,1,kij,0.604112,222.1735837,0,true,64,64,20260813
64,512,2048,29,19,0,ikj,0.602941,222.6050774,0,true,64,64,20260813
64,512,2048,29,19,1,kij,0.604203,222.1401218,0,true,64,64,20260813
64,512,2048,47,0,0,ikj,0.60256,222.7458311,0,true,64,64,20260813
64,512,2048,47,0,1,kij,0.603882,222.2582028,0,true,64,64,20260813
64,512,2048,47,1,0,kij,0.604463,222.0445718,0,true,64,64,20260813
64,512,2048,47,1,1,ikj,0.602491,222.771341,0,true,64,64,20260813
64,512,2048,47,2,0,kij,0.603932,222.2398018,0,true,64,64,20260813
64,512,2048,47,2,1,ikj,0.602661,222.7085011,0,true,64,64,20260813
64,512,2048,47,3,0,ikj,0.60248,222.7754083,0,true,64,64,20260813
64,512,2048,47,3,1,kij,0.604503,222.0298791,0,true,64,64,20260813
64,512,2048,47,4,0,kij,0.603782,222.2950138,0,true,64,64,20260813
64,512,2048,47,4,1,ikj,0.607928,220.778987,0,true,64,64,20260813
64,512,2048,47,5,0,ikj,0.602751,222.6752473,0,true,64,64,20260813
64,512,2048,47,5,1,kij,0.604753,221.9380937,0,true,64,64,20260813
64,512,2048,47,6,0,ikj,0.602741,222.6789417,0,true,64,64,20260813
64,512,2048,47,6,1,kij,0.603402,222.4350068,0,true,64,64,20260813
64,512,2048,47,7,0,ikj,0.60263,222.7199575,0,true,64,64,20260813
64,512,2048,47,7,1,kij,0.609851,220.0828202,0,true,64,64,20260813
64,512,2048,47,8,0,ikj,0.603141,222.5312622,0,true,64,64,20260813
64,512,2048,47,8,1,kij,0.603221,222.5017498,0,true,64,64,20260813
64,512,2048,47,9,0,kij,0.604563,222.0078437,0,true,64,64,20260813
64,512,2048,47,9,1,ikj,0.602771,222.6678589,0,true,64,64,20260813
64,512,2048,47,10,0,kij,0.604042,222.1993305,0,true,64,64,20260813
64,512,2048,47,10,1,ikj,0.609531,220.1983623,0,true,64,64,20260813
64,512,2048,47,11,0,kij,0.603452,222.4165766,0,true,64,64,20260813
64,512,2048,47,11,1,ikj,0.603051,222.564473,0,true,64,64,20260813
64,512,2048,47,12,0,kij,0.603932,222.2398018,0,true,64,64,20260813
64,512,2048,47,12,1,ikj,0.603231,222.4980613,0,true,64,64,20260813
64,512,2048,47,13,0,ikj,0.607778,220.8334754,0,true,64,64,20260813
64,512,2048,47,13,1,kij,0.604684,221.9634189,0,true,64,64,20260813
64,512,2048,47,14,0,kij,0.605134,221.7983587,0,true,64,64,20260813
64,512,2048,47,14,1,ikj,0.603171,222.5201941,0,true,64,64,20260813
64,512,2048,47,15,0,ikj,0.603191,222.512816,0,true,64,64,20260813
64,512,2048,47,15,1,kij,0.603251,222.4906846,0,true,64,64,20260813
64,512,2048,47,16,0,ikj,0.609901,220.0647777,0,true,64,64,20260813
64,512,2048,47,16,1,kij,0.604083,222.1842495,0,true,64,64,20260813
64,512,2048,47,17,0,ikj,0.60248,222.7754083,0,true,64,64,20260813
64,512,2048,47,17,1,kij,0.604143,222.1621835,0,true,64,64,20260813
64,512,2048,47,18,0,ikj,0.603402,222.4350068,0,true,64,64,20260813
64,512,2048,47,18,1,kij,0.605284,221.7433932,0,true,64,64,20260813
64,512,2048,47,19,0,ikj,0.610452,219.8661451,0,true,64,64,20260813
64,512,2048,47,19,1,kij,0.604734,221.9450668,0,true,64,64,20260813
64,512,8192,11,0,0,ikj,2.408088,222.9448891,0,true,64,64,20260813
64,512,8192,11,0,1,kij,2.42303,221.5700639,0,true,64,64,20260813
64,512,8192,11,1,0,ikj,2.40963,222.8022194,0,true,64,64,20260813
64,512,8192,11,1,1,kij,2.428538,221.0675361,0,true,64,64,20260813
64,512,8192,11,2,0,kij,2.423601,221.5178621,0,true,64,64,20260813
64,512,8192,11,2,1,ikj,2.408409,222.9151743,0,true,64,64,20260813
64,512,8192,11,3,0,kij,2.464864,217.8095473,0,true,64,64,20260813
64,512,8192,11,3,1,ikj,2.413256,222.4674514,0,true,64,64,20260813
64,512,8192,11,4,0,kij,2.416921,222.1301035,0,true,64,64,20260813
64,512,8192,11,4,1,ikj,2.414898,222.3161856,0,true,64,64,20260813
64,512,8192,11,5,0,kij,2.426135,221.2864956,0,true,64,64,20260813
64,512,8192,11,5,1,ikj,2.407747,222.9764639,0,true,64,64,20260813
64,512,8192,11,6,0,ikj,2.414847,222.3208808,0,true,64,64,20260813
64,512,8192,11,6,1,kij,2.41689,222.1329527,0,true,64,64,20260813
64,512,8192,11,7,0,kij,2.422239,221.6424193,0,true,64,64,20260813
64,512,8192,11,7,1,ikj,2.414207,222.3798175,0,true,64,64,20260813
64,512,8192,11,8,0,kij,2.417211,222.1034539,0,true,64,64,20260813
64,512,8192,11,8,1,ikj,2.41582,222.2313384,0,true,64,64,20260813
64,512,8192,11,9,0,kij,2.428819,221.0419599,0,true,64,64,20260813
64,512,8192,11,9,1,ikj,2.410942,222.6809737,0,true,64,64,20260813
64,512,8192,11,10,0,kij,2.424853,221.403488,0,true,64,64,20260813
64,512,8192,11,10,1,ikj,2.408809,222.8781576,0,true,64,64,20260813
64,512,8192,11,11,0,kij,2.428057,221.1113298,0,true,64,64,20260813
64,512,8192,11,11,1,ikj,2.413616,222.4342696,0,true,64,64,20260813
64,512,8192,11,12,0,kij,2.419755,221.8699463,0,true,64,64,20260813
64,512,8192,11,12,1,ikj,2.419635,221.8809498,0,true,64,64,20260813
64,512,8192,11,13,0,ikj,2.413536,222.4416425,0,true,64,64,20260813
64,512,8192,11,13,1,kij,2.415429,222.2673123,0,true,64,64,20260813
64,512,8192,11,14,0,kij,2.422429,221.625035,0,true,64,64,20260813
64,512,8192,11,14,1,ikj,2.407487,223.0005446,0,true,64,64,20260813
64,512,8192,11,15,0,kij,2.418484,221.9865469,0,true,64,64,20260813
64,512,8192,11,15,1,ikj,2.41619,222.1973073,0,true,64,64,20260813
64,512,8192,11,16,0,ikj,2.407617,222.9885036,0,true,64,64,20260813
64,512,8192,11,16,1,kij,2.425063,221.3843154,0,true,64,64,20260813
64,512,8192,11,17,0,ikj,2.414878,222.3180268,0,true,64,64,20260813
64,512,8192,11,17,1,kij,2.419204,221.9204796,0,true,64,64,20260813
64,512,8192,11,18,0,kij,2.425004,221.3897016,0,true,64,64,20260813
64,512,8192,11,18,1,ikj,2.414959,222.3105701,0,true,64,64,20260813
64,512,8192,11,19,0,ikj,2.408929,222.867055,0,true,64,64,20260813
64,512,8192,11,19,1,kij,2.425694,221.3267263,0,true,64,64,20260813
64,512,8192,29,0,0,ikj,2.416611,222.1585981,0,true,64,64,20260813
64,512,8192,29,0,1,kij,2.42304,221.5691495,0,true,64,64,20260813
64,512,8192,29,1,0,kij,2.419324,221.9094722,0,true,64,64,20260813
64,512,8192,29,1,1,ikj,2.42294,221.5782941,0,true,64,64,20260813
64,512,8192,29,2,0,kij,2.420837,221.7707809,0,true,64,64,20260813
64,512,8192,29,2,1,ikj,2.409189,222.8430032,0,true,64,64,20260813
64,512,8192,29,3,0,kij,2.424342,221.4501551,0,true,64,64,20260813
64,512,8192,29,3,1,ikj,2.408258,222.9291513,0,true,64,64,20260813
64,512,8192,29,4,0,kij,2.42304,221.5691495,0,true,64,64,20260813
64,512,8192,29,4,1,ikj,2.418494,221.9856291,0,true,64,64,20260813
64,512,8192,29,5,0,ikj,2.407877,222.9644255,0,true,64,64,20260813
64,512,8192,29,5,1,kij,2.423381,221.5379719,0,true,64,64,20260813
64,512,8192,29,6,0,ikj,2.413646,222.4315049,0,true,64,64,20260813
64,512,8192,29,6,1,kij,2.415809,222.2323503,0,true,64,64,20260813
64,512,8192,29,7,0,kij,2.424472,221.438281,0,true,64,64,20260813
64,512,8192,29,7,1,ikj,2.414417,222.3604754,0,true,64,64,20260813
64,512,8192,29,8,0,kij,2.417132,222.110713,0,true,64,64,20260813
64,512,8192,29,8,1,ikj,2.415169,222.2912401,0,true,64,64,20260813
64,512,8192,29,9,0,kij,2.417121,222.1117238,0,true,64,64,20260813
64,512,8192,29,9,1,ikj,2.417582,222.0693701,0,true,64,64,20260813
64,512,8192,29,10,0,ikj,2.415028,222.3042184,0,true,64,64,20260813
64,512,8192,29,10,1,kij,2.417121,222.1117238,0,true,64,64,20260813
64,512,8192,29,11,0,kij,2.424753,221.4126189,0,true,64,64,20260813
64,512,8192,29,11,1,ikj,2.415489,222.2617913,0,true,64,64,20260813
64,512,8192,29,12,0,kij,2.41604,222.2111025,0,true,64,64,20260813
64,512,8192,29,12,1,ikj,2.415249,222.2838771,0,true,64,64,20260813
64,512,8192,29,13,0,ikj,2.408478,222.908788,0,true,64,64,20260813
64,512,8192,29,13,1,kij,2.42295,221.5773796,0,true,64,64,20260813
64,512,8192,29,14,0,ikj,2.415649,222.2470698,0,true,64,64,20260813
64,512,8192,29,14,1,kij,2.414858,222.3198681,0,true,64,64,20260813
64,512,8192,29,15,0,kij,2.422299,221.6369292,0,true,64,64,20260813
64,512,8192,29,15,1,ikj,2.415108,222.2968546,0,true,64,64,20260813
64,512,8192,29,16,0,kij,2.415129,222.2949217,0,true,64,64,20260813
64,512,8192,29,16,1,ikj,2.415279,222.2811162,0,true,64,64,20260813
64,512,8192,29,17,0,ikj,2.40996,222.7717107,0,true,64,64,20260813
64,512,8192,29,17,1,kij,2.424312,221.4528955,0,true,64,64,20260813
64,512,8192,29,18,0,kij,2.423751,221.5041529,0,true,64,64,20260813
64,512,8192,29,18,1,ikj,2.408588,222.8986078,0,true,64,64,20260813
64,512,8192,29,19,0,kij,2.426586,221.2453678,0,true,64,64,20260813
64,512,8192,29,19,1,ikj,2.417142,222.1097941,0,true,64,64,20260813
64,512,8192,47,0,0,ikj,2.421908,221.6727109,0,true,64,64,20260813
64,512,8192,47,0,1,kij,2.423,221.5728073,0,true,64,64,20260813
64,512,8192,47,1,0,ikj,2.408127,222.9412784,0,true,64,64,20260813
64,512,8192,47,1,1,kij,2.423721,221.5068946,0,true,64,64,20260813
64,512,8192,47,2,0,ikj,2.408489,222.90777,0,true,64,64,20260813
64,512,8192,47,2,1,kij,2.428218,221.0966692,0,true,64,64,20260813
64,512,8192,47,3,0,kij,2.451743,218.9751993,0,true,64,64,20260813
64,512,8192,47,3,1,ikj,2.408539,222.9031425,0,true,64,64,20260813
64,512,8192,47,4,0,ikj,2.415018,222.3051389,0,true,64,64,20260813
64,512,8192,47,4,1,kij,2.425594,221.3358509,0,true,64,64,20260813
64,512,8192,47,5,0,kij,2.418102,222.0216153,0,true,64,64,20260813
64,512,8192,47,5,1,ikj,2.415939,222.2203922,0,true,64,64,20260813
64,512,8192,47,6,0,ikj,2.407988,222.9541476,0,true,64,64,20260813
64,512,8192,47,6,1,kij,2.424692,221.4181892,0,true,64,64,20260813
64,512,8192,47,7,0,kij,2.421558,221.7047504,0,true,64,64,20260813
64,512,8192,47,7,1,ikj,2.407747,222.9764639,0,true,64,64,20260813
64,512,8192,47,8,0,kij,2.424452,221.4401077,0,true,64,64,20260813
64,512,8192,47,8,1,ikj,2.4166,222.1596094,0,true,64,64,20260813
64,512,8192,47,9,0,ikj,2.41023,222.7467553,0,true,64,64,20260813
64,512,8192,47,9,1,kij,2.426776,221.2280458,0,true,64,64,20260813
64,512,8192,47,10,0,ikj,2.416941,222.1282654,0,true,64,64,20260813
64,512,8192,47,10,1,kij,2.416591,222.1604367,0,true,64,64,20260813
64,512,8192,47,11,0,kij,2.422459,221.6222904,0,true,64,64,20260813
64,512,8192,47,11,1,ikj,2.4093,222.8327365,0,true,64,64,20260813
64,512,8192,47,12,0,kij,2.424723,221.4153584,0,true,64,64,20260813
64,512,8192,47,12,1,ikj,2.414177,222.3825809,0,true,64,64,20260813
64,512,8192,47,13,0,kij,2.415599,222.2516701,0,true,64,64,20260813
64,512,8192,47,13,1,ikj,2.414377,222.3641594,0,true,64,64,20260813
64,512,8192,47,14,0,kij,2.426506,221.2526621,0,true,64,64,20260813
64,512,8192,47,14,1,ikj,2.408369,222.9188766,0,true,64,64,20260813
64,512,8192,47,15,0,ikj,2.414428,222.3594624,0,true,64,64,20260813
64,512,8192,47,15,1,kij,2.415318,222.277527,0,true,64,64,20260813
64,512,8192,47,16,0,ikj,2.415139,222.2940013,0,true,64,64,20260813
64,512,8192,47,16,1,kij,2.42292,221.5801232,0,true,64,64,20260813
64,512,8192,47,17,0,kij,2.41674,222.1467398,0,true,64,64,20260813
64,512,8192,47,17,1,ikj,2.415799,222.2332702,0,true,64,64,20260813
64,512,8192,47,18,0,kij,2.421669,221.6945883,0,true,64,64,20260813
64,512,8192,47,18,1,ikj,2.408608,222.896757,0,true,64,64,20260813
64,512,8192,47,19,0,ikj,2.414337,222.3678434,0,true,64,64,20260813
64,512,8192,47,19,1,kij,2.415419,222.2682326,0,true,64,64,20260813
64,512,16384,11,0,0,ikj,4.828955,222.3549037,0,true,64,64,20260813
64,512,16384,11,0,1,kij,4.856086,221.1126047,0,true,64,64,20260813
64,512,16384,11,1,0,ikj,4.831939,222.2175868,0,true,64,64,20260813
64,512,16384,11,1,1,kij,4.859411,220.9613107,0,true,64,64,20260813
64,512,16384,11,2,0,ikj,4.827472,222.4232112,0,true,64,64,20260813
64,512,16384,11,2,1,kij,4.85287,221.2591361,0,true,64,64,20260813
64,512,16384,11,3,0,kij,4.850908,221.3486267,0,true,64,64,20260813
64,512,16384,11,3,1,ikj,4.834082,222.1190753,0,true,64,64,20260813
64,512,16384,11,4,0,ikj,4.82519,222.5284028,0,true,64,64,20260813
64,512,16384,11,4,1,kij,4.865229,220.697078,0,true,64,64,20260813
64,512,16384,11,5,0,kij,4.853301,221.2394871,0,true,64,64,20260813
64,512,16384,11,5,1,ikj,4.82617,222.4832163,0,true,64,64,20260813
64,512,16384,11,6,0,ikj,4.837067,221.9820036,0,true,64,64,20260813
64,512,16384,11,6,1,kij,4.851218,221.3344822,0,true,64,64,20260813
64,512,16384,11,7,0,ikj,4.825239,222.5261431,0,true,64,64,20260813
64,512,16384,11,7,1,kij,4.853091,221.2490604,0,true,64,64,20260813
64,512,16384,11,8,0,kij,4.857228,221.0606181,0,true,64,64,20260813
64,512,16384,11,8,1,ikj,4.831479,222.2387439,0,true,64,64,20260813
64,512,16384,11,9,0,kij,4.853642,221.2239436,0,true,64,64,20260813
64,512,16384,11,9,1,ikj,4.827462,222.4236719,0,true,64,64,20260813
64,512,16384,11,10,0,kij,4.860201,220.9253946,0,true,64,64,20260813
64,512,16384,11,10,1,ikj,4.828864,222.359094,0,true,64,64,20260813
64,512,16384,11,11,0,kij,4.851368,221.3276387,0,true,64,64,20260813
64,512,16384,11,11,1,ikj,4.831388,222.2429298,0,true,64,64,20260813
64,512,16384,11,12,0,kij,4.855004,221.1618825,0,true,64,64,20260813
64,512,16384,11,12,1,ikj,4.830246,222.295474,0,true,64,64,20260813
64,512,16384,11,13,0,kij,4.860723,220.9016692,0,true,64,64,20260813
64,512,16384,11,13,1,ikj,4.835795,222.0403934,0,true,64,64,20260813
64,512,16384,11,14,0,ikj,4.827712,222.4121538,0,true,64,64,20260813
64,512,16384,11,14,1,kij,4.854864,221.1682601,0,true,64,64,20260813
64,512,16384,11,15,0,ikj,4.833992,222.1232108,0,true,64,64,20260813
64,512,16384,11,15,1,kij,4.848064,221.4784755,0,true,64,64,20260813
64,512,16384,11,16,0,kij,4.854934,221.1650712,0,true,64,64,20260813
64,512,16384,11,16,1,ikj,4.832209,222.2051703,0,true,64,64,20260813
64,512,16384,11,17,0,kij,4.851839,221.306153,0,true,64,64,20260813
64,512,16384,11,17,1,ikj,4.828434,222.3788963,0,true,64,64,20260813
64,512,16384,11,18,0,kij,4.853892,221.2125494,0,true,64,64,20260813
64,512,16384,11,18,1,ikj,4.839481,221.8712759,0,true,64,64,20260813
64,512,16384,11,19,0,ikj,4.828133,222.3927601,0,true,64,64,20260813
64,512,16384,11,19,1,kij,4.849115,221.4304722,0,true,64,64,20260813
64,512,16384,29,0,0,kij,4.89213,219.4835019,0,true,64,64,20260813
64,512,16384,29,0,1,ikj,4.867203,220.6075695,0,true,64,64,20260813
64,512,16384,29,1,0,kij,4.90541,218.8893128,0,true,64,64,20260813
64,512,16384,29,1,1,ikj,4.873472,220.3237905,0,true,64,64,20260813
64,512,16384,29,2,0,ikj,4.860222,220.9244401,0,true,64,64,20260813
64,512,16384,29,2,1,kij,4.892801,219.4534018,0,true,64,64,20260813
64,512,16384,29,3,0,kij,4.894073,219.3963645,0,true,64,64,20260813
64,512,16384,29,3,1,ikj,4.868334,220.5563184,0,true,64,64,20260813
64,512,16384,29,4,0,ikj,4.863386,220.780712,0,true,64,64,20260813
64,512,16384,29,4,1,kij,4.890407,219.5608308,0,true,64,64,20260813
64,512,16384,29,5,0,kij,4.89846,219.1998759,0,true,64,64,20260813
64,512,16384,29,5,1,ikj,4.871389,220.4180007,0,true,64,64,20260813
64,512,16384,29,6,0,ikj,4.866021,220.661157,0,true,64,64,20260813
64,512,16384,29,6,1,kij,4.887793,219.6782523,0,true,64,64,20260813
64,512,16384,29,7,0,ikj,4.866121,220.6566224,0,true,64,64,20260813
64,512,16384,29,7,1,kij,4.887353,219.6980296,0,true,64,64,20260813
64,512,16384,29,8,0,kij,4.888835,219.6314304,0,true,64,64,20260813
64,512,16384,29,8,1,ikj,4.869266,220.5141029,0,true,64,64,20260813
64,512,16384,29,9,0,kij,4.895795,219.3191962,0,true,64,64,20260813
64,512,16384,29,9,1,ikj,4.872029,220.3890461,0,true,64,64,20260813
64,512,16384,29,10,0,kij,4.894284,219.386906,0,true,64,64,20260813
64,512,16384,29,10,1,ikj,4.873501,220.3224795,0,true,64,64,20260813
64,512,16384,29,11,0,ikj,4.863547,220.7734034,0,true,64,64,20260813
64,512,16384,29,11,1,kij,4.914694,218.4758245,0,true,64,64,20260813
64,512,16384,29,12,0,ikj,4.867452,220.5962841,0,true,64,64,20260813
64,512,16384,29,12,1,kij,4.892962,219.4461809,0,true,64,64,20260813
64,512,16384,29,13,0,kij,4.897509,219.2424402,0,true,64,64,20260813
64,512,16384,29,13,1,ikj,4.875224,220.2446132,0,true,64,64,20260813
64,512,16384,29,14,0,ikj,4.860712,220.9021691,0,true,64,64,20260813
64,512,16384,29,14,1,kij,4.888104,219.6642756,0,true,64,64,20260813
64,512,16384,29,15,0,ikj,4.863476,220.7766264,0,true,64,64,20260813
64,512,16384,29,15,1,kij,4.890288,219.5661736,0,true,64,64,20260813
64,512,16384,29,16,0,ikj,4.865259,220.6957171,0,true,64,64,20260813
64,512,16384,29,16,1,kij,4.887944,219.671466,0,true,64,64,20260813
64,512,16384,29,17,0,kij,4.889105,219.6193013,0,true,64,64,20260813
64,512,16384,29,17,1,ikj,4.86525,220.6961254,0,true,64,64,20260813
64,512,16384,29,18,0,ikj,4.870037,220.4791923,0,true,64,64,20260813
64,512,16384,29,18,1,kij,4.89202,219.4884371,0,true,64,64,20260813
64,512,16384,29,19,0,ikj,4.862285,220.8307049,0,true,64,64,20260813
64,512,16384,29,19,1,kij,4.893582,219.4183778,0,true,64,64,20260813
64,512,16384,47,0,0,ikj,4.864789,220.7170391,0,true,64,64,20260813
64,512,16384,47,0,1,kij,4.897158,219.2581542,0,true,64,64,20260813
64,512,16384,47,1,0,ikj,4.863737,220.764779,0,true,64,64,20260813
64,512,16384,47,1,1,kij,4.899992,219.1313423,0,true,64,64,20260813
64,512,16384,47,2,0,kij,4.891228,219.5239772,0,true,64,64,20260813
64,512,16384,47,2,1,ikj,4.863557,220.7729495,0,true,64,64,20260813
64,512,16384,47,3,0,kij,4.893242,219.4336238,0,true,64,64,20260813
64,512,16384,47,3,1,ikj,4.870006,220.4805957,0,true,64,64,20260813
64,512,16384,47,4,0,kij,4.887574,219.6880956,0,true,64,64,20260813
64,512,16384,47,4,1,ikj,4.86545,220.6870534,0,true,64,64,20260813
64,512,16384,47,5,0,kij,4.890267,219.5671165,0,true,64,64,20260813
64,512,16384,47,5,1,ikj,4.875665,220.2246922,0,true,64,64,20260813
64,512,16384,47,6,0,kij,4.887674,219.6836008,0,true,64,64,20260813
64,512,16384,47,6,1,ikj,4.861444,220.8689073,0,true,64,64,20260813
64,512,16384,47,7,0,kij,4.891249,219.5230347,0,true,64,64,20260813
64,512,16384,47,7,1,ikj,4.870197,220.4719489,0,true,64,64,20260813
64,512,16384,47,8,0,ikj,4.963358,216.333745,0,true,64,64,20260813
64,512,16384,47,8,1,kij,4.888134,219.6629274,0,true,64,64,20260813
64,512,16384,47,9,0,kij,4.893362,219.4282426,0,true,64,64,20260813
64,512,16384,47,9,1,ikj,4.87242,220.3713604,0,true,64,64,20260813
64,512,16384,47,10,0,ikj,4.862054,220.8411967,0,true,64,64,20260813
64,512,16384,47,10,1,kij,4.890498,219.5567453,0,true,64,64,20260813
64,512,16384,47,11,0,ikj,4.862315,220.8293424,0,true,64,64,20260813
64,512,16384,47,11,1,kij,4.899862,219.1371561,0,true,64,64,20260813
64,512,16384,47,12,0,kij,4.89866,219.1909265,0,true,64,64,20260813
64,512,16384,47,12,1,ikj,4.863507,220.7752192,0,true,64,64,20260813
64,512,16384,47,13,0,ikj,4.888976,219.6250961,0,true,64,64,20260813
64,512,16384,47,13,1,kij,4.896988,219.2657658,0,true,64,64,20260813
64,512,16384,47,14,0,kij,4.893322,219.4300363,0,true,64,64,20260813
64,512,16384,47,14,1,ikj,4.863958,220.7547483,0,true,64,64,20260813
64,512,16384,47,15,0,ikj,4.858809,220.9886876,0,true,64,64,20260813
64,512,16384,47,15,1,kij,4.896086,219.3061609,0,true,64,64,20260813
64,512,16384,47,16,0,ikj,4.869586,220.4996121,0,true,64,64,20260813
64,512,16384,47,16,1,kij,4.890438,219.5594391,0,true,64,64,20260813
64,512,16384,47,17,0,ikj,4.864789,220.7170391,0,true,64,64,20260813
64,512,16384,47,17,1,kij,4.897068,219.2621838,0,true,64,64,20260813
64,512,16384,47,18,0,kij,4.894803,219.3636443,0,true,64,64,20260813
64,512,16384,47,18,1,ikj,4.870678,220.4501763,0,true,64,64,20260813
64,512,16384,47,19,0,kij,4.890307,219.5653205,0,true,64,64,20260813
64,512,16384,47,19,1,ikj,4.874433,220.2803534,0,true,64,64,20260813
128,64,2048,11,0,0,kij,0.150156,223.463811,0,true,64,64,20260813
128,64,2048,11,0,1,ikj,0.149987,223.715602,0,true,64,64,20260813
128,64,2048,11,1,0,kij,0.150287,223.2690253,0,true,64,64,20260813
128,64,2048,11,1,1,ikj,0.149867,223.8947333,0,true,64,64,20260813
128,64,2048,11,2,0,ikj,0.150868,222.4092054,0,true,64,64,20260813
128,64,2048,11,2,1,kij,0.150207,223.387938,0,true,64,64,20260813
128,64,2048,11,3,0,ikj,0.150428,223.0597495,0,true,64,64,20260813
128,64,2048,11,3,1,kij,0.150077,223.5814415,0,true,64,64,20260813
128,64,2048,11,4,0,ikj,0.15894,211.1138291,0,true,64,64,20260813
128,64,2048,11,4,1,kij,0.150137,223.4920906,0,true,64,64,20260813
128,64,2048,11,5,0,kij,0.150046,223.6276342,0,true,64,64,20260813
128,64,2048,11,5,1,ikj,0.150057,223.6112411,0,true,64,64,20260813
128,64,2048,11,6,0,kij,0.150107,223.5367571,0,true,64,64,20260813
128,64,2048,11,6,1,ikj,0.149876,223.8812885,0,true,64,64,20260813
128,64,2048,11,7,0,ikj,0.150577,222.8390259,0,true,64,64,20260813
128,64,2048,11,7,1,kij,0.150257,223.3136027,0,true,64,64,20260813
128,64,2048,11,8,0,ikj,0.149977,223.7305187,0,true,64,64,20260813
128,64,2048,11,8,1,kij,0.150197,223.402811,0,true,64,64,20260813
128,64,2048,11,9,0,ikj,0.150307,223.2393169,0,true,64,64,20260813
128,64,2048,11,9,1,kij,0.150137,223.4920906,0,true,64,64,20260813
128,64,2048,11,10,0,ikj,0.149957,223.760358,0,true,64,64,20260813
128,64,2048,11,10,1,kij,0.150087,223.5665447,0,true,64,64,20260813
128,64,2048,11,11,0,ikj,0.149917,223.8200604,0,true,64,64,20260813
128,64,2048,11,11,1,kij,0.150077,223.5814415,0,true,64,64,20260813
128,64,2048,11,12,0,ikj,0.150027,223.6559553,0,true,64,64,20260813
128,64,2048,11,12,1,kij,0.150497,222.9574809,0,true,64,64,20260813
128,64,2048,11,13,0,kij,0.150126,223.5084662,0,true,64,64,20260813
128,64,2048,11,13,1,ikj,0.149867,223.8947333,0,true,64,64,20260813
128,64,2048,11,14,0,ikj,0.150057,223.6112411,0,true,64,64,20260813
128,64,2048,11,14,1,kij,0.150147,223.4772057,0,true,64,64,20260813
128,64,2048,11,15,0,kij,0.155815,215.3478933,0,true,64,64,20260813
128,64,2048,11,15,1,ikj,0.149906,223.8364842,0,true,64,64,20260813
128,64,2048,11,16,0,ikj,0.150157,223.4623228,0,true,64,64,20260813
128,64,2048,11,16,1,kij,0.150237,223.3433309,0,true,64,64,20260813
128,64,2048,11,17,0,ikj,0.150007,223.6857747,0,true,64,64,20260813
128,64,2048,11,17,1,kij,0.150037,223.6410485,0,true,64,64,20260813
128,64,2048,11,18,0,kij,0.151008,222.2030091,0,true,64,64,20260813
128,64,2048,11,18,1,ikj,0.149926,223.8066246,0,true,64,64,20260813
128,64,2048,11,19,0,kij,0.150247,223.3284658,0,true,64,64,20260813
128,64,2048,11,19,1,ikj,0.150187,223.417686,0,true,64,64,20260813
128,64,2048,29,0,0,kij,0.150347,223.1799238,0,true,64,64,20260813
128,64,2048,29,0,1,ikj,0.150458,223.0152734,0,true,64,64,20260813
128,64,2048,29,1,0,kij,0.150167,223.4474418,0,true,64,64,20260813
128,64,2048,29,1,1,ikj,0.149896,223.851417,0,true,64,64,20260813
128,64,2048,29,2,0,ikj,0.150046,223.6276342,0,true,64,64,20260813
128,64,2048,29,2,1,kij,0.150627,222.7650554,0,true,64,64,20260813
128,64,2048,29,3,0,ikj,0.149997,223.7006873,0,true,64,64,20260813
128,64,2048,29,3,1,kij,0.150387,223.1205623,0,true,64,64,20260813
128,64,2048,29,4,0,kij,0.149956,223.7618501,0,true,64,64,20260813
128,64,2048,29,4,1,ikj,0.150116,223.5233553,0,true,64,64,20260813
128,64,2048,29,5,0,ikj,0.150357,223.1650804,0,true,64,64,20260813
128,64,2048,29,5,1,kij,0.150217,223.373067,0,true,64,64,20260813
128,64,2048,29,6,0,ikj,0.149937,223.7902052,0,true,64,64,20260813
128,64,2048,29,6,1,kij,0.150207,223.387938,0,true,64,64,20260813
128,64,2048,29,7,0,kij,0.149946,223.776773,0,true,64,64,20260813
128,64,2048,29,7,1,ikj,0.149986,223.7170936,0,true,64,64,20260813
128,64,2048,29,8,0,ikj,0.150137,223.4920906,0,true,64,64,20260813
128,64,2048,29,8,1,kij,0.150257,223.3136027,0,true,64,64,20260813
128,64,2048,29,9,0,kij,0.150057,223.6112411,0,true,64,64,20260813
128,64,2048,29,9,1,ikj,0.150348,223.1784394,0,true,64,64,20260813
128,64,2048,29,10,0,kij,0.150157,223.4623228,0,true,64,64,20260813
128,64,2048,29,10,1,ikj,0.150257,223.3136027,0,true,64,64,20260813
128,64,2048,29,11,0,kij,0.150107,223.5367571,0,true,64,64,20260813
128,64,2048,29,11,1,ikj,0.149846,223.9261108,0,true,64,64,20260813
128,64,2048,29,12,0,kij,0.157207,213.4410809,0,true,64,64,20260813
128,64,2048,29,12,1,ikj,0.149827,223.9545075,0,true,64,64,20260813
128,64,2048,29,13,0,ikj,0.150227,223.3581979,0,true,64,64,20260813
128,64,2048,29,13,1,kij,0.150167,223.4474418,0,true,64,64,20260813
128,64,2048,29,14,0,ikj,0.149916,223.8215534,0,true,64,64,20260813
128,64,2048,29,14,1,kij,0.150187,223.417686,0,true,64,64,20260813
128,64,2048,29,15,0,ikj,0.149996,223.7021787,0,true,64,64,20260813
128,64,2048,29,15,1,kij,0.150147,223.4772057,0,true,64,64,20260813
128,64,2048,29,16,0,ikj,0.150237,223.3433309,0,true,64,64,20260813
128,64,2048,29,16,1,kij,0.150137,223.4920906,0,true,64,64,20260813
128,64,2048,29,17,0,kij,0.149877,223.8797948,0,true,64,64,20260813
128,64,2048,29,17,1,ikj,0.149986,223.7170936,0,true,64,64,20260813
128,64,2048,29,18,0,kij,0.150116,223.5233553,0,true,64,64,20260813
128,64,2048,29,18,1,ikj,0.150147,223.4772057,0,true,64,64,20260813
128,64,2048,29,19,0,ikj,0.150216,223.374554,0,true,64,64,20260813
128,64,2048,29,19,1,kij,0.150327,223.2096164,0,true,64,64,20260813
128,64,2048,47,0,0,ikj,0.150087,223.5665447,0,true,64,64,20260813
128,64,2048,47,0,1,kij,0.150948,222.2913321,0,true,64,64,20260813
128,64,2048,47,1,0,ikj,0.149936,223.7916978,0,true,64,64,20260813
128,64,2048,47,1,1,kij,0.150197,223.402811,0,true,64,64,20260813
128,64,2048,47,2,0,kij,0.149967,223.7454373,0,true,64,64,20260813
128,64,2048,47,2,1,ikj,0.149996,223.7021787,0,true,64,64,20260813
128,64,2048,47,3,0,kij,0.150136,223.4935792,0,true,64,64,20260813
128,64,2048,47,3,1,ikj,0.150016,223.6723549,0,true,64,64,20260813
128,64,2048,47,4,0,ikj,0.150027,223.6559553,0,true,64,64,20260813
128,64,2048,47,4,1,kij,0.150257,223.3136027,0,true,64,64,20260813
128,64,2048,47,5,0,kij,0.150007,223.6857747,0,true,64,64,20260813
128,64,2048,47,5,1,ikj,0.150107,223.5367571,0,true,64,64,20260813
128,64,2048,47,6,0,ikj,0.149997,223.7006873,0,true,64,64,20260813
128,64,2048,47,6,1,kij,0.150247,223.3284658,0,true,64,64,20260813
128,64,2048,47,7,0,ikj,0.149887,223.8648582,0,true,64,64,20260813
128,64,2048,47,7,1,kij,0.150147,223.4772057,0,true,64,64,20260813
128,64,2048,47,8,0,ikj,0.149926,223.8066246,0,true,64,64,20260813
128,64,2048,47,8,1,kij,0.150017,223.670864,0,true,64,64,20260813
128,64,2048,47,9,0,ikj,0.157398,213.1820735,0,true,64,64,20260813
128,64,2048,47,9,1,kij,0.151118,222.0412658,0,true,64,64,20260813
128,64,2048,47,10,0,kij,0.149986,223.7170936,0,true,64,64,20260813
128,64,2048,47,10,1,ikj,0.150047,223.6261438,0,true,64,64,20260813
128,64,2048,47,11,0,kij,0.150257,223.3136027,0,true,64,64,20260813
128,64,2048,47,11,1,ikj,0.149856,223.9111681,0,true,64,64,20260813
128,64,2048,47,12,0,kij,0.150518,222.9263743,0,true,64,64,20260813
128,64,2048,47,12,1,ikj,0.150477,222.9871143,0,true,64,64,20260813
128,64,2048,47,13,0,ikj,0.150097,223.5516499,0,true,64,64,20260813
128,64,2048,47,13,1,kij,0.150197,223.402811,0,true,64,64,20260813
128,64,2048,47,14,0,kij,0.149876,223.8812885,0,true,64,64,20260813
128,64,2048,47,14,1,ikj,0.150127,223.5069774,0,true,64,64,20260813
128,64,2048,47,15,0,kij,0.150126,223.5084662,0,true,64,64,20260813
128,64,2048,47,15,1,ikj,0.150297,223.2541701,0,true,64,64,20260813
128,64,2048,47,16,0,kij,0.150177,223.4325629,0,true,64,64,20260813
128,64,2048,47,16,1,ikj,0.150056,223.6127312,0,true,64,64,20260813
128,64,2048,47,17,0,kij,0.150127,223.5069774,0,true,64,64,20260813
128,64,2048,47,17,1,ikj,0.149887,223.8648582,0,true,64,64,20260813
128,64,2048,47,18,0,ikj,0.150587,222.8242279,0,true,64,64,20260813
128,64,2048,47,18,1,kij,0.150227,223.3581979,0,true,64,64,20260813
128,64,2048,47,19,0,ikj,0.149956,223.7618501,0,true,64,64,20260813
128,64,2048,47,19,1,kij,0.150257,223.3136027,0,true,64,64,20260813
128,64,8192,11,0,0,ikj,0.608539,220.5573151,0,true,64,64,20260813
128,64,8192,11,0,1,kij,0.604293,222.1070375,0,true,64,64,20260813
128,64,8192,11,1,0,ikj,0.603802,222.2876506,0,true,64,64,20260813
128,64,8192,11,1,1,kij,0.603611,222.3579888,0,true,64,64,20260813
128,64,8192,11,2,0,ikj,0.603752,222.3060594,0,true,64,64,20260813
128,64,8192,11,2,1,kij,0.603762,222.3023774,0,true,64,64,20260813
128,64,8192,11,3,0,ikj,0.612596,219.0966444,0,true,64,64,20260813
128,64,8192,11,3,1,kij,0.604173,222.1511521,0,true,64,64,20260813
128,64,8192,11,4,0,ikj,0.604103,222.1768937,0,true,64,64,20260813
128,64,8192,11,4,1,kij,0.603191,222.512816,0,true,64,64,20260813
128,64,8192,11,5,0,ikj,0.604133,222.1658608,0,true,64,64,20260813
128,64,8192,11,5,1,kij,0.603672,222.33552,0,true,64,64,20260813
128,64,8192,11,6,0,kij,0.603542,222.3834099,0,true,64,64,20260813
128,64,8192,11,6,1,ikj,0.685456,195.807941,0,true,64,64,20260813
128,64,8192,11,7,0,ikj,0.603412,222.4313206,0,true,64,64,20260813
128,64,8192,11,7,1,kij,0.603732,222.3134238,0,true,64,64,20260813
128,64,8192,11,8,0,ikj,0.604032,222.2030091,0,true,64,64,20260813
128,64,8192,11,8,1,kij,0.604223,222.1327689,0,true,64,64,20260813
128,64,8192,11,9,0,ikj,0.603842,222.2729257,0,true,64,64,20260813
128,64,8192,11,9,1,kij,0.611203,219.5959902,0,true,64,64,20260813
128,64,8192,11,10,0,ikj,0.603612,222.3576205,0,true,64,64,20260813
128,64,8192,11,10,1,kij,0.603331,222.461183,0,true,64,64,20260813
128,64,8192,11,11,0,ikj,0.603812,222.2839692,0,true,64,64,20260813
128,64,8192,11,11,1,kij,0.603671,222.3358883,0,true,64,64,20260813
128,64,8192,11,12,0,ikj,0.604443,222.0519189,0,true,64,64,20260813
128,64,8192,11,12,1,kij,0.609862,220.0788506,0,true,64,64,20260813
128,64,8192,11,13,0,kij,0.604553,222.0115159,0,true,64,64,20260813
128,64,8192,11,13,1,ikj,0.604293,222.1070375,0,true,64,64,20260813
128,64,8192,11,14,0,kij,0.604303,222.1033621,0,true,64,64,20260813
128,64,8192,11,14,1,ikj,0.603922,222.2434818,0,true,64,64,20260813
128,64,8192,11,15,0,ikj,0.603792,222.2913321,0,true,64,64,20260813
128,64,8192,11,15,1,kij,0.604283,222.110713,0,true,64,64,20260813
128,64,8192,11,16,0,ikj,0.611484,219.4950775,0,true,64,64,20260813
128,64,8192,11,16,1,kij,0.604003,222.2136777,0,true,64,64,20260813
128,64,8192,11,17,0,kij,0.603972,222.2250833,0,true,64,64,20260813
128,64,8192,11,17,1,ikj,0.604974,221.8570186,0,true,64,64,20260813
128,64,8192,11,18,0,ikj,0.603943,222.235754,0,true,64,64,20260813
128,64,8192,11,18,1,kij,0.603922,222.2434818,0,true,64,64,20260813
128,64,8192,11,19,0,ikj,0.612596,219.0966444,0,true,64,64,20260813
128,64,8192,11,19,1,kij,0.603452,222.4165766,0,true,64,64,20260813
128,64,8192,29,0,0,kij,0.603681,222.3322053,0,true,64,64,20260813
128,64,8192,29,0,1,ikj,0.603371,222.4464351,0,true,64,64,20260813
128,64,8192,29,1,0,ikj,0.604013,222.2099988,0,true,64,64,20260813
128,64,8192,29,1,1,kij,0.603422,222.4276344,0,true,64,64,20260813
128,64,8192,29,2,0,kij,0.603361,222.4501219,0,true,64,64,20260813
128,64,8192,29,2,1,ikj,0.608569,220.5464426,0,true,64,64,20260813
128,64,8192,29,3,0,kij,0.603542,222.3834099,0,true,64,64,20260813
128,64,8192,29,3,1,ikj,0.604673,221.9674568,0,true,64,64,20260813
128,64,8192,29,4,0,ikj,0.603772,222.2986955,0,true,64,64,20260813
128,64,8192,29,4,1,kij,0.603161,222.5238833,0,true,64,64,20260813
128,64,8192,29,5,0,kij,0.604153,222.1585062,0,true,64,64,20260813
128,64,8192,29,5,1,ikj,0.610462,219.8625435,0,true,64,64,20260813
128,64,8192,29,6,0,ikj,0.604013,222.2099988,0,true,64,64,20260813
128,64,8192,29,6,1,kij,0.603731,222.3137921,0,true,64,64,20260813
128,64,8192,29,7,0,ikj,0.605144,221.7946935,0,true,64,64,20260813
128,64,8192,29,7,1,kij,0.603982,222.2214039,0,true,64,64,20260813
128,64,8192,29,8,0,ikj,0.603642,222.3465697,0,true,64,64,20260813
128,64,8192,29,8,1,kij,0.611263,219.5744352,0,true,64,64,20260813
128,64,8192,29,9,0,ikj,0.603452,222.4165766,0,true,64,64,20260813
128,64,8192,29,9,1,kij,0.603551,222.3800938,0,true,64,64,20260813
128,64,8192,29,10,0,kij,0.603872,222.2618833,0,true,64,64,20260813
128,64,8192,29,10,1,ikj,0.603972,222.2250833,0,true,64,64,20260813
128,64,8192,29,11,0,ikj,0.603962,222.2287627,0,true,64,64,20260813
128,64,8192,29,11,1,kij,0.603451,222.4169452,0,true,64,64,20260813
128,64,8192,29,12,0,kij,0.60936,220.2601549,0,true,64,64,20260813
128,64,8192,29,12,1,ikj,0.603342,222.4571271,0,true,64,64,20260813
128,64,8192,29,13,0,ikj,0.603601,222.3616727,0,true,64,64,20260813
128,64,8192,29,13,1,kij,0.603762,222.3023774,0,true,64,64,20260813
128,64,8192,29,14,0,kij,0.603532,222.3870946,0,true,64,64,20260813
128,64,8192,29,14,1,ikj,0.604584,222.0001323,0,true,64,64,20260813
128,64,8192,29,15,0,ikj,0.609811,220.0972564,0,true,64,64,20260813
128,64,8192,29,15,1,kij,0.603462,222.412891,0,true,64,64,20260813
128,64,8192,29,16,0,ikj,0.604543,222.0151883,0,true,64,64,20260813
128,64,8192,29,16,1,kij,0.604483,222.0372252,0,true,64,64,20260813
128,64,8192,29,17,0,kij,0.604022,222.2066878,0,true,64,64,20260813
128,64,8192,29,17,1,ikj,0.604263,222.1180645,0,true,64,64,20260813
128,64,8192,29,18,0,ikj,0.609541,220.1947498,0,true,64,64,20260813
128,64,8192,29,18,1,kij,0.606496,221.3002691,0,true,64,64,20260813
128,64,8192,29,19,0,ikj,0.603853,222.2688767,0,true,64,64,20260813
128,64,8192,29,19,1,kij,0.604273,222.1143887,0,true,64,64,20260813
128,64,8192,47,0,0,ikj,0.604062,222.1919737,0,true,64,64,20260813
128,64,8192,47,0,1,kij,0.603451,222.4169452,0,true,64,64,20260813
128,64,8192,47,1,0,ikj,0.604283,222.110713,0,true,64,64,20260813
128,64,8192,47,1,1,kij,0.610242,219.9418067,0,true,64,64,20260813
128,64,8192,47,2,0,ikj,0.603872,222.2618833,0,true,64,64,20260813
128,64,8192,47,2,1,kij,0.604212,222.1368129,0,true,64,64,20260813
128,64,8192,47,3,0,kij,0.603322,222.4645015,0,true,64,64,20260813
128,64,8192,47,3,1,ikj,0.604373,222.0776375,0,true,64,64,20260813
128,64,8192,47,4,0,kij,0.604883,221.8903953,0,true,64,64,20260813
128,64,8192,47,4,1,ikj,0.604423,222.0592664,0,true,64,64,20260813
128,64,8192,47,5,0,ikj,0.611083,219.6391129,0,true,64,64,20260813
128,64,8192,47,5,1,kij,0.603492,222.4018347,0,true,64,64,20260813
128,64,8192,47,6,0,ikj,0.603602,222.3613043,0,true,64,64,20260813
128,64,8192,47,6,1,kij,0.605225,221.7650097,0,true,64,64,20260813
128,64,8192,47,7,0,kij,0.604053,222.1952842,0,true,64,64,20260813
128,64,8192,47,7,1,ikj,0.604022,222.2066878,0,true,64,64,20260813
128,64,8192,47,8,0,kij,0.610031,220.0178811,0,true,64,64,20260813
128,64,8192,47,8,1,ikj,0.604253,222.1217404,0,true,64,64,20260813
128,64,8192,47,9,0,ikj,0.603341,222.4574958,0,true,64,64,20260813
128,64,8192,47,9,1,kij,0.603892,222.2545223,0,true,64,64,20260813
128,64,8192,47,10,0,kij,0.603522,222.3907795,0,true,64,64,20260813
128,64,8192,47,10,1,ikj,0.603963,222.2283948,0,true,64,64,20260813
128,64,8192,47,11,0,ikj,0.609501,220.2092006,0,true,64,64,20260813
128,64,8192,47,11,1,kij,0.603521,222.3911479,0,true,64,64,20260813
128,64,8192,47,12,0,kij,0.603942,222.236122,0,true,64,64,20260813
128,64,8192,47,12,1,ikj,0.603672,222.33552,0,true,64,64,20260813
128,64,8192,47,13,0,ikj,0.603552,222.3797254,0,true,64,64,20260813
128,64,8192,47,13,1,kij,0.604333,222.0923365,0,true,64,64,20260813
128,64,8192,47,14,0,ikj,0.603952,222.2324423,0,true,64,64,20260813
128,64,8192,47,14,1,kij,0.612746,219.0430097,0,true,64,64,20260813
128,64,8192,47,15,0,ikj,0.604994,221.8496845,0,true,64,64,20260813
128,64,8192,47,15,1,kij,0.603562,222.3760409,0,true,64,64,20260813
128,64,8192,47,16,0,ikj,0.604072,222.1882954,0,true,64,64,20260813
128,64,8192,47,16,1,kij,0.603992,222.2177247,0,true,64,64,20260813
128,64,8192,47,17,0,kij,0.605164,221.7873634,0,true,64,64,20260813
128,64,8192,47,17,1,ikj,0.609261,220.2959454,0,true,64,64,20260813
128,64,8192,47,18,0,kij,0.603482,222.40552,0,true,64,64,20260813
128,64,8192,47,18,1,ikj,0.603512,222.3944644,0,true,64,64,20260813
128,64,8192,47,19,0,kij,0.603562,222.3760409,0,true,64,64,20260813
128,64,8192,47,19,1,ikj,0.604393,222.0702887,0,true,64,64,20260813
128,64,16384,11,0,0,ikj,1.207124,222.3760409,0,true,64,64,20260813
128,64,16384,11,0,1,kij,1.215976,220.7571992,0,true,64,64,20260813
128,64,16384,11,1,0,kij,1.208446,222.1327689,0,true,64,64,20260813
128,64,16384,11,1,1,ikj,1.208485,222.1256002,0,true,64,64,20260813
128,64,16384,11,2,0,ikj,1.212832,221.3294636,0,true,64,64,20260813
128,64,16384,11,2,1,kij,1.208115,222.1936289,0,true,64,64,20260813
128,64,16384,11,3,0,ikj,1.207715,222.2672203,0,true,64,64,20260813
128,64,16384,11,3,1,kij,1.21756,220.4700023,0,true,64,64,20260813
128,64,16384,11,4,0,kij,1.208145,222.1881115,0,true,64,64,20260813
128,64,16384,11,4,1,ikj,1.208676,222.090499,0,true,64,64,20260813
128,64,16384,11,5,0,ikj,1.214705,220.9881873,0,true,64,64,20260813
128,64,16384,11,5,1,kij,1.208455,222.1311145,0,true,64,64,20260813
128,64,16384,11,6,0,ikj,1.207724,222.265564,0,true,64,64,20260813
128,64,16384,11,6,1,kij,1.207914,222.2306025,0,true,64,64,20260813
128,64,16384,11,7,0,kij,1.214825,220.9663581,0,true,64,64,20260813
128,64,16384,11,7,1,ikj,1.208626,222.0996868,0,true,64,64,20260813
128,64,16384,11,8,0,ikj,1.208325,222.1550129,0,true,64,64,20260813
128,64,16384,11,8,1,kij,1.218161,220.3612298,0,true,64,64,20260813
128,64,16384,11,9,0,ikj,1.207213,222.3596466,0,true,64,64,20260813
128,64,16384,11,9,1,kij,1.208856,222.0574295,0,true,64,64,20260813
128,64,16384,11,10,0,kij,1.213723,221.1669846,0,true,64,64,20260813
128,64,16384,11,10,1,ikj,1.208155,222.1862725,0,true,64,64,20260813
128,64,16384,11,11,0,kij,1.209006,222.0298791,0,true,64,64,20260813
128,64,16384,11,11,1,ikj,1.216077,220.7388644,0,true,64,64,20260813
128,64,16384,11,12,0,ikj,1.207965,222.22122,0,true,64,64,20260813
128,64,16384,11,12,1,kij,1.209287,221.9782864,0,true,64,64,20260813
128,64,16384,11,13,0,ikj,1.207994,222.2158852,0,true,64,64,20260813
128,64,16384,11,13,1,kij,1.217279,220.5208962,0,true,64,64,20260813
128,64,16384,11,14,0,kij,1.208586,222.1070375,0,true,64,64,20260813
128,64,16384,11,14,1,ikj,1.209237,221.9874648,0,true,64,64,20260813
128,64,16384,11,15,0,ikj,1.215286,220.8825379,0,true,64,64,20260813
128,64,16384,11,15,1,kij,1.208386,222.1437984,0,true,64,64,20260813
128,64,16384,11,16,0,kij,1.209186,221.9968276,0,true,64,64,20260813
128,64,16384,11,16,1,ikj,1.213042,221.2911474,0,true,64,64,20260813
128,64,16384,11,17,0,ikj,1.208476,222.1272545,0,true,64,64,20260813
128,64,16384,11,17,1,kij,1.208626,222.0996868,0,true,64,64,20260813
128,64,16384,11,18,0,kij,1.215146,220.9079864,0,true,64,64,20260813
128,64,16384,11,18,1,ikj,1.208856,222.0574295,0,true,64,64,20260813
128,64,16384,11,19,0,kij,1.208065,222.2028252,0,true,64,64,20260813
128,64,16384,11,19,1,ikj,1.207464,222.3134238,0,true,64,64,20260813
128,64,16384,29,0,0,ikj,1.214444,221.0356805,0,true,64,64,20260813
128,64,16384,29,0,1,kij,1.208506,222.1217404,0,true,64,64,20260813
128,64,16384,29,1,0,kij,1.208005,222.2138617,0,true,64,64,20260813
128,64,16384,29,1,1,ikj,1.211951,221.490354,0,true,64,64,20260813
128,64,16384,29,2,0,ikj,1.206603,222.4720608,0,true,64,64,20260813
128,64,16384,29,2,1,kij,1.208105,222.1954681,0,true,64,64,20260813
128,64,16384,29,3,0,ikj,1.207554,222.2968546,0,true,64,64,20260813
128,64,16384,29,3,1,kij,1.216417,220.6771658,0,true,64,64,20260813
128,64,16384,29,4,0,ikj,1.207104,222.3797254,0,true,64,64,20260813
128,64,16384,29,4,1,kij,1.208335,222.1531744,0,true,64,64,20260813
128,64,16384,29,5,0,ikj,1.213112,221.2783783,0,true,64,64,20260813
128,64,16384,29,5,1,kij,1.207494,222.3079005,0,true,64,64,20260813
128,64,16384,29,6,0,ikj,1.208215,222.1752387,0,true,64,64,20260813
128,64,16384,29,6,1,kij,1.215205,220.897261,0,true,64,64,20260813
128,64,16384,29,7,0,kij,1.212412,221.4061359,0,true,64,64,20260813
128,64,16384,29,7,1,ikj,1.207885,222.235938,0,true,64,64,20260813
128,64,16384,29,8,0,ikj,1.216087,220.7370492,0,true,64,64,20260813
128,64,16384,29,8,1,kij,1.208776,222.0721259,0,true,64,64,20260813
128,64,16384,29,9,0,ikj,1.208476,222.1272545,0,true,64,64,20260813
128,64,16384,29,9,1,kij,1.208316,222.1566676,0,true,64,64,20260813
128,64,16384,29,10,0,kij,1.207975,222.2193804,0,true,64,64,20260813
128,64,16384,29,10,1,ikj,1.208756,222.0758002,0,true,64,64,20260813
128,64,16384,29,11,0,kij,1.208476,222.1272545,0,true,64,64,20260813
128,64,16384,29,11,1,ikj,1.216657,220.6336346,0,true,64,64,20260813
128,64,16384,29,12,0,ikj,1.207254,222.3520949,0,true,64,64,20260813
128,64,16384,29,12,1,kij,1.209106,222.0115159,0,true,64,64,20260813
128,64,16384,29,13,0,kij,1.21149,221.5746362,0,true,64,64,20260813
128,64,16384,29,13,1,ikj,1.209017,222.027859,0,true,64,64,20260813
128,64,16384,29,14,0,kij,1.209107,222.0113323,0,true,64,64,20260813
128,64,16384,29,14,1,ikj,1.213904,221.1340073,0,true,64,64,20260813
128,64,16384,29,15,0,ikj,1.208526,222.1180645,0,true,64,64,20260813
128,64,16384,29,15,1,kij,1.208475,222.1274383,0,true,64,64,20260813
128,64,16384,29,16,0,kij,1.215176,220.9025326,0,true,64,64,20260813
128,64,16384,29,16,1,ikj,1.207394,222.3263127,0,true,64,64,20260813
128,64,16384,29,17,0,kij,1.208886,222.0519189,0,true,64,64,20260813
128,64,16384,29,17,1,ikj,1.208376,222.1456368,0,true,64,64,20260813
128,64,16384,29,18,0,ikj,1.213053,221.2891407,0,true,64,64,20260813
128,64,16384,29,18,1,kij,1.208956,222.0390618,0,true,64,64,20260813
128,64,16384,29,19,0,kij,1.208155,222.1862725,0,true,64,64,20260813
128,64,16384,29,19,1,ikj,1.213994,221.1176134,0,true,64,64,20260813
128,64,16384,47,0,0,ikj,1.209197,221.9948081,0,true,64,64,20260813
128,64,16384,47,0,1,kij,1.208175,222.1825944,0,true,64,64,20260813
128,64,16384,47,1,0,ikj,1.207905,222.2322583,0,true,64,64,20260813
128,64,16384,47,1,1,kij,1.219623,220.0970759,0,true,64,64,20260813
128,64,16384,47,2,0,ikj,1.208045,222.2065039,0,true,64,64,20260813
128,64,16384,47,2,1,kij,1.208515,222.1200862,0,true,64,64,20260813
128,64,16384,47,3,0,kij,1.230319,218.1836223,0,true,64,64,20260813
128,64,16384,47,3,1,ikj,1.209698,221.9028683,0,true,64,64,20260813
128,64,16384,47,4,0,ikj,1.207394,222.3263127,0,true,64,64,20260813
128,64,16384,47,4,1,kij,1.213012,221.2966203,0,true,64,64,20260813
128,64,16384,47,5,0,ikj,1.207994,222.2158852,0,true,64,64,20260813
128,64,16384,47,5,1,kij,1.208035,222.2083433,0,true,64,64,20260813
128,64,16384,47,6,0,kij,1.213233,221.2563094,0,true,64,64,20260813
128,64,16384,47,6,1,ikj,1.207815,222.2488179,0,true,64,64,20260813
128,64,16384,47,7,0,ikj,1.207144,222.3723566,0,true,64,64,20260813
128,64,16384,47,7,1,kij,1.208646,222.0960116,0,true,64,64,20260813
128,64,16384,47,8,0,ikj,1.212021,221.4775619,0,true,64,64,20260813
128,64,16384,47,8,1,kij,1.208375,222.1458206,0,true,64,64,20260813
128,64,16384,47,9,0,ikj,1.207885,222.235938,0,true,64,64,20260813
128,64,16384,47,9,1,kij,1.212391,221.4099709,0,true,64,64,20260813
128,64,16384,47,10,0,ikj,1.207033,222.3928062,0,true,64,64,20260813
128,64,16384,47,10,1,kij,1.208105,222.1954681,0,true,64,64,20260813
128,64,16384,47,11,0,kij,1.21835,220.3270456,0,true,64,64,20260813
128,64,16384,47,11,1,ikj,1.207905,222.2322583,0,true,64,64,20260813
128,64,16384,47,12,0,kij,1.207674,222.2747662,0,true,64,64,20260813
128,64,16384,47,12,1,ikj,1.214575,221.0118404,0,true,64,64,20260813
128,64,16384,47,13,0,ikj,1.208565,222.1108968,0,true,64,64,20260813
128,64,16384,47,13,1,kij,1.207584,222.2913321,0,true,64,64,20260813
128,64,16384,47,14,0,kij,1.207955,222.2230596,0,true,64,64,20260813
128,64,16384,47,14,1,ikj,1.214986,220.9370775,0,true,64,64,20260813
128,64,16384,47,15,0,kij,1.208356,222.1493136,0,true,64,64,20260813
128,64,16384,47,15,1,ikj,1.207925,222.2285788,0,true,64,64,20260813
128,64,16384,47,16,0,kij,1.215937,220.7642797,0,true,64,64,20260813
128,64,16384,47,16,1,ikj,1.207824,222.2471618,0,true,64,64,20260813
128,64,16384,47,17,0,ikj,1.208245,222.1697222,0,true,64,64,20260813
128,64,16384,47,17,1,kij,1.214034,221.110328,0,true,64,64,20260813
128,64,16384,47,18,0,ikj,1.208546,222.1143887,0,true,64,64,20260813
128,64,16384,47,18,1,kij,1.208706,222.0849868,0,true,64,64,20260813
128,64,16384,47,19,0,kij,1.21803,220.3849298,0,true,64,64,20260813
128,64,16384,47,19,1,ikj,1.208376,222.1456368,0,true,64,64,20260813
128,128,2048,11,0,0,ikj,0.302958,221.512104,0,true,64,64,20260813
128,128,2048,11,0,1,kij,0.302067,222.1654931,0,true,64,64,20260813
128,128,2048,11,1,0,ikj,0.301746,222.4018347,0,true,64,64,20260813
128,128,2048,11,1,1,kij,0.301445,222.6239082,0,true,64,64,20260813
128,128,2048,11,2,0,ikj,0.301586,222.5198252,0,true,64,64,20260813
128,128,2048,11,2,1,kij,0.301806,222.3576205,0,true,64,64,20260813
128,128,2048,11,3,0,ikj,0.301906,222.2839692,0,true,64,64,20260813
128,128,2048,11,3,1,kij,0.302037,222.1875598,0,true,64,64,20260813
128,128,2048,11,4,0,ikj,0.308607,217.4573616,0,true,64,64,20260813
128,128,2048,11,4,1,kij,0.301536,222.5567229,0,true,64,64,20260813
128,128,2048,11,5,0,ikj,0.301866,222.3134238,0,true,64,64,20260813
128,128,2048,11,5,1,kij,0.301966,222.2398018,0,true,64,64,20260813
128,128,2048,11,6,0,ikj,0.302367,221.9450668,0,true,64,64,20260813
128,128,2048,11,6,1,kij,0.302607,221.7690404,0,true,64,64,20260813
128,128,2048,11,7,0,ikj,0.301696,222.4386933,0,true,64,64,20260813
128,128,2048,11,7,1,kij,0.301936,222.2618833,0,true,64,64,20260813
128,128,2048,11,8,0,kij,0.301846,222.3281541,0,true,64,64,20260813
128,128,2048,11,8,1,ikj,0.301846,222.3281541,0,true,64,64,20260813
128,128,2048,11,9,0,ikj,0.301635,222.4836773,0,true,64,64,20260813
128,128,2048,11,9,1,kij,0.31071,215.9855299,0,true,64,64,20260813
128,128,2048,11,10,0,kij,0.302948,221.5194159,0,true,64,64,20260813
128,128,2048,11,10,1,ikj,0.301695,222.4394306,0,true,64,64,20260813
128,128,2048,11,11,0,ikj,0.301646,222.4755641,0,true,64,64,20260813
128,128,2048,11,11,1,kij,0.301706,222.4313206,0,true,64,64,20260813
128,128,2048,11,12,0,ikj,0.301515,222.5722236,0,true,64,64,20260813
128,128,2048,11,12,1,kij,0.301826,222.3428863,0,true,64,64,20260813
128,128,2048,11,13,0,ikj,0.302006,222.2103667,0,true,64,64,20260813
128,128,2048,11,13,1,kij,0.301836,222.33552,0,true,64,64,20260813
128,128,2048,11,14,0,kij,0.302036,222.1882954,0,true,64,64,20260813
128,128,2048,11,14,1,ikj,0.302026,222.195652,0,true,64,64,20260813
128,128,2048,11,15,0,kij,0.308466,217.5567615,0,true,64,64,20260813
128,128,2048,11,15,1,ikj,0.301485,222.5943712,0,true,64,64,20260813
128,128,2048,11,16,0,kij,0.303038,221.4536263,0,true,64,64,20260813
128,128,2048,11,16,1,ikj,0.301816,222.3502531,0,true,64,64,20260813
128,128,2048,11,17,0,kij,0.302957,221.5128352,0,true,64,64,20260813
128,128,2048,11,17,1,ikj,0.301686,222.4460664,0,true,64,64,20260813
128,128,2048,11,18,0,ikj,0.302086,222.1515198,0,true,64,64,20260813
128,128,2048,11,18,1,kij,0.302197,222.0699213,0,true,64,64,20260813
128,128,2048,11,19,0,kij,0.302286,222.0045387,0,true,64,64,20260813
128,128,2048,11,19,1,ikj,0.301846,222.3281541,0,true,64,64,20260813
128,128,2048,29,0,0,ikj,0.301856,222.3207887,0,true,64,64,20260813
128,128,2048,29,0,1,kij,0.301876,222.3060594,0,true,64,64,20260813
128,128,2048,29,1,0,kij,0.301956,222.2471618,0,true,64,64,20260813
128,128,2048,29,1,1,ikj,0.301686,222.4460664,0,true,64,64,20260813
128,128,2048,29,2,0,ikj,0.309267,216.9932906,0,true,64,64,20260813
128,128,2048,29,2,1,kij,0.301566,222.5345828,0,true,64,64,20260813
128,128,2048,29,3,0,ikj,0.301796,222.3649883,0,true,64,64,20260813
128,128,2048,29,3,1,kij,0.301715,222.4246855,0,true,64,64,20260813
128,128,2048,29,4,0,ikj,0.301745,222.4025717,0,true,64,64,20260813
128,128,2048,29,4,1,kij,0.302427,221.901034,0,true,64,64,20260813
128,128,2048,29,5,0,kij,0.302116,222.1294602,0,true,64,64,20260813
128,128,2048,29,5,1,ikj,0.301736,222.4092054,0,true,64,64,20260813
128,128,2048,29,6,0,ikj,0.302036,222.1882954,0,true,64,64,20260813
128,128,2048,29,6,1,kij,0.301706,222.4313206,0,true,64,64,20260813
128,128,2048,29,7,0,kij,0.302106,222.1368129,0,true,64,64,20260813
128,128,2048,29,7,1,ikj,0.307244,218.4220489,0,true,64,64,20260813
128,128,2048,29,8,0,kij,0.301926,222.2692448,0,true,64,64,20260813
128,128,2048,29,8,1,ikj,0.302317,221.9817741,0,true,64,64,20260813
128,128,2048,29,9,0,kij,0.301996,222.2177247,0,true,64,64,20260813
128,128,2048,29,9,1,ikj,0.301966,222.2398018,0,true,64,64,20260813
128,128,2048,29,10,0,kij,0.301906,222.2839692,0,true,64,64,20260813
128,128,2048,29,10,1,ikj,0.301716,222.4239483,0,true,64,64,20260813
128,128,2048,29,11,0,ikj,0.302167,222.091969,0,true,64,64,20260813
128,128,2048,29,11,1,kij,0.301766,222.3870946,0,true,64,64,20260813
128,128,2048,29,12,0,ikj,0.303137,221.3813028,0,true,64,64,20260813
128,128,2048,29,12,1,kij,0.302557,221.8056895,0,true,64,64,20260813
128,128,2048,29,13,0,kij,0.307425,218.2934504,0,true,64,64,20260813
128,128,2048,29,13,1,ikj,0.301916,222.2766067,0,true,64,64,20260813
128,128,2048,29,14,0,kij,0.301746,222.4018347,0,true,64,64,20260813
128,128,2048,29,14,1,ikj,0.301666,222.4608143,0,true,64,64,20260813
128,128,2048,29,15,0,ikj,0.301715,222.4246855,0,true,64,64,20260813
128,128,2048,29,15,1,kij,0.301886,222.2986955,0,true,64,64,20260813
128,128,2048,29,16,0,ikj,0.302147,222.1066699,0,true,64,64,20260813
128,128,2048,29,16,1,kij,0.302077,222.1581385,0,true,64,64,20260813
128,128,2048,29,17,0,kij,0.302016,222.2030091,0,true,64,64,20260813
128,128,2048,29,17,1,ikj,0.302016,222.2030091,0,true,64,64,20260813
128,128,2048,29,18,0,kij,0.301695,222.4394306,0,true,64,64,20260813
128,128,2048,29,18,1,ikj,0.301926,222.2692448,0,true,64,64,20260813
128,128,2048,29,19,0,kij,0.302077,222.1581385,0,true,64,64,20260813
128,128,2048,29,19,1,ikj,0.301916,222.2766067,0,true,64,64,20260813
128,128,2048,47,0,0,kij,0.301665,222.4615517,0,true,64,64,20260813
128,128,2048,47,0,1,ikj,0.302567,221.7983587,0,true,64,64,20260813
128,128,2048,47,1,0,ikj,0.302517,221.8350175,0,true,64,64,20260813
128,128,2048,47,1,1,kij,0.302327,221.9744317,0,true,64,64,20260813
128,128,2048,47,2,0,ikj,0.302156,222.1000543,0,true,64,64,20260813
128,128,2048,47,2,1,kij,0.302087,222.1507844,0,true,64,64,20260813
128,128,2048,47,3,0,kij,0.302267,222.0184936,0,true,64,64,20260813
128,128,2048,47,3,1,ikj,0.301725,222.4173138,0,true,64,64,20260813
128,128,2048,47,4,0,ikj,0.301696,222.4386933,0,true,64,64,20260813
128,128,2048,47,4,1,kij,0.302056,222.1735837,0,true,64,64,20260813
128,128,2048,47,5,0,kij,0.302507,221.8423508,0,true,64,64,20260813
128,128,2048,47,5,1,ikj,0.345332,194.3314376,0,true,64,64,20260813
128,128,2048,47,6,0,ikj,0.301786,222.3723566,0,true,64,64,20260813
128,128,2048,47,6,1,kij,0.302246,222.0339194,0,true,64,64,20260813
128,128,2048,47,7,0,ikj,0.301736,222.4092054,0,true,64,64,20260813
128,128,2048,47,7,1,kij,0.302046,222.1809393,0,true,64,64,20260813
128,128,2048,47,8,0,kij,0.302036,222.1882954,0,true,64,64,20260813
128,128,2048,47,8,1,ikj,0.301685,222.4468038,0,true,64,64,20260813
128,128,2048,47,9,0,kij,0.302026,222.195652,0,true,64,64,20260813
128,128,2048,47,9,1,ikj,0.301866,222.3134238,0,true,64,64,20260813
128,128,2048,47,10,0,kij,0.301876,222.3060594,0,true,64,64,20260813
128,128,2048,47,10,1,ikj,0.301796,222.3649883,0,true,64,64,20260813
128,128,2048,47,11,0,kij,0.308095,217.8187377,0,true,64,64,20260813
128,128,2048,47,11,1,ikj,0.301596,222.5124471,0,true,64,64,20260813
128,128,2048,47,12,0,ikj,0.301936,222.2618833,0,true,64,64,20260813
128,128,2048,47,12,1,kij,0.302607,221.7690404,0,true,64,64,20260813
128,128,2048,47,13,0,kij,0.301946,222.2545223,0,true,64,64,20260813
128,128,2048,47,13,1,ikj,0.301696,222.4386933,0,true,64,64,20260813
128,128,2048,47,14,0,kij,0.301775,222.3804623,0,true,64,64,20260813
128,128,2048,47,14,1,ikj,0.301926,222.2692448,0,true,64,64,20260813
128,128,2048,47,15,0,ikj,0.301896,222.2913321,0,true,64,64,20260813
128,128,2048,47,15,1,kij,0.301766,222.3870946,0,true,64,64,20260813
128,128,2048,47,16,0,ikj,0.301836,222.33552,0,true,64,64,20260813
128,128,2048,47,16,1,kij,0.306623,218.8644166,0,true,64,64,20260813
128,128,2048,47,17,0,ikj,0.301605,222.5058073,0,true,64,64,20260813
128,128,2048,47,17,1,kij,0.301415,222.6460661,0,true,64,64,20260813
128,128,2048,47,18,0,ikj,0.301806,222.3576205,0,true,64,64,20260813
128,128,2048,47,18,1,kij,0.301876,222.3060594,0,true,64,64,20260813
128,128,2048,47,19,0,kij,0.303508,221.1106923,0,true,64,64,20260813
128,128,2048,47,19,1,ikj,0.301786,222.3723566,0,true,64,64,20260813
128,128,8192,11,0,0,ikj,1.209236,221.9876484,0,true,64,64,20260813
128,128,8192,11,0,1,kij,1.202777,223.1797382,0,true,64,64,20260813
128,128,8192,11,1,0,ikj,1.201776,223.3656322,0,true,64,64,20260813
128,128,8192,11,1,1,kij,1.210138,221.8221856,0,true,64,64,20260813
128,128,8192,11,2,0,ikj,1.202466,223.2374604,0,true,64,64,20260813
128,128,8192,11,2,1,kij,1.203327,223.0777303,0,true,64,64,20260813
128,128,8192,11,3,0,ikj,1.203378,223.0682761,0,true,64,64,20260813
128,128,8192,11,3,1,kij,1.210108,221.8276848,0,true,64,64,20260813
128,128,8192,11,4,0,ikj,1.202176,223.2913118,0,true,64,64,20260813
128,128,8192,11,4,1,kij,1.202777,223.1797382,0,true,64,64,20260813
128,128,8192,11,5,0,ikj,1.206743,222.4462508,0,true,64,64,20260813
128,128,8192,11,5,1,kij,1.203328,223.0775449,0,true,64,64,20260813
128,128,8192,11,6,0,ikj,1.202627,223.2075748,0,true,64,64,20260813
128,128,8192,11,6,1,kij,1.21162,221.5508625,0,true,64,64,20260813
128,128,8192,11,7,0,ikj,1.201875,223.3472333,0,true,64,64,20260813
128,128,8192,11,7,1,kij,1.202156,223.2950266,0,true,64,64,20260813
128,128,8192,11,8,0,kij,1.210038,221.8405174,0,true,64,64,20260813
128,128,8192,11,8,1,ikj,1.204049,222.9439632,0,true,64,64,20260813
128,128,8192,11,9,0,kij,1.201445,223.4271698,0,true,64,64,20260813
128,128,8192,11,9,1,ikj,1.210338,221.785531,0,true,64,64,20260813
128,128,8192,11,10,0,kij,1.206683,222.4573115,0,true,64,64,20260813
128,128,8192,11,10,1,ikj,1.202537,223.22428,0,true,64,64,20260813
128,128,8192,11,11,0,kij,1.209407,221.9562612,0,true,64,64,20260813
128,128,8192,11,11,1,ikj,1.201054,223.4999059,0,true,64,64,20260813
128,128,8192,11,12,0,kij,1.203929,222.9661849,0,true,64,64,20260813
128,128,8192,11,12,1,ikj,1.203337,223.0758765,0,true,64,64,20260813
128,128,8192,11,13,0,kij,1.208876,222.0537557,0,true,64,64,20260813
128,128,8192,11,13,1,ikj,1.202426,223.2448866,0,true,64,64,20260813
128,128,8192,11,14,0,kij,1.202306,223.2671683,0,true,64,64,20260813
128,128,8192,11,14,1,ikj,1.208475,222.1274383,0,true,64,64,20260813
128,128,8192,11,15,0,ikj,1.200934,223.5222385,0,true,64,64,20260813
128,128,8192,11,15,1,kij,1.202516,223.2281783,0,true,64,64,20260813
128,128,8192,11,16,0,ikj,1.216337,220.69168,0,true,64,64,20260813
128,128,8192,11,16,1,kij,1.201735,223.3732528,0,true,64,64,20260813
128,128,8192,11,17,0,ikj,1.213473,221.2125494,0,true,64,64,20260813
128,128,8192,11,17,1,kij,1.208135,222.1899506,0,true,64,64,20260813
128,128,8192,11,18,0,kij,1.203278,223.0868145,0,true,64,64,20260813
128,128,8192,11,18,1,ikj,1.202196,223.287597,0,true,64,64,20260813
128,128,8192,11,19,0,kij,1.209327,221.9709442,0,true,64,64,20260813
128,128,8192,11,19,1,ikj,1.203959,222.9606291,0,true,64,64,20260813
128,128,8192,29,0,0,kij,1.200814,223.5445756,0,true,64,64,20260813
128,128,8192,29,0,1,ikj,1.209287,221.9782864,0,true,64,64,20260813
128,128,8192,29,1,0,ikj,1.202426,223.2448866,0,true,64,64,20260813
128,128,8192,29,1,1,kij,1.201425,223.4308892,0,true,64,64,20260813
128,128,8192,29,2,0,ikj,1.22451,219.218672,0,true,64,64,20260813
128,128,8192,29,2,1,kij,1.202166,223.2931692,0,true,64,64,20260813
128,128,8192,29,3,0,ikj,1.201986,223.3266078,0,true,64,64,20260813
128,128,8192,29,3,1,kij,1.210459,221.7633608,0,true,64,64,20260813
128,128,8192,29,4,0,ikj,1.200744,223.5576076,0,true,64,64,20260813
128,128,8192,29,4,1,kij,1.201725,223.3751116,0,true,64,64,20260813
128,128,8192,29,5,0,kij,1.202406,223.2485999,0,true,64,64,20260813
128,128,8192,29,5,1,ikj,1.201315,223.4513479,0,true,64,64,20260813
128,128,8192,29,6,0,kij,1.201425,223.4308892,0,true,64,64,20260813
128,128,8192,29,6,1,ikj,1.201035,223.5034416,0,true,64,64,20260813
128,128,8192,29,7,0,kij,1.207444,222.3171062,0,true,64,64,20260813
128,128,8192,29,7,1,ikj,1.201054,223.4999059,0,true,64,64,20260813
128,128,8192,29,8,0,ikj,1.202837,223.1686056,0,true,64,64,20260813
128,128,8192,29,8,1,kij,1.207364,222.331837,0,true,64,64,20260813
128,128,8192,29,9,0,kij,1.202346,223.2597405,0,true,64,64,20260813
128,128,8192,29,9,1,ikj,1.201125,223.4866946,0,true,64,64,20260813
128,128,8192,29,10,0,kij,1.210098,221.8295179,0,true,64,64,20260813
128,128,8192,29,10,1,ikj,1.202437,223.2428443,0,true,64,64,20260813
128,128,8192,29,11,0,ikj,1.203298,223.0831066,0,true,64,64,20260813
128,128,8192,29,11,1,kij,1.209067,222.0186772,0,true,64,64,20260813
128,128,8192,29,12,0,kij,1.203007,223.137069,0,true,64,64,20260813
128,128,8192,29,12,1,ikj,1.202557,223.2205675,0,true,64,64,20260813
128,128,8192,29,13,0,ikj,1.21136,221.598415,0,true,64,64,20260813
128,128,8192,29,13,1,kij,1.201555,223.4067155,0,true,64,64,20260813
128,128,8192,29,14,0,ikj,1.207554,222.2968546,0,true,64,64,20260813
128,128,8192,29,14,1,kij,1.202336,223.2615974,0,true,64,64,20260813
128,128,8192,29,15,0,kij,1.210048,221.8386841,0,true,64,64,20260813
128,128,8192,29,15,1,ikj,1.201936,223.3358981,0,true,64,64,20260813
128,128,8192,29,16,0,ikj,1.201775,223.3658181,0,true,64,64,20260813
128,128,8192,29,16,1,kij,1.206452,222.4999055,0,true,64,64,20260813
128,128,8192,29,17,0,ikj,1.203658,223.0163851,0,true,64,64,20260813
128,128,8192,29,17,1,kij,1.202146,223.2968841,0,true,64,64,20260813
128,128,8192,29,18,0,kij,1.209537,221.9324055,0,true,64,64,20260813
128,128,8192,29,18,1,ikj,1.202677,223.1982951,0,true,64,64,20260813
128,128,8192,29,19,0,ikj,1.201996,223.3247498,0,true,64,64,20260813
128,128,8192,29,19,1,kij,1.209116,222.0096798,0,true,64,64,20260813
128,128,8192,47,0,0,kij,1.202046,223.3154605,0,true,64,64,20260813
128,128,8192,47,0,1,ikj,1.201815,223.3583838,0,true,64,64,20260813
128,128,8192,47,1,0,ikj,1.208897,222.0498984,0,true,64,64,20260813
128,128,8192,47,1,1,kij,1.201835,223.3546668,0,true,64,64,20260813
128,128,8192,47,2,0,ikj,1.202937,223.1500536,0,true,64,64,20260813
128,128,8192,47,2,1,kij,1.207504,222.3060594,0,true,64,64,20260813
128,128,8192,47,3,0,ikj,1.20482,222.8012948,0,true,64,64,20260813
128,128,8192,47,3,1,kij,1.205911,222.5997242,0,true,64,64,20260813
128,128,8192,47,4,0,kij,1.215456,220.8516442,0,true,64,64,20260813
128,128,8192,47,4,1,ikj,1.203298,223.0831066,0,true,64,64,20260813
128,128,8192,47,5,0,ikj,1.201495,223.4178719,0,true,64,64,20260813
128,128,8192,47,5,1,kij,1.212592,221.3732698,0,true,64,64,20260813
128,128,8192,47,6,0,kij,1.202557,223.2205675,0,true,64,64,20260813
128,128,8192,47,6,1,ikj,1.203047,223.12965,0,true,64,64,20260813
128,128,8192,47,7,0,kij,1.202316,223.2653113,0,true,64,64,20260813
128,128,8192,47,7,1,ikj,1.206903,222.4167609,0,true,64,64,20260813
128,128,8192,47,8,0,kij,1.201264,223.4608346,0,true,64,64,20260813
128,128,8192,47,8,1,ikj,1.201435,223.4290295,0,true,64,64,20260813
128,128,8192,47,9,0,ikj,1.207765,222.2580187,0,true,64,64,20260813
128,128,8192,47,9,1,kij,1.202066,223.3117449,0,true,64,64,20260813
128,128,8192,47,10,0,kij,1.201635,223.3918419,0,true,64,64,20260813
128,128,8192,47,10,1,ikj,1.206513,222.4886562,0,true,64,64,20260813
128,128,8192,47,11,0,kij,1.201385,223.4383283,0,true,64,64,20260813
128,128,8192,47,11,1,ikj,1.201535,223.4104342,0,true,64,64,20260813
128,128,8192,47,12,0,kij,1.208906,222.0482453,0,true,64,64,20260813
128,128,8192,47,12,1,ikj,1.200533,223.596899,0,true,64,64,20260813
128,128,8192,47,13,0,ikj,1.201826,223.3563394,0,true,64,64,20260813
128,128,8192,47,13,1,kij,1.208636,222.0978491,0,true,64,64,20260813
128,128,8192,47,14,0,ikj,1.201585,223.4011377,0,true,64,64,20260813
128,128,8192,47,14,1,kij,1.202627,223.2075748,0,true,64,64,20260813
128,128,8192,47,15,0,kij,1.208255,222.1678834,0,true,64,64,20260813
128,128,8192,47,15,1,ikj,1.201224,223.4682757,0,true,64,64,20260813
128,128,8192,47,16,0,kij,1.201956,223.3321819,0,true,64,64,20260813
128,128,8192,47,16,1,ikj,1.203137,223.1129589,0,true,64,64,20260813
128,128,8192,47,17,0,ikj,1.208455,222.1311145,0,true,64,64,20260813
128,128,8192,47,17,1,kij,1.202156,223.2950266,0,true,64,64,20260813
128,128,8192,47,18,0,kij,1.201876,223.3470474,0,true,64,64,20260813
128,128,8192,47,18,1,ikj,1.215195,220.8990787,0,true,64,64,20260813
128,128,8192,47,19,0,kij,1.202407,223.2484142,0,true,64,64,20260813
128,128,8192,47,19,1,ikj,1.203237,223.0944161,0,true,64,64,20260813
128,128,16384,11,0,0,ikj,2.404201,223.305336,0,true,64,64,20260813
128,128,16384,11,0,1,kij,2.414547,222.3485035,0,true,64,64,20260813
128,128,16384,11,1,0,kij,2.414918,222.3143444,0,true,64,64,20260813
128,128,16384,11,1,1,ikj,2.41019,222.750452,0,true,64,64,20260813
128,128,16384,11,2,0,ikj,2.413296,222.4637641,0,true,64,64,20260813
128,128,16384,11,2,1,kij,2.40939,222.8244128,0,true,64,64,20260813
128,128,16384,11,3,0,ikj,2.413565,222.4389697,0,true,64,64,20260813
128,128,16384,11,3,1,kij,2.414377,222.3641594,0,true,64,64,20260813
128,128,16384,11,4,0,ikj,2.408959,222.8642795,0,true,64,64,20260813
128,128,16384,11,4,1,kij,2.415479,222.2627115,0,true,64,64,20260813
128,128,16384,11,5,0,kij,2.41023,222.7467553,0,true,64,64,20260813
128,128,16384,11,5,1,ikj,2.412655,222.5228688,0,true,64,64,20260813
128,128,16384,11,6,0,kij,2.413676,222.4287402,0,true,64,64,20260813
128,128,16384,11,6,1,ikj,2.407837,222.9681295,0,true,64,64,20260813
128,128,16384,11,7,0,ikj,2.408899,222.8698306,0,true,64,64,20260813
128,128,16384,11,7,1,kij,2.416701,222.1503248,0,true,64,64,20260813
128,128,16384,11,8,0,kij,2.406375,223.1035944,0,true,64,64,20260813
128,128,16384,11,8,1,ikj,2.411703,222.6107079,0,true,64,64,20260813
128,128,16384,11,9,0,ikj,2.40978,222.7883508,0,true,64,64,20260813
128,128,16384,11,9,1,kij,2.412394,222.5469438,0,true,64,64,20260813
128,128,16384,11,10,0,ikj,2.412144,222.5700091,0,true,64,64,20260813
128,128,16384,11,10,1,kij,2.407347,223.0135132,0,true,64,64,20260813
128,128,16384,11,11,0,ikj,2.413777,222.4194331,0,true,64,64,20260813
128,128,16384,11,11,1,kij,2.408668,222.8912046,0,true,64,64,20260813
128,128,16384,11,12,0,ikj,2.413656,222.4305833,0,true,64,64,20260813
128,128,16384,11,12,1,kij,2.449059,219.215181,0,true,64,64,20260813
128,128,16384,11,13,0,kij,2.410802,222.6939052,0,true,64,64,20260813
128,128,16384,11,13,1,ikj,2.417562,222.0712073,0,true,64,64,20260813
128,128,16384,11,14,0,ikj,2.41016,222.7532247,0,true,64,64,20260813
128,128,16384,11,14,1,kij,2.407867,222.9653515,0,true,64,64,20260813
128,128,16384,11,15,0,ikj,2.412905,222.4998133,0,true,64,64,20260813
128,128,16384,11,15,1,kij,2.407697,222.9810944,0,true,64,64,20260813
128,128,16384,11,16,0,kij,2.415488,222.2618833,0,true,64,64,20260813
128,128,16384,11,16,1,ikj,2.417272,222.0978491,0,true,64,64,20260813
128,128,16384,11,17,0,ikj,2.404061,223.3183401,0,true,64,64,20260813
128,128,16384,11,17,1,kij,2.414818,222.3235507,0,true,64,64,20260813
128,128,16384,11,18,0,ikj,2.409129,222.8485531,0,true,64,64,20260813
128,128,16384,11,18,1,kij,2.409289,222.8337539,0,true,64,64,20260813
128,128,16384,11,19,0,kij,2.427106,221.1979666,0,true,64,64,20260813
128,128,16384,11,19,1,ikj,2.409731,222.792881,0,true,64,64,20260813
128,128,16384,29,0,0,ikj,2.407166,223.0302821,0,true,64,64,20260813
128,128,16384,29,0,1,kij,2.412034,222.5801593,0,true,64,64,20260813
128,128,16384,29,1,0,kij,2.413546,222.4407208,0,true,64,64,20260813
128,128,16384,29,1,1,ikj,2.404903,223.2401523,0,true,64,64,20260813
128,128,16384,29,2,0,ikj,2.411493,222.6300935,0,true,64,64,20260813
128,128,16384,29,2,1,kij,2.408499,222.9068445,0,true,64,64,20260813
128,128,16384,29,3,0,kij,2.414938,222.3125033,0,true,64,64,20260813
128,128,16384,29,3,1,ikj,2.415499,222.2608711,0,true,64,64,20260813
128,128,16384,29,4,0,ikj,2.406836,223.0608616,0,true,64,64,20260813
128,128,16384,29,4,1,kij,2.412775,222.5118016,0,true,64,64,20260813
128,128,16384,29,5,0,ikj,2.408868,222.8726987,0,true,64,64,20260813
128,128,16384,29,5,1,kij,2.417282,222.0969304,0,true,64,64,20260813
128,128,16384,29,6,0,ikj,2.410681,222.7050829,0,true,64,64,20260813
128,128,16384,29,6,1,kij,2.410321,222.7383456,0,true,64,64,20260813
128,128,16384,29,7,0,kij,2.413866,222.4112324,0,true,64,64,20260813
128,128,16384,29,7,1,ikj,2.41668,222.1522552,0,true,64,64,20260813
128,128,16384,29,8,0,ikj,2.405133,223.2188041,0,true,64,64,20260813
128,128,16384,29,8,1,kij,2.414778,222.3272334,0,true,64,64,20260813
128,128,16384,29,9,0,ikj,2.406135,223.1258479,0,true,64,64,20260813
128,128,16384,29,9,1,kij,2.413617,222.4341774,0,true,64,64,20260813
128,128,16384,29,10,0,ikj,2.415178,222.2904117,0,true,64,64,20260813
128,128,16384,29,10,1,kij,2.407377,223.0107341,0,true,64,64,20260813
128,128,16384,29,11,0,ikj,2.413275,222.4656999,0,true,64,64,20260813
128,128,16384,29,11,1,kij,2.40946,222.8179393,0,true,64,64,20260813
128,128,16384,29,12,0,ikj,2.413886,222.4093897,0,true,64,64,20260813
128,128,16384,29,12,1,kij,2.420376,221.8130208,0,true,64,64,20260813
128,128,16384,29,13,0,kij,2.40919,222.8429107,0,true,64,64,20260813
128,128,16384,29,13,1,ikj,2.416139,222.2019975,0,true,64,64,20260813
128,128,16384,29,14,0,kij,2.418243,222.0086699,0,true,64,64,20260813
128,128,16384,29,14,1,ikj,2.408018,222.95137,0,true,64,64,20260813
128,128,16384,29,15,0,ikj,2.414277,222.3733698,0,true,64,64,20260813
128,128,16384,29,15,1,kij,2.407977,222.9551661,0,true,64,64,20260813
128,128,16384,29,16,0,ikj,2.410031,222.7651478,0,true,64,64,20260813
128,128,16384,29,16,1,kij,2.419355,221.9066288,0,true,64,64,20260813
128,128,16384,29,17,0,ikj,2.405804,223.1565464,0,true,64,64,20260813
128,128,16384,29,17,1,kij,2.413736,222.4232112,0,true,64,64,20260813
128,128,16384,29,18,0,ikj,2.406054,223.1333594,0,true,64,64,20260813
128,128,16384,29,18,1,kij,2.415539,222.2571906,0,true,64,64,20260813
128,128,16384,29,19,0,kij,2.414678,222.3364407,0,true,64,64,20260813
128,128,16384,29,19,1,ikj,2.406215,223.1184296,0,true,64,64,20260813
128,128,16384,47,0,0,ikj,2.40974,222.7920489,0,true,64,64,20260813
128,128,16384,47,0,1,kij,2.414408,222.3613043,0,true,64,64,20260813
128,128,16384,47,1,0,kij,2.408558,222.9013841,0,true,64,64,20260813
128,128,16384,47,1,1,ikj,2.411493,222.6300935,0,true,64,64,20260813
128,128,16384,47,2,0,kij,2.426977,221.2097239,0,true,64,64,20260813
128,128,16384,47,2,1,ikj,2.407176,223.0293556,0,true,64,64,20260813
128,128,16384,47,3,0,kij,2.415458,222.2646438,0,true,64,64,20260813
128,128,16384,47,3,1,ikj,2.414687,222.335612,0,true,64,64,20260813
128,128,16384,47,4,0,ikj,2.411312,222.6468047,0,true,64,64,20260813
128,128,16384,47,4,1,kij,2.416581,222.1613561,0,true,64,64,20260813
128,128,16384,47,5,0,ikj,2.406835,223.0609543,0,true,64,64,20260813
128,128,16384,47,5,1,kij,2.420347,221.8156785,0,true,64,64,20260813
128,128,16384,47,6,0,ikj,2.415029,222.3041264,0,true,64,64,20260813
128,128,16384,47,6,1,kij,2.409581,222.8067502,0,true,64,64,20260813
128,128,16384,47,7,0,ikj,2.413666,222.4296618,0,true,64,64,20260813
128,128,16384,47,7,1,kij,2.406425,223.0989588,0,true,64,64,20260813
128,128,16384,47,8,0,kij,2.406976,223.0478875,0,true,64,64,20260813
128,128,16384,47,8,1,ikj,2.427527,221.1596048,0,true,64,64,20260813
128,128,16384,47,9,0,ikj,2.406265,223.1137934,0,true,64,64,20260813
128,128,16384,47,9,1,kij,2.411513,222.6282471,0,true,64,64,20260813
128,128,16384,47,10,0,kij,2.413085,222.4832163,0,true,64,64,20260813
128,128,16384,47,10,1,ikj,2.404071,223.3174112,0,true,64,64,20260813
128,128,16384,47,11,0,kij,2.414026,222.3964912,0,true,64,64,20260813
128,128,16384,47,11,1,ikj,2.411714,222.6096925,0,true,64,64,20260813
128,128,16384,47,12,0,ikj,2.411423,222.6365561,0,true,64,64,20260813
128,128,16384,47,12,1,kij,2.420356,221.8148537,0,true,64,64,20260813
128,128,16384,47,13,0,kij,2.408979,222.8624293,0,true,64,64,20260813
128,128,16384,47,13,1,ikj,2.414157,222.3844232,0,true,64,64,20260813
128,128,16384,47,14,0,kij,2.41559,222.2524981,0,true,64,64,20260813
128,128,16384,47,14,1,ikj,2.406225,223.1175023,0,true,64,64,20260813
128,128,16384,47,15,0,ikj,2.412254,222.5598598,0,true,64,64,20260813
128,128,16384,47,15,1,kij,2.407057,223.0403817,0,true,64,64,20260813
128,128,16384,47,16,0,kij,2.415649,222.2470698,0,true,64,64,20260813
128,128,16384,47,16,1,ikj,2.415238,222.2848895,0,true,64,64,20260813
128,128,16384,47,17,0,kij,2.406926,223.0525209,0,true,64,64,20260813
128,128,16384,47,17,1,ikj,2.415359,222.2737539,0,true,64,64,20260813
128,128,16384,47,18,0,kij,2.405904,223.147271,0,true,64,64,20260813
128,128,16384,47,18,1,ikj,2.411593,222.6208618,0,true,64,64,20260813
128,128,16384,47,19,0,ikj,2.415179,222.2903197,0,true,64,64,20260813
128,128,16384,47,19,1,kij,2.407637,222.9866512,0,true,64,64,20260813
128,256,2048,11,0,0,ikj,0.599957,223.712246,0,true,64,64,20260813
128,256,2048,11,0,1,kij,0.601278,223.2207531,0,true,64,64,20260813
128,256,2048,11,1,0,kij,0.600727,223.4254961,0,true,64,64,20260813
128,256,2048,11,1,1,ikj,0.607688,220.8661813,0,true,64,64,20260813
128,256,2048,11,2,0,kij,0.600717,223.4292154,0,true,64,64,20260813
128,256,2048,11,2,1,ikj,0.600307,223.581814,0,true,64,64,20260813
128,256,2048,11,3,0,kij,0.601859,223.0052687,0,true,64,64,20260813
128,256,2048,11,3,1,ikj,0.599576,223.8544038,0,true,64,64,20260813
128,256,2048,11,4,0,kij,0.600487,223.5147938,0,true,64,64,20260813
128,256,2048,11,4,1,ikj,0.609401,220.245336,0,true,64,64,20260813
128,256,2048,11,5,0,kij,0.600387,223.5520223,0,true,64,64,20260813
128,256,2048,11,5,1,ikj,0.600678,223.4437219,0,true,64,64,20260813
128,256,2048,11,6,0,kij,0.601038,223.3098872,0,true,64,64,20260813
128,256,2048,11,6,1,ikj,0.600256,223.6008103,0,true,64,64,20260813
128,256,2048,11,7,0,kij,0.601519,223.1313192,0,true,64,64,20260813
128,256,2048,11,7,1,ikj,0.606156,221.424399,0,true,64,64,20260813
128,256,2048,11,8,0,ikj,0.599836,223.7573737,0,true,64,64,20260813
128,256,2048,11,8,1,kij,0.600286,223.5896356,0,true,64,64,20260813
128,256,2048,11,9,0,kij,0.600888,223.3656322,0,true,64,64,20260813
128,256,2048,11,9,1,ikj,0.599946,223.7163478,0,true,64,64,20260813
128,256,2048,11,10,0,ikj,0.606306,221.3696186,0,true,64,64,20260813
128,256,2048,11,10,1,kij,0.600027,223.6861475,0,true,64,64,20260813
128,256,2048,11,11,0,ikj,0.600136,223.6455203,0,true,64,64,20260813
128,256,2048,11,11,1,kij,0.599796,223.7722959,0,true,64,64,20260813
128,256,2048,11,12,0,ikj,0.600277,223.5929879,0,true,64,64,20260813
128,256,2048,11,12,1,kij,0.600167,223.6339685,0,true,64,64,20260813
128,256,2048,11,13,0,ikj,0.605615,221.6221989,0,true,64,64,20260813
128,256,2048,11,13,1,kij,0.600177,223.6302424,0,true,64,64,20260813
128,256,2048,11,14,0,ikj,0.600577,223.4812988,0,true,64,64,20260813
128,256,2048,11,14,1,kij,0.601088,223.2913118,0,true,64,64,20260813
128,256,2048,11,15,0,ikj,0.599826,223.7611041,0,true,64,64,20260813
128,256,2048,11,15,1,kij,0.60287,222.6312936,0,true,64,64,20260813
128,256,2048,11,16,0,kij,0.605725,221.5819522,0,true,64,64,20260813
128,256,2048,11,16,1,ikj,0.599526,223.8730731,0,true,64,64,20260813
128,256,2048,11,17,0,ikj,0.599826,223.7611041,0,true,64,64,20260813
128,256,2048,11,17,1,kij,0.600958,223.3396144,0,true,64,64,20260813
128,256,2048,11,18,0,ikj,0.599576,223.8544038,0,true,64,64,20260813
128,256,2048,11,18,1,kij,0.607247,221.0265806,0,true,64,64,20260813
128,256,2048,11,19,0,ikj,0.601258,223.2281783,0,true,64,64,20260813
128,256,2048,11,19,1,kij,0.60288,222.6276008,0,true,64,64,20260813
128,256,2048,29,0,0,kij,0.606446,221.3185148,0,true,64,64,20260813
128,256,2048,29,0,1,ikj,0.599496,223.8842761,0,true,64,64,20260813
128,256,2048,29,1,0,ikj,0.600748,223.417686,0,true,64,64,20260813
128,256,2048,29,1,1,kij,0.601699,223.0645688,0,true,64,64,20260813
128,256,2048,29,2,0,kij,0.601248,223.231891,0,true,64,64,20260813
128,256,2048,29,2,1,ikj,0.600658,223.4511619,0,true,64,64,20260813
128,256,2048,29,3,0,kij,0.608499,220.5718136,0,true,64,64,20260813
128,256,2048,29,3,1,ikj,0.599766,223.7834889,0,true,64,64,20260813
128,256,2048,29,4,0,kij,0.601038,223.3098872,0,true,64,64,20260813
128,256,2048,29,4,1,ikj,0.601999,222.9534069,0,true,64,64,20260813
128,256,2048,29,5,0,kij,0.600697,223.4366544,0,true,64,64,20260813
128,256,2048,29,5,1,ikj,0.599576,223.8544038,0,true,64,64,20260813
128,256,2048,29,6,0,ikj,0.606326,221.3623166,0,true,64,64,20260813
128,256,2048,29,6,1,kij,0.600998,223.3247498,0,true,64,64,20260813
128,256,2048,29,7,0,ikj,0.599716,223.8021463,0,true,64,64,20260813
128,256,2048,29,7,1,kij,0.600026,223.6865203,0,true,64,64,20260813
128,256,2048,29,8,0,ikj,0.600076,223.6678821,0,true,64,64,20260813
128,256,2048,29,8,1,kij,0.607718,220.8552783,0,true,64,64,20260813
128,256,2048,29,9,0,kij,0.600457,223.5259611,0,true,64,64,20260813
128,256,2048,29,9,1,ikj,0.599425,223.9107945,0,true,64,64,20260813
128,256,2048,29,10,0,kij,0.600397,223.5482989,0,true,64,64,20260813
128,256,2048,29,10,1,ikj,0.600417,223.5408524,0,true,64,64,20260813
128,256,2048,29,11,0,kij,0.600928,223.3507642,0,true,64,64,20260813
128,256,2048,29,11,1,ikj,0.609461,220.2236534,0,true,64,64,20260813
128,256,2048,29,12,0,ikj,0.599926,223.7238059,0,true,64,64,20260813
128,256,2048,29,12,1,kij,0.600407,223.5445756,0,true,64,64,20260813
128,256,2048,29,13,0,kij,0.600497,223.5110717,0,true,64,64,20260813
128,256,2048,29,13,1,ikj,0.600016,223.6902483,0,true,64,64,20260813
128,256,2048,29,14,0,kij,0.600267,223.5967128,0,true,64,64,20260813
128,256,2048,29,14,1,ikj,0.605154,221.7910284,0,true,64,64,20260813
128,256,2048,29,15,0,ikj,0.599856,223.7499133,0,true,64,64,20260813
128,256,2048,29,15,1,kij,0.600758,223.413967,0,true,64,64,20260813
128,256,2048,29,16,0,ikj,0.600477,223.5185161,0,true,64,64,20260813
128,256,2048,29,16,1,kij,0.600427,223.5371294,0,true,64,64,20260813
128,256,2048,29,17,0,ikj,0.606246,221.3915275,0,true,64,64,20260813
128,256,2048,29,17,1,kij,0.600297,223.5855385,0,true,64,64,20260813
128,256,2048,29,18,0,ikj,0.599896,223.7349941,0,true,64,64,20260813
128,256,2048,29,18,1,kij,0.601298,223.2133285,0,true,64,64,20260813
128,256,2048,29,19,0,ikj,0.599606,223.8432037,0,true,64,64,20260813
128,256,2048,29,19,1,kij,0.600718,223.4288435,0,true,64,64,20260813
128,256,2048,47,0,0,kij,0.600557,223.4887413,0,true,64,64,20260813
128,256,2048,47,0,1,ikj,0.599977,223.7047887,0,true,64,64,20260813
128,256,2048,47,1,0,ikj,0.599806,223.7685652,0,true,64,64,20260813
128,256,2048,47,1,1,kij,0.605976,221.4901712,0,true,64,64,20260813
128,256,2048,47,2,0,kij,0.599726,223.7984146,0,true,64,64,20260813
128,256,2048,47,2,1,ikj,0.601649,223.0831066,0,true,64,64,20260813
128,256,2048,47,3,0,kij,0.600998,223.3247498,0,true,64,64,20260813
128,256,2048,47,3,1,ikj,0.600447,223.5296837,0,true,64,64,20260813
128,256,2048,47,4,0,ikj,0.600707,223.4329349,0,true,64,64,20260813
128,256,2048,47,4,1,kij,0.605905,221.5161255,0,true,64,64,20260813
128,256,2048,47,5,0,ikj,0.599576,223.8544038,0,true,64,64,20260813
128,256,2048,47,5,1,kij,0.600126,223.649247,0,true,64,64,20260813
128,256,2048,47,6,0,kij,0.601559,223.1164823,0,true,64,64,20260813
128,256,2048,47,6,1,ikj,0.599886,223.7387237,0,true,64,64,20260813
128,256,2048,47,7,0,ikj,0.605805,221.552691,0,true,64,64,20260813
128,256,2048,47,7,1,kij,0.601388,223.1799238,0,true,64,64,20260813
128,256,2048,47,8,0,kij,0.601008,223.321034,0,true,64,64,20260813
128,256,2048,47,8,1,ikj,0.600518,223.5032555,0,true,64,64,20260813
128,256,2048,47,9,0,ikj,0.600367,223.5594695,0,true,64,64,20260813
128,256,2048,47,9,1,kij,0.600677,223.4440939,0,true,64,64,20260813
128,256,2048,47,10,0,kij,0.605374,221.7104269,0,true,64,64,20260813
128,256,2048,47,10,1,ikj,0.600527,223.4999059,0,true,64,64,20260813
128,256,2048,47,11,0,kij,0.600417,223.5408524,0,true,64,64,20260813
128,256,2048,47,11,1,ikj,0.600387,223.5520223,0,true,64,64,20260813
128,256,2048,47,12,0,ikj,0.600528,223.4995337,0,true,64,64,20260813
128,256,2048,47,12,1,kij,0.600688,223.4400021,0,true,64,64,20260813
128,256,2048,47,13,0,kij,0.613477,218.7820049,0,true,64,64,20260813
128,256,2048,47,13,1,ikj,0.600316,223.578462,0,true,64,64,20260813
128,256,2048,47,14,0,kij,0.600256,223.6008103,0,true,64,64,20260813
128,256,2048,47,14,1,ikj,0.599796,223.7722959,0,true,64,64,20260813
128,256,2048,47,15,0,kij,0.600568,223.4846479,0,true,64,64,20260813
128,256,2048,47,15,1,ikj,0.606746,221.2090858,0,true,64,64,20260813
128,256,2048,47,16,0,kij,0.600397,223.5482989,0,true,64,64,20260813
128,256,2048,47,16,1,ikj,0.600367,223.5594695,0,true,64,64,20260813
128,256,2048,47,17,0,ikj,0.599736,223.794683,0,true,64,64,20260813
128,256,2048,47,17,1,kij,0.600658,223.4511619,0,true,64,64,20260813
128,256,2048,47,18,0,kij,0.600186,223.626889,0,true,64,64,20260813
128,256,2048,47,18,1,ikj,0.642691,208.8371052,0,true,64,64,20260813
128,256,2048,47,19,0,kij,0.600317,223.5780896,0,true,64,64,20260813
128,256,2048,47,19,1,ikj,0.600597,223.4738568,0,true,64,64,20260813
128,256,8192,11,0,0,ikj,2.404401,223.2867612,0,true,64,64,20260813
128,256,8192,11,0,1,kij,2.414217,222.3788963,0,true,64,64,20260813
128,256,8192,11,1,0,kij,2.468038,217.5294351,0,true,64,64,20260813
128,256,8192,11,1,1,ikj,2.407687,222.9820205,0,true,64,64,20260813
128,256,8192,11,2,0,ikj,2.412384,222.5478663,0,true,64,64,20260813
128,256,8192,11,2,1,kij,2.407918,222.9606291,0,true,64,64,20260813
128,256,8192,11,3,0,kij,2.419726,221.8726054,0,true,64,64,20260813
128,256,8192,11,3,1,ikj,2.410591,222.7133977,0,true,64,64,20260813
128,256,8192,11,4,0,ikj,2.409299,222.832829,0,true,64,64,20260813
128,256,8192,11,4,1,kij,2.414368,222.3649883,0,true,64,64,20260813
128,256,8192,11,5,0,ikj,2.410361,222.7346493,0,true,64,64,20260813
128,256,8192,11,5,1,kij,2.406996,223.0460341,0,true,64,64,20260813
128,256,8192,11,6,0,kij,2.414838,222.3217094,0,true,64,64,20260813
128,256,8192,11,6,1,ikj,2.406846,223.0599349,0,true,64,64,20260813
128,256,8192,11,7,0,kij,2.407767,222.9746117,0,true,64,64,20260813
128,256,8192,11,7,1,ikj,2.438333,220.1794882,0,true,64,64,20260813
128,256,8192,11,8,0,kij,2.408078,222.9458149,0,true,64,64,20260813
128,256,8192,11,8,1,ikj,2.414607,222.3429784,0,true,64,64,20260813
128,256,8192,11,9,0,kij,2.41602,222.2129419,0,true,64,64,20260813
128,256,8192,11,9,1,ikj,2.407637,222.9866512,0,true,64,64,20260813
128,256,8192,11,10,0,ikj,2.413026,222.4886562,0,true,64,64,20260813
128,256,8192,11,10,1,kij,2.411913,222.5913256,0,true,64,64,20260813
128,256,8192,11,11,0,ikj,2.411132,222.6634261,0,true,64,64,20260813
128,256,8192,11,11,1,kij,2.414297,222.3715276,0,true,64,64,20260813
128,256,8192,11,12,0,kij,2.409319,222.8309792,0,true,64,64,20260813
128,256,8192,11,12,1,ikj,2.410952,222.68005,0,true,64,64,20260813
128,256,8192,11,13,0,ikj,2.40954,222.8105414,0,true,64,64,20260813
128,256,8192,11,13,1,kij,2.405935,223.1443958,0,true,64,64,20260813
128,256,8192,11,14,0,ikj,2.40996,222.7717107,0,true,64,64,20260813
128,256,8192,11,14,1,kij,2.415429,222.2673123,0,true,64,64,20260813
128,256,8192,11,15,0,ikj,2.403902,223.3331109,0,true,64,64,20260813
128,256,8192,11,15,1,kij,2.412665,222.5219465,0,true,64,64,20260813
128,256,8192,11,16,0,ikj,2.405444,223.1899441,0,true,64,64,20260813
128,256,8192,11,16,1,kij,2.413817,222.4157473,0,true,64,64,20260813
128,256,8192,11,17,0,kij,2.414737,222.3310083,0,true,64,64,20260813
128,256,8192,11,17,1,ikj,2.406966,223.0488142,0,true,64,64,20260813
128,256,8192,11,18,0,ikj,2.40984,222.7828038,0,true,64,64,20260813
128,256,8192,11,18,1,kij,2.413696,222.4268972,0,true,64,64,20260813
128,256,8192,11,19,0,ikj,2.407276,223.0200908,0,true,64,64,20260813
128,256,8192,11,19,1,kij,2.419855,221.8607776,0,true,64,64,20260813
128,256,8192,29,0,0,ikj,2.406084,223.1305773,0,true,64,64,20260813
128,256,8192,29,0,1,kij,2.415359,222.2737539,0,true,64,64,20260813
128,256,8192,29,1,0,kij,2.408438,222.9124902,0,true,64,64,20260813
128,256,8192,29,1,1,ikj,2.415239,222.2847975,0,true,64,64,20260813
128,256,8192,29,2,0,kij,2.479376,216.5346894,0,true,64,64,20260813
128,256,8192,29,2,1,ikj,2.406966,223.0488142,0,true,64,64,20260813
128,256,8192,29,3,0,kij,2.415299,222.2792756,0,true,64,64,20260813
128,256,8192,29,3,1,ikj,2.414277,222.3733698,0,true,64,64,20260813
128,256,8192,29,4,0,kij,2.40996,222.7717107,0,true,64,64,20260813
128,256,8192,29,4,1,ikj,2.4157,222.2423778,0,true,64,64,20260813
128,256,8192,29,5,0,ikj,2.404532,223.2745965,0,true,64,64,20260813
128,256,8192,29,5,1,kij,2.428188,221.0994009,0,true,64,64,20260813
128,256,8192,29,6,0,ikj,2.415379,222.2719134,0,true,64,64,20260813
128,256,8192,29,6,1,kij,2.407396,223.008974,0,true,64,64,20260813
128,256,8192,29,7,0,kij,2.414508,222.3520949,0,true,64,64,20260813
128,256,8192,29,7,1,ikj,2.413025,222.4887484,0,true,64,64,20260813
128,256,8192,29,8,0,ikj,2.403681,223.3536447,0,true,64,64,20260813
128,256,8192,29,8,1,kij,2.445314,219.5509092,0,true,64,64,20260813
128,256,8192,29,9,0,kij,2.408289,222.9262817,0,true,64,64,20260813
128,256,8192,29,9,1,ikj,2.406465,223.0952505,0,true,64,64,20260813
128,256,8192,29,10,0,kij,2.413205,222.472153,0,true,64,64,20260813
128,256,8192,29,10,1,ikj,2.405874,223.1500536,0,true,64,64,20260813
128,256,8192,29,11,0,kij,2.413646,222.4315049,0,true,64,64,20260813
128,256,8192,29,11,1,ikj,2.415199,222.2884789,0,true,64,64,20260813
128,256,8192,29,12,0,ikj,2.404963,223.2345828,0,true,64,64,20260813
128,256,8192,29,12,1,kij,2.413727,222.4240405,0,true,64,64,20260813
128,256,8192,29,13,0,ikj,2.410542,222.7179248,0,true,64,64,20260813
128,256,8192,29,13,1,kij,2.407957,222.9570179,0,true,64,64,20260813
128,256,8192,29,14,0,kij,2.414257,222.3752119,0,true,64,64,20260813
128,256,8192,29,14,1,ikj,2.406255,223.1147206,0,true,64,64,20260813
128,256,8192,29,15,0,kij,2.413966,222.4020189,0,true,64,64,20260813
128,256,8192,29,15,1,ikj,2.408978,222.8625218,0,true,64,64,20260813
128,256,8192,29,16,0,kij,2.409901,222.7771647,0,true,64,64,20260813
128,256,8192,29,16,1,ikj,2.40954,222.8105414,0,true,64,64,20260813
128,256,8192,29,17,0,ikj,2.413857,222.4120617,0,true,64,64,20260813
128,256,8192,29,17,1,kij,2.407957,222.9570179,0,true,64,64,20260813
128,256,8192,29,18,0,ikj,2.414338,222.3677513,0,true,64,64,20260813
128,256,8192,29,18,1,kij,2.407346,223.0136059,0,true,64,64,20260813
128,256,8192,29,19,0,ikj,2.419846,221.8616028,0,true,64,64,20260813
128,256,8192,29,19,1,kij,2.413567,222.4387854,0,true,64,64,20260813
128,256,8192,47,0,0,kij,2.413726,222.4241326,0,true,64,64,20260813
128,256,8192,47,0,1,ikj,2.411082,222.6680436,0,true,64,64,20260813
128,256,8192,47,1,0,ikj,2.404242,223.3015279,0,true,64,64,20260813
128,256,8192,47,1,1,kij,2.418063,222.0251962,0,true,64,64,20260813
128,256,8192,47,2,0,ikj,2.413106,222.4812801,0,true,64,64,20260813
128,256,8192,47,2,1,kij,2.407056,223.0404743,0,true,64,64,20260813
128,256,8192,47,3,0,kij,2.415569,222.2544303,0,true,64,64,20260813
128,256,8192,47,3,1,ikj,2.405904,223.147271,0,true,64,64,20260813
128,256,8192,47,4,0,kij,2.417522,222.0748816,0,true,64,64,20260813
128,256,8192,47,4,1,ikj,2.409259,222.8365286,0,true,64,64,20260813
128,256,8192,47,5,0,ikj,2.404833,223.2466504,0,true,64,64,20260813
128,256,8192,47,5,1,kij,2.414187,222.3816597,0,true,64,64,20260813
128,256,8192,47,6,0,ikj,2.411974,222.5856962,0,true,64,64,20260813
128,256,8192,47,6,1,kij,2.407566,222.9932272,0,true,64,64,20260813
128,256,8192,47,7,0,kij,2.413947,222.4037694,0,true,64,64,20260813
128,256,8192,47,7,1,ikj,2.405134,223.2187113,0,true,64,64,20260813
128,256,8192,47,8,0,kij,2.414047,222.3945565,0,true,64,64,20260813
128,256,8192,47,8,1,ikj,2.427717,221.1422962,0,true,64,64,20260813
128,256,8192,47,9,0,ikj,2.405734,223.1630396,0,true,64,64,20260813
128,256,8192,47,9,1,kij,2.414938,222.3125033,0,true,64,64,20260813
128,256,8192,47,10,0,kij,2.415359,222.2737539,0,true,64,64,20260813
128,256,8192,47,10,1,ikj,2.406685,223.0748569,0,true,64,64,20260813
128,256,8192,47,11,0,ikj,2.412084,222.5755455,0,true,64,64,20260813
128,256,8192,47,11,1,kij,2.406645,223.0785646,0,true,64,64,20260813
128,256,8192,47,12,0,kij,2.417061,222.1172374,0,true,64,64,20260813
128,256,8192,47,12,1,ikj,2.413196,222.4729827,0,true,64,64,20260813
128,256,8192,47,13,0,kij,2.408328,222.9226717,0,true,64,64,20260813
128,256,8192,47,13,1,ikj,2.412444,222.5423313,0,true,64,64,20260813
128,256,8192,47,14,0,ikj,2.414437,222.3586335,0,true,64,64,20260813
128,256,8192,47,14,1,kij,2.407036,223.0423276,0,true,64,64,20260813
128,256,8192,47,15,0,kij,2.412284,222.557092,0,true,64,64,20260813
128,256,8192,47,15,1,ikj,2.404482,223.2792394,0,true,64,64,20260813
128,256,8192,47,16,0,ikj,2.409479,222.8161823,0,true,64,64,20260813
128,256,8192,47,16,1,kij,2.410932,222.6818973,0,true,64,64,20260813
128,256,8192,47,17,0,ikj,2.405363,223.19746,0,true,64,64,20260813
128,256,8192,47,17,1,kij,2.412053,222.578406,0,true,64,64,20260813
128,256,8192,47,18,0,kij,2.413686,222.4278187,0,true,64,64,20260813
128,256,8192,47,18,1,ikj,2.406346,223.1062831,0,true,64,64,20260813
128,256,8192,47,19,0,kij,2.412304,222.5552468,0,true,64,64,20260813
128,256,8192,47,19,1,ikj,2.406986,223.0469608,0,true,64,64,20260813
128,256,16384,11,0,0,kij,4.841394,221.783607,0,true,64,64,20260813
128,256,16384,11,0,1,ikj,4.837868,221.9452503,0,true,64,64,20260813
128,256,16384,11,1,0,ikj,4.836195,222.0220285,0,true,64,64,20260813
128,256,16384,11,1,1,kij,4.833512,222.1452691,0,true,64,64,20260813
128,256,16384,11,2,0,kij,4.838189,221.9305248,0,true,64,64,20260813
128,256,16384,11,2,1,ikj,4.831168,222.2530502,0,true,64,64,20260813
128,256,16384,11,3,0,kij,4.843537,221.6854798,0,true,64,64,20260813
128,256,16384,11,3,1,ikj,4.836035,222.0293741,0,true,64,64,20260813
128,256,16384,11,4,0,kij,4.835395,222.0587613,0,true,64,64,20260813
128,256,16384,11,4,1,ikj,4.83239,222.1968475,0,true,64,64,20260813
128,256,16384,11,5,0,kij,4.835705,222.0445259,0,true,64,64,20260813
128,256,16384,11,5,1,ikj,4.846792,221.5366007,0,true,64,64,20260813
128,256,16384,11,6,0,kij,4.836676,221.9999487,0,true,64,64,20260813
128,256,16384,11,6,1,ikj,4.830196,222.2977751,0,true,64,64,20260813
128,256,16384,11,7,0,ikj,4.836426,222.0114241,0,true,64,64,20260813
128,256,16384,11,7,1,kij,4.852481,221.2768734,0,true,64,64,20260813
128,256,16384,11,8,0,kij,4.842075,221.7524148,0,true,64,64,20260813
128,256,16384,11,8,1,ikj,4.831158,222.2535102,0,true,64,64,20260813
128,256,16384,11,9,0,ikj,4.830988,222.2613312,0,true,64,64,20260813
128,256,16384,11,9,1,kij,4.844367,221.6474978,0,true,64,64,20260813
128,256,16384,11,10,0,ikj,4.830658,222.2765147,0,true,64,64,20260813
128,256,16384,11,10,1,kij,4.834703,222.090545,0,true,64,64,20260813
128,256,16384,11,11,0,kij,4.843497,221.6873106,0,true,64,64,20260813
128,256,16384,11,11,1,ikj,4.839039,221.8915417,0,true,64,64,20260813
128,256,16384,11,12,0,kij,4.85229,221.2855835,0,true,64,64,20260813
128,256,16384,11,12,1,ikj,4.843957,221.6662584,0,true,64,64,20260813
128,256,16384,11,13,0,kij,4.834803,222.0859514,0,true,64,64,20260813
128,256,16384,11,13,1,ikj,4.831749,222.2263251,0,true,64,64,20260813
128,256,16384,11,14,0,kij,4.849987,221.3906602,0,true,64,64,20260813
128,256,16384,11,14,1,ikj,4.831568,222.2346501,0,true,64,64,20260813
128,256,16384,11,15,0,ikj,4.831949,222.2171269,0,true,64,64,20260813
128,256,16384,11,15,1,kij,4.8391,221.8887446,0,true,64,64,20260813
128,256,16384,11,16,0,ikj,4.838358,221.922773,0,true,64,64,20260813
128,256,16384,11,16,1,kij,4.838118,221.9337817,0,true,64,64,20260813
128,256,16384,11,17,0,ikj,4.833391,222.1508303,0,true,64,64,20260813
128,256,16384,11,17,1,kij,4.84534,221.6029884,0,true,64,64,20260813
128,256,16384,11,18,0,kij,4.848104,221.4766482,0,true,64,64,20260813
128,256,16384,11,18,1,ikj,4.833752,222.1342394,0,true,64,64,20260813
128,256,16384,11,19,0,kij,4.834203,222.1135157,0,true,64,64,20260813
128,256,16384,11,19,1,ikj,4.834853,222.0836547,0,true,64,64,20260813
128,256,16384,29,0,0,ikj,4.831038,222.2590309,0,true,64,64,20260813
128,256,16384,29,0,1,kij,4.83939,221.8754479,0,true,64,64,20260813
128,256,16384,29,1,0,kij,4.839841,221.8547725,0,true,64,64,20260813
128,256,16384,29,1,1,ikj,4.861163,220.8816746,0,true,64,64,20260813
128,256,16384,29,2,0,kij,4.834483,222.1006515,0,true,64,64,20260813
128,256,16384,29,2,1,ikj,4.84586,221.5792086,0,true,64,64,20260813
128,256,16384,29,3,0,kij,4.834443,222.1024892,0,true,64,64,20260813
128,256,16384,29,3,1,ikj,4.835235,222.0661093,0,true,64,64,20260813
128,256,16384,29,4,0,ikj,4.874303,220.2862284,0,true,64,64,20260813
128,256,16384,29,4,1,kij,4.838869,221.8993372,0,true,64,64,20260813
128,256,16384,29,5,0,ikj,4.837999,221.9392406,0,true,64,64,20260813
128,256,16384,29,5,1,kij,4.837708,221.9525908,0,true,64,64,20260813
128,256,16384,29,6,0,ikj,4.840783,221.8116003,0,true,64,64,20260813
128,256,16384,29,6,1,kij,4.838469,221.9176818,0,true,64,64,20260813
128,256,16384,29,7,0,kij,4.840131,221.8414799,0,true,64,64,20260813
128,256,16384,29,7,1,ikj,4.829946,222.3092813,0,true,64,64,20260813
128,256,16384,29,8,0,ikj,4.835846,222.0380517,0,true,64,64,20260813
128,256,16384,29,8,1,kij,4.846992,221.5274595,0,true,64,64,20260813
128,256,16384,29,9,0,kij,4.844158,221.6570607,0,true,64,64,20260813
128,256,16384,29,9,1,ikj,4.832249,222.203331,0,true,64,64,20260813
128,256,16384,29,10,0,ikj,4.837588,221.9580965,0,true,64,64,20260813
128,256,16384,29,10,1,kij,4.837978,221.9402039,0,true,64,64,20260813
128,256,16384,29,11,0,ikj,4.829256,222.3410447,0,true,64,64,20260813
128,256,16384,29,11,1,kij,4.833241,222.1577248,0,true,64,64,20260813
128,256,16384,29,12,0,ikj,4.830657,222.2765607,0,true,64,64,20260813
128,256,16384,29,12,1,kij,4.852179,221.2906457,0,true,64,64,20260813
128,256,16384,29,13,0,kij,4.839481,221.8712759,0,true,64,64,20260813
128,256,16384,29,13,1,ikj,4.835685,222.0454442,0,true,64,64,20260813
128,256,16384,29,14,0,ikj,4.830337,222.2912861,0,true,64,64,20260813
128,256,16384,29,14,1,kij,4.842214,221.7460492,0,true,64,64,20260813
128,256,16384,29,15,0,kij,4.841043,221.7996874,0,true,64,64,20260813
128,256,16384,29,15,1,ikj,4.831679,222.2295446,0,true,64,64,20260813
128,256,16384,29,16,0,kij,4.834684,222.0914178,0,true,64,64,20260813
128,256,16384,29,16,1,ikj,4.841874,221.7616204,0,true,64,64,20260813
128,256,16384,29,17,0,kij,4.919722,218.2525403,0,true,64,64,20260813
128,256,16384,29,17,1,ikj,4.834373,222.1057051,0,true,64,64,20260813
128,256,16384,29,18,0,kij,4.836797,221.9943951,0,true,64,64,20260813
128,256,16384,29,18,1,ikj,4.85241,221.2801111,0,true,64,64,20260813
128,256,16384,29,19,0,kij,4.831939,222.2175868,0,true,64,64,20260813
128,256,16384,29,19,1,ikj,4.828393,222.3807847,0,true,64,64,20260813
128,256,16384,47,0,0,kij,4.861534,220.8648184,0,true,64,64,20260813
128,256,16384,47,0,1,ikj,4.833301,222.154967,0,true,64,64,20260813
128,256,16384,47,1,0,ikj,4.829305,222.3387887,0,true,64,64,20260813
128,256,16384,47,1,1,kij,4.836987,221.985675,0,true,64,64,20260813
128,256,16384,47,2,0,ikj,4.87233,220.3754311,0,true,64,64,20260813
128,256,16384,47,2,1,kij,4.835294,222.0633997,0,true,64,64,20260813
128,256,16384,47,3,0,kij,4.839621,221.8648576,0,true,64,64,20260813
128,256,16384,47,3,1,ikj,4.834924,222.0803934,0,true,64,64,20260813
128,256,16384,47,4,0,ikj,4.829526,222.3286144,0,true,64,64,20260813
128,256,16384,47,4,1,kij,4.842014,221.7552085,0,true,64,64,20260813
128,256,16384,47,5,0,ikj,4.83274,222.1807554,0,true,64,64,20260813
128,256,16384,47,5,1,kij,4.838629,221.9103436,0,true,64,64,20260813
128,256,16384,47,6,0,ikj,4.833311,222.1545073,0,true,64,64,20260813
128,256,16384,47,6,1,kij,4.838449,221.9185991,0,true,64,64,20260813
128,256,16384,47,7,0,kij,4.838499,221.9163059,0,true,64,64,20260813
128,256,16384,47,7,1,ikj,4.834533,222.0983545,0,true,64,64,20260813
128,256,16384,47,8,0,ikj,4.828694,222.3669224,0,true,64,64,20260813
128,256,16384,47,8,1,kij,4.873141,220.3387556,0,true,64,64,20260813
128,256,16384,47,9,0,ikj,4.849986,221.3907059,0,true,64,64,20260813
128,256,16384,47,9,1,kij,4.84567,221.5878968,0,true,64,64,20260813
128,256,16384,47,10,0,ikj,4.833672,222.1379159,0,true,64,64,20260813
128,256,16384,47,10,1,kij,4.850196,221.3811203,0,true,64,64,20260813
128,256,16384,47,11,0,kij,4.842946,221.7125328,0,true,64,64,20260813
128,256,16384,47,11,1,ikj,4.834312,222.1085077,0,true,64,64,20260813
128,256,16384,47,12,0,kij,4.830867,222.2668983,0,true,64,64,20260813
128,256,16384,47,12,1,ikj,4.831538,222.23603,0,true,64,64,20260813
128,256,16384,47,13,0,kij,4.839972,221.8487677,0,true,64,64,20260813
128,256,16384,47,13,1,ikj,4.835515,222.0532506,0,true,64,64,20260813
128,256,16384,47,14,0,kij,4.838529,221.9149299,0,true,64,64,20260813
128,256,16384,47,14,1,ikj,4.83876,221.9043358,0,true,64,64,20260813
128,256,16384,47,15,0,ikj,4.888715,219.6368215,0,true,64,64,20260813
128,256,16384,47,15,1,kij,4.83927,221.8809498,0,true,64,64,20260813
128,256,16384,47,16,0,kij,4.841394,221.783607,0,true,64,64,20260813
128,256,16384,47,16,1,ikj,4.831218,222.25075,0,true,64,64,20260813
128,256,16384,47,17,0,ikj,4.835294,222.0633997,0,true,64,64,20260813
128,256,16384,47,17,1,kij,4.839531,221.8689836,0,true,64,64,20260813
128,256,16384,47,18,0,ikj,4.835074,222.0735037,0,true,64,64,20260813
128,256,16384,47,18,1,kij,4.843677,221.6790723,0,true,64,64,20260813
128,256,16384,47,19,0,kij,4.843346,221.6942221,0,true,64,64,20260813
128,256,16384,47,19,1,ikj,4.831949,222.2171269,0,true,64,64,20260813
128,512,2048,11,0,0,ikj,1.199843,223.7254841,0,true,64,64,20260813
128,512,2048,11,0,1,kij,1.203017,223.1352142,0,true,64,64,20260813
128,512,2048,11,1,0,kij,1.210228,221.8056895,0,true,64,64,20260813
128,512,2048,11,1,1,ikj,1.200583,223.587587,0,true,64,64,20260813
128,512,2048,11,2,0,kij,1.202116,223.3024567,0,true,64,64,20260813
128,512,2048,11,2,1,ikj,1.208185,222.1807554,0,true,64,64,20260813
128,512,2048,11,3,0,kij,1.202767,223.1815938,0,true,64,64,20260813
128,512,2048,11,3,1,ikj,1.201465,223.4234505,0,true,64,64,20260813
128,512,2048,11,4,0,kij,1.211299,221.6095745,0,true,64,64,20260813
128,512,2048,11,4,1,ikj,1.200734,223.5594695,0,true,64,64,20260813
128,512,2048,11,5,0,ikj,1.199442,223.8002805,0,true,64,64,20260813
128,512,2048,11,5,1,kij,1.202767,223.1815938,0,true,64,64,20260813
128,512,2048,11,6,0,ikj,1.201395,223.4364684,0,true,64,64,20260813
128,512,2048,11,6,1,kij,1.211691,221.5378805,0,true,64,64,20260813
128,512,2048,11,7,0,kij,1.202557,223.2205675,0,true,64,64,20260813
128,512,2048,11,7,1,ikj,1.200804,223.5464372,0,true,64,64,20260813
128,512,2048,11,8,0,ikj,1.20486,222.793898,0,true,64,64,20260813
128,512,2048,11,8,1,kij,1.203738,223.0015635,0,true,64,64,20260813
128,512,2048,11,9,0,ikj,1.200333,223.6341549,0,true,64,64,20260813
128,512,2048,11,9,1,kij,1.209487,221.9415802,0,true,64,64,20260813
128,512,2048,11,10,0,ikj,1.201014,223.5073496,0,true,64,64,20260813
128,512,2048,11,10,1,kij,1.202326,223.2634543,0,true,64,64,20260813
128,512,2048,11,11,0,kij,1.210608,221.7360665,0,true,64,64,20260813
128,512,2048,11,11,1,ikj,1.200634,223.5780896,0,true,64,64,20260813
128,512,2048,11,12,0,kij,1.202096,223.3061719,0,true,64,64,20260813
128,512,2048,11,12,1,ikj,1.20501,222.7661646,0,true,64,64,20260813
128,512,2048,11,13,0,ikj,1.201085,223.4941374,0,true,64,64,20260813
128,512,2048,11,13,1,kij,1.202787,223.1778827,0,true,64,64,20260813
128,512,2048,11,14,0,ikj,1.200313,223.6378811,0,true,64,64,20260813
128,512,2048,11,14,1,kij,1.202636,223.2059044,0,true,64,64,20260813
128,512,2048,11,15,0,ikj,1.207895,222.2340982,0,true,64,64,20260813
128,512,2048,11,15,1,kij,1.202406,223.2485999,0,true,64,64,20260813
128,512,2048,11,16,0,ikj,1.201114,223.4887413,0,true,64,64,20260813
128,512,2048,11,16,1,kij,1.209588,221.9230482,0,true,64,64,20260813
128,512,2048,11,17,0,ikj,1.202506,223.2300346,0,true,64,64,20260813
128,512,2048,11,17,1,kij,1.202607,223.2112868,0,true,64,64,20260813
128,512,2048,11,18,0,ikj,1.206262,222.5349518,0,true,64,64,20260813
128,512,2048,11,18,1,kij,1.203699,223.0087887,0,true,64,64,20260813
128,512,2048,11,19,0,kij,1.202636,223.2059044,0,true,64,64,20260813
128,512,2048,11,19,1,ikj,1.207985,222.2175408,0,true,64,64,20260813
128,512,2048,29,0,0,ikj,1.200764,223.553884,0,true,64,64,20260813
128,512,2048,29,0,1,kij,1.201795,223.3621009,0,true,64,64,20260813
128,512,2048,29,1,0,ikj,1.205521,222.6717378,0,true,64,64,20260813
128,512,2048,29,1,1,kij,1.203087,223.1222314,0,true,64,64,20260813
128,512,2048,29,2,0,ikj,1.199602,223.7704305,0,true,64,64,20260813
128,512,2048,29,2,1,kij,1.226683,218.8303384,0,true,64,64,20260813
128,512,2048,29,3,0,kij,1.203227,223.0962703,0,true,64,64,20260813
128,512,2048,29,3,1,ikj,1.201685,223.382547,0,true,64,64,20260813
128,512,2048,29,4,0,ikj,1.206212,222.5441763,0,true,64,64,20260813
128,512,2048,29,4,1,kij,1.201125,223.4866946,0,true,64,64,20260813
128,512,2048,29,5,0,kij,1.202937,223.1500536,0,true,64,64,20260813
128,512,2048,29,5,1,ikj,1.206713,222.451781,0,true,64,64,20260813
128,512,2048,29,6,0,ikj,1.200103,223.6770144,0,true,64,64,20260813
128,512,2048,29,6,1,kij,1.206002,222.5829277,0,true,64,64,20260813
128,512,2048,29,7,0,kij,1.207685,222.2727417,0,true,64,64,20260813
128,512,2048,29,7,1,ikj,1.200564,223.5911255,0,true,64,64,20260813
128,512,2048,29,8,0,kij,1.202806,223.1743573,0,true,64,64,20260813
128,512,2048,29,8,1,ikj,1.200754,223.5557458,0,true,64,64,20260813
128,512,2048,29,9,0,kij,1.20477,222.8105414,0,true,64,64,20260813
128,512,2048,29,9,1,ikj,1.207815,222.2488179,0,true,64,64,20260813
128,512,2048,29,10,0,kij,1.202947,223.1481985,0,true,64,64,20260813
128,512,2048,29,10,1,ikj,1.200042,223.6883842,0,true,64,64,20260813
128,512,2048,29,11,0,kij,1.210378,221.7782015,0,true,64,64,20260813
128,512,2048,29,11,1,ikj,1.199853,223.7236195,0,true,64,64,20260813
128,512,2048,29,12,0,kij,1.202978,223.1424482,0,true,64,64,20260813
128,512,2048,29,12,1,ikj,1.213193,221.2636044,0,true,64,64,20260813
128,512,2048,29,13,0,ikj,1.199993,223.6975182,0,true,64,64,20260813
128,512,2048,29,13,1,kij,1.202606,223.2114724,0,true,64,64,20260813
128,512,2048,29,14,0,kij,1.206733,222.4480942,0,true,64,64,20260813
128,512,2048,29,14,1,ikj,1.201154,223.4812988,0,true,64,64,20260813
128,512,2048,29,15,0,ikj,1.200033,223.6900619,0,true,64,64,20260813
128,512,2048,29,15,1,kij,1.208415,222.1384673,0,true,64,64,20260813
128,512,2048,29,16,0,ikj,1.200714,223.5631932,0,true,64,64,20260813
128,512,2048,29,16,1,kij,1.201645,223.3899829,0,true,64,64,20260813
128,512,2048,29,17,0,ikj,1.222787,219.5275678,0,true,64,64,20260813
128,512,2048,29,17,1,kij,1.203187,223.1036871,0,true,64,64,20260813
128,512,2048,29,18,0,kij,1.209747,221.8938803,0,true,64,64,20260813
128,512,2048,29,18,1,ikj,1.200654,223.5743653,0,true,64,64,20260813
128,512,2048,29,19,0,ikj,1.199853,223.7236195,0,true,64,64,20260813
128,512,2048,29,19,1,kij,1.210318,221.7891959,0,true,64,64,20260813
128,512,2048,47,0,0,kij,1.261756,212.747517,0,true,64,64,20260813
128,512,2048,47,0,1,ikj,1.200593,223.5857247,0,true,64,64,20260813
128,512,2048,47,1,0,ikj,1.200634,223.5780896,0,true,64,64,20260813
128,512,2048,47,1,1,kij,1.203628,223.0219437,0,true,64,64,20260813
128,512,2048,47,2,0,kij,1.201305,223.453208,0,true,64,64,20260813
128,512,2048,47,2,1,ikj,1.208696,222.0868241,0,true,64,64,20260813
128,512,2048,47,3,0,ikj,1.199883,223.7180258,0,true,64,64,20260813
128,512,2048,47,3,1,kij,1.204079,222.9384085,0,true,64,64,20260813
128,512,2048,47,4,0,kij,1.211861,221.5068032,0,true,64,64,20260813
128,512,2048,47,4,1,ikj,1.201535,223.4104342,0,true,64,64,20260813
128,512,2048,47,5,0,kij,1.202146,223.2968841,0,true,64,64,20260813
128,512,2048,47,5,1,ikj,1.208336,222.1529906,0,true,64,64,20260813
128,512,2048,47,6,0,kij,1.202997,223.1389239,0,true,64,64,20260813
128,512,2048,47,6,1,ikj,1.199612,223.7685652,0,true,64,64,20260813
128,512,2048,47,7,0,ikj,1.20489,222.7883508,0,true,64,64,20260813
128,512,2048,47,7,1,kij,1.201735,223.3732528,0,true,64,64,20260813
128,512,2048,47,8,0,kij,1.202857,223.1648949,0,true,64,64,20260813
128,512,2048,47,8,1,ikj,1.207454,222.315265,0,true,64,64,20260813
128,512,2048,47,9,0,kij,1.203678,223.0126795,0,true,64,64,20260813
128,512,2048,47,9,1,ikj,1.200764,223.553884,0,true,64,64,20260813
128,512,2048,47,10,0,ikj,1.20487,222.7920489,0,true,64,64,20260813
128,512,2048,47,10,1,kij,1.201756,223.3693495,0,true,64,64,20260813
128,512,2048,47,11,0,kij,1.202387,223.2521276,0,true,64,64,20260813
128,512,2048,47,11,1,ikj,1.200003,223.6956541,0,true,64,64,20260813
128,512,2048,47,12,0,kij,1.202407,223.2484142,0,true,64,64,20260813
128,512,2048,47,12,1,ikj,1.206883,222.4204467,0,true,64,64,20260813
128,512,2048,47,13,0,ikj,1.200944,223.5203773,0,true,64,64,20260813
128,512,2048,47,13,1,kij,1.202336,223.2615974,0,true,64,64,20260813
128,512,2048,47,14,0,kij,1.210749,221.7102438,0,true,64,64,20260813
128,512,2048,47,14,1,ikj,1.200653,223.5745515,0,true,64,64,20260813
128,512,2048,47,15,0,kij,1.20438,222.8826915,0,true,64,64,20260813
128,512,2048,47,15,1,ikj,1.2047,222.823488,0,true,64,64,20260813
128,512,2048,47,16,0,ikj,1.200964,223.516655,0,true,64,64,20260813
128,512,2048,47,16,1,kij,1.201335,223.4476278,0,true,64,64,20260813
128,512,2048,47,17,0,kij,1.208916,222.0464085,0,true,64,64,20260813
128,512,2048,47,17,1,ikj,1.200543,223.5950366,0,true,64,64,20260813
128,512,2048,47,18,0,ikj,1.200974,223.5147938,0,true,64,64,20260813
128,512,2048,47,18,1,kij,1.212562,221.3787468,0,true,64,64,20260813
128,512,2048,47,19,0,kij,1.202086,223.3080295,0,true,64,64,20260813
128,512,2048,47,19,1,ikj,1.200895,223.5294976,0,true,64,64,20260813
128,512,8192,11,0,0,ikj,4.851519,221.3207501,0,true,64,64,20260813
128,512,8192,11,0,1,kij,4.831638,222.2314304,0,true,64,64,20260813
128,512,8192,11,1,0,ikj,4.82551,222.513646,0,true,64,64,20260813
128,512,8192,11,1,1,kij,4.830897,222.265518,0,true,64,64,20260813
128,512,8192,11,2,0,kij,4.840512,221.8240186,0,true,64,64,20260813
128,512,8192,11,2,1,ikj,4.834182,222.1144806,0,true,64,64,20260813
128,512,8192,11,3,0,ikj,4.830016,222.3060594,0,true,64,64,20260813
128,512,8192,11,3,1,kij,4.835605,222.0491177,0,true,64,64,20260813
128,512,8192,11,4,0,kij,4.839942,221.8501428,0,true,64,64,20260813
128,512,8192,11,4,1,ikj,4.82583,222.4988912,0,true,64,64,20260813
128,512,8192,11,5,0,kij,4.842695,221.7240243,0,true,64,64,20260813
128,512,8192,11,5,1,ikj,4.826371,222.4739507,0,true,64,64,20260813
128,512,8192,11,6,0,ikj,4.827463,222.4236258,0,true,64,64,20260813
128,512,8192,11,6,1,kij,4.852139,221.29247,0,true,64,64,20260813
128,512,8192,11,7,0,kij,4.841513,221.7781557,0,true,64,64,20260813
128,512,8192,11,7,1,ikj,4.831268,222.2484499,0,true,64,64,20260813
128,512,8192,11,8,0,ikj,4.840623,221.818932,0,true,64,64,20260813
128,512,8192,11,8,1,kij,4.828704,222.3664619,0,true,64,64,20260813
128,512,8192,11,9,0,kij,4.832811,222.1774913,0,true,64,64,20260813
128,512,8192,11,9,1,ikj,4.841934,221.7588724,0,true,64,64,20260813
128,512,8192,11,10,0,kij,4.842055,221.7533308,0,true,64,64,20260813
128,512,8192,11,10,1,ikj,4.849096,221.4313398,0,true,64,64,20260813
128,512,8192,11,11,0,ikj,4.830487,222.2843833,0,true,64,64,20260813
128,512,8192,11,11,1,kij,4.836596,222.0036207,0,true,64,64,20260813
128,512,8192,11,12,0,kij,4.833932,222.1259678,0,true,64,64,20260813
128,512,8192,11,12,1,ikj,4.825109,222.5321384,0,true,64,64,20260813
128,512,8192,11,13,0,kij,4.836266,222.018769,0,true,64,64,20260813
128,512,8192,11,13,1,ikj,4.831489,222.2382839,0,true,64,64,20260813
128,512,8192,11,14,0,kij,4.831548,222.23557,0,true,64,64,20260813
128,512,8192,11,14,1,ikj,4.847552,221.5018682,0,true,64,64,20260813
128,512,8192,11,15,0,ikj,4.826331,222.4757946,0,true,64,64,20260813
128,512,8192,11,15,1,kij,4.849355,221.4195133,0,true,64,64,20260813
128,512,8192,11,16,0,kij,4.836746,221.9967358,0,true,64,64,20260813
128,512,8192,11,16,1,ikj,4.844849,221.6254467,0,true,64,64,20260813
128,512,8192,11,17,0,kij,4.83205,222.2124821,0,true,64,64,20260813
128,512,8192,11,17,1,ikj,4.83886,221.8997499,0,true,64,64,20260813
128,512,8192,11,18,0,kij,4.831719,222.2277049,0,true,64,64,20260813
128,512,8192,11,18,1,ikj,4.828925,222.3562851,0,true,64,64,20260813
128,512,8192,11,19,0,kij,4.834223,222.1125968,0,true,64,64,20260813
128,512,8192,11,19,1,ikj,4.849265,221.4236228,0,true,64,64,20260813
128,512,8192,29,0,0,ikj,4.831138,222.2544303,0,true,64,64,20260813
128,512,8192,29,0,1,kij,4.833262,222.1567596,0,true,64,64,20260813
128,512,8192,29,1,0,kij,4.831859,222.221266,0,true,64,64,20260813
128,512,8192,29,1,1,ikj,4.833692,222.1369967,0,true,64,64,20260813
128,512,8192,29,2,0,kij,4.831078,222.2571906,0,true,64,64,20260813
128,512,8192,29,2,1,ikj,4.828965,222.3544432,0,true,64,64,20260813
128,512,8192,29,3,0,kij,4.840221,221.8373549,0,true,64,64,20260813
128,512,8192,29,3,1,ikj,4.827142,222.4384168,0,true,64,64,20260813
128,512,8192,29,4,0,ikj,4.877598,220.1374168,0,true,64,64,20260813
128,512,8192,29,4,1,kij,4.829626,222.324011,0,true,64,64,20260813
128,512,8192,29,5,0,ikj,4.834062,222.1199943,0,true,64,64,20260813
128,512,8192,29,5,1,kij,4.837127,221.9792501,0,true,64,64,20260813
128,512,8192,29,6,0,kij,4.834362,222.1062105,0,true,64,64,20260813
128,512,8192,29,6,1,ikj,4.823026,222.6282471,0,true,64,64,20260813
128,512,8192,29,7,0,kij,4.832129,222.2088491,0,true,64,64,20260813
128,512,8192,29,7,1,ikj,4.838309,221.9250205,0,true,64,64,20260813
128,512,8192,29,8,0,kij,4.833512,222.1452691,0,true,64,64,20260813
128,512,8192,29,8,1,ikj,4.833091,222.1646197,0,true,64,64,20260813
128,512,8192,29,9,0,kij,4.834773,222.0873294,0,true,64,64,20260813
128,512,8192,29,9,1,ikj,4.831969,222.2162071,0,true,64,64,20260813
128,512,8192,29,10,0,ikj,4.834222,222.1126427,0,true,64,64,20260813
128,512,8192,29,10,1,kij,4.837858,221.945709,0,true,64,64,20260813
128,512,8192,29,11,0,ikj,4.82613,222.4850603,0,true,64,64,20260813
128,512,8192,29,11,1,kij,4.849836,221.3975532,0,true,64,64,20260813
128,512,8192,29,12,0,kij,4.839722,221.8602275,0,true,64,64,20260813
128,512,8192,29,12,1,ikj,4.83253,222.1904104,0,true,64,64,20260813
128,512,8192,29,13,0,kij,4.83243,222.1950083,0,true,64,64,20260813
128,512,8192,29,13,1,ikj,4.901745,219.0529748,0,true,64,64,20260813
128,512,8192,29,14,0,kij,4.838469,221.9176818,0,true,64,64,20260813
128,512,8192,29,14,1,ikj,4.824979,222.5381342,0,true,64,64,20260813
128,512,8192,29,15,0,kij,4.831509,222.2373639,0,true,64,64,20260813
128,512,8192,29,15,1,ikj,4.832731,222.1811692,0,true,64,64,20260813
128,512,8192,29,16,0,kij,4.842244,221.7446754,0,true,64,64,20260813
128,512,8192,29,16,1,ikj,4.82607,222.4878263,0,true,64,64,20260813
128,512,8192,29,17,0,ikj,4.829606,222.3249317,0,true,64,64,20260813
128,512,8192,29,17,1,kij,4.838428,221.9195623,0,true,64,64,20260813
128,512,8192,29,18,0,kij,4.831288,222.2475299,0,true,64,64,20260813
128,512,8192,29,18,1,ikj,4.82613,222.4850603,0,true,64,64,20260813
128,512,8192,29,19,0,kij,4.829316,222.3382823,0,true,64,64,20260813
128,512,8192,29,19,1,ikj,4.829866,222.3129635,0,true,64,64,20260813
128,512,8192,47,0,0,ikj,4.832029,222.2134478,0,true,64,64,20260813
128,512,8192,47,0,1,kij,4.832981,222.1696762,0,true,64,64,20260813
128,512,8192,47,1,0,kij,4.835164,222.0693701,0,true,64,64,20260813
128,512,8192,47,1,1,ikj,4.86536,220.6911357,0,true,64,64,20260813
128,512,8192,47,2,0,ikj,4.828284,222.385805,0,true,64,64,20260813
128,512,8192,47,2,1,kij,4.828554,222.3733698,0,true,64,64,20260813
128,512,8192,47,3,0,ikj,4.830246,222.295474,0,true,64,64,20260813
128,512,8192,47,3,1,kij,4.842064,221.7529186,0,true,64,64,20260813
128,512,8192,47,4,0,ikj,4.82593,222.4942807,0,true,64,64,20260813
128,512,8192,47,4,1,kij,4.836856,221.9916872,0,true,64,64,20260813
128,512,8192,47,5,0,kij,4.836847,221.9921002,0,true,64,64,20260813
128,512,8192,47,5,1,ikj,4.838769,221.9039231,0,true,64,64,20260813
128,512,8192,47,6,0,kij,4.8386,221.9116736,0,true,64,64,20260813
128,512,8192,47,6,1,ikj,4.831549,222.2355241,0,true,64,64,20260813
128,512,8192,47,7,0,ikj,4.82543,222.517335,0,true,64,64,20260813
128,512,8192,47,7,1,kij,4.835685,222.0454442,0,true,64,64,20260813
128,512,8192,47,8,0,ikj,4.829055,222.3502992,0,true,64,64,20260813
128,512,8192,47,8,1,kij,4.835375,222.0596798,0,true,64,64,20260813
128,512,8192,47,9,0,ikj,4.829576,222.3263127,0,true,64,64,20260813
128,512,8192,47,9,1,kij,4.836646,222.0013257,0,true,64,64,20260813
128,512,8192,47,10,0,kij,4.831629,222.2318444,0,true,64,64,20260813
128,512,8192,47,10,1,ikj,4.836706,221.9985718,0,true,64,64,20260813
128,512,8192,47,11,0,ikj,4.821033,222.7202809,0,true,64,64,20260813
128,512,8192,47,11,1,kij,4.8396,221.8658203,0,true,64,64,20260813
128,512,8192,47,12,0,kij,4.840853,221.8083929,0,true,64,64,20260813
128,512,8192,47,12,1,ikj,4.828073,222.3955238,0,true,64,64,20260813
128,512,8192,47,13,0,ikj,4.828424,222.3793569,0,true,64,64,20260813
128,512,8192,47,13,1,kij,4.830336,222.2913321,0,true,64,64,20260813
128,512,8192,47,14,0,ikj,4.827904,222.4033088,0,true,64,64,20260813
128,512,8192,47,14,1,kij,4.835384,222.0592664,0,true,64,64,20260813
128,512,8192,47,15,0,ikj,4.831459,222.2396638,0,true,64,64,20260813
128,512,8192,47,15,1,kij,4.832911,222.1728941,0,true,64,64,20260813
128,512,8192,47,16,0,kij,4.831519,222.236904,0,true,64,64,20260813
128,512,8192,47,16,1,ikj,4.828844,222.3600149,0,true,64,64,20260813
128,512,8192,47,17,0,ikj,4.840592,221.8203526,0,true,64,64,20260813
128,512,8192,47,17,1,kij,4.87223,220.3799541,0,true,64,64,20260813
128,512,8192,47,18,0,kij,4.83892,221.8969985,0,true,64,64,20260813
128,512,8192,47,18,1,ikj,4.82568,222.5058073,0,true,64,64,20260813
128,512,8192,47,19,0,kij,4.841333,221.7864014,0,true,64,64,20260813
128,512,8192,47,19,1,ikj,4.823276,222.6167078,0,true,64,64,20260813
128,512,16384,11,0,0,ikj,9.709207,221.1801281,0,true,64,64,20260813
128,512,16384,11,0,1,kij,9.749668,220.2622333,0,true,64,64,20260813
128,512,16384,11,1,0,kij,9.756088,220.1172896,0,true,64,64,20260813
128,512,16384,11,1,1,ikj,9.723439,220.8563912,0,true,64,64,20260813
128,512,16384,11,2,0,kij,9.744219,220.3854047,0,true,64,64,20260813
128,512,16384,11,2,1,ikj,9.720624,220.9203491,0,true,64,64,20260813
128,512,16384,11,3,0,kij,9.736348,220.5635674,0,true,64,64,20260813
128,512,16384,11,3,1,ikj,9.713634,221.079325,0,true,64,64,20260813
128,512,16384,11,4,0,ikj,9.693763,221.5325099,0,true,64,64,20260813
128,512,16384,11,4,1,kij,9.746292,220.3385296,0,true,64,64,20260813
128,512,16384,11,5,0,ikj,9.703238,221.3161883,0,true,64,64,20260813
128,512,16384,11,5,1,kij,9.748025,220.2993579,0,true,64,64,20260813
128,512,16384,11,6,0,kij,9.749147,220.2740043,0,true,64,64,20260813
128,512,16384,11,6,1,ikj,9.724179,220.8395843,0,true,64,64,20260813
128,512,16384,11,7,0,kij,9.784411,219.4801146,0,true,64,64,20260813
128,512,16384,11,7,1,ikj,9.709918,221.1639324,0,true,64,64,20260813
128,512,16384,11,8,0,ikj,9.692021,221.5723272,0,true,64,64,20260813
128,512,16384,11,8,1,kij,9.727485,220.7645294,0,true,64,64,20260813
128,512,16384,11,9,0,kij,9.762618,219.970058,0,true,64,64,20260813
128,512,16384,11,9,1,ikj,9.716127,221.0225996,0,true,64,64,20260813
128,512,16384,11,10,0,kij,9.750418,220.2452908,0,true,64,64,20260813
128,512,16384,11,10,1,ikj,9.704851,221.2794043,0,true,64,64,20260813
128,512,16384,11,11,0,ikj,9.714916,221.0501509,0,true,64,64,20260813
128,512,16384,11,11,1,kij,9.73798,220.5266028,0,true,64,64,20260813
128,512,16384,11,12,0,kij,9.782848,219.5151809,0,true,64,64,20260813
128,512,16384,11,12,1,ikj,9.70408,221.2969852,0,true,64,64,20260813
128,512,16384,11,13,0,kij,9.750198,220.2502604,0,true,64,64,20260813
128,512,16384,11,13,1,ikj,9.704159,221.2951836,0,true,64,64,20260813
128,512,16384,11,14,0,ikj,9.709798,221.1666657,0,true,64,64,20260813
128,512,16384,11,14,1,kij,9.738692,220.5104801,0,true,64,64,20260813
128,512,16384,11,15,0,ikj,9.748266,220.2939116,0,true,64,64,20260813
128,512,16384,11,15,1,kij,9.741356,220.4501763,0,true,64,64,20260813
128,512,16384,11,16,0,ikj,9.733474,220.6286931,0,true,64,64,20260813
128,512,16384,11,16,1,kij,9.730829,220.6886636,0,true,64,64,20260813
128,512,16384,11,17,0,ikj,9.754385,220.1557195,0,true,64,64,20260813
128,512,16384,11,17,1,kij,9.762848,219.9648758,0,true,64,64,20260813
128,512,16384,11,18,0,ikj,9.710419,221.1525216,0,true,64,64,20260813
128,512,16384,11,18,1,kij,9.785202,219.4623727,0,true,64,64,20260813
128,512,16384,11,19,0,ikj,9.725241,220.8154685,0,true,64,64,20260813
128,512,16384,11,19,1,kij,9.741325,220.4508779,0,true,64,64,20260813
128,512,16384,29,0,0,ikj,9.705742,221.2590905,0,true,64,64,20260813
128,512,16384,29,0,1,kij,9.774044,219.7129098,0,true,64,64,20260813
128,512,16384,29,1,0,kij,9.743619,220.3989758,0,true,64,64,20260813
128,512,16384,29,1,1,ikj,9.715677,221.0328367,0,true,64,64,20260813
128,512,16384,29,2,0,kij,9.748256,220.2941375,0,true,64,64,20260813
128,512,16384,29,2,1,ikj,9.71146,221.1288156,0,true,64,64,20260813
128,512,16384,29,3,0,kij,9.7442,220.3858344,0,true,64,64,20260813
128,512,16384,29,3,1,ikj,9.715376,221.0396847,0,true,64,64,20260813
128,512,16384,29,4,0,kij,9.743949,220.3915115,0,true,64,64,20260813
128,512,16384,29,4,1,ikj,9.704089,221.2967799,0,true,64,64,20260813
128,512,16384,29,5,0,ikj,9.706813,221.234678,0,true,64,64,20260813
128,512,16384,29,5,1,kij,9.787515,219.410509,0,true,64,64,20260813
128,512,16384,29,6,0,ikj,9.716248,221.0198472,0,true,64,64,20260813
128,512,16384,29,6,1,kij,9.744951,220.3688503,0,true,64,64,20260813
128,512,16384,29,7,0,kij,9.786253,219.4388034,0,true,64,64,20260813
128,512,16384,29,7,1,ikj,9.718511,220.9683817,0,true,64,64,20260813
128,512,16384,29,8,0,ikj,9.722397,220.8800616,0,true,64,64,20260813
128,512,16384,29,8,1,kij,9.739063,220.5020799,0,true,64,64,20260813
128,512,16384,29,9,0,kij,9.746613,220.3312728,0,true,64,64,20260813
128,512,16384,29,9,1,ikj,9.706292,221.2465531,0,true,64,64,20260813
128,512,16384,29,10,0,kij,9.780735,219.5626042,0,true,64,64,20260813
128,512,16384,29,10,1,ikj,9.704199,221.2942715,0,true,64,64,20260813
128,512,16384,29,11,0,kij,9.75783,220.0779936,0,true,64,64,20260813
128,512,16384,29,11,1,ikj,9.702157,221.340847,0,true,64,64,20260813
128,512,16384,29,12,0,kij,9.862799,217.7357207,0,true,64,64,20260813
128,512,16384,29,12,1,ikj,9.702787,221.3264754,0,true,64,64,20260813
128,512,16384,29,13,0,kij,9.74415,220.3869653,0,true,64,64,20260813
128,512,16384,29,13,1,ikj,9.710268,221.1559607,0,true,64,64,20260813
128,512,16384,29,14,0,kij,9.744831,220.371564,0,true,64,64,20260813
128,512,16384,29,14,1,ikj,9.69801,221.4354953,0,true,64,64,20260813
128,512,16384,29,15,0,ikj,9.715726,221.031722,0,true,64,64,20260813
128,512,16384,29,15,1,kij,9.73755,220.5363411,0,true,64,64,20260813
128,512,16384,29,16,0,ikj,9.705972,221.2538474,0,true,64,64,20260813
128,512,16384,29,16,1,kij,9.738091,220.5240892,0,true,64,64,20260813
128,512,16384,29,17,0,kij,9.749337,220.2697115,0,true,64,64,20260813
128,512,16384,29,17,1,ikj,9.699162,221.4091947,0,true,64,64,20260813
128,512,16384,29,18,0,kij,9.734465,220.6062324,0,true,64,64,20260813
128,512,16384,29,18,1,ikj,9.725332,220.8134024,0,true,64,64,20260813
128,512,16384,29,19,0,kij,9.739673,220.4882698,0,true,64,64,20260813
128,512,16384,29,19,1,ikj,9.721575,220.8987379,0,true,64,64,20260813
128,512,16384,47,0,0,kij,9.750048,220.2536488,0,true,64,64,20260813
128,512,16384,47,0,1,ikj,9.708145,221.2043236,0,true,64,64,20260813
128,512,16384,47,1,0,ikj,9.702077,221.3426721,0,true,64,64,20260813
128,512,16384,47,1,1,kij,9.735486,220.5830965,0,true,64,64,20260813
128,512,16384,47,2,0,ikj,9.710348,221.1541387,0,true,64,64,20260813
128,512,16384,47,2,1,kij,9.743719,220.3967138,0,true,64,64,20260813
128,512,16384,47,3,0,ikj,9.709447,221.1746609,0,true,64,64,20260813
128,512,16384,47,3,1,kij,9.781396,219.5477668,0,true,64,64,20260813
128,512,16384,47,4,0,kij,9.758481,220.0633119,0,true,64,64,20260813
128,512,16384,47,4,1,ikj,9.713944,221.0722697,0,true,64,64,20260813
128,512,16384,47,5,0,kij,9.751421,220.2226371,0,true,64,64,20260813
128,512,16384,47,5,1,ikj,9.707254,221.2246273,0,true,64,64,20260813
128,512,16384,47,6,0,ikj,9.700343,221.3822385,0,true,64,64,20260813
128,512,16384,47,6,1,kij,9.738211,220.5213717,0,true,64,64,20260813
128,512,16384,47,7,0,kij,9.760235,220.0237646,0,true,64,64,20260813
128,512,16384,47,7,1,ikj,9.716868,221.0057446,0,true,64,64,20260813
128,512,16384,47,8,0,ikj,9.701135,221.3641649,0,true,64,64,20260813
128,512,16384,47,8,1,kij,9.748006,220.2997873,0,true,64,64,20260813
128,512,16384,47,9,0,kij,9.755056,220.1405761,0,true,64,64,20260813
128,512,16384,47,9,1,ikj,9.712742,221.0996285,0,true,64,64,20260813
128,512,16384,47,10,0,ikj,9.698231,221.4304493,0,true,64,64,20260813
128,512,16384,47,10,1,kij,9.736098,220.5692309,0,true,64,64,20260813
128,512,16384,47,11,0,kij,9.751201,220.2276056,0,true,64,64,20260813
128,512,16384,47,11,1,ikj,9.714054,221.0697663,0,true,64,64,20260813
128,512,16384,47,12,0,kij,9.740955,220.4592515,0,true,64,64,20260813
128,512,16384,47,12,1,ikj,9.715347,221.0403445,0,true,64,64,20260813
128,512,16384,47,13,0,kij,9.755968,220.1199971,0,true,64,64,20260813
128,512,16384,47,13,1,ikj,9.71117,221.1354191,0,true,64,64,20260813
128,512,16384,47,14,0,kij,9.749908,220.2568114,0,true,64,64,20260813
128,512,16384,47,14,1,ikj,9.714905,221.0504012,0,true,64,64,20260813
128,512,16384,47,15,0,ikj,9.742007,220.435445,0,true,64,64,20260813
128,512,16384,47,15,1,kij,9.752974,220.1875703,0,true,64,64,20260813
128,512,16384,47,16,0,ikj,9.721466,220.9012147,0,true,64,64,20260813
128,512,16384,47,16,1,kij,9.747735,220.3059119,0,true,64,64,20260813
128,512,16384,47,17,0,kij,9.752352,220.2016137,0,true,64,64,20260813
128,512,16384,47,17,1,ikj,9.718,220.9800008,0,true,64,64,20260813
128,512,16384,47,18,0,kij,9.793314,219.2805876,0,true,64,64,20260813
128,512,16384,47,18,1,ikj,9.711511,221.1276544,0,true,64,64,20260813
128,512,16384,47,19,0,ikj,9.69804,221.4348103,0,true,64,64,20260813
128,512,16384,47,19,1,kij,9.748696,220.2841947,0,true,64,64,20260813
