phase,layout,block_size,batch_size,seq_len,query_len,active_batch_size,shape,num_q_heads,num_kv_heads,head_dim,exit_fraction,l2_bytes,heuristic_block_size,bytes_per_token,block_bytes,kv_history_bytes,warmups,repeats,mean_ms,median_ms,p95_ms,min_ms,max_ms,tokens,tokens_per_second,total_blocks,omp_threads,slab_schedule
prefill,head_major,16,1,128,128,1,slm_gqa,8,4,64,0.0,1048576,256,1024,16384,131072,5,20,0.1898114,0.183222,0.219062,0.179721,0.220115,128,698606.0625907369,72,64,auto
prefill,head_major,32,1,128,128,1,slm_gqa,8,4,64,0.0,1048576,256,1024,32768,131072,5,20,0.16208039999999999,0.166901,0.168864,0.14051,0.194113,128,766921.7080784417,68,64,auto
prefill,head_major,64,1,128,128,1,slm_gqa,8,4,64,0.0,1048576,256,1024,65536,131072,5,20,0.14780870000000002,0.147586,0.157446,0.129984,0.178539,128,867290.9354545823,66,64,auto
prefill,head_major,128,1,128,128,1,slm_gqa,8,4,64,0.0,1048576,256,1024,131072,131072,5,20,0.1547094,0.156505,0.159419,0.142082,0.184278,128,817865.2439219194,65,64,auto
prefill,head_major,256,1,128,128,1,slm_gqa,8,4,64,0.0,1048576,256,1024,262144,131072,5,20,0.22268915,0.2238,0.227806,0.213514,0.242699,128,571939.2314566578,65,64,auto
