phase,layout,block_size,batch_size,seq_len,query_len,active_batch_size,shape,num_q_heads,num_kv_heads,head_dim,exit_fraction,l2_bytes,heuristic_block_size,bytes_per_token,block_bytes,kv_history_bytes,warmups,repeats,mean_ms,median_ms,p95_ms,min_ms,max_ms,tokens,tokens_per_second,total_blocks,omp_threads,slab_schedule
prefill,head_major,16,1,128,128,1,slm_gqa,8,4,64,0.0,1048576,256,1024,16384,131072,1,2,0.2423775,0.2423775,0.258598,0.226157,0.258598,128,528101.824633062,72,64,auto
prefill,head_major,32,1,128,128,1,slm_gqa,8,4,64,0.0,1048576,256,1024,32768,131072,1,2,0.17326399999999997,0.17326399999999997,0.19609,0.150438,0.19609,128,738757.0412780497,68,64,auto
prefill,head_major,64,1,128,128,1,slm_gqa,8,4,64,0.0,1048576,256,1024,65536,131072,1,2,0.16079349999999998,0.16079349999999998,0.176278,0.145309,0.176278,128,796052.0792196203,66,64,auto
prefill,head_major,128,1,128,128,1,slm_gqa,8,4,64,0.0,1048576,256,1024,131072,131072,1,2,0.1608995,0.1608995,0.171171,0.150628,0.171171,128,795527.6430318304,65,64,auto
prefill,head_major,256,1,128,128,1,slm_gqa,8,4,64,0.0,1048576,256,1024,262144,131072,1,2,0.24375950000000002,0.24375950000000002,0.281785,0.205734,0.281785,128,525107.7393906699,65,64,auto
