shape,head_dim,query_len,kv_len,working_set_bytes,output_bytes,data_seed,round,order_position,loop_order,elapsed_ms,gflops,max_abs_error,correct,order_seed
slm,64,1,128,33536,256,11,0,0,kij,0.001732,9.459584296,0,true,20260809
slm,64,1,128,33536,256,11,0,1,ikj,0.001672,9.799043062,0,true,20260809
slm,64,1,128,33536,256,11,1,0,kij,0.001722,9.514518002,0,true,20260809
slm,64,1,128,33536,256,11,1,1,ikj,0.001703,9.620669407,0,true,20260809
slm,64,1,128,33536,256,11,2,0,kij,0.001693,9.67749557,0,true,20260809
slm,64,1,128,33536,256,11,2,1,ikj,0.001672,9.799043062,0,true,20260809
slm,64,1,128,33536,256,11,3,0,ikj,0.001692,9.68321513,0,true,20260809
slm,64,1,128,33536,256,11,3,1,kij,0.001723,9.508995937,0,true,20260809
slm,64,1,128,33536,256,11,4,0,ikj,0.001662,9.858002407,0,true,20260809
slm,64,1,128,33536,256,11,4,1,kij,0.001702,9.626321974,0,true,20260809
slm,64,1,128,33536,256,11,5,0,ikj,0.001663,9.852074564,0,true,20260809
slm,64,1,128,33536,256,11,5,1,kij,0.001692,9.68321513,0,true,20260809
slm,64,1,128,33536,256,11,6,0,kij,0.001703,9.620669407,0,true,20260809
slm,64,1,128,33536,256,11,6,1,ikj,0.001692,9.68321513,0,true,20260809
slm,64,1,128,33536,256,11,7,0,ikj,0.001693,9.67749557,0,true,20260809
slm,64,1,128,33536,256,11,7,1,kij,0.001702,9.626321974,0,true,20260809
slm,64,1,128,33536,256,11,8,0,kij,0.001723,9.508995937,0,true,20260809
slm,64,1,128,33536,256,11,8,1,ikj,0.001692,9.68321513,0,true,20260809
slm,64,1,128,33536,256,11,9,0,ikj,0.001693,9.67749557,0,true,20260809
slm,64,1,128,33536,256,11,9,1,kij,0.001692,9.68321513,0,true,20260809
slm,64,1,128,33536,256,11,10,0,kij,0.001723,9.508995937,0,true,20260809
slm,64,1,128,33536,256,11,10,1,ikj,0.001682,9.74078478,0,true,20260809
slm,64,1,128,33536,256,11,11,0,kij,0.001683,9.734997029,0,true,20260809
slm,64,1,128,33536,256,11,11,1,ikj,0.001682,9.74078478,0,true,20260809
slm,64,1,128,33536,256,11,12,0,kij,0.001683,9.734997029,0,true,20260809
slm,64,1,128,33536,256,11,12,1,ikj,0.001673,9.793185894,0,true,20260809
slm,64,1,128,33536,256,11,13,0,ikj,0.001693,9.67749557,0,true,20260809
slm,64,1,128,33536,256,11,13,1,kij,0.001693,9.67749557,0,true,20260809
slm,64,1,128,33536,256,11,14,0,ikj,0.001692,9.68321513,0,true,20260809
slm,64,1,128,33536,256,11,14,1,kij,0.001713,9.564506713,0,true,20260809
slm,64,1,128,33536,256,11,15,0,ikj,0.001672,9.799043062,0,true,20260809
slm,64,1,128,33536,256,11,15,1,kij,0.001703,9.620669407,0,true,20260809
slm,64,1,128,33536,256,11,16,0,ikj,0.001662,9.858002407,0,true,20260809
slm,64,1,128,33536,256,11,16,1,kij,0.001753,9.346263548,0,true,20260809
slm,64,1,128,33536,256,11,17,0,kij,0.001723,9.508995937,0,true,20260809
slm,64,1,128,33536,256,11,17,1,ikj,0.001682,9.74078478,0,true,20260809
slm,64,1,128,33536,256,11,18,0,kij,0.001713,9.564506713,0,true,20260809
slm,64,1,128,33536,256,11,18,1,ikj,0.001692,9.68321513,0,true,20260809
slm,64,1,128,33536,256,11,19,0,kij,0.001693,9.67749557,0,true,20260809
slm,64,1,128,33536,256,11,19,1,ikj,0.001662,9.858002407,0,true,20260809
slm,64,1,128,33536,256,29,0,0,ikj,0.001703,9.620669407,0,true,20260809
slm,64,1,128,33536,256,29,0,1,kij,0.001702,9.626321974,0,true,20260809
slm,64,1,128,33536,256,29,1,0,kij,0.001703,9.620669407,0,true,20260809
slm,64,1,128,33536,256,29,1,1,ikj,0.001672,9.799043062,0,true,20260809
slm,64,1,128,33536,256,29,2,0,ikj,0.001693,9.67749557,0,true,20260809
slm,64,1,128,33536,256,29,2,1,kij,0.001712,9.570093458,0,true,20260809
slm,64,1,128,33536,256,29,3,0,ikj,0.001663,9.852074564,0,true,20260809
slm,64,1,128,33536,256,29,3,1,kij,0.001702,9.626321974,0,true,20260809
slm,64,1,128,33536,256,29,4,0,kij,0.001693,9.67749557,0,true,20260809
slm,64,1,128,33536,256,29,4,1,ikj,0.001662,9.858002407,0,true,20260809
slm,64,1,128,33536,256,29,5,0,kij,0.001723,9.508995937,0,true,20260809
slm,64,1,128,33536,256,29,5,1,ikj,0.001663,9.852074564,0,true,20260809
slm,64,1,128,33536,256,29,6,0,ikj,0.001682,9.74078478,0,true,20260809
slm,64,1,128,33536,256,29,6,1,kij,0.001703,9.620669407,0,true,20260809
slm,64,1,128,33536,256,29,7,0,kij,0.001692,9.68321513,0,true,20260809
slm,64,1,128,33536,256,29,7,1,ikj,0.001653,9.911675741,0,true,20260809
slm,64,1,128,33536,256,29,8,0,kij,0.001692,9.68321513,0,true,20260809
slm,64,1,128,33536,256,29,8,1,ikj,0.001663,9.852074564,0,true,20260809
slm,64,1,128,33536,256,29,9,0,kij,0.001692,9.68321513,0,true,20260809
slm,64,1,128,33536,256,29,9,1,ikj,0.001663,9.852074564,0,true,20260809
slm,64,1,128,33536,256,29,10,0,kij,0.001702,9.626321974,0,true,20260809
slm,64,1,128,33536,256,29,10,1,ikj,0.001673,9.793185894,0,true,20260809
slm,64,1,128,33536,256,29,11,0,ikj,0.001682,9.74078478,0,true,20260809
slm,64,1,128,33536,256,29,11,1,kij,0.001713,9.564506713,0,true,20260809
slm,64,1,128,33536,256,29,12,0,kij,0.001693,9.67749557,0,true,20260809
slm,64,1,128,33536,256,29,12,1,ikj,0.001713,9.564506713,0,true,20260809
slm,64,1,128,33536,256,29,13,0,kij,0.001712,9.570093458,0,true,20260809
slm,64,1,128,33536,256,29,13,1,ikj,0.001663,9.852074564,0,true,20260809
slm,64,1,128,33536,256,29,14,0,kij,0.001682,9.74078478,0,true,20260809
slm,64,1,128,33536,256,29,14,1,ikj,0.001663,9.852074564,0,true,20260809
slm,64,1,128,33536,256,29,15,0,kij,0.001682,9.74078478,0,true,20260809
slm,64,1,128,33536,256,29,15,1,ikj,0.001663,9.852074564,0,true,20260809
slm,64,1,128,33536,256,29,16,0,kij,0.001692,9.68321513,0,true,20260809
slm,64,1,128,33536,256,29,16,1,ikj,0.001663,9.852074564,0,true,20260809
slm,64,1,128,33536,256,29,17,0,ikj,0.001702,9.626321974,0,true,20260809
slm,64,1,128,33536,256,29,17,1,kij,0.001713,9.564506713,0,true,20260809
slm,64,1,128,33536,256,29,18,0,ikj,0.001692,9.68321513,0,true,20260809
slm,64,1,128,33536,256,29,18,1,kij,0.001703,9.620669407,0,true,20260809
slm,64,1,128,33536,256,29,19,0,ikj,0.001673,9.793185894,0,true,20260809
slm,64,1,128,33536,256,29,19,1,kij,0.001702,9.626321974,0,true,20260809
slm,64,1,128,33536,256,47,0,0,ikj,0.001673,9.793185894,0,true,20260809
slm,64,1,128,33536,256,47,0,1,kij,0.001732,9.459584296,0,true,20260809
slm,64,1,128,33536,256,47,1,0,kij,0.001703,9.620669407,0,true,20260809
slm,64,1,128,33536,256,47,1,1,ikj,0.001662,9.858002407,0,true,20260809
slm,64,1,128,33536,256,47,2,0,kij,0.001703,9.620669407,0,true,20260809
slm,64,1,128,33536,256,47,2,1,ikj,0.001672,9.799043062,0,true,20260809
slm,64,1,128,33536,256,47,3,0,kij,0.001693,9.67749557,0,true,20260809
slm,64,1,128,33536,256,47,3,1,ikj,0.001672,9.799043062,0,true,20260809
slm,64,1,128,33536,256,47,4,0,ikj,0.001693,9.67749557,0,true,20260809
slm,64,1,128,33536,256,47,4,1,kij,0.001732,9.459584296,0,true,20260809
slm,64,1,128,33536,256,47,5,0,kij,0.001703,9.620669407,0,true,20260809
slm,64,1,128,33536,256,47,5,1,ikj,0.001673,9.793185894,0,true,20260809
slm,64,1,128,33536,256,47,6,0,kij,0.001712,9.570093458,0,true,20260809
slm,64,1,128,33536,256,47,6,1,ikj,0.001673,9.793185894,0,true,20260809
slm,64,1,128,33536,256,47,7,0,kij,0.001762,9.298524404,0,true,20260809
slm,64,1,128,33536,256,47,7,1,ikj,0.001673,9.793185894,0,true,20260809
slm,64,1,128,33536,256,47,8,0,ikj,0.001692,9.68321513,0,true,20260809
slm,64,1,128,33536,256,47,8,1,kij,0.001733,9.454125793,0,true,20260809
slm,64,1,128,33536,256,47,9,0,kij,0.001723,9.508995937,0,true,20260809
slm,64,1,128,33536,256,47,9,1,ikj,0.001662,9.858002407,0,true,20260809
slm,64,1,128,33536,256,47,10,0,kij,0.001693,9.67749557,0,true,20260809
slm,64,1,128,33536,256,47,10,1,ikj,0.001662,9.858002407,0,true,20260809
slm,64,1,128,33536,256,47,11,0,ikj,0.001693,9.67749557,0,true,20260809
slm,64,1,128,33536,256,47,11,1,kij,0.001702,9.626321974,0,true,20260809
slm,64,1,128,33536,256,47,12,0,kij,0.001693,9.67749557,0,true,20260809
slm,64,1,128,33536,256,47,12,1,ikj,0.001662,9.858002407,0,true,20260809
slm,64,1,128,33536,256,47,13,0,ikj,0.001693,9.67749557,0,true,20260809
slm,64,1,128,33536,256,47,13,1,kij,0.001712,9.570093458,0,true,20260809
slm,64,1,128,33536,256,47,14,0,ikj,0.001693,9.67749557,0,true,20260809
slm,64,1,128,33536,256,47,14,1,kij,0.001733,9.454125793,0,true,20260809
slm,64,1,128,33536,256,47,15,0,kij,0.001702,9.626321974,0,true,20260809
slm,64,1,128,33536,256,47,15,1,ikj,0.001683,9.734997029,0,true,20260809
slm,64,1,128,33536,256,47,16,0,kij,0.001692,9.68321513,0,true,20260809
slm,64,1,128,33536,256,47,16,1,ikj,0.001683,9.734997029,0,true,20260809
slm,64,1,128,33536,256,47,17,0,kij,0.001702,9.626321974,0,true,20260809
slm,64,1,128,33536,256,47,17,1,ikj,0.001683,9.734997029,0,true,20260809
slm,64,1,128,33536,256,47,18,0,kij,0.001702,9.626321974,0,true,20260809
slm,64,1,128,33536,256,47,18,1,ikj,0.001673,9.793185894,0,true,20260809
slm,64,1,128,33536,256,47,19,0,kij,0.001692,9.68321513,0,true,20260809
slm,64,1,128,33536,256,47,19,1,ikj,0.001673,9.793185894,0,true,20260809
slm,64,1,512,133376,256,11,0,0,ikj,0.00645,10.16062016,0,true,20260809
slm,64,1,512,133376,256,11,0,1,kij,0.00653,10.03614089,0,true,20260809
slm,64,1,512,133376,256,11,1,0,kij,0.00653,10.03614089,0,true,20260809
slm,64,1,512,133376,256,11,1,1,ikj,0.006439,10.17797795,0,true,20260809
slm,64,1,512,133376,256,11,2,0,kij,0.00654,10.02079511,0,true,20260809
slm,64,1,512,133376,256,11,2,1,ikj,0.00645,10.16062016,0,true,20260809
slm,64,1,512,133376,256,11,3,0,kij,0.00652,10.05153374,0,true,20260809
slm,64,1,512,133376,256,11,3,1,ikj,0.00644,10.17639752,0,true,20260809
slm,64,1,512,133376,256,11,4,0,ikj,0.006449,10.16219569,0,true,20260809
slm,64,1,512,133376,256,11,4,1,kij,0.00672,9.752380952,0,true,20260809
slm,64,1,512,133376,256,11,5,0,ikj,0.00648,10.11358025,0,true,20260809
slm,64,1,512,133376,256,11,5,1,kij,0.00658,9.959878419,0,true,20260809
slm,64,1,512,133376,256,11,6,0,ikj,0.0065,10.08246154,0,true,20260809
slm,64,1,512,133376,256,11,6,1,kij,0.00661,9.914674735,0,true,20260809
slm,64,1,512,133376,256,11,7,0,ikj,0.00647,10.12921175,0,true,20260809
slm,64,1,512,133376,256,11,7,1,kij,0.00657,9.975038052,0,true,20260809
slm,64,1,512,133376,256,11,8,0,kij,0.00658,9.959878419,0,true,20260809
slm,64,1,512,133376,256,11,8,1,ikj,0.006469,10.13077755,0,true,20260809
slm,64,1,512,133376,256,11,9,0,ikj,0.00649,10.09799692,0,true,20260809
slm,64,1,512,133376,256,11,9,1,kij,0.00663,9.884766214,0,true,20260809
slm,64,1,512,133376,256,11,10,0,ikj,0.00647,10.12921175,0,true,20260809
slm,64,1,512,133376,256,11,10,1,kij,0.00661,9.914674735,0,true,20260809
slm,64,1,512,133376,256,11,11,0,ikj,0.00649,10.09799692,0,true,20260809
slm,64,1,512,133376,256,11,11,1,kij,0.00663,9.884766214,0,true,20260809
slm,64,1,512,133376,256,11,12,0,kij,0.00659,9.944764795,0,true,20260809
slm,64,1,512,133376,256,11,12,1,ikj,0.00651,10.06697389,0,true,20260809
slm,64,1,512,133376,256,11,13,0,ikj,0.006459,10.1464623,0,true,20260809
slm,64,1,512,133376,256,11,13,1,kij,0.00657,9.975038052,0,true,20260809
slm,64,1,512,133376,256,11,14,0,ikj,0.00647,10.12921175,0,true,20260809
slm,64,1,512,133376,256,11,14,1,kij,0.00658,9.959878419,0,true,20260809
slm,64,1,512,133376,256,11,15,0,ikj,0.00648,10.11358025,0,true,20260809
slm,64,1,512,133376,256,11,15,1,kij,0.00657,9.975038052,0,true,20260809
slm,64,1,512,133376,256,11,16,0,kij,0.00659,9.944764795,0,true,20260809
slm,64,1,512,133376,256,11,16,1,ikj,0.00645,10.16062016,0,true,20260809
slm,64,1,512,133376,256,11,17,0,kij,0.00663,9.884766214,0,true,20260809
slm,64,1,512,133376,256,11,17,1,ikj,0.00648,10.11358025,0,true,20260809
slm,64,1,512,133376,256,11,18,0,kij,0.00659,9.944764795,0,true,20260809
slm,64,1,512,133376,256,11,18,1,ikj,0.00649,10.09799692,0,true,20260809
slm,64,1,512,133376,256,11,19,0,ikj,0.00648,10.11358025,0,true,20260809
slm,64,1,512,133376,256,11,19,1,kij,0.00665,9.855037594,0,true,20260809
slm,64,1,512,133376,256,29,0,0,ikj,0.00691,9.48422576,0,true,20260809
slm,64,1,512,133376,256,29,0,1,kij,0.007091,9.242137921,0,true,20260809
slm,64,1,512,133376,256,29,1,0,kij,0.007091,9.242137921,0,true,20260809
slm,64,1,512,133376,256,29,1,1,ikj,0.00688,9.525581395,0,true,20260809
slm,64,1,512,133376,256,29,2,0,kij,0.007161,9.151794442,0,true,20260809
slm,64,1,512,133376,256,29,2,1,ikj,0.0069,9.497971014,0,true,20260809
slm,64,1,512,133376,256,29,3,0,kij,0.007161,9.151794442,0,true,20260809
slm,64,1,512,133376,256,29,3,1,ikj,0.006851,9.565902788,0,true,20260809
slm,64,1,512,133376,256,29,4,0,ikj,0.00685,9.56729927,0,true,20260809
slm,64,1,512,133376,256,29,4,1,kij,0.007051,9.294568146,0,true,20260809
slm,64,1,512,133376,256,29,5,0,kij,0.00709,9.243441467,0,true,20260809
slm,64,1,512,133376,256,29,5,1,ikj,0.006861,9.551960356,0,true,20260809
slm,64,1,512,133376,256,29,6,0,kij,0.00706,9.282719547,0,true,20260809
slm,64,1,512,133376,256,29,6,1,ikj,0.006861,9.551960356,0,true,20260809
slm,64,1,512,133376,256,29,7,0,ikj,0.00686,9.55335277,0,true,20260809
slm,64,1,512,133376,256,29,7,1,kij,0.007131,9.190295891,0,true,20260809
slm,64,1,512,133376,256,29,8,0,ikj,0.00688,9.525581395,0,true,20260809
slm,64,1,512,133376,256,29,8,1,kij,0.007161,9.151794442,0,true,20260809
slm,64,1,512,133376,256,29,9,0,kij,0.007081,9.255189945,0,true,20260809
slm,64,1,512,133376,256,29,9,1,ikj,0.00685,9.56729927,0,true,20260809
slm,64,1,512,133376,256,29,10,0,ikj,0.006891,9.510375853,0,true,20260809
slm,64,1,512,133376,256,29,10,1,kij,0.007131,9.190295891,0,true,20260809
slm,64,1,512,133376,256,29,11,0,kij,0.0071,9.230422535,0,true,20260809
slm,64,1,512,133376,256,29,11,1,ikj,0.006881,9.524197064,0,true,20260809
slm,64,1,512,133376,256,29,12,0,ikj,0.00686,9.55335277,0,true,20260809
slm,64,1,512,133376,256,29,12,1,kij,0.007061,9.2814049,0,true,20260809
slm,64,1,512,133376,256,29,13,0,ikj,0.00685,9.56729927,0,true,20260809
slm,64,1,512,133376,256,29,13,1,kij,0.007101,9.229122659,0,true,20260809
slm,64,1,512,133376,256,29,14,0,kij,0.007121,9.203201798,0,true,20260809
slm,64,1,512,133376,256,29,14,1,ikj,0.00688,9.525581395,0,true,20260809
slm,64,1,512,133376,256,29,15,0,kij,0.007051,9.294568146,0,true,20260809
slm,64,1,512,133376,256,29,15,1,ikj,0.00684,9.58128655,0,true,20260809
slm,64,1,512,133376,256,29,16,0,kij,0.007081,9.255189945,0,true,20260809
slm,64,1,512,133376,256,29,16,1,ikj,0.00686,9.55335277,0,true,20260809
slm,64,1,512,133376,256,29,17,0,ikj,0.006841,9.579885982,0,true,20260809
slm,64,1,512,133376,256,29,17,1,kij,0.00711,9.217440225,0,true,20260809
slm,64,1,512,133376,256,29,18,0,ikj,0.006861,9.551960356,0,true,20260809
slm,64,1,512,133376,256,29,18,1,kij,0.00704,9.309090909,0,true,20260809
slm,64,1,512,133376,256,29,19,0,kij,0.007121,9.203201798,0,true,20260809
slm,64,1,512,133376,256,29,19,1,ikj,0.00687,9.53944687,0,true,20260809
slm,64,1,512,133376,256,47,0,0,ikj,0.006891,9.510375853,0,true,20260809
slm,64,1,512,133376,256,47,0,1,kij,0.00715,9.165874126,0,true,20260809
slm,64,1,512,133376,256,47,1,0,ikj,0.006841,9.579885982,0,true,20260809
slm,64,1,512,133376,256,47,1,1,kij,0.00713,9.191584853,0,true,20260809
slm,64,1,512,133376,256,47,2,0,kij,0.007141,9.177426131,0,true,20260809
slm,64,1,512,133376,256,47,2,1,ikj,0.006871,9.538058507,0,true,20260809
slm,64,1,512,133376,256,47,3,0,kij,0.007191,9.11361424,0,true,20260809
slm,64,1,512,133376,256,47,3,1,ikj,0.00686,9.55335277,0,true,20260809
slm,64,1,512,133376,256,47,4,0,kij,0.007151,9.164592365,0,true,20260809
slm,64,1,512,133376,256,47,4,1,ikj,0.006861,9.551960356,0,true,20260809
slm,64,1,512,133376,256,47,5,0,kij,0.00714,9.178711485,0,true,20260809
slm,64,1,512,133376,256,47,5,1,ikj,0.006881,9.524197064,0,true,20260809
slm,64,1,512,133376,256,47,6,0,ikj,0.00686,9.55335277,0,true,20260809
slm,64,1,512,133376,256,47,6,1,kij,0.007131,9.190295891,0,true,20260809
slm,64,1,512,133376,256,47,7,0,ikj,0.00694,9.443227666,0,true,20260809
slm,64,1,512,133376,256,47,7,1,kij,0.007071,9.268278886,0,true,20260809
slm,64,1,512,133376,256,47,8,0,ikj,0.006901,9.496594696,0,true,20260809
slm,64,1,512,133376,256,47,8,1,kij,0.00712,9.204494382,0,true,20260809
slm,64,1,512,133376,256,47,9,0,kij,0.007081,9.255189945,0,true,20260809
slm,64,1,512,133376,256,47,9,1,ikj,0.00692,9.470520231,0,true,20260809
slm,64,1,512,133376,256,47,10,0,kij,0.007081,9.255189945,0,true,20260809
slm,64,1,512,133376,256,47,10,1,ikj,0.006881,9.524197064,0,true,20260809
slm,64,1,512,133376,256,47,11,0,kij,0.00717,9.140306834,0,true,20260809
slm,64,1,512,133376,256,47,11,1,ikj,0.006861,9.551960356,0,true,20260809
slm,64,1,512,133376,256,47,12,0,kij,0.007131,9.190295891,0,true,20260809
slm,64,1,512,133376,256,47,12,1,ikj,0.00688,9.525581395,0,true,20260809
slm,64,1,512,133376,256,47,13,0,kij,0.007201,9.1009582,0,true,20260809
slm,64,1,512,133376,256,47,13,1,ikj,0.00686,9.55335277,0,true,20260809
slm,64,1,512,133376,256,47,14,0,kij,0.007141,9.177426131,0,true,20260809
slm,64,1,512,133376,256,47,14,1,ikj,0.00687,9.53944687,0,true,20260809
slm,64,1,512,133376,256,47,15,0,ikj,0.006861,9.551960356,0,true,20260809
slm,64,1,512,133376,256,47,15,1,kij,0.007121,9.203201798,0,true,20260809
slm,64,1,512,133376,256,47,16,0,kij,0.00712,9.204494382,0,true,20260809
slm,64,1,512,133376,256,47,16,1,ikj,0.006851,9.565902788,0,true,20260809
slm,64,1,512,133376,256,47,17,0,ikj,0.00692,9.470520231,0,true,20260809
slm,64,1,512,133376,256,47,17,1,kij,0.007111,9.216144002,0,true,20260809
slm,64,1,512,133376,256,47,18,0,kij,0.007151,9.164592365,0,true,20260809
slm,64,1,512,133376,256,47,18,1,ikj,0.00685,9.56729927,0,true,20260809
slm,64,1,512,133376,256,47,19,0,ikj,0.00688,9.525581395,0,true,20260809
slm,64,1,512,133376,256,47,19,1,kij,0.007101,9.229122659,0,true,20260809
slm,64,1,2048,532736,256,11,0,0,ikj,0.027962,9.375008941,0,true,20260809
slm,64,1,2048,532736,256,11,0,1,kij,0.029144,8.994784518,0,true,20260809
slm,64,1,2048,532736,256,11,1,0,kij,0.028974,9.047559881,0,true,20260809
slm,64,1,2048,532736,256,11,1,1,ikj,0.028002,9.361617027,0,true,20260809
slm,64,1,2048,532736,256,11,2,0,kij,0.028934,9.06006774,0,true,20260809
slm,64,1,2048,532736,256,11,2,1,ikj,0.028083,9.334615248,0,true,20260809
slm,64,1,2048,532736,256,11,3,0,kij,0.029154,8.991699252,0,true,20260809
slm,64,1,2048,532736,256,11,3,1,ikj,0.027992,9.364961418,0,true,20260809
slm,64,1,2048,532736,256,11,4,0,ikj,0.027952,9.378362908,0,true,20260809
slm,64,1,2048,532736,256,11,4,1,kij,0.029184,8.98245614,0,true,20260809
slm,64,1,2048,532736,256,11,5,0,ikj,0.028083,9.334615248,0,true,20260809
slm,64,1,2048,532736,256,11,5,1,kij,0.029164,8.988616102,0,true,20260809
slm,64,1,2048,532736,256,11,6,0,ikj,0.028083,9.334615248,0,true,20260809
slm,64,1,2048,532736,256,11,6,1,kij,0.029094,9.010242662,0,true,20260809
slm,64,1,2048,532736,256,11,7,0,kij,0.029114,9.004053033,0,true,20260809
slm,64,1,2048,532736,256,11,7,1,ikj,0.028002,9.361617027,0,true,20260809
slm,64,1,2048,532736,256,11,8,0,kij,0.029165,8.988307903,0,true,20260809
slm,64,1,2048,532736,256,11,8,1,ikj,0.028093,9.331292493,0,true,20260809
slm,64,1,2048,532736,256,11,9,0,ikj,0.028012,9.358275025,0,true,20260809
slm,64,1,2048,532736,256,11,9,1,kij,0.028693,9.136165615,0,true,20260809
slm,64,1,2048,532736,256,11,10,0,ikj,0.028103,9.327972103,0,true,20260809
slm,64,1,2048,532736,256,11,10,1,kij,0.028944,9.056937535,0,true,20260809
slm,64,1,2048,532736,256,11,11,0,kij,0.044046,5.951596059,0,true,20260809
slm,64,1,2048,532736,256,11,11,1,ikj,0.028103,9.327972103,0,true,20260809
slm,64,1,2048,532736,256,11,12,0,ikj,0.027942,9.381719276,0,true,20260809
slm,64,1,2048,532736,256,11,12,1,kij,0.029023,9.03228474,0,true,20260809
slm,64,1,2048,532736,256,11,13,0,kij,0.028953,9.054122198,0,true,20260809
slm,64,1,2048,532736,256,11,13,1,ikj,0.027903,9.394832097,0,true,20260809
slm,64,1,2048,532736,256,11,14,0,ikj,0.028032,9.351598174,0,true,20260809
slm,64,1,2048,532736,256,11,14,1,kij,0.028924,9.063200111,0,true,20260809
slm,64,1,2048,532736,256,11,15,0,ikj,0.027942,9.381719276,0,true,20260809
slm,64,1,2048,532736,256,11,15,1,kij,0.028764,9.11361424,0,true,20260809
slm,64,1,2048,532736,256,11,16,0,ikj,0.027992,9.364961418,0,true,20260809
slm,64,1,2048,532736,256,11,16,1,kij,0.028673,9.142538276,0,true,20260809
slm,64,1,2048,532736,256,11,17,0,kij,0.028944,9.056937535,0,true,20260809
slm,64,1,2048,532736,256,11,17,1,ikj,0.027922,9.388439224,0,true,20260809
slm,64,1,2048,532736,256,11,18,0,ikj,0.027973,9.371322347,0,true,20260809
slm,64,1,2048,532736,256,11,18,1,kij,0.028573,9.174535401,0,true,20260809
slm,64,1,2048,532736,256,11,19,0,kij,0.028804,9.1009582,0,true,20260809
slm,64,1,2048,532736,256,11,19,1,ikj,0.027982,9.368308198,0,true,20260809
slm,64,1,2048,532736,256,29,0,0,ikj,0.025819,10.15314303,0,true,20260809
slm,64,1,2048,532736,256,29,0,1,kij,0.026159,10.02117818,0,true,20260809
slm,64,1,2048,532736,256,29,1,0,ikj,0.025869,10.13351888,0,true,20260809
slm,64,1,2048,532736,256,29,1,1,kij,0.026319,9.960256849,0,true,20260809
slm,64,1,2048,532736,256,29,2,0,ikj,0.02582,10.15274981,0,true,20260809
slm,64,1,2048,532736,256,29,2,1,kij,0.026239,9.990624643,0,true,20260809
slm,64,1,2048,532736,256,29,3,0,ikj,0.02589,10.12529934,0,true,20260809
slm,64,1,2048,532736,256,29,3,1,kij,0.026229,9.994433642,0,true,20260809
slm,64,1,2048,532736,256,29,4,0,kij,0.026199,10.00587809,0,true,20260809
slm,64,1,2048,532736,256,29,4,1,ikj,0.025839,10.14528426,0,true,20260809
slm,64,1,2048,532736,256,29,5,0,kij,0.026209,10.00206036,0,true,20260809
slm,64,1,2048,532736,256,29,5,1,ikj,0.02588,10.12921175,0,true,20260809
slm,64,1,2048,532736,256,29,6,0,ikj,0.025839,10.14528426,0,true,20260809
slm,64,1,2048,532736,256,29,6,1,kij,0.02628,9.975038052,0,true,20260809
slm,64,1,2048,532736,256,29,7,0,ikj,0.025829,10.14921213,0,true,20260809
slm,64,1,2048,532736,256,29,7,1,kij,0.02629,9.971243819,0,true,20260809
slm,64,1,2048,532736,256,29,8,0,kij,0.02628,9.975038052,0,true,20260809
slm,64,1,2048,532736,256,29,8,1,ikj,0.025809,10.15707699,0,true,20260809
slm,64,1,2048,532736,256,29,9,0,kij,0.02624,9.990243902,0,true,20260809
slm,64,1,2048,532736,256,29,9,1,ikj,0.025769,10.17284334,0,true,20260809
slm,64,1,2048,532736,256,29,10,0,ikj,0.025789,10.16495405,0,true,20260809
slm,64,1,2048,532736,256,29,10,1,kij,0.02626,9.982635187,0,true,20260809
slm,64,1,2048,532736,256,29,11,0,ikj,0.025679,10.20849722,0,true,20260809
slm,64,1,2048,532736,256,29,11,1,kij,0.026189,10.00969873,0,true,20260809
slm,64,1,2048,532736,256,29,12,0,ikj,0.025769,10.17284334,0,true,20260809
slm,64,1,2048,532736,256,29,12,1,kij,0.02613,10.03230004,0,true,20260809
slm,64,1,2048,532736,256,29,13,0,kij,0.02622,9.997864226,0,true,20260809
slm,64,1,2048,532736,256,29,13,1,ikj,0.025718,10.19301656,0,true,20260809
slm,64,1,2048,532736,256,29,14,0,ikj,0.025699,10.20055255,0,true,20260809
slm,64,1,2048,532736,256,29,14,1,kij,0.02621,10.00167875,0,true,20260809
slm,64,1,2048,532736,256,29,15,0,ikj,0.025809,10.15707699,0,true,20260809
slm,64,1,2048,532736,256,29,15,1,kij,0.02617,10.01696599,0,true,20260809
slm,64,1,2048,532736,256,29,16,0,kij,0.02624,9.990243902,0,true,20260809
slm,64,1,2048,532736,256,29,16,1,ikj,0.025839,10.14528426,0,true,20260809
slm,64,1,2048,532736,256,29,17,0,kij,0.02637,9.940993553,0,true,20260809
slm,64,1,2048,532736,256,29,17,1,ikj,0.025799,10.16101399,0,true,20260809
slm,64,1,2048,532736,256,29,18,0,kij,0.026149,10.02501052,0,true,20260809
slm,64,1,2048,532736,256,29,18,1,ikj,0.025699,10.20055255,0,true,20260809
slm,64,1,2048,532736,256,29,19,0,kij,0.02641,9.925937145,0,true,20260809
slm,64,1,2048,532736,256,29,19,1,ikj,0.025749,10.18074488,0,true,20260809
slm,64,1,2048,532736,256,47,0,0,ikj,0.025749,10.18074488,0,true,20260809
slm,64,1,2048,532736,256,47,0,1,kij,0.02619,10.00931653,0,true,20260809
slm,64,1,2048,532736,256,47,1,0,ikj,0.025799,10.16101399,0,true,20260809
slm,64,1,2048,532736,256,47,1,1,kij,0.02614,10.02846213,0,true,20260809
slm,64,1,2048,532736,256,47,2,0,ikj,0.025739,10.18470026,0,true,20260809
slm,64,1,2048,532736,256,47,2,1,kij,0.026179,10.01352229,0,true,20260809
slm,64,1,2048,532736,256,47,3,0,kij,0.026109,10.04036922,0,true,20260809
slm,64,1,2048,532736,256,47,3,1,ikj,0.025849,10.14135943,0,true,20260809
slm,64,1,2048,532736,256,47,4,0,kij,0.02598,10.09022325,0,true,20260809
slm,64,1,2048,532736,256,47,4,1,ikj,0.025739,10.18470026,0,true,20260809
slm,64,1,2048,532736,256,47,5,0,kij,0.026129,10.03268399,0,true,20260809
slm,64,1,2048,532736,256,47,5,1,ikj,0.025809,10.15707699,0,true,20260809
slm,64,1,2048,532736,256,47,6,0,kij,0.02613,10.03230004,0,true,20260809
slm,64,1,2048,532736,256,47,6,1,ikj,0.025729,10.18865871,0,true,20260809
slm,64,1,2048,532736,256,47,7,0,kij,0.026009,10.07897266,0,true,20260809
slm,64,1,2048,532736,256,47,7,1,ikj,0.02583,10.1488192,0,true,20260809
slm,64,1,2048,532736,256,47,8,0,kij,0.026059,10.05963391,0,true,20260809
slm,64,1,2048,532736,256,47,8,1,ikj,0.025759,10.17679258,0,true,20260809
slm,64,1,2048,532736,256,47,9,0,ikj,0.025809,10.15707699,0,true,20260809
slm,64,1,2048,532736,256,47,9,1,kij,0.02615,10.02462715,0,true,20260809
slm,64,1,2048,532736,256,47,10,0,kij,0.026129,10.03268399,0,true,20260809
slm,64,1,2048,532736,256,47,10,1,ikj,0.025789,10.16495405,0,true,20260809
slm,64,1,2048,532736,256,47,11,0,ikj,0.025759,10.17679258,0,true,20260809
slm,64,1,2048,532736,256,47,11,1,kij,0.02629,9.971243819,0,true,20260809
slm,64,1,2048,532736,256,47,12,0,kij,0.02617,10.01696599,0,true,20260809
slm,64,1,2048,532736,256,47,12,1,ikj,0.025809,10.15707699,0,true,20260809
slm,64,1,2048,532736,256,47,13,0,kij,0.02612,10.03614089,0,true,20260809
slm,64,1,2048,532736,256,47,13,1,ikj,0.025829,10.14921213,0,true,20260809
slm,64,1,2048,532736,256,47,14,0,kij,0.0261,10.04383142,0,true,20260809
slm,64,1,2048,532736,256,47,14,1,ikj,0.025829,10.14921213,0,true,20260809
slm,64,1,2048,532736,256,47,15,0,ikj,0.025839,10.14528426,0,true,20260809
slm,64,1,2048,532736,256,47,15,1,kij,0.02618,10.0131398,0,true,20260809
slm,64,1,2048,532736,256,47,16,0,kij,0.026169,10.01734877,0,true,20260809
slm,64,1,2048,532736,256,47,16,1,ikj,0.025829,10.14921213,0,true,20260809
slm,64,1,2048,532736,256,47,17,0,ikj,0.025839,10.14528426,0,true,20260809
slm,64,1,2048,532736,256,47,17,1,kij,0.026099,10.04421625,0,true,20260809
slm,64,1,2048,532736,256,47,18,0,ikj,0.025759,10.17679258,0,true,20260809
slm,64,1,2048,532736,256,47,18,1,kij,0.02624,9.990243902,0,true,20260809
slm,64,1,2048,532736,256,47,19,0,ikj,0.025959,10.09838592,0,true,20260809
slm,64,1,2048,532736,256,47,19,1,kij,0.02601,10.07858516,0,true,20260809
slm,64,1,8192,2130176,256,11,0,0,ikj,0.11229,9.338106688,0,true,20260809
slm,64,1,8192,2130176,256,11,0,1,kij,0.116416,9.007146784,0,true,20260809
slm,64,1,8192,2130176,256,11,1,0,ikj,0.112531,9.318107899,0,true,20260809
slm,64,1,8192,2130176,256,11,1,1,kij,0.116947,8.966249669,0,true,20260809
slm,64,1,8192,2130176,256,11,2,0,ikj,0.11231,9.336443772,0,true,20260809
slm,64,1,8192,2130176,256,11,2,1,kij,0.116606,8.99247037,0,true,20260809
slm,64,1,8192,2130176,256,11,3,0,kij,0.128905,8.134486637,0,true,20260809
slm,64,1,8192,2130176,256,11,3,1,ikj,0.11279,9.296710701,0,true,20260809
slm,64,1,8192,2130176,256,11,4,0,kij,0.116886,8.970928939,0,true,20260809
slm,64,1,8192,2130176,256,11,4,1,ikj,0.11248,9.322332859,0,true,20260809
slm,64,1,8192,2130176,256,11,5,0,kij,0.117378,8.933326518,0,true,20260809
slm,64,1,8192,2130176,256,11,5,1,ikj,0.112259,9.340685379,0,true,20260809
slm,64,1,8192,2130176,256,11,6,0,ikj,0.11279,9.296710701,0,true,20260809
slm,64,1,8192,2130176,256,11,6,1,kij,0.117047,8.958589285,0,true,20260809
slm,64,1,8192,2130176,256,11,7,0,kij,0.117327,8.937209679,0,true,20260809
slm,64,1,8192,2130176,256,11,7,1,ikj,0.112551,9.316452097,0,true,20260809
slm,64,1,8192,2130176,256,11,8,0,ikj,0.112741,9.300751279,0,true,20260809
slm,64,1,8192,2130176,256,11,8,1,kij,0.116145,9.028163072,0,true,20260809
slm,64,1,8192,2130176,256,11,9,0,kij,0.116586,8.994013003,0,true,20260809
slm,64,1,8192,2130176,256,11,9,1,ikj,0.11245,9.32481992,0,true,20260809
slm,64,1,8192,2130176,256,11,10,0,kij,0.116737,8.982379194,0,true,20260809
slm,64,1,8192,2130176,256,11,10,1,ikj,0.11256,9.315707178,0,true,20260809
slm,64,1,8192,2130176,256,11,11,0,kij,0.116787,8.97853357,0,true,20260809
slm,64,1,8192,2130176,256,11,11,1,ikj,0.11221,9.344764281,0,true,20260809
slm,64,1,8192,2130176,256,11,12,0,ikj,0.112801,9.295804115,0,true,20260809
slm,64,1,8192,2130176,256,11,12,1,kij,0.117317,8.937971479,0,true,20260809
slm,64,1,8192,2130176,256,11,13,0,ikj,0.11244,9.325649235,0,true,20260809
slm,64,1,8192,2130176,256,11,13,1,kij,0.116467,9.003202624,0,true,20260809
slm,64,1,8192,2130176,256,11,14,0,kij,0.116526,8.998644079,0,true,20260809
slm,64,1,8192,2130176,256,11,14,1,ikj,0.112631,9.30983477,0,true,20260809
slm,64,1,8192,2130176,256,11,15,0,ikj,0.11256,9.315707178,0,true,20260809
slm,64,1,8192,2130176,256,11,15,1,kij,0.116837,8.974691237,0,true,20260809
slm,64,1,8192,2130176,256,11,16,0,kij,0.116557,8.996250761,0,true,20260809
slm,64,1,8192,2130176,256,11,16,1,ikj,0.11238,9.330628226,0,true,20260809
slm,64,1,8192,2130176,256,11,17,0,ikj,0.112741,9.300751279,0,true,20260809
slm,64,1,8192,2130176,256,11,17,1,kij,0.116826,8.975536268,0,true,20260809
slm,64,1,8192,2130176,256,11,18,0,kij,0.116457,9.003975716,0,true,20260809
slm,64,1,8192,2130176,256,11,18,1,ikj,0.11249,9.321504134,0,true,20260809
slm,64,1,8192,2130176,256,11,19,0,ikj,0.112731,9.301576319,0,true,20260809
slm,64,1,8192,2130176,256,11,19,1,kij,0.116566,8.995556166,0,true,20260809
slm,64,1,8192,2130176,256,29,0,0,ikj,0.103537,10.12754861,0,true,20260809
slm,64,1,8192,2130176,256,29,0,1,kij,0.105199,9.96754722,0,true,20260809
slm,64,1,8192,2130176,256,29,1,0,kij,0.105309,9.957135667,0,true,20260809
slm,64,1,8192,2130176,256,29,1,1,ikj,0.103888,10.09333128,0,true,20260809
slm,64,1,8192,2130176,256,29,2,0,ikj,0.104037,10.07887578,0,true,20260809
slm,64,1,8192,2130176,256,29,2,1,kij,0.105149,9.972286945,0,true,20260809
slm,64,1,8192,2130176,256,29,3,0,kij,0.10544,9.944764795,0,true,20260809
slm,64,1,8192,2130176,256,29,3,1,ikj,0.103937,10.08857289,0,true,20260809
slm,64,1,8192,2130176,256,29,4,0,kij,0.104898,9.99614864,0,true,20260809
slm,64,1,8192,2130176,256,29,4,1,ikj,0.103918,10.09041744,0,true,20260809
slm,64,1,8192,2130176,256,29,5,0,kij,0.105099,9.97703118,0,true,20260809
slm,64,1,8192,2130176,256,29,5,1,ikj,0.103957,10.08663197,0,true,20260809
slm,64,1,8192,2130176,256,29,6,0,kij,0.105029,9.983680698,0,true,20260809
slm,64,1,8192,2130176,256,29,6,1,ikj,0.103938,10.08847582,0,true,20260809
slm,64,1,8192,2130176,256,29,7,0,ikj,0.103697,10.11192223,0,true,20260809
slm,64,1,8192,2130176,256,29,7,1,kij,0.105069,9.979879888,0,true,20260809
slm,64,1,8192,2130176,256,29,8,0,ikj,0.103767,10.10510085,0,true,20260809
slm,64,1,8192,2130176,256,29,8,1,kij,0.105189,9.968494805,0,true,20260809
slm,64,1,8192,2130176,256,29,9,0,kij,0.105159,9.97133864,0,true,20260809
slm,64,1,8192,2130176,256,29,9,1,ikj,0.103848,10.09721901,0,true,20260809
slm,64,1,8192,2130176,256,29,10,0,ikj,0.103857,10.09634401,0,true,20260809
slm,64,1,8192,2130176,256,29,10,1,kij,0.105199,9.96754722,0,true,20260809
slm,64,1,8192,2130176,256,29,11,0,kij,0.169166,6.198503245,0,true,20260809
slm,64,1,8192,2130176,256,29,11,1,ikj,0.103918,10.09041744,0,true,20260809
slm,64,1,8192,2130176,256,29,12,0,ikj,0.103957,10.08663197,0,true,20260809
slm,64,1,8192,2130176,256,29,12,1,kij,0.105169,9.970390514,0,true,20260809
slm,64,1,8192,2130176,256,29,13,0,ikj,0.103597,10.12168306,0,true,20260809
slm,64,1,8192,2130176,256,29,13,1,kij,0.105109,9.976081972,0,true,20260809
slm,64,1,8192,2130176,256,29,14,0,ikj,0.104017,10.08081371,0,true,20260809
slm,64,1,8192,2130176,256,29,14,1,kij,0.105049,9.981779931,0,true,20260809
slm,64,1,8192,2130176,256,29,15,0,ikj,0.103757,10.10607477,0,true,20260809
slm,64,1,8192,2130176,256,29,15,1,kij,0.105049,9.981779931,0,true,20260809
slm,64,1,8192,2130176,256,29,16,0,kij,0.10525,9.96271734,0,true,20260809
slm,64,1,8192,2130176,256,29,16,1,ikj,0.103747,10.10704888,0,true,20260809
slm,64,1,8192,2130176,256,29,17,0,kij,0.105449,9.943916016,0,true,20260809
slm,64,1,8192,2130176,256,29,17,1,ikj,0.104058,10.07684176,0,true,20260809
slm,64,1,8192,2130176,256,29,18,0,ikj,0.104017,10.08081371,0,true,20260809
slm,64,1,8192,2130176,256,29,18,1,kij,0.105029,9.983680698,0,true,20260809
slm,64,1,8192,2130176,256,29,19,0,kij,0.105069,9.979879888,0,true,20260809
slm,64,1,8192,2130176,256,29,19,1,ikj,0.103877,10.09440011,0,true,20260809
slm,64,1,8192,2130176,256,47,0,0,ikj,0.103647,10.11680029,0,true,20260809
slm,64,1,8192,2130176,256,47,0,1,kij,0.104998,9.986628317,0,true,20260809
slm,64,1,8192,2130176,256,47,1,0,kij,0.10548,9.940993553,0,true,20260809
slm,64,1,8192,2130176,256,47,1,1,ikj,0.103877,10.09440011,0,true,20260809
slm,64,1,8192,2130176,256,47,2,0,kij,0.10517,9.970295712,0,true,20260809
slm,64,1,8192,2130176,256,47,2,1,ikj,0.103967,10.0856618,0,true,20260809
slm,64,1,8192,2130176,256,47,3,0,kij,0.104939,9.992243113,0,true,20260809
slm,64,1,8192,2130176,256,47,3,1,ikj,0.103827,10.09926127,0,true,20260809
slm,64,1,8192,2130176,256,47,4,0,kij,0.106131,9.880016206,0,true,20260809
slm,64,1,8192,2130176,256,47,4,1,ikj,0.103837,10.09828866,0,true,20260809
slm,64,1,8192,2130176,256,47,5,0,ikj,0.103727,10.10899766,0,true,20260809
slm,64,1,8192,2130176,256,47,5,1,kij,0.104939,9.992243113,0,true,20260809
slm,64,1,8192,2130176,256,47,6,0,kij,0.105309,9.957135667,0,true,20260809
slm,64,1,8192,2130176,256,47,6,1,ikj,0.103697,10.11192223,0,true,20260809
slm,64,1,8192,2130176,256,47,7,0,kij,0.104849,10.00082023,0,true,20260809
slm,64,1,8192,2130176,256,47,7,1,ikj,0.103737,10.10802317,0,true,20260809
slm,64,1,8192,2130176,256,47,8,0,kij,0.104769,10.0084567,0,true,20260809
slm,64,1,8192,2130176,256,47,8,1,ikj,0.103717,10.10997233,0,true,20260809
slm,64,1,8192,2130176,256,47,9,0,ikj,0.103957,10.08663197,0,true,20260809
slm,64,1,8192,2130176,256,47,9,1,kij,0.104889,9.997006359,0,true,20260809
slm,64,1,8192,2130176,256,47,10,0,kij,0.105079,9.978930138,0,true,20260809
slm,64,1,8192,2130176,256,47,10,1,ikj,0.116977,8.963950178,0,true,20260809
slm,64,1,8192,2130176,256,47,11,0,kij,0.105349,9.953355039,0,true,20260809
slm,64,1,8192,2130176,256,47,11,1,ikj,0.104037,10.07887578,0,true,20260809
slm,64,1,8192,2130176,256,47,12,0,kij,0.104909,9.995100516,0,true,20260809
slm,64,1,8192,2130176,256,47,12,1,ikj,0.103997,10.08275239,0,true,20260809
slm,64,1,8192,2130176,256,47,13,0,kij,0.104959,9.990339085,0,true,20260809
slm,64,1,8192,2130176,256,47,13,1,ikj,0.103878,10.09430293,0,true,20260809
slm,64,1,8192,2130176,256,47,14,0,kij,0.105109,9.976081972,0,true,20260809
slm,64,1,8192,2130176,256,47,14,1,ikj,0.103667,10.11484851,0,true,20260809
slm,64,1,8192,2130176,256,47,15,0,kij,0.104999,9.986533205,0,true,20260809
slm,64,1,8192,2130176,256,47,15,1,ikj,0.103907,10.09148566,0,true,20260809
slm,64,1,8192,2130176,256,47,16,0,kij,0.105049,9.981779931,0,true,20260809
slm,64,1,8192,2130176,256,47,16,1,ikj,0.104228,10.06040603,0,true,20260809
slm,64,1,8192,2130176,256,47,17,0,ikj,0.104127,10.07016432,0,true,20260809
slm,64,1,8192,2130176,256,47,17,1,kij,0.104899,9.996053347,0,true,20260809
slm,64,1,8192,2130176,256,47,18,0,kij,0.105079,9.978930138,0,true,20260809
slm,64,1,8192,2130176,256,47,18,1,ikj,0.103697,10.11192223,0,true,20260809
slm,64,1,8192,2130176,256,47,19,0,ikj,0.103878,10.09430293,0,true,20260809
slm,64,1,8192,2130176,256,47,19,1,kij,0.105059,9.980829819,0,true,20260809
slm,64,1,16384,4260096,256,11,0,0,ikj,0.081813,25.63348123,0,true,20260809
slm,64,1,16384,4260096,256,11,0,1,kij,0.084848,24.71657552,0,true,20260809
slm,64,1,16384,4260096,256,11,1,0,kij,0.084277,24.88403716,0,true,20260809
slm,64,1,16384,4260096,256,11,1,1,ikj,0.081854,25.62064163,0,true,20260809
slm,64,1,16384,4260096,256,11,2,0,ikj,0.081844,25.62377205,0,true,20260809
slm,64,1,16384,4260096,256,11,2,1,kij,0.083887,24.99972582,0,true,20260809
slm,64,1,16384,4260096,256,11,3,0,ikj,0.082144,25.53019088,0,true,20260809
slm,64,1,16384,4260096,256,11,3,1,kij,0.084008,24.96371774,0,true,20260809
slm,64,1,16384,4260096,256,11,4,0,kij,0.084328,24.86898776,0,true,20260809
slm,64,1,16384,4260096,256,11,4,1,ikj,0.081784,25.64257067,0,true,20260809
slm,64,1,16384,4260096,256,11,5,0,ikj,0.082084,25.5488524,0,true,20260809
slm,64,1,16384,4260096,256,11,5,1,kij,0.084578,24.79547873,0,true,20260809
slm,64,1,16384,4260096,256,11,6,0,ikj,0.081944,25.5925022,0,true,20260809
slm,64,1,16384,4260096,256,11,6,1,kij,0.083686,25.05977105,0,true,20260809
slm,64,1,16384,4260096,256,11,7,0,ikj,0.081924,25.59875006,0,true,20260809
slm,64,1,16384,4260096,256,11,7,1,kij,0.084198,24.90738497,0,true,20260809
slm,64,1,16384,4260096,256,11,8,0,ikj,0.081874,25.61438308,0,true,20260809
slm,64,1,16384,4260096,256,11,8,1,kij,0.084278,24.8837419,0,true,20260809
slm,64,1,16384,4260096,256,11,9,0,ikj,0.082055,25.55788191,0,true,20260809
slm,64,1,16384,4260096,256,11,9,1,kij,0.084197,24.9076808,0,true,20260809
slm,64,1,16384,4260096,256,11,10,0,ikj,0.082054,25.55819338,0,true,20260809
slm,64,1,16384,4260096,256,11,10,1,kij,0.08544,24.54531835,0,true,20260809
slm,64,1,16384,4260096,256,11,11,0,ikj,0.081984,25.58001561,0,true,20260809
slm,64,1,16384,4260096,256,11,11,1,kij,0.084307,24.87518237,0,true,20260809
slm,64,1,16384,4260096,256,11,12,0,kij,0.089505,23.43055695,0,true,20260809
slm,64,1,16384,4260096,256,11,12,1,ikj,0.081994,25.57689587,0,true,20260809
slm,64,1,16384,4260096,256,11,13,0,kij,0.084107,24.93433365,0,true,20260809
slm,64,1,16384,4260096,256,11,13,1,ikj,0.081994,25.57689587,0,true,20260809
slm,64,1,16384,4260096,256,11,14,0,ikj,0.082155,25.52677256,0,true,20260809
slm,64,1,16384,4260096,256,11,14,1,kij,0.084248,24.89260279,0,true,20260809
slm,64,1,16384,4260096,256,11,15,0,kij,0.083927,24.98781084,0,true,20260809
slm,64,1,16384,4260096,256,11,15,1,ikj,0.082005,25.57346503,0,true,20260809
slm,64,1,16384,4260096,256,11,16,0,ikj,0.082224,25.50535124,0,true,20260809
slm,64,1,16384,4260096,256,11,16,1,kij,0.085159,24.62631078,0,true,20260809
slm,64,1,16384,4260096,256,11,17,0,kij,0.08548,24.53383248,0,true,20260809
slm,64,1,16384,4260096,256,11,17,1,ikj,0.082034,25.56442451,0,true,20260809
slm,64,1,16384,4260096,256,11,18,0,ikj,0.082114,25.53951823,0,true,20260809
slm,64,1,16384,4260096,256,11,18,1,kij,0.085158,24.62659997,0,true,20260809
slm,64,1,16384,4260096,256,11,19,0,kij,0.085119,24.63788343,0,true,20260809
slm,64,1,16384,4260096,256,11,19,1,ikj,0.082194,25.51466044,0,true,20260809
slm,64,1,16384,4260096,256,29,0,0,kij,0.078359,26.76338391,0,true,20260809
slm,64,1,16384,4260096,256,29,0,1,ikj,0.076796,27.30808896,0,true,20260809
slm,64,1,16384,4260096,256,29,1,0,ikj,0.076816,27.30097896,0,true,20260809
slm,64,1,16384,4260096,256,29,1,1,kij,0.078449,26.73267983,0,true,20260809
slm,64,1,16384,4260096,256,29,2,0,kij,0.078539,26.70204612,0,true,20260809
slm,64,1,16384,4260096,256,29,2,1,ikj,0.077106,27.19829845,0,true,20260809
slm,64,1,16384,4260096,256,29,3,0,ikj,0.077217,27.15920069,0,true,20260809
slm,64,1,16384,4260096,256,29,3,1,kij,0.078599,26.68166262,0,true,20260809
slm,64,1,16384,4260096,256,29,4,0,ikj,0.076856,27.28677006,0,true,20260809
slm,64,1,16384,4260096,256,29,4,1,kij,0.078489,26.71905617,0,true,20260809
slm,64,1,16384,4260096,256,29,5,0,kij,0.07872,26.64065041,0,true,20260809
slm,64,1,16384,4260096,256,29,5,1,ikj,0.076916,27.26548442,0,true,20260809
slm,64,1,16384,4260096,256,29,6,0,kij,0.078338,26.77055835,0,true,20260809
slm,64,1,16384,4260096,256,29,6,1,ikj,0.076916,27.26548442,0,true,20260809
slm,64,1,16384,4260096,256,29,7,0,kij,0.078458,26.7296133,0,true,20260809
slm,64,1,16384,4260096,256,29,7,1,ikj,0.076976,27.24423197,0,true,20260809
slm,64,1,16384,4260096,256,29,8,0,ikj,0.076826,27.29742535,0,true,20260809
slm,64,1,16384,4260096,256,29,8,1,kij,0.078399,26.74972895,0,true,20260809
slm,64,1,16384,4260096,256,29,9,0,ikj,0.076976,27.24423197,0,true,20260809
slm,64,1,16384,4260096,256,29,9,1,kij,0.078389,26.75314138,0,true,20260809
slm,64,1,16384,4260096,256,29,10,0,kij,0.078288,26.78765583,0,true,20260809
slm,64,1,16384,4260096,256,29,10,1,ikj,0.076817,27.30062356,0,true,20260809
slm,64,1,16384,4260096,256,29,11,0,kij,0.078359,26.76338391,0,true,20260809
slm,64,1,16384,4260096,256,29,11,1,ikj,0.076806,27.3045335,0,true,20260809
slm,64,1,16384,4260096,256,29,12,0,ikj,0.076876,27.27967116,0,true,20260809
slm,64,1,16384,4260096,256,29,12,1,kij,0.078358,26.76372547,0,true,20260809
slm,64,1,16384,4260096,256,29,13,0,kij,0.078599,26.68166262,0,true,20260809
slm,64,1,16384,4260096,256,29,13,1,ikj,0.076826,27.29742535,0,true,20260809
slm,64,1,16384,4260096,256,29,14,0,ikj,0.076946,27.25485405,0,true,20260809
slm,64,1,16384,4260096,256,29,14,1,kij,0.07928,26.45247225,0,true,20260809
slm,64,1,16384,4260096,256,29,15,0,ikj,0.076936,27.25839659,0,true,20260809
slm,64,1,16384,4260096,256,29,15,1,kij,0.078348,26.76714147,0,true,20260809
slm,64,1,16384,4260096,256,29,16,0,kij,0.078328,26.7739761,0,true,20260809
slm,64,1,16384,4260096,256,29,16,1,ikj,0.076956,27.25131244,0,true,20260809
slm,64,1,16384,4260096,256,29,17,0,kij,0.083847,25.01165218,0,true,20260809
slm,64,1,16384,4260096,256,29,17,1,ikj,0.076856,27.28677006,0,true,20260809
slm,64,1,16384,4260096,256,29,18,0,ikj,0.076866,27.28322015,0,true,20260809
slm,64,1,16384,4260096,256,29,18,1,kij,0.078399,26.74972895,0,true,20260809
slm,64,1,16384,4260096,256,29,19,0,kij,0.078619,26.67487503,0,true,20260809
slm,64,1,16384,4260096,256,29,19,1,ikj,0.076866,27.28322015,0,true,20260809
slm,64,1,16384,4260096,256,47,0,0,ikj,0.076836,27.29387266,0,true,20260809
slm,64,1,16384,4260096,256,47,0,1,kij,0.078478,26.72280129,0,true,20260809
slm,64,1,16384,4260096,256,47,1,0,kij,0.078459,26.72927261,0,true,20260809
slm,64,1,16384,4260096,256,47,1,1,ikj,0.076856,27.28677006,0,true,20260809
slm,64,1,16384,4260096,256,47,2,0,kij,0.078519,26.70884754,0,true,20260809
slm,64,1,16384,4260096,256,47,2,1,ikj,0.076857,27.28641503,0,true,20260809
slm,64,1,16384,4260096,256,47,3,0,ikj,0.076956,27.25131244,0,true,20260809
slm,64,1,16384,4260096,256,47,3,1,kij,0.078649,26.66470012,0,true,20260809
slm,64,1,16384,4260096,256,47,4,0,ikj,0.076857,27.28641503,0,true,20260809
slm,64,1,16384,4260096,256,47,4,1,kij,0.078669,26.65792116,0,true,20260809
slm,64,1,16384,4260096,256,47,5,0,kij,0.086632,24.20759073,0,true,20260809
slm,64,1,16384,4260096,256,47,5,1,ikj,0.076946,27.25485405,0,true,20260809
slm,64,1,16384,4260096,256,47,6,0,kij,0.078439,26.73608792,0,true,20260809
slm,64,1,16384,4260096,256,47,6,1,ikj,0.076796,27.30808896,0,true,20260809
slm,64,1,16384,4260096,256,47,7,0,kij,0.078508,26.7125898,0,true,20260809
slm,64,1,16384,4260096,256,47,7,1,ikj,0.076906,27.26902972,0,true,20260809
slm,64,1,16384,4260096,256,47,8,0,ikj,0.076846,27.2903209,0,true,20260809
slm,64,1,16384,4260096,256,47,8,1,kij,0.0787,26.64742058,0,true,20260809
slm,64,1,16384,4260096,256,47,9,0,ikj,0.076896,27.27257595,0,true,20260809
slm,64,1,16384,4260096,256,47,9,1,kij,0.078569,26.69185048,0,true,20260809
slm,64,1,16384,4260096,256,47,10,0,ikj,0.076856,27.28677006,0,true,20260809
slm,64,1,16384,4260096,256,47,10,1,kij,0.078619,26.67487503,0,true,20260809
slm,64,1,16384,4260096,256,47,11,0,kij,0.078689,26.65114565,0,true,20260809
slm,64,1,16384,4260096,256,47,11,1,ikj,0.076926,27.26194005,0,true,20260809
slm,64,1,16384,4260096,256,47,12,0,ikj,0.077046,27.21947927,0,true,20260809
slm,64,1,16384,4260096,256,47,12,1,kij,0.078579,26.68845366,0,true,20260809
slm,64,1,16384,4260096,256,47,13,0,kij,0.078449,26.73267983,0,true,20260809
slm,64,1,16384,4260096,256,47,13,1,ikj,0.076937,27.25804229,0,true,20260809
slm,64,1,16384,4260096,256,47,14,0,kij,0.078689,26.65114565,0,true,20260809
slm,64,1,16384,4260096,256,47,14,1,ikj,0.077017,27.2297285,0,true,20260809
slm,64,1,16384,4260096,256,47,15,0,kij,0.07868,26.6541942,0,true,20260809
slm,64,1,16384,4260096,256,47,15,1,ikj,0.077087,27.20500214,0,true,20260809
slm,64,1,16384,4260096,256,47,16,0,kij,0.078429,26.73949687,0,true,20260809
slm,64,1,16384,4260096,256,47,16,1,ikj,0.076987,27.24033928,0,true,20260809
slm,64,1,16384,4260096,256,47,17,0,kij,0.078419,26.74290669,0,true,20260809
slm,64,1,16384,4260096,256,47,17,1,ikj,0.077147,27.18384383,0,true,20260809
slm,64,1,16384,4260096,256,47,18,0,kij,0.07873,26.63726661,0,true,20260809
slm,64,1,16384,4260096,256,47,18,1,ikj,0.076986,27.24069311,0,true,20260809
slm,64,1,16384,4260096,256,47,19,0,ikj,0.077057,27.21559365,0,true,20260809
slm,64,1,16384,4260096,256,47,19,1,kij,0.078669,26.65792116,0,true,20260809
slm,64,2,128,34304,512,11,0,0,ikj,0.002154,15.21262767,0,true,20260809
slm,64,2,128,34304,512,11,0,1,kij,0.001533,21.37508154,0,true,20260809
slm,64,2,128,34304,512,11,1,0,kij,0.001533,21.37508154,0,true,20260809
slm,64,2,128,34304,512,11,1,1,ikj,0.002134,15.3552015,0,true,20260809
slm,64,2,128,34304,512,11,2,0,kij,0.001462,22.41313269,0,true,20260809
slm,64,2,128,34304,512,11,2,1,ikj,0.002183,15.01053596,0,true,20260809
slm,64,2,128,34304,512,11,3,0,ikj,0.002243,14.6090058,0,true,20260809
slm,64,2,128,34304,512,11,3,1,kij,0.001522,21.52956636,0,true,20260809
slm,64,2,128,34304,512,11,4,0,ikj,0.002143,15.29071395,0,true,20260809
slm,64,2,128,34304,512,11,4,1,kij,0.001522,21.52956636,0,true,20260809
slm,64,2,128,34304,512,11,5,0,kij,0.001582,20.71302149,0,true,20260809
slm,64,2,128,34304,512,11,5,1,ikj,0.002253,14.54416334,0,true,20260809
slm,64,2,128,34304,512,11,6,0,ikj,0.002163,15.14932963,0,true,20260809
slm,64,2,128,34304,512,11,6,1,kij,0.001552,21.11340206,0,true,20260809
slm,64,2,128,34304,512,11,7,0,ikj,0.002283,14.35304424,0,true,20260809
slm,64,2,128,34304,512,11,7,1,kij,0.001502,21.81624501,0,true,20260809
slm,64,2,128,34304,512,11,8,0,kij,0.001512,21.67195767,0,true,20260809
slm,64,2,128,34304,512,11,8,1,ikj,0.002133,15.36240038,0,true,20260809
slm,64,2,128,34304,512,11,9,0,ikj,0.002193,14.94208846,0,true,20260809
slm,64,2,128,34304,512,11,9,1,kij,0.001452,22.56749311,0,true,20260809
slm,64,2,128,34304,512,11,10,0,ikj,0.002213,14.80704925,0,true,20260809
slm,64,2,128,34304,512,11,10,1,kij,0.001502,21.81624501,0,true,20260809
slm,64,2,128,34304,512,11,11,0,kij,0.001502,21.81624501,0,true,20260809
slm,64,2,128,34304,512,11,11,1,ikj,0.002184,15.003663,0,true,20260809
slm,64,2,128,34304,512,11,12,0,kij,0.001473,22.24575696,0,true,20260809
slm,64,2,128,34304,512,11,12,1,ikj,0.002184,15.003663,0,true,20260809
slm,64,2,128,34304,512,11,13,0,ikj,0.002194,14.93527803,0,true,20260809
slm,64,2,128,34304,512,11,13,1,kij,0.001462,22.41313269,0,true,20260809
slm,64,2,128,34304,512,11,14,0,ikj,0.002153,15.21969345,0,true,20260809
slm,64,2,128,34304,512,11,14,1,kij,0.001452,22.56749311,0,true,20260809
slm,64,2,128,34304,512,11,15,0,kij,0.001482,22.11066127,0,true,20260809
slm,64,2,128,34304,512,11,15,1,ikj,0.002143,15.29071395,0,true,20260809
slm,64,2,128,34304,512,11,16,0,ikj,0.002243,14.6090058,0,true,20260809
slm,64,2,128,34304,512,11,16,1,kij,0.001482,22.11066127,0,true,20260809
slm,64,2,128,34304,512,11,17,0,ikj,0.002243,14.6090058,0,true,20260809
slm,64,2,128,34304,512,11,17,1,kij,0.001462,22.41313269,0,true,20260809
slm,64,2,128,34304,512,11,18,0,kij,0.001462,22.41313269,0,true,20260809
slm,64,2,128,34304,512,11,18,1,ikj,0.002154,15.21262767,0,true,20260809
slm,64,2,128,34304,512,11,19,0,kij,0.001513,21.65763384,0,true,20260809
slm,64,2,128,34304,512,11,19,1,ikj,0.002153,15.21969345,0,true,20260809
slm,64,2,128,34304,512,29,0,0,kij,0.001472,22.26086957,0,true,20260809
slm,64,2,128,34304,512,29,0,1,ikj,0.002143,15.29071395,0,true,20260809
slm,64,2,128,34304,512,29,1,0,kij,0.001442,22.72399445,0,true,20260809
slm,64,2,128,34304,512,29,1,1,ikj,0.002103,15.58155017,0,true,20260809
slm,64,2,128,34304,512,29,2,0,kij,0.001442,22.72399445,0,true,20260809
slm,64,2,128,34304,512,29,2,1,ikj,0.002134,15.3552015,0,true,20260809
slm,64,2,128,34304,512,29,3,0,kij,0.001432,22.88268156,0,true,20260809
slm,64,2,128,34304,512,29,3,1,ikj,0.002113,15.5078088,0,true,20260809
slm,64,2,128,34304,512,29,4,0,ikj,0.002133,15.36240038,0,true,20260809
slm,64,2,128,34304,512,29,4,1,kij,0.001492,21.96246649,0,true,20260809
slm,64,2,128,34304,512,29,5,0,kij,0.001482,22.11066127,0,true,20260809
slm,64,2,128,34304,512,29,5,1,ikj,0.002173,15.07961344,0,true,20260809
slm,64,2,128,34304,512,29,6,0,ikj,0.002093,15.65599618,0,true,20260809
slm,64,2,128,34304,512,29,6,1,kij,0.001533,21.37508154,0,true,20260809
slm,64,2,128,34304,512,29,7,0,ikj,0.002244,14.60249554,0,true,20260809
slm,64,2,128,34304,512,29,7,1,kij,0.001503,21.80172987,0,true,20260809
slm,64,2,128,34304,512,29,8,0,ikj,0.002084,15.72360845,0,true,20260809
slm,64,2,128,34304,512,29,8,1,kij,0.001452,22.56749311,0,true,20260809
slm,64,2,128,34304,512,29,9,0,kij,0.001492,21.96246649,0,true,20260809
slm,64,2,128,34304,512,29,9,1,ikj,0.002263,14.47989395,0,true,20260809
slm,64,2,128,34304,512,29,10,0,kij,0.001492,21.96246649,0,true,20260809
slm,64,2,128,34304,512,29,10,1,ikj,0.002093,15.65599618,0,true,20260809
slm,64,2,128,34304,512,29,11,0,ikj,0.002193,14.94208846,0,true,20260809
slm,64,2,128,34304,512,29,11,1,kij,0.001502,21.81624501,0,true,20260809
slm,64,2,128,34304,512,29,12,0,ikj,0.002213,14.80704925,0,true,20260809
slm,64,2,128,34304,512,29,12,1,kij,0.001462,22.41313269,0,true,20260809
slm,64,2,128,34304,512,29,13,0,ikj,0.002124,15.42749529,0,true,20260809
slm,64,2,128,34304,512,29,13,1,kij,0.001473,22.24575696,0,true,20260809
slm,64,2,128,34304,512,29,14,0,kij,0.001432,22.88268156,0,true,20260809
slm,64,2,128,34304,512,29,14,1,ikj,0.002153,15.21969345,0,true,20260809
slm,64,2,128,34304,512,29,15,0,kij,0.001482,22.11066127,0,true,20260809
slm,64,2,128,34304,512,29,15,1,ikj,0.002143,15.29071395,0,true,20260809
slm,64,2,128,34304,512,29,16,0,ikj,0.002133,15.36240038,0,true,20260809
slm,64,2,128,34304,512,29,16,1,kij,0.001452,22.56749311,0,true,20260809
slm,64,2,128,34304,512,29,17,0,ikj,0.002223,14.74044085,0,true,20260809
slm,64,2,128,34304,512,29,17,1,kij,0.001552,21.11340206,0,true,20260809
slm,64,2,128,34304,512,29,18,0,kij,0.001512,21.67195767,0,true,20260809
slm,64,2,128,34304,512,29,18,1,ikj,0.002174,15.07267709,0,true,20260809
slm,64,2,128,34304,512,29,19,0,ikj,0.002194,14.93527803,0,true,20260809
slm,64,2,128,34304,512,29,19,1,kij,0.001493,21.9477562,0,true,20260809
slm,64,2,128,34304,512,47,0,0,kij,0.001553,21.09980683,0,true,20260809
slm,64,2,128,34304,512,47,0,1,ikj,0.002284,14.34676007,0,true,20260809
slm,64,2,128,34304,512,47,1,0,ikj,0.002163,15.14932963,0,true,20260809
slm,64,2,128,34304,512,47,1,1,kij,0.001513,21.65763384,0,true,20260809
slm,64,2,128,34304,512,47,2,0,kij,0.001553,21.09980683,0,true,20260809
slm,64,2,128,34304,512,47,2,1,ikj,0.002264,14.47349823,0,true,20260809
slm,64,2,128,34304,512,47,3,0,kij,0.001513,21.65763384,0,true,20260809
slm,64,2,128,34304,512,47,3,1,ikj,0.002124,15.42749529,0,true,20260809
slm,64,2,128,34304,512,47,4,0,ikj,0.002234,14.66786034,0,true,20260809
slm,64,2,128,34304,512,47,4,1,kij,0.001473,22.24575696,0,true,20260809
slm,64,2,128,34304,512,47,5,0,kij,0.001492,21.96246649,0,true,20260809
slm,64,2,128,34304,512,47,5,1,ikj,0.002133,15.36240038,0,true,20260809
slm,64,2,128,34304,512,47,6,0,kij,0.001492,21.96246649,0,true,20260809
slm,64,2,128,34304,512,47,6,1,ikj,0.002203,14.87426237,0,true,20260809
slm,64,2,128,34304,512,47,7,0,kij,0.001442,22.72399445,0,true,20260809
slm,64,2,128,34304,512,47,7,1,ikj,0.002063,15.88366457,0,true,20260809
slm,64,2,128,34304,512,47,8,0,ikj,0.002223,14.74044085,0,true,20260809
slm,64,2,128,34304,512,47,8,1,kij,0.001472,22.26086957,0,true,20260809
slm,64,2,128,34304,512,47,9,0,kij,0.001433,22.86671319,0,true,20260809
slm,64,2,128,34304,512,47,9,1,ikj,0.002103,15.58155017,0,true,20260809
slm,64,2,128,34304,512,47,10,0,ikj,0.002183,15.01053596,0,true,20260809
slm,64,2,128,34304,512,47,10,1,kij,0.001502,21.81624501,0,true,20260809
slm,64,2,128,34304,512,47,11,0,ikj,0.002113,15.5078088,0,true,20260809
slm,64,2,128,34304,512,47,11,1,kij,0.001522,21.52956636,0,true,20260809
slm,64,2,128,34304,512,47,12,0,ikj,0.002193,14.94208846,0,true,20260809
slm,64,2,128,34304,512,47,12,1,kij,0.001512,21.67195767,0,true,20260809
slm,64,2,128,34304,512,47,13,0,ikj,0.002143,15.29071395,0,true,20260809
slm,64,2,128,34304,512,47,13,1,kij,0.001522,21.52956636,0,true,20260809
slm,64,2,128,34304,512,47,14,0,kij,0.001562,20.97823303,0,true,20260809
slm,64,2,128,34304,512,47,14,1,ikj,0.002233,14.67442902,0,true,20260809
slm,64,2,128,34304,512,47,15,0,ikj,0.002153,15.21969345,0,true,20260809
slm,64,2,128,34304,512,47,15,1,kij,0.001502,21.81624501,0,true,20260809
slm,64,2,128,34304,512,47,16,0,kij,0.001573,20.8315321,0,true,20260809
slm,64,2,128,34304,512,47,16,1,ikj,0.002163,15.14932963,0,true,20260809
slm,64,2,128,34304,512,47,17,0,kij,0.001493,21.9477562,0,true,20260809
slm,64,2,128,34304,512,47,17,1,ikj,0.002154,15.21262767,0,true,20260809
slm,64,2,128,34304,512,47,18,0,kij,0.001553,21.09980683,0,true,20260809
slm,64,2,128,34304,512,47,18,1,ikj,0.002224,14.73381295,0,true,20260809
slm,64,2,128,34304,512,47,19,0,ikj,0.002174,15.07267709,0,true,20260809
slm,64,2,128,34304,512,47,19,1,kij,0.001502,21.81624501,0,true,20260809
slm,64,2,512,135680,512,11,0,0,kij,0.00596,21.99194631,0,true,20260809
slm,64,2,512,135680,512,11,0,1,ikj,0.008703,15.06055383,0,true,20260809
slm,64,2,512,135680,512,11,1,0,ikj,0.008823,14.85571801,0,true,20260809
slm,64,2,512,135680,512,11,1,1,kij,0.005959,21.99563685,0,true,20260809
slm,64,2,512,135680,512,11,2,0,ikj,0.008503,15.41479478,0,true,20260809
slm,64,2,512,135680,512,11,2,1,kij,0.005779,22.68074061,0,true,20260809
slm,64,2,512,135680,512,11,3,0,ikj,0.008883,14.75537544,0,true,20260809
slm,64,2,512,135680,512,11,3,1,kij,0.005818,22.52870402,0,true,20260809
slm,64,2,512,135680,512,11,4,0,kij,0.005759,22.75950686,0,true,20260809
slm,64,2,512,135680,512,11,4,1,ikj,0.008593,15.25334575,0,true,20260809
slm,64,2,512,135680,512,11,5,0,kij,0.005979,21.92206055,0,true,20260809
slm,64,2,512,135680,512,11,5,1,ikj,0.008603,15.23561548,0,true,20260809
slm,64,2,512,135680,512,11,6,0,ikj,0.009153,14.32011362,0,true,20260809
slm,64,2,512,135680,512,11,6,1,kij,0.00625,20.97152,0,true,20260809
slm,64,2,512,135680,512,11,7,0,ikj,0.008984,14.58949243,0,true,20260809
slm,64,2,512,135680,512,11,7,1,kij,0.00619,21.17479806,0,true,20260809
slm,64,2,512,135680,512,11,8,0,ikj,0.008593,15.25334575,0,true,20260809
slm,64,2,512,135680,512,11,8,1,kij,0.005819,22.52483245,0,true,20260809
slm,64,2,512,135680,512,11,9,0,ikj,0.008482,15.45295921,0,true,20260809
slm,64,2,512,135680,512,11,9,1,kij,0.005929,22.10693203,0,true,20260809
slm,64,2,512,135680,512,11,10,0,kij,0.005829,22.48618974,0,true,20260809
slm,64,2,512,135680,512,11,10,1,ikj,0.008303,15.78610141,0,true,20260809
slm,64,2,512,135680,512,11,11,0,kij,0.005849,22.40930074,0,true,20260809
slm,64,2,512,135680,512,11,11,1,ikj,0.009224,14.20988725,0,true,20260809
slm,64,2,512,135680,512,11,12,0,ikj,0.008644,15.1633503,0,true,20260809
slm,64,2,512,135680,512,11,12,1,kij,0.005929,22.10693203,0,true,20260809
slm,64,2,512,135680,512,11,13,0,kij,0.005959,21.99563685,0,true,20260809
slm,64,2,512,135680,512,11,13,1,ikj,0.008633,15.18267115,0,true,20260809
slm,64,2,512,135680,512,11,14,0,kij,0.005809,22.56360819,0,true,20260809
slm,64,2,512,135680,512,11,14,1,ikj,0.008533,15.36060002,0,true,20260809
slm,64,2,512,135680,512,11,15,0,kij,0.005899,22.21935921,0,true,20260809
slm,64,2,512,135680,512,11,15,1,ikj,0.008963,14.62367511,0,true,20260809
slm,64,2,512,135680,512,11,16,0,ikj,0.008483,15.45113757,0,true,20260809
slm,64,2,512,135680,512,11,16,1,kij,0.005828,22.49004804,0,true,20260809
slm,64,2,512,135680,512,11,17,0,kij,0.005879,22.29494812,0,true,20260809
slm,64,2,512,135680,512,11,17,1,ikj,0.008623,15.20027833,0,true,20260809
slm,64,2,512,135680,512,11,18,0,kij,0.005899,22.21935921,0,true,20260809
slm,64,2,512,135680,512,11,18,1,ikj,0.008443,15.52433969,0,true,20260809
slm,64,2,512,135680,512,11,19,0,kij,0.006009,21.81261441,0,true,20260809
slm,64,2,512,135680,512,11,19,1,ikj,0.009364,13.99743699,0,true,20260809
slm,64,2,512,135680,512,29,0,0,ikj,0.008753,14.97452302,0,true,20260809
slm,64,2,512,135680,512,29,0,1,kij,0.005769,22.72005547,0,true,20260809
slm,64,2,512,135680,512,29,1,0,kij,0.005789,22.64156158,0,true,20260809
slm,64,2,512,135680,512,29,1,1,ikj,0.008503,15.41479478,0,true,20260809
slm,64,2,512,135680,512,29,2,0,kij,0.006179,21.21249393,0,true,20260809
slm,64,2,512,135680,512,29,2,1,ikj,0.008783,14.9233747,0,true,20260809
slm,64,2,512,135680,512,29,3,0,ikj,0.008863,14.78867201,0,true,20260809
slm,64,2,512,135680,512,29,3,1,kij,0.005859,22.37105308,0,true,20260809
slm,64,2,512,135680,512,29,4,0,kij,0.005869,22.33293576,0,true,20260809
slm,64,2,512,135680,512,29,4,1,ikj,0.008753,14.97452302,0,true,20260809
slm,64,2,512,135680,512,29,5,0,ikj,0.008733,15.00881713,0,true,20260809
slm,64,2,512,135680,512,29,5,1,kij,0.005809,22.56360819,0,true,20260809
slm,64,2,512,135680,512,29,6,0,kij,0.005809,22.56360819,0,true,20260809
slm,64,2,512,135680,512,29,6,1,ikj,0.008803,14.8894695,0,true,20260809
slm,64,2,512,135680,512,29,7,0,ikj,0.008382,15.63731806,0,true,20260809
slm,64,2,512,135680,512,29,7,1,kij,0.005839,22.4476794,0,true,20260809
slm,64,2,512,135680,512,29,8,0,ikj,0.008744,14.98993596,0,true,20260809
slm,64,2,512,135680,512,29,8,1,kij,0.005899,22.21935921,0,true,20260809
slm,64,2,512,135680,512,29,9,0,kij,0.005909,22.18175664,0,true,20260809
slm,64,2,512,135680,512,29,9,1,ikj,0.008873,14.77200496,0,true,20260809
slm,64,2,512,135680,512,29,10,0,kij,0.006169,21.24687956,0,true,20260809
slm,64,2,512,135680,512,29,10,1,ikj,0.009113,14.38296938,0,true,20260809
slm,64,2,512,135680,512,29,11,0,ikj,0.008894,14.73712615,0,true,20260809
slm,64,2,512,135680,512,29,11,1,kij,0.005739,22.83882209,0,true,20260809
slm,64,2,512,135680,512,29,12,0,kij,0.005778,22.68466597,0,true,20260809
slm,64,2,512,135680,512,29,12,1,ikj,0.008313,15.76711175,0,true,20260809
slm,64,2,512,135680,512,29,13,0,kij,0.006029,21.74025543,0,true,20260809
slm,64,2,512,135680,512,29,13,1,ikj,0.008863,14.78867201,0,true,20260809
slm,64,2,512,135680,512,29,14,0,kij,0.005949,22.03261052,0,true,20260809
slm,64,2,512,135680,512,29,14,1,ikj,0.009033,14.51035094,0,true,20260809
slm,64,2,512,135680,512,29,15,0,kij,0.006189,21.17821942,0,true,20260809
slm,64,2,512,135680,512,29,15,1,ikj,0.008883,14.75537544,0,true,20260809
slm,64,2,512,135680,512,29,16,0,ikj,0.008773,14.94038527,0,true,20260809
slm,64,2,512,135680,512,29,16,1,kij,0.005679,23.08011974,0,true,20260809
slm,64,2,512,135680,512,29,17,0,kij,0.005779,22.68074061,0,true,20260809
slm,64,2,512,135680,512,29,17,1,ikj,0.008312,15.76900866,0,true,20260809
slm,64,2,512,135680,512,29,18,0,kij,0.005829,22.48618974,0,true,20260809
slm,64,2,512,135680,512,29,18,1,ikj,0.009174,14.28733377,0,true,20260809
slm,64,2,512,135680,512,29,19,0,ikj,0.008974,14.60574994,0,true,20260809
slm,64,2,512,135680,512,29,19,1,kij,0.006039,21.70425567,0,true,20260809
slm,64,2,512,135680,512,47,0,0,ikj,0.008693,15.07787875,0,true,20260809
slm,64,2,512,135680,512,47,0,1,kij,0.005768,22.72399445,0,true,20260809
slm,64,2,512,135680,512,47,1,0,ikj,0.008503,15.41479478,0,true,20260809
slm,64,2,512,135680,512,47,1,1,kij,0.005878,22.29874107,0,true,20260809
slm,64,2,512,135680,512,47,2,0,kij,0.005839,22.4476794,0,true,20260809
slm,64,2,512,135680,512,47,2,1,ikj,0.008372,15.65599618,0,true,20260809
slm,64,2,512,135680,512,47,3,0,kij,0.005899,22.21935921,0,true,20260809
slm,64,2,512,135680,512,47,3,1,ikj,0.008733,15.00881713,0,true,20260809
slm,64,2,512,135680,512,47,4,0,kij,0.005979,21.92206055,0,true,20260809
slm,64,2,512,135680,512,47,4,1,ikj,0.008773,14.94038527,0,true,20260809
slm,64,2,512,135680,512,47,5,0,ikj,0.008823,14.85571801,0,true,20260809
slm,64,2,512,135680,512,47,5,1,kij,0.005849,22.40930074,0,true,20260809
slm,64,2,512,135680,512,47,6,0,kij,0.005828,22.49004804,0,true,20260809
slm,64,2,512,135680,512,47,6,1,ikj,0.008353,15.69160781,0,true,20260809
slm,64,2,512,135680,512,47,7,0,kij,0.005849,22.40930074,0,true,20260809
slm,64,2,512,135680,512,47,7,1,ikj,0.008713,15.04326868,0,true,20260809
slm,64,2,512,135680,512,47,8,0,kij,0.005909,22.18175664,0,true,20260809
slm,64,2,512,135680,512,47,8,1,ikj,0.009034,14.50874474,0,true,20260809
slm,64,2,512,135680,512,47,9,0,kij,0.005899,22.21935921,0,true,20260809
slm,64,2,512,135680,512,47,9,1,ikj,0.008733,15.00881713,0,true,20260809
slm,64,2,512,135680,512,47,10,0,ikj,0.008583,15.27111732,0,true,20260809
slm,64,2,512,135680,512,47,10,1,kij,0.005749,22.79909549,0,true,20260809
slm,64,2,512,135680,512,47,11,0,kij,0.005729,22.87868738,0,true,20260809
slm,64,2,512,135680,512,47,11,1,ikj,0.009033,14.51035094,0,true,20260809
slm,64,2,512,135680,512,47,12,0,ikj,0.008603,15.23561548,0,true,20260809
slm,64,2,512,135680,512,47,12,1,kij,0.005828,22.49004804,0,true,20260809
slm,64,2,512,135680,512,47,13,0,ikj,0.009164,14.30292449,0,true,20260809
slm,64,2,512,135680,512,47,13,1,kij,0.005898,22.22312648,0,true,20260809
slm,64,2,512,135680,512,47,14,0,ikj,0.008623,15.20027833,0,true,20260809
slm,64,2,512,135680,512,47,14,1,kij,0.006039,21.70425567,0,true,20260809
slm,64,2,512,135680,512,47,15,0,ikj,0.008873,14.77200496,0,true,20260809
slm,64,2,512,135680,512,47,15,1,kij,0.005899,22.21935921,0,true,20260809
slm,64,2,512,135680,512,47,16,0,ikj,0.008453,15.50597421,0,true,20260809
slm,64,2,512,135680,512,47,16,1,kij,0.005829,22.48618974,0,true,20260809
slm,64,2,512,135680,512,47,17,0,kij,0.005739,22.83882209,0,true,20260809
slm,64,2,512,135680,512,47,17,1,ikj,0.008683,15.09524358,0,true,20260809
slm,64,2,512,135680,512,47,18,0,ikj,0.008784,14.92167577,0,true,20260809
slm,64,2,512,135680,512,47,18,1,kij,0.005859,22.37105308,0,true,20260809
slm,64,2,512,135680,512,47,19,0,ikj,0.008883,14.75537544,0,true,20260809
slm,64,2,512,135680,512,47,19,1,kij,0.006049,21.66837494,0,true,20260809
slm,64,2,2048,541184,512,11,0,0,kij,0.021943,23.89317778,0,true,20260809
slm,64,2,2048,541184,512,11,0,1,ikj,0.032689,16.03866744,0,true,20260809
slm,64,2,2048,541184,512,11,1,0,kij,0.022324,23.48539688,0,true,20260809
slm,64,2,2048,541184,512,11,1,1,ikj,0.034493,15.19983765,0,true,20260809
slm,64,2,2048,541184,512,11,2,0,ikj,0.033551,15.62659831,0,true,20260809
slm,64,2,2048,541184,512,11,2,1,kij,0.022914,22.8806843,0,true,20260809
slm,64,2,2048,541184,512,11,3,0,kij,0.022935,22.85973403,0,true,20260809
slm,64,2,2048,541184,512,11,3,1,ikj,0.033681,15.56628366,0,true,20260809
slm,64,2,2048,541184,512,11,4,0,kij,0.022264,23.54868847,0,true,20260809
slm,64,2,2048,541184,512,11,4,1,ikj,0.034042,15.40121027,0,true,20260809
slm,64,2,2048,541184,512,11,5,0,ikj,0.034482,15.2046865,0,true,20260809
slm,64,2,2048,541184,512,11,5,1,kij,0.022725,23.0709791,0,true,20260809
slm,64,2,2048,541184,512,11,6,0,ikj,0.034462,15.21351053,0,true,20260809
slm,64,2,2048,541184,512,11,6,1,kij,0.023846,21.98641282,0,true,20260809
slm,64,2,2048,541184,512,11,7,0,ikj,0.033581,15.6126381,0,true,20260809
slm,64,2,2048,541184,512,11,7,1,kij,0.022193,23.62402559,0,true,20260809
slm,64,2,2048,541184,512,11,8,0,kij,0.022123,23.69877503,0,true,20260809
slm,64,2,2048,541184,512,11,8,1,ikj,0.033621,15.59406323,0,true,20260809
slm,64,2,2048,541184,512,11,9,0,ikj,0.034593,15.15589859,0,true,20260809
slm,64,2,2048,541184,512,11,9,1,kij,0.022254,23.55927024,0,true,20260809
slm,64,2,2048,541184,512,11,10,0,ikj,0.033,15.88751515,0,true,20260809
slm,64,2,2048,541184,512,11,10,1,kij,0.022224,23.59107271,0,true,20260809
slm,64,2,2048,541184,512,11,11,0,ikj,0.034612,15.14757887,0,true,20260809
slm,64,2,2048,541184,512,11,11,1,kij,0.021753,24.10187101,0,true,20260809
slm,64,2,2048,541184,512,11,12,0,ikj,0.034322,15.27556669,0,true,20260809
slm,64,2,2048,541184,512,11,12,1,kij,0.022694,23.10249405,0,true,20260809
slm,64,2,2048,541184,512,11,13,0,ikj,0.03289,15.94065065,0,true,20260809
slm,64,2,2048,541184,512,11,13,1,kij,0.022024,23.80530331,0,true,20260809
slm,64,2,2048,541184,512,11,14,0,kij,0.022034,23.79449941,0,true,20260809
slm,64,2,2048,541184,512,11,14,1,ikj,0.034012,15.41479478,0,true,20260809
slm,64,2,2048,541184,512,11,15,0,kij,0.022394,23.41198535,0,true,20260809
slm,64,2,2048,541184,512,11,15,1,ikj,0.03269,16.03817681,0,true,20260809
slm,64,2,2048,541184,512,11,16,0,ikj,0.034192,15.3336453,0,true,20260809
slm,64,2,2048,541184,512,11,16,1,kij,0.023275,22.52580021,0,true,20260809
slm,64,2,2048,541184,512,11,17,0,kij,0.023145,22.65232232,0,true,20260809
slm,64,2,2048,541184,512,11,17,1,ikj,0.034713,15.10350589,0,true,20260809
slm,64,2,2048,541184,512,11,18,0,kij,0.022194,23.62296116,0,true,20260809
slm,64,2,2048,541184,512,11,18,1,ikj,0.035233,14.8805949,0,true,20260809
slm,64,2,2048,541184,512,11,19,0,ikj,0.035623,14.7176824,0,true,20260809
slm,64,2,2048,541184,512,11,19,1,kij,0.023185,22.61324132,0,true,20260809
slm,64,2,2048,541184,512,29,0,0,kij,0.022444,23.35982891,0,true,20260809
slm,64,2,2048,541184,512,29,0,1,ikj,0.033832,15.49680776,0,true,20260809
slm,64,2,2048,541184,512,29,1,0,kij,0.022865,22.92971791,0,true,20260809
slm,64,2,2048,541184,512,29,1,1,ikj,0.034352,15.26222636,0,true,20260809
slm,64,2,2048,541184,512,29,2,0,kij,0.022694,23.10249405,0,true,20260809
slm,64,2,2048,541184,512,29,2,1,ikj,0.033691,15.56166335,0,true,20260809
slm,64,2,2048,541184,512,29,3,0,kij,0.022003,23.82802345,0,true,20260809
slm,64,2,2048,541184,512,29,3,1,ikj,0.035043,14.96127615,0,true,20260809
slm,64,2,2048,541184,512,29,4,0,ikj,0.034222,15.32020338,0,true,20260809
slm,64,2,2048,541184,512,29,4,1,kij,0.023085,22.71119775,0,true,20260809
slm,64,2,2048,541184,512,29,5,0,ikj,0.034292,15.28893036,0,true,20260809
slm,64,2,2048,541184,512,29,5,1,kij,0.022634,23.16373597,0,true,20260809
slm,64,2,2048,541184,512,29,6,0,kij,0.022304,23.50645624,0,true,20260809
slm,64,2,2048,541184,512,29,6,1,ikj,0.034342,15.26667055,0,true,20260809
slm,64,2,2048,541184,512,29,7,0,kij,0.022244,23.56986154,0,true,20260809
slm,64,2,2048,541184,512,29,7,1,ikj,0.034112,15.369606,0,true,20260809
slm,64,2,2048,541184,512,29,8,0,ikj,0.033661,15.57553252,0,true,20260809
slm,64,2,2048,541184,512,29,8,1,kij,0.022044,23.78370532,0,true,20260809
slm,64,2,2048,541184,512,29,9,0,ikj,0.033531,15.635919,0,true,20260809
slm,64,2,2048,541184,512,29,9,1,kij,0.022243,23.57092119,0,true,20260809
slm,64,2,2048,541184,512,29,10,0,ikj,0.03299,15.89233101,0,true,20260809
slm,64,2,2048,541184,512,29,10,1,kij,0.022744,23.05170594,0,true,20260809
slm,64,2,2048,541184,512,29,11,0,kij,0.022794,23.00114065,0,true,20260809
slm,64,2,2048,541184,512,29,11,1,ikj,0.033941,15.44704045,0,true,20260809
slm,64,2,2048,541184,512,29,12,0,ikj,0.034282,15.29339012,0,true,20260809
slm,64,2,2048,541184,512,29,12,1,kij,0.022364,23.44339116,0,true,20260809
slm,64,2,2048,541184,512,29,13,0,ikj,0.03306,15.85868119,0,true,20260809
slm,64,2,2048,541184,512,29,13,1,kij,0.022624,23.17397454,0,true,20260809
slm,64,2,2048,541184,512,29,14,0,ikj,0.034492,15.20027833,0,true,20260809
slm,64,2,2048,541184,512,29,14,1,kij,0.022985,22.81000653,0,true,20260809
slm,64,2,2048,541184,512,29,15,0,kij,0.022854,22.94075435,0,true,20260809
slm,64,2,2048,541184,512,29,15,1,ikj,0.034713,15.10350589,0,true,20260809
slm,64,2,2048,541184,512,29,16,0,kij,0.022705,23.09130148,0,true,20260809
slm,64,2,2048,541184,512,29,16,1,ikj,0.033191,15.7960893,0,true,20260809
slm,64,2,2048,541184,512,29,17,0,kij,0.022034,23.79449941,0,true,20260809
slm,64,2,2048,541184,512,29,17,1,ikj,0.03314,15.82039831,0,true,20260809
slm,64,2,2048,541184,512,29,18,0,ikj,0.034672,15.12136594,0,true,20260809
slm,64,2,2048,541184,512,29,18,1,kij,0.022164,23.65493593,0,true,20260809
slm,64,2,2048,541184,512,29,19,0,kij,0.022104,23.71914586,0,true,20260809
slm,64,2,2048,541184,512,29,19,1,ikj,0.035865,14.61837446,0,true,20260809
slm,64,2,2048,541184,512,47,0,0,ikj,0.035154,14.91403539,0,true,20260809
slm,64,2,2048,541184,512,47,0,1,kij,0.022775,23.02032931,0,true,20260809
slm,64,2,2048,541184,512,47,1,0,ikj,0.033962,15.43748896,0,true,20260809
slm,64,2,2048,541184,512,47,1,1,kij,0.022253,23.56032894,0,true,20260809
slm,64,2,2048,541184,512,47,2,0,ikj,0.034162,15.34711082,0,true,20260809
slm,64,2,2048,541184,512,47,2,1,kij,0.022725,23.0709791,0,true,20260809
slm,64,2,2048,541184,512,47,3,0,ikj,0.033251,15.76758594,0,true,20260809
slm,64,2,2048,541184,512,47,3,1,kij,0.022114,23.70842001,0,true,20260809
slm,64,2,2048,541184,512,47,4,0,kij,0.022144,23.67630058,0,true,20260809
slm,64,2,2048,541184,512,47,4,1,ikj,0.033931,15.45159294,0,true,20260809
slm,64,2,2048,541184,512,47,5,0,ikj,0.035493,14.77158876,0,true,20260809
slm,64,2,2048,541184,512,47,5,1,kij,0.028223,18.5766219,0,true,20260809
slm,64,2,2048,541184,512,47,6,0,kij,0.023275,22.52580021,0,true,20260809
slm,64,2,2048,541184,512,47,6,1,ikj,0.03338,15.70665069,0,true,20260809
slm,64,2,2048,541184,512,47,7,0,kij,0.021923,23.91497514,0,true,20260809
slm,64,2,2048,541184,512,47,7,1,ikj,0.03305,15.86347958,0,true,20260809
slm,64,2,2048,541184,512,47,8,0,kij,0.022064,23.76214648,0,true,20260809
slm,64,2,2048,541184,512,47,8,1,ikj,0.033351,15.72030824,0,true,20260809
slm,64,2,2048,541184,512,47,9,0,ikj,0.035344,14.83386148,0,true,20260809
slm,64,2,2048,541184,512,47,9,1,kij,0.022884,22.91067995,0,true,20260809
slm,64,2,2048,541184,512,47,10,0,kij,0.022824,22.97090782,0,true,20260809
slm,64,2,2048,541184,512,47,10,1,ikj,0.033681,15.56628366,0,true,20260809
slm,64,2,2048,541184,512,47,11,0,ikj,0.034462,15.21351053,0,true,20260809
slm,64,2,2048,541184,512,47,11,1,kij,0.022534,23.26653058,0,true,20260809
slm,64,2,2048,541184,512,47,12,0,ikj,0.033801,15.51102038,0,true,20260809
slm,64,2,2048,541184,512,47,12,1,kij,0.021883,23.95868939,0,true,20260809
slm,64,2,2048,541184,512,47,13,0,ikj,0.033881,15.47439568,0,true,20260809
slm,64,2,2048,541184,512,47,13,1,kij,0.023025,22.77038002,0,true,20260809
slm,64,2,2048,541184,512,47,14,0,kij,0.023155,22.64253941,0,true,20260809
slm,64,2,2048,541184,512,47,14,1,ikj,0.034612,15.14757887,0,true,20260809
slm,64,2,2048,541184,512,47,15,0,kij,0.023155,22.64253941,0,true,20260809
slm,64,2,2048,541184,512,47,15,1,ikj,0.034302,15.28447321,0,true,20260809
slm,64,2,2048,541184,512,47,16,0,kij,0.022344,23.46437522,0,true,20260809
slm,64,2,2048,541184,512,47,16,1,ikj,0.03309,15.84430341,0,true,20260809
slm,64,2,2048,541184,512,47,17,0,kij,0.022343,23.46542541,0,true,20260809
slm,64,2,2048,541184,512,47,17,1,ikj,0.034122,15.36510169,0,true,20260809
slm,64,2,2048,541184,512,47,18,0,ikj,0.03299,15.89233101,0,true,20260809
slm,64,2,2048,541184,512,47,18,1,kij,0.022905,22.88967474,0,true,20260809
slm,64,2,2048,541184,512,47,19,0,ikj,0.033251,15.76758594,0,true,20260809
slm,64,2,2048,541184,512,47,19,1,kij,0.022224,23.59107271,0,true,20260809
slm,64,2,8192,2163200,512,11,0,0,kij,0.091329,22.96260771,0,true,20260809
slm,64,2,8192,2163200,512,11,0,1,ikj,0.136317,15.38437612,0,true,20260809
slm,64,2,8192,2163200,512,11,1,0,kij,0.093292,22.4794409,0,true,20260809
slm,64,2,8192,2163200,512,11,1,1,ikj,0.137879,15.21009001,0,true,20260809
slm,64,2,8192,2163200,512,11,2,0,kij,0.092239,22.73606609,0,true,20260809
slm,64,2,8192,2163200,512,11,2,1,ikj,0.139131,15.07321877,0,true,20260809
slm,64,2,8192,2163200,512,11,3,0,kij,0.090107,23.27401867,0,true,20260809
slm,64,2,8192,2163200,512,11,3,1,ikj,0.134514,15.59058537,0,true,20260809
slm,64,2,8192,2163200,512,11,4,0,kij,0.087602,23.93954476,0,true,20260809
slm,64,2,8192,2163200,512,11,4,1,ikj,0.136406,15.37433837,0,true,20260809
slm,64,2,8192,2163200,512,11,5,0,kij,0.095515,21.95625818,0,true,20260809
slm,64,2,8192,2163200,512,11,5,1,ikj,0.147754,14.19353791,0,true,20260809
slm,64,2,8192,2163200,512,11,6,0,ikj,0.143978,14.56578088,0,true,20260809
slm,64,2,8192,2163200,512,11,6,1,kij,0.090577,23.15325083,0,true,20260809
slm,64,2,8192,2163200,512,11,7,0,kij,0.090798,23.09689641,0,true,20260809
slm,64,2,8192,2163200,512,11,7,1,ikj,0.133062,15.76071305,0,true,20260809
slm,64,2,8192,2163200,512,11,8,0,kij,0.090477,23.17884103,0,true,20260809
slm,64,2,8192,2163200,512,11,8,1,ikj,0.138009,15.1957626,0,true,20260809
slm,64,2,8192,2163200,512,11,9,0,kij,0.090276,23.23044885,0,true,20260809
slm,64,2,8192,2163200,512,11,9,1,ikj,0.136917,15.31695845,0,true,20260809
slm,64,2,8192,2163200,512,11,10,0,kij,0.089405,23.45676416,0,true,20260809
slm,64,2,8192,2163200,512,11,10,1,ikj,0.140613,14.91435358,0,true,20260809
slm,64,2,8192,2163200,512,11,11,0,ikj,0.136377,15.37760766,0,true,20260809
slm,64,2,8192,2163200,512,11,11,1,kij,0.089917,23.32319806,0,true,20260809
slm,64,2,8192,2163200,512,11,12,0,kij,0.091429,22.93749248,0,true,20260809
slm,64,2,8192,2163200,512,11,12,1,ikj,0.143107,14.6544334,0,true,20260809
slm,64,2,8192,2163200,512,11,13,0,ikj,0.133762,15.67823448,0,true,20260809
slm,64,2,8192,2163200,512,11,13,1,kij,0.087793,23.88746255,0,true,20260809
slm,64,2,8192,2163200,512,11,14,0,kij,0.087623,23.93380733,0,true,20260809
slm,64,2,8192,2163200,512,11,14,1,ikj,0.135735,15.45034074,0,true,20260809
slm,64,2,8192,2163200,512,11,15,0,kij,0.089265,23.4935529,0,true,20260809
slm,64,2,8192,2163200,512,11,15,1,ikj,0.139992,14.98051317,0,true,20260809
slm,64,2,8192,2163200,512,11,16,0,kij,0.091939,22.81025463,0,true,20260809
slm,64,2,8192,2163200,512,11,16,1,ikj,0.136366,15.3788481,0,true,20260809
slm,64,2,8192,2163200,512,11,17,0,ikj,0.136967,15.31136697,0,true,20260809
slm,64,2,8192,2163200,512,11,17,1,kij,0.09218,22.75061836,0,true,20260809
slm,64,2,8192,2163200,512,11,18,0,kij,0.09214,22.7604949,0,true,20260809
slm,64,2,8192,2163200,512,11,18,1,ikj,0.133712,15.68409716,0,true,20260809
slm,64,2,8192,2163200,512,11,19,0,ikj,0.139861,14.99454458,0,true,20260809
slm,64,2,8192,2163200,512,11,19,1,kij,0.094092,22.28831357,0,true,20260809
slm,64,2,8192,2163200,512,29,0,0,kij,0.094032,22.30253531,0,true,20260809
slm,64,2,8192,2163200,512,29,0,1,ikj,0.13883,15.1058993,0,true,20260809
slm,64,2,8192,2163200,512,29,1,0,ikj,0.140793,14.89528599,0,true,20260809
slm,64,2,8192,2163200,512,29,1,1,kij,0.095765,21.89894011,0,true,20260809
slm,64,2,8192,2163200,512,29,2,0,ikj,0.142556,14.71107495,0,true,20260809
slm,64,2,8192,2163200,512,29,2,1,kij,0.092159,22.75580247,0,true,20260809
slm,64,2,8192,2163200,512,29,3,0,kij,0.09235,22.70873849,0,true,20260809
slm,64,2,8192,2163200,512,29,3,1,ikj,0.133603,15.69689303,0,true,20260809
slm,64,2,8192,2163200,512,29,4,0,kij,0.090577,23.15325083,0,true,20260809
slm,64,2,8192,2163200,512,29,4,1,ikj,0.139431,15.0407872,0,true,20260809
slm,64,2,8192,2163200,512,29,5,0,ikj,0.134553,15.58606646,0,true,20260809
slm,64,2,8192,2163200,512,29,5,1,kij,0.089375,23.46463776,0,true,20260809
slm,64,2,8192,2163200,512,29,6,0,kij,0.089776,23.35982891,0,true,20260809
slm,64,2,8192,2163200,512,29,6,1,ikj,0.135475,15.47999262,0,true,20260809
slm,64,2,8192,2163200,512,29,7,0,ikj,0.139662,15.01590984,0,true,20260809
slm,64,2,8192,2163200,512,29,7,1,kij,0.092039,22.78547138,0,true,20260809
slm,64,2,8192,2163200,512,29,8,0,kij,0.09246,22.68172183,0,true,20260809
slm,64,2,8192,2163200,512,29,8,1,ikj,0.13837,15.15611766,0,true,20260809
slm,64,2,8192,2163200,512,29,9,0,ikj,0.139421,15.041866,0,true,20260809
slm,64,2,8192,2163200,512,29,9,1,kij,0.089926,23.32086382,0,true,20260809
slm,64,2,8192,2163200,512,29,10,0,ikj,0.139731,15.00849489,0,true,20260809
slm,64,2,8192,2163200,512,29,10,1,kij,0.094002,22.30965299,0,true,20260809
slm,64,2,8192,2163200,512,29,11,0,ikj,0.137929,15.20457627,0,true,20260809
slm,64,2,8192,2163200,512,29,11,1,kij,0.089365,23.46726347,0,true,20260809
slm,64,2,8192,2163200,512,29,12,0,kij,0.098279,21.33876006,0,true,20260809
slm,64,2,8192,2163200,512,29,12,1,ikj,0.137799,15.21892031,0,true,20260809
slm,64,2,8192,2163200,512,29,13,0,ikj,0.135435,15.48456455,0,true,20260809
slm,64,2,8192,2163200,512,29,13,1,kij,0.090107,23.27401867,0,true,20260809
slm,64,2,8192,2163200,512,29,14,0,ikj,0.13871,15.11896763,0,true,20260809
slm,64,2,8192,2163200,512,29,14,1,kij,0.090046,23.28978522,0,true,20260809
slm,64,2,8192,2163200,512,29,15,0,kij,0.089926,23.32086382,0,true,20260809
slm,64,2,8192,2163200,512,29,15,1,ikj,0.134864,15.55012457,0,true,20260809
slm,64,2,8192,2163200,512,29,16,0,kij,0.089916,23.32345745,0,true,20260809
slm,64,2,8192,2163200,512,29,16,1,ikj,0.144278,14.53549398,0,true,20260809
slm,64,2,8192,2163200,512,29,17,0,kij,0.089225,23.50408518,0,true,20260809
slm,64,2,8192,2163200,512,29,17,1,ikj,0.134224,15.62426988,0,true,20260809
slm,64,2,8192,2163200,512,29,18,0,kij,0.094754,22.13259599,0,true,20260809
slm,64,2,8192,2163200,512,29,18,1,ikj,0.141314,14.84036967,0,true,20260809
slm,64,2,8192,2163200,512,29,19,0,kij,0.089746,23.36763755,0,true,20260809
slm,64,2,8192,2163200,512,29,19,1,ikj,0.133392,15.72172244,0,true,20260809
slm,64,2,8192,2163200,512,47,0,0,ikj,0.138219,15.17267525,0,true,20260809
slm,64,2,8192,2163200,512,47,0,1,kij,0.090877,23.07681812,0,true,20260809
slm,64,2,8192,2163200,512,47,1,0,kij,0.09246,22.68172183,0,true,20260809
slm,64,2,8192,2163200,512,47,1,1,ikj,0.144129,14.55052071,0,true,20260809
slm,64,2,8192,2163200,512,47,2,0,ikj,0.141765,14.79315769,0,true,20260809
slm,64,2,8192,2163200,512,47,2,1,kij,0.101633,20.63455767,0,true,20260809
slm,64,2,8192,2163200,512,47,3,0,kij,0.101173,20.72837615,0,true,20260809
slm,64,2,8192,2163200,512,47,3,1,ikj,0.147493,14.21865444,0,true,20260809
slm,64,2,8192,2163200,512,47,4,0,kij,0.089966,23.31049508,0,true,20260809
slm,64,2,8192,2163200,512,47,4,1,ikj,0.141814,14.78804631,0,true,20260809
slm,64,2,8192,2163200,512,47,5,0,kij,0.093672,22.38824836,0,true,20260809
slm,64,2,8192,2163200,512,47,5,1,ikj,0.141525,14.81824413,0,true,20260809
slm,64,2,8192,2163200,512,47,6,0,kij,0.091779,22.85002016,0,true,20260809
slm,64,2,8192,2163200,512,47,6,1,ikj,0.137878,15.21020032,0,true,20260809
slm,64,2,8192,2163200,512,47,7,0,ikj,0.137588,15.2422595,0,true,20260809
slm,64,2,8192,2163200,512,47,7,1,kij,0.091058,23.03094731,0,true,20260809
slm,64,2,8192,2163200,512,47,8,0,ikj,0.13256,15.82039831,0,true,20260809
slm,64,2,8192,2163200,512,47,8,1,kij,0.094253,22.25024137,0,true,20260809
slm,64,2,8192,2163200,512,47,9,0,kij,0.093902,22.33341143,0,true,20260809
slm,64,2,8192,2163200,512,47,9,1,ikj,0.141474,14.82358596,0,true,20260809
slm,64,2,8192,2163200,512,47,10,0,kij,0.089045,23.55159751,0,true,20260809
slm,64,2,8192,2163200,512,47,10,1,ikj,0.137789,15.22002482,0,true,20260809
slm,64,2,8192,2163200,512,47,11,0,kij,0.089325,23.47777218,0,true,20260809
slm,64,2,8192,2163200,512,47,11,1,ikj,0.138379,15.15513192,0,true,20260809
slm,64,2,8192,2163200,512,47,12,0,ikj,0.133422,15.71818741,0,true,20260809
slm,64,2,8192,2163200,512,47,12,1,kij,0.088274,23.75730113,0,true,20260809
slm,64,2,8192,2163200,512,47,13,0,kij,0.088323,23.74412101,0,true,20260809
slm,64,2,8192,2163200,512,47,13,1,ikj,0.137919,15.2056787,0,true,20260809
slm,64,2,8192,2163200,512,47,14,0,ikj,0.135245,15.50631816,0,true,20260809
slm,64,2,8192,2163200,512,47,14,1,kij,0.088323,23.74412101,0,true,20260809
slm,64,2,8192,2163200,512,47,15,0,ikj,0.13862,15.12878373,0,true,20260809
slm,64,2,8192,2163200,512,47,15,1,kij,0.088544,23.68485725,0,true,20260809
slm,64,2,8192,2163200,512,47,16,0,ikj,0.135606,15.46503842,0,true,20260809
slm,64,2,8192,2163200,512,47,16,1,kij,0.088875,23.59664698,0,true,20260809
slm,64,2,8192,2163200,512,47,17,0,kij,0.089596,23.40675923,0,true,20260809
slm,64,2,8192,2163200,512,47,17,1,ikj,0.134674,15.57206291,0,true,20260809
slm,64,2,8192,2163200,512,47,18,0,ikj,0.140423,14.93453352,0,true,20260809
slm,64,2,8192,2163200,512,47,18,1,kij,0.098569,21.27597926,0,true,20260809
slm,64,2,8192,2163200,512,47,19,0,ikj,0.132331,15.84777565,0,true,20260809
slm,64,2,8192,2163200,512,47,19,1,kij,0.092861,22.58377575,0,true,20260809
slm,64,2,16384,4325888,512,11,0,0,kij,0.183988,22.79661717,0,true,20260809
slm,64,2,16384,4325888,512,11,0,1,ikj,0.272112,15.4138884,0,true,20260809
slm,64,2,16384,4325888,512,11,1,0,kij,0.183568,22.84877539,0,true,20260809
slm,64,2,16384,4325888,512,11,1,1,ikj,0.271081,15.47251191,0,true,20260809
slm,64,2,16384,4325888,512,11,2,0,ikj,0.268928,15.59638267,0,true,20260809
slm,64,2,16384,4325888,512,11,2,1,kij,0.17824,23.53177738,0,true,20260809
slm,64,2,16384,4325888,512,11,3,0,ikj,0.274515,15.27896108,0,true,20260809
slm,64,2,16384,4325888,512,11,3,1,kij,0.186262,22.51830218,0,true,20260809
slm,64,2,16384,4325888,512,11,4,0,kij,0.183578,22.84753075,0,true,20260809
slm,64,2,16384,4325888,512,11,4,1,ikj,0.27759,15.10970856,0,true,20260809
slm,64,2,16384,4325888,512,11,5,0,kij,0.186051,22.54384013,0,true,20260809
slm,64,2,16384,4325888,512,11,5,1,ikj,0.286103,14.66011891,0,true,20260809
slm,64,2,16384,4325888,512,11,6,0,kij,0.187474,22.37272368,0,true,20260809
slm,64,2,16384,4325888,512,11,6,1,ikj,0.285663,14.68269954,0,true,20260809
slm,64,2,16384,4325888,512,11,7,0,ikj,0.269218,15.57958235,0,true,20260809
slm,64,2,16384,4325888,512,11,7,1,kij,0.17874,23.46595054,0,true,20260809
slm,64,2,16384,4325888,512,11,8,0,kij,0.181685,23.08558219,0,true,20260809
slm,64,2,16384,4325888,512,11,8,1,ikj,0.270249,15.52014624,0,true,20260809
slm,64,2,16384,4325888,512,11,9,0,kij,0.180523,23.23418069,0,true,20260809
slm,64,2,16384,4325888,512,11,9,1,ikj,0.270329,15.51555327,0,true,20260809
slm,64,2,16384,4325888,512,11,10,0,kij,0.177098,23.68351986,0,true,20260809
slm,64,2,16384,4325888,512,11,10,1,ikj,0.26449,15.85808159,0,true,20260809
slm,64,2,16384,4325888,512,11,11,0,ikj,0.275637,15.21676698,0,true,20260809
slm,64,2,16384,4325888,512,11,11,1,kij,0.184339,22.75321012,0,true,20260809
slm,64,2,16384,4325888,512,11,12,0,ikj,0.285923,14.66934804,0,true,20260809
slm,64,2,16384,4325888,512,11,12,1,kij,0.18541,22.62177876,0,true,20260809
slm,64,2,16384,4325888,512,11,13,0,kij,0.185902,22.56190896,0,true,20260809
slm,64,2,16384,4325888,512,11,13,1,ikj,0.273234,15.35059326,0,true,20260809
slm,64,2,16384,4325888,512,11,14,0,kij,0.178249,23.53058923,0,true,20260809
slm,64,2,16384,4325888,512,11,14,1,ikj,0.267505,15.67934805,0,true,20260809
slm,64,2,16384,4325888,512,11,15,0,ikj,0.278561,15.05703957,0,true,20260809
slm,64,2,16384,4325888,512,11,15,1,kij,0.183838,22.81521775,0,true,20260809
slm,64,2,16384,4325888,512,11,16,0,kij,0.183668,22.83633513,0,true,20260809
slm,64,2,16384,4325888,512,11,16,1,ikj,0.2842,14.7582829,0,true,20260809
slm,64,2,16384,4325888,512,11,17,0,ikj,0.276038,15.1946616,0,true,20260809
slm,64,2,16384,4325888,512,11,17,1,kij,0.183297,22.88255672,0,true,20260809
slm,64,2,16384,4325888,512,11,18,0,kij,0.18496,22.67681661,0,true,20260809
slm,64,2,16384,4325888,512,11,18,1,ikj,0.278802,15.04402407,0,true,20260809
slm,64,2,16384,4325888,512,11,19,0,ikj,0.27075,15.49142752,0,true,20260809
slm,64,2,16384,4325888,512,11,19,1,kij,0.182687,22.9589626,0,true,20260809
slm,64,2,16384,4325888,512,29,0,0,ikj,0.269378,15.57032868,0,true,20260809
slm,64,2,16384,4325888,512,29,0,1,kij,0.181445,23.11611783,0,true,20260809
slm,64,2,16384,4325888,512,29,1,0,kij,0.181205,23.14673436,0,true,20260809
slm,64,2,16384,4325888,512,29,1,1,ikj,0.278532,15.05860727,0,true,20260809
slm,64,2,16384,4325888,512,29,2,0,ikj,0.290059,14.46017534,0,true,20260809
slm,64,2,16384,4325888,512,29,2,1,kij,0.184279,22.76061841,0,true,20260809
slm,64,2,16384,4325888,512,29,3,0,kij,0.186672,22.46884375,0,true,20260809
slm,64,2,16384,4325888,512,29,3,1,ikj,0.275487,15.22505236,0,true,20260809
slm,64,2,16384,4325888,512,29,4,0,ikj,0.296669,14.13799217,0,true,20260809
slm,64,2,16384,4325888,512,29,4,1,kij,0.18539,22.62421921,0,true,20260809
slm,64,2,16384,4325888,512,29,5,0,kij,0.184709,22.707632,0,true,20260809
slm,64,2,16384,4325888,512,29,5,1,ikj,0.273274,15.34834635,0,true,20260809
slm,64,2,16384,4325888,512,29,6,0,ikj,0.27792,15.09176742,0,true,20260809
slm,64,2,16384,4325888,512,29,6,1,kij,0.179582,23.35592654,0,true,20260809
slm,64,2,16384,4325888,512,29,7,0,kij,0.17806,23.55556554,0,true,20260809
slm,64,2,16384,4325888,512,29,7,1,ikj,0.282447,14.8498798,0,true,20260809
slm,64,2,16384,4325888,512,29,8,0,kij,0.179822,23.32475448,0,true,20260809
slm,64,2,16384,4325888,512,29,8,1,ikj,0.283909,14.77340979,0,true,20260809
slm,64,2,16384,4325888,512,29,9,0,ikj,0.285532,14.68943586,0,true,20260809
slm,64,2,16384,4325888,512,29,9,1,kij,0.176857,23.71579299,0,true,20260809
slm,64,2,16384,4325888,512,29,10,0,kij,0.175335,23.92165854,0,true,20260809
slm,64,2,16384,4325888,512,29,10,1,ikj,0.269588,15.55819992,0,true,20260809
slm,64,2,16384,4325888,512,29,11,0,kij,0.181965,23.05005908,0,true,20260809
slm,64,2,16384,4325888,512,29,11,1,ikj,0.280264,14.96554677,0,true,20260809
slm,64,2,16384,4325888,512,29,12,0,ikj,0.278942,15.03647353,0,true,20260809
slm,64,2,16384,4325888,512,29,12,1,kij,0.180282,23.26524001,0,true,20260809
slm,64,2,16384,4325888,512,29,13,0,kij,0.182757,22.9501688,0,true,20260809
slm,64,2,16384,4325888,512,29,13,1,ikj,0.279063,15.02995381,0,true,20260809
slm,64,2,16384,4325888,512,29,14,0,ikj,0.299844,13.98828724,0,true,20260809
slm,64,2,16384,4325888,512,29,14,1,kij,0.180714,23.20962405,0,true,20260809
slm,64,2,16384,4325888,512,29,15,0,ikj,0.2707,15.49428888,0,true,20260809
slm,64,2,16384,4325888,512,29,15,1,kij,0.176527,23.76012735,0,true,20260809
slm,64,2,16384,4325888,512,29,16,0,ikj,0.283639,14.78747281,0,true,20260809
slm,64,2,16384,4325888,512,29,16,1,kij,0.179151,23.41211604,0,true,20260809
slm,64,2,16384,4325888,512,29,17,0,ikj,0.268016,15.64945376,0,true,20260809
slm,64,2,16384,4325888,512,29,17,1,kij,0.181625,23.09320853,0,true,20260809
slm,64,2,16384,4325888,512,29,18,0,ikj,0.287385,14.59472137,0,true,20260809
slm,64,2,16384,4325888,512,29,18,1,kij,0.180073,23.29224259,0,true,20260809
slm,64,2,16384,4325888,512,29,19,0,kij,0.179813,23.32592193,0,true,20260809
slm,64,2,16384,4325888,512,29,19,1,ikj,0.280124,14.97302623,0,true,20260809
slm,64,2,16384,4325888,512,47,0,0,kij,0.176777,23.72652551,0,true,20260809
slm,64,2,16384,4325888,512,47,0,1,ikj,0.262657,15.96875012,0,true,20260809
slm,64,2,16384,4325888,512,47,1,0,kij,0.177419,23.64066983,0,true,20260809
slm,64,2,16384,4325888,512,47,1,1,ikj,0.279333,15.01542603,0,true,20260809
slm,64,2,16384,4325888,512,47,2,0,kij,0.187564,22.36198844,0,true,20260809
slm,64,2,16384,4325888,512,47,2,1,ikj,0.279864,14.98693651,0,true,20260809
slm,64,2,16384,4325888,512,47,3,0,ikj,0.276648,15.16115786,0,true,20260809
slm,64,2,16384,4325888,512,47,3,1,kij,0.192121,21.83157489,0,true,20260809
slm,64,2,16384,4325888,512,47,4,0,ikj,0.268486,15.62205851,0,true,20260809
slm,64,2,16384,4325888,512,47,4,1,kij,0.179852,23.32086382,0,true,20260809
slm,64,2,16384,4325888,512,47,5,0,ikj,0.280664,14.944218,0,true,20260809
slm,64,2,16384,4325888,512,47,5,1,kij,0.178841,23.45269821,0,true,20260809
slm,64,2,16384,4325888,512,47,6,0,ikj,0.271231,15.46395508,0,true,20260809
slm,64,2,16384,4325888,512,47,6,1,kij,0.180082,23.29107851,0,true,20260809
slm,64,2,16384,4325888,512,47,7,0,ikj,0.27726,15.12769242,0,true,20260809
slm,64,2,16384,4325888,512,47,7,1,kij,0.181315,23.13269172,0,true,20260809
slm,64,2,16384,4325888,512,47,8,0,kij,0.181114,23.15836435,0,true,20260809
slm,64,2,16384,4325888,512,47,8,1,ikj,0.275697,15.21345535,0,true,20260809
slm,64,2,16384,4325888,512,47,9,0,kij,0.179642,23.34812572,0,true,20260809
slm,64,2,16384,4325888,512,47,9,1,ikj,0.262537,15.97604909,0,true,20260809
slm,64,2,16384,4325888,512,47,10,0,ikj,0.272422,15.39634831,0,true,20260809
slm,64,2,16384,4325888,512,47,10,1,kij,0.182186,23.0220983,0,true,20260809
slm,64,2,16384,4325888,512,47,11,0,kij,0.190218,22.04998475,0,true,20260809
slm,64,2,16384,4325888,512,47,11,1,ikj,0.272873,15.37090148,0,true,20260809
slm,64,2,16384,4325888,512,47,12,0,ikj,0.276578,15.16499505,0,true,20260809
slm,64,2,16384,4325888,512,47,12,1,kij,0.182727,22.95393675,0,true,20260809
slm,64,2,16384,4325888,512,47,13,0,kij,0.181335,23.13014035,0,true,20260809
slm,64,2,16384,4325888,512,47,13,1,ikj,0.278061,15.08411464,0,true,20260809
slm,64,2,16384,4325888,512,47,14,0,kij,0.182186,23.0220983,0,true,20260809
slm,64,2,16384,4325888,512,47,14,1,ikj,0.274526,15.27834886,0,true,20260809
slm,64,2,16384,4325888,512,47,15,0,kij,0.188615,22.23738303,0,true,20260809
slm,64,2,16384,4325888,512,47,15,1,ikj,0.273544,15.33319685,0,true,20260809
slm,64,2,16384,4325888,512,47,16,0,ikj,0.272462,15.39408798,0,true,20260809
slm,64,2,16384,4325888,512,47,16,1,kij,0.179652,23.34682609,0,true,20260809
slm,64,2,16384,4325888,512,47,17,0,ikj,0.282989,14.82143829,0,true,20260809
slm,64,2,16384,4325888,512,47,17,1,kij,0.17822,23.53441813,0,true,20260809
slm,64,2,16384,4325888,512,47,18,0,kij,0.17835,23.51726381,0,true,20260809
slm,64,2,16384,4325888,512,47,18,1,ikj,0.279774,14.99175763,0,true,20260809
slm,64,2,16384,4325888,512,47,19,0,kij,0.187564,22.36198844,0,true,20260809
slm,64,2,16384,4325888,512,47,19,1,ikj,0.278231,15.0748982,0,true,20260809
slm,64,4,128,35840,1024,11,0,0,ikj,0.002503,26.18298042,0,true,20260809
slm,64,4,128,35840,1024,11,0,1,kij,0.002053,31.92206527,0,true,20260809
slm,64,4,128,35840,1024,11,1,0,kij,0.002083,31.46231397,0,true,20260809
slm,64,4,128,35840,1024,11,1,1,ikj,0.002474,26.48989491,0,true,20260809
slm,64,4,128,35840,1024,11,2,0,kij,0.002084,31.44721689,0,true,20260809
slm,64,4,128,35840,1024,11,2,1,ikj,0.002494,26.27746592,0,true,20260809
slm,64,4,128,35840,1024,11,3,0,ikj,0.002474,26.48989491,0,true,20260809
slm,64,4,128,35840,1024,11,3,1,kij,0.002043,32.0783162,0,true,20260809
slm,64,4,128,35840,1024,11,4,0,ikj,0.002484,26.38325282,0,true,20260809
slm,64,4,128,35840,1024,11,4,1,kij,0.002103,31.16310033,0,true,20260809
slm,64,4,128,35840,1024,11,5,0,kij,0.002043,32.0783162,0,true,20260809
slm,64,4,128,35840,1024,11,5,1,ikj,0.002484,26.38325282,0,true,20260809
slm,64,4,128,35840,1024,11,6,0,kij,0.002113,31.01561761,0,true,20260809
slm,64,4,128,35840,1024,11,6,1,ikj,0.002514,26.06841687,0,true,20260809
slm,64,4,128,35840,1024,11,7,0,kij,0.002104,31.14828897,0,true,20260809
slm,64,4,128,35840,1024,11,7,1,ikj,0.002484,26.38325282,0,true,20260809
slm,64,4,128,35840,1024,11,8,0,kij,0.002093,31.31199236,0,true,20260809
slm,64,4,128,35840,1024,11,8,1,ikj,0.002484,26.38325282,0,true,20260809
slm,64,4,128,35840,1024,11,9,0,ikj,0.002484,26.38325282,0,true,20260809
slm,64,4,128,35840,1024,11,9,1,kij,0.002183,30.02107192,0,true,20260809
slm,64,4,128,35840,1024,11,10,0,kij,0.002163,30.29865927,0,true,20260809
slm,64,4,128,35840,1024,11,10,1,ikj,0.002514,26.06841687,0,true,20260809
slm,64,4,128,35840,1024,11,11,0,kij,0.002063,31.76732913,0,true,20260809
slm,64,4,128,35840,1024,11,11,1,ikj,0.002493,26.28800642,0,true,20260809
slm,64,4,128,35840,1024,11,12,0,ikj,0.002483,26.39387837,0,true,20260809
slm,64,4,128,35840,1024,11,12,1,kij,0.002053,31.92206527,0,true,20260809
slm,64,4,128,35840,1024,11,13,0,ikj,0.002474,26.48989491,0,true,20260809
slm,64,4,128,35840,1024,11,13,1,kij,0.002083,31.46231397,0,true,20260809
slm,64,4,128,35840,1024,11,14,0,ikj,0.002484,26.38325282,0,true,20260809
slm,64,4,128,35840,1024,11,14,1,kij,0.002043,32.0783162,0,true,20260809
slm,64,4,128,35840,1024,11,15,0,ikj,0.002473,26.50060655,0,true,20260809
slm,64,4,128,35840,1024,11,15,1,kij,0.002053,31.92206527,0,true,20260809
slm,64,4,128,35840,1024,11,16,0,kij,0.002073,31.61408587,0,true,20260809
slm,64,4,128,35840,1024,11,16,1,ikj,0.002474,26.48989491,0,true,20260809
slm,64,4,128,35840,1024,11,17,0,ikj,0.002494,26.27746592,0,true,20260809
slm,64,4,128,35840,1024,11,17,1,kij,0.002093,31.31199236,0,true,20260809
slm,64,4,128,35840,1024,11,18,0,ikj,0.002493,26.28800642,0,true,20260809
slm,64,4,128,35840,1024,11,18,1,kij,0.002143,30.5814279,0,true,20260809
slm,64,4,128,35840,1024,11,19,0,ikj,0.002474,26.48989491,0,true,20260809
slm,64,4,128,35840,1024,11,19,1,kij,0.002173,30.15922688,0,true,20260809
slm,64,4,128,35840,1024,29,0,0,kij,0.002133,30.72480075,0,true,20260809
slm,64,4,128,35840,1024,29,0,1,ikj,0.002494,26.27746592,0,true,20260809
slm,64,4,128,35840,1024,29,1,0,kij,0.002074,31.59884282,0,true,20260809
slm,64,4,128,35840,1024,29,1,1,ikj,0.002483,26.39387837,0,true,20260809
slm,64,4,128,35840,1024,29,2,0,ikj,0.002504,26.17252396,0,true,20260809
slm,64,4,128,35840,1024,29,2,1,kij,0.002103,31.16310033,0,true,20260809
slm,64,4,128,35840,1024,29,3,0,ikj,0.002474,26.48989491,0,true,20260809
slm,64,4,128,35840,1024,29,3,1,kij,0.002103,31.16310033,0,true,20260809
slm,64,4,128,35840,1024,29,4,0,ikj,0.002483,26.39387837,0,true,20260809
slm,64,4,128,35840,1024,29,4,1,kij,0.002083,31.46231397,0,true,20260809
slm,64,4,128,35840,1024,29,5,0,ikj,0.002504,26.17252396,0,true,20260809
slm,64,4,128,35840,1024,29,5,1,kij,0.002063,31.76732913,0,true,20260809
slm,64,4,128,35840,1024,29,6,0,ikj,0.002464,26.5974026,0,true,20260809
slm,64,4,128,35840,1024,29,6,1,kij,0.002063,31.76732913,0,true,20260809
slm,64,4,128,35840,1024,29,7,0,kij,0.002113,31.01561761,0,true,20260809
slm,64,4,128,35840,1024,29,7,1,ikj,0.002484,26.38325282,0,true,20260809
slm,64,4,128,35840,1024,29,8,0,ikj,0.002484,26.38325282,0,true,20260809
slm,64,4,128,35840,1024,29,8,1,kij,0.002083,31.46231397,0,true,20260809
slm,64,4,128,35840,1024,29,9,0,ikj,0.002474,26.48989491,0,true,20260809
slm,64,4,128,35840,1024,29,9,1,kij,0.002124,30.85499058,0,true,20260809
slm,64,4,128,35840,1024,29,10,0,kij,0.002113,31.01561761,0,true,20260809
slm,64,4,128,35840,1024,29,10,1,ikj,0.002494,26.27746592,0,true,20260809
slm,64,4,128,35840,1024,29,11,0,ikj,0.002504,26.17252396,0,true,20260809
slm,64,4,128,35840,1024,29,11,1,kij,0.002023,32.3954523,0,true,20260809
slm,64,4,128,35840,1024,29,12,0,ikj,0.002463,26.60820138,0,true,20260809
slm,64,4,128,35840,1024,29,12,1,kij,0.002043,32.0783162,0,true,20260809
slm,64,4,128,35840,1024,29,13,0,kij,0.002043,32.0783162,0,true,20260809
slm,64,4,128,35840,1024,29,13,1,ikj,0.002494,26.27746592,0,true,20260809
slm,64,4,128,35840,1024,29,14,0,ikj,0.002474,26.48989491,0,true,20260809
slm,64,4,128,35840,1024,29,14,1,kij,0.002103,31.16310033,0,true,20260809
slm,64,4,128,35840,1024,29,15,0,ikj,0.002483,26.39387837,0,true,20260809
slm,64,4,128,35840,1024,29,15,1,kij,0.002033,32.23610428,0,true,20260809
slm,64,4,128,35840,1024,29,16,0,ikj,0.002484,26.38325282,0,true,20260809
slm,64,4,128,35840,1024,29,16,1,kij,0.002053,31.92206527,0,true,20260809
slm,64,4,128,35840,1024,29,17,0,ikj,0.002504,26.17252396,0,true,20260809
slm,64,4,128,35840,1024,29,17,1,kij,0.002083,31.46231397,0,true,20260809
slm,64,4,128,35840,1024,29,18,0,ikj,0.002463,26.60820138,0,true,20260809
slm,64,4,128,35840,1024,29,18,1,kij,0.002093,31.31199236,0,true,20260809
slm,64,4,128,35840,1024,29,19,0,kij,0.002113,31.01561761,0,true,20260809
slm,64,4,128,35840,1024,29,19,1,ikj,0.002484,26.38325282,0,true,20260809
slm,64,4,128,35840,1024,47,0,0,kij,0.002083,31.46231397,0,true,20260809
slm,64,4,128,35840,1024,47,0,1,ikj,0.002483,26.39387837,0,true,20260809
slm,64,4,128,35840,1024,47,1,0,kij,0.002063,31.76732913,0,true,20260809
slm,64,4,128,35840,1024,47,1,1,ikj,0.002484,26.38325282,0,true,20260809
slm,64,4,128,35840,1024,47,2,0,ikj,0.002484,26.38325282,0,true,20260809
slm,64,4,128,35840,1024,47,2,1,kij,0.002113,31.01561761,0,true,20260809
slm,64,4,128,35840,1024,47,3,0,kij,0.002084,31.44721689,0,true,20260809
slm,64,4,128,35840,1024,47,3,1,ikj,0.002494,26.27746592,0,true,20260809
slm,64,4,128,35840,1024,47,4,0,ikj,0.002474,26.48989491,0,true,20260809
slm,64,4,128,35840,1024,47,4,1,kij,0.002083,31.46231397,0,true,20260809
slm,64,4,128,35840,1024,47,5,0,ikj,0.002464,26.5974026,0,true,20260809
slm,64,4,128,35840,1024,47,5,1,kij,0.002083,31.46231397,0,true,20260809
slm,64,4,128,35840,1024,47,6,0,kij,0.002063,31.76732913,0,true,20260809
slm,64,4,128,35840,1024,47,6,1,ikj,0.002494,26.27746592,0,true,20260809
slm,64,4,128,35840,1024,47,7,0,ikj,0.002474,26.48989491,0,true,20260809
slm,64,4,128,35840,1024,47,7,1,kij,0.002083,31.46231397,0,true,20260809
slm,64,4,128,35840,1024,47,8,0,kij,0.002103,31.16310033,0,true,20260809
slm,64,4,128,35840,1024,47,8,1,ikj,0.002483,26.39387837,0,true,20260809
slm,64,4,128,35840,1024,47,9,0,kij,0.002053,31.92206527,0,true,20260809
slm,64,4,128,35840,1024,47,9,1,ikj,0.002484,26.38325282,0,true,20260809
slm,64,4,128,35840,1024,47,10,0,kij,0.002073,31.61408587,0,true,20260809
slm,64,4,128,35840,1024,47,10,1,ikj,0.002494,26.27746592,0,true,20260809
slm,64,4,128,35840,1024,47,11,0,ikj,0.002484,26.38325282,0,true,20260809
slm,64,4,128,35840,1024,47,11,1,kij,0.002083,31.46231397,0,true,20260809
slm,64,4,128,35840,1024,47,12,0,kij,0.002063,31.76732913,0,true,20260809
slm,64,4,128,35840,1024,47,12,1,ikj,0.002484,26.38325282,0,true,20260809
slm,64,4,128,35840,1024,47,13,0,kij,0.002063,31.76732913,0,true,20260809
slm,64,4,128,35840,1024,47,13,1,ikj,0.002484,26.38325282,0,true,20260809
slm,64,4,128,35840,1024,47,14,0,kij,0.002104,31.14828897,0,true,20260809
slm,64,4,128,35840,1024,47,14,1,ikj,0.002494,26.27746592,0,true,20260809
slm,64,4,128,35840,1024,47,15,0,kij,0.002083,31.46231397,0,true,20260809
slm,64,4,128,35840,1024,47,15,1,ikj,0.002494,26.27746592,0,true,20260809
slm,64,4,128,35840,1024,47,16,0,kij,0.002113,31.01561761,0,true,20260809
slm,64,4,128,35840,1024,47,16,1,ikj,0.002473,26.50060655,0,true,20260809
slm,64,4,128,35840,1024,47,17,0,kij,0.002053,31.92206527,0,true,20260809
slm,64,4,128,35840,1024,47,17,1,ikj,0.002474,26.48989491,0,true,20260809
slm,64,4,128,35840,1024,47,18,0,kij,0.002083,31.46231397,0,true,20260809
slm,64,4,128,35840,1024,47,18,1,ikj,0.002484,26.38325282,0,true,20260809
slm,64,4,128,35840,1024,47,19,0,kij,0.002073,31.61408587,0,true,20260809
slm,64,4,128,35840,1024,47,19,1,ikj,0.002533,25.87287801,0,true,20260809
slm,64,4,512,140288,1024,11,0,0,kij,0.008062,32.51600099,0,true,20260809
slm,64,4,512,140288,1024,11,0,1,ikj,0.009935,26.3859084,0,true,20260809
slm,64,4,512,140288,1024,11,1,0,ikj,0.009905,26.46582534,0,true,20260809
slm,64,4,512,140288,1024,11,1,1,kij,0.008273,31.68669165,0,true,20260809
slm,64,4,512,140288,1024,11,2,0,kij,0.008403,31.19647745,0,true,20260809
slm,64,4,512,140288,1024,11,2,1,ikj,0.009955,26.33289804,0,true,20260809
slm,64,4,512,140288,1024,11,3,0,ikj,0.009915,26.43913263,0,true,20260809
slm,64,4,512,140288,1024,11,3,1,kij,0.008203,31.95708887,0,true,20260809
slm,64,4,512,140288,1024,11,4,0,kij,0.008202,31.96098513,0,true,20260809
slm,64,4,512,140288,1024,11,4,1,ikj,0.009945,26.35937657,0,true,20260809
slm,64,4,512,140288,1024,11,5,0,kij,0.008293,31.61027372,0,true,20260809
slm,64,4,512,140288,1024,11,5,1,ikj,0.009945,26.35937657,0,true,20260809
slm,64,4,512,140288,1024,11,6,0,kij,0.008112,32.31558185,0,true,20260809
slm,64,4,512,140288,1024,11,6,1,ikj,0.009925,26.4124937,0,true,20260809
slm,64,4,512,140288,1024,11,7,0,ikj,0.009905,26.46582534,0,true,20260809
slm,64,4,512,140288,1024,11,7,1,kij,0.008172,32.0783162,0,true,20260809
slm,64,4,512,140288,1024,11,8,0,ikj,0.009905,26.46582534,0,true,20260809
slm,64,4,512,140288,1024,11,8,1,kij,0.008212,31.92206527,0,true,20260809
slm,64,4,512,140288,1024,11,9,0,kij,0.008172,32.0783162,0,true,20260809
slm,64,4,512,140288,1024,11,9,1,ikj,0.009915,26.43913263,0,true,20260809
slm,64,4,512,140288,1024,11,10,0,kij,0.008083,32.43152295,0,true,20260809
slm,64,4,512,140288,1024,11,10,1,ikj,0.009915,26.43913263,0,true,20260809
slm,64,4,512,140288,1024,11,11,0,kij,0.008152,32.15701668,0,true,20260809
slm,64,4,512,140288,1024,11,11,1,ikj,0.009895,26.49257201,0,true,20260809
slm,64,4,512,140288,1024,11,12,0,ikj,0.009975,26.28010025,0,true,20260809
slm,64,4,512,140288,1024,11,12,1,kij,0.008213,31.9181785,0,true,20260809
slm,64,4,512,140288,1024,11,13,0,kij,0.008212,31.92206527,0,true,20260809
slm,64,4,512,140288,1024,11,13,1,ikj,0.009894,26.49524965,0,true,20260809
slm,64,4,512,140288,1024,11,14,0,ikj,0.009915,26.43913263,0,true,20260809
slm,64,4,512,140288,1024,11,14,1,kij,0.008172,32.0783162,0,true,20260809
slm,64,4,512,140288,1024,11,15,0,kij,0.008202,31.96098513,0,true,20260809
slm,64,4,512,140288,1024,11,15,1,ikj,0.009865,26.57313735,0,true,20260809
slm,64,4,512,140288,1024,11,16,0,ikj,0.009905,26.46582534,0,true,20260809
slm,64,4,512,140288,1024,11,16,1,kij,0.008292,31.61408587,0,true,20260809
slm,64,4,512,140288,1024,11,17,0,kij,0.008283,31.64843656,0,true,20260809
slm,64,4,512,140288,1024,11,17,1,ikj,0.009935,26.3859084,0,true,20260809
slm,64,4,512,140288,1024,11,18,0,kij,0.008153,32.15307249,0,true,20260809
slm,64,4,512,140288,1024,11,18,1,ikj,0.009915,26.43913263,0,true,20260809
slm,64,4,512,140288,1024,11,19,0,kij,0.008313,31.53422351,0,true,20260809
slm,64,4,512,140288,1024,11,19,1,ikj,0.009915,26.43913263,0,true,20260809
slm,64,4,512,140288,1024,29,0,0,ikj,0.009905,26.46582534,0,true,20260809
slm,64,4,512,140288,1024,29,0,1,kij,0.008252,31.76732913,0,true,20260809
slm,64,4,512,140288,1024,29,1,0,kij,0.008253,31.76347995,0,true,20260809
slm,64,4,512,140288,1024,29,1,1,ikj,0.009895,26.49257201,0,true,20260809
slm,64,4,512,140288,1024,29,2,0,ikj,0.009925,26.4124937,0,true,20260809
slm,64,4,512,140288,1024,29,2,1,kij,0.008242,31.80587236,0,true,20260809
slm,64,4,512,140288,1024,29,3,0,ikj,0.009895,26.49257201,0,true,20260809
slm,64,4,512,140288,1024,29,3,1,kij,0.008282,31.65225791,0,true,20260809
slm,64,4,512,140288,1024,29,4,0,ikj,0.009915,26.43913263,0,true,20260809
slm,64,4,512,140288,1024,29,4,1,kij,0.008222,31.88324009,0,true,20260809
slm,64,4,512,140288,1024,29,5,0,ikj,0.009885,26.51937279,0,true,20260809
slm,64,4,512,140288,1024,29,5,1,kij,0.008193,31.99609423,0,true,20260809
slm,64,4,512,140288,1024,29,6,0,kij,0.008203,31.95708887,0,true,20260809
slm,64,4,512,140288,1024,29,6,1,ikj,0.009905,26.46582534,0,true,20260809
slm,64,4,512,140288,1024,29,7,0,kij,0.008202,31.96098513,0,true,20260809
slm,64,4,512,140288,1024,29,7,1,ikj,0.009885,26.51937279,0,true,20260809
slm,64,4,512,140288,1024,29,8,0,ikj,0.009945,26.35937657,0,true,20260809
slm,64,4,512,140288,1024,29,8,1,kij,0.008203,31.95708887,0,true,20260809
slm,64,4,512,140288,1024,29,9,0,ikj,0.009925,26.4124937,0,true,20260809
slm,64,4,512,140288,1024,29,9,1,kij,0.008142,32.19651191,0,true,20260809
slm,64,4,512,140288,1024,29,10,0,kij,0.008142,32.19651191,0,true,20260809
slm,64,4,512,140288,1024,29,10,1,ikj,0.009915,26.43913263,0,true,20260809
slm,64,4,512,140288,1024,29,11,0,kij,0.008163,32.11368369,0,true,20260809
slm,64,4,512,140288,1024,29,11,1,ikj,0.009865,26.57313735,0,true,20260809
slm,64,4,512,140288,1024,29,12,0,ikj,0.009895,26.49257201,0,true,20260809
slm,64,4,512,140288,1024,29,12,1,kij,0.008223,31.87936276,0,true,20260809
slm,64,4,512,140288,1024,29,13,0,kij,0.008222,31.88324009,0,true,20260809
slm,64,4,512,140288,1024,29,13,1,ikj,0.009905,26.46582534,0,true,20260809
slm,64,4,512,140288,1024,29,14,0,ikj,0.009875,26.54622785,0,true,20260809
slm,64,4,512,140288,1024,29,14,1,kij,0.008162,32.11761823,0,true,20260809
slm,64,4,512,140288,1024,29,15,0,ikj,0.009905,26.46582534,0,true,20260809
slm,64,4,512,140288,1024,29,15,1,kij,0.008162,32.11761823,0,true,20260809
slm,64,4,512,140288,1024,29,16,0,ikj,0.009895,26.49257201,0,true,20260809
slm,64,4,512,140288,1024,29,16,1,kij,0.008282,31.65225791,0,true,20260809
slm,64,4,512,140288,1024,29,17,0,ikj,0.009905,26.46582534,0,true,20260809
slm,64,4,512,140288,1024,29,17,1,kij,0.008362,31.34943793,0,true,20260809
slm,64,4,512,140288,1024,29,18,0,kij,0.008292,31.61408587,0,true,20260809
slm,64,4,512,140288,1024,29,18,1,ikj,0.009915,26.43913263,0,true,20260809
slm,64,4,512,140288,1024,29,19,0,kij,0.008182,32.03911024,0,true,20260809
slm,64,4,512,140288,1024,29,19,1,ikj,0.009915,26.43913263,0,true,20260809
slm,64,4,512,140288,1024,47,0,0,ikj,0.009955,26.33289804,0,true,20260809
slm,64,4,512,140288,1024,47,0,1,kij,0.008232,31.84450923,0,true,20260809
slm,64,4,512,140288,1024,47,1,0,ikj,0.009895,26.49257201,0,true,20260809
slm,64,4,512,140288,1024,47,1,1,kij,0.008132,32.23610428,0,true,20260809
slm,64,4,512,140288,1024,47,2,0,kij,0.008213,31.9181785,0,true,20260809
slm,64,4,512,140288,1024,47,2,1,ikj,0.009895,26.49257201,0,true,20260809
slm,64,4,512,140288,1024,47,3,0,kij,0.008152,32.15701668,0,true,20260809
slm,64,4,512,140288,1024,47,3,1,ikj,0.009865,26.57313735,0,true,20260809
slm,64,4,512,140288,1024,47,4,0,ikj,0.009895,26.49257201,0,true,20260809
slm,64,4,512,140288,1024,47,4,1,kij,0.008042,32.59686645,0,true,20260809
slm,64,4,512,140288,1024,47,5,0,kij,0.008083,32.43152295,0,true,20260809
slm,64,4,512,140288,1024,47,5,1,ikj,0.009915,26.43913263,0,true,20260809
slm,64,4,512,140288,1024,47,6,0,kij,0.008263,31.72503933,0,true,20260809
slm,64,4,512,140288,1024,47,6,1,ikj,0.009905,26.46582534,0,true,20260809
slm,64,4,512,140288,1024,47,7,0,kij,0.008243,31.80201383,0,true,20260809
slm,64,4,512,140288,1024,47,7,1,ikj,0.009925,26.4124937,0,true,20260809
slm,64,4,512,140288,1024,47,8,0,kij,0.008393,31.23364709,0,true,20260809
slm,64,4,512,140288,1024,47,8,1,ikj,0.009895,26.49257201,0,true,20260809
slm,64,4,512,140288,1024,47,9,0,kij,0.008243,31.80201383,0,true,20260809
slm,64,4,512,140288,1024,47,9,1,ikj,0.009895,26.49257201,0,true,20260809
slm,64,4,512,140288,1024,47,10,0,kij,0.008243,31.80201383,0,true,20260809
slm,64,4,512,140288,1024,47,10,1,ikj,0.009935,26.3859084,0,true,20260809
slm,64,4,512,140288,1024,47,11,0,kij,0.008192,32,0,true,20260809
slm,64,4,512,140288,1024,47,11,1,ikj,0.009945,26.35937657,0,true,20260809
slm,64,4,512,140288,1024,47,12,0,kij,0.008262,31.72887921,0,true,20260809
slm,64,4,512,140288,1024,47,12,1,ikj,0.009865,26.57313735,0,true,20260809
slm,64,4,512,140288,1024,47,13,0,ikj,0.009885,26.51937279,0,true,20260809
slm,64,4,512,140288,1024,47,13,1,kij,0.008162,32.11761823,0,true,20260809
slm,64,4,512,140288,1024,47,14,0,kij,0.008192,32,0,true,20260809
slm,64,4,512,140288,1024,47,14,1,ikj,0.009895,26.49257201,0,true,20260809
slm,64,4,512,140288,1024,47,15,0,kij,0.008093,32.3914494,0,true,20260809
slm,64,4,512,140288,1024,47,15,1,ikj,0.009905,26.46582534,0,true,20260809
slm,64,4,512,140288,1024,47,16,0,kij,0.008062,32.51600099,0,true,20260809
slm,64,4,512,140288,1024,47,16,1,ikj,0.009895,26.49257201,0,true,20260809
slm,64,4,512,140288,1024,47,17,0,ikj,0.009925,26.4124937,0,true,20260809
slm,64,4,512,140288,1024,47,17,1,kij,0.008082,32.43553576,0,true,20260809
slm,64,4,512,140288,1024,47,18,0,kij,0.008172,32.0783162,0,true,20260809
slm,64,4,512,140288,1024,47,18,1,ikj,0.009895,26.49257201,0,true,20260809
slm,64,4,512,140288,1024,47,19,0,kij,0.008383,31.2709054,0,true,20260809
slm,64,4,512,140288,1024,47,19,1,ikj,0.009905,26.46582534,0,true,20260809
slm,64,4,2048,558080,1024,11,0,0,kij,0.028493,36.80117924,0,true,20260809
slm,64,4,2048,558080,1024,11,0,1,ikj,0.037828,27.7195728,0,true,20260809
slm,64,4,2048,558080,1024,11,1,0,ikj,0.037667,27.83805453,0,true,20260809
slm,64,4,2048,558080,1024,11,1,1,kij,0.027963,37.4986947,0,true,20260809
slm,64,4,2048,558080,1024,11,2,0,kij,0.028082,37.33979061,0,true,20260809
slm,64,4,2048,558080,1024,11,2,1,ikj,0.037697,27.81590047,0,true,20260809
slm,64,4,2048,558080,1024,11,3,0,ikj,0.037807,27.73496971,0,true,20260809
slm,64,4,2048,558080,1024,11,3,1,kij,0.028694,36.54338886,0,true,20260809
slm,64,4,2048,558080,1024,11,4,0,ikj,0.037747,27.77905529,0,true,20260809
slm,64,4,2048,558080,1024,11,4,1,kij,0.027983,37.47189365,0,true,20260809
slm,64,4,2048,558080,1024,11,5,0,kij,0.027992,37.45984567,0,true,20260809
slm,64,4,2048,558080,1024,11,5,1,ikj,0.037827,27.7203056,0,true,20260809
slm,64,4,2048,558080,1024,11,6,0,kij,0.028744,36.47982188,0,true,20260809
slm,64,4,2048,558080,1024,11,6,1,ikj,0.037857,27.69833848,0,true,20260809
slm,64,4,2048,558080,1024,11,7,0,kij,0.028153,37.24562214,0,true,20260809
slm,64,4,2048,558080,1024,11,7,1,ikj,0.037817,27.72763572,0,true,20260809
slm,64,4,2048,558080,1024,11,8,0,kij,0.028843,36.35460944,0,true,20260809
slm,64,4,2048,558080,1024,11,8,1,ikj,0.037738,27.78568022,0,true,20260809
slm,64,4,2048,558080,1024,11,9,0,ikj,0.037707,27.80852362,0,true,20260809
slm,64,4,2048,558080,1024,11,9,1,kij,0.028063,37.36507145,0,true,20260809
slm,64,4,2048,558080,1024,11,10,0,ikj,0.037657,27.84544706,0,true,20260809
slm,64,4,2048,558080,1024,11,10,1,kij,0.028353,36.98289423,0,true,20260809
slm,64,4,2048,558080,1024,11,11,0,ikj,0.037667,27.83805453,0,true,20260809
slm,64,4,2048,558080,1024,11,11,1,kij,0.028222,37.15456027,0,true,20260809
slm,64,4,2048,558080,1024,11,12,0,kij,0.028544,36.73542601,0,true,20260809
slm,64,4,2048,558080,1024,11,12,1,ikj,0.037667,27.83805453,0,true,20260809
slm,64,4,2048,558080,1024,11,13,0,kij,0.028684,36.55612885,0,true,20260809
slm,64,4,2048,558080,1024,11,13,1,ikj,0.037677,27.83066592,0,true,20260809
slm,64,4,2048,558080,1024,11,14,0,ikj,0.037677,27.83066592,0,true,20260809
slm,64,4,2048,558080,1024,11,14,1,kij,0.028213,37.16641265,0,true,20260809
slm,64,4,2048,558080,1024,11,15,0,ikj,0.037707,27.80852362,0,true,20260809
slm,64,4,2048,558080,1024,11,15,1,kij,0.028953,36.21648879,0,true,20260809
slm,64,4,2048,558080,1024,11,16,0,ikj,0.038768,27.04746182,0,true,20260809
slm,64,4,2048,558080,1024,11,16,1,kij,0.029885,35.08703363,0,true,20260809
slm,64,4,2048,558080,1024,11,17,0,ikj,0.037847,27.70565699,0,true,20260809
slm,64,4,2048,558080,1024,11,17,1,kij,0.028162,37.2337192,0,true,20260809
slm,64,4,2048,558080,1024,11,18,0,kij,0.028393,36.9307928,0,true,20260809
slm,64,4,2048,558080,1024,11,18,1,ikj,0.037767,27.76434453,0,true,20260809
slm,64,4,2048,558080,1024,11,19,0,kij,0.029525,35.51485182,0,true,20260809
slm,64,4,2048,558080,1024,11,19,1,ikj,0.043015,24.37698477,0,true,20260809
slm,64,4,2048,558080,1024,29,0,0,ikj,0.037687,27.82328124,0,true,20260809
slm,64,4,2048,558080,1024,29,0,1,kij,0.028113,37.2986163,0,true,20260809
slm,64,4,2048,558080,1024,29,1,0,kij,0.027902,37.58067522,0,true,20260809
slm,64,4,2048,558080,1024,29,1,1,ikj,0.037787,27.74964935,0,true,20260809
slm,64,4,2048,558080,1024,29,2,0,kij,0.028203,37.17959082,0,true,20260809
slm,64,4,2048,558080,1024,29,2,1,ikj,0.037747,27.77905529,0,true,20260809
slm,64,4,2048,558080,1024,29,3,0,kij,0.028353,36.98289423,0,true,20260809
slm,64,4,2048,558080,1024,29,3,1,ikj,0.037707,27.80852362,0,true,20260809
slm,64,4,2048,558080,1024,29,4,0,kij,0.029004,36.15280651,0,true,20260809
slm,64,4,2048,558080,1024,29,4,1,ikj,0.037797,27.74230759,0,true,20260809
slm,64,4,2048,558080,1024,29,5,0,kij,0.029095,36.03973191,0,true,20260809
slm,64,4,2048,558080,1024,29,5,1,ikj,0.037757,27.77169796,0,true,20260809
slm,64,4,2048,558080,1024,29,6,0,kij,0.028223,37.15324381,0,true,20260809
slm,64,4,2048,558080,1024,29,6,1,ikj,0.037697,27.81590047,0,true,20260809
slm,64,4,2048,558080,1024,29,7,0,kij,0.028473,36.82702912,0,true,20260809
slm,64,4,2048,558080,1024,29,7,1,ikj,0.037687,27.82328124,0,true,20260809
slm,64,4,2048,558080,1024,29,8,0,kij,0.028413,36.9047971,0,true,20260809
slm,64,4,2048,558080,1024,29,8,1,ikj,0.037647,27.85284352,0,true,20260809
slm,64,4,2048,558080,1024,29,9,0,kij,0.028153,37.24562214,0,true,20260809
slm,64,4,2048,558080,1024,29,9,1,ikj,0.037677,27.83066592,0,true,20260809
slm,64,4,2048,558080,1024,29,10,0,ikj,0.037817,27.72763572,0,true,20260809
slm,64,4,2048,558080,1024,29,10,1,kij,0.029104,36.02858714,0,true,20260809
slm,64,4,2048,558080,1024,29,11,0,ikj,0.037697,27.81590047,0,true,20260809
slm,64,4,2048,558080,1024,29,11,1,kij,0.028913,36.26659288,0,true,20260809
slm,64,4,2048,558080,1024,29,12,0,kij,0.029264,35.83160197,0,true,20260809
slm,64,4,2048,558080,1024,29,12,1,ikj,0.037617,27.87505649,0,true,20260809
slm,64,4,2048,558080,1024,29,13,0,ikj,0.037677,27.83066592,0,true,20260809
slm,64,4,2048,558080,1024,29,13,1,kij,0.028804,36.4038328,0,true,20260809
slm,64,4,2048,558080,1024,29,14,0,ikj,0.037717,27.80115067,0,true,20260809
slm,64,4,2048,558080,1024,29,14,1,kij,0.029515,35.52688463,0,true,20260809
slm,64,4,2048,558080,1024,29,15,0,kij,0.029284,35.80713017,0,true,20260809
slm,64,4,2048,558080,1024,29,15,1,ikj,0.037808,27.73423614,0,true,20260809
slm,64,4,2048,558080,1024,29,16,0,ikj,0.037717,27.80115067,0,true,20260809
slm,64,4,2048,558080,1024,29,16,1,kij,0.028994,36.16527557,0,true,20260809
slm,64,4,2048,558080,1024,29,17,0,kij,0.028974,36.19023953,0,true,20260809
slm,64,4,2048,558080,1024,29,17,1,ikj,0.037677,27.83066592,0,true,20260809
slm,64,4,2048,558080,1024,29,18,0,kij,0.029955,35.00504089,0,true,20260809
slm,64,4,2048,558080,1024,29,18,1,ikj,0.037928,27.64648808,0,true,20260809
slm,64,4,2048,558080,1024,29,19,0,kij,0.028894,36.29044092,0,true,20260809
slm,64,4,2048,558080,1024,29,19,1,ikj,0.037707,27.80852362,0,true,20260809
slm,64,4,2048,558080,1024,47,0,0,ikj,0.037967,27.61808939,0,true,20260809
slm,64,4,2048,558080,1024,47,0,1,kij,0.028383,36.94380439,0,true,20260809
slm,64,4,2048,558080,1024,47,1,0,kij,0.028634,36.61996228,0,true,20260809
slm,64,4,2048,558080,1024,47,1,1,ikj,0.037697,27.81590047,0,true,20260809
slm,64,4,2048,558080,1024,47,2,0,kij,0.028573,36.6981416,0,true,20260809
slm,64,4,2048,558080,1024,47,2,1,ikj,0.037807,27.73496971,0,true,20260809
slm,64,4,2048,558080,1024,47,3,0,ikj,0.037727,27.79378164,0,true,20260809
slm,64,4,2048,558080,1024,47,3,1,kij,0.028943,36.22900183,0,true,20260809
slm,64,4,2048,558080,1024,47,4,0,ikj,0.037717,27.80115067,0,true,20260809
slm,64,4,2048,558080,1024,47,4,1,kij,0.028142,37.26018051,0,true,20260809
slm,64,4,2048,558080,1024,47,5,0,ikj,0.037797,27.74230759,0,true,20260809
slm,64,4,2048,558080,1024,47,5,1,kij,0.029224,35.88064604,0,true,20260809
slm,64,4,2048,558080,1024,47,6,0,ikj,0.037817,27.72763572,0,true,20260809
slm,64,4,2048,558080,1024,47,6,1,kij,0.027852,37.64814017,0,true,20260809
slm,64,4,2048,558080,1024,47,7,0,kij,0.027943,37.52553412,0,true,20260809
slm,64,4,2048,558080,1024,47,7,1,ikj,0.037757,27.77169796,0,true,20260809
slm,64,4,2048,558080,1024,47,8,0,kij,0.029094,36.04097065,0,true,20260809
slm,64,4,2048,558080,1024,47,8,1,ikj,0.037927,27.64721702,0,true,20260809
slm,64,4,2048,558080,1024,47,9,0,ikj,0.037617,27.87505649,0,true,20260809
slm,64,4,2048,558080,1024,47,9,1,kij,0.028033,37.40505832,0,true,20260809
slm,64,4,2048,558080,1024,47,10,0,kij,0.027912,37.56721124,0,true,20260809
slm,64,4,2048,558080,1024,47,10,1,ikj,0.037727,27.79378164,0,true,20260809
slm,64,4,2048,558080,1024,47,11,0,ikj,0.037697,27.81590047,0,true,20260809
slm,64,4,2048,558080,1024,47,11,1,kij,0.028223,37.15324381,0,true,20260809
slm,64,4,2048,558080,1024,47,12,0,kij,0.028073,37.35176148,0,true,20260809
slm,64,4,2048,558080,1024,47,12,1,ikj,0.037757,27.77169796,0,true,20260809
slm,64,4,2048,558080,1024,47,13,0,ikj,0.037697,27.81590047,0,true,20260809
slm,64,4,2048,558080,1024,47,13,1,kij,0.028763,36.45572437,0,true,20260809
slm,64,4,2048,558080,1024,47,14,0,kij,0.028894,36.29044092,0,true,20260809
slm,64,4,2048,558080,1024,47,14,1,ikj,0.037687,27.82328124,0,true,20260809
slm,64,4,2048,558080,1024,47,15,0,kij,0.028383,36.94380439,0,true,20260809
slm,64,4,2048,558080,1024,47,15,1,ikj,0.037647,27.85284352,0,true,20260809
slm,64,4,2048,558080,1024,47,16,0,ikj,0.037747,27.77905529,0,true,20260809
slm,64,4,2048,558080,1024,47,16,1,kij,0.028814,36.39119872,0,true,20260809
slm,64,4,2048,558080,1024,47,17,0,kij,0.028824,36.37857341,0,true,20260809
slm,64,4,2048,558080,1024,47,17,1,ikj,0.037847,27.70565699,0,true,20260809
slm,64,4,2048,558080,1024,47,18,0,kij,0.028052,37.37972337,0,true,20260809
slm,64,4,2048,558080,1024,47,18,1,ikj,0.037737,27.78641651,0,true,20260809
slm,64,4,2048,558080,1024,47,19,0,ikj,0.037837,27.71297936,0,true,20260809
slm,64,4,2048,558080,1024,47,19,1,kij,0.028844,36.35334905,0,true,20260809
slm,64,4,8192,2229248,1024,11,0,0,kij,0.116656,35.95446441,0,true,20260809
slm,64,4,8192,2229248,1024,11,0,1,ikj,0.152071,27.58122193,0,true,20260809
slm,64,4,8192,2229248,1024,11,1,0,ikj,0.151739,27.64156875,0,true,20260809
slm,64,4,8192,2229248,1024,11,1,1,kij,0.114333,36.68498159,0,true,20260809
slm,64,4,8192,2229248,1024,11,2,0,ikj,0.15184,27.6231823,0,true,20260809
slm,64,4,8192,2229248,1024,11,2,1,kij,0.116667,35.95107443,0,true,20260809
slm,64,4,8192,2229248,1024,11,3,0,ikj,0.15162,27.66326342,0,true,20260809
slm,64,4,8192,2229248,1024,11,3,1,kij,0.112881,37.15686431,0,true,20260809
slm,64,4,8192,2229248,1024,11,4,0,ikj,0.151509,27.68353035,0,true,20260809
slm,64,4,8192,2229248,1024,11,4,1,kij,0.11238,37.3225129,0,true,20260809
slm,64,4,8192,2229248,1024,11,5,0,kij,0.11252,37.27607536,0,true,20260809
slm,64,4,8192,2229248,1024,11,5,1,ikj,0.15167,27.65414386,0,true,20260809
slm,64,4,8192,2229248,1024,11,6,0,ikj,0.15142,27.69980188,0,true,20260809
slm,64,4,8192,2229248,1024,11,6,1,kij,0.111859,37.49634808,0,true,20260809
slm,64,4,8192,2229248,1024,11,7,0,ikj,0.151579,27.67074595,0,true,20260809
slm,64,4,8192,2229248,1024,11,7,1,kij,0.113091,37.08786729,0,true,20260809
slm,64,4,8192,2229248,1024,11,8,0,ikj,0.156707,26.76526256,0,true,20260809
slm,64,4,8192,2229248,1024,11,8,1,kij,0.115084,36.44558757,0,true,20260809
slm,64,4,8192,2229248,1024,11,9,0,kij,0.115505,36.31274837,0,true,20260809
slm,64,4,8192,2229248,1024,11,9,1,ikj,0.15177,27.63592278,0,true,20260809
slm,64,4,8192,2229248,1024,11,10,0,ikj,0.15176,27.63774381,0,true,20260809
slm,64,4,8192,2229248,1024,11,10,1,kij,0.112851,37.16674199,0,true,20260809
slm,64,4,8192,2229248,1024,11,11,0,kij,0.113341,37.00606135,0,true,20260809
slm,64,4,8192,2229248,1024,11,11,1,ikj,0.151309,27.7201224,0,true,20260809
slm,64,4,8192,2229248,1024,11,12,0,ikj,0.151329,27.71645884,0,true,20260809
slm,64,4,8192,2229248,1024,11,12,1,kij,0.11195,37.46586869,0,true,20260809
slm,64,4,8192,2229248,1024,11,13,0,ikj,0.15173,27.64320833,0,true,20260809
slm,64,4,8192,2229248,1024,11,13,1,kij,0.116957,35.86193216,0,true,20260809
slm,64,4,8192,2229248,1024,11,14,0,ikj,0.152441,27.51427765,0,true,20260809
slm,64,4,8192,2229248,1024,11,14,1,kij,0.11232,37.34245014,0,true,20260809
slm,64,4,8192,2229248,1024,11,15,0,kij,0.111949,37.46620336,0,true,20260809
slm,64,4,8192,2229248,1024,11,15,1,ikj,0.15164,27.65961488,0,true,20260809
slm,64,4,8192,2229248,1024,11,16,0,kij,0.112521,37.27574408,0,true,20260809
slm,64,4,8192,2229248,1024,11,16,1,ikj,0.15178,27.63410199,0,true,20260809
slm,64,4,8192,2229248,1024,11,17,0,kij,0.113512,36.95031362,0,true,20260809
slm,64,4,8192,2229248,1024,11,17,1,ikj,0.15204,27.58684557,0,true,20260809
slm,64,4,8192,2229248,1024,11,18,0,kij,0.112571,37.25918753,0,true,20260809
slm,64,4,8192,2229248,1024,11,18,1,ikj,0.15184,27.6231823,0,true,20260809
slm,64,4,8192,2229248,1024,11,19,0,kij,0.112711,37.21290735,0,true,20260809
slm,64,4,8192,2229248,1024,11,19,1,ikj,0.1518,27.63046113,0,true,20260809
slm,64,4,8192,2229248,1024,29,0,0,kij,0.112179,37.38938661,0,true,20260809
slm,64,4,8192,2229248,1024,29,0,1,ikj,0.151719,27.64521253,0,true,20260809
slm,64,4,8192,2229248,1024,29,1,0,ikj,0.151719,27.64521253,0,true,20260809
slm,64,4,8192,2229248,1024,29,1,1,kij,0.114023,36.78471887,0,true,20260809
slm,64,4,8192,2229248,1024,29,2,0,ikj,0.15179,27.63228144,0,true,20260809
slm,64,4,8192,2229248,1024,29,2,1,kij,0.112551,37.26580839,0,true,20260809
slm,64,4,8192,2229248,1024,29,3,0,kij,0.113191,37.05510155,0,true,20260809
slm,64,4,8192,2229248,1024,29,3,1,ikj,0.15217,27.56327791,0,true,20260809
slm,64,4,8192,2229248,1024,29,4,0,kij,0.11216,37.3957204,0,true,20260809
slm,64,4,8192,2229248,1024,29,4,1,ikj,0.15184,27.6231823,0,true,20260809
slm,64,4,8192,2229248,1024,29,5,0,kij,0.113352,37.00247018,0,true,20260809
slm,64,4,8192,2229248,1024,29,5,1,ikj,0.15172,27.64503032,0,true,20260809
slm,64,4,8192,2229248,1024,29,6,0,kij,0.111349,37.66808862,0,true,20260809
slm,64,4,8192,2229248,1024,29,6,1,ikj,0.151719,27.64521253,0,true,20260809
slm,64,4,8192,2229248,1024,29,7,0,kij,0.115044,36.45825945,0,true,20260809
slm,64,4,8192,2229248,1024,29,7,1,ikj,0.15178,27.63410199,0,true,20260809
slm,64,4,8192,2229248,1024,29,8,0,ikj,0.15188,27.6159073,0,true,20260809
slm,64,4,8192,2229248,1024,29,8,1,kij,0.112941,37.13712469,0,true,20260809
slm,64,4,8192,2229248,1024,29,9,0,kij,0.113261,37.03219996,0,true,20260809
slm,64,4,8192,2229248,1024,29,9,1,ikj,0.151729,27.64339052,0,true,20260809
slm,64,4,8192,2229248,1024,29,10,0,ikj,0.157569,26.61884,0,true,20260809
slm,64,4,8192,2229248,1024,29,10,1,kij,0.113352,37.00247018,0,true,20260809
slm,64,4,8192,2229248,1024,29,11,0,ikj,0.15176,27.63774381,0,true,20260809
slm,64,4,8192,2229248,1024,29,11,1,kij,0.113111,37.08130951,0,true,20260809
slm,64,4,8192,2229248,1024,29,12,0,kij,0.113682,36.89505814,0,true,20260809
slm,64,4,8192,2229248,1024,29,12,1,ikj,0.151519,27.68170328,0,true,20260809
slm,64,4,8192,2229248,1024,29,13,0,kij,0.116115,36.12198252,0,true,20260809
slm,64,4,8192,2229248,1024,29,13,1,ikj,0.15189,27.61408914,0,true,20260809
slm,64,4,8192,2229248,1024,29,14,0,ikj,0.151629,27.66162146,0,true,20260809
slm,64,4,8192,2229248,1024,29,14,1,kij,0.11245,37.29927968,0,true,20260809
slm,64,4,8192,2229248,1024,29,15,0,ikj,0.151469,27.69084103,0,true,20260809
slm,64,4,8192,2229248,1024,29,15,1,kij,0.11234,37.33580203,0,true,20260809
slm,64,4,8192,2229248,1024,29,16,0,kij,0.11241,37.31255226,0,true,20260809
slm,64,4,8192,2229248,1024,29,16,1,ikj,0.1515,27.68517492,0,true,20260809
slm,64,4,8192,2229248,1024,29,17,0,ikj,0.151509,27.68353035,0,true,20260809
slm,64,4,8192,2229248,1024,29,17,1,kij,0.114283,36.70103165,0,true,20260809
slm,64,4,8192,2229248,1024,29,18,0,ikj,0.15217,27.56327791,0,true,20260809
slm,64,4,8192,2229248,1024,29,18,1,kij,0.116015,36.15311813,0,true,20260809
slm,64,4,8192,2229248,1024,29,19,0,ikj,0.15169,27.65049773,0,true,20260809
slm,64,4,8192,2229248,1024,29,19,1,kij,0.113542,36.94055063,0,true,20260809
slm,64,4,8192,2229248,1024,47,0,0,kij,0.116356,36.0471656,0,true,20260809
slm,64,4,8192,2229248,1024,47,0,1,ikj,0.1517,27.64867502,0,true,20260809
slm,64,4,8192,2229248,1024,47,1,0,ikj,0.15157,27.672389,0,true,20260809
slm,64,4,8192,2229248,1024,47,1,1,kij,0.117408,35.72417552,0,true,20260809
slm,64,4,8192,2229248,1024,47,2,0,ikj,0.151459,27.6926693,0,true,20260809
slm,64,4,8192,2229248,1024,47,2,1,kij,0.11211,37.41239854,0,true,20260809
slm,64,4,8192,2229248,1024,47,3,0,kij,0.112,37.44914286,0,true,20260809
slm,64,4,8192,2229248,1024,47,3,1,ikj,0.151439,27.69632657,0,true,20260809
slm,64,4,8192,2229248,1024,47,4,0,kij,0.11292,37.14403117,0,true,20260809
slm,64,4,8192,2229248,1024,47,4,1,ikj,0.151339,27.71462743,0,true,20260809
slm,64,4,8192,2229248,1024,47,5,0,kij,0.114884,36.5090352,0,true,20260809
slm,64,4,8192,2229248,1024,47,5,1,ikj,0.15173,27.64320833,0,true,20260809
slm,64,4,8192,2229248,1024,47,6,0,kij,0.113442,36.97311401,0,true,20260809
slm,64,4,8192,2229248,1024,47,6,1,ikj,0.151499,27.68535766,0,true,20260809
slm,64,4,8192,2229248,1024,47,7,0,kij,0.11241,37.31255226,0,true,20260809
slm,64,4,8192,2229248,1024,47,7,1,ikj,0.151539,27.67804987,0,true,20260809
slm,64,4,8192,2229248,1024,47,8,0,ikj,0.15226,27.54698542,0,true,20260809
slm,64,4,8192,2229248,1024,47,8,1,kij,0.1128,37.1835461,0,true,20260809
slm,64,4,8192,2229248,1024,47,9,0,ikj,0.151669,27.6543262,0,true,20260809
slm,64,4,8192,2229248,1024,47,9,1,kij,0.114283,36.70103165,0,true,20260809
slm,64,4,8192,2229248,1024,47,10,0,kij,0.114413,36.65933067,0,true,20260809
slm,64,4,8192,2229248,1024,47,10,1,ikj,0.1518,27.63046113,0,true,20260809
slm,64,4,8192,2229248,1024,47,11,0,ikj,0.1518,27.63046113,0,true,20260809
slm,64,4,8192,2229248,1024,47,11,1,kij,0.115435,36.33476848,0,true,20260809
slm,64,4,8192,2229248,1024,47,12,0,kij,0.115745,36.23745302,0,true,20260809
slm,64,4,8192,2229248,1024,47,12,1,ikj,0.156827,26.74478247,0,true,20260809
slm,64,4,8192,2229248,1024,47,13,0,kij,0.115385,36.3505135,0,true,20260809
slm,64,4,8192,2229248,1024,47,13,1,ikj,0.15198,27.59773654,0,true,20260809
slm,64,4,8192,2229248,1024,47,14,0,kij,0.113812,36.85291533,0,true,20260809
slm,64,4,8192,2229248,1024,47,14,1,ikj,0.15175,27.63956507,0,true,20260809
slm,64,4,8192,2229248,1024,47,15,0,kij,0.11201,37.44579948,0,true,20260809
slm,64,4,8192,2229248,1024,47,15,1,ikj,0.15189,27.61408914,0,true,20260809
slm,64,4,8192,2229248,1024,47,16,0,kij,0.113512,36.95031362,0,true,20260809
slm,64,4,8192,2229248,1024,47,16,1,ikj,0.15169,27.65049773,0,true,20260809
slm,64,4,8192,2229248,1024,47,17,0,kij,0.113512,36.95031362,0,true,20260809
slm,64,4,8192,2229248,1024,47,17,1,ikj,0.15174,27.64138658,0,true,20260809
slm,64,4,8192,2229248,1024,47,18,0,ikj,0.15201,27.59228998,0,true,20260809
slm,64,4,8192,2229248,1024,47,18,1,kij,0.114353,36.67856549,0,true,20260809
slm,64,4,8192,2229248,1024,47,19,0,ikj,0.151769,27.63610487,0,true,20260809
slm,64,4,8192,2229248,1024,47,19,1,kij,0.113481,36.96040747,0,true,20260809
slm,64,4,16384,4457472,1024,11,0,0,ikj,0.305602,27.44945386,0,true,20260809
slm,64,4,16384,4457472,1024,11,0,1,kij,0.227344,36.89830389,0,true,20260809
slm,64,4,16384,4457472,1024,11,1,0,ikj,0.306023,27.41169128,0,true,20260809
slm,64,4,16384,4457472,1024,11,1,1,kij,0.232491,36.08143111,0,true,20260809
slm,64,4,16384,4457472,1024,11,2,0,ikj,0.305672,27.44316784,0,true,20260809
slm,64,4,16384,4457472,1024,11,2,1,kij,0.232301,36.11094227,0,true,20260809
slm,64,4,16384,4457472,1024,11,3,0,kij,0.233524,35.92182388,0,true,20260809
slm,64,4,16384,4457472,1024,11,3,1,ikj,0.311461,26.93309275,0,true,20260809
slm,64,4,16384,4457472,1024,11,4,0,kij,0.228866,36.65292354,0,true,20260809
slm,64,4,16384,4457472,1024,11,4,1,ikj,0.306284,27.3883324,0,true,20260809
slm,64,4,16384,4457472,1024,11,5,0,kij,0.229498,36.55198738,0,true,20260809
slm,64,4,16384,4457472,1024,11,5,1,ikj,0.305963,27.41706677,0,true,20260809
slm,64,4,16384,4457472,1024,11,6,0,kij,0.227545,36.86571008,0,true,20260809
slm,64,4,16384,4457472,1024,11,6,1,ikj,0.306664,27.35439439,0,true,20260809
slm,64,4,16384,4457472,1024,11,7,0,ikj,0.305943,27.41885907,0,true,20260809
slm,64,4,16384,4457472,1024,11,7,1,kij,0.2316,36.2202418,0,true,20260809
slm,64,4,16384,4457472,1024,11,8,0,kij,0.229687,36.52191025,0,true,20260809
slm,64,4,16384,4457472,1024,11,8,1,ikj,0.305943,27.41885907,0,true,20260809
slm,64,4,16384,4457472,1024,11,9,0,kij,0.233313,35.9543103,0,true,20260809
slm,64,4,16384,4457472,1024,11,9,1,ikj,0.306084,27.40622836,0,true,20260809
slm,64,4,16384,4457472,1024,11,10,0,kij,0.229968,36.4772838,0,true,20260809
slm,64,4,16384,4457472,1024,11,10,1,ikj,0.306434,27.37492576,0,true,20260809
slm,64,4,16384,4457472,1024,11,11,0,kij,0.233624,35.90644797,0,true,20260809
slm,64,4,16384,4457472,1024,11,11,1,ikj,0.306364,27.38118056,0,true,20260809
slm,64,4,16384,4457472,1024,11,12,0,kij,0.236789,35.42651052,0,true,20260809
slm,64,4,16384,4457472,1024,11,12,1,ikj,0.305853,27.42692731,0,true,20260809
slm,64,4,16384,4457472,1024,11,13,0,ikj,0.305633,27.4466697,0,true,20260809
slm,64,4,16384,4457472,1024,11,13,1,kij,0.230379,36.41220771,0,true,20260809
slm,64,4,16384,4457472,1024,11,14,0,kij,0.229587,36.53781791,0,true,20260809
slm,64,4,16384,4457472,1024,11,14,1,ikj,0.306163,27.39915666,0,true,20260809
slm,64,4,16384,4457472,1024,11,15,0,kij,0.226603,37.01896268,0,true,20260809
slm,64,4,16384,4457472,1024,11,15,1,ikj,0.306053,27.40900432,0,true,20260809
slm,64,4,16384,4457472,1024,11,16,0,kij,0.228055,36.78326719,0,true,20260809
slm,64,4,16384,4457472,1024,11,16,1,ikj,0.306113,27.40363199,0,true,20260809
slm,64,4,16384,4457472,1024,11,17,0,ikj,0.306073,27.40721331,0,true,20260809
slm,64,4,16384,4457472,1024,11,17,1,kij,0.227664,36.84644037,0,true,20260809
slm,64,4,16384,4457472,1024,11,18,0,ikj,0.313184,26.78491877,0,true,20260809
slm,64,4,16384,4457472,1024,11,18,1,kij,0.226012,37.11576376,0,true,20260809
slm,64,4,16384,4457472,1024,11,19,0,ikj,0.306434,27.37492576,0,true,20260809
slm,64,4,16384,4457472,1024,11,19,1,kij,0.233484,35.92797793,0,true,20260809
slm,64,4,16384,4457472,1024,29,0,0,kij,0.232451,36.08763998,0,true,20260809
slm,64,4,16384,4457472,1024,29,0,1,ikj,0.306083,27.40631789,0,true,20260809
slm,64,4,16384,4457472,1024,29,1,0,ikj,0.306253,27.39110474,0,true,20260809
slm,64,4,16384,4457472,1024,29,1,1,kij,0.232862,36.02394551,0,true,20260809
slm,64,4,16384,4457472,1024,29,2,0,kij,0.231711,36.20289067,0,true,20260809
slm,64,4,16384,4457472,1024,29,2,1,ikj,0.306334,27.38386206,0,true,20260809
slm,64,4,16384,4457472,1024,29,3,0,ikj,0.306464,27.37224601,0,true,20260809
slm,64,4,16384,4457472,1024,29,3,1,kij,0.228216,36.75731763,0,true,20260809
slm,64,4,16384,4457472,1024,29,4,0,kij,0.231891,36.17478902,0,true,20260809
slm,64,4,16384,4457472,1024,29,4,1,ikj,0.306063,27.40810879,0,true,20260809
slm,64,4,16384,4457472,1024,29,5,0,kij,0.226232,37.07967043,0,true,20260809
slm,64,4,16384,4457472,1024,29,5,1,ikj,0.312083,26.87941349,0,true,20260809
slm,64,4,16384,4457472,1024,29,6,0,kij,0.227935,36.80263233,0,true,20260809
slm,64,4,16384,4457472,1024,29,6,1,ikj,0.306404,27.37760604,0,true,20260809
slm,64,4,16384,4457472,1024,29,7,0,kij,0.228025,36.78810657,0,true,20260809
slm,64,4,16384,4457472,1024,29,7,1,ikj,0.306574,27.36242473,0,true,20260809
slm,64,4,16384,4457472,1024,29,8,0,ikj,0.306544,27.36510256,0,true,20260809
slm,64,4,16384,4457472,1024,29,8,1,kij,0.228356,36.73478253,0,true,20260809
slm,64,4,16384,4457472,1024,29,9,0,ikj,0.306013,27.41258705,0,true,20260809
slm,64,4,16384,4457472,1024,29,9,1,kij,0.228866,36.65292354,0,true,20260809
slm,64,4,16384,4457472,1024,29,10,0,ikj,0.305973,27.41617071,0,true,20260809
slm,64,4,16384,4457472,1024,29,10,1,kij,0.230428,36.40446474,0,true,20260809
slm,64,4,16384,4457472,1024,29,11,0,ikj,0.305813,27.43051473,0,true,20260809
slm,64,4,16384,4457472,1024,29,11,1,kij,0.229367,36.57286358,0,true,20260809
slm,64,4,16384,4457472,1024,29,12,0,ikj,0.306364,27.38118056,0,true,20260809
slm,64,4,16384,4457472,1024,29,12,1,kij,0.227955,36.79940339,0,true,20260809
slm,64,4,16384,4457472,1024,29,13,0,ikj,0.319753,26.23464987,0,true,20260809
slm,64,4,16384,4457472,1024,29,13,1,kij,0.225501,37.19987051,0,true,20260809
slm,64,4,16384,4457472,1024,29,14,0,kij,0.225071,37.27094117,0,true,20260809
slm,64,4,16384,4457472,1024,29,14,1,ikj,0.306053,27.40900432,0,true,20260809
slm,64,4,16384,4457472,1024,29,15,0,ikj,0.306153,27.40005161,0,true,20260809
slm,64,4,16384,4457472,1024,29,15,1,kij,0.229327,36.57924274,0,true,20260809
slm,64,4,16384,4457472,1024,29,16,0,kij,0.229958,36.47887005,0,true,20260809
slm,64,4,16384,4457472,1024,29,16,1,ikj,0.305723,27.43858983,0,true,20260809
slm,64,4,16384,4457472,1024,29,17,0,ikj,0.305933,27.41975531,0,true,20260809
slm,64,4,16384,4457472,1024,29,17,1,kij,0.227434,36.88370252,0,true,20260809
slm,64,4,16384,4457472,1024,29,18,0,ikj,0.306013,27.41258705,0,true,20260809
slm,64,4,16384,4457472,1024,29,18,1,kij,0.227054,36.94543148,0,true,20260809
slm,64,4,16384,4457472,1024,29,19,0,ikj,0.306283,27.38842182,0,true,20260809
slm,64,4,16384,4457472,1024,29,19,1,kij,0.231921,36.17010965,0,true,20260809
slm,64,4,16384,4457472,1024,47,0,0,ikj,0.306143,27.40094662,0,true,20260809
slm,64,4,16384,4457472,1024,47,0,1,kij,0.2382,35.21665827,0,true,20260809
slm,64,4,16384,4457472,1024,47,1,0,kij,0.228757,36.67038823,0,true,20260809
slm,64,4,16384,4457472,1024,47,1,1,ikj,0.305873,27.42513396,0,true,20260809
slm,64,4,16384,4457472,1024,47,2,0,kij,0.229868,36.49315259,0,true,20260809
slm,64,4,16384,4457472,1024,47,2,1,ikj,0.306043,27.40989992,0,true,20260809
slm,64,4,16384,4457472,1024,47,3,0,kij,0.228786,36.66574004,0,true,20260809
slm,64,4,16384,4457472,1024,47,3,1,ikj,0.306464,27.37224601,0,true,20260809
slm,64,4,16384,4457472,1024,47,4,0,kij,0.242888,34.53693884,0,true,20260809
slm,64,4,16384,4457472,1024,47,4,1,ikj,0.306194,27.39638269,0,true,20260809
slm,64,4,16384,4457472,1024,47,5,0,kij,0.226663,37.00916338,0,true,20260809
slm,64,4,16384,4457472,1024,47,5,1,ikj,0.306224,27.39369873,0,true,20260809
slm,64,4,16384,4457472,1024,47,6,0,kij,0.230599,36.37746911,0,true,20260809
slm,64,4,16384,4457472,1024,47,6,1,ikj,0.306294,27.38743821,0,true,20260809
slm,64,4,16384,4457472,1024,47,7,0,kij,0.233063,35.99287746,0,true,20260809
slm,64,4,16384,4457472,1024,47,7,1,ikj,0.305793,27.43230878,0,true,20260809
slm,64,4,16384,4457472,1024,47,8,0,ikj,0.310861,26.98507693,0,true,20260809
slm,64,4,16384,4457472,1024,47,8,1,kij,0.240134,34.93302906,0,true,20260809
slm,64,4,16384,4457472,1024,47,9,0,ikj,0.305863,27.42603061,0,true,20260809
slm,64,4,16384,4457472,1024,47,9,1,kij,0.234345,35.79597602,0,true,20260809
slm,64,4,16384,4457472,1024,47,10,0,kij,0.232472,36.08438005,0,true,20260809
slm,64,4,16384,4457472,1024,47,10,1,ikj,0.306574,27.36242473,0,true,20260809
slm,64,4,16384,4457472,1024,47,11,0,ikj,0.306474,27.37135287,0,true,20260809
slm,64,4,16384,4457472,1024,47,11,1,kij,0.2317,36.20460941,0,true,20260809
slm,64,4,16384,4457472,1024,47,12,0,ikj,0.306213,27.39468279,0,true,20260809
slm,64,4,16384,4457472,1024,47,12,1,kij,0.23088,36.33319473,0,true,20260809
slm,64,4,16384,4457472,1024,47,13,0,kij,0.230539,36.3869367,0,true,20260809
slm,64,4,16384,4457472,1024,47,13,1,ikj,0.306424,27.37581913,0,true,20260809
slm,64,4,16384,4457472,1024,47,14,0,ikj,0.306424,27.37581913,0,true,20260809
slm,64,4,16384,4457472,1024,47,14,1,kij,0.225952,37.1256196,0,true,20260809
slm,64,4,16384,4457472,1024,47,15,0,ikj,0.312272,26.86314495,0,true,20260809
slm,64,4,16384,4457472,1024,47,15,1,kij,0.228546,36.70424335,0,true,20260809
slm,64,4,16384,4457472,1024,47,16,0,kij,0.230519,36.39009366,0,true,20260809
slm,64,4,16384,4457472,1024,47,16,1,ikj,0.306754,27.34636875,0,true,20260809
slm,64,4,16384,4457472,1024,47,17,0,kij,0.227945,36.80101779,0,true,20260809
slm,64,4,16384,4457472,1024,47,17,1,ikj,0.306143,27.40094662,0,true,20260809
slm,64,4,16384,4457472,1024,47,18,0,ikj,0.306164,27.39906717,0,true,20260809
slm,64,4,16384,4457472,1024,47,18,1,kij,0.227554,36.864252,0,true,20260809
slm,64,4,16384,4457472,1024,47,19,0,kij,0.227634,36.85129638,0,true,20260809
slm,64,4,16384,4457472,1024,47,19,1,ikj,0.306264,27.39012094,0,true,20260809
slm,64,8,128,38912,2048,11,0,0,kij,0.004026,32.55638351,0,true,20260809
slm,64,8,128,38912,2048,11,0,1,ikj,0.004937,26.54891635,0,true,20260809
slm,64,8,128,38912,2048,11,1,0,kij,0.004056,32.31558185,0,true,20260809
slm,64,8,128,38912,2048,11,1,1,ikj,0.004948,26.48989491,0,true,20260809
slm,64,8,128,38912,2048,11,2,0,ikj,0.004958,26.43646632,0,true,20260809
slm,64,8,128,38912,2048,11,2,1,kij,0.004016,32.6374502,0,true,20260809
slm,64,8,128,38912,2048,11,3,0,ikj,0.004938,26.54353989,0,true,20260809
slm,64,8,128,38912,2048,11,3,1,kij,0.004036,32.47571853,0,true,20260809
slm,64,8,128,38912,2048,11,4,0,kij,0.004026,32.55638351,0,true,20260809
slm,64,8,128,38912,2048,11,4,1,ikj,0.004958,26.43646632,0,true,20260809
slm,64,8,128,38912,2048,11,5,0,ikj,0.004948,26.48989491,0,true,20260809
slm,64,8,128,38912,2048,11,5,1,kij,0.004016,32.6374502,0,true,20260809
slm,64,8,128,38912,2048,11,6,0,kij,0.004066,32.23610428,0,true,20260809
slm,64,8,128,38912,2048,11,6,1,ikj,0.004948,26.48989491,0,true,20260809
slm,64,8,128,38912,2048,11,7,0,kij,0.003996,32.8008008,0,true,20260809
slm,64,8,128,38912,2048,11,7,1,ikj,0.004947,26.49524965,0,true,20260809
slm,64,8,128,38912,2048,11,8,0,ikj,0.004937,26.54891635,0,true,20260809
slm,64,8,128,38912,2048,11,8,1,kij,0.004007,32.71075618,0,true,20260809
slm,64,8,128,38912,2048,11,9,0,ikj,0.004937,26.54891635,0,true,20260809
slm,64,8,128,38912,2048,11,9,1,kij,0.004016,32.6374502,0,true,20260809
slm,64,8,128,38912,2048,11,10,0,kij,0.004006,32.71892162,0,true,20260809
slm,64,8,128,38912,2048,11,10,1,ikj,0.004937,26.54891635,0,true,20260809
slm,64,8,128,38912,2048,11,11,0,kij,0.004066,32.23610428,0,true,20260809
slm,64,8,128,38912,2048,11,11,1,ikj,0.004988,26.27746592,0,true,20260809
slm,64,8,128,38912,2048,11,12,0,kij,0.004096,32,0,true,20260809
slm,64,8,128,38912,2048,11,12,1,ikj,0.004897,26.76577496,0,true,20260809
slm,64,8,128,38912,2048,11,13,0,ikj,0.004957,26.44179948,0,true,20260809
slm,64,8,128,38912,2048,11,13,1,kij,0.004006,32.71892162,0,true,20260809
slm,64,8,128,38912,2048,11,14,0,ikj,0.004947,26.49524965,0,true,20260809
slm,64,8,128,38912,2048,11,14,1,kij,0.004006,32.71892162,0,true,20260809
slm,64,8,128,38912,2048,11,15,0,ikj,0.004938,26.54353989,0,true,20260809
slm,64,8,128,38912,2048,11,15,1,kij,0.004067,32.22817802,0,true,20260809
slm,64,8,128,38912,2048,11,16,0,kij,0.004016,32.6374502,0,true,20260809
slm,64,8,128,38912,2048,11,16,1,ikj,0.004947,26.49524965,0,true,20260809
slm,64,8,128,38912,2048,11,17,0,kij,0.004046,32.3954523,0,true,20260809
slm,64,8,128,38912,2048,11,17,1,ikj,0.004938,26.54353989,0,true,20260809
slm,64,8,128,38912,2048,11,18,0,ikj,0.004968,26.38325282,0,true,20260809
slm,64,8,128,38912,2048,11,18,1,kij,0.004086,32.0783162,0,true,20260809
slm,64,8,128,38912,2048,11,19,0,ikj,0.004937,26.54891635,0,true,20260809
slm,64,8,128,38912,2048,11,19,1,kij,0.004117,31.83677435,0,true,20260809
slm,64,8,128,38912,2048,29,0,0,ikj,0.004967,26.38856453,0,true,20260809
slm,64,8,128,38912,2048,29,0,1,kij,0.004036,32.47571853,0,true,20260809
slm,64,8,128,38912,2048,29,1,0,kij,0.004097,31.99218941,0,true,20260809
slm,64,8,128,38912,2048,29,1,1,ikj,0.004957,26.44179948,0,true,20260809
slm,64,8,128,38912,2048,29,2,0,kij,0.004016,32.6374502,0,true,20260809
slm,64,8,128,38912,2048,29,2,1,ikj,0.004968,26.38325282,0,true,20260809
slm,64,8,128,38912,2048,29,3,0,ikj,0.004928,26.5974026,0,true,20260809
slm,64,8,128,38912,2048,29,3,1,kij,0.003986,32.88309082,0,true,20260809
slm,64,8,128,38912,2048,29,4,0,ikj,0.004947,26.49524965,0,true,20260809
slm,64,8,128,38912,2048,29,4,1,kij,0.004007,32.71075618,0,true,20260809
slm,64,8,128,38912,2048,29,5,0,kij,0.004006,32.71892162,0,true,20260809
slm,64,8,128,38912,2048,29,5,1,ikj,0.004958,26.43646632,0,true,20260809
slm,64,8,128,38912,2048,29,6,0,ikj,0.004958,26.43646632,0,true,20260809
slm,64,8,128,38912,2048,29,6,1,kij,0.003996,32.8008008,0,true,20260809
slm,64,8,128,38912,2048,29,7,0,ikj,0.004937,26.54891635,0,true,20260809
slm,64,8,128,38912,2048,29,7,1,kij,0.003996,32.8008008,0,true,20260809
slm,64,8,128,38912,2048,29,8,0,kij,0.004036,32.47571853,0,true,20260809
slm,64,8,128,38912,2048,29,8,1,ikj,0.004927,26.60280089,0,true,20260809
slm,64,8,128,38912,2048,29,9,0,ikj,0.004958,26.43646632,0,true,20260809
slm,64,8,128,38912,2048,29,9,1,kij,0.004016,32.6374502,0,true,20260809
slm,64,8,128,38912,2048,29,10,0,kij,0.004036,32.47571853,0,true,20260809
slm,64,8,128,38912,2048,29,10,1,ikj,0.004958,26.43646632,0,true,20260809
slm,64,8,128,38912,2048,29,11,0,ikj,0.004958,26.43646632,0,true,20260809
slm,64,8,128,38912,2048,29,11,1,kij,0.004026,32.55638351,0,true,20260809
slm,64,8,128,38912,2048,29,12,0,ikj,0.004947,26.49524965,0,true,20260809
slm,64,8,128,38912,2048,29,12,1,kij,0.004006,32.71892162,0,true,20260809
slm,64,8,128,38912,2048,29,13,0,kij,0.004026,32.55638351,0,true,20260809
slm,64,8,128,38912,2048,29,13,1,ikj,0.004928,26.5974026,0,true,20260809
slm,64,8,128,38912,2048,29,14,0,kij,0.004036,32.47571853,0,true,20260809
slm,64,8,128,38912,2048,29,14,1,ikj,0.004957,26.44179948,0,true,20260809
slm,64,8,128,38912,2048,29,15,0,kij,0.004136,31.69052224,0,true,20260809
slm,64,8,128,38912,2048,29,15,1,ikj,0.004998,26.22488996,0,true,20260809
slm,64,8,128,38912,2048,29,16,0,ikj,0.004928,26.5974026,0,true,20260809
slm,64,8,128,38912,2048,29,16,1,kij,0.004046,32.3954523,0,true,20260809
slm,64,8,128,38912,2048,29,17,0,kij,0.004026,32.55638351,0,true,20260809
slm,64,8,128,38912,2048,29,17,1,ikj,0.004938,26.54353989,0,true,20260809
slm,64,8,128,38912,2048,29,18,0,kij,0.003986,32.88309082,0,true,20260809
slm,64,8,128,38912,2048,29,18,1,ikj,0.004937,26.54891635,0,true,20260809
slm,64,8,128,38912,2048,29,19,0,ikj,0.004938,26.54353989,0,true,20260809
slm,64,8,128,38912,2048,29,19,1,kij,0.003976,32.96579477,0,true,20260809
slm,64,8,128,38912,2048,47,0,0,kij,0.004017,32.62932537,0,true,20260809
slm,64,8,128,38912,2048,47,0,1,ikj,0.004947,26.49524965,0,true,20260809
slm,64,8,128,38912,2048,47,1,0,ikj,0.004967,26.38856453,0,true,20260809
slm,64,8,128,38912,2048,47,1,1,kij,0.004026,32.55638351,0,true,20260809
slm,64,8,128,38912,2048,47,2,0,kij,0.003996,32.8008008,0,true,20260809
slm,64,8,128,38912,2048,47,2,1,ikj,0.004927,26.60280089,0,true,20260809
slm,64,8,128,38912,2048,47,3,0,kij,0.004026,32.55638351,0,true,20260809
slm,64,8,128,38912,2048,47,3,1,ikj,0.004978,26.33025311,0,true,20260809
slm,64,8,128,38912,2048,47,4,0,ikj,0.004937,26.54891635,0,true,20260809
slm,64,8,128,38912,2048,47,4,1,kij,0.004096,32,0,true,20260809
slm,64,8,128,38912,2048,47,5,0,kij,0.004017,32.62932537,0,true,20260809
slm,64,8,128,38912,2048,47,5,1,ikj,0.004927,26.60280089,0,true,20260809
slm,64,8,128,38912,2048,47,6,0,ikj,0.004917,26.65690462,0,true,20260809
slm,64,8,128,38912,2048,47,6,1,kij,0.004066,32.23610428,0,true,20260809
slm,64,8,128,38912,2048,47,7,0,ikj,0.004908,26.70578647,0,true,20260809
slm,64,8,128,38912,2048,47,7,1,kij,0.003956,33.13245703,0,true,20260809
slm,64,8,128,38912,2048,47,8,0,ikj,0.004938,26.54353989,0,true,20260809
slm,64,8,128,38912,2048,47,8,1,kij,0.004036,32.47571853,0,true,20260809
slm,64,8,128,38912,2048,47,9,0,kij,0.004056,32.31558185,0,true,20260809
slm,64,8,128,38912,2048,47,9,1,ikj,0.004918,26.65148434,0,true,20260809
slm,64,8,128,38912,2048,47,10,0,kij,0.004066,32.23610428,0,true,20260809
slm,64,8,128,38912,2048,47,10,1,ikj,0.004947,26.49524965,0,true,20260809
slm,64,8,128,38912,2048,47,11,0,ikj,0.004947,26.49524965,0,true,20260809
slm,64,8,128,38912,2048,47,11,1,kij,0.004006,32.71892162,0,true,20260809
slm,64,8,128,38912,2048,47,12,0,ikj,0.004968,26.38325282,0,true,20260809
slm,64,8,128,38912,2048,47,12,1,kij,0.004066,32.23610428,0,true,20260809
slm,64,8,128,38912,2048,47,13,0,kij,0.004057,32.30761647,0,true,20260809
slm,64,8,128,38912,2048,47,13,1,ikj,0.004938,26.54353989,0,true,20260809
slm,64,8,128,38912,2048,47,14,0,kij,0.004036,32.47571853,0,true,20260809
slm,64,8,128,38912,2048,47,14,1,ikj,0.004938,26.54353989,0,true,20260809
slm,64,8,128,38912,2048,47,15,0,kij,0.004046,32.3954523,0,true,20260809
slm,64,8,128,38912,2048,47,15,1,ikj,0.004907,26.71122886,0,true,20260809
slm,64,8,128,38912,2048,47,16,0,kij,0.004006,32.71892162,0,true,20260809
slm,64,8,128,38912,2048,47,16,1,ikj,0.004938,26.54353989,0,true,20260809
slm,64,8,128,38912,2048,47,17,0,ikj,0.004978,26.33025311,0,true,20260809
slm,64,8,128,38912,2048,47,17,1,kij,0.003996,32.8008008,0,true,20260809
slm,64,8,128,38912,2048,47,18,0,ikj,0.004957,26.44179948,0,true,20260809
slm,64,8,128,38912,2048,47,18,1,kij,0.004126,31.76732913,0,true,20260809
slm,64,8,128,38912,2048,47,19,0,ikj,0.004948,26.48989491,0,true,20260809
slm,64,8,128,38912,2048,47,19,1,kij,0.004026,32.55638351,0,true,20260809
slm,64,8,512,149504,2048,11,0,0,ikj,0.01962,26.72212029,0,true,20260809
slm,64,8,512,149504,2048,11,0,1,kij,0.016525,31.72695915,0,true,20260809
slm,64,8,512,149504,2048,11,1,0,kij,0.016545,31.68860683,0,true,20260809
slm,64,8,512,149504,2048,11,1,1,ikj,0.01967,26.6541942,0,true,20260809
slm,64,8,512,149504,2048,11,2,0,kij,0.016295,32.17477754,0,true,20260809
slm,64,8,512,149504,2048,11,2,1,ikj,0.01973,26.57313735,0,true,20260809
slm,64,8,512,149504,2048,11,3,0,kij,0.016595,31.59313046,0,true,20260809
slm,64,8,512,149504,2048,11,3,1,ikj,0.01967,26.6541942,0,true,20260809
slm,64,8,512,149504,2048,11,4,0,ikj,0.01968,26.64065041,0,true,20260809
slm,64,8,512,149504,2048,11,4,1,kij,0.016445,31.88130131,0,true,20260809
slm,64,8,512,149504,2048,11,5,0,ikj,0.019619,26.72348234,0,true,20260809
slm,64,8,512,149504,2048,11,5,1,kij,0.016375,32.01758779,0,true,20260809
slm,64,8,512,149504,2048,11,6,0,ikj,0.01969,26.62712037,0,true,20260809
slm,64,8,512,149504,2048,11,6,1,kij,0.016505,31.76540442,0,true,20260809
slm,64,8,512,149504,2048,11,7,0,ikj,0.019659,26.6691083,0,true,20260809
slm,64,8,512,149504,2048,11,7,1,kij,0.016325,32.11565084,0,true,20260809
slm,64,8,512,149504,2048,11,8,0,ikj,0.01962,26.72212029,0,true,20260809
slm,64,8,512,149504,2048,11,8,1,kij,0.016395,31.97853004,0,true,20260809
slm,64,8,512,149504,2048,11,9,0,ikj,0.01963,26.70850739,0,true,20260809
slm,64,8,512,149504,2048,11,9,1,kij,0.016385,31.99804699,0,true,20260809
slm,64,8,512,149504,2048,11,10,0,kij,0.016314,32.13730538,0,true,20260809
slm,64,8,512,149504,2048,11,10,1,ikj,0.019639,26.69626763,0,true,20260809
slm,64,8,512,149504,2048,11,11,0,ikj,0.024928,21.03209243,0,true,20260809
slm,64,8,512,149504,2048,11,11,1,kij,0.016385,31.99804699,0,true,20260809
slm,64,8,512,149504,2048,11,12,0,ikj,0.01968,26.64065041,0,true,20260809
slm,64,8,512,149504,2048,11,12,1,kij,0.016405,31.95903688,0,true,20260809
slm,64,8,512,149504,2048,11,13,0,ikj,0.019599,26.75075259,0,true,20260809
slm,64,8,512,149504,2048,11,13,1,kij,0.016424,31.92206527,0,true,20260809
slm,64,8,512,149504,2048,11,14,0,kij,0.016345,32.07635362,0,true,20260809
slm,64,8,512,149504,2048,11,14,1,ikj,0.01976,26.53279352,0,true,20260809
slm,64,8,512,149504,2048,11,15,0,kij,0.016836,31.14088857,0,true,20260809
slm,64,8,512,149504,2048,11,15,1,ikj,0.01968,26.64065041,0,true,20260809
slm,64,8,512,149504,2048,11,16,0,kij,0.016385,31.99804699,0,true,20260809
slm,64,8,512,149504,2048,11,16,1,ikj,0.019679,26.64200417,0,true,20260809
slm,64,8,512,149504,2048,11,17,0,ikj,0.01964,26.69490835,0,true,20260809
slm,64,8,512,149504,2048,11,17,1,kij,0.016275,32.21431644,0,true,20260809
slm,64,8,512,149504,2048,11,18,0,ikj,0.01962,26.72212029,0,true,20260809
slm,64,8,512,149504,2048,11,18,1,kij,0.016425,31.92012177,0,true,20260809
slm,64,8,512,149504,2048,11,19,0,ikj,0.01968,26.64065041,0,true,20260809
slm,64,8,512,149504,2048,11,19,1,kij,0.016605,31.57410419,0,true,20260809
slm,64,8,512,149504,2048,29,0,0,ikj,0.01956,26.80408998,0,true,20260809
slm,64,8,512,149504,2048,29,0,1,kij,0.016515,31.74617015,0,true,20260809
slm,64,8,512,149504,2048,29,1,0,ikj,0.01972,26.58661258,0,true,20260809
slm,64,8,512,149504,2048,29,1,1,kij,0.016675,31.44155922,0,true,20260809
slm,64,8,512,149504,2048,29,2,0,ikj,0.01969,26.62712037,0,true,20260809
slm,64,8,512,149504,2048,29,2,1,kij,0.016445,31.88130131,0,true,20260809
slm,64,8,512,149504,2048,29,3,0,ikj,0.01966,26.66775178,0,true,20260809
slm,64,8,512,149504,2048,29,3,1,kij,0.016395,31.97853004,0,true,20260809
slm,64,8,512,149504,2048,29,4,0,kij,0.016324,32.11761823,0,true,20260809
slm,64,8,512,149504,2048,29,4,1,ikj,0.019619,26.72348234,0,true,20260809
slm,64,8,512,149504,2048,29,5,0,ikj,0.01965,26.68132316,0,true,20260809
slm,64,8,512,149504,2048,29,5,1,kij,0.016585,31.61217968,0,true,20260809
slm,64,8,512,149504,2048,29,6,0,ikj,0.020071,26.12166808,0,true,20260809
slm,64,8,512,149504,2048,29,6,1,kij,0.016375,32.01758779,0,true,20260809
slm,64,8,512,149504,2048,29,7,0,kij,0.016265,32.23412235,0,true,20260809
slm,64,8,512,149504,2048,29,7,1,ikj,0.01966,26.66775178,0,true,20260809
slm,64,8,512,149504,2048,29,8,0,kij,0.016605,31.57410419,0,true,20260809
slm,64,8,512,149504,2048,29,8,1,ikj,0.01966,26.66775178,0,true,20260809
slm,64,8,512,149504,2048,29,9,0,kij,0.016565,31.65034712,0,true,20260809
slm,64,8,512,149504,2048,29,9,1,ikj,0.019629,26.70986805,0,true,20260809
slm,64,8,512,149504,2048,29,10,0,kij,0.016405,31.95903688,0,true,20260809
slm,64,8,512,149504,2048,29,10,1,ikj,0.01968,26.64065041,0,true,20260809
slm,64,8,512,149504,2048,29,11,0,kij,0.016355,32.05674106,0,true,20260809
slm,64,8,512,149504,2048,29,11,1,ikj,0.01969,26.62712037,0,true,20260809
slm,64,8,512,149504,2048,29,12,0,kij,0.016324,32.11761823,0,true,20260809
slm,64,8,512,149504,2048,29,12,1,ikj,0.019619,26.72348234,0,true,20260809
slm,64,8,512,149504,2048,29,13,0,kij,0.016445,31.88130131,0,true,20260809
slm,64,8,512,149504,2048,29,13,1,ikj,0.01969,26.62712037,0,true,20260809
slm,64,8,512,149504,2048,29,14,0,kij,0.016285,32.19453485,0,true,20260809
slm,64,8,512,149504,2048,29,14,1,ikj,0.01967,26.6541942,0,true,20260809
slm,64,8,512,149504,2048,29,15,0,kij,0.016515,31.74617015,0,true,20260809
slm,64,8,512,149504,2048,29,15,1,ikj,0.01971,26.60010147,0,true,20260809
slm,64,8,512,149504,2048,29,16,0,ikj,0.01968,26.64065041,0,true,20260809
slm,64,8,512,149504,2048,29,16,1,kij,0.016515,31.74617015,0,true,20260809
slm,64,8,512,149504,2048,29,17,0,ikj,0.01967,26.6541942,0,true,20260809
slm,64,8,512,149504,2048,29,17,1,kij,0.016265,32.23412235,0,true,20260809
slm,64,8,512,149504,2048,29,18,0,kij,0.016545,31.68860683,0,true,20260809
slm,64,8,512,149504,2048,29,18,1,ikj,0.019579,26.77807855,0,true,20260809
slm,64,8,512,149504,2048,29,19,0,ikj,0.019669,26.65554934,0,true,20260809
slm,64,8,512,149504,2048,29,19,1,kij,0.016425,31.92012177,0,true,20260809
slm,64,8,512,149504,2048,47,0,0,ikj,0.01962,26.72212029,0,true,20260809
slm,64,8,512,149504,2048,47,0,1,kij,0.016354,32.05870124,0,true,20260809
slm,64,8,512,149504,2048,47,1,0,kij,0.016324,32.11761823,0,true,20260809
slm,64,8,512,149504,2048,47,1,1,ikj,0.01967,26.6541942,0,true,20260809
slm,64,8,512,149504,2048,47,2,0,kij,0.016445,31.88130131,0,true,20260809
slm,64,8,512,149504,2048,47,2,1,ikj,0.01963,26.70850739,0,true,20260809
slm,64,8,512,149504,2048,47,3,0,kij,0.016485,31.80394298,0,true,20260809
slm,64,8,512,149504,2048,47,3,1,ikj,0.01968,26.64065041,0,true,20260809
slm,64,8,512,149504,2048,47,4,0,kij,0.016375,32.01758779,0,true,20260809
slm,64,8,512,149504,2048,47,4,1,ikj,0.01962,26.72212029,0,true,20260809
slm,64,8,512,149504,2048,47,5,0,kij,0.016505,31.76540442,0,true,20260809
slm,64,8,512,149504,2048,47,5,1,ikj,0.019629,26.70986805,0,true,20260809
slm,64,8,512,149504,2048,47,6,0,ikj,0.019639,26.69626763,0,true,20260809
slm,64,8,512,149504,2048,47,6,1,kij,0.016355,32.05674106,0,true,20260809
slm,64,8,512,149504,2048,47,7,0,kij,0.016385,31.99804699,0,true,20260809
slm,64,8,512,149504,2048,47,7,1,ikj,0.0197,26.61360406,0,true,20260809
slm,64,8,512,149504,2048,47,8,0,ikj,0.01965,26.68132316,0,true,20260809
slm,64,8,512,149504,2048,47,8,1,kij,0.016444,31.88324009,0,true,20260809
slm,64,8,512,149504,2048,47,9,0,ikj,0.01967,26.6541942,0,true,20260809
slm,64,8,512,149504,2048,47,9,1,kij,0.016465,31.84257516,0,true,20260809
slm,64,8,512,149504,2048,47,10,0,kij,0.016455,31.86192647,0,true,20260809
slm,64,8,512,149504,2048,47,10,1,ikj,0.019709,26.60145111,0,true,20260809
slm,64,8,512,149504,2048,47,11,0,kij,0.016615,31.55510081,0,true,20260809
slm,64,8,512,149504,2048,47,11,1,ikj,0.01974,26.55967579,0,true,20260809
slm,64,8,512,149504,2048,47,12,0,kij,0.016475,31.82324734,0,true,20260809
slm,64,8,512,149504,2048,47,12,1,ikj,0.01967,26.6541942,0,true,20260809
slm,64,8,512,149504,2048,47,13,0,ikj,0.01965,26.68132316,0,true,20260809
slm,64,8,512,149504,2048,47,13,1,kij,0.016455,31.86192647,0,true,20260809
slm,64,8,512,149504,2048,47,14,0,ikj,0.01972,26.58661258,0,true,20260809
slm,64,8,512,149504,2048,47,14,1,kij,0.016535,31.70777139,0,true,20260809
slm,64,8,512,149504,2048,47,15,0,ikj,0.01964,26.69490835,0,true,20260809
slm,64,8,512,149504,2048,47,15,1,kij,0.016675,31.44155922,0,true,20260809
slm,64,8,512,149504,2048,47,16,0,kij,0.016515,31.74617015,0,true,20260809
slm,64,8,512,149504,2048,47,16,1,ikj,0.019689,26.62847275,0,true,20260809
slm,64,8,512,149504,2048,47,17,0,ikj,0.01967,26.6541942,0,true,20260809
slm,64,8,512,149504,2048,47,17,1,kij,0.016084,32.59686645,0,true,20260809
slm,64,8,512,149504,2048,47,18,0,ikj,0.019639,26.69626763,0,true,20260809
slm,64,8,512,149504,2048,47,18,1,kij,0.016264,32.23610428,0,true,20260809
slm,64,8,512,149504,2048,47,19,0,ikj,0.01968,26.64065041,0,true,20260809
slm,64,8,512,149504,2048,47,19,1,kij,0.016305,32.15504446,0,true,20260809
slm,64,8,2048,591872,2048,11,0,0,ikj,0.075174,27.89730492,0,true,20260809
slm,64,8,2048,591872,2048,11,0,1,kij,0.056736,36.96333897,0,true,20260809
slm,64,8,2048,591872,2048,11,1,0,ikj,0.075294,27.85284352,0,true,20260809
slm,64,8,2048,591872,2048,11,1,1,kij,0.056295,37.2528999,0,true,20260809
slm,64,8,2048,591872,2048,11,2,0,kij,0.055635,37.69483239,0,true,20260809
slm,64,8,2048,591872,2048,11,2,1,ikj,0.075534,27.76434453,0,true,20260809
slm,64,8,2048,591872,2048,11,3,0,kij,0.056836,36.89830389,0,true,20260809
slm,64,8,2048,591872,2048,11,3,1,ikj,0.075404,27.81221155,0,true,20260809
slm,64,8,2048,591872,2048,11,4,0,kij,0.055975,37.46586869,0,true,20260809
slm,64,8,2048,591872,2048,11,4,1,ikj,0.075454,27.79378164,0,true,20260809
slm,64,8,2048,591872,2048,11,5,0,kij,0.056516,37.10722627,0,true,20260809
slm,64,8,2048,591872,2048,11,5,1,ikj,0.075665,27.71627569,0,true,20260809
slm,64,8,2048,591872,2048,11,6,0,ikj,0.075544,27.76066928,0,true,20260809
slm,64,8,2048,591872,2048,11,6,1,kij,0.056826,36.9047971,0,true,20260809
slm,64,8,2048,591872,2048,11,7,0,kij,0.065049,32.23957324,0,true,20260809
slm,64,8,2048,591872,2048,11,7,1,ikj,0.075164,27.90101644,0,true,20260809
slm,64,8,2048,591872,2048,11,8,0,kij,0.056466,37.1400843,0,true,20260809
slm,64,8,2048,591872,2048,11,8,1,ikj,0.075354,27.83066592,0,true,20260809
slm,64,8,2048,591872,2048,11,9,0,ikj,0.075434,27.80115067,0,true,20260809
slm,64,8,2048,591872,2048,11,9,1,kij,0.056346,37.21918149,0,true,20260809
slm,64,8,2048,591872,2048,11,10,0,kij,0.056776,36.93729745,0,true,20260809
slm,64,8,2048,591872,2048,11,10,1,ikj,0.075755,27.68334763,0,true,20260809
slm,64,8,2048,591872,2048,11,11,0,ikj,0.075365,27.82660386,0,true,20260809
slm,64,8,2048,591872,2048,11,11,1,kij,0.056305,37.24628363,0,true,20260809
slm,64,8,2048,591872,2048,11,12,0,kij,0.057717,36.33508325,0,true,20260809
slm,64,8,2048,591872,2048,11,12,1,ikj,0.075425,27.80446801,0,true,20260809
slm,64,8,2048,591872,2048,11,13,0,ikj,0.075324,27.84175031,0,true,20260809
slm,64,8,2048,591872,2048,11,13,1,kij,0.056967,36.8134534,0,true,20260809
slm,64,8,2048,591872,2048,11,14,0,ikj,0.075404,27.81221155,0,true,20260809
slm,64,8,2048,591872,2048,11,14,1,kij,0.056645,37.02272045,0,true,20260809
slm,64,8,2048,591872,2048,11,15,0,kij,0.056996,36.79472244,0,true,20260809
slm,64,8,2048,591872,2048,11,15,1,ikj,0.075455,27.79341329,0,true,20260809
slm,64,8,2048,591872,2048,11,16,0,kij,0.057147,36.69749943,0,true,20260809
slm,64,8,2048,591872,2048,11,16,1,ikj,0.075444,27.79746567,0,true,20260809
slm,64,8,2048,591872,2048,11,17,0,ikj,0.075334,27.83805453,0,true,20260809
slm,64,8,2048,591872,2048,11,17,1,kij,0.056506,37.11379323,0,true,20260809
slm,64,8,2048,591872,2048,11,18,0,ikj,0.075164,27.90101644,0,true,20260809
slm,64,8,2048,591872,2048,11,18,1,kij,0.057928,36.20273443,0,true,20260809
slm,64,8,2048,591872,2048,11,19,0,ikj,0.075495,27.77868733,0,true,20260809
slm,64,8,2048,591872,2048,11,19,1,kij,0.057297,36.60142765,0,true,20260809
slm,64,8,2048,591872,2048,29,0,0,kij,0.055864,37.54031219,0,true,20260809
slm,64,8,2048,591872,2048,29,0,1,ikj,0.075374,27.82328124,0,true,20260809
slm,64,8,2048,591872,2048,29,1,0,kij,0.056035,37.42575176,0,true,20260809
slm,64,8,2048,591872,2048,29,1,1,ikj,0.075405,27.81184272,0,true,20260809
slm,64,8,2048,591872,2048,29,2,0,ikj,0.075454,27.79378164,0,true,20260809
slm,64,8,2048,591872,2048,29,2,1,kij,0.057827,36.26596573,0,true,20260809
slm,64,8,2048,591872,2048,29,3,0,ikj,0.075234,27.87505649,0,true,20260809
slm,64,8,2048,591872,2048,29,3,1,kij,0.057136,36.70456455,0,true,20260809
slm,64,8,2048,591872,2048,29,4,0,kij,0.056626,37.03514287,0,true,20260809
slm,64,8,2048,591872,2048,29,4,1,ikj,0.075354,27.83066592,0,true,20260809
slm,64,8,2048,591872,2048,29,5,0,kij,0.057187,36.67183101,0,true,20260809
slm,64,8,2048,591872,2048,29,5,1,ikj,0.075455,27.79341329,0,true,20260809
slm,64,8,2048,591872,2048,29,6,0,ikj,0.075304,27.8491448,0,true,20260809
slm,64,8,2048,591872,2048,29,6,1,kij,0.057537,36.44875471,0,true,20260809
slm,64,8,2048,591872,2048,29,7,0,ikj,0.075364,27.82697309,0,true,20260809
slm,64,8,2048,591872,2048,29,7,1,kij,0.056946,36.82702912,0,true,20260809
slm,64,8,2048,591872,2048,29,8,0,ikj,0.075294,27.85284352,0,true,20260809
slm,64,8,2048,591872,2048,29,8,1,kij,0.056155,37.34577509,0,true,20260809
slm,64,8,2048,591872,2048,29,9,0,ikj,0.075374,27.82328124,0,true,20260809
slm,64,8,2048,591872,2048,29,9,1,kij,0.055453,37.81854904,0,true,20260809
slm,64,8,2048,591872,2048,29,10,0,ikj,0.075294,27.85284352,0,true,20260809
slm,64,8,2048,591872,2048,29,10,1,kij,0.057227,36.64619847,0,true,20260809
slm,64,8,2048,591872,2048,29,11,0,ikj,0.075464,27.79009859,0,true,20260809
slm,64,8,2048,591872,2048,29,11,1,kij,0.061263,34.23195077,0,true,20260809
slm,64,8,2048,591872,2048,29,12,0,ikj,0.075574,27.74964935,0,true,20260809
slm,64,8,2048,591872,2048,29,12,1,kij,0.055634,37.69550994,0,true,20260809
slm,64,8,2048,591872,2048,29,13,0,kij,0.056496,37.1203625,0,true,20260809
slm,64,8,2048,591872,2048,29,13,1,ikj,0.075545,27.76030181,0,true,20260809
slm,64,8,2048,591872,2048,29,14,0,kij,0.057767,36.30363356,0,true,20260809
slm,64,8,2048,591872,2048,29,14,1,ikj,0.075364,27.82697309,0,true,20260809
slm,64,8,2048,591872,2048,29,15,0,ikj,0.075384,27.81959036,0,true,20260809
slm,64,8,2048,591872,2048,29,15,1,kij,0.057287,36.60781678,0,true,20260809
slm,64,8,2048,591872,2048,29,16,0,kij,0.056536,37.09409933,0,true,20260809
slm,64,8,2048,591872,2048,29,16,1,ikj,0.075434,27.80115067,0,true,20260809
slm,64,8,2048,591872,2048,29,17,0,ikj,0.075354,27.83066592,0,true,20260809
slm,64,8,2048,591872,2048,29,17,1,kij,0.056045,37.41907396,0,true,20260809
slm,64,8,2048,591872,2048,29,18,0,ikj,0.075394,27.81590047,0,true,20260809
slm,64,8,2048,591872,2048,29,18,1,kij,0.056576,37.0678733,0,true,20260809
slm,64,8,2048,591872,2048,29,19,0,ikj,0.075334,27.83805453,0,true,20260809
slm,64,8,2048,591872,2048,29,19,1,kij,0.056064,37.40639269,0,true,20260809
slm,64,8,2048,591872,2048,47,0,0,ikj,0.075153,27.90510026,0,true,20260809
slm,64,8,2048,591872,2048,47,0,1,kij,0.056636,37.02860371,0,true,20260809
slm,64,8,2048,591872,2048,47,1,0,ikj,0.075614,27.73496971,0,true,20260809
slm,64,8,2048,591872,2048,47,1,1,kij,0.056435,37.16048551,0,true,20260809
slm,64,8,2048,591872,2048,47,2,0,ikj,0.075284,27.85654322,0,true,20260809
slm,64,8,2048,591872,2048,47,2,1,kij,0.056756,36.95031362,0,true,20260809
slm,64,8,2048,591872,2048,47,3,0,ikj,0.075594,27.74230759,0,true,20260809
slm,64,8,2048,591872,2048,47,3,1,kij,0.057377,36.55039476,0,true,20260809
slm,64,8,2048,591872,2048,47,4,0,kij,0.056666,37.00900011,0,true,20260809
slm,64,8,2048,591872,2048,47,4,1,ikj,0.075374,27.82328124,0,true,20260809
slm,64,8,2048,591872,2048,47,5,0,kij,0.056236,37.29198378,0,true,20260809
slm,64,8,2048,591872,2048,47,5,1,ikj,0.075504,27.77537614,0,true,20260809
slm,64,8,2048,591872,2048,47,6,0,kij,0.056135,37.35908079,0,true,20260809
slm,64,8,2048,591872,2048,47,6,1,ikj,0.075514,27.77169796,0,true,20260809
slm,64,8,2048,591872,2048,47,7,0,kij,0.056495,37.12101956,0,true,20260809
slm,64,8,2048,591872,2048,47,7,1,ikj,0.075464,27.79009859,0,true,20260809
slm,64,8,2048,591872,2048,47,8,0,ikj,0.075214,27.88246869,0,true,20260809
slm,64,8,2048,591872,2048,47,8,1,kij,0.056285,37.25951852,0,true,20260809
slm,64,8,2048,591872,2048,47,9,0,ikj,0.075214,27.88246869,0,true,20260809
slm,64,8,2048,591872,2048,47,9,1,kij,0.055564,37.74299906,0,true,20260809
slm,64,8,2048,591872,2048,47,10,0,kij,0.056736,36.96333897,0,true,20260809
slm,64,8,2048,591872,2048,47,10,1,ikj,0.075374,27.82328124,0,true,20260809
slm,64,8,2048,591872,2048,47,11,0,ikj,0.075514,27.77169796,0,true,20260809
slm,64,8,2048,591872,2048,47,11,1,kij,0.055364,37.87934398,0,true,20260809
slm,64,8,2048,591872,2048,47,12,0,ikj,0.075364,27.82697309,0,true,20260809
slm,64,8,2048,591872,2048,47,12,1,kij,0.056446,37.15324381,0,true,20260809
slm,64,8,2048,591872,2048,47,13,0,ikj,0.075424,27.80483666,0,true,20260809
slm,64,8,2048,591872,2048,47,13,1,kij,0.056185,37.3258343,0,true,20260809
slm,64,8,2048,591872,2048,47,14,0,kij,0.056886,36.8658721,0,true,20260809
slm,64,8,2048,591872,2048,47,14,1,ikj,0.075354,27.83066592,0,true,20260809
slm,64,8,2048,591872,2048,47,15,0,kij,0.057307,36.59504075,0,true,20260809
slm,64,8,2048,591872,2048,47,15,1,ikj,0.075595,27.7419406,0,true,20260809
slm,64,8,2048,591872,2048,47,16,0,kij,0.056095,37.38572065,0,true,20260809
slm,64,8,2048,591872,2048,47,16,1,ikj,0.121504,17.25994206,0,true,20260809
slm,64,8,2048,591872,2048,47,17,0,ikj,0.075404,27.81221155,0,true,20260809
slm,64,8,2048,591872,2048,47,17,1,kij,0.056325,37.23305814,0,true,20260809
slm,64,8,2048,591872,2048,47,18,0,kij,0.056866,36.87883797,0,true,20260809
slm,64,8,2048,591872,2048,47,18,1,ikj,0.075415,27.80815488,0,true,20260809
slm,64,8,2048,591872,2048,47,19,0,kij,0.056586,37.06132259,0,true,20260809
slm,64,8,2048,591872,2048,47,19,1,ikj,0.075234,27.87505649,0,true,20260809
slm,64,8,8192,2361344,2048,11,0,0,ikj,0.304571,27.54237271,0,true,20260809
slm,64,8,8192,2361344,2048,11,0,1,kij,0.227895,36.80909191,0,true,20260809
slm,64,8,8192,2361344,2048,11,1,0,ikj,0.311492,26.93041234,0,true,20260809
slm,64,8,8192,2361344,2048,11,1,1,kij,0.228236,36.75409664,0,true,20260809
slm,64,8,8192,2361344,2048,11,2,0,kij,0.227304,36.9047971,0,true,20260809
slm,64,8,8192,2361344,2048,11,2,1,ikj,0.305452,27.46293362,0,true,20260809
slm,64,8,8192,2361344,2048,11,3,0,ikj,0.304782,27.52330518,0,true,20260809
slm,64,8,8192,2361344,2048,11,3,1,kij,0.226463,37.0418479,0,true,20260809
slm,64,8,8192,2361344,2048,11,4,0,ikj,0.305222,27.48362831,0,true,20260809
slm,64,8,8192,2361344,2048,11,4,1,kij,0.227845,36.81716957,0,true,20260809
slm,64,8,8192,2361344,2048,11,5,0,kij,0.228176,36.76376131,0,true,20260809
slm,64,8,8192,2361344,2048,11,5,1,ikj,0.305232,27.48272789,0,true,20260809
slm,64,8,8192,2361344,2048,11,6,0,kij,0.227805,36.82363425,0,true,20260809
slm,64,8,8192,2361344,2048,11,6,1,ikj,0.305262,27.48002699,0,true,20260809
slm,64,8,8192,2361344,2048,11,7,0,kij,0.226203,37.08442417,0,true,20260809
slm,64,8,8192,2361344,2048,11,7,1,ikj,0.305062,27.49804302,0,true,20260809
slm,64,8,8192,2361344,2048,11,8,0,ikj,0.305062,27.49804302,0,true,20260809
slm,64,8,8192,2361344,2048,11,8,1,kij,0.232753,36.0408158,0,true,20260809
slm,64,8,8192,2361344,2048,11,9,0,ikj,0.305412,27.46653046,0,true,20260809
slm,64,8,8192,2361344,2048,11,9,1,kij,0.226683,37.0058981,0,true,20260809
slm,64,8,8192,2361344,2048,11,10,0,kij,0.228286,36.74604663,0,true,20260809
slm,64,8,8192,2361344,2048,11,10,1,ikj,0.305323,27.4745368,0,true,20260809
slm,64,8,8192,2361344,2048,11,11,0,kij,0.227685,36.84304192,0,true,20260809
slm,64,8,8192,2361344,2048,11,11,1,ikj,0.306123,27.40273681,0,true,20260809
slm,64,8,8192,2361344,2048,11,12,0,ikj,0.305132,27.49173472,0,true,20260809
slm,64,8,8192,2361344,2048,11,12,1,kij,0.229898,36.4883905,0,true,20260809
slm,64,8,8192,2361344,2048,11,13,0,ikj,0.304941,27.50895419,0,true,20260809
slm,64,8,8192,2361344,2048,11,13,1,kij,0.225752,37.15851022,0,true,20260809
slm,64,8,8192,2361344,2048,11,14,0,kij,0.227965,36.79778913,0,true,20260809
slm,64,8,8192,2361344,2048,11,14,1,ikj,0.304901,27.51256309,0,true,20260809
slm,64,8,8192,2361344,2048,11,15,0,ikj,0.304781,27.52339549,0,true,20260809
slm,64,8,8192,2361344,2048,11,15,1,kij,0.225892,37.13548067,0,true,20260809
slm,64,8,8192,2361344,2048,11,16,0,kij,0.234835,35.72128516,0,true,20260809
slm,64,8,8192,2361344,2048,11,16,1,ikj,0.304741,27.52700818,0,true,20260809
slm,64,8,8192,2361344,2048,11,17,0,ikj,0.304972,27.50615794,0,true,20260809
slm,64,8,8192,2361344,2048,11,17,1,kij,0.229498,36.55198738,0,true,20260809
slm,64,8,8192,2361344,2048,11,18,0,kij,0.227294,36.90642076,0,true,20260809
slm,64,8,8192,2361344,2048,11,18,1,ikj,0.305161,27.48912214,0,true,20260809
slm,64,8,8192,2361344,2048,11,19,0,kij,0.226913,36.96838877,0,true,20260809
slm,64,8,8192,2361344,2048,11,19,1,ikj,0.304741,27.52700818,0,true,20260809
slm,64,8,8192,2361344,2048,29,0,0,kij,0.226262,37.07475405,0,true,20260809
slm,64,8,8192,2361344,2048,29,0,1,ikj,0.304622,27.53776155,0,true,20260809
slm,64,8,8192,2361344,2048,29,1,0,ikj,0.304741,27.52700818,0,true,20260809
slm,64,8,8192,2361344,2048,29,1,1,kij,0.227464,36.87883797,0,true,20260809
slm,64,8,8192,2361344,2048,29,2,0,kij,0.227415,36.88678407,0,true,20260809
slm,64,8,8192,2361344,2048,29,2,1,ikj,0.305242,27.48182753,0,true,20260809
slm,64,8,8192,2361344,2048,29,3,0,kij,0.226983,36.95698797,0,true,20260809
slm,64,8,8192,2361344,2048,29,3,1,ikj,0.304871,27.51527039,0,true,20260809
slm,64,8,8192,2361344,2048,29,4,0,ikj,0.305182,27.48723057,0,true,20260809
slm,64,8,8192,2361344,2048,29,4,1,kij,0.227464,36.87883797,0,true,20260809
slm,64,8,8192,2361344,2048,29,5,0,ikj,0.305031,27.50083762,0,true,20260809
slm,64,8,8192,2361344,2048,29,5,1,kij,0.228586,36.69782051,0,true,20260809
slm,64,8,8192,2361344,2048,29,6,0,ikj,0.309748,27.08204088,0,true,20260809
slm,64,8,8192,2361344,2048,29,6,1,kij,0.228195,36.76070028,0,true,20260809
slm,64,8,8192,2361344,2048,29,7,0,kij,0.228235,36.75425767,0,true,20260809
slm,64,8,8192,2361344,2048,29,7,1,ikj,0.304761,27.52520172,0,true,20260809
slm,64,8,8192,2361344,2048,29,8,0,ikj,0.304972,27.50615794,0,true,20260809
slm,64,8,8192,2361344,2048,29,8,1,kij,0.225972,37.12233374,0,true,20260809
slm,64,8,8192,2361344,2048,29,9,0,ikj,0.305022,27.50164906,0,true,20260809
slm,64,8,8192,2361344,2048,29,9,1,kij,0.228185,36.76231128,0,true,20260809
slm,64,8,8192,2361344,2048,29,10,0,kij,0.226893,36.97164743,0,true,20260809
slm,64,8,8192,2361344,2048,29,10,1,ikj,0.304801,27.5215895,0,true,20260809
slm,64,8,8192,2361344,2048,29,11,0,ikj,0.305232,27.48272789,0,true,20260809
slm,64,8,8192,2361344,2048,29,11,1,kij,0.227834,36.81894713,0,true,20260809
slm,64,8,8192,2361344,2048,29,12,0,ikj,0.304821,27.51978374,0,true,20260809
slm,64,8,8192,2361344,2048,29,12,1,kij,0.227474,36.87721674,0,true,20260809
slm,64,8,8192,2361344,2048,29,13,0,ikj,0.305052,27.49894444,0,true,20260809
slm,64,8,8192,2361344,2048,29,13,1,kij,0.230439,36.40272697,0,true,20260809
slm,64,8,8192,2361344,2048,29,14,0,ikj,0.305121,27.49272584,0,true,20260809
slm,64,8,8192,2361344,2048,29,14,1,kij,0.228195,36.76070028,0,true,20260809
slm,64,8,8192,2361344,2048,29,15,0,kij,0.228365,36.73333479,0,true,20260809
slm,64,8,8192,2361344,2048,29,15,1,ikj,0.305162,27.48903206,0,true,20260809
slm,64,8,8192,2361344,2048,29,16,0,kij,0.228165,36.76553371,0,true,20260809
slm,64,8,8192,2361344,2048,29,16,1,ikj,0.304461,27.55232361,0,true,20260809
slm,64,8,8192,2361344,2048,29,17,0,ikj,0.304902,27.51247286,0,true,20260809
slm,64,8,8192,2361344,2048,29,17,1,kij,0.227565,36.86247006,0,true,20260809
slm,64,8,8192,2361344,2048,29,18,0,ikj,0.305402,27.46742981,0,true,20260809
slm,64,8,8192,2361344,2048,29,18,1,kij,0.227284,36.90804456,0,true,20260809
slm,64,8,8192,2361344,2048,29,19,0,ikj,0.305212,27.48452879,0,true,20260809
slm,64,8,8192,2361344,2048,29,19,1,kij,0.229858,36.49474023,0,true,20260809
slm,64,8,8192,2361344,2048,47,0,0,kij,0.228606,36.69460994,0,true,20260809
slm,64,8,8192,2361344,2048,47,0,1,ikj,0.304921,27.51075852,0,true,20260809
slm,64,8,8192,2361344,2048,47,1,0,ikj,0.305001,27.50354261,0,true,20260809
slm,64,8,8192,2361344,2048,47,1,1,kij,0.228476,36.71548872,0,true,20260809
slm,64,8,8192,2361344,2048,47,2,0,ikj,0.305092,27.49533911,0,true,20260809
slm,64,8,8192,2361344,2048,47,2,1,kij,0.227184,36.92429044,0,true,20260809
slm,64,8,8192,2361344,2048,47,3,0,ikj,0.305202,27.48542932,0,true,20260809
slm,64,8,8192,2361344,2048,47,3,1,kij,0.233533,35.92043951,0,true,20260809
slm,64,8,8192,2361344,2048,47,4,0,ikj,0.304811,27.52068659,0,true,20260809
slm,64,8,8192,2361344,2048,47,4,1,kij,0.228596,36.69621516,0,true,20260809
slm,64,8,8192,2361344,2048,47,5,0,kij,0.227154,36.929167,0,true,20260809
slm,64,8,8192,2361344,2048,47,5,1,ikj,0.305152,27.48993289,0,true,20260809
slm,64,8,8192,2361344,2048,47,6,0,kij,0.226482,37.03874039,0,true,20260809
slm,64,8,8192,2361344,2048,47,6,1,ikj,0.305422,27.46563116,0,true,20260809
slm,64,8,8192,2361344,2048,47,7,0,kij,0.229277,36.58721983,0,true,20260809
slm,64,8,8192,2361344,2048,47,7,1,ikj,0.304341,27.56318735,0,true,20260809
slm,64,8,8192,2361344,2048,47,8,0,kij,0.227535,36.8673303,0,true,20260809
slm,64,8,8192,2361344,2048,47,8,1,ikj,0.305953,27.41796289,0,true,20260809
slm,64,8,8192,2361344,2048,47,9,0,ikj,0.304781,27.52339549,0,true,20260809
slm,64,8,8192,2361344,2048,47,9,1,kij,0.227555,36.86409,0,true,20260809
slm,64,8,8192,2361344,2048,47,10,0,ikj,0.304651,27.53514021,0,true,20260809
slm,64,8,8192,2361344,2048,47,10,1,kij,0.229067,36.62076161,0,true,20260809
slm,64,8,8192,2361344,2048,47,11,0,kij,0.234154,35.82517488,0,true,20260809
slm,64,8,8192,2361344,2048,47,11,1,ikj,0.304871,27.51527039,0,true,20260809
slm,64,8,8192,2361344,2048,47,12,0,ikj,0.305192,27.48632992,0,true,20260809
slm,64,8,8192,2361344,2048,47,12,1,kij,0.226112,37.099349,0,true,20260809
slm,64,8,8192,2361344,2048,47,13,0,ikj,0.304891,27.51346547,0,true,20260809
slm,64,8,8192,2361344,2048,47,13,1,kij,0.226352,37.06001272,0,true,20260809
slm,64,8,8192,2361344,2048,47,14,0,ikj,0.304841,27.51797822,0,true,20260809
slm,64,8,8192,2361344,2048,47,14,1,kij,0.228275,36.74781733,0,true,20260809
slm,64,8,8192,2361344,2048,47,15,0,ikj,0.304501,27.54870427,0,true,20260809
slm,64,8,8192,2361344,2048,47,15,1,kij,0.229768,36.5090352,0,true,20260809
slm,64,8,8192,2361344,2048,47,16,0,ikj,0.305282,27.47822669,0,true,20260809
slm,64,8,8192,2361344,2048,47,16,1,kij,0.227674,36.84482198,0,true,20260809
slm,64,8,8192,2361344,2048,47,17,0,kij,0.226963,36.96024462,0,true,20260809
slm,64,8,8192,2361344,2048,47,17,1,ikj,0.304941,27.50895419,0,true,20260809
slm,64,8,8192,2361344,2048,47,18,0,ikj,0.304771,27.52429857,0,true,20260809
slm,64,8,8192,2361344,2048,47,18,1,kij,0.234305,35.80208702,0,true,20260809
slm,64,8,8192,2361344,2048,47,19,0,kij,0.226663,37.00916338,0,true,20260809
slm,64,8,8192,2361344,2048,47,19,1,ikj,0.304861,27.51617294,0,true,20260809
slm,64,8,16384,4720640,2048,11,0,0,kij,0.452525,37.07467212,0,true,20260809
slm,64,8,16384,4720640,2048,11,0,1,ikj,0.609733,27.51567653,0,true,20260809
slm,64,8,16384,4720640,2048,11,1,0,kij,0.451223,37.18165076,0,true,20260809
slm,64,8,16384,4720640,2048,11,1,1,ikj,0.614129,27.31871643,0,true,20260809
slm,64,8,16384,4720640,2048,11,2,0,kij,0.450232,37.26349082,0,true,20260809
slm,64,8,16384,4720640,2048,11,2,1,ikj,0.609343,27.53328749,0,true,20260809
slm,64,8,16384,4720640,2048,11,3,0,ikj,0.609072,27.54553813,0,true,20260809
slm,64,8,16384,4720640,2048,11,3,1,kij,0.452445,37.08122755,0,true,20260809
slm,64,8,16384,4720640,2048,11,4,0,kij,0.450411,37.24868176,0,true,20260809
slm,64,8,16384,4720640,2048,11,4,1,ikj,0.608901,27.55327385,0,true,20260809
slm,64,8,16384,4720640,2048,11,5,0,kij,0.451884,37.12726275,0,true,20260809
slm,64,8,16384,4720640,2048,11,5,1,ikj,0.619638,27.0758346,0,true,20260809
slm,64,8,16384,4720640,2048,11,6,0,kij,0.454097,36.94632645,0,true,20260809
slm,64,8,16384,4720640,2048,11,6,1,ikj,0.609483,27.52696302,0,true,20260809
slm,64,8,16384,4720640,2048,11,7,0,kij,0.453777,36.97238071,0,true,20260809
slm,64,8,16384,4720640,2048,11,7,1,ikj,0.608882,27.55413364,0,true,20260809
slm,64,8,16384,4720640,2048,11,8,0,ikj,0.609022,27.54779959,0,true,20260809
slm,64,8,16384,4720640,2048,11,8,1,kij,0.450903,37.20803809,0,true,20260809
slm,64,8,16384,4720640,2048,11,9,0,ikj,0.616433,27.2166091,0,true,20260809
slm,64,8,16384,4720640,2048,11,9,1,kij,0.454277,36.93168705,0,true,20260809
slm,64,8,16384,4720640,2048,11,10,0,ikj,0.6082,27.58503124,0,true,20260809
slm,64,8,16384,4720640,2048,11,10,1,kij,0.452826,37.05002805,0,true,20260809
slm,64,8,16384,4720640,2048,11,11,0,kij,0.450222,37.26431849,0,true,20260809
slm,64,8,16384,4720640,2048,11,11,1,ikj,0.608761,27.55961042,0,true,20260809
slm,64,8,16384,4720640,2048,11,12,0,kij,0.451854,37.12972774,0,true,20260809
slm,64,8,16384,4720640,2048,11,12,1,ikj,0.608861,27.555084,0,true,20260809
slm,64,8,16384,4720640,2048,11,13,0,ikj,0.615612,27.25290605,0,true,20260809
slm,64,8,16384,4720640,2048,11,13,1,kij,0.451924,37.1239766,0,true,20260809
slm,64,8,16384,4720640,2048,11,14,0,kij,0.453367,37.00581648,0,true,20260809
slm,64,8,16384,4720640,2048,11,14,1,ikj,0.608591,27.56730875,0,true,20260809
slm,64,8,16384,4720640,2048,11,15,0,kij,0.451062,37.19492221,0,true,20260809
slm,64,8,16384,4720640,2048,11,15,1,ikj,0.608721,27.56142141,0,true,20260809
slm,64,8,16384,4720640,2048,11,16,0,kij,0.452235,37.0984466,0,true,20260809
slm,64,8,16384,4720640,2048,11,16,1,ikj,0.61443,27.3053334,0,true,20260809
slm,64,8,16384,4720640,2048,11,17,0,kij,0.451543,37.15530082,0,true,20260809
slm,64,8,16384,4720640,2048,11,17,1,ikj,0.60812,27.58866013,0,true,20260809
slm,64,8,16384,4720640,2048,11,18,0,kij,0.452254,37.09688803,0,true,20260809
slm,64,8,16384,4720640,2048,11,18,1,ikj,0.609913,27.507556,0,true,20260809
slm,64,8,16384,4720640,2048,11,19,0,ikj,0.609212,27.53920803,0,true,20260809
slm,64,8,16384,4720640,2048,11,19,1,kij,0.451503,37.15859252,0,true,20260809
slm,64,8,16384,4720640,2048,29,0,0,ikj,0.609433,27.52922142,0,true,20260809
slm,64,8,16384,4720640,2048,29,0,1,kij,0.451784,37.13548067,0,true,20260809
slm,64,8,16384,4720640,2048,29,1,0,kij,0.452715,37.05911225,0,true,20260809
slm,64,8,16384,4720640,2048,29,1,1,ikj,0.608941,27.55146393,0,true,20260809
slm,64,8,16384,4720640,2048,29,2,0,ikj,0.609773,27.51387156,0,true,20260809
slm,64,8,16384,4720640,2048,29,2,1,kij,0.454788,36.89019059,0,true,20260809
slm,64,8,16384,4720640,2048,29,3,0,kij,0.461088,36.38614755,0,true,20260809
slm,64,8,16384,4720640,2048,29,3,1,ikj,0.609212,27.53920803,0,true,20260809
slm,64,8,16384,4720640,2048,29,4,0,kij,0.455088,36.8658721,0,true,20260809
slm,64,8,16384,4720640,2048,29,4,1,ikj,0.609422,27.52971832,0,true,20260809
slm,64,8,16384,4720640,2048,29,5,0,kij,0.452575,37.07057615,0,true,20260809
slm,64,8,16384,4720640,2048,29,5,1,ikj,0.609333,27.53373935,0,true,20260809
slm,64,8,16384,4720640,2048,29,6,0,ikj,0.608772,27.55911244,0,true,20260809
slm,64,8,16384,4720640,2048,29,6,1,kij,0.463411,36.20375002,0,true,20260809
slm,64,8,16384,4720640,2048,29,7,0,ikj,0.610564,27.47822669,0,true,20260809
slm,64,8,16384,4720640,2048,29,7,1,kij,0.452696,37.06066764,0,true,20260809
slm,64,8,16384,4720640,2048,29,8,0,kij,0.451163,37.18659553,0,true,20260809
slm,64,8,16384,4720640,2048,29,8,1,ikj,0.609012,27.54825192,0,true,20260809
slm,64,8,16384,4720640,2048,29,9,0,ikj,0.609692,27.51752688,0,true,20260809
slm,64,8,16384,4720640,2048,29,9,1,kij,0.450411,37.24868176,0,true,20260809
slm,64,8,16384,4720640,2048,29,10,0,ikj,0.616012,27.2352097,0,true,20260809
slm,64,8,16384,4720640,2048,29,10,1,kij,0.451703,37.14213986,0,true,20260809
slm,64,8,16384,4720640,2048,29,11,0,kij,0.452785,37.05338295,0,true,20260809
slm,64,8,16384,4720640,2048,29,11,1,ikj,0.609632,27.52023516,0,true,20260809
slm,64,8,16384,4720640,2048,29,12,0,ikj,0.609532,27.52475014,0,true,20260809
slm,64,8,16384,4720640,2048,29,12,1,kij,0.451523,37.1569466,0,true,20260809
slm,64,8,16384,4720640,2048,29,13,0,ikj,0.609352,27.53288083,0,true,20260809
slm,64,8,16384,4720640,2048,29,13,1,kij,0.451464,37.16180249,0,true,20260809
slm,64,8,16384,4720640,2048,29,14,0,kij,0.458054,36.6271575,0,true,20260809
slm,64,8,16384,4720640,2048,29,14,1,ikj,0.61446,27.30400026,0,true,20260809
slm,64,8,16384,4720640,2048,29,15,0,ikj,0.609763,27.51432278,0,true,20260809
slm,64,8,16384,4720640,2048,29,15,1,kij,0.451293,37.17588352,0,true,20260809
slm,64,8,16384,4720640,2048,29,16,0,kij,0.451083,37.19319061,0,true,20260809
slm,64,8,16384,4720640,2048,29,16,1,ikj,0.609283,27.53599887,0,true,20260809
slm,64,8,16384,4720640,2048,29,17,0,ikj,0.609102,27.54418143,0,true,20260809
slm,64,8,16384,4720640,2048,29,17,1,kij,0.452595,37.06893801,0,true,20260809
slm,64,8,16384,4720640,2048,29,18,0,ikj,0.613008,27.36867382,0,true,20260809
slm,64,8,16384,4720640,2048,29,18,1,kij,0.451213,37.1824748,0,true,20260809
slm,64,8,16384,4720640,2048,29,19,0,kij,0.453837,36.96749273,0,true,20260809
slm,64,8,16384,4720640,2048,29,19,1,ikj,0.609332,27.53378454,0,true,20260809
slm,64,8,16384,4720640,2048,47,0,0,ikj,0.615051,27.27776396,0,true,20260809
slm,64,8,16384,4720640,2048,47,0,1,kij,0.453396,37.00344952,0,true,20260809
slm,64,8,16384,4720640,2048,47,1,0,kij,0.453126,37.02549843,0,true,20260809
slm,64,8,16384,4720640,2048,47,1,1,ikj,0.609162,27.54146844,0,true,20260809
slm,64,8,16384,4720640,2048,47,2,0,kij,0.450181,37.26771232,0,true,20260809
slm,64,8,16384,4720640,2048,47,2,1,ikj,0.609002,27.54870427,0,true,20260809
slm,64,8,16384,4720640,2048,47,3,0,kij,0.457132,36.70103165,0,true,20260809
slm,64,8,16384,4720640,2048,47,3,1,ikj,0.609222,27.53875599,0,true,20260809
slm,64,8,16384,4720640,2048,47,4,0,ikj,0.615111,27.27510319,0,true,20260809
slm,64,8,16384,4720640,2048,47,4,1,kij,0.453146,37.02386427,0,true,20260809
slm,64,8,16384,4720640,2048,47,5,0,kij,0.453987,36.95527846,0,true,20260809
slm,64,8,16384,4720640,2048,47,5,1,ikj,0.609803,27.51251798,0,true,20260809
slm,64,8,16384,4720640,2048,47,6,0,ikj,0.609262,27.53694798,0,true,20260809
slm,64,8,16384,4720640,2048,47,6,1,kij,0.448979,37.36748489,0,true,20260809
slm,64,8,16384,4720640,2048,47,7,0,ikj,0.609653,27.5192872,0,true,20260809
slm,64,8,16384,4720640,2048,47,7,1,kij,0.452946,37.0402123,0,true,20260809
slm,64,8,16384,4720640,2048,47,8,0,ikj,0.613809,27.33295862,0,true,20260809
slm,64,8,16384,4720640,2048,47,8,1,kij,0.450973,37.20226266,0,true,20260809
slm,64,8,16384,4720640,2048,47,9,0,kij,0.451954,37.12151237,0,true,20260809
slm,64,8,16384,4720640,2048,47,9,1,ikj,0.610284,27.49083378,0,true,20260809
slm,64,8,16384,4720640,2048,47,10,0,ikj,0.609583,27.52244731,0,true,20260809
slm,64,8,16384,4720640,2048,47,10,1,kij,0.451924,37.1239766,0,true,20260809
slm,64,8,16384,4720640,2048,47,11,0,kij,0.450652,37.22876188,0,true,20260809
slm,64,8,16384,4720640,2048,47,11,1,ikj,0.614791,27.28929994,0,true,20260809
slm,64,8,16384,4720640,2048,47,12,0,kij,0.453076,37.02958444,0,true,20260809
slm,64,8,16384,4720640,2048,47,12,1,ikj,0.608982,27.54960902,0,true,20260809
slm,64,8,16384,4720640,2048,47,13,0,kij,0.451623,37.14871918,0,true,20260809
slm,64,8,16384,4720640,2048,47,13,1,ikj,0.610474,27.48227771,0,true,20260809
slm,64,8,16384,4720640,2048,47,14,0,kij,0.453026,37.03367136,0,true,20260809
slm,64,8,16384,4720640,2048,47,14,1,ikj,0.609683,27.51793309,0,true,20260809
slm,64,8,16384,4720640,2048,47,15,0,kij,0.453216,37.01814587,0,true,20260809
slm,64,8,16384,4720640,2048,47,15,1,ikj,0.61452,27.30133437,0,true,20260809
slm,64,8,16384,4720640,2048,47,16,0,kij,0.454258,36.93323178,0,true,20260809
slm,64,8,16384,4720640,2048,47,16,1,ikj,0.608311,27.57999773,0,true,20260809
slm,64,8,16384,4720640,2048,47,17,0,ikj,0.608982,27.54960902,0,true,20260809
slm,64,8,16384,4720640,2048,47,17,1,kij,0.452214,37.10016939,0,true,20260809
slm,64,8,16384,4720640,2048,47,18,0,kij,0.453706,36.97816648,0,true,20260809
slm,64,8,16384,4720640,2048,47,18,1,ikj,0.609452,27.52836319,0,true,20260809
slm,64,8,16384,4720640,2048,47,19,0,ikj,0.615902,27.24007391,0,true,20260809
slm,64,8,16384,4720640,2048,47,19,1,kij,0.450582,37.23454554,0,true,20260809
slm,64,16,128,45056,4096,11,0,0,kij,0.014883,17.61365316,0,true,20260809
slm,64,16,128,45056,4096,11,0,1,ikj,0.019128,13.70472606,0,true,20260809
slm,64,16,128,45056,4096,11,1,0,ikj,0.019079,13.73992348,0,true,20260809
slm,64,16,128,45056,4096,11,1,1,kij,0.014442,18.15150256,0,true,20260809
slm,64,16,128,45056,4096,11,2,0,kij,0.014613,17.93909533,0,true,20260809
slm,64,16,128,45056,4096,11,2,1,ikj,0.018989,13.80504503,0,true,20260809
slm,64,16,128,45056,4096,11,3,0,ikj,0.019169,13.67541343,0,true,20260809
slm,64,16,128,45056,4096,11,3,1,kij,0.014251,18.39477931,0,true,20260809
slm,64,16,128,45056,4096,11,4,0,kij,0.014261,18.38188065,0,true,20260809
slm,64,16,128,45056,4096,11,4,1,ikj,0.019079,13.73992348,0,true,20260809
slm,64,16,128,45056,4096,11,5,0,kij,0.014282,18.35485226,0,true,20260809
slm,64,16,128,45056,4096,11,5,1,ikj,0.019059,13.75434178,0,true,20260809
slm,64,16,128,45056,4096,11,6,0,ikj,0.019439,13.48546736,0,true,20260809
slm,64,16,128,45056,4096,11,6,1,kij,0.014101,18.59045458,0,true,20260809
slm,64,16,128,45056,4096,11,7,0,ikj,0.018949,13.8341865,0,true,20260809
slm,64,16,128,45056,4096,11,7,1,kij,0.014411,18.19054889,0,true,20260809
slm,64,16,128,45056,4096,11,8,0,ikj,0.018909,13.86345127,0,true,20260809
slm,64,16,128,45056,4096,11,8,1,kij,0.014422,18.17667453,0,true,20260809
slm,64,16,128,45056,4096,11,9,0,ikj,0.018758,13.97505065,0,true,20260809
slm,64,16,128,45056,4096,11,9,1,kij,0.014452,18.13894271,0,true,20260809
slm,64,16,128,45056,4096,11,10,0,ikj,0.019089,13.73272565,0,true,20260809
slm,64,16,128,45056,4096,11,10,1,kij,0.014743,17.78091298,0,true,20260809
slm,64,16,128,45056,4096,11,11,0,kij,0.014502,18.07640325,0,true,20260809
slm,64,16,128,45056,4096,11,11,1,ikj,0.018819,13.92975185,0,true,20260809
slm,64,16,128,45056,4096,11,12,0,kij,0.014813,17.69688787,0,true,20260809
slm,64,16,128,45056,4096,11,12,1,ikj,0.018908,13.86418447,0,true,20260809
slm,64,16,128,45056,4096,11,13,0,ikj,0.019109,13.71835261,0,true,20260809
slm,64,16,128,45056,4096,11,13,1,kij,0.014171,18.49862395,0,true,20260809
slm,64,16,128,45056,4096,11,14,0,kij,0.014362,18.25261106,0,true,20260809
slm,64,16,128,45056,4096,11,14,1,ikj,0.019009,13.79052028,0,true,20260809
slm,64,16,128,45056,4096,11,15,0,kij,0.015093,17.36858146,0,true,20260809
slm,64,16,128,45056,4096,11,15,1,ikj,0.018779,13.95942276,0,true,20260809
slm,64,16,128,45056,4096,11,16,0,ikj,0.019259,13.61150631,0,true,20260809
slm,64,16,128,45056,4096,11,16,1,kij,0.014562,18.00192281,0,true,20260809
slm,64,16,128,45056,4096,11,17,0,ikj,0.018789,13.95199319,0,true,20260809
slm,64,16,128,45056,4096,11,17,1,kij,0.014491,18.09012491,0,true,20260809
slm,64,16,128,45056,4096,11,18,0,kij,0.014612,17.94032302,0,true,20260809
slm,64,16,128,45056,4096,11,18,1,ikj,0.018859,13.9002068,0,true,20260809
slm,64,16,128,45056,4096,11,19,0,kij,0.014582,17.9772322,0,true,20260809
slm,64,16,128,45056,4096,11,19,1,ikj,0.019069,13.74712885,0,true,20260809
slm,64,16,128,45056,4096,29,0,0,ikj,0.018818,13.93049208,0,true,20260809
slm,64,16,128,45056,4096,29,0,1,kij,0.014372,18.23991094,0,true,20260809
slm,64,16,128,45056,4096,29,1,0,ikj,0.018899,13.87078681,0,true,20260809
slm,64,16,128,45056,4096,29,1,1,kij,0.014512,18.06394708,0,true,20260809
slm,64,16,128,45056,4096,29,2,0,kij,0.014382,18.22722848,0,true,20260809
slm,64,16,128,45056,4096,29,2,1,ikj,0.019069,13.74712885,0,true,20260809
slm,64,16,128,45056,4096,29,3,0,kij,0.014722,17.80627632,0,true,20260809
slm,64,16,128,45056,4096,29,3,1,ikj,0.018928,13.84953508,0,true,20260809
slm,64,16,128,45056,4096,29,4,0,kij,0.014312,18.31637786,0,true,20260809
slm,64,16,128,45056,4096,29,4,1,ikj,0.018839,13.91496364,0,true,20260809
slm,64,16,128,45056,4096,29,5,0,kij,0.014081,18.6168596,0,true,20260809
slm,64,16,128,45056,4096,29,5,1,ikj,0.018948,13.83491661,0,true,20260809
slm,64,16,128,45056,4096,29,6,0,kij,0.014492,18.08887662,0,true,20260809
slm,64,16,128,45056,4096,29,6,1,ikj,0.018899,13.87078681,0,true,20260809
slm,64,16,128,45056,4096,29,7,0,kij,0.014532,18.03908615,0,true,20260809
slm,64,16,128,45056,4096,29,7,1,ikj,0.018799,13.94457152,0,true,20260809
slm,64,16,128,45056,4096,29,8,0,kij,0.014823,17.68494907,0,true,20260809
slm,64,16,128,45056,4096,29,8,1,ikj,0.019029,13.77602607,0,true,20260809
slm,64,16,128,45056,4096,29,9,0,ikj,0.01966,13.33387589,0,true,20260809
slm,64,16,128,45056,4096,29,9,1,kij,0.014192,18.47125141,0,true,20260809
slm,64,16,128,45056,4096,29,10,0,ikj,0.019039,13.76879038,0,true,20260809
slm,64,16,128,45056,4096,29,10,1,kij,0.014442,18.15150256,0,true,20260809
slm,64,16,128,45056,4096,29,11,0,ikj,0.019089,13.73272565,0,true,20260809
slm,64,16,128,45056,4096,29,11,1,kij,0.014962,17.52065232,0,true,20260809
slm,64,16,128,45056,4096,29,12,0,ikj,0.019229,13.63274221,0,true,20260809
slm,64,16,128,45056,4096,29,12,1,kij,0.014562,18.00192281,0,true,20260809
slm,64,16,128,45056,4096,29,13,0,kij,0.014411,18.19054889,0,true,20260809
slm,64,16,128,45056,4096,29,13,1,ikj,0.018748,13.9825048,0,true,20260809
slm,64,16,128,45056,4096,29,14,0,ikj,0.018729,13.99668963,0,true,20260809
slm,64,16,128,45056,4096,29,14,1,kij,0.014743,17.78091298,0,true,20260809
slm,64,16,128,45056,4096,29,15,0,ikj,0.01933,13.56151061,0,true,20260809
slm,64,16,128,45056,4096,29,15,1,kij,0.014382,18.22722848,0,true,20260809
slm,64,16,128,45056,4096,29,16,0,kij,0.014161,18.51168703,0,true,20260809
slm,64,16,128,45056,4096,29,16,1,ikj,0.019019,13.78326936,0,true,20260809
slm,64,16,128,45056,4096,29,17,0,kij,0.015062,17.40432877,0,true,20260809
slm,64,16,128,45056,4096,29,17,1,ikj,0.018909,13.86345127,0,true,20260809
slm,64,16,128,45056,4096,29,18,0,ikj,0.018998,13.79850511,0,true,20260809
slm,64,16,128,45056,4096,29,18,1,kij,0.014572,17.98956904,0,true,20260809
slm,64,16,128,45056,4096,29,19,0,kij,0.014311,18.31765775,0,true,20260809
slm,64,16,128,45056,4096,29,19,1,ikj,0.018959,13.8268896,0,true,20260809
slm,64,16,128,45056,4096,47,0,0,ikj,0.018909,13.86345127,0,true,20260809
slm,64,16,128,45056,4096,47,0,1,kij,0.014442,18.15150256,0,true,20260809
slm,64,16,128,45056,4096,47,1,0,kij,0.014492,18.08887662,0,true,20260809
slm,64,16,128,45056,4096,47,1,1,ikj,0.018969,13.8196004,0,true,20260809
slm,64,16,128,45056,4096,47,2,0,kij,0.014692,17.84263545,0,true,20260809
slm,64,16,128,45056,4096,47,2,1,ikj,0.019009,13.79052028,0,true,20260809
slm,64,16,128,45056,4096,47,3,0,ikj,0.019039,13.76879038,0,true,20260809
slm,64,16,128,45056,4096,47,3,1,kij,0.014481,18.10261722,0,true,20260809
slm,64,16,128,45056,4096,47,4,0,ikj,0.019229,13.63274221,0,true,20260809
slm,64,16,128,45056,4096,47,4,1,kij,0.014863,17.6373545,0,true,20260809
slm,64,16,128,45056,4096,47,5,0,kij,0.014412,18.18928671,0,true,20260809
slm,64,16,128,45056,4096,47,5,1,ikj,0.019119,13.71117736,0,true,20260809
slm,64,16,128,45056,4096,47,6,0,kij,0.014632,17.91580098,0,true,20260809
slm,64,16,128,45056,4096,47,6,1,ikj,0.019179,13.66828302,0,true,20260809
slm,64,16,128,45056,4096,47,7,0,ikj,0.019079,13.73992348,0,true,20260809
slm,64,16,128,45056,4096,47,7,1,kij,0.014802,17.71003918,0,true,20260809
slm,64,16,128,45056,4096,47,8,0,ikj,0.019129,13.70400962,0,true,20260809
slm,64,16,128,45056,4096,47,8,1,kij,0.014662,17.87914336,0,true,20260809
slm,64,16,128,45056,4096,47,9,0,kij,0.014842,17.66230966,0,true,20260809
slm,64,16,128,45056,4096,47,9,1,ikj,0.018868,13.89357643,0,true,20260809
slm,64,16,128,45056,4096,47,10,0,kij,0.014362,18.25261106,0,true,20260809
slm,64,16,128,45056,4096,47,10,1,ikj,0.019139,13.69684937,0,true,20260809
slm,64,16,128,45056,4096,47,11,0,kij,0.014252,18.39348863,0,true,20260809
slm,64,16,128,45056,4096,47,11,1,ikj,0.019069,13.74712885,0,true,20260809
slm,64,16,128,45056,4096,47,12,0,kij,0.014452,18.13894271,0,true,20260809
slm,64,16,128,45056,4096,47,12,1,ikj,0.018778,13.96016615,0,true,20260809
slm,64,16,128,45056,4096,47,13,0,kij,0.013871,18.89870954,0,true,20260809
slm,64,16,128,45056,4096,47,13,1,ikj,0.018718,14.00491506,0,true,20260809
slm,64,16,128,45056,4096,47,14,0,ikj,0.019239,13.62565622,0,true,20260809
slm,64,16,128,45056,4096,47,14,1,kij,0.014642,17.90356509,0,true,20260809
slm,64,16,128,45056,4096,47,15,0,ikj,0.019219,13.63983558,0,true,20260809
slm,64,16,128,45056,4096,47,15,1,kij,0.014211,18.44655549,0,true,20260809
slm,64,16,128,45056,4096,47,16,0,ikj,0.019009,13.79052028,0,true,20260809
slm,64,16,128,45056,4096,47,16,1,kij,0.014572,17.98956904,0,true,20260809
slm,64,16,128,45056,4096,47,17,0,ikj,0.019049,13.76156229,0,true,20260809
slm,64,16,128,45056,4096,47,17,1,kij,0.014542,18.02668134,0,true,20260809
slm,64,16,128,45056,4096,47,18,0,ikj,0.018939,13.8414911,0,true,20260809
slm,64,16,128,45056,4096,47,18,1,kij,0.015013,17.46113368,0,true,20260809
slm,64,16,128,45056,4096,47,19,0,ikj,0.019079,13.73992348,0,true,20260809
slm,64,16,128,45056,4096,47,19,1,kij,0.014452,18.13894271,0,true,20260809
slm,64,16,512,167936,4096,11,0,0,kij,0.028663,36.58291177,0,true,20260809
slm,64,16,512,167936,4096,11,0,1,ikj,0.037497,27.96426381,0,true,20260809
slm,64,16,512,167936,4096,11,1,0,ikj,0.037507,27.95680806,0,true,20260809
slm,64,16,512,167936,4096,11,1,1,kij,0.028723,36.50649305,0,true,20260809
slm,64,16,512,167936,4096,11,2,0,ikj,0.037457,27.9941266,0,true,20260809
slm,64,16,512,167936,4096,11,2,1,kij,0.029084,36.05336267,0,true,20260809
slm,64,16,512,167936,4096,11,3,0,kij,0.034953,29.99959946,0,true,20260809
slm,64,16,512,167936,4096,11,3,1,ikj,0.037517,27.94935629,0,true,20260809
slm,64,16,512,167936,4096,11,4,0,ikj,0.037486,27.97246972,0,true,20260809
slm,64,16,512,167936,4096,11,4,1,kij,0.028423,36.89181297,0,true,20260809
slm,64,16,512,167936,4096,11,5,0,ikj,0.037487,27.97172353,0,true,20260809
slm,64,16,512,167936,4096,11,5,1,kij,0.028664,36.5816355,0,true,20260809
slm,64,16,512,167936,4096,11,6,0,kij,0.028884,36.30300512,0,true,20260809
slm,64,16,512,167936,4096,11,6,1,ikj,0.037487,27.97172353,0,true,20260809
slm,64,16,512,167936,4096,11,7,0,ikj,0.037487,27.97172353,0,true,20260809
slm,64,16,512,167936,4096,11,7,1,kij,0.028413,36.9047971,0,true,20260809
slm,64,16,512,167936,4096,11,8,0,ikj,0.037426,28.01731417,0,true,20260809
slm,64,16,512,167936,4096,11,8,1,kij,0.028333,37.00900011,0,true,20260809
slm,64,16,512,167936,4096,11,9,0,ikj,0.037506,27.95755346,0,true,20260809
slm,64,16,512,167936,4096,11,9,1,kij,0.028393,36.9307928,0,true,20260809
slm,64,16,512,167936,4096,11,10,0,ikj,0.037457,27.9941266,0,true,20260809
slm,64,16,512,167936,4096,11,10,1,kij,0.028624,36.63275573,0,true,20260809
slm,64,16,512,167936,4096,11,11,0,kij,0.028503,36.7882679,0,true,20260809
slm,64,16,512,167936,4096,11,11,1,ikj,0.037437,28.00908192,0,true,20260809
slm,64,16,512,167936,4096,11,12,0,kij,0.028573,36.6981416,0,true,20260809
slm,64,16,512,167936,4096,11,12,1,ikj,0.037526,27.94265309,0,true,20260809
slm,64,16,512,167936,4096,11,13,0,kij,0.028413,36.9047971,0,true,20260809
slm,64,16,512,167936,4096,11,13,1,ikj,0.037487,27.97172353,0,true,20260809
slm,64,16,512,167936,4096,11,14,0,ikj,0.037447,28.00160226,0,true,20260809
slm,64,16,512,167936,4096,11,14,1,kij,0.028112,37.29994308,0,true,20260809
slm,64,16,512,167936,4096,11,15,0,ikj,0.037507,27.95680806,0,true,20260809
slm,64,16,512,167936,4096,11,15,1,kij,0.028222,37.15456027,0,true,20260809
slm,64,16,512,167936,4096,11,16,0,kij,0.028483,36.81409964,0,true,20260809
slm,64,16,512,167936,4096,11,16,1,ikj,0.037477,27.97918723,0,true,20260809
slm,64,16,512,167936,4096,11,17,0,kij,0.028353,36.98289423,0,true,20260809
slm,64,16,512,167936,4096,11,17,1,ikj,0.037517,27.94935629,0,true,20260809
slm,64,16,512,167936,4096,11,18,0,kij,0.028272,37.08885116,0,true,20260809
slm,64,16,512,167936,4096,11,18,1,ikj,0.037517,27.94935629,0,true,20260809
slm,64,16,512,167936,4096,11,19,0,kij,0.028423,36.89181297,0,true,20260809
slm,64,16,512,167936,4096,11,19,1,ikj,0.038909,26.94944614,0,true,20260809
slm,64,16,512,167936,4096,29,0,0,kij,0.027982,37.47323279,0,true,20260809
slm,64,16,512,167936,4096,29,0,1,ikj,0.037547,27.9270248,0,true,20260809
slm,64,16,512,167936,4096,29,1,0,kij,0.027992,37.45984567,0,true,20260809
slm,64,16,512,167936,4096,29,1,1,ikj,0.037497,27.96426381,0,true,20260809
slm,64,16,512,167936,4096,29,2,0,kij,0.028533,36.7495882,0,true,20260809
slm,64,16,512,167936,4096,29,2,1,ikj,0.037457,27.9941266,0,true,20260809
slm,64,16,512,167936,4096,29,3,0,ikj,0.037516,27.95010129,0,true,20260809
slm,64,16,512,167936,4096,29,3,1,kij,0.028633,36.62124123,0,true,20260809
slm,64,16,512,167936,4096,29,4,0,kij,0.028383,36.94380439,0,true,20260809
slm,64,16,512,167936,4096,29,4,1,ikj,0.037497,27.96426381,0,true,20260809
slm,64,16,512,167936,4096,29,5,0,kij,0.028444,36.86457601,0,true,20260809
slm,64,16,512,167936,4096,29,5,1,ikj,0.037457,27.9941266,0,true,20260809
slm,64,16,512,167936,4096,29,6,0,kij,0.028303,37.0482281,0,true,20260809
slm,64,16,512,167936,4096,29,6,1,ikj,0.037467,27.98665492,0,true,20260809
slm,64,16,512,167936,4096,29,7,0,ikj,0.037527,27.94190849,0,true,20260809
slm,64,16,512,167936,4096,29,7,1,kij,0.028704,36.53065775,0,true,20260809
slm,64,16,512,167936,4096,29,8,0,kij,0.028352,36.98419865,0,true,20260809
slm,64,16,512,167936,4096,29,8,1,ikj,0.037457,27.9941266,0,true,20260809
slm,64,16,512,167936,4096,29,9,0,kij,0.028393,36.9307928,0,true,20260809
slm,64,16,512,167936,4096,29,9,1,ikj,0.037487,27.97172353,0,true,20260809
slm,64,16,512,167936,4096,29,10,0,kij,0.028233,37.1400843,0,true,20260809
slm,64,16,512,167936,4096,29,10,1,ikj,0.037547,27.9270248,0,true,20260809
slm,64,16,512,167936,4096,29,11,0,ikj,0.037477,27.97918723,0,true,20260809
slm,64,16,512,167936,4096,29,11,1,kij,0.028353,36.98289423,0,true,20260809
slm,64,16,512,167936,4096,29,12,0,ikj,0.037457,27.9941266,0,true,20260809
slm,64,16,512,167936,4096,29,12,1,kij,0.028163,37.23239712,0,true,20260809
slm,64,16,512,167936,4096,29,13,0,kij,0.028253,37.11379323,0,true,20260809
slm,64,16,512,167936,4096,29,13,1,ikj,0.037467,27.98665492,0,true,20260809
slm,64,16,512,167936,4096,29,14,0,kij,0.028333,37.00900011,0,true,20260809
slm,64,16,512,167936,4096,29,14,1,ikj,0.037467,27.98665492,0,true,20260809
slm,64,16,512,167936,4096,29,15,0,ikj,0.037497,27.96426381,0,true,20260809
slm,64,16,512,167936,4096,29,15,1,kij,0.028694,36.54338886,0,true,20260809
slm,64,16,512,167936,4096,29,16,0,ikj,0.037527,27.94190849,0,true,20260809
slm,64,16,512,167936,4096,29,16,1,kij,0.028253,37.11379323,0,true,20260809
slm,64,16,512,167936,4096,29,17,0,kij,0.028282,37.07573722,0,true,20260809
slm,64,16,512,167936,4096,29,17,1,ikj,0.037487,27.97172353,0,true,20260809
slm,64,16,512,167936,4096,29,18,0,kij,0.028302,37.04953714,0,true,20260809
slm,64,16,512,167936,4096,29,18,1,ikj,0.037467,27.98665492,0,true,20260809
slm,64,16,512,167936,4096,29,19,0,ikj,0.037496,27.9650096,0,true,20260809
slm,64,16,512,167936,4096,29,19,1,kij,0.028313,37.03514287,0,true,20260809
slm,64,16,512,167936,4096,47,0,0,kij,0.028413,36.9047971,0,true,20260809
slm,64,16,512,167936,4096,47,0,1,ikj,0.037477,27.97918723,0,true,20260809
slm,64,16,512,167936,4096,47,1,0,ikj,0.037457,27.9941266,0,true,20260809
slm,64,16,512,167936,4096,47,1,1,kij,0.028583,36.68530245,0,true,20260809
slm,64,16,512,167936,4096,47,2,0,kij,0.028122,37.28667947,0,true,20260809
slm,64,16,512,167936,4096,47,2,1,ikj,0.037497,27.96426381,0,true,20260809
slm,64,16,512,167936,4096,47,3,0,kij,0.028112,37.29994308,0,true,20260809
slm,64,16,512,167936,4096,47,3,1,ikj,0.037457,27.9941266,0,true,20260809
slm,64,16,512,167936,4096,47,4,0,kij,0.028463,36.83996768,0,true,20260809
slm,64,16,512,167936,4096,47,4,1,ikj,0.037457,27.9941266,0,true,20260809
slm,64,16,512,167936,4096,47,5,0,kij,0.028192,37.19409762,0,true,20260809
slm,64,16,512,167936,4096,47,5,1,ikj,0.037507,27.95680806,0,true,20260809
slm,64,16,512,167936,4096,47,6,0,ikj,0.037446,28.00235005,0,true,20260809
slm,64,16,512,167936,4096,47,6,1,kij,0.028363,36.96985509,0,true,20260809
slm,64,16,512,167936,4096,47,7,0,ikj,0.037767,27.76434453,0,true,20260809
slm,64,16,512,167936,4096,47,7,1,kij,0.028152,37.24694515,0,true,20260809
slm,64,16,512,167936,4096,47,8,0,ikj,0.037517,27.94935629,0,true,20260809
slm,64,16,512,167936,4096,47,8,1,kij,0.028403,36.91779037,0,true,20260809
slm,64,16,512,167936,4096,47,9,0,ikj,0.037477,27.97918723,0,true,20260809
slm,64,16,512,167936,4096,47,9,1,kij,0.03345,31.34756353,0,true,20260809
slm,64,16,512,167936,4096,47,10,0,ikj,0.037477,27.97918723,0,true,20260809
slm,64,16,512,167936,4096,47,10,1,kij,0.028633,36.62124123,0,true,20260809
slm,64,16,512,167936,4096,47,11,0,ikj,0.037556,27.9203323,0,true,20260809
slm,64,16,512,167936,4096,47,11,1,kij,0.028203,37.17959082,0,true,20260809
slm,64,16,512,167936,4096,47,12,0,ikj,0.037456,27.99487399,0,true,20260809
slm,64,16,512,167936,4096,47,12,1,kij,0.028393,36.9307928,0,true,20260809
slm,64,16,512,167936,4096,47,13,0,ikj,0.037507,27.95680806,0,true,20260809
slm,64,16,512,167936,4096,47,13,1,kij,0.028173,37.21918149,0,true,20260809
slm,64,16,512,167936,4096,47,14,0,kij,0.028162,37.2337192,0,true,20260809
slm,64,16,512,167936,4096,47,14,1,ikj,0.037497,27.96426381,0,true,20260809
slm,64,16,512,167936,4096,47,15,0,kij,0.028463,36.83996768,0,true,20260809
slm,64,16,512,167936,4096,47,15,1,ikj,0.037527,27.94190849,0,true,20260809
slm,64,16,512,167936,4096,47,16,0,kij,0.028583,36.68530245,0,true,20260809
slm,64,16,512,167936,4096,47,16,1,ikj,0.037537,27.93446466,0,true,20260809
slm,64,16,512,167936,4096,47,17,0,ikj,0.037476,27.97993382,0,true,20260809
slm,64,16,512,167936,4096,47,17,1,kij,0.028143,37.25885655,0,true,20260809
slm,64,16,512,167936,4096,47,18,0,ikj,0.037477,27.97918723,0,true,20260809
slm,64,16,512,167936,4096,47,18,1,kij,0.027992,37.45984567,0,true,20260809
slm,64,16,512,167936,4096,47,19,0,ikj,0.037477,27.97918723,0,true,20260809
slm,64,16,512,167936,4096,47,19,1,kij,0.028423,36.89181297,0,true,20260809
slm,64,16,2048,659456,4096,11,0,0,ikj,0.149967,27.96817967,0,true,20260809
slm,64,16,2048,659456,4096,11,0,1,kij,0.117788,35.60892451,0,true,20260809
slm,64,16,2048,659456,4096,11,1,0,ikj,0.150227,27.91977474,0,true,20260809
slm,64,16,2048,659456,4096,11,1,1,kij,0.116997,35.84967136,0,true,20260809
slm,64,16,2048,659456,4096,11,2,0,kij,0.117448,35.71200872,0,true,20260809
slm,64,16,2048,659456,4096,11,2,1,ikj,0.150118,27.94004716,0,true,20260809
slm,64,16,2048,659456,4096,11,3,0,ikj,0.150248,27.91587242,0,true,20260809
slm,64,16,2048,659456,4096,11,3,1,kij,0.117628,35.65736049,0,true,20260809
slm,64,16,2048,659456,4096,11,4,0,kij,0.116917,35.87420136,0,true,20260809
slm,64,16,2048,659456,4096,11,4,1,ikj,0.150408,27.88617627,0,true,20260809
slm,64,16,2048,659456,4096,11,5,0,ikj,0.150048,27.95308168,0,true,20260809
slm,64,16,2048,659456,4096,11,5,1,kij,0.116637,35.96032134,0,true,20260809
slm,64,16,2048,659456,4096,11,6,0,ikj,0.150207,27.92349225,0,true,20260809
slm,64,16,2048,659456,4096,11,6,1,kij,0.115835,36.20929771,0,true,20260809
slm,64,16,2048,659456,4096,11,7,0,kij,0.116616,35.96679701,0,true,20260809
slm,64,16,2048,659456,4096,11,7,1,ikj,0.154234,27.19441887,0,true,20260809
slm,64,16,2048,659456,4096,11,8,0,kij,0.116497,36.00353657,0,true,20260809
slm,64,16,2048,659456,4096,11,8,1,ikj,0.150088,27.9456319,0,true,20260809
slm,64,16,2048,659456,4096,11,9,0,ikj,0.150088,27.9456319,0,true,20260809
slm,64,16,2048,659456,4096,11,9,1,kij,0.116617,35.96648859,0,true,20260809
slm,64,16,2048,659456,4096,11,10,0,ikj,0.149947,27.97191007,0,true,20260809
slm,64,16,2048,659456,4096,11,10,1,kij,0.115846,36.2058595,0,true,20260809
slm,64,16,2048,659456,4096,11,11,0,kij,0.115756,36.23400947,0,true,20260809
slm,64,16,2048,659456,4096,11,11,1,ikj,0.150068,27.94935629,0,true,20260809
slm,64,16,2048,659456,4096,11,12,0,ikj,0.149937,27.97377565,0,true,20260809
slm,64,16,2048,659456,4096,11,12,1,kij,0.117157,35.80071187,0,true,20260809
slm,64,16,2048,659456,4096,11,13,0,kij,0.117368,35.73635062,0,true,20260809
slm,64,16,2048,659456,4096,11,13,1,ikj,0.150038,27.95494475,0,true,20260809
slm,64,16,2048,659456,4096,11,14,0,kij,0.117398,35.72721852,0,true,20260809
slm,64,16,2048,659456,4096,11,14,1,ikj,0.150137,27.93651132,0,true,20260809
slm,64,16,2048,659456,4096,11,15,0,kij,0.117017,35.8435441,0,true,20260809
slm,64,16,2048,659456,4096,11,15,1,ikj,0.150037,27.95513107,0,true,20260809
slm,64,16,2048,659456,4096,11,16,0,ikj,0.149967,27.96817967,0,true,20260809
slm,64,16,2048,659456,4096,11,16,1,kij,0.117939,35.56333359,0,true,20260809
slm,64,16,2048,659456,4096,11,17,0,ikj,0.150278,27.91029958,0,true,20260809
slm,64,16,2048,659456,4096,11,17,1,kij,0.117477,35.70319297,0,true,20260809
slm,64,16,2048,659456,4096,11,18,0,kij,0.117037,35.83741894,0,true,20260809
slm,64,16,2048,659456,4096,11,18,1,ikj,0.149937,27.97377565,0,true,20260809
slm,64,16,2048,659456,4096,11,19,0,kij,0.117117,35.8129392,0,true,20260809
slm,64,16,2048,659456,4096,11,19,1,ikj,0.150007,27.96072183,0,true,20260809
slm,64,16,2048,659456,4096,29,0,0,ikj,0.150057,27.95140513,0,true,20260809
slm,64,16,2048,659456,4096,29,0,1,kij,0.117538,35.68466368,0,true,20260809
slm,64,16,2048,659456,4096,29,1,0,ikj,0.150367,27.89377989,0,true,20260809
slm,64,16,2048,659456,4096,29,1,1,kij,0.116025,36.15000215,0,true,20260809
slm,64,16,2048,659456,4096,29,2,0,kij,0.118199,35.48510563,0,true,20260809
slm,64,16,2048,659456,4096,29,2,1,ikj,0.150297,27.90677126,0,true,20260809
slm,64,16,2048,659456,4096,29,3,0,ikj,0.149957,27.97004475,0,true,20260809
slm,64,16,2048,659456,4096,29,3,1,kij,0.116566,35.98222466,0,true,20260809
slm,64,16,2048,659456,4096,29,4,0,ikj,0.150137,27.93651132,0,true,20260809
slm,64,16,2048,659456,4096,29,4,1,kij,0.116556,35.98531178,0,true,20260809
slm,64,16,2048,659456,4096,29,5,0,kij,0.117958,35.55760525,0,true,20260809
slm,64,16,2048,659456,4096,29,5,1,ikj,0.149837,27.99244512,0,true,20260809
slm,64,16,2048,659456,4096,29,6,0,kij,0.116386,36.03787397,0,true,20260809
slm,64,16,2048,659456,4096,29,6,1,ikj,0.150037,27.95513107,0,true,20260809
slm,64,16,2048,659456,4096,29,7,0,kij,0.116566,35.98222466,0,true,20260809
slm,64,16,2048,659456,4096,29,7,1,ikj,0.149977,27.96631483,0,true,20260809
slm,64,16,2048,659456,4096,29,8,0,ikj,0.149977,27.96631483,0,true,20260809
slm,64,16,2048,659456,4096,29,8,1,kij,0.115645,36.2687881,0,true,20260809
slm,64,16,2048,659456,4096,29,9,0,ikj,0.150217,27.92163337,0,true,20260809
slm,64,16,2048,659456,4096,29,9,1,kij,0.117148,35.80346229,0,true,20260809
slm,64,16,2048,659456,4096,29,10,0,kij,0.117588,35.66949008,0,true,20260809
slm,64,16,2048,659456,4096,29,10,1,ikj,0.149997,27.96258592,0,true,20260809
slm,64,16,2048,659456,4096,29,11,0,ikj,0.149937,27.97377565,0,true,20260809
slm,64,16,2048,659456,4096,29,11,1,kij,0.116055,36.14065745,0,true,20260809
slm,64,16,2048,659456,4096,29,12,0,ikj,0.156387,26.8200298,0,true,20260809
slm,64,16,2048,659456,4096,29,12,1,kij,0.115625,36.27506162,0,true,20260809
slm,64,16,2048,659456,4096,29,13,0,ikj,0.150087,27.94581809,0,true,20260809
slm,64,16,2048,659456,4096,29,13,1,kij,0.117338,35.7454874,0,true,20260809
slm,64,16,2048,659456,4096,29,14,0,ikj,0.150237,27.91791636,0,true,20260809
slm,64,16,2048,659456,4096,29,14,1,kij,0.116917,35.87420136,0,true,20260809
slm,64,16,2048,659456,4096,29,15,0,kij,0.116917,35.87420136,0,true,20260809
slm,64,16,2048,659456,4096,29,15,1,ikj,0.150037,27.95513107,0,true,20260809
slm,64,16,2048,659456,4096,29,16,0,ikj,0.149977,27.96631483,0,true,20260809
slm,64,16,2048,659456,4096,29,16,1,kij,0.117237,35.77628223,0,true,20260809
slm,64,16,2048,659456,4096,29,17,0,kij,0.115976,36.16527557,0,true,20260809
slm,64,16,2048,659456,4096,29,17,1,ikj,0.150248,27.91587242,0,true,20260809
slm,64,16,2048,659456,4096,29,18,0,kij,0.116386,36.03787397,0,true,20260809
slm,64,16,2048,659456,4096,29,18,1,ikj,0.150258,27.91401456,0,true,20260809
slm,64,16,2048,659456,4096,29,19,0,kij,0.117758,35.61799623,0,true,20260809
slm,64,16,2048,659456,4096,29,19,1,ikj,0.150778,27.81774529,0,true,20260809
slm,64,16,2048,659456,4096,47,0,0,kij,0.116576,35.97913807,0,true,20260809
slm,64,16,2048,659456,4096,47,0,1,ikj,0.149947,27.97191007,0,true,20260809
slm,64,16,2048,659456,4096,47,1,0,kij,0.116556,35.98531178,0,true,20260809
slm,64,16,2048,659456,4096,47,1,1,ikj,0.149987,27.96445025,0,true,20260809
slm,64,16,2048,659456,4096,47,2,0,ikj,0.154734,27.10654413,0,true,20260809
slm,64,16,2048,659456,4096,47,2,1,kij,0.117147,35.80376792,0,true,20260809
slm,64,16,2048,659456,4096,47,3,0,ikj,0.149987,27.96445025,0,true,20260809
slm,64,16,2048,659456,4096,47,3,1,kij,0.116576,35.97913807,0,true,20260809
slm,64,16,2048,659456,4096,47,4,0,kij,0.116997,35.84967136,0,true,20260809
slm,64,16,2048,659456,4096,47,4,1,ikj,0.150047,27.95326798,0,true,20260809
slm,64,16,2048,659456,4096,47,5,0,ikj,0.150437,27.8808006,0,true,20260809
slm,64,16,2048,659456,4096,47,5,1,kij,0.117638,35.65432938,0,true,20260809
slm,64,16,2048,659456,4096,47,6,0,kij,0.117177,35.79460133,0,true,20260809
slm,64,16,2048,659456,4096,47,6,1,ikj,0.150127,27.93837218,0,true,20260809
slm,64,16,2048,659456,4096,47,7,0,kij,0.117087,35.82211518,0,true,20260809
slm,64,16,2048,659456,4096,47,7,1,ikj,0.150157,27.93279035,0,true,20260809
slm,64,16,2048,659456,4096,47,8,0,ikj,0.150097,27.94395624,0,true,20260809
slm,64,16,2048,659456,4096,47,8,1,kij,0.117528,35.68769995,0,true,20260809
slm,64,16,2048,659456,4096,47,9,0,ikj,0.150918,27.79193999,0,true,20260809
slm,64,16,2048,659456,4096,47,9,1,kij,0.117147,35.80376792,0,true,20260809
slm,64,16,2048,659456,4096,47,10,0,kij,0.116496,36.00384563,0,true,20260809
slm,64,16,2048,659456,4096,47,10,1,ikj,0.150498,27.86949993,0,true,20260809
slm,64,16,2048,659456,4096,47,11,0,kij,0.116776,35.9175173,0,true,20260809
slm,64,16,2048,659456,4096,47,11,1,ikj,0.149987,27.96445025,0,true,20260809
slm,64,16,2048,659456,4096,47,12,0,ikj,0.150157,27.93279035,0,true,20260809
slm,64,16,2048,659456,4096,47,12,1,kij,0.115575,36.29075492,0,true,20260809
slm,64,16,2048,659456,4096,47,13,0,kij,0.117387,35.73056642,0,true,20260809
slm,64,16,2048,659456,4096,47,13,1,ikj,0.150348,27.89730492,0,true,20260809
slm,64,16,2048,659456,4096,47,14,0,ikj,0.149967,27.96817967,0,true,20260809
slm,64,16,2048,659456,4096,47,14,1,kij,0.116326,36.05646201,0,true,20260809
slm,64,16,2048,659456,4096,47,15,0,ikj,0.150498,27.86949993,0,true,20260809
slm,64,16,2048,659456,4096,47,15,1,kij,0.116506,36.00075533,0,true,20260809
slm,64,16,2048,659456,4096,47,16,0,ikj,0.149897,27.98124045,0,true,20260809
slm,64,16,2048,659456,4096,47,16,1,kij,0.116917,35.87420136,0,true,20260809
slm,64,16,2048,659456,4096,47,17,0,ikj,0.154644,27.12231965,0,true,20260809
slm,64,16,2048,659456,4096,47,17,1,kij,0.116446,36.01930509,0,true,20260809
slm,64,16,2048,659456,4096,47,18,0,kij,0.117017,35.8435441,0,true,20260809
slm,64,16,2048,659456,4096,47,18,1,ikj,0.150067,27.94954254,0,true,20260809
slm,64,16,2048,659456,4096,47,19,0,kij,0.116796,35.91136683,0,true,20260809
slm,64,16,2048,659456,4096,47,19,1,ikj,0.149877,27.98497435,0,true,20260809
slm,64,16,8192,2625536,4096,11,0,0,kij,0.479245,35.00759737,0,true,20260809
slm,64,16,8192,2625536,4096,11,0,1,ikj,0.608942,27.55141869,0,true,20260809
slm,64,16,8192,2625536,4096,11,1,0,ikj,0.609933,27.50665401,0,true,20260809
slm,64,16,8192,2625536,4096,11,1,1,kij,0.477673,35.12280577,0,true,20260809
slm,64,16,8192,2625536,4096,11,2,0,ikj,0.615121,27.27465978,0,true,20260809
slm,64,16,8192,2625536,4096,11,2,1,kij,0.476932,35.17737539,0,true,20260809
slm,64,16,8192,2625536,4096,11,3,0,ikj,0.610013,27.50304666,0,true,20260809
slm,64,16,8192,2625536,4096,11,3,1,kij,0.474738,35.33994751,0,true,20260809
slm,64,16,8192,2625536,4096,11,4,0,ikj,0.609282,27.53604406,0,true,20260809
slm,64,16,8192,2625536,4096,11,4,1,kij,0.478394,35.06987128,0,true,20260809
slm,64,16,8192,2625536,4096,11,5,0,kij,0.476952,35.1759003,0,true,20260809
slm,64,16,8192,2625536,4096,11,5,1,ikj,0.618496,27.12582781,0,true,20260809
slm,64,16,8192,2625536,4096,11,6,0,kij,0.477212,35.15673537,0,true,20260809
slm,64,16,8192,2625536,4096,11,6,1,ikj,0.609332,27.53378454,0,true,20260809
slm,64,16,8192,2625536,4096,11,7,0,ikj,0.609562,27.52339549,0,true,20260809
slm,64,16,8192,2625536,4096,11,7,1,kij,0.477733,35.11839458,0,true,20260809
slm,64,16,8192,2625536,4096,11,8,0,ikj,0.609202,27.53966008,0,true,20260809
slm,64,16,8192,2625536,4096,11,8,1,kij,0.477613,35.12721806,0,true,20260809
slm,64,16,8192,2625536,4096,11,9,0,kij,0.479987,34.95347999,0,true,20260809
slm,64,16,8192,2625536,4096,11,9,1,ikj,0.61488,27.28534999,0,true,20260809
slm,64,16,8192,2625536,4096,11,10,0,kij,0.478184,35.08527261,0,true,20260809
slm,64,16,8192,2625536,4096,11,10,1,ikj,0.609372,27.53197718,0,true,20260809
slm,64,16,8192,2625536,4096,11,11,0,ikj,0.609702,27.51707555,0,true,20260809
slm,64,16,8192,2625536,4096,11,11,1,kij,0.477243,35.15445172,0,true,20260809
slm,64,16,8192,2625536,4096,11,12,0,kij,0.478945,35.02952531,0,true,20260809
slm,64,16,8192,2625536,4096,11,12,1,ikj,0.609833,27.51116453,0,true,20260809
slm,64,16,8192,2625536,4096,11,13,0,kij,0.480847,34.89096532,0,true,20260809
slm,64,16,8192,2625536,4096,11,13,1,ikj,0.609543,27.52425342,0,true,20260809
slm,64,16,8192,2625536,4096,11,14,0,ikj,0.609242,27.53785195,0,true,20260809
slm,64,16,8192,2625536,4096,11,14,1,kij,0.479225,35.00905838,0,true,20260809
slm,64,16,8192,2625536,4096,11,15,0,kij,0.476521,35.20771592,0,true,20260809
slm,64,16,8192,2625536,4096,11,15,1,ikj,0.609462,27.5279115,0,true,20260809
slm,64,16,8192,2625536,4096,11,16,0,ikj,0.608922,27.55232361,0,true,20260809
slm,64,16,8192,2625536,4096,11,16,1,kij,0.485305,34.57045775,0,true,20260809
slm,64,16,8192,2625536,4096,11,17,0,ikj,0.609302,27.53514021,0,true,20260809
slm,64,16,8192,2625536,4096,11,17,1,kij,0.476882,35.18106366,0,true,20260809
slm,64,16,8192,2625536,4096,11,18,0,kij,0.479065,35.02075084,0,true,20260809
slm,64,16,8192,2625536,4096,11,18,1,ikj,0.609262,27.53694798,0,true,20260809
slm,64,16,8192,2625536,4096,11,19,0,ikj,0.609673,27.51838445,0,true,20260809
slm,64,16,8192,2625536,4096,11,19,1,kij,0.477643,35.12501178,0,true,20260809
slm,64,16,8192,2625536,4096,29,0,0,ikj,0.608621,27.56594991,0,true,20260809
slm,64,16,8192,2625536,4096,29,0,1,kij,0.478564,35.05741343,0,true,20260809
slm,64,16,8192,2625536,4096,29,1,0,ikj,0.608721,27.56142141,0,true,20260809
slm,64,16,8192,2625536,4096,29,1,1,kij,0.477563,35.13089582,0,true,20260809
slm,64,16,8192,2625536,4096,29,2,0,ikj,0.609553,27.52380187,0,true,20260809
slm,64,16,8192,2625536,4096,29,2,1,kij,0.478414,35.06840519,0,true,20260809
slm,64,16,8192,2625536,4096,29,3,0,ikj,0.619788,27.06928175,0,true,20260809
slm,64,16,8192,2625536,4096,29,3,1,kij,0.478484,35.06327484,0,true,20260809
slm,64,16,8192,2625536,4096,29,4,0,ikj,0.608471,27.57274546,0,true,20260809
slm,64,16,8192,2625536,4096,29,4,1,kij,0.477612,35.12729161,0,true,20260809
slm,64,16,8192,2625536,4096,29,5,0,kij,0.479346,35.00022113,0,true,20260809
slm,64,16,8192,2625536,4096,29,5,1,ikj,0.609111,27.54377445,0,true,20260809
slm,64,16,8192,2625536,4096,29,6,0,kij,0.476572,35.2039482,0,true,20260809
slm,64,16,8192,2625536,4096,29,6,1,ikj,0.614971,27.28131245,0,true,20260809
slm,64,16,8192,2625536,4096,29,7,0,kij,0.478073,35.09341879,0,true,20260809
slm,64,16,8192,2625536,4096,29,7,1,ikj,0.609462,27.5279115,0,true,20260809
slm,64,16,8192,2625536,4096,29,8,0,ikj,0.608371,27.57727768,0,true,20260809
slm,64,16,8192,2625536,4096,29,8,1,kij,0.476441,35.21362771,0,true,20260809
slm,64,16,8192,2625536,4096,29,9,0,ikj,0.609923,27.507105,0,true,20260809
slm,64,16,8192,2625536,4096,29,9,1,kij,0.47534,35.29519081,0,true,20260809
slm,64,16,8192,2625536,4096,29,10,0,ikj,0.609001,27.54874951,0,true,20260809
slm,64,16,8192,2625536,4096,29,10,1,kij,0.523503,32.04798444,0,true,20260809
slm,64,16,8192,2625536,4096,29,11,0,kij,0.477663,35.12354107,0,true,20260809
slm,64,16,8192,2625536,4096,29,11,1,ikj,0.608792,27.55820707,0,true,20260809
slm,64,16,8192,2625536,4096,29,12,0,ikj,0.609182,27.54056423,0,true,20260809
slm,64,16,8192,2625536,4096,29,12,1,kij,0.478965,35.02806259,0,true,20260809
slm,64,16,8192,2625536,4096,29,13,0,ikj,0.609903,27.50800701,0,true,20260809
slm,64,16,8192,2625536,4096,29,13,1,kij,0.480347,34.92728382,0,true,20260809
slm,64,16,8192,2625536,4096,29,14,0,kij,0.485295,34.57117011,0,true,20260809
slm,64,16,8192,2625536,4096,29,14,1,ikj,0.60808,27.59047494,0,true,20260809
slm,64,16,8192,2625536,4096,29,15,0,kij,0.47589,35.25439913,0,true,20260809
slm,64,16,8192,2625536,4096,29,15,1,ikj,0.608601,27.56685579,0,true,20260809
slm,64,16,8192,2625536,4096,29,16,0,kij,0.476811,35.18630233,0,true,20260809
slm,64,16,8192,2625536,4096,29,16,1,ikj,0.609533,27.52470498,0,true,20260809
slm,64,16,8192,2625536,4096,29,17,0,kij,0.47571,35.26773875,0,true,20260809
slm,64,16,8192,2625536,4096,29,17,1,ikj,0.614881,27.28530561,0,true,20260809
slm,64,16,8192,2625536,4096,29,18,0,ikj,0.609062,27.54599039,0,true,20260809
slm,64,16,8192,2625536,4096,29,18,1,kij,0.477632,35.12582072,0,true,20260809
slm,64,16,8192,2625536,4096,29,19,0,ikj,0.608952,27.55096625,0,true,20260809
slm,64,16,8192,2625536,4096,29,19,1,kij,0.47595,35.24995483,0,true,20260809
slm,64,16,8192,2625536,4096,47,0,0,kij,0.477012,35.17147577,0,true,20260809
slm,64,16,8192,2625536,4096,47,0,1,ikj,0.614681,27.29418349,0,true,20260809
slm,64,16,8192,2625536,4096,47,1,0,kij,0.479535,34.98642643,0,true,20260809
slm,64,16,8192,2625536,4096,47,1,1,ikj,0.610083,27.499891,0,true,20260809
slm,64,16,8192,2625536,4096,47,2,0,ikj,0.608271,27.5818114,0,true,20260809
slm,64,16,8192,2625536,4096,47,2,1,kij,0.476581,35.20328339,0,true,20260809
slm,64,16,8192,2625536,4096,47,3,0,kij,0.479275,35.00540608,0,true,20260809
slm,64,16,8192,2625536,4096,47,3,1,ikj,0.609292,27.53559213,0,true,20260809
slm,64,16,8192,2625536,4096,47,4,0,ikj,0.616002,27.23565183,0,true,20260809
slm,64,16,8192,2625536,4096,47,4,1,kij,0.477372,35.14495195,0,true,20260809
slm,64,16,8192,2625536,4096,47,5,0,kij,0.481399,34.85095731,0,true,20260809
slm,64,16,8192,2625536,4096,47,5,1,ikj,0.608711,27.56187419,0,true,20260809
slm,64,16,8192,2625536,4096,47,6,0,kij,0.476632,35.19951661,0,true,20260809
slm,64,16,8192,2625536,4096,47,6,1,ikj,0.608601,27.56685579,0,true,20260809
slm,64,16,8192,2625536,4096,47,7,0,ikj,0.609573,27.52289882,0,true,20260809
slm,64,16,8192,2625536,4096,47,7,1,kij,0.477713,35.11986486,0,true,20260809
slm,64,16,8192,2625536,4096,47,8,0,kij,0.481488,34.84451534,0,true,20260809
slm,64,16,8192,2625536,4096,47,8,1,ikj,0.609392,27.53107359,0,true,20260809
slm,64,16,8192,2625536,4096,47,9,0,kij,0.477994,35.09921882,0,true,20260809
slm,64,16,8192,2625536,4096,47,9,1,ikj,0.608892,27.55368111,0,true,20260809
slm,64,16,8192,2625536,4096,47,10,0,ikj,0.609422,27.52971832,0,true,20260809
slm,64,16,8192,2625536,4096,47,10,1,kij,0.477052,35.1685267,0,true,20260809
slm,64,16,8192,2625536,4096,47,11,0,kij,0.478334,35.07427028,0,true,20260809
slm,64,16,8192,2625536,4096,47,11,1,ikj,0.61451,27.30177865,0,true,20260809
slm,64,16,8192,2625536,4096,47,12,0,kij,0.477964,35.10142186,0,true,20260809
slm,64,16,8192,2625536,4096,47,12,1,ikj,0.609242,27.53785195,0,true,20260809
slm,64,16,8192,2625536,4096,47,13,0,kij,0.476662,35.19730123,0,true,20260809
slm,64,16,8192,2625536,4096,47,13,1,ikj,0.609503,27.52605976,0,true,20260809
slm,64,16,8192,2625536,4096,47,14,0,ikj,0.608061,27.59133705,0,true,20260809
slm,64,16,8192,2625536,4096,47,14,1,kij,0.47544,35.28776712,0,true,20260809
slm,64,16,8192,2625536,4096,47,15,0,ikj,0.616052,27.23344133,0,true,20260809
slm,64,16,8192,2625536,4096,47,15,1,kij,0.476511,35.20845479,0,true,20260809
slm,64,16,8192,2625536,4096,47,16,0,ikj,0.608471,27.57274546,0,true,20260809
slm,64,16,8192,2625536,4096,47,16,1,kij,0.476792,35.18770449,0,true,20260809
slm,64,16,8192,2625536,4096,47,17,0,kij,0.479035,35.02294404,0,true,20260809
slm,64,16,8192,2625536,4096,47,17,1,ikj,0.609442,27.52881488,0,true,20260809
slm,64,16,8192,2625536,4096,47,18,0,ikj,0.608431,27.57455817,0,true,20260809
slm,64,16,8192,2625536,4096,47,18,1,kij,0.477332,35.14789706,0,true,20260809
slm,64,16,8192,2625536,4096,47,19,0,ikj,0.613979,27.32539061,0,true,20260809
slm,64,16,8192,2625536,4096,47,19,1,kij,0.477222,35.15599868,0,true,20260809
slm,64,16,16384,5246976,4096,11,0,0,kij,1.091071,30.75366498,0,true,20260809
slm,64,16,16384,5246976,4096,11,0,1,ikj,1.282812,26.15693648,0,true,20260809
slm,64,16,16384,5246976,4096,11,1,0,ikj,1.283503,26.14285436,0,true,20260809
slm,64,16,16384,5246976,4096,11,1,1,kij,1.081957,31.01272232,0,true,20260809
slm,64,16,16384,5246976,4096,11,2,0,ikj,1.292316,25.96457213,0,true,20260809
slm,64,16,16384,5246976,4096,11,2,1,kij,1.084331,30.94482404,0,true,20260809
slm,64,16,16384,5246976,4096,11,3,0,ikj,1.284024,26.13224675,0,true,20260809
slm,64,16,16384,5246976,4096,11,3,1,kij,1.0902,30.77823519,0,true,20260809
slm,64,16,16384,5246976,4096,11,4,0,kij,1.086104,30.89430846,0,true,20260809
slm,64,16,16384,5246976,4096,11,4,1,ikj,1.282001,26.17348348,0,true,20260809
slm,64,16,16384,5246976,4096,11,5,0,ikj,1.298285,25.84519732,0,true,20260809
slm,64,16,16384,5246976,4096,11,5,1,kij,1.084812,30.93110327,0,true,20260809
slm,64,16,16384,5246976,4096,11,6,0,kij,1.082879,30.98631703,0,true,20260809
slm,64,16,16384,5246976,4096,11,6,1,ikj,1.282992,26.15326674,0,true,20260809
slm,64,16,16384,5246976,4096,11,7,0,kij,1.08975,30.79094471,0,true,20260809
slm,64,16,16384,5246976,4096,11,7,1,ikj,1.281891,26.17572945,0,true,20260809
slm,64,16,16384,5246976,4096,11,8,0,kij,1.082409,30.99977181,0,true,20260809
slm,64,16,16384,5246976,4096,11,8,1,ikj,1.2947,25.91676218,0,true,20260809
slm,64,16,16384,5246976,4096,11,9,0,ikj,1.284243,26.12779046,0,true,20260809
slm,64,16,16384,5246976,4096,11,9,1,kij,1.081207,31.03423489,0,true,20260809
slm,64,16,16384,5246976,4096,11,10,0,kij,1.095688,30.62407547,0,true,20260809
slm,64,16,16384,5246976,4096,11,10,1,ikj,1.282311,26.16715602,0,true,20260809
slm,64,16,16384,5246976,4096,11,11,0,ikj,1.284374,26.12512555,0,true,20260809
slm,64,16,16384,5246976,4096,11,11,1,kij,1.084992,30.9259718,0,true,20260809
slm,64,16,16384,5246976,4096,11,12,0,ikj,1.289662,26.01800472,0,true,20260809
slm,64,16,16384,5246976,4096,11,12,1,kij,1.081457,31.02706072,0,true,20260809
slm,64,16,16384,5246976,4096,11,13,0,kij,1.084351,30.94425329,0,true,20260809
slm,64,16,16384,5246976,4096,11,13,1,ikj,1.28872,26.03702278,0,true,20260809
slm,64,16,16384,5246976,4096,11,14,0,kij,1.084993,30.9259433,0,true,20260809
slm,64,16,16384,5246976,4096,11,14,1,ikj,1.282591,26.16144352,0,true,20260809
slm,64,16,16384,5246976,4096,11,15,0,kij,1.081977,31.01214906,0,true,20260809
slm,64,16,16384,5246976,4096,11,15,1,ikj,1.287539,26.06090534,0,true,20260809
slm,64,16,16384,5246976,4096,11,16,0,kij,1.085683,30.90628848,0,true,20260809
slm,64,16,16384,5246976,4096,11,16,1,ikj,1.284194,26.1287874,0,true,20260809
slm,64,16,16384,5246976,4096,11,17,0,kij,1.088317,30.83148752,0,true,20260809
slm,64,16,16384,5246976,4096,11,17,1,ikj,1.283152,26.15000561,0,true,20260809
slm,64,16,16384,5246976,4096,11,18,0,ikj,1.282822,26.15673258,0,true,20260809
slm,64,16,16384,5246976,4096,11,18,1,kij,1.089909,30.78645281,0,true,20260809
slm,64,16,16384,5246976,4096,11,19,0,kij,1.084592,30.93737737,0,true,20260809
slm,64,16,16384,5246976,4096,11,19,1,ikj,1.309332,25.62713811,0,true,20260809
slm,64,16,16384,5246976,4096,29,0,0,ikj,1.281309,26.18761907,0,true,20260809
slm,64,16,16384,5246976,4096,29,0,1,kij,1.084882,30.9291075,0,true,20260809
slm,64,16,16384,5246976,4096,29,1,0,kij,1.089218,30.80598374,0,true,20260809
slm,64,16,16384,5246976,4096,29,1,1,ikj,1.282411,26.16511555,0,true,20260809
slm,64,16,16384,5246976,4096,29,2,0,ikj,1.28163,26.18106006,0,true,20260809
slm,64,16,16384,5246976,4096,29,2,1,kij,1.08395,30.95570091,0,true,20260809
slm,64,16,16384,5246976,4096,29,3,0,kij,1.086023,30.89661269,0,true,20260809
slm,64,16,16384,5246976,4096,29,3,1,ikj,1.284544,26.12166808,0,true,20260809
slm,64,16,16384,5246976,4096,29,4,0,ikj,1.282501,26.1632794,0,true,20260809
slm,64,16,16384,5246976,4096,29,4,1,kij,1.092053,30.72601055,0,true,20260809
slm,64,16,16384,5246976,4096,29,5,0,ikj,1.281259,26.18864102,0,true,20260809
slm,64,16,16384,5246976,4096,29,5,1,kij,1.082659,30.99261356,0,true,20260809
slm,64,16,16384,5246976,4096,29,6,0,kij,1.090119,30.78052213,0,true,20260809
slm,64,16,16384,5246976,4096,29,6,1,ikj,1.282171,26.1700132,0,true,20260809
slm,64,16,16384,5246976,4096,29,7,0,ikj,1.283442,26.14409689,0,true,20260809
slm,64,16,16384,5246976,4096,29,7,1,kij,1.085914,30.89971397,0,true,20260809
slm,64,16,16384,5246976,4096,29,8,0,kij,1.088046,30.83916673,0,true,20260809
slm,64,16,16384,5246976,4096,29,8,1,ikj,1.283523,26.142447,0,true,20260809
slm,64,16,16384,5246976,4096,29,9,0,kij,1.081948,31.01298029,0,true,20260809
slm,64,16,16384,5246976,4096,29,9,1,ikj,1.296502,25.88074064,0,true,20260809
slm,64,16,16384,5246976,4096,29,10,0,ikj,1.285786,26.09643595,0,true,20260809
slm,64,16,16384,5246976,4096,29,10,1,kij,1.083089,30.9803091,0,true,20260809
slm,64,16,16384,5246976,4096,29,11,0,ikj,1.289902,26.01316379,0,true,20260809
slm,64,16,16384,5246976,4096,29,11,1,kij,1.086164,30.89260185,0,true,20260809
slm,64,16,16384,5246976,4096,29,12,0,kij,1.086114,30.89402402,0,true,20260809
slm,64,16,16384,5246976,4096,29,12,1,ikj,1.284394,26.12471874,0,true,20260809
slm,64,16,16384,5246976,4096,29,13,0,kij,1.093044,30.69815305,0,true,20260809
slm,64,16,16384,5246976,4096,29,13,1,ikj,1.284704,26.11841483,0,true,20260809
slm,64,16,16384,5246976,4096,29,14,0,ikj,1.285906,26.09400065,0,true,20260809
slm,64,16,16384,5246976,4096,29,14,1,kij,1.091882,30.73082256,0,true,20260809
slm,64,16,16384,5246976,4096,29,15,0,kij,1.08363,30.96484224,0,true,20260809
slm,64,16,16384,5246976,4096,29,15,1,ikj,1.283072,26.15163607,0,true,20260809
slm,64,16,16384,5246976,4096,29,16,0,ikj,1.286377,26.08444647,0,true,20260809
slm,64,16,16384,5246976,4096,29,16,1,kij,1.086214,30.89117982,0,true,20260809
slm,64,16,16384,5246976,4096,29,17,0,ikj,1.286387,26.0842437,0,true,20260809
slm,64,16,16384,5246976,4096,29,17,1,kij,1.087937,30.84225649,0,true,20260809
slm,64,16,16384,5246976,4096,29,18,0,ikj,1.290202,26.00711516,0,true,20260809
slm,64,16,16384,5246976,4096,29,18,1,kij,1.086224,30.89089543,0,true,20260809
slm,64,16,16384,5246976,4096,29,19,0,kij,1.084682,30.93481039,0,true,20260809
slm,64,16,16384,5246976,4096,29,19,1,ikj,1.289122,26.02890339,0,true,20260809
slm,64,16,16384,5246976,4096,47,0,0,kij,1.08357,30.96655684,0,true,20260809
slm,64,16,16384,5246976,4096,47,0,1,ikj,1.287178,26.06821434,0,true,20260809
slm,64,16,16384,5246976,4096,47,1,0,kij,1.082028,31.01068734,0,true,20260809
slm,64,16,16384,5246976,4096,47,1,1,ikj,1.28225,26.16840086,0,true,20260809
slm,64,16,16384,5246976,4096,47,2,0,ikj,1.287168,26.06841687,0,true,20260809
slm,64,16,16384,5246976,4096,47,2,1,kij,1.084041,30.95310233,0,true,20260809
slm,64,16,16384,5246976,4096,47,3,0,ikj,1.284794,26.11658523,0,true,20260809
slm,64,16,16384,5246976,4096,47,3,1,kij,1.090541,30.76861118,0,true,20260809
slm,64,16,16384,5246976,4096,47,4,0,ikj,1.28202,26.17309558,0,true,20260809
slm,64,16,16384,5246976,4096,47,4,1,kij,1.083029,30.98202541,0,true,20260809
slm,64,16,16384,5246976,4096,47,5,0,kij,1.08388,30.95770011,0,true,20260809
slm,64,16,16384,5246976,4096,47,5,1,ikj,1.289722,26.01679432,0,true,20260809
slm,64,16,16384,5246976,4096,47,6,0,ikj,1.283723,26.13837409,0,true,20260809
slm,64,16,16384,5246976,4096,47,6,1,kij,1.084191,30.9488199,0,true,20260809
slm,64,16,16384,5246976,4096,47,7,0,kij,1.09017,30.77908216,0,true,20260809
slm,64,16,16384,5246976,4096,47,7,1,ikj,1.285275,26.10681138,0,true,20260809
slm,64,16,16384,5246976,4096,47,8,0,kij,1.082719,30.99089607,0,true,20260809
slm,64,16,16384,5246976,4096,47,8,1,ikj,1.283031,26.15247176,0,true,20260809
slm,64,16,16384,5246976,4096,47,9,0,ikj,1.28857,26.0400537,0,true,20260809
slm,64,16,16384,5246976,4096,47,9,1,kij,1.086044,30.89601526,0,true,20260809
slm,64,16,16384,5246976,4096,47,10,0,ikj,1.282701,26.1592,0,true,20260809
slm,64,16,16384,5246976,4096,47,10,1,kij,1.093875,30.67483213,0,true,20260809
slm,64,16,16384,5246976,4096,47,11,0,kij,1.082939,30.98460024,0,true,20260809
slm,64,16,16384,5246976,4096,47,11,1,ikj,1.283322,26.14654155,0,true,20260809
slm,64,16,16384,5246976,4096,47,12,0,kij,1.08996,30.78501229,0,true,20260809
slm,64,16,16384,5246976,4096,47,12,1,ikj,1.283452,26.14389319,0,true,20260809
slm,64,16,16384,5246976,4096,47,13,0,kij,1.084912,30.92825225,0,true,20260809
slm,64,16,16384,5246976,4096,47,13,1,ikj,1.284965,26.1131097,0,true,20260809
slm,64,16,16384,5246976,4096,47,14,0,kij,1.090089,30.78136923,0,true,20260809
slm,64,16,16384,5246976,4096,47,14,1,ikj,1.281079,26.19232069,0,true,20260809
slm,64,16,16384,5246976,4096,47,15,0,kij,1.080856,31.04431303,0,true,20260809
slm,64,16,16384,5246976,4096,47,15,1,ikj,1.295,25.9107583,0,true,20260809
slm,64,16,16384,5246976,4096,47,16,0,ikj,1.2814,26.18575933,0,true,20260809
slm,64,16,16384,5246976,4096,47,16,1,kij,1.083309,30.97401757,0,true,20260809
slm,64,16,16384,5246976,4096,47,17,0,kij,1.091823,30.7324832,0,true,20260809
slm,64,16,16384,5246976,4096,47,17,1,ikj,1.284334,26.1259392,0,true,20260809
slm,64,16,16384,5246976,4096,47,18,0,ikj,1.285095,26.1104681,0,true,20260809
slm,64,16,16384,5246976,4096,47,18,1,kij,1.086685,30.87779071,0,true,20260809
slm,64,16,16384,5246976,4096,47,19,0,kij,1.091191,30.75028295,0,true,20260809
slm,64,16,16384,5246976,4096,47,19,1,ikj,1.282882,26.15550924,0,true,20260809
slm,64,32,128,57344,8192,11,0,0,kij,0.02662,19.69526672,0,true,20260809
slm,64,32,128,57344,8192,11,0,1,ikj,0.037888,13.83783784,0,true,20260809
slm,64,32,128,57344,8192,11,1,0,ikj,0.037797,13.8711538,0,true,20260809
slm,64,32,128,57344,8192,11,1,1,kij,0.02658,19.72490594,0,true,20260809
slm,64,32,128,57344,8192,11,2,0,kij,0.027081,19.35999409,0,true,20260809
slm,64,32,128,57344,8192,11,2,1,ikj,0.038027,13.78725642,0,true,20260809
slm,64,32,128,57344,8192,11,3,0,ikj,0.038007,13.79451154,0,true,20260809
slm,64,32,128,57344,8192,11,3,1,kij,0.02673,19.61421624,0,true,20260809
slm,64,32,128,57344,8192,11,4,0,kij,0.02642,19.84436033,0,true,20260809
slm,64,32,128,57344,8192,11,4,1,ikj,0.037787,13.87482468,0,true,20260809
slm,64,32,128,57344,8192,11,5,0,kij,0.02679,19.57028742,0,true,20260809
slm,64,32,128,57344,8192,11,5,1,ikj,0.038117,13.75470263,0,true,20260809
slm,64,32,128,57344,8192,11,6,0,ikj,0.038147,13.7438855,0,true,20260809
slm,64,32,128,57344,8192,11,6,1,kij,0.02666,19.66571643,0,true,20260809
slm,64,32,128,57344,8192,11,7,0,kij,0.02666,19.66571643,0,true,20260809
slm,64,32,128,57344,8192,11,7,1,ikj,0.037938,13.8196004,0,true,20260809
slm,64,32,128,57344,8192,11,8,0,ikj,0.037857,13.84916924,0,true,20260809
slm,64,32,128,57344,8192,11,8,1,kij,0.02651,19.77698982,0,true,20260809
slm,64,32,128,57344,8192,11,9,0,kij,0.026791,19.56955694,0,true,20260809
slm,64,32,128,57344,8192,11,9,1,ikj,0.038128,13.75073437,0,true,20260809
slm,64,32,128,57344,8192,11,10,0,kij,0.026239,19.98124929,0,true,20260809
slm,64,32,128,57344,8192,11,10,1,ikj,0.037987,13.80177429,0,true,20260809
slm,64,32,128,57344,8192,11,11,0,kij,0.026951,19.45337835,0,true,20260809
slm,64,32,128,57344,8192,11,11,1,ikj,0.037967,13.8090447,0,true,20260809
slm,64,32,128,57344,8192,11,12,0,kij,0.027141,19.31719539,0,true,20260809
slm,64,32,128,57344,8192,11,12,1,ikj,0.038088,13.76517538,0,true,20260809
slm,64,32,128,57344,8192,11,13,0,ikj,0.037858,13.84880342,0,true,20260809
slm,64,32,128,57344,8192,11,13,1,kij,0.026741,19.60614786,0,true,20260809
slm,64,32,128,57344,8192,11,14,0,kij,0.027301,19.2039852,0,true,20260809
slm,64,32,128,57344,8192,11,14,1,ikj,0.037927,13.82360851,0,true,20260809
slm,64,32,128,57344,8192,11,15,0,kij,0.02689,19.49750837,0,true,20260809
slm,64,32,128,57344,8192,11,15,1,ikj,0.037937,13.81996468,0,true,20260809
slm,64,32,128,57344,8192,11,16,0,ikj,0.038178,13.73272565,0,true,20260809
slm,64,32,128,57344,8192,11,16,1,kij,0.02687,19.51202084,0,true,20260809
slm,64,32,128,57344,8192,11,17,0,ikj,0.038158,13.73992348,0,true,20260809
slm,64,32,128,57344,8192,11,17,1,kij,0.02671,19.62890303,0,true,20260809
slm,64,32,128,57344,8192,11,18,0,ikj,0.038157,13.74028357,0,true,20260809
slm,64,32,128,57344,8192,11,18,1,kij,0.026921,19.47505665,0,true,20260809
slm,64,32,128,57344,8192,11,19,0,ikj,0.037837,13.85648968,0,true,20260809
slm,64,32,128,57344,8192,11,19,1,kij,0.026931,19.46782518,0,true,20260809
slm,64,32,128,57344,8192,29,0,0,ikj,0.038008,13.7941486,0,true,20260809
slm,64,32,128,57344,8192,29,0,1,kij,0.026951,19.45337835,0,true,20260809
slm,64,32,128,57344,8192,29,1,0,kij,0.026741,19.60614786,0,true,20260809
slm,64,32,128,57344,8192,29,1,1,ikj,0.037938,13.8196004,0,true,20260809
slm,64,32,128,57344,8192,29,2,0,ikj,0.037908,13.83053709,0,true,20260809
slm,64,32,128,57344,8192,29,2,1,kij,0.02614,20.05692425,0,true,20260809
slm,64,32,128,57344,8192,29,3,0,kij,0.026821,19.54766787,0,true,20260809
slm,64,32,128,57344,8192,29,3,1,ikj,0.038298,13.68969659,0,true,20260809
slm,64,32,128,57344,8192,29,4,0,kij,0.026781,19.57686419,0,true,20260809
slm,64,32,128,57344,8192,29,4,1,ikj,0.037878,13.8414911,0,true,20260809
slm,64,32,128,57344,8192,29,5,0,ikj,0.037928,13.82324404,0,true,20260809
slm,64,32,128,57344,8192,29,5,1,kij,0.027051,19.38146464,0,true,20260809
slm,64,32,128,57344,8192,29,6,0,ikj,0.037777,13.8784975,0,true,20260809
slm,64,32,128,57344,8192,29,6,1,kij,0.027552,19.029036,0,true,20260809
slm,64,32,128,57344,8192,29,7,0,kij,0.027422,19.11924732,0,true,20260809
slm,64,32,128,57344,8192,29,7,1,ikj,0.038388,13.65760133,0,true,20260809
slm,64,32,128,57344,8192,29,8,0,ikj,0.037998,13.79777883,0,true,20260809
slm,64,32,128,57344,8192,29,8,1,kij,0.027071,19.36714565,0,true,20260809
slm,64,32,128,57344,8192,29,9,0,kij,0.02682,19.54839672,0,true,20260809
slm,64,32,128,57344,8192,29,9,1,ikj,0.037917,13.82725427,0,true,20260809
slm,64,32,128,57344,8192,29,10,0,kij,0.027281,19.21806385,0,true,20260809
slm,64,32,128,57344,8192,29,10,1,ikj,0.037918,13.8268896,0,true,20260809
slm,64,32,128,57344,8192,29,11,0,kij,0.02664,19.68048048,0,true,20260809
slm,64,32,128,57344,8192,29,11,1,ikj,0.037997,13.79814196,0,true,20260809
slm,64,32,128,57344,8192,29,12,0,kij,0.026951,19.45337835,0,true,20260809
slm,64,32,128,57344,8192,29,12,1,ikj,0.037757,13.88584898,0,true,20260809
slm,64,32,128,57344,8192,29,13,0,kij,0.02672,19.62155689,0,true,20260809
slm,64,32,128,57344,8192,29,13,1,ikj,0.037657,13.92272353,0,true,20260809
slm,64,32,128,57344,8192,29,14,0,ikj,0.037677,13.91533296,0,true,20260809
slm,64,32,128,57344,8192,29,14,1,kij,0.02643,19.83685206,0,true,20260809
slm,64,32,128,57344,8192,29,15,0,kij,0.027431,19.11297437,0,true,20260809
slm,64,32,128,57344,8192,29,15,1,ikj,0.037917,13.82725427,0,true,20260809
slm,64,32,128,57344,8192,29,16,0,kij,0.02693,19.46854809,0,true,20260809
slm,64,32,128,57344,8192,29,16,1,ikj,0.038097,13.76192351,0,true,20260809
slm,64,32,128,57344,8192,29,17,0,ikj,0.038047,13.78000894,0,true,20260809
slm,64,32,128,57344,8192,29,17,1,kij,0.026961,19.44616298,0,true,20260809
slm,64,32,128,57344,8192,29,18,0,kij,0.027211,19.26750211,0,true,20260809
slm,64,32,128,57344,8192,29,18,1,ikj,0.038398,13.65404448,0,true,20260809
slm,64,32,128,57344,8192,29,19,0,ikj,0.038218,13.71835261,0,true,20260809
slm,64,32,128,57344,8192,29,19,1,kij,0.026981,19.43174827,0,true,20260809
slm,64,32,128,57344,8192,47,0,0,ikj,0.037927,13.82360851,0,true,20260809
slm,64,32,128,57344,8192,47,0,1,kij,0.027251,19.23922058,0,true,20260809
slm,64,32,128,57344,8192,47,1,0,kij,0.027121,19.33144058,0,true,20260809
slm,64,32,128,57344,8192,47,1,1,ikj,0.038438,13.63983558,0,true,20260809
slm,64,32,128,57344,8192,47,2,0,kij,0.027031,19.39580482,0,true,20260809
slm,64,32,128,57344,8192,47,2,1,ikj,0.038078,13.76879038,0,true,20260809
slm,64,32,128,57344,8192,47,3,0,ikj,0.038318,13.68255128,0,true,20260809
slm,64,32,128,57344,8192,47,3,1,kij,0.02648,19.79939577,0,true,20260809
slm,64,32,128,57344,8192,47,4,0,ikj,0.037637,13.93012195,0,true,20260809
slm,64,32,128,57344,8192,47,4,1,kij,0.026911,19.48229349,0,true,20260809
slm,64,32,128,57344,8192,47,5,0,kij,0.02638,19.87445034,0,true,20260809
slm,64,32,128,57344,8192,47,5,1,ikj,0.038248,13.70759255,0,true,20260809
slm,64,32,128,57344,8192,47,6,0,kij,0.02663,19.68787082,0,true,20260809
slm,64,32,128,57344,8192,47,6,1,ikj,0.038468,13.62919829,0,true,20260809
slm,64,32,128,57344,8192,47,7,0,kij,0.027362,19.16117243,0,true,20260809
slm,64,32,128,57344,8192,47,7,1,ikj,0.038158,13.73992348,0,true,20260809
slm,64,32,128,57344,8192,47,8,0,ikj,0.038218,13.71835261,0,true,20260809
slm,64,32,128,57344,8192,47,8,1,kij,0.02659,19.71748778,0,true,20260809
slm,64,32,128,57344,8192,47,9,0,ikj,0.037738,13.89284011,0,true,20260809
slm,64,32,128,57344,8192,47,9,1,kij,0.027041,19.38863208,0,true,20260809
slm,64,32,128,57344,8192,47,10,0,ikj,0.037898,13.8341865,0,true,20260809
slm,64,32,128,57344,8192,47,10,1,kij,0.027061,19.3743025,0,true,20260809
slm,64,32,128,57344,8192,47,11,0,kij,0.02655,19.74719397,0,true,20260809
slm,64,32,128,57344,8192,47,11,1,ikj,0.037687,13.91164062,0,true,20260809
slm,64,32,128,57344,8192,47,12,0,kij,0.02682,19.54839672,0,true,20260809
slm,64,32,128,57344,8192,47,12,1,ikj,0.037877,13.84185654,0,true,20260809
slm,64,32,128,57344,8192,47,13,0,ikj,0.038017,13.79088303,0,true,20260809
slm,64,32,128,57344,8192,47,13,1,kij,0.027011,19.41016623,0,true,20260809
slm,64,32,128,57344,8192,47,14,0,ikj,0.038258,13.70400962,0,true,20260809
slm,64,32,128,57344,8192,47,14,1,kij,0.026951,19.45337835,0,true,20260809
slm,64,32,128,57344,8192,47,15,0,kij,0.026711,19.62816817,0,true,20260809
slm,64,32,128,57344,8192,47,15,1,ikj,0.038028,13.78689387,0,true,20260809
slm,64,32,128,57344,8192,47,16,0,kij,0.02634,19.90463174,0,true,20260809
slm,64,32,128,57344,8192,47,16,1,ikj,0.038058,13.77602607,0,true,20260809
slm,64,32,128,57344,8192,47,17,0,kij,0.02628,19.9500761,0,true,20260809
slm,64,32,128,57344,8192,47,17,1,ikj,0.037997,13.79814196,0,true,20260809
slm,64,32,128,57344,8192,47,18,0,ikj,0.038358,13.66828302,0,true,20260809
slm,64,32,128,57344,8192,47,18,1,kij,0.02666,19.66571643,0,true,20260809
slm,64,32,128,57344,8192,47,19,0,ikj,0.038027,13.78725642,0,true,20260809
slm,64,32,128,57344,8192,47,19,1,kij,0.026981,19.43174827,0,true,20260809
slm,64,32,512,204800,8192,11,0,0,ikj,0.074964,27.97545489,0,true,20260809
slm,64,32,512,204800,8192,11,0,1,kij,0.060351,34.74925022,0,true,20260809
slm,64,32,512,204800,8192,11,1,0,kij,0.056035,37.42575176,0,true,20260809
slm,64,32,512,204800,8192,11,1,1,ikj,0.075014,27.95680806,0,true,20260809
slm,64,32,512,204800,8192,11,2,0,ikj,0.074974,27.97172353,0,true,20260809
slm,64,32,512,204800,8192,11,2,1,kij,0.055444,37.82468797,0,true,20260809
slm,64,32,512,204800,8192,11,3,0,ikj,0.075014,27.95680806,0,true,20260809
slm,64,32,512,204800,8192,11,3,1,kij,0.056165,37.33912579,0,true,20260809
slm,64,32,512,204800,8192,11,4,0,kij,0.055584,37.72941854,0,true,20260809
slm,64,32,512,204800,8192,11,4,1,ikj,0.075004,27.96053544,0,true,20260809
slm,64,32,512,204800,8192,11,5,0,kij,0.055805,37.58000179,0,true,20260809
slm,64,32,512,204800,8192,11,5,1,ikj,0.074974,27.97172353,0,true,20260809
slm,64,32,512,204800,8192,11,6,0,kij,0.055204,37.98913122,0,true,20260809
slm,64,32,512,204800,8192,11,6,1,ikj,0.075003,27.96090823,0,true,20260809
slm,64,32,512,204800,8192,11,7,0,kij,0.056215,37.30591479,0,true,20260809
slm,64,32,512,204800,8192,11,7,1,ikj,0.074934,27.98665492,0,true,20260809
slm,64,32,512,204800,8192,11,8,0,kij,0.055905,37.51278061,0,true,20260809
slm,64,32,512,204800,8192,11,8,1,ikj,0.074964,27.97545489,0,true,20260809
slm,64,32,512,204800,8192,11,9,0,ikj,0.074974,27.97172353,0,true,20260809
slm,64,32,512,204800,8192,11,9,1,kij,0.055824,37.56721124,0,true,20260809
slm,64,32,512,204800,8192,11,10,0,kij,0.055874,37.53359344,0,true,20260809
slm,64,32,512,204800,8192,11,10,1,ikj,0.074913,27.99450029,0,true,20260809
slm,64,32,512,204800,8192,11,11,0,ikj,0.074993,27.9646367,0,true,20260809
slm,64,32,512,204800,8192,11,11,1,kij,0.055564,37.74299906,0,true,20260809
slm,64,32,512,204800,8192,11,12,0,ikj,0.075024,27.95308168,0,true,20260809
slm,64,32,512,204800,8192,11,12,1,kij,0.055684,37.66166224,0,true,20260809
slm,64,32,512,204800,8192,11,13,0,ikj,0.074983,27.96836616,0,true,20260809
slm,64,32,512,204800,8192,11,13,1,kij,0.056145,37.35242675,0,true,20260809
slm,64,32,512,204800,8192,11,14,0,kij,0.055865,37.5396402,0,true,20260809
slm,64,32,512,204800,8192,11,14,1,ikj,0.075014,27.95680806,0,true,20260809
slm,64,32,512,204800,8192,11,15,0,ikj,0.075054,27.94190849,0,true,20260809
slm,64,32,512,204800,8192,11,15,1,kij,0.056025,37.43243195,0,true,20260809
slm,64,32,512,204800,8192,11,16,0,kij,0.055975,37.46586869,0,true,20260809
slm,64,32,512,204800,8192,11,16,1,ikj,0.075014,27.95680806,0,true,20260809
slm,64,32,512,204800,8192,11,17,0,ikj,0.075024,27.95308168,0,true,20260809
slm,64,32,512,204800,8192,11,17,1,kij,0.055544,37.75658937,0,true,20260809
slm,64,32,512,204800,8192,11,18,0,ikj,0.075214,27.88246869,0,true,20260809
slm,64,32,512,204800,8192,11,18,1,kij,0.055594,37.72263194,0,true,20260809
slm,64,32,512,204800,8192,11,19,0,kij,0.055934,37.49333143,0,true,20260809
slm,64,32,512,204800,8192,11,19,1,ikj,0.074953,27.97956052,0,true,20260809
slm,64,32,512,204800,8192,29,0,0,ikj,0.074963,27.97582808,0,true,20260809
slm,64,32,512,204800,8192,29,0,1,kij,0.055474,37.80423261,0,true,20260809
slm,64,32,512,204800,8192,29,1,0,kij,0.055955,37.47926012,0,true,20260809
slm,64,32,512,204800,8192,29,1,1,ikj,0.075034,27.94935629,0,true,20260809
slm,64,32,512,204800,8192,29,2,0,ikj,0.074984,27.96799317,0,true,20260809
slm,64,32,512,204800,8192,29,2,1,kij,0.055795,37.58673716,0,true,20260809
slm,64,32,512,204800,8192,29,3,0,kij,0.055544,37.75658937,0,true,20260809
slm,64,32,512,204800,8192,29,3,1,ikj,0.074983,27.96836616,0,true,20260809
slm,64,32,512,204800,8192,29,4,0,kij,0.055884,37.5268771,0,true,20260809
slm,64,32,512,204800,8192,29,4,1,ikj,0.075013,27.95718076,0,true,20260809
slm,64,32,512,204800,8192,29,5,0,kij,0.055454,37.81786706,0,true,20260809
slm,64,32,512,204800,8192,29,5,1,ikj,0.075064,27.93818608,0,true,20260809
slm,64,32,512,204800,8192,29,6,0,ikj,0.075054,27.94190849,0,true,20260809
slm,64,32,512,204800,8192,29,6,1,kij,0.055574,37.73620758,0,true,20260809
slm,64,32,512,204800,8192,29,7,0,kij,0.055914,37.5067425,0,true,20260809
slm,64,32,512,204800,8192,29,7,1,ikj,0.074953,27.97956052,0,true,20260809
slm,64,32,512,204800,8192,29,8,0,ikj,0.075003,27.96090823,0,true,20260809
slm,64,32,512,204800,8192,29,8,1,kij,0.056104,37.37972337,0,true,20260809
slm,64,32,512,204800,8192,29,9,0,kij,0.056365,37.20663532,0,true,20260809
slm,64,32,512,204800,8192,29,9,1,ikj,0.074893,28.00197615,0,true,20260809
slm,64,32,512,204800,8192,29,10,0,ikj,0.075024,27.95308168,0,true,20260809
slm,64,32,512,204800,8192,29,10,1,kij,0.055965,37.47256321,0,true,20260809
slm,64,32,512,204800,8192,29,11,0,ikj,0.074933,27.98702841,0,true,20260809
slm,64,32,512,204800,8192,29,11,1,kij,0.056074,37.3997218,0,true,20260809
slm,64,32,512,204800,8192,29,12,0,kij,0.056465,37.14074205,0,true,20260809
slm,64,32,512,204800,8192,29,12,1,ikj,0.075604,27.73863817,0,true,20260809
slm,64,32,512,204800,8192,29,13,0,kij,0.055894,37.52016317,0,true,20260809
slm,64,32,512,204800,8192,29,13,1,ikj,0.074993,27.9646367,0,true,20260809
slm,64,32,512,204800,8192,29,14,0,kij,0.056285,37.25951852,0,true,20260809
slm,64,32,512,204800,8192,29,14,1,ikj,0.075043,27.94600429,0,true,20260809
slm,64,32,512,204800,8192,29,15,0,kij,0.055854,37.54703334,0,true,20260809
slm,64,32,512,204800,8192,29,15,1,ikj,0.074993,27.9646367,0,true,20260809
slm,64,32,512,204800,8192,29,16,0,kij,0.055584,37.72941854,0,true,20260809
slm,64,32,512,204800,8192,29,16,1,ikj,0.075054,27.94190849,0,true,20260809
slm,64,32,512,204800,8192,29,17,0,kij,0.055635,37.69483239,0,true,20260809
slm,64,32,512,204800,8192,29,17,1,ikj,0.075074,27.93446466,0,true,20260809
slm,64,32,512,204800,8192,29,18,0,kij,0.055814,37.57394202,0,true,20260809
slm,64,32,512,204800,8192,29,18,1,ikj,0.074943,27.98329397,0,true,20260809
slm,64,32,512,204800,8192,29,19,0,ikj,0.074973,27.97209662,0,true,20260809
slm,64,32,512,204800,8192,29,19,1,kij,0.055774,37.6008893,0,true,20260809
slm,64,32,512,204800,8192,47,0,0,ikj,0.075004,27.96053544,0,true,20260809
slm,64,32,512,204800,8192,47,0,1,kij,0.055865,37.5396402,0,true,20260809
slm,64,32,512,204800,8192,47,1,0,kij,0.055895,37.5194919,0,true,20260809
slm,64,32,512,204800,8192,47,1,1,ikj,0.074923,27.99076385,0,true,20260809
slm,64,32,512,204800,8192,47,2,0,kij,0.056025,37.43243195,0,true,20260809
slm,64,32,512,204800,8192,47,2,1,ikj,0.074984,27.96799317,0,true,20260809
slm,64,32,512,204800,8192,47,3,0,ikj,0.075084,27.93074423,0,true,20260809
slm,64,32,512,204800,8192,47,3,1,kij,0.055805,37.58000179,0,true,20260809
slm,64,32,512,204800,8192,47,4,0,kij,0.055594,37.72263194,0,true,20260809
slm,64,32,512,204800,8192,47,4,1,ikj,0.075023,27.95345427,0,true,20260809
slm,64,32,512,204800,8192,47,5,0,ikj,0.074923,27.99076385,0,true,20260809
slm,64,32,512,204800,8192,47,5,1,kij,0.055414,37.84516548,0,true,20260809
slm,64,32,512,204800,8192,47,6,0,ikj,0.074953,27.97956052,0,true,20260809
slm,64,32,512,204800,8192,47,6,1,kij,0.055885,37.5262056,0,true,20260809
slm,64,32,512,204800,8192,47,7,0,ikj,0.074964,27.97545489,0,true,20260809
slm,64,32,512,204800,8192,47,7,1,kij,0.055645,37.68805823,0,true,20260809
slm,64,32,512,204800,8192,47,8,0,ikj,0.074994,27.96426381,0,true,20260809
slm,64,32,512,204800,8192,47,8,1,kij,0.055975,37.46586869,0,true,20260809
slm,64,32,512,204800,8192,47,9,0,kij,0.05954,35.22257306,0,true,20260809
slm,64,32,512,204800,8192,47,9,1,ikj,0.075063,27.93855828,0,true,20260809
slm,64,32,512,204800,8192,47,10,0,kij,0.055333,37.90056567,0,true,20260809
slm,64,32,512,204800,8192,47,10,1,ikj,0.075514,27.77169796,0,true,20260809
slm,64,32,512,204800,8192,47,11,0,ikj,0.075014,27.95680806,0,true,20260809
slm,64,32,512,204800,8192,47,11,1,kij,0.055895,37.5194919,0,true,20260809
slm,64,32,512,204800,8192,47,12,0,kij,0.055855,37.54636111,0,true,20260809
slm,64,32,512,204800,8192,47,12,1,ikj,0.075324,27.84175031,0,true,20260809
slm,64,32,512,204800,8192,47,13,0,kij,0.055534,37.76338819,0,true,20260809
slm,64,32,512,204800,8192,47,13,1,ikj,0.075024,27.95308168,0,true,20260809
slm,64,32,512,204800,8192,47,14,0,ikj,0.074954,27.97918723,0,true,20260809
slm,64,32,512,204800,8192,47,14,1,kij,0.055554,37.74979299,0,true,20260809
slm,64,32,512,204800,8192,47,15,0,kij,0.055664,37.67519402,0,true,20260809
slm,64,32,512,204800,8192,47,15,1,ikj,0.074984,27.96799317,0,true,20260809
slm,64,32,512,204800,8192,47,16,0,ikj,0.074984,27.96799317,0,true,20260809
slm,64,32,512,204800,8192,47,16,1,kij,0.056085,37.39238656,0,true,20260809
slm,64,32,512,204800,8192,47,17,0,ikj,0.075003,27.96090823,0,true,20260809
slm,64,32,512,204800,8192,47,17,1,kij,0.055595,37.72195341,0,true,20260809
slm,64,32,512,204800,8192,47,18,0,ikj,0.075044,27.9456319,0,true,20260809
slm,64,32,512,204800,8192,47,18,1,kij,0.055644,37.68873553,0,true,20260809
slm,64,32,512,204800,8192,47,19,0,kij,0.055874,37.53359344,0,true,20260809
slm,64,32,512,204800,8192,47,19,1,ikj,0.075023,27.95345427,0,true,20260809
slm,64,32,2048,794624,8192,11,0,0,kij,0.23094,36.32375509,0,true,20260809
slm,64,32,2048,794624,8192,11,0,1,ikj,0.306754,27.34636875,0,true,20260809
slm,64,32,2048,794624,8192,11,1,0,ikj,0.300705,27.89646996,0,true,20260809
slm,64,32,2048,794624,8192,11,1,1,kij,0.232793,36.03462303,0,true,20260809
slm,64,32,2048,794624,8192,11,2,0,kij,0.232542,36.0735179,0,true,20260809
slm,64,32,2048,794624,8192,11,2,1,ikj,0.301377,27.83426738,0,true,20260809
slm,64,32,2048,794624,8192,11,3,0,kij,0.231931,36.16855013,0,true,20260809
slm,64,32,2048,794624,8192,11,3,1,ikj,0.300896,27.8787621,0,true,20260809
slm,64,32,2048,794624,8192,11,4,0,kij,0.234384,35.7900198,0,true,20260809
slm,64,32,2048,794624,8192,11,4,1,ikj,0.300945,27.87422286,0,true,20260809
slm,64,32,2048,794624,8192,11,5,0,ikj,0.300865,27.88163462,0,true,20260809
slm,64,32,2048,794624,8192,11,5,1,kij,0.23181,36.18742936,0,true,20260809
slm,64,32,2048,794624,8192,11,6,0,ikj,0.301516,27.82143568,0,true,20260809
slm,64,32,2048,794624,8192,11,6,1,kij,0.231791,36.19039566,0,true,20260809
slm,64,32,2048,794624,8192,11,7,0,kij,0.233033,35.99751108,0,true,20260809
slm,64,32,2048,794624,8192,11,7,1,ikj,0.307465,27.28313141,0,true,20260809
slm,64,32,2048,794624,8192,11,8,0,ikj,0.300795,27.88812314,0,true,20260809
slm,64,32,2048,794624,8192,11,8,1,kij,0.23135,36.25938189,0,true,20260809
slm,64,32,2048,794624,8192,11,9,0,ikj,0.301066,27.86302007,0,true,20260809
slm,64,32,2048,794624,8192,11,9,1,kij,0.23112,36.29546556,0,true,20260809
slm,64,32,2048,794624,8192,11,10,0,kij,0.232572,36.0688647,0,true,20260809
slm,64,32,2048,794624,8192,11,10,1,ikj,0.300685,27.89832549,0,true,20260809
slm,64,32,2048,794624,8192,11,11,0,ikj,0.300605,27.90575007,0,true,20260809
slm,64,32,2048,794624,8192,11,11,1,kij,0.233303,35.9558514,0,true,20260809
slm,64,32,2048,794624,8192,11,12,0,kij,0.23112,36.29546556,0,true,20260809
slm,64,32,2048,794624,8192,11,12,1,ikj,0.300985,27.87051846,0,true,20260809
slm,64,32,2048,794624,8192,11,13,0,kij,0.230689,36.36327697,0,true,20260809
slm,64,32,2048,794624,8192,11,13,1,ikj,0.301056,27.86394558,0,true,20260809
slm,64,32,2048,794624,8192,11,14,0,kij,0.230048,36.46459869,0,true,20260809
slm,64,32,2048,794624,8192,11,14,1,ikj,0.300645,27.90203729,0,true,20260809
slm,64,32,2048,794624,8192,11,15,0,kij,0.237259,35.35633211,0,true,20260809
slm,64,32,2048,794624,8192,11,15,1,ikj,0.300915,27.87700181,0,true,20260809
slm,64,32,2048,794624,8192,11,16,0,kij,0.231941,36.16699074,0,true,20260809
slm,64,32,2048,794624,8192,11,16,1,ikj,0.300795,27.88812314,0,true,20260809
slm,64,32,2048,794624,8192,11,17,0,kij,0.23128,36.27035628,0,true,20260809
slm,64,32,2048,794624,8192,11,17,1,ikj,0.300886,27.87968865,0,true,20260809
slm,64,32,2048,794624,8192,11,18,0,kij,0.233233,35.9666428,0,true,20260809
slm,64,32,2048,794624,8192,11,18,1,ikj,0.301256,27.84544706,0,true,20260809
slm,64,32,2048,794624,8192,11,19,0,ikj,0.300805,27.88719602,0,true,20260809
slm,64,32,2048,794624,8192,11,19,1,kij,0.229747,36.51237231,0,true,20260809
slm,64,32,2048,794624,8192,29,0,0,ikj,0.300695,27.8973977,0,true,20260809
slm,64,32,2048,794624,8192,29,0,1,kij,0.230318,36.42185153,0,true,20260809
slm,64,32,2048,794624,8192,29,1,0,kij,0.230549,36.38535843,0,true,20260809
slm,64,32,2048,794624,8192,29,1,1,ikj,0.301006,27.86857405,0,true,20260809
slm,64,32,2048,794624,8192,29,2,0,ikj,0.300785,27.88905032,0,true,20260809
slm,64,32,2048,794624,8192,29,2,1,kij,0.233413,35.93890657,0,true,20260809
slm,64,32,2048,794624,8192,29,3,0,kij,0.232132,36.13723226,0,true,20260809
slm,64,32,2048,794624,8192,29,3,1,ikj,0.300695,27.8973977,0,true,20260809
slm,64,32,2048,794624,8192,29,4,0,kij,0.23124,36.27663034,0,true,20260809
slm,64,32,2048,794624,8192,29,4,1,ikj,0.301066,27.86302007,0,true,20260809
slm,64,32,2048,794624,8192,29,5,0,ikj,0.300775,27.88997756,0,true,20260809
slm,64,32,2048,794624,8192,29,5,1,kij,0.238141,35.22538328,0,true,20260809
slm,64,32,2048,794624,8192,29,6,0,ikj,0.300926,27.8759828,0,true,20260809
slm,64,32,2048,794624,8192,29,6,1,kij,0.233794,35.8803391,0,true,20260809
slm,64,32,2048,794624,8192,29,7,0,ikj,0.301226,27.84822027,0,true,20260809
slm,64,32,2048,794624,8192,29,7,1,kij,0.233223,35.96818496,0,true,20260809
slm,64,32,2048,794624,8192,29,8,0,ikj,0.301165,27.85386084,0,true,20260809
slm,64,32,2048,794624,8192,29,8,1,kij,0.231721,36.20132832,0,true,20260809
slm,64,32,2048,794624,8192,29,9,0,kij,0.231741,36.19820403,0,true,20260809
slm,64,32,2048,794624,8192,29,9,1,ikj,0.300775,27.88997756,0,true,20260809
slm,64,32,2048,794624,8192,29,10,0,kij,0.229557,36.54259291,0,true,20260809
slm,64,32,2048,794624,8192,29,10,1,ikj,0.301656,27.80852362,0,true,20260809
slm,64,32,2048,794624,8192,29,11,0,ikj,0.300685,27.89832549,0,true,20260809
slm,64,32,2048,794624,8192,29,11,1,kij,0.231731,36.19976611,0,true,20260809
slm,64,32,2048,794624,8192,29,12,0,ikj,0.300965,27.87237054,0,true,20260809
slm,64,32,2048,794624,8192,29,12,1,kij,0.232231,36.12182697,0,true,20260809
slm,64,32,2048,794624,8192,29,13,0,kij,0.23791,35.25958556,0,true,20260809
slm,64,32,2048,794624,8192,29,13,1,ikj,0.301316,27.8399023,0,true,20260809
slm,64,32,2048,794624,8192,29,14,0,ikj,0.301046,27.86487115,0,true,20260809
slm,64,32,2048,794624,8192,29,14,1,kij,0.234255,35.80972871,0,true,20260809
slm,64,32,2048,794624,8192,29,15,0,kij,0.231871,36.17790927,0,true,20260809
slm,64,32,2048,794624,8192,29,15,1,ikj,0.301246,27.8463714,0,true,20260809
slm,64,32,2048,794624,8192,29,16,0,ikj,0.301046,27.86487115,0,true,20260809
slm,64,32,2048,794624,8192,29,16,1,kij,0.230809,36.34437132,0,true,20260809
slm,64,32,2048,794624,8192,29,17,0,ikj,0.301656,27.80852362,0,true,20260809
slm,64,32,2048,794624,8192,29,17,1,kij,0.23131,36.26565216,0,true,20260809
slm,64,32,2048,794624,8192,29,18,0,ikj,0.300735,27.89368713,0,true,20260809
slm,64,32,2048,794624,8192,29,18,1,kij,0.232081,36.14517345,0,true,20260809
slm,64,32,2048,794624,8192,29,19,0,kij,0.23153,36.2311925,0,true,20260809
slm,64,32,2048,794624,8192,29,19,1,ikj,0.300955,27.87329667,0,true,20260809
slm,64,32,2048,794624,8192,47,0,0,ikj,0.301216,27.8491448,0,true,20260809
slm,64,32,2048,794624,8192,47,0,1,kij,0.23123,36.2781992,0,true,20260809
slm,64,32,2048,794624,8192,47,1,0,ikj,0.301666,27.80760178,0,true,20260809
slm,64,32,2048,794624,8192,47,1,1,kij,0.23163,36.21555066,0,true,20260809
slm,64,32,2048,794624,8192,47,2,0,kij,0.232432,36.09058994,0,true,20260809
slm,64,32,2048,794624,8192,47,2,1,ikj,0.300956,27.87320406,0,true,20260809
slm,64,32,2048,794624,8192,47,3,0,kij,0.232622,36.06111202,0,true,20260809
slm,64,32,2048,794624,8192,47,3,1,ikj,0.305252,27.48092723,0,true,20260809
slm,64,32,2048,794624,8192,47,4,0,ikj,0.300575,27.90853531,0,true,20260809
slm,64,32,2048,794624,8192,47,4,1,kij,0.23127,36.27192459,0,true,20260809
slm,64,32,2048,794624,8192,47,5,0,kij,0.232312,36.10923241,0,true,20260809
slm,64,32,2048,794624,8192,47,5,1,ikj,0.300906,27.8778356,0,true,20260809
slm,64,32,2048,794624,8192,47,6,0,kij,0.23133,36.26251675,0,true,20260809
slm,64,32,2048,794624,8192,47,6,1,ikj,0.301486,27.82420411,0,true,20260809
slm,64,32,2048,794624,8192,47,7,0,ikj,0.300815,27.88626897,0,true,20260809
slm,64,32,2048,794624,8192,47,7,1,kij,0.231571,36.22477771,0,true,20260809
slm,64,32,2048,794624,8192,47,8,0,ikj,0.301226,27.84822027,0,true,20260809
slm,64,32,2048,794624,8192,47,8,1,kij,0.230959,36.32076689,0,true,20260809
slm,64,32,2048,794624,8192,47,9,0,ikj,0.301266,27.84452278,0,true,20260809
slm,64,32,2048,794624,8192,47,9,1,kij,0.231601,36.22008541,0,true,20260809
slm,64,32,2048,794624,8192,47,10,0,ikj,0.301036,27.86579678,0,true,20260809
slm,64,32,2048,794624,8192,47,10,1,kij,0.232722,36.04561666,0,true,20260809
slm,64,32,2048,794624,8192,47,11,0,kij,0.237139,35.37422356,0,true,20260809
slm,64,32,2048,794624,8192,47,11,1,ikj,0.301086,27.86116923,0,true,20260809
slm,64,32,2048,794624,8192,47,12,0,kij,0.231791,36.19039566,0,true,20260809
slm,64,32,2048,794624,8192,47,12,1,ikj,0.300816,27.88617627,0,true,20260809
slm,64,32,2048,794624,8192,47,13,0,ikj,0.300725,27.89461468,0,true,20260809
slm,64,32,2048,794624,8192,47,13,1,kij,0.232131,36.13738794,0,true,20260809
slm,64,32,2048,794624,8192,47,14,0,ikj,0.301326,27.83897838,0,true,20260809
slm,64,32,2048,794624,8192,47,14,1,kij,0.230349,36.41694993,0,true,20260809
slm,64,32,2048,794624,8192,47,15,0,kij,0.232242,36.12011609,0,true,20260809
slm,64,32,2048,794624,8192,47,15,1,ikj,0.300835,27.88441504,0,true,20260809
slm,64,32,2048,794624,8192,47,16,0,ikj,0.300775,27.88997756,0,true,20260809
slm,64,32,2048,794624,8192,47,16,1,kij,0.232953,36.00987324,0,true,20260809
slm,64,32,2048,794624,8192,47,17,0,kij,0.233293,35.95739264,0,true,20260809
slm,64,32,2048,794624,8192,47,17,1,ikj,0.300895,27.87885475,0,true,20260809
slm,64,32,2048,794624,8192,47,18,0,kij,0.230358,36.41552714,0,true,20260809
slm,64,32,2048,794624,8192,47,18,1,ikj,0.307525,27.27780831,0,true,20260809
slm,64,32,2048,794624,8192,47,19,0,kij,0.23132,36.26408439,0,true,20260809
slm,64,32,2048,794624,8192,47,19,1,ikj,0.301156,27.85469325,0,true,20260809
slm,64,32,8192,3153920,8192,11,0,0,kij,1.076009,31.18415552,0,true,20260809
slm,64,32,8192,3153920,8192,11,0,1,ikj,1.302782,25.75598373,0,true,20260809
slm,64,32,8192,3153920,8192,11,1,0,kij,1.073435,31.25893231,0,true,20260809
slm,64,32,8192,3153920,8192,11,1,1,ikj,1.285906,26.09400065,0,true,20260809
slm,64,32,8192,3153920,8192,11,2,0,kij,1.079364,31.08722544,0,true,20260809
slm,64,32,8192,3153920,8192,11,2,1,ikj,1.291665,25.97765829,0,true,20260809
slm,64,32,8192,3153920,8192,11,3,0,ikj,1.286036,26.09136292,0,true,20260809
slm,64,32,8192,3153920,8192,11,3,1,kij,1.075298,31.20477486,0,true,20260809
slm,64,32,8192,3153920,8192,11,4,0,kij,1.083821,30.95938536,0,true,20260809
slm,64,32,8192,3153920,8192,11,4,1,ikj,1.287318,26.06537934,0,true,20260809
slm,64,32,8192,3153920,8192,11,5,0,ikj,1.286577,26.08039161,0,true,20260809
slm,64,32,8192,3153920,8192,11,5,1,kij,1.076489,31.17025069,0,true,20260809
slm,64,32,8192,3153920,8192,11,6,0,kij,1.081987,31.01186243,0,true,20260809
slm,64,32,8192,3153920,8192,11,6,1,ikj,1.286897,26.07390646,0,true,20260809
slm,64,32,8192,3153920,8192,11,7,0,ikj,1.285435,26.10356183,0,true,20260809
slm,64,32,8192,3153920,8192,11,7,1,kij,1.084331,30.94482404,0,true,20260809
slm,64,32,8192,3153920,8192,11,8,0,ikj,1.288441,26.04266086,0,true,20260809
slm,64,32,8192,3153920,8192,11,8,1,kij,1.079213,31.09157506,0,true,20260809
slm,64,32,8192,3153920,8192,11,9,0,kij,1.08378,30.96055657,0,true,20260809
slm,64,32,8192,3153920,8192,11,9,1,ikj,1.286787,26.07613537,0,true,20260809
slm,64,32,8192,3153920,8192,11,10,0,kij,1.076108,31.18128664,0,true,20260809
slm,64,32,8192,3153920,8192,11,10,1,ikj,1.288941,26.03255851,0,true,20260809
slm,64,32,8192,3153920,8192,11,11,0,kij,1.082418,30.99951405,0,true,20260809
slm,64,32,8192,3153920,8192,11,11,1,ikj,1.289391,26.0234731,0,true,20260809
slm,64,32,8192,3153920,8192,11,12,0,kij,1.080185,31.06359744,0,true,20260809
slm,64,32,8192,3153920,8192,11,12,1,ikj,1.300959,25.79207492,0,true,20260809
slm,64,32,8192,3153920,8192,11,13,0,ikj,1.286597,26.0799862,0,true,20260809
slm,64,32,8192,3153920,8192,11,13,1,kij,1.080956,31.04144109,0,true,20260809
slm,64,32,8192,3153920,8192,11,14,0,ikj,1.29501,25.91055822,0,true,20260809
slm,64,32,8192,3153920,8192,11,14,1,kij,1.07646,31.17109043,0,true,20260809
slm,64,32,8192,3153920,8192,11,15,0,kij,1.078843,31.10223823,0,true,20260809
slm,64,32,8192,3153920,8192,11,15,1,ikj,1.286668,26.07854707,0,true,20260809
slm,64,32,8192,3153920,8192,11,16,0,ikj,1.293748,25.93583294,0,true,20260809
slm,64,32,8192,3153920,8192,11,16,1,kij,1.078642,31.10803399,0,true,20260809
slm,64,32,8192,3153920,8192,11,17,0,kij,1.079343,31.08783028,0,true,20260809
slm,64,32,8192,3153920,8192,11,17,1,ikj,1.293207,25.94668294,0,true,20260809
slm,64,32,8192,3153920,8192,11,18,0,ikj,1.286227,26.08748844,0,true,20260809
slm,64,32,8192,3153920,8192,11,18,1,kij,1.080466,31.05551864,0,true,20260809
slm,64,32,8192,3153920,8192,11,19,0,ikj,1.292086,25.969194,0,true,20260809
slm,64,32,8192,3153920,8192,11,19,1,kij,1.075358,31.20303378,0,true,20260809
slm,64,32,8192,3153920,8192,29,0,0,kij,1.073495,31.25718518,0,true,20260809
slm,64,32,8192,3153920,8192,29,0,1,ikj,1.292757,25.9557148,0,true,20260809
slm,64,32,8192,3153920,8192,29,1,0,kij,1.078673,31.10713998,0,true,20260809
slm,64,32,8192,3153920,8192,29,1,1,ikj,1.287018,26.0714551,0,true,20260809
slm,64,32,8192,3153920,8192,29,2,0,ikj,1.292636,25.95814444,0,true,20260809
slm,64,32,8192,3153920,8192,29,2,1,kij,1.079794,31.07484576,0,true,20260809
slm,64,32,8192,3153920,8192,29,3,0,ikj,1.28833,26.04490464,0,true,20260809
slm,64,32,8192,3153920,8192,29,3,1,kij,1.079244,31.090682,0,true,20260809
slm,64,32,8192,3153920,8192,29,4,0,ikj,1.29469,25.91696236,0,true,20260809
slm,64,32,8192,3153920,8192,29,4,1,kij,1.07671,31.16385285,0,true,20260809
slm,64,32,8192,3153920,8192,29,5,0,kij,1.07642,31.17224875,0,true,20260809
slm,64,32,8192,3153920,8192,29,5,1,ikj,1.291745,25.97604945,0,true,20260809
slm,64,32,8192,3153920,8192,29,6,0,kij,1.0766,31.16703697,0,true,20260809
slm,64,32,8192,3153920,8192,29,6,1,ikj,1.287209,26.06758654,0,true,20260809
slm,64,32,8192,3153920,8192,29,7,0,ikj,1.295291,25.90493719,0,true,20260809
slm,64,32,8192,3153920,8192,29,7,1,kij,1.078002,31.12650255,0,true,20260809
slm,64,32,8192,3153920,8192,29,8,0,kij,1.076139,31.18038841,0,true,20260809
slm,64,32,8192,3153920,8192,29,8,1,ikj,1.289592,26.01941699,0,true,20260809
slm,64,32,8192,3153920,8192,29,9,0,ikj,1.293598,25.93884035,0,true,20260809
slm,64,32,8192,3153920,8192,29,9,1,kij,1.080075,31.0667611,0,true,20260809
slm,64,32,8192,3153920,8192,29,10,0,ikj,1.286798,26.07591246,0,true,20260809
slm,64,32,8192,3153920,8192,29,10,1,kij,1.085273,30.91796442,0,true,20260809
slm,64,32,8192,3153920,8192,29,11,0,kij,1.074447,31.22949015,0,true,20260809
slm,64,32,8192,3153920,8192,29,11,1,ikj,1.285656,26.09907471,0,true,20260809
slm,64,32,8192,3153920,8192,29,12,0,kij,1.080075,31.0667611,0,true,20260809
slm,64,32,8192,3153920,8192,29,12,1,ikj,1.291445,25.98208363,0,true,20260809
slm,64,32,8192,3153920,8192,29,13,0,ikj,1.28838,26.04389388,0,true,20260809
slm,64,32,8192,3153920,8192,29,13,1,kij,1.079093,31.09503259,0,true,20260809
slm,64,32,8192,3153920,8192,29,14,0,ikj,1.294368,25.92340973,0,true,20260809
slm,64,32,8192,3153920,8192,29,14,1,kij,1.079844,31.0734069,0,true,20260809
slm,64,32,8192,3153920,8192,29,15,0,ikj,1.287498,26.06173524,0,true,20260809
slm,64,32,8192,3153920,8192,29,15,1,kij,1.086284,30.8891892,0,true,20260809
slm,64,32,8192,3153920,8192,29,16,0,kij,1.080515,31.05411031,0,true,20260809
slm,64,32,8192,3153920,8192,29,16,1,ikj,1.285956,26.09298607,0,true,20260809
slm,64,32,8192,3153920,8192,29,17,0,ikj,1.290073,26.00971573,0,true,20260809
slm,64,32,8192,3153920,8192,29,17,1,kij,1.07744,31.14273834,0,true,20260809
slm,64,32,8192,3153920,8192,29,18,0,ikj,1.289391,26.0234731,0,true,20260809
slm,64,32,8192,3153920,8192,29,18,1,kij,1.074616,31.22457883,0,true,20260809
slm,64,32,8192,3153920,8192,29,19,0,kij,1.082408,30.99980044,0,true,20260809
slm,64,32,8192,3153920,8192,29,19,1,ikj,1.286988,26.07206283,0,true,20260809
slm,64,32,8192,3153920,8192,47,0,0,ikj,1.296983,25.87114249,0,true,20260809
slm,64,32,8192,3153920,8192,47,0,1,kij,1.079534,31.08232997,0,true,20260809
slm,64,32,8192,3153920,8192,47,1,0,ikj,1.28833,26.04490464,0,true,20260809
slm,64,32,8192,3153920,8192,47,1,1,kij,1.079233,31.09099889,0,true,20260809
slm,64,32,8192,3153920,8192,47,2,0,kij,1.084342,30.94451013,0,true,20260809
slm,64,32,8192,3153920,8192,47,2,1,ikj,1.287449,26.06272714,0,true,20260809
slm,64,32,8192,3153920,8192,47,3,0,ikj,1.287419,26.06333447,0,true,20260809
slm,64,32,8192,3153920,8192,47,3,1,kij,1.081647,31.02161056,0,true,20260809
slm,64,32,8192,3153920,8192,47,4,0,kij,1.078973,31.09849088,0,true,20260809
slm,64,32,8192,3153920,8192,47,4,1,ikj,1.287629,26.05908379,0,true,20260809
slm,64,32,8192,3153920,8192,47,5,0,ikj,1.292606,25.9587469,0,true,20260809
slm,64,32,8192,3153920,8192,47,5,1,kij,1.078041,31.12537649,0,true,20260809
slm,64,32,8192,3153920,8192,47,6,0,ikj,1.285395,26.10437414,0,true,20260809
slm,64,32,8192,3153920,8192,47,6,1,kij,1.079834,31.07369466,0,true,20260809
slm,64,32,8192,3153920,8192,47,7,0,ikj,1.291624,25.9784829,0,true,20260809
slm,64,32,8192,3153920,8192,47,7,1,kij,1.080696,31.04890922,0,true,20260809
slm,64,32,8192,3153920,8192,47,8,0,kij,1.07709,31.15285816,0,true,20260809
slm,64,32,8192,3153920,8192,47,8,1,ikj,1.299547,25.82009885,0,true,20260809
slm,64,32,8192,3153920,8192,47,9,0,ikj,1.287489,26.06191742,0,true,20260809
slm,64,32,8192,3153920,8192,47,9,1,kij,1.07646,31.17109043,0,true,20260809
slm,64,32,8192,3153920,8192,47,10,0,ikj,1.286858,26.07469666,0,true,20260809
slm,64,32,8192,3153920,8192,47,10,1,kij,1.082208,31.00552944,0,true,20260809
slm,64,32,8192,3153920,8192,47,11,0,ikj,1.286337,26.0852576,0,true,20260809
slm,64,32,8192,3153920,8192,47,11,1,kij,1.078112,31.1233267,0,true,20260809
slm,64,32,8192,3153920,8192,47,12,0,kij,1.079213,31.09157506,0,true,20260809
slm,64,32,8192,3153920,8192,47,12,1,ikj,1.285746,26.09724782,0,true,20260809
slm,64,32,8192,3153920,8192,47,13,0,ikj,1.286818,26.07550718,0,true,20260809
slm,64,32,8192,3153920,8192,47,13,1,kij,1.082118,31.00810817,0,true,20260809
slm,64,32,8192,3153920,8192,47,14,0,kij,1.078693,31.10656322,0,true,20260809
slm,64,32,8192,3153920,8192,47,14,1,ikj,1.28789,26.05380273,0,true,20260809
slm,64,32,8192,3153920,8192,47,15,0,kij,1.078432,31.11409157,0,true,20260809
slm,64,32,8192,3153920,8192,47,15,1,ikj,1.299447,25.82208586,0,true,20260809
slm,64,32,8192,3153920,8192,47,16,0,ikj,1.286247,26.08708281,0,true,20260809
slm,64,32,8192,3153920,8192,47,16,1,kij,1.079134,31.09385118,0,true,20260809
slm,64,32,8192,3153920,8192,47,17,0,kij,1.085854,30.90142137,0,true,20260809
slm,64,32,8192,3153920,8192,47,17,1,ikj,1.287839,26.05483449,0,true,20260809
slm,64,32,8192,3153920,8192,47,18,0,ikj,1.288961,26.03215458,0,true,20260809
slm,64,32,8192,3153920,8192,47,18,1,kij,1.084391,30.94311185,0,true,20260809
slm,64,32,8192,3153920,8192,47,19,0,ikj,1.286647,26.07897271,0,true,20260809
slm,64,32,8192,3153920,8192,47,19,1,kij,1.079584,31.08089042,0,true,20260809
slm,64,32,16384,6299648,8192,11,0,0,kij,2.157826,31.10022031,0,true,20260809
slm,64,32,16384,6299648,8192,11,0,1,ikj,2.564221,26.17124811,0,true,20260809
slm,64,32,16384,6299648,8192,11,1,0,ikj,2.566084,26.15224755,0,true,20260809
slm,64,32,16384,6299648,8192,11,1,1,kij,2.164106,31.00997086,0,true,20260809
slm,64,32,16384,6299648,8192,11,2,0,kij,2.164717,31.00121817,0,true,20260809
slm,64,32,16384,6299648,8192,11,2,1,ikj,2.564221,26.17124811,0,true,20260809
slm,64,32,16384,6299648,8192,11,3,0,kij,2.165548,30.98932187,0,true,20260809
slm,64,32,16384,6299648,8192,11,3,1,ikj,2.565323,26.16000558,0,true,20260809
slm,64,32,16384,6299648,8192,11,4,0,ikj,2.572273,26.08932411,0,true,20260809
slm,64,32,16384,6299648,8192,11,4,1,kij,2.164226,31.00825145,0,true,20260809
slm,64,32,16384,6299648,8192,11,5,0,kij,2.158257,31.09400966,0,true,20260809
slm,64,32,16384,6299648,8192,11,5,1,ikj,2.568688,26.12573578,0,true,20260809
slm,64,32,16384,6299648,8192,11,6,0,ikj,2.56307,26.18300085,0,true,20260809
slm,64,32,16384,6299648,8192,11,6,1,kij,2.170175,30.92324997,0,true,20260809
slm,64,32,16384,6299648,8192,11,7,0,kij,2.157306,31.10771675,0,true,20260809
slm,64,32,16384,6299648,8192,11,7,1,ikj,2.57014,26.11097606,0,true,20260809
slm,64,32,16384,6299648,8192,11,8,0,ikj,2.57025,26.10985857,0,true,20260809
slm,64,32,16384,6299648,8192,11,8,1,kij,2.157795,31.10066712,0,true,20260809
slm,64,32,16384,6299648,8192,11,9,0,kij,2.165077,30.99606342,0,true,20260809
slm,64,32,16384,6299648,8192,11,9,1,ikj,2.569579,26.1166767,0,true,20260809
slm,64,32,16384,6299648,8192,11,10,0,kij,2.160159,31.06663167,0,true,20260809
slm,64,32,16384,6299648,8192,11,10,1,ikj,2.567926,26.13348827,0,true,20260809
slm,64,32,16384,6299648,8192,11,11,0,ikj,2.559744,26.2170217,0,true,20260809
slm,64,32,16384,6299648,8192,11,11,1,kij,2.165587,30.98876379,0,true,20260809
slm,64,32,16384,6299648,8192,11,12,0,kij,2.159398,31.07757996,0,true,20260809
slm,64,32,16384,6299648,8192,11,12,1,ikj,2.572964,26.08231751,0,true,20260809
slm,64,32,16384,6299648,8192,11,13,0,ikj,2.568998,26.1225832,0,true,20260809
slm,64,32,16384,6299648,8192,11,13,1,kij,2.158827,31.08579983,0,true,20260809
slm,64,32,16384,6299648,8192,11,14,0,ikj,2.571582,26.09633447,0,true,20260809
slm,64,32,16384,6299648,8192,11,14,1,kij,2.154722,31.14502196,0,true,20260809
slm,64,32,16384,6299648,8192,11,15,0,kij,2.165097,30.99577709,0,true,20260809
slm,64,32,16384,6299648,8192,11,15,1,ikj,2.564631,26.16706419,0,true,20260809
slm,64,32,16384,6299648,8192,11,16,0,kij,2.158076,31.09661754,0,true,20260809
slm,64,32,16384,6299648,8192,11,16,1,ikj,2.574346,26.0683156,0,true,20260809
slm,64,32,16384,6299648,8192,11,17,0,kij,2.154011,31.15530236,0,true,20260809
slm,64,32,16384,6299648,8192,11,17,1,ikj,2.564902,26.16429945,0,true,20260809
slm,64,32,16384,6299648,8192,11,18,0,kij,2.161292,31.05034581,0,true,20260809
slm,64,32,16384,6299648,8192,11,18,1,ikj,2.560174,26.21261836,0,true,20260809
slm,64,32,16384,6299648,8192,11,19,0,ikj,2.565332,26.1599138,0,true,20260809
slm,64,32,16384,6299648,8192,11,19,1,kij,2.159478,31.07642866,0,true,20260809
slm,64,32,16384,6299648,8192,29,0,0,ikj,2.562178,26.19211624,0,true,20260809
slm,64,32,16384,6299648,8192,29,0,1,kij,2.171596,30.90301511,0,true,20260809
slm,64,32,16384,6299648,8192,29,1,0,ikj,2.565933,26.15378656,0,true,20260809
slm,64,32,16384,6299648,8192,29,1,1,kij,2.159268,31.079451,0,true,20260809
slm,64,32,16384,6299648,8192,29,2,0,kij,2.161671,31.04490184,0,true,20260809
slm,64,32,16384,6299648,8192,29,2,1,ikj,2.559834,26.21609995,0,true,20260809
slm,64,32,16384,6299648,8192,29,3,0,kij,2.161662,31.04503109,0,true,20260809
slm,64,32,16384,6299648,8192,29,3,1,ikj,2.566835,26.14459597,0,true,20260809
slm,64,32,16384,6299648,8192,29,4,0,kij,2.157775,31.10095538,0,true,20260809
slm,64,32,16384,6299648,8192,29,4,1,ikj,2.568557,26.12706823,0,true,20260809
slm,64,32,16384,6299648,8192,29,5,0,kij,2.159448,31.07686038,0,true,20260809
slm,64,32,16384,6299648,8192,29,5,1,ikj,2.566654,26.14643968,0,true,20260809
slm,64,32,16384,6299648,8192,29,6,0,ikj,2.565943,26.15368463,0,true,20260809
slm,64,32,16384,6299648,8192,29,6,1,kij,2.158677,31.08795989,0,true,20260809
slm,64,32,16384,6299648,8192,29,7,0,kij,2.168341,30.9494051,0,true,20260809
slm,64,32,16384,6299648,8192,29,7,1,ikj,2.561367,26.20040939,0,true,20260809
slm,64,32,16384,6299648,8192,29,8,0,kij,2.164796,31.00008684,0,true,20260809
slm,64,32,16384,6299648,8192,29,8,1,ikj,2.561367,26.20040939,0,true,20260809
slm,64,32,16384,6299648,8192,29,9,0,ikj,2.568498,26.12766839,0,true,20260809
slm,64,32,16384,6299648,8192,29,9,1,kij,2.164556,31.00352405,0,true,20260809
slm,64,32,16384,6299648,8192,29,10,0,ikj,2.559434,26.22019712,0,true,20260809
slm,64,32,16384,6299648,8192,29,10,1,kij,2.168312,30.94981903,0,true,20260809
slm,64,32,16384,6299648,8192,29,11,0,ikj,2.562408,26.18976525,0,true,20260809
slm,64,32,16384,6299648,8192,29,11,1,kij,2.163694,31.01587563,0,true,20260809
slm,64,32,16384,6299648,8192,29,12,0,ikj,2.567636,26.1364399,0,true,20260809
slm,64,32,16384,6299648,8192,29,12,1,kij,2.159488,31.07628475,0,true,20260809
slm,64,32,16384,6299648,8192,29,13,0,ikj,2.565072,26.16256542,0,true,20260809
slm,64,32,16384,6299648,8192,29,13,1,kij,2.156404,31.12072877,0,true,20260809
slm,64,32,16384,6299648,8192,29,14,0,kij,2.163435,31.01958876,0,true,20260809
slm,64,32,16384,6299648,8192,29,14,1,ikj,2.571883,26.09328029,0,true,20260809
slm,64,32,16384,6299648,8192,29,15,0,ikj,2.565343,26.15980163,0,true,20260809
slm,64,32,16384,6299648,8192,29,15,1,kij,2.165617,30.9883345,0,true,20260809
slm,64,32,16384,6299648,8192,29,16,0,ikj,2.558922,26.22544337,0,true,20260809
slm,64,32,16384,6299648,8192,29,16,1,kij,2.162473,31.03338816,0,true,20260809
slm,64,32,16384,6299648,8192,29,17,0,kij,2.16017,31.06647347,0,true,20260809
slm,64,32,16384,6299648,8192,29,17,1,ikj,2.559064,26.22398815,0,true,20260809
slm,64,32,16384,6299648,8192,29,18,0,ikj,2.568137,26.13134112,0,true,20260809
slm,64,32,16384,6299648,8192,29,18,1,kij,2.157966,31.09820266,0,true,20260809
slm,64,32,16384,6299648,8192,29,19,0,kij,2.159058,31.08247393,0,true,20260809
slm,64,32,16384,6299648,8192,29,19,1,ikj,2.568077,26.13195165,0,true,20260809
slm,64,32,16384,6299648,8192,47,0,0,kij,2.161632,31.04546195,0,true,20260809
slm,64,32,16384,6299648,8192,47,0,1,ikj,2.560606,26.20819603,0,true,20260809
slm,64,32,16384,6299648,8192,47,1,0,ikj,2.568427,26.12839065,0,true,20260809
slm,64,32,16384,6299648,8192,47,1,1,kij,2.159709,31.07310476,0,true,20260809
slm,64,32,16384,6299648,8192,47,2,0,ikj,2.565513,26.15806819,0,true,20260809
slm,64,32,16384,6299648,8192,47,2,1,kij,2.16699,30.96870036,0,true,20260809
slm,64,32,16384,6299648,8192,47,3,0,kij,2.163464,31.01917296,0,true,20260809
slm,64,32,16384,6299648,8192,47,3,1,ikj,2.569799,26.11444086,0,true,20260809
slm,64,32,16384,6299648,8192,47,4,0,ikj,2.565033,26.16296321,0,true,20260809
slm,64,32,16384,6299648,8192,47,4,1,kij,2.161552,31.04661095,0,true,20260809
slm,64,32,16384,6299648,8192,47,5,0,kij,2.157966,31.09820266,0,true,20260809
slm,64,32,16384,6299648,8192,47,5,1,ikj,2.575508,26.05655428,0,true,20260809
slm,64,32,16384,6299648,8192,47,6,0,ikj,2.570821,26.10405936,0,true,20260809
slm,64,32,16384,6299648,8192,47,6,1,kij,2.157836,31.10007619,0,true,20260809
slm,64,32,16384,6299648,8192,47,7,0,ikj,2.566224,26.15082082,0,true,20260809
slm,64,32,16384,6299648,8192,47,7,1,kij,2.15444,31.14909861,0,true,20260809
slm,64,32,16384,6299648,8192,47,8,0,kij,2.162873,31.02764887,0,true,20260809
slm,64,32,16384,6299648,8192,47,8,1,ikj,2.568447,26.12818719,0,true,20260809
slm,64,32,16384,6299648,8192,47,9,0,ikj,2.56325,26.1811622,0,true,20260809
slm,64,32,16384,6299648,8192,47,9,1,kij,2.167591,30.96011379,0,true,20260809
slm,64,32,16384,6299648,8192,47,10,0,ikj,2.557721,26.23775775,0,true,20260809
slm,64,32,16384,6299648,8192,47,10,1,kij,2.164046,31.01083064,0,true,20260809
slm,64,32,16384,6299648,8192,47,11,0,ikj,2.568618,26.12644776,0,true,20260809
slm,64,32,16384,6299648,8192,47,11,1,kij,2.160801,31.0574014,0,true,20260809
slm,64,32,16384,6299648,8192,47,12,0,ikj,2.568317,26.12950971,0,true,20260809
slm,64,32,16384,6299648,8192,47,12,1,kij,2.156925,31.11321163,0,true,20260809
slm,64,32,16384,6299648,8192,47,13,0,kij,2.165988,30.98302668,0,true,20260809
slm,64,32,16384,6299648,8192,47,13,1,ikj,2.572163,26.09043984,0,true,20260809
slm,64,32,16384,6299648,8192,47,14,0,kij,2.159177,31.08076086,0,true,20260809
slm,64,32,16384,6299648,8192,47,14,1,ikj,2.568797,26.12462721,0,true,20260809
slm,64,32,16384,6299648,8192,47,15,0,ikj,2.558643,26.22830305,0,true,20260809
slm,64,32,16384,6299648,8192,47,15,1,kij,2.162483,31.03324465,0,true,20260809
slm,64,32,16384,6299648,8192,47,16,0,ikj,2.56977,26.11473556,0,true,20260809
slm,64,32,16384,6299648,8192,47,16,1,kij,2.155743,31.13027109,0,true,20260809
slm,64,32,16384,6299648,8192,47,17,0,kij,2.15994,31.06978157,0,true,20260809
slm,64,32,16384,6299648,8192,47,17,1,ikj,2.560556,26.2087078,0,true,20260809
slm,64,32,16384,6299648,8192,47,18,0,ikj,2.567286,26.1400031,0,true,20260809
slm,64,32,16384,6299648,8192,47,18,1,kij,2.157346,31.10713998,0,true,20260809
slm,64,32,16384,6299648,8192,47,19,0,kij,2.16731,30.96412788,0,true,20260809
slm,64,32,16384,6299648,8192,47,19,1,ikj,2.571432,26.09785676,0,true,20260809
slm,64,64,128,81920,16384,11,0,0,ikj,0.037147,28.22774383,0,true,20260809
slm,64,64,128,81920,16384,11,0,1,kij,0.035745,29.33489999,0,true,20260809
slm,64,64,128,81920,16384,11,1,0,ikj,0.037257,28.14440239,0,true,20260809
slm,64,64,128,81920,16384,11,1,1,kij,0.036245,28.93022486,0,true,20260809
slm,64,64,128,81920,16384,11,2,0,kij,0.036425,28.7872615,0,true,20260809
slm,64,64,128,81920,16384,11,2,1,ikj,0.037176,28.20572412,0,true,20260809
slm,64,64,128,81920,16384,11,3,0,ikj,0.037126,28.24371061,0,true,20260809
slm,64,64,128,81920,16384,11,3,1,kij,0.036906,28.41207392,0,true,20260809
slm,64,64,128,81920,16384,11,4,0,kij,0.035954,29.1643767,0,true,20260809
slm,64,64,128,81920,16384,11,4,1,ikj,0.037296,28.11497211,0,true,20260809
slm,64,64,128,81920,16384,11,5,0,kij,0.035454,29.57567552,0,true,20260809
slm,64,64,128,81920,16384,11,5,1,ikj,0.037176,28.20572412,0,true,20260809
slm,64,64,128,81920,16384,11,6,0,kij,0.035904,29.20499109,0,true,20260809
slm,64,64,128,81920,16384,11,6,1,ikj,0.037126,28.24371061,0,true,20260809
slm,64,64,128,81920,16384,11,7,0,kij,0.035784,29.30292868,0,true,20260809
slm,64,64,128,81920,16384,11,7,1,ikj,0.037166,28.21331324,0,true,20260809
slm,64,64,128,81920,16384,11,8,0,ikj,0.037226,28.16783968,0,true,20260809
slm,64,64,128,81920,16384,11,8,1,kij,0.035824,29.27020992,0,true,20260809
slm,64,64,128,81920,16384,11,9,0,ikj,0.037186,28.19813908,0,true,20260809
slm,64,64,128,81920,16384,11,9,1,kij,0.036245,28.93022486,0,true,20260809
slm,64,64,128,81920,16384,11,10,0,ikj,0.037126,28.24371061,0,true,20260809
slm,64,64,128,81920,16384,11,10,1,kij,0.035754,29.3275158,0,true,20260809
slm,64,64,128,81920,16384,11,11,0,ikj,0.037447,28.00160226,0,true,20260809
slm,64,64,128,81920,16384,11,11,1,kij,0.035754,29.3275158,0,true,20260809
slm,64,64,128,81920,16384,11,12,0,ikj,0.037176,28.20572412,0,true,20260809
slm,64,64,128,81920,16384,11,12,1,kij,0.035914,29.19685916,0,true,20260809
slm,64,64,128,81920,16384,11,13,0,kij,0.036765,28.52103903,0,true,20260809
slm,64,64,128,81920,16384,11,13,1,ikj,0.037156,28.22090645,0,true,20260809
slm,64,64,128,81920,16384,11,14,0,kij,0.035824,29.27020992,0,true,20260809
slm,64,64,128,81920,16384,11,14,1,ikj,0.037166,28.21331324,0,true,20260809
slm,64,64,128,81920,16384,11,15,0,ikj,0.037126,28.24371061,0,true,20260809
slm,64,64,128,81920,16384,11,15,1,kij,0.035454,29.57567552,0,true,20260809
slm,64,64,128,81920,16384,11,16,0,kij,0.035935,29.17979686,0,true,20260809
slm,64,64,128,81920,16384,11,16,1,ikj,0.037126,28.24371061,0,true,20260809
slm,64,64,128,81920,16384,11,17,0,kij,0.035553,29.49331983,0,true,20260809
slm,64,64,128,81920,16384,11,17,1,ikj,0.037166,28.21331324,0,true,20260809
slm,64,64,128,81920,16384,11,18,0,kij,0.036135,29.01829251,0,true,20260809
slm,64,64,128,81920,16384,11,18,1,ikj,0.037136,28.23610513,0,true,20260809
slm,64,64,128,81920,16384,11,19,0,ikj,0.037176,28.20572412,0,true,20260809
slm,64,64,128,81920,16384,11,19,1,kij,0.035944,29.17249054,0,true,20260809
slm,64,64,128,81920,16384,29,0,0,ikj,0.037126,28.24371061,0,true,20260809
slm,64,64,128,81920,16384,29,0,1,kij,0.035363,29.65178294,0,true,20260809
slm,64,64,128,81920,16384,29,1,0,kij,0.035744,29.33572068,0,true,20260809
slm,64,64,128,81920,16384,29,1,1,ikj,0.037196,28.19055812,0,true,20260809
slm,64,64,128,81920,16384,29,2,0,kij,0.035924,29.18873177,0,true,20260809
slm,64,64,128,81920,16384,29,2,1,ikj,0.037146,28.22850374,0,true,20260809
slm,64,64,128,81920,16384,29,3,0,ikj,0.037156,28.22090645,0,true,20260809
slm,64,64,128,81920,16384,29,3,1,kij,0.035293,29.71059417,0,true,20260809
slm,64,64,128,81920,16384,29,4,0,ikj,0.037126,28.24371061,0,true,20260809
slm,64,64,128,81920,16384,29,4,1,kij,0.035684,29.38504652,0,true,20260809
slm,64,64,128,81920,16384,29,5,0,ikj,0.037186,28.19813908,0,true,20260809
slm,64,64,128,81920,16384,29,5,1,kij,0.035444,29.58401986,0,true,20260809
slm,64,64,128,81920,16384,29,6,0,ikj,0.037187,28.19738081,0,true,20260809
slm,64,64,128,81920,16384,29,6,1,kij,0.036395,28.81099052,0,true,20260809
slm,64,64,128,81920,16384,29,7,0,ikj,0.037177,28.20496544,0,true,20260809
slm,64,64,128,81920,16384,29,7,1,kij,0.035513,29.52653958,0,true,20260809
slm,64,64,128,81920,16384,29,8,0,kij,0.035313,29.69376717,0,true,20260809
slm,64,64,128,81920,16384,29,8,1,ikj,0.037207,28.18222378,0,true,20260809
slm,64,64,128,81920,16384,29,9,0,kij,0.035043,29.92255229,0,true,20260809
slm,64,64,128,81920,16384,29,9,1,ikj,0.037126,28.24371061,0,true,20260809
slm,64,64,128,81920,16384,29,10,0,kij,0.035754,29.3275158,0,true,20260809
slm,64,64,128,81920,16384,29,10,1,ikj,0.037146,28.22850374,0,true,20260809
slm,64,64,128,81920,16384,29,11,0,kij,0.036335,28.85856612,0,true,20260809
slm,64,64,128,81920,16384,29,11,1,ikj,0.037266,28.13760532,0,true,20260809
slm,64,64,128,81920,16384,29,12,0,ikj,0.037196,28.19055812,0,true,20260809
slm,64,64,128,81920,16384,29,12,1,kij,0.035904,29.20499109,0,true,20260809
slm,64,64,128,81920,16384,29,13,0,ikj,0.037116,28.25132019,0,true,20260809
slm,64,64,128,81920,16384,29,13,1,kij,0.036295,28.89037057,0,true,20260809
slm,64,64,128,81920,16384,29,14,0,kij,0.035253,29.74430545,0,true,20260809
slm,64,64,128,81920,16384,29,14,1,ikj,0.037196,28.19055812,0,true,20260809
slm,64,64,128,81920,16384,29,15,0,kij,0.035854,29.24571875,0,true,20260809
slm,64,64,128,81920,16384,29,15,1,ikj,0.037126,28.24371061,0,true,20260809
slm,64,64,128,81920,16384,29,16,0,kij,0.035774,29.31111981,0,true,20260809
slm,64,64,128,81920,16384,29,16,1,ikj,0.037226,28.16783968,0,true,20260809
slm,64,64,128,81920,16384,29,17,0,ikj,0.037146,28.22850374,0,true,20260809
slm,64,64,128,81920,16384,29,17,1,kij,0.035614,29.44280339,0,true,20260809
slm,64,64,128,81920,16384,29,18,0,kij,0.035694,29.37681403,0,true,20260809
slm,64,64,128,81920,16384,29,18,1,ikj,0.037147,28.22774383,0,true,20260809
slm,64,64,128,81920,16384,29,19,0,ikj,0.037147,28.22774383,0,true,20260809
slm,64,64,128,81920,16384,29,19,1,kij,0.035795,29.29392373,0,true,20260809
slm,64,64,128,81920,16384,47,0,0,ikj,0.037146,28.22850374,0,true,20260809
slm,64,64,128,81920,16384,47,0,1,kij,0.035754,29.3275158,0,true,20260809
slm,64,64,128,81920,16384,47,1,0,ikj,0.037206,28.18298124,0,true,20260809
slm,64,64,128,81920,16384,47,1,1,kij,0.035484,29.55067072,0,true,20260809
slm,64,64,128,81920,16384,47,2,0,kij,0.035714,29.36036288,0,true,20260809
slm,64,64,128,81920,16384,47,2,1,ikj,0.038078,27.53758076,0,true,20260809
slm,64,64,128,81920,16384,47,3,0,ikj,0.037226,28.16783968,0,true,20260809
slm,64,64,128,81920,16384,47,3,1,kij,0.035614,29.44280339,0,true,20260809
slm,64,64,128,81920,16384,47,4,0,kij,0.035464,29.56733589,0,true,20260809
slm,64,64,128,81920,16384,47,4,1,ikj,0.037166,28.21331324,0,true,20260809
slm,64,64,128,81920,16384,47,5,0,ikj,0.037136,28.23610513,0,true,20260809
slm,64,64,128,81920,16384,47,5,1,kij,0.035834,29.26204164,0,true,20260809
slm,64,64,128,81920,16384,47,6,0,kij,0.035263,29.73587046,0,true,20260809
slm,64,64,128,81920,16384,47,6,1,ikj,0.037146,28.22850374,0,true,20260809
slm,64,64,128,81920,16384,47,7,0,ikj,0.037166,28.21331324,0,true,20260809
slm,64,64,128,81920,16384,47,7,1,kij,0.035985,29.13925247,0,true,20260809
slm,64,64,128,81920,16384,47,8,0,kij,0.036305,28.88241289,0,true,20260809
slm,64,64,128,81920,16384,47,8,1,ikj,0.037216,28.17540843,0,true,20260809
slm,64,64,128,81920,16384,47,9,0,ikj,0.037196,28.19055812,0,true,20260809
slm,64,64,128,81920,16384,47,9,1,kij,0.036105,29.0424041,0,true,20260809
slm,64,64,128,81920,16384,47,10,0,kij,0.035784,29.30292868,0,true,20260809
slm,64,64,128,81920,16384,47,10,1,ikj,0.037147,28.22774383,0,true,20260809
slm,64,64,128,81920,16384,47,11,0,ikj,0.037157,28.22014694,0,true,20260809
slm,64,64,128,81920,16384,47,11,1,kij,0.035484,29.55067072,0,true,20260809
slm,64,64,128,81920,16384,47,12,0,kij,0.035504,29.53402434,0,true,20260809
slm,64,64,128,81920,16384,47,12,1,ikj,0.037117,28.25055904,0,true,20260809
slm,64,64,128,81920,16384,47,13,0,ikj,0.037197,28.18980025,0,true,20260809
slm,64,64,128,81920,16384,47,13,1,kij,0.035714,29.36036288,0,true,20260809
slm,64,64,128,81920,16384,47,14,0,ikj,0.037116,28.25132019,0,true,20260809
slm,64,64,128,81920,16384,47,14,1,kij,0.036726,28.55132604,0,true,20260809
slm,64,64,128,81920,16384,47,15,0,ikj,0.037216,28.17540843,0,true,20260809
slm,64,64,128,81920,16384,47,15,1,kij,0.035523,29.51822763,0,true,20260809
slm,64,64,128,81920,16384,47,16,0,ikj,0.037156,28.22090645,0,true,20260809
slm,64,64,128,81920,16384,47,16,1,kij,0.035354,29.65933133,0,true,20260809
slm,64,64,128,81920,16384,47,17,0,ikj,0.037117,28.25055904,0,true,20260809
slm,64,64,128,81920,16384,47,17,1,kij,0.036165,28.99422093,0,true,20260809
slm,64,64,128,81920,16384,47,18,0,ikj,0.037196,28.19055812,0,true,20260809
slm,64,64,128,81920,16384,47,18,1,kij,0.035654,29.40977169,0,true,20260809
slm,64,64,128,81920,16384,47,19,0,ikj,0.037106,28.25893387,0,true,20260809
slm,64,64,128,81920,16384,47,19,1,kij,0.034933,30.01677497,0,true,20260809
slm,64,64,512,278528,16384,11,0,0,kij,0.140112,29.93536599,0,true,20260809
slm,64,64,512,278528,16384,11,0,1,ikj,0.149546,28.04691533,0,true,20260809
slm,64,64,512,278528,16384,11,1,0,ikj,0.149236,28.10517569,0,true,20260809
slm,64,64,512,278528,16384,11,1,1,kij,0.139261,30.11829586,0,true,20260809
slm,64,64,512,278528,16384,11,2,0,kij,0.140253,29.90527119,0,true,20260809
slm,64,64,512,278528,16384,11,2,1,ikj,0.149196,28.1127108,0,true,20260809
slm,64,64,512,278528,16384,11,3,0,ikj,0.149286,28.0957625,0,true,20260809
slm,64,64,512,278528,16384,11,3,1,kij,0.139821,29.99766845,0,true,20260809
slm,64,64,512,278528,16384,11,4,0,kij,0.13869,30.24229577,0,true,20260809
slm,64,64,512,278528,16384,11,4,1,ikj,0.149666,28.02442773,0,true,20260809
slm,64,64,512,278528,16384,11,5,0,ikj,0.149256,28.10140966,0,true,20260809
slm,64,64,512,278528,16384,11,5,1,kij,0.140943,29.75886706,0,true,20260809
slm,64,64,512,278528,16384,11,6,0,ikj,0.149286,28.0957625,0,true,20260809
slm,64,64,512,278528,16384,11,6,1,kij,0.140042,29.95032919,0,true,20260809
slm,64,64,512,278528,16384,11,7,0,kij,0.140793,29.79057197,0,true,20260809
slm,64,64,512,278528,16384,11,7,1,ikj,0.149266,28.09952702,0,true,20260809
slm,64,64,512,278528,16384,11,8,0,kij,0.139661,30.03203471,0,true,20260809
slm,64,64,512,278528,16384,11,8,1,ikj,0.149266,28.09952702,0,true,20260809
slm,64,64,512,278528,16384,11,9,0,kij,0.140072,29.94391456,0,true,20260809
slm,64,64,512,278528,16384,11,9,1,ikj,0.149717,28.01488141,0,true,20260809
slm,64,64,512,278528,16384,11,10,0,ikj,0.149205,28.11101505,0,true,20260809
slm,64,64,512,278528,16384,11,10,1,kij,0.141975,29.54255327,0,true,20260809
slm,64,64,512,278528,16384,11,11,0,ikj,0.149286,28.0957625,0,true,20260809
slm,64,64,512,278528,16384,11,11,1,kij,0.140193,29.91807009,0,true,20260809
slm,64,64,512,278528,16384,11,12,0,ikj,0.149306,28.09199898,0,true,20260809
slm,64,64,512,278528,16384,11,12,1,kij,0.13895,30.18570709,0,true,20260809
slm,64,64,512,278528,16384,11,13,0,kij,0.139662,30.03181968,0,true,20260809
slm,64,64,512,278528,16384,11,13,1,ikj,0.150118,27.94004716,0,true,20260809
slm,64,64,512,278528,16384,11,14,0,kij,0.13866,30.24883889,0,true,20260809
slm,64,64,512,278528,16384,11,14,1,ikj,0.149166,28.11836477,0,true,20260809
slm,64,64,512,278528,16384,11,15,0,kij,0.138139,30.3629243,0,true,20260809
slm,64,64,512,278528,16384,11,15,1,ikj,0.149236,28.10517569,0,true,20260809
slm,64,64,512,278528,16384,11,16,0,ikj,0.149256,28.10140966,0,true,20260809
slm,64,64,512,278528,16384,11,16,1,kij,0.13904,30.16616801,0,true,20260809
slm,64,64,512,278528,16384,11,17,0,ikj,0.149216,28.10894274,0,true,20260809
slm,64,64,512,278528,16384,11,17,1,kij,0.139201,30.13127779,0,true,20260809
slm,64,64,512,278528,16384,11,18,0,kij,0.140873,29.77365428,0,true,20260809
slm,64,64,512,278528,16384,11,18,1,ikj,0.149296,28.09388061,0,true,20260809
slm,64,64,512,278528,16384,11,19,0,ikj,0.149206,28.11082664,0,true,20260809
slm,64,64,512,278528,16384,11,19,1,kij,0.139281,30.11397104,0,true,20260809
slm,64,64,512,278528,16384,29,0,0,kij,0.145681,28.79101599,0,true,20260809
slm,64,64,512,278528,16384,29,0,1,ikj,0.149607,28.03547962,0,true,20260809
slm,64,64,512,278528,16384,29,1,0,ikj,0.149205,28.11101505,0,true,20260809
slm,64,64,512,278528,16384,29,1,1,kij,0.140943,29.75886706,0,true,20260809
slm,64,64,512,278528,16384,29,2,0,kij,0.140673,29.81598459,0,true,20260809
slm,64,64,512,278528,16384,29,2,1,ikj,0.149426,28.06943905,0,true,20260809
slm,64,64,512,278528,16384,29,3,0,kij,0.141163,29.7124884,0,true,20260809
slm,64,64,512,278528,16384,29,3,1,ikj,0.149266,28.09952702,0,true,20260809
slm,64,64,512,278528,16384,29,4,0,ikj,0.149156,28.12024994,0,true,20260809
slm,64,64,512,278528,16384,29,4,1,kij,0.139211,30.12911336,0,true,20260809
slm,64,64,512,278528,16384,29,5,0,ikj,0.149206,28.11082664,0,true,20260809
slm,64,64,512,278528,16384,29,5,1,kij,0.13903,30.16833777,0,true,20260809
slm,64,64,512,278528,16384,29,6,0,kij,0.139371,30.09452469,0,true,20260809
slm,64,64,512,278528,16384,29,6,1,ikj,0.149467,28.06173938,0,true,20260809
slm,64,64,512,278528,16384,29,7,0,kij,0.139802,30.00174533,0,true,20260809
slm,64,64,512,278528,16384,29,7,1,ikj,0.149316,28.0901176,0,true,20260809
slm,64,64,512,278528,16384,29,8,0,ikj,0.149927,27.97564148,0,true,20260809
slm,64,64,512,278528,16384,29,8,1,kij,0.13899,30.17701993,0,true,20260809
slm,64,64,512,278528,16384,29,9,0,ikj,0.149416,28.07131766,0,true,20260809
slm,64,64,512,278528,16384,29,9,1,kij,0.13918,30.13582411,0,true,20260809
slm,64,64,512,278528,16384,29,10,0,kij,0.139441,30.0794171,0,true,20260809
slm,64,64,512,278528,16384,29,10,1,ikj,0.149206,28.11082664,0,true,20260809
slm,64,64,512,278528,16384,29,11,0,kij,0.138669,30.24687565,0,true,20260809
slm,64,64,512,278528,16384,29,11,1,ikj,0.149326,28.08823648,0,true,20260809
slm,64,64,512,278528,16384,29,12,0,kij,0.141554,29.63041666,0,true,20260809
slm,64,64,512,278528,16384,29,12,1,ikj,0.149216,28.10894274,0,true,20260809
slm,64,64,512,278528,16384,29,13,0,ikj,0.149216,28.10894274,0,true,20260809
slm,64,64,512,278528,16384,29,13,1,kij,0.139041,30.16595105,0,true,20260809
slm,64,64,512,278528,16384,29,14,0,ikj,0.149846,27.99076385,0,true,20260809
slm,64,64,512,278528,16384,29,14,1,kij,0.139191,30.13344254,0,true,20260809
slm,64,64,512,278528,16384,29,15,0,kij,0.139451,30.07726011,0,true,20260809
slm,64,64,512,278528,16384,29,15,1,ikj,0.149226,28.10705909,0,true,20260809
slm,64,64,512,278528,16384,29,16,0,ikj,0.149176,28.11647986,0,true,20260809
slm,64,64,512,278528,16384,29,16,1,kij,0.141344,29.67443966,0,true,20260809
slm,64,64,512,278528,16384,29,17,0,kij,0.13894,30.18787966,0,true,20260809
slm,64,64,512,278528,16384,29,17,1,ikj,0.149216,28.10894274,0,true,20260809
slm,64,64,512,278528,16384,29,18,0,kij,0.140222,29.91188259,0,true,20260809
slm,64,64,512,278528,16384,29,18,1,ikj,0.149185,28.11478366,0,true,20260809
slm,64,64,512,278528,16384,29,19,0,ikj,0.149186,28.1145952,0,true,20260809
slm,64,64,512,278528,16384,29,19,1,kij,0.140112,29.93536599,0,true,20260809
slm,64,64,512,278528,16384,47,0,0,kij,0.140092,29.93963967,0,true,20260809
slm,64,64,512,278528,16384,47,0,1,ikj,0.149285,28.0959507,0,true,20260809
slm,64,64,512,278528,16384,47,1,0,kij,0.139141,30.14427092,0,true,20260809
slm,64,64,512,278528,16384,47,1,1,ikj,0.149215,28.10913112,0,true,20260809
slm,64,64,512,278528,16384,47,2,0,ikj,0.152611,27.48362831,0,true,20260809
slm,64,64,512,278528,16384,47,2,1,kij,0.139261,30.11829586,0,true,20260809
slm,64,64,512,278528,16384,47,3,0,kij,0.139301,30.10964745,0,true,20260809
slm,64,64,512,278528,16384,47,3,1,ikj,0.149236,28.10517569,0,true,20260809
slm,64,64,512,278528,16384,47,4,0,kij,0.139491,30.06863525,0,true,20260809
slm,64,64,512,278528,16384,47,4,1,ikj,0.149456,28.06380473,0,true,20260809
slm,64,64,512,278528,16384,47,5,0,ikj,0.149316,28.0901176,0,true,20260809
slm,64,64,512,278528,16384,47,5,1,kij,0.139111,30.15077169,0,true,20260809
slm,64,64,512,278528,16384,47,6,0,kij,0.139661,30.03203471,0,true,20260809
slm,64,64,512,278528,16384,47,6,1,ikj,0.149226,28.10705909,0,true,20260809
slm,64,64,512,278528,16384,47,7,0,ikj,0.149246,28.10329255,0,true,20260809
slm,64,64,512,278528,16384,47,7,1,kij,0.140032,29.95246801,0,true,20260809
slm,64,64,512,278528,16384,47,8,0,kij,0.139241,30.12262193,0,true,20260809
slm,64,64,512,278528,16384,47,8,1,ikj,0.149206,28.11082664,0,true,20260809
slm,64,64,512,278528,16384,47,9,0,ikj,0.149236,28.10517569,0,true,20260809
slm,64,64,512,278528,16384,47,9,1,kij,0.139542,30.05764573,0,true,20260809
slm,64,64,512,278528,16384,47,10,0,kij,0.139482,30.07057541,0,true,20260809
slm,64,64,512,278528,16384,47,10,1,ikj,0.149286,28.0957625,0,true,20260809
slm,64,64,512,278528,16384,47,11,0,ikj,0.149226,28.10705909,0,true,20260809
slm,64,64,512,278528,16384,47,11,1,kij,0.13928,30.11418725,0,true,20260809
slm,64,64,512,278528,16384,47,12,0,kij,0.141124,29.72069953,0,true,20260809
slm,64,64,512,278528,16384,47,12,1,ikj,0.149246,28.10329255,0,true,20260809
slm,64,64,512,278528,16384,47,13,0,ikj,0.149206,28.11082664,0,true,20260809
slm,64,64,512,278528,16384,47,13,1,kij,0.139261,30.11829586,0,true,20260809
slm,64,64,512,278528,16384,47,14,0,ikj,0.149236,28.10517569,0,true,20260809
slm,64,64,512,278528,16384,47,14,1,kij,0.139551,30.05570723,0,true,20260809
slm,64,64,512,278528,16384,47,15,0,kij,0.143457,29.23736032,0,true,20260809
slm,64,64,512,278528,16384,47,15,1,ikj,0.149586,28.03941545,0,true,20260809
slm,64,64,512,278528,16384,47,16,0,ikj,0.149466,28.06192713,0,true,20260809
slm,64,64,512,278528,16384,47,16,1,kij,0.139882,29.98458701,0,true,20260809
slm,64,64,512,278528,16384,47,17,0,ikj,0.149226,28.10705909,0,true,20260809
slm,64,64,512,278528,16384,47,17,1,kij,0.139371,30.09452469,0,true,20260809
slm,64,64,512,278528,16384,47,18,0,ikj,0.149205,28.11101505,0,true,20260809
slm,64,64,512,278528,16384,47,18,1,kij,0.139121,30.14860445,0,true,20260809
slm,64,64,512,278528,16384,47,19,0,kij,0.13875,30.22921802,0,true,20260809
slm,64,64,512,278528,16384,47,19,1,ikj,0.149316,28.0901176,0,true,20260809
slm,64,64,2048,1064960,16384,11,0,0,ikj,0.6017,27.88302476,0,true,20260809
slm,64,64,2048,1064960,16384,11,0,1,kij,0.580579,28.89738692,0,true,20260809
slm,64,64,2048,1064960,16384,11,1,0,ikj,0.60174,27.88117127,0,true,20260809
slm,64,64,2048,1064960,16384,11,1,1,kij,0.582582,28.79803358,0,true,20260809
slm,64,64,2048,1064960,16384,11,2,0,kij,0.592767,28.30322201,0,true,20260809
slm,64,64,2048,1064960,16384,11,2,1,ikj,0.601691,27.88344183,0,true,20260809
slm,64,64,2048,1064960,16384,11,3,0,ikj,0.6013,27.90157326,0,true,20260809
slm,64,64,2048,1064960,16384,11,3,1,kij,0.584806,28.68851551,0,true,20260809
slm,64,64,2048,1064960,16384,11,4,0,ikj,0.601741,27.88112494,0,true,20260809
slm,64,64,2048,1064960,16384,11,4,1,kij,0.582281,28.81292022,0,true,20260809
slm,64,64,2048,1064960,16384,11,5,0,ikj,0.601861,27.87556595,0,true,20260809
slm,64,64,2048,1064960,16384,11,5,1,kij,0.587179,28.57257497,0,true,20260809
slm,64,64,2048,1064960,16384,11,6,0,ikj,0.602372,27.85191875,0,true,20260809
slm,64,64,2048,1064960,16384,11,6,1,kij,0.58141,28.85608435,0,true,20260809
slm,64,64,2048,1064960,16384,11,7,0,ikj,0.60162,27.88673249,0,true,20260809
slm,64,64,2048,1064960,16384,11,7,1,kij,0.582732,28.79062073,0,true,20260809
slm,64,64,2048,1064960,16384,11,8,0,kij,0.584154,28.72053602,0,true,20260809
slm,64,64,2048,1064960,16384,11,8,1,ikj,0.606588,27.65833811,0,true,20260809
slm,64,64,2048,1064960,16384,11,9,0,kij,0.58834,28.51619132,0,true,20260809
slm,64,64,2048,1064960,16384,11,9,1,ikj,0.601921,27.87278729,0,true,20260809
slm,64,64,2048,1064960,16384,11,10,0,ikj,0.60159,27.88812314,0,true,20260809
slm,64,64,2048,1064960,16384,11,10,1,kij,0.583503,28.75257882,0,true,20260809
slm,64,64,2048,1064960,16384,11,11,0,kij,0.586047,28.62776535,0,true,20260809
slm,64,64,2048,1064960,16384,11,11,1,ikj,0.603063,27.82000554,0,true,20260809
slm,64,64,2048,1064960,16384,11,12,0,ikj,0.606849,27.64644253,0,true,20260809
slm,64,64,2048,1064960,16384,11,12,1,kij,0.582401,28.8069835,0,true,20260809
slm,64,64,2048,1064960,16384,11,13,0,kij,0.580488,28.90191701,0,true,20260809
slm,64,64,2048,1064960,16384,11,13,1,ikj,0.60129,27.90203729,0,true,20260809
slm,64,64,2048,1064960,16384,11,14,0,kij,0.584975,28.68022736,0,true,20260809
slm,64,64,2048,1064960,16384,11,14,1,ikj,0.601661,27.88483216,0,true,20260809
slm,64,64,2048,1064960,16384,11,15,0,kij,0.583053,28.77477005,0,true,20260809
slm,64,64,2048,1064960,16384,11,15,1,ikj,0.610373,27.48682527,0,true,20260809
slm,64,64,2048,1064960,16384,11,16,0,ikj,0.60123,27.90482178,0,true,20260809
slm,64,64,2048,1064960,16384,11,16,1,kij,0.585566,28.65128098,0,true,20260809
slm,64,64,2048,1064960,16384,11,17,0,kij,0.58777,28.54384538,0,true,20260809
slm,64,64,2048,1064960,16384,11,17,1,ikj,0.601821,27.8774187,0,true,20260809
slm,64,64,2048,1064960,16384,11,18,0,kij,0.586367,28.61214222,0,true,20260809
slm,64,64,2048,1064960,16384,11,18,1,ikj,0.608691,27.5627798,0,true,20260809
slm,64,64,2048,1064960,16384,11,19,0,kij,0.581159,28.86854716,0,true,20260809
slm,64,64,2048,1064960,16384,11,19,1,ikj,0.601901,27.87371345,0,true,20260809
slm,64,64,2048,1064960,16384,29,0,0,ikj,0.602241,27.85797712,0,true,20260809
slm,64,64,2048,1064960,16384,29,0,1,kij,0.580679,28.89241044,0,true,20260809
slm,64,64,2048,1064960,16384,29,1,0,ikj,0.602051,27.86676876,0,true,20260809
slm,64,64,2048,1064960,16384,29,1,1,kij,0.583283,28.76342359,0,true,20260809
slm,64,64,2048,1064960,16384,29,2,0,kij,0.58839,28.51376808,0,true,20260809
slm,64,64,2048,1064960,16384,29,2,1,ikj,0.602613,27.84078007,0,true,20260809
slm,64,64,2048,1064960,16384,29,3,0,kij,0.58147,28.85310678,0,true,20260809
slm,64,64,2048,1064960,16384,29,3,1,ikj,0.602052,27.86672248,0,true,20260809
slm,64,64,2048,1064960,16384,29,4,0,kij,0.584044,28.72594531,0,true,20260809
slm,64,64,2048,1064960,16384,29,4,1,ikj,0.601871,27.8751028,0,true,20260809
slm,64,64,2048,1064960,16384,29,5,0,kij,0.586187,28.62092813,0,true,20260809
slm,64,64,2048,1064960,16384,29,5,1,ikj,0.60762,27.61136236,0,true,20260809
slm,64,64,2048,1064960,16384,29,6,0,ikj,0.60166,27.8848785,0,true,20260809
slm,64,64,2048,1064960,16384,29,6,1,kij,0.581801,28.83669158,0,true,20260809
slm,64,64,2048,1064960,16384,29,7,0,ikj,0.601721,27.88205165,0,true,20260809
slm,64,64,2048,1064960,16384,29,7,1,kij,0.584445,28.70623583,0,true,20260809
slm,64,64,2048,1064960,16384,29,8,0,ikj,0.601651,27.88529563,0,true,20260809
slm,64,64,2048,1064960,16384,29,8,1,kij,0.584995,28.67924683,0,true,20260809
slm,64,64,2048,1064960,16384,29,9,0,kij,0.588361,28.51517351,0,true,20260809
slm,64,64,2048,1064960,16384,29,9,1,ikj,0.601661,27.88483216,0,true,20260809
slm,64,64,2048,1064960,16384,29,10,0,ikj,0.60146,27.8941509,0,true,20260809
slm,64,64,2048,1064960,16384,29,10,1,kij,0.582992,28.77778083,0,true,20260809
slm,64,64,2048,1064960,16384,29,11,0,ikj,0.601811,27.87788193,0,true,20260809
slm,64,64,2048,1064960,16384,29,11,1,kij,0.58207,28.82336489,0,true,20260809
slm,64,64,2048,1064960,16384,29,12,0,kij,0.586658,28.59794974,0,true,20260809
slm,64,64,2048,1064960,16384,29,12,1,ikj,0.60171,27.88256137,0,true,20260809
slm,64,64,2048,1064960,16384,29,13,0,ikj,0.601531,27.89085849,0,true,20260809
slm,64,64,2048,1064960,16384,29,13,1,kij,0.579166,28.96788831,0,true,20260809
slm,64,64,2048,1064960,16384,29,14,0,kij,0.579948,28.9288281,0,true,20260809
slm,64,64,2048,1064960,16384,29,14,1,ikj,0.60166,27.8848785,0,true,20260809
slm,64,64,2048,1064960,16384,29,15,0,ikj,0.6014,27.89693382,0,true,20260809
slm,64,64,2048,1064960,16384,29,15,1,kij,0.586227,28.61897524,0,true,20260809
slm,64,64,2048,1064960,16384,29,16,0,kij,0.584405,28.70820065,0,true,20260809
slm,64,64,2048,1064960,16384,29,16,1,ikj,0.6018,27.87839149,0,true,20260809
slm,64,64,2048,1064960,16384,29,17,0,kij,0.583333,28.76095815,0,true,20260809
slm,64,64,2048,1064960,16384,29,17,1,ikj,0.602151,27.86214089,0,true,20260809
slm,64,64,2048,1064960,16384,29,18,0,ikj,0.601961,27.87093516,0,true,20260809
slm,64,64,2048,1064960,16384,29,18,1,kij,0.585256,28.66645707,0,true,20260809
slm,64,64,2048,1064960,16384,29,19,0,ikj,0.602462,27.84775803,0,true,20260809
slm,64,64,2048,1064960,16384,29,19,1,kij,0.586127,28.62385797,0,true,20260809
slm,64,64,2048,1064960,16384,47,0,0,ikj,0.601961,27.87093516,0,true,20260809
slm,64,64,2048,1064960,16384,47,0,1,kij,0.58139,28.85707701,0,true,20260809
slm,64,64,2048,1064960,16384,47,1,0,ikj,0.60149,27.89275965,0,true,20260809
slm,64,64,2048,1064960,16384,47,1,1,kij,0.584885,28.68464057,0,true,20260809
slm,64,64,2048,1064960,16384,47,2,0,kij,0.583403,28.75750725,0,true,20260809
slm,64,64,2048,1064960,16384,47,2,1,ikj,0.605546,27.70593151,0,true,20260809
slm,64,64,2048,1064960,16384,47,3,0,kij,0.583673,28.74420437,0,true,20260809
slm,64,64,2048,1064960,16384,47,3,1,ikj,0.601681,27.88390526,0,true,20260809
slm,64,64,2048,1064960,16384,47,4,0,kij,0.579577,28.94734608,0,true,20260809
slm,64,64,2048,1064960,16384,47,4,1,ikj,0.60172,27.88209799,0,true,20260809
slm,64,64,2048,1064960,16384,47,5,0,ikj,0.60138,27.89786159,0,true,20260809
slm,64,64,2048,1064960,16384,47,5,1,kij,0.590614,28.40639741,0,true,20260809
slm,64,64,2048,1064960,16384,47,6,0,ikj,0.60158,27.88858672,0,true,20260809
slm,64,64,2048,1064960,16384,47,6,1,kij,0.580949,28.87898249,0,true,20260809
slm,64,64,2048,1064960,16384,47,7,0,kij,0.585096,28.67429618,0,true,20260809
slm,64,64,2048,1064960,16384,47,7,1,ikj,0.601471,27.89364076,0,true,20260809
slm,64,64,2048,1064960,16384,47,8,0,ikj,0.601701,27.88297842,0,true,20260809
slm,64,64,2048,1064960,16384,47,8,1,kij,0.587609,28.55166616,0,true,20260809
slm,64,64,2048,1064960,16384,47,9,0,ikj,0.611175,27.45075633,0,true,20260809
slm,64,64,2048,1064960,16384,47,9,1,kij,0.585356,28.6615598,0,true,20260809
slm,64,64,2048,1064960,16384,47,10,0,kij,0.58102,28.87545351,0,true,20260809
slm,64,64,2048,1064960,16384,47,10,1,ikj,0.60166,27.8848785,0,true,20260809
slm,64,64,2048,1064960,16384,47,11,0,ikj,0.60142,27.89600612,0,true,20260809
slm,64,64,2048,1064960,16384,47,11,1,kij,0.583403,28.75750725,0,true,20260809
slm,64,64,2048,1064960,16384,47,12,0,kij,0.583484,28.75351509,0,true,20260809
slm,64,64,2048,1064960,16384,47,12,1,ikj,0.606869,27.64553141,0,true,20260809
slm,64,64,2048,1064960,16384,47,13,0,kij,0.583253,28.76490305,0,true,20260809
slm,64,64,2048,1064960,16384,47,13,1,ikj,0.601711,27.88251503,0,true,20260809
slm,64,64,2048,1064960,16384,47,14,0,ikj,0.60132,27.90064525,0,true,20260809
slm,64,64,2048,1064960,16384,47,14,1,kij,0.584875,28.68513101,0,true,20260809
slm,64,64,2048,1064960,16384,47,15,0,ikj,0.601651,27.88529563,0,true,20260809
slm,64,64,2048,1064960,16384,47,15,1,kij,0.585165,28.67091504,0,true,20260809
slm,64,64,2048,1064960,16384,47,16,0,kij,0.584134,28.72151938,0,true,20260809
slm,64,64,2048,1064960,16384,47,16,1,ikj,0.601651,27.88529563,0,true,20260809
slm,64,64,2048,1064960,16384,47,17,0,ikj,0.602152,27.86209462,0,true,20260809
slm,64,64,2048,1064960,16384,47,17,1,kij,0.584043,28.72599449,0,true,20260809
slm,64,64,2048,1064960,16384,47,18,0,ikj,0.602162,27.86163192,0,true,20260809
slm,64,64,2048,1064960,16384,47,18,1,kij,0.584105,28.72294536,0,true,20260809
slm,64,64,2048,1064960,16384,47,19,0,kij,0.58785,28.53996087,0,true,20260809
slm,64,64,2048,1064960,16384,47,19,1,ikj,0.602161,27.86167819,0,true,20260809
slm,64,64,8192,4210688,16384,11,0,0,ikj,2.572584,26.08617017,0,true,20260809
slm,64,64,8192,4210688,16384,11,0,1,kij,2.620626,25.60795169,0,true,20260809
slm,64,64,8192,4210688,16384,11,1,0,kij,2.622599,25.58868664,0,true,20260809
slm,64,64,8192,4210688,16384,11,1,1,ikj,2.573445,26.07744249,0,true,20260809
slm,64,64,8192,4210688,16384,11,2,0,ikj,2.57016,26.11077287,0,true,20260809
slm,64,64,8192,4210688,16384,11,2,1,kij,2.617862,25.63498916,0,true,20260809
slm,64,64,8192,4210688,16384,11,3,0,kij,2.634497,25.47312219,0,true,20260809
slm,64,64,8192,4210688,16384,11,3,1,ikj,2.569389,26.11860796,0,true,20260809
slm,64,64,8192,4210688,16384,11,4,0,kij,2.619554,25.61843123,0,true,20260809
slm,64,64,8192,4210688,16384,11,4,1,ikj,2.57635,26.0480385,0,true,20260809
slm,64,64,8192,4210688,16384,11,5,0,ikj,2.567275,26.1401151,0,true,20260809
slm,64,64,8192,4210688,16384,11,5,1,kij,2.618403,25.6296926,0,true,20260809
slm,64,64,8192,4210688,16384,11,6,0,kij,2.624673,25.56846662,0,true,20260809
slm,64,64,8192,4210688,16384,11,6,1,ikj,2.566194,26.15112653,0,true,20260809
slm,64,64,8192,4210688,16384,11,7,0,ikj,2.580326,26.00790133,0,true,20260809
slm,64,64,8192,4210688,16384,11,7,1,kij,2.628068,25.53543668,0,true,20260809
slm,64,64,8192,4210688,16384,11,8,0,kij,2.611873,25.69376995,0,true,20260809
slm,64,64,8192,4210688,16384,11,8,1,ikj,2.574046,26.07135381,0,true,20260809
slm,64,64,8192,4210688,16384,11,9,0,ikj,2.571201,26.10020142,0,true,20260809
slm,64,64,8192,4210688,16384,11,9,1,kij,2.604332,25.76816781,0,true,20260809
slm,64,64,8192,4210688,16384,11,10,0,ikj,2.575418,26.05746485,0,true,20260809
slm,64,64,8192,4210688,16384,11,10,1,kij,2.614517,25.66778644,0,true,20260809
slm,64,64,8192,4210688,16384,11,11,0,ikj,2.573855,26.07328851,0,true,20260809
slm,64,64,8192,4210688,16384,11,11,1,kij,2.621608,25.59835948,0,true,20260809
slm,64,64,8192,4210688,16384,11,12,0,ikj,2.568417,26.12849237,0,true,20260809
slm,64,64,8192,4210688,16384,11,12,1,kij,2.620476,25.60941753,0,true,20260809
slm,64,64,8192,4210688,16384,11,13,0,ikj,2.572493,26.08709295,0,true,20260809
slm,64,64,8192,4210688,16384,11,13,1,kij,2.621988,25.59464956,0,true,20260809
slm,64,64,8192,4210688,16384,11,14,0,ikj,2.5765,26.04652203,0,true,20260809
slm,64,64,8192,4210688,16384,11,14,1,kij,2.62981,25.51852187,0,true,20260809
slm,64,64,8192,4210688,16384,11,15,0,kij,2.621117,25.60315469,0,true,20260809
slm,64,64,8192,4210688,16384,11,15,1,ikj,2.573435,26.07754383,0,true,20260809
slm,64,64,8192,4210688,16384,11,16,0,kij,2.624772,25.56750224,0,true,20260809
slm,64,64,8192,4210688,16384,11,16,1,ikj,2.566465,26.14836516,0,true,20260809
slm,64,64,8192,4210688,16384,11,17,0,kij,2.623531,25.57959635,0,true,20260809
slm,64,64,8192,4210688,16384,11,17,1,ikj,2.581127,25.99983031,0,true,20260809
slm,64,64,8192,4210688,16384,11,18,0,ikj,2.567475,26.13807885,0,true,20260809
slm,64,64,8192,4210688,16384,11,18,1,kij,2.61662,25.64715702,0,true,20260809
slm,64,64,8192,4210688,16384,11,19,0,ikj,2.568858,26.12400685,0,true,20260809
slm,64,64,8192,4210688,16384,11,19,1,kij,2.625955,25.55598401,0,true,20260809
slm,64,64,8192,4210688,16384,29,0,0,kij,2.622949,25.58527215,0,true,20260809
slm,64,64,8192,4210688,16384,29,0,1,ikj,2.573535,26.07653053,0,true,20260809
slm,64,64,8192,4210688,16384,29,1,0,ikj,2.572864,26.08333126,0,true,20260809
slm,64,64,8192,4210688,16384,29,1,1,kij,2.615989,25.65334334,0,true,20260809
slm,64,64,8192,4210688,16384,29,2,0,kij,2.620276,25.61137224,0,true,20260809
slm,64,64,8192,4210688,16384,29,2,1,ikj,2.566715,26.14581829,0,true,20260809
slm,64,64,8192,4210688,16384,29,3,0,kij,2.620316,25.61098127,0,true,20260809
slm,64,64,8192,4210688,16384,29,3,1,ikj,2.570781,26.10446553,0,true,20260809
slm,64,64,8192,4210688,16384,29,4,0,kij,2.623631,25.57862138,0,true,20260809
slm,64,64,8192,4210688,16384,29,4,1,ikj,2.573064,26.08130385,0,true,20260809
slm,64,64,8192,4210688,16384,29,5,0,ikj,2.571772,26.0944065,0,true,20260809
slm,64,64,8192,4210688,16384,29,5,1,kij,2.618263,25.63106304,0,true,20260809
slm,64,64,8192,4210688,16384,29,6,0,ikj,2.570811,26.1041609,0,true,20260809
slm,64,64,8192,4210688,16384,29,6,1,kij,2.621909,25.59542074,0,true,20260809
slm,64,64,8192,4210688,16384,29,7,0,kij,2.607797,25.73392944,0,true,20260809
slm,64,64,8192,4210688,16384,29,7,1,ikj,2.574167,26.07012832,0,true,20260809
slm,64,64,8192,4210688,16384,29,8,0,kij,2.636621,25.45260164,0,true,20260809
slm,64,64,8192,4210688,16384,29,8,1,ikj,2.569298,26.11953304,0,true,20260809
slm,64,64,8192,4210688,16384,29,9,0,ikj,2.574046,26.07135381,0,true,20260809
slm,64,64,8192,4210688,16384,29,9,1,kij,2.632614,25.49134207,0,true,20260809
slm,64,64,8192,4210688,16384,29,10,0,ikj,2.566805,26.14490154,0,true,20260809
slm,64,64,8192,4210688,16384,29,10,1,kij,2.6297,25.51958931,0,true,20260809
slm,64,64,8192,4210688,16384,29,11,0,ikj,2.570771,26.10456707,0,true,20260809
slm,64,64,8192,4210688,16384,29,11,1,kij,2.619395,25.61998629,0,true,20260809
slm,64,64,8192,4210688,16384,29,12,0,ikj,2.572544,26.08657578,0,true,20260809
slm,64,64,8192,4210688,16384,29,12,1,kij,2.625624,25.55920574,0,true,20260809
slm,64,64,8192,4210688,16384,29,13,0,kij,2.62258,25.58887203,0,true,20260809
slm,64,64,8192,4210688,16384,29,13,1,ikj,2.572093,26.09114989,0,true,20260809
slm,64,64,8192,4210688,16384,29,14,0,kij,2.630802,25.50889957,0,true,20260809
slm,64,64,8192,4210688,16384,29,14,1,ikj,2.569889,26.1135263,0,true,20260809
slm,64,64,8192,4210688,16384,29,15,0,ikj,2.577211,26.03933632,0,true,20260809
slm,64,64,8192,4210688,16384,29,15,1,kij,2.615108,25.66198566,0,true,20260809
slm,64,64,8192,4210688,16384,29,16,0,kij,2.619655,25.61744352,0,true,20260809
slm,64,64,8192,4210688,16384,29,16,1,ikj,2.573485,26.07703717,0,true,20260809
slm,64,64,8192,4210688,16384,29,17,0,kij,2.6099,25.71319361,0,true,20260809
slm,64,64,8192,4210688,16384,29,17,1,ikj,2.573065,26.08129371,0,true,20260809
slm,64,64,8192,4210688,16384,29,18,0,ikj,2.571562,26.09653744,0,true,20260809
slm,64,64,8192,4210688,16384,29,18,1,kij,2.615398,25.65914021,0,true,20260809
slm,64,64,8192,4210688,16384,29,19,0,ikj,2.574777,26.06395195,0,true,20260809
slm,64,64,8192,4210688,16384,29,19,1,kij,2.619053,25.62333179,0,true,20260809
slm,64,64,8192,4210688,16384,47,0,0,ikj,2.572683,26.08516634,0,true,20260809
slm,64,64,8192,4210688,16384,47,0,1,kij,2.614156,25.67133101,0,true,20260809
slm,64,64,8192,4210688,16384,47,1,0,kij,2.626264,25.55297716,0,true,20260809
slm,64,64,8192,4210688,16384,47,1,1,ikj,2.570641,26.10588721,0,true,20260809
slm,64,64,8192,4210688,16384,47,2,0,ikj,2.564271,26.1707378,0,true,20260809
slm,64,64,8192,4210688,16384,47,2,1,kij,2.630591,25.51094564,0,true,20260809
slm,64,64,8192,4210688,16384,47,3,0,kij,2.629179,25.52464629,0,true,20260809
slm,64,64,8192,4210688,16384,47,3,1,ikj,2.567225,26.14062421,0,true,20260809
slm,64,64,8192,4210688,16384,47,4,0,kij,2.628418,25.53203638,0,true,20260809
slm,64,64,8192,4210688,16384,47,4,1,ikj,2.577622,26.03518437,0,true,20260809
slm,64,64,8192,4210688,16384,47,5,0,kij,2.620166,25.61244746,0,true,20260809
slm,64,64,8192,4210688,16384,47,5,1,ikj,2.568917,26.12340687,0,true,20260809
slm,64,64,8192,4210688,16384,47,6,0,kij,2.618844,25.62537669,0,true,20260809
slm,64,64,8192,4210688,16384,47,6,1,ikj,2.567195,26.14092969,0,true,20260809
slm,64,64,8192,4210688,16384,47,7,0,kij,2.625994,25.55560447,0,true,20260809
slm,64,64,8192,4210688,16384,47,7,1,ikj,2.567586,26.13694887,0,true,20260809
slm,64,64,8192,4210688,16384,47,8,0,kij,2.627918,25.53689423,0,true,20260809
slm,64,64,8192,4210688,16384,47,8,1,ikj,2.571962,26.09247882,0,true,20260809
slm,64,64,8192,4210688,16384,47,9,0,ikj,2.568948,26.12309163,0,true,20260809
slm,64,64,8192,4210688,16384,47,9,1,kij,2.637973,25.43955681,0,true,20260809
slm,64,64,8192,4210688,16384,47,10,0,kij,2.618142,25.6322476,0,true,20260809
slm,64,64,8192,4210688,16384,47,10,1,ikj,2.566675,26.14622576,0,true,20260809
slm,64,64,8192,4210688,16384,47,11,0,ikj,2.573345,26.07845586,0,true,20260809
slm,64,64,8192,4210688,16384,47,11,1,kij,2.617451,25.63901445,0,true,20260809
slm,64,64,8192,4210688,16384,47,12,0,kij,2.607396,25.73788715,0,true,20260809
slm,64,64,8192,4210688,16384,47,12,1,ikj,2.572484,26.08718422,0,true,20260809
slm,64,64,8192,4210688,16384,47,13,0,kij,2.618593,25.62783296,0,true,20260809
slm,64,64,8192,4210688,16384,47,13,1,ikj,2.568397,26.12869584,0,true,20260809
slm,64,64,8192,4210688,16384,47,14,0,kij,2.619855,25.61548788,0,true,20260809
slm,64,64,8192,4210688,16384,47,14,1,ikj,2.5698,26.11443069,0,true,20260809
slm,64,64,8192,4210688,16384,47,15,0,kij,2.624432,25.57081456,0,true,20260809
slm,64,64,8192,4210688,16384,47,15,1,ikj,2.575308,26.05857785,0,true,20260809
slm,64,64,8192,4210688,16384,47,16,0,ikj,2.573715,26.0747068,0,true,20260809
slm,64,64,8192,4210688,16384,47,16,1,kij,2.622439,25.59024786,0,true,20260809
slm,64,64,8192,4210688,16384,47,17,0,kij,2.621477,25.59963868,0,true,20260809
slm,64,64,8192,4210688,16384,47,17,1,ikj,2.578583,26.02548144,0,true,20260809
slm,64,64,8192,4210688,16384,47,18,0,kij,2.611563,25.69681987,0,true,20260809
slm,64,64,8192,4210688,16384,47,18,1,ikj,2.569889,26.1135263,0,true,20260809
slm,64,64,8192,4210688,16384,47,19,0,kij,2.613015,25.68254067,0,true,20260809
slm,64,64,8192,4210688,16384,47,19,1,ikj,2.575408,26.05756602,0,true,20260809
slm,64,64,16384,8404992,16384,11,0,0,kij,5.256146,25.5353881,0,true,20260809
slm,64,64,16384,8404992,16384,11,0,1,ikj,5.139388,26.11550792,0,true,20260809
slm,64,64,16384,8404992,16384,11,1,0,ikj,5.138066,26.12222731,0,true,20260809
slm,64,64,16384,8404992,16384,11,1,1,kij,5.241693,25.60579721,0,true,20260809
slm,64,64,16384,8404992,16384,11,2,0,kij,5.344619,25.11268399,0,true,20260809
slm,64,64,16384,8404992,16384,11,2,1,ikj,5.147811,26.07277695,0,true,20260809
slm,64,64,16384,8404992,16384,11,3,0,kij,5.23953,25.61636788,0,true,20260809
slm,64,64,16384,8404992,16384,11,3,1,ikj,5.13415,26.14215167,0,true,20260809
slm,64,64,16384,8404992,16384,11,4,0,ikj,5.150766,26.05781897,0,true,20260809
slm,64,64,16384,8404992,16384,11,4,1,kij,5.260812,25.51273986,0,true,20260809
slm,64,64,16384,8404992,16384,11,5,0,kij,5.253231,25.5495576,0,true,20260809
slm,64,64,16384,8404992,16384,11,5,1,ikj,5.153951,26.04171596,0,true,20260809
slm,64,64,16384,8404992,16384,11,6,0,kij,5.254482,25.54347469,0,true,20260809
slm,64,64,16384,8404992,16384,11,6,1,ikj,5.134211,26.14184107,0,true,20260809
slm,64,64,16384,8404992,16384,11,7,0,kij,5.257868,25.52702502,0,true,20260809
slm,64,64,16384,8404992,16384,11,7,1,ikj,5.138157,26.12176467,0,true,20260809
slm,64,64,16384,8404992,16384,11,8,0,kij,5.234273,25.64209547,0,true,20260809
slm,64,64,16384,8404992,16384,11,8,1,ikj,5.157595,26.02331668,0,true,20260809
slm,64,64,16384,8404992,16384,11,9,0,kij,5.249405,25.56817925,0,true,20260809
slm,64,64,16384,8404992,16384,11,9,1,ikj,5.137906,26.12304079,0,true,20260809
slm,64,64,16384,8404992,16384,11,10,0,ikj,5.136845,26.12843642,0,true,20260809
slm,64,64,16384,8404992,16384,11,10,1,kij,5.259841,25.51744967,0,true,20260809
slm,64,64,16384,8404992,16384,11,11,0,ikj,5.146539,26.07922101,0,true,20260809
slm,64,64,16384,8404992,16384,11,11,1,kij,5.23944,25.6168079,0,true,20260809
slm,64,64,16384,8404992,16384,11,12,0,ikj,5.15364,26.04328746,0,true,20260809
slm,64,64,16384,8404992,16384,11,12,1,kij,5.227111,25.67722935,0,true,20260809
slm,64,64,16384,8404992,16384,11,13,0,kij,5.253171,25.54984941,0,true,20260809
slm,64,64,16384,8404992,16384,11,13,1,ikj,5.146839,26.0777009,0,true,20260809
slm,64,64,16384,8404992,16384,11,14,0,kij,5.263597,25.49924092,0,true,20260809
slm,64,64,16384,8404992,16384,11,14,1,ikj,5.148222,26.07069548,0,true,20260809
slm,64,64,16384,8404992,16384,11,15,0,ikj,5.151366,26.05478392,0,true,20260809
slm,64,64,16384,8404992,16384,11,15,1,kij,5.2461,25.58428699,0,true,20260809
slm,64,64,16384,8404992,16384,11,16,0,ikj,5.137035,26.12747003,0,true,20260809
slm,64,64,16384,8404992,16384,11,16,1,kij,5.235284,25.63714366,0,true,20260809
slm,64,64,16384,8404992,16384,11,17,0,kij,5.248113,25.57447372,0,true,20260809
slm,64,64,16384,8404992,16384,11,17,1,ikj,5.137956,26.12278657,0,true,20260809
slm,64,64,16384,8404992,16384,11,18,0,ikj,5.142913,26.09760811,0,true,20260809
slm,64,64,16384,8404992,16384,11,18,1,kij,5.264488,25.49492524,0,true,20260809
slm,64,64,16384,8404992,16384,11,19,0,kij,5.236576,25.63081831,0,true,20260809
slm,64,64,16384,8404992,16384,11,19,1,ikj,5.143204,26.09613152,0,true,20260809
slm,64,64,16384,8404992,16384,29,0,0,ikj,4.847627,27.68730515,0,true,20260809
slm,64,64,16384,8404992,16384,29,0,1,kij,4.634985,28.95753233,0,true,20260809
slm,64,64,16384,8404992,16384,29,1,0,ikj,4.847006,27.69085246,0,true,20260809
slm,64,64,16384,8404992,16384,29,1,1,kij,4.639302,28.93058654,0,true,20260809
slm,64,64,16384,8404992,16384,29,2,0,ikj,4.856791,27.63506356,0,true,20260809
slm,64,64,16384,8404992,16384,29,2,1,kij,4.642646,28.90974845,0,true,20260809
slm,64,64,16384,8404992,16384,29,3,0,kij,4.634464,28.9607877,0,true,20260809
slm,64,64,16384,8404992,16384,29,3,1,ikj,4.851183,27.66700988,0,true,20260809
slm,64,64,16384,8404992,16384,29,4,0,ikj,4.847476,27.68816762,0,true,20260809
slm,64,64,16384,8404992,16384,29,4,1,kij,4.640864,28.92084922,0,true,20260809
slm,64,64,16384,8404992,16384,29,5,0,kij,4.648336,28.8743602,0,true,20260809
slm,64,64,16384,8404992,16384,29,5,1,ikj,4.860716,27.61274841,0,true,20260809
slm,64,64,16384,8404992,16384,29,6,0,kij,4.636848,28.94589773,0,true,20260809
slm,64,64,16384,8404992,16384,29,6,1,ikj,4.844212,27.70682373,0,true,20260809
slm,64,64,16384,8404992,16384,29,7,0,kij,4.643708,28.90313689,0,true,20260809
slm,64,64,16384,8404992,16384,29,7,1,ikj,4.852104,27.66175828,0,true,20260809
slm,64,64,16384,8404992,16384,29,8,0,ikj,4.851482,27.66530475,0,true,20260809
slm,64,64,16384,8404992,16384,29,8,1,kij,4.629086,28.99443389,0,true,20260809
slm,64,64,16384,8404992,16384,29,9,0,ikj,4.849049,27.67918575,0,true,20260809
slm,64,64,16384,8404992,16384,29,9,1,kij,4.641506,28.91684897,0,true,20260809
slm,64,64,16384,8404992,16384,29,10,0,kij,4.634485,28.96065647,0,true,20260809
slm,64,64,16384,8404992,16384,29,10,1,ikj,4.845063,27.70195723,0,true,20260809
slm,64,64,16384,8404992,16384,29,11,0,kij,4.640213,28.92490668,0,true,20260809
slm,64,64,16384,8404992,16384,29,11,1,ikj,4.850341,27.67181277,0,true,20260809
slm,64,64,16384,8404992,16384,29,12,0,kij,4.642827,28.90862141,0,true,20260809
slm,64,64,16384,8404992,16384,29,12,1,ikj,4.866846,27.57796898,0,true,20260809
slm,64,64,16384,8404992,16384,29,13,0,ikj,4.878554,27.51178484,0,true,20260809
slm,64,64,16384,8404992,16384,29,13,1,kij,4.631389,28.98001615,0,true,20260809
slm,64,64,16384,8404992,16384,29,14,0,kij,4.649688,28.86596434,0,true,20260809
slm,64,64,16384,8404992,16384,29,14,1,ikj,4.852484,27.65959208,0,true,20260809
slm,64,64,16384,8404992,16384,29,15,0,ikj,4.841307,27.72344906,0,true,20260809
slm,64,64,16384,8404992,16384,29,15,1,kij,4.649557,28.86677763,0,true,20260809
slm,64,64,16384,8404992,16384,29,16,0,ikj,4.844162,27.70710971,0,true,20260809
slm,64,64,16384,8404992,16384,29,16,1,kij,4.634163,28.96266877,0,true,20260809
slm,64,64,16384,8404992,16384,29,17,0,ikj,4.849721,27.6753504,0,true,20260809
slm,64,64,16384,8404992,16384,29,17,1,kij,4.686083,28.64177352,0,true,20260809
slm,64,64,16384,8404992,16384,29,18,0,ikj,4.852264,27.66084615,0,true,20260809
slm,64,64,16384,8404992,16384,29,18,1,kij,4.647784,28.8777895,0,true,20260809
slm,64,64,16384,8404992,16384,29,19,0,ikj,4.850421,27.67135636,0,true,20260809
slm,64,64,16384,8404992,16384,29,19,1,kij,4.635586,28.95377801,0,true,20260809
slm,64,64,16384,8404992,16384,47,0,0,ikj,4.854117,27.65028696,0,true,20260809
slm,64,64,16384,8404992,16384,47,0,1,kij,4.648795,28.87150928,0,true,20260809
slm,64,64,16384,8404992,16384,47,1,0,ikj,4.847326,27.68902442,0,true,20260809
slm,64,64,16384,8404992,16384,47,1,1,kij,4.632361,28.97393532,0,true,20260809
slm,64,64,16384,8404992,16384,47,2,0,kij,4.641024,28.91985217,0,true,20260809
slm,64,64,16384,8404992,16384,47,2,1,ikj,4.850922,27.66849848,0,true,20260809
slm,64,64,16384,8404992,16384,47,3,0,kij,4.644038,28.90108307,0,true,20260809
slm,64,64,16384,8404992,16384,47,3,1,ikj,4.840196,27.72981259,0,true,20260809
slm,64,64,16384,8404992,16384,47,4,0,kij,4.639061,28.93208949,0,true,20260809
slm,64,64,16384,8404992,16384,47,4,1,ikj,4.841047,27.72493801,0,true,20260809
slm,64,64,16384,8404992,16384,47,5,0,ikj,4.848118,27.68450108,0,true,20260809
slm,64,64,16384,8404992,16384,47,5,1,kij,4.647594,28.87897006,0,true,20260809
slm,64,64,16384,8404992,16384,47,6,0,kij,4.640664,28.92209563,0,true,20260809
slm,64,64,16384,8404992,16384,47,6,1,ikj,4.84983,27.67472839,0,true,20260809
slm,64,64,16384,8404992,16384,47,7,0,kij,4.636397,28.94871341,0,true,20260809
slm,64,64,16384,8404992,16384,47,7,1,ikj,4.847327,27.68901871,0,true,20260809
slm,64,64,16384,8404992,16384,47,8,0,ikj,4.840817,27.7262553,0,true,20260809
slm,64,64,16384,8404992,16384,47,8,1,kij,4.653693,28.84112209,0,true,20260809
slm,64,64,16384,8404992,16384,47,9,0,kij,4.638361,28.93645579,0,true,20260809
slm,64,64,16384,8404992,16384,47,9,1,ikj,4.848188,27.68410136,0,true,20260809
slm,64,64,16384,8404992,16384,47,10,0,ikj,4.840066,27.73055739,0,true,20260809
slm,64,64,16384,8404992,16384,47,10,1,kij,4.641464,28.91711064,0,true,20260809
slm,64,64,16384,8404992,16384,47,11,0,kij,4.639842,28.9272195,0,true,20260809
slm,64,64,16384,8404992,16384,47,11,1,ikj,4.849991,27.6738097,0,true,20260809
slm,64,64,16384,8404992,16384,47,12,0,kij,4.642937,28.90793651,0,true,20260809
slm,64,64,16384,8404992,16384,47,12,1,ikj,4.849169,27.67850079,0,true,20260809
slm,64,64,16384,8404992,16384,47,13,0,ikj,4.84927,27.67792431,0,true,20260809
slm,64,64,16384,8404992,16384,47,13,1,kij,4.626843,29.00848981,0,true,20260809
slm,64,64,16384,8404992,16384,47,14,0,ikj,4.847877,27.68587734,0,true,20260809
slm,64,64,16384,8404992,16384,47,14,1,kij,4.642126,28.91298685,0,true,20260809
slm,64,64,16384,8404992,16384,47,15,0,ikj,4.840256,27.72946885,0,true,20260809
slm,64,64,16384,8404992,16384,47,15,1,kij,4.653483,28.84242362,0,true,20260809
slm,64,64,16384,8404992,16384,47,16,0,kij,4.642697,28.90943088,0,true,20260809
slm,64,64,16384,8404992,16384,47,16,1,ikj,4.847196,27.68976703,0,true,20260809
slm,64,64,16384,8404992,16384,47,17,0,kij,4.639372,28.93015003,0,true,20260809
slm,64,64,16384,8404992,16384,47,17,1,ikj,4.847056,27.69056681,0,true,20260809
slm,64,64,16384,8404992,16384,47,18,0,kij,4.634124,28.96291252,0,true,20260809
slm,64,64,16384,8404992,16384,47,18,1,ikj,4.845664,27.6985214,0,true,20260809
slm,64,64,16384,8404992,16384,47,19,0,ikj,4.844953,27.70258618,0,true,20260809
slm,64,64,16384,8404992,16384,47,19,1,kij,4.641284,28.91823211,0,true,20260809
slm,64,128,128,131072,32768,11,0,0,kij,0.081724,25.6613969,0,true,20260809
slm,64,128,128,131072,32768,11,0,1,ikj,0.149706,14.00846993,0,true,20260809
slm,64,128,128,131072,32768,11,1,0,kij,0.081994,25.57689587,0,true,20260809
slm,64,128,128,131072,32768,11,1,1,ikj,0.150157,13.96639517,0,true,20260809
slm,64,128,128,131072,32768,11,2,0,ikj,0.151359,13.85548266,0,true,20260809
slm,64,128,128,131072,32768,11,2,1,kij,0.081754,25.65198033,0,true,20260809
slm,64,128,128,131072,32768,11,3,0,ikj,0.150127,13.96918609,0,true,20260809
slm,64,128,128,131072,32768,11,3,1,kij,0.081693,25.67113461,0,true,20260809
slm,64,128,128,131072,32768,11,4,0,ikj,0.149737,14.00556977,0,true,20260809
slm,64,128,128,131072,32768,11,4,1,kij,0.081523,25.72466666,0,true,20260809
slm,64,128,128,131072,32768,11,5,0,ikj,0.149386,14.0384775,0,true,20260809
slm,64,128,128,131072,32768,11,5,1,kij,0.081944,25.5925022,0,true,20260809
slm,64,128,128,131072,32768,11,6,0,kij,0.081623,25.69315022,0,true,20260809
slm,64,128,128,131072,32768,11,6,1,ikj,0.149216,14.05447137,0,true,20260809
slm,64,128,128,131072,32768,11,7,0,ikj,0.149987,13.98222513,0,true,20260809
slm,64,128,128,131072,32768,11,7,1,kij,0.081733,25.6585712,0,true,20260809
slm,64,128,128,131072,32768,11,8,0,ikj,0.150457,13.93854723,0,true,20260809
slm,64,128,128,131072,32768,11,8,1,kij,0.081714,25.66453729,0,true,20260809
slm,64,128,128,131072,32768,11,9,0,ikj,0.149406,14.03659826,0,true,20260809
slm,64,128,128,131072,32768,11,9,1,kij,0.081583,25.70574752,0,true,20260809
slm,64,128,128,131072,32768,11,10,0,ikj,0.149727,14.00650517,0,true,20260809
slm,64,128,128,131072,32768,11,10,1,kij,0.081974,25.58313612,0,true,20260809
slm,64,128,128,131072,32768,11,11,0,kij,0.081774,25.64570646,0,true,20260809
slm,64,128,128,131072,32768,11,11,1,ikj,0.150518,13.93289839,0,true,20260809
slm,64,128,128,131072,32768,11,12,0,ikj,0.149255,14.05079897,0,true,20260809
slm,64,128,128,131072,32768,11,12,1,kij,0.082134,25.53329924,0,true,20260809
slm,64,128,128,131072,32768,11,13,0,kij,0.082014,25.57065867,0,true,20260809
slm,64,128,128,131072,32768,11,13,1,ikj,0.149567,14.0214887,0,true,20260809
slm,64,128,128,131072,32768,11,14,0,kij,0.081774,25.64570646,0,true,20260809
slm,64,128,128,131072,32768,11,14,1,ikj,0.149537,14.02430168,0,true,20260809
slm,64,128,128,131072,32768,11,15,0,kij,0.082024,25.56754121,0,true,20260809
slm,64,128,128,131072,32768,11,15,1,ikj,0.149306,14.04599949,0,true,20260809
slm,64,128,128,131072,32768,11,16,0,kij,0.081934,25.59562575,0,true,20260809
slm,64,128,128,131072,32768,11,16,1,ikj,0.149847,13.99528853,0,true,20260809
slm,64,128,128,131072,32768,11,17,0,kij,0.081743,25.65543227,0,true,20260809
slm,64,128,128,131072,32768,11,17,1,ikj,0.149426,14.03471953,0,true,20260809
slm,64,128,128,131072,32768,11,18,0,kij,0.081743,25.65543227,0,true,20260809
slm,64,128,128,131072,32768,11,18,1,ikj,0.150117,13.97011664,0,true,20260809
slm,64,128,128,131072,32768,11,19,0,kij,0.081964,25.58625738,0,true,20260809
slm,64,128,128,131072,32768,11,19,1,ikj,0.150187,13.96360537,0,true,20260809
slm,64,128,128,131072,32768,29,0,0,kij,0.081864,25.61751197,0,true,20260809
slm,64,128,128,131072,32768,29,0,1,ikj,0.150969,13.89127569,0,true,20260809
slm,64,128,128,131072,32768,29,1,0,kij,0.081894,25.60812758,0,true,20260809
slm,64,128,128,131072,32768,29,1,1,ikj,0.150098,13.97188504,0,true,20260809
slm,64,128,128,131072,32768,29,2,0,kij,0.081744,25.65511842,0,true,20260809
slm,64,128,128,131072,32768,29,2,1,ikj,0.150057,13.97570257,0,true,20260809
slm,64,128,128,131072,32768,29,3,0,kij,0.081643,25.68685619,0,true,20260809
slm,64,128,128,131072,32768,29,3,1,ikj,0.149266,14.04976351,0,true,20260809
slm,64,128,128,131072,32768,29,4,0,ikj,0.150628,13.92272353,0,true,20260809
slm,64,128,128,131072,32768,29,4,1,kij,0.081733,25.6585712,0,true,20260809
slm,64,128,128,131072,32768,29,5,0,ikj,0.150167,13.96546512,0,true,20260809
slm,64,128,128,131072,32768,29,5,1,kij,0.081704,25.66767845,0,true,20260809
slm,64,128,128,131072,32768,29,6,0,kij,0.082274,25.48985099,0,true,20260809
slm,64,128,128,131072,32768,29,6,1,ikj,0.149876,13.99258053,0,true,20260809
slm,64,128,128,131072,32768,29,7,0,kij,0.082224,25.50535124,0,true,20260809
slm,64,128,128,131072,32768,29,7,1,ikj,0.150067,13.97477127,0,true,20260809
slm,64,128,128,131072,32768,29,8,0,ikj,0.149907,13.98968694,0,true,20260809
slm,64,128,128,131072,32768,29,8,1,kij,0.081834,25.62690324,0,true,20260809
slm,64,128,128,131072,32768,29,9,0,kij,0.081724,25.6613969,0,true,20260809
slm,64,128,128,131072,32768,29,9,1,ikj,0.156467,13.40315849,0,true,20260809
slm,64,128,128,131072,32768,29,10,0,ikj,0.150498,13.93474996,0,true,20260809
slm,64,128,128,131072,32768,29,10,1,kij,0.081814,25.63316792,0,true,20260809
slm,64,128,128,131072,32768,29,11,0,kij,0.081504,25.73066353,0,true,20260809
slm,64,128,128,131072,32768,29,11,1,ikj,0.150227,13.95988737,0,true,20260809
slm,64,128,128,131072,32768,29,12,0,kij,0.081874,25.61438308,0,true,20260809
slm,64,128,128,131072,32768,29,12,1,ikj,0.150047,13.97663399,0,true,20260809
slm,64,128,128,131072,32768,29,13,0,kij,0.082004,25.57377689,0,true,20260809
slm,64,128,128,131072,32768,29,13,1,ikj,0.150588,13.92642176,0,true,20260809
slm,64,128,128,131072,32768,29,14,0,ikj,0.150548,13.93012195,0,true,20260809
slm,64,128,128,131072,32768,29,14,1,kij,0.081924,25.59875006,0,true,20260809
slm,64,128,128,131072,32768,29,15,0,ikj,0.148866,14.08751495,0,true,20260809
slm,64,128,128,131072,32768,29,15,1,kij,0.081594,25.70228203,0,true,20260809
slm,64,128,128,131072,32768,29,16,0,kij,0.081544,25.71804179,0,true,20260809
slm,64,128,128,131072,32768,29,16,1,ikj,0.150087,13.97290905,0,true,20260809
slm,64,128,128,131072,32768,29,17,0,ikj,0.149396,14.03753782,0,true,20260809
slm,64,128,128,131072,32768,29,17,1,kij,0.081664,25.68025078,0,true,20260809
slm,64,128,128,131072,32768,29,18,0,ikj,0.150418,13.94216118,0,true,20260809
slm,64,128,128,131072,32768,29,18,1,kij,0.083626,25.07775094,0,true,20260809
slm,64,128,128,131072,32768,29,19,0,kij,0.081433,25.75309764,0,true,20260809
slm,64,128,128,131072,32768,29,19,1,ikj,0.149817,13.998091,0,true,20260809
slm,64,128,128,131072,32768,47,0,0,kij,0.081633,25.69000282,0,true,20260809
slm,64,128,128,131072,32768,47,0,1,ikj,0.149746,14.00472801,0,true,20260809
slm,64,128,128,131072,32768,47,1,0,kij,0.081663,25.68056525,0,true,20260809
slm,64,128,128,131072,32768,47,1,1,ikj,0.153903,13.62645303,0,true,20260809
slm,64,128,128,131072,32768,47,2,0,ikj,0.149597,14.01867685,0,true,20260809
slm,64,128,128,131072,32768,47,2,1,kij,0.081944,25.5925022,0,true,20260809
slm,64,128,128,131072,32768,47,3,0,kij,0.081924,25.59875006,0,true,20260809
slm,64,128,128,131072,32768,47,3,1,ikj,0.149466,14.03096356,0,true,20260809
slm,64,128,128,131072,32768,47,4,0,kij,0.081583,25.70574752,0,true,20260809
slm,64,128,128,131072,32768,47,4,1,ikj,0.149946,13.98604831,0,true,20260809
slm,64,128,128,131072,32768,47,5,0,ikj,0.150297,13.95338563,0,true,20260809
slm,64,128,128,131072,32768,47,5,1,kij,0.081603,25.69944732,0,true,20260809
slm,64,128,128,131072,32768,47,6,0,kij,0.081814,25.63316792,0,true,20260809
slm,64,128,128,131072,32768,47,6,1,ikj,0.150237,13.95895818,0,true,20260809
slm,64,128,128,131072,32768,47,7,0,ikj,0.150618,13.9236479,0,true,20260809
slm,64,128,128,131072,32768,47,7,1,kij,0.081654,25.68339579,0,true,20260809
slm,64,128,128,131072,32768,47,8,0,ikj,0.150458,13.93845459,0,true,20260809
slm,64,128,128,131072,32768,47,8,1,kij,0.081664,25.68025078,0,true,20260809
slm,64,128,128,131072,32768,47,9,0,ikj,0.150017,13.979429,0,true,20260809
slm,64,128,128,131072,32768,47,9,1,kij,0.081804,25.6363014,0,true,20260809
slm,64,128,128,131072,32768,47,10,0,ikj,0.150648,13.92087515,0,true,20260809
slm,64,128,128,131072,32768,47,10,1,kij,0.082254,25.49604882,0,true,20260809
slm,64,128,128,131072,32768,47,11,0,ikj,0.149346,14.04223749,0,true,20260809
slm,64,128,128,131072,32768,47,11,1,kij,0.082054,25.55819338,0,true,20260809
slm,64,128,128,131072,32768,47,12,0,ikj,0.150668,13.91902727,0,true,20260809
slm,64,128,128,131072,32768,47,12,1,kij,0.081894,25.60812758,0,true,20260809
slm,64,128,128,131072,32768,47,13,0,kij,0.082125,25.53609741,0,true,20260809
slm,64,128,128,131072,32768,47,13,1,ikj,0.150838,13.90334001,0,true,20260809
slm,64,128,128,131072,32768,47,14,0,ikj,0.150307,13.9524573,0,true,20260809
slm,64,128,128,131072,32768,47,14,1,kij,0.081814,25.63316792,0,true,20260809
slm,64,128,128,131072,32768,47,15,0,ikj,0.149336,14.0431778,0,true,20260809
slm,64,128,128,131072,32768,47,15,1,kij,0.081754,25.65198033,0,true,20260809
slm,64,128,128,131072,32768,47,16,0,ikj,0.150168,13.96537212,0,true,20260809
slm,64,128,128,131072,32768,47,16,1,kij,0.082585,25.39386087,0,true,20260809
slm,64,128,128,131072,32768,47,17,0,kij,0.082185,25.51745452,0,true,20260809
slm,64,128,128,131072,32768,47,17,1,ikj,0.149927,13.98782074,0,true,20260809
slm,64,128,128,131072,32768,47,18,0,ikj,0.149556,14.02251999,0,true,20260809
slm,64,128,128,131072,32768,47,18,1,kij,0.082085,25.54854115,0,true,20260809
slm,64,128,128,131072,32768,47,19,0,kij,0.082054,25.55819338,0,true,20260809
slm,64,128,128,131072,32768,47,19,1,ikj,0.149837,13.99622256,0,true,20260809
slm,64,128,512,425984,32768,11,0,0,ikj,0.606458,13.83213347,0,true,20260809
slm,64,128,512,425984,32768,11,0,1,kij,0.33057,25.37619264,0,true,20260809
slm,64,128,512,425984,32768,11,1,0,kij,0.331171,25.33014062,0,true,20260809
slm,64,128,512,425984,32768,11,1,1,ikj,0.601139,13.954523,0,true,20260809
slm,64,128,512,425984,32768,11,2,0,ikj,0.602301,13.92760098,0,true,20260809
slm,64,128,512,425984,32768,11,2,1,kij,0.331432,25.31019334,0,true,20260809
slm,64,128,512,425984,32768,11,3,0,kij,0.331442,25.3094297,0,true,20260809
slm,64,128,512,425984,32768,11,3,1,ikj,0.603333,13.90377785,0,true,20260809
slm,64,128,512,425984,32768,11,4,0,kij,0.331071,25.33779159,0,true,20260809
slm,64,128,512,425984,32768,11,4,1,ikj,0.606578,13.82939704,0,true,20260809
slm,64,128,512,425984,32768,11,5,0,kij,0.331792,25.28273135,0,true,20260809
slm,64,128,512,425984,32768,11,5,1,ikj,0.597374,14.04247255,0,true,20260809
slm,64,128,512,425984,32768,11,6,0,kij,0.330721,25.36460642,0,true,20260809
slm,64,128,512,425984,32768,11,6,1,ikj,0.601951,13.93569909,0,true,20260809
slm,64,128,512,425984,32768,11,7,0,kij,0.333124,25.18163807,0,true,20260809
slm,64,128,512,425984,32768,11,7,1,ikj,0.599137,14.00115166,0,true,20260809
slm,64,128,512,425984,32768,11,8,0,ikj,0.604364,13.88005904,0,true,20260809
slm,64,128,512,425984,32768,11,8,1,kij,0.33076,25.36161567,0,true,20260809
slm,64,128,512,425984,32768,11,9,0,ikj,0.605106,13.86303887,0,true,20260809
slm,64,128,512,425984,32768,11,9,1,kij,0.331452,25.30866611,0,true,20260809
slm,64,128,512,425984,32768,11,10,0,ikj,0.599728,13.98735427,0,true,20260809
slm,64,128,512,425984,32768,11,10,1,kij,0.332714,25.21266914,0,true,20260809
slm,64,128,512,425984,32768,11,11,0,ikj,0.599838,13.98478923,0,true,20260809
slm,64,128,512,425984,32768,11,11,1,kij,0.331682,25.29111619,0,true,20260809
slm,64,128,512,425984,32768,11,12,0,ikj,0.603824,13.89247198,0,true,20260809
slm,64,128,512,425984,32768,11,12,1,kij,0.331531,25.30263535,0,true,20260809
slm,64,128,512,425984,32768,11,13,0,ikj,0.603784,13.89339234,0,true,20260809
slm,64,128,512,425984,32768,11,13,1,kij,0.33034,25.39386087,0,true,20260809
slm,64,128,512,425984,32768,11,14,0,kij,0.332363,25.23929559,0,true,20260809
slm,64,128,512,425984,32768,11,14,1,ikj,0.603023,13.91092545,0,true,20260809
slm,64,128,512,425984,32768,11,15,0,ikj,0.600209,13.97614498,0,true,20260809
slm,64,128,512,425984,32768,11,15,1,kij,0.331251,25.32402317,0,true,20260809
slm,64,128,512,425984,32768,11,16,0,kij,0.330951,25.34697886,0,true,20260809
slm,64,128,512,425984,32768,11,16,1,ikj,0.606228,13.83738132,0,true,20260809
slm,64,128,512,425984,32768,11,17,0,ikj,0.601851,13.93801456,0,true,20260809
slm,64,128,512,425984,32768,11,17,1,kij,0.331512,25.30408552,0,true,20260809
slm,64,128,512,425984,32768,11,18,0,ikj,0.599938,13.98245819,0,true,20260809
slm,64,128,512,425984,32768,11,18,1,kij,0.331442,25.3094297,0,true,20260809
slm,64,128,512,425984,32768,11,19,0,kij,0.331201,25.32784623,0,true,20260809
slm,64,128,512,425984,32768,11,19,1,ikj,0.60122,13.95264296,0,true,20260809
slm,64,128,512,425984,32768,29,0,0,kij,0.331301,25.32020127,0,true,20260809
slm,64,128,512,425984,32768,29,0,1,ikj,0.600719,13.96427947,0,true,20260809
slm,64,128,512,425984,32768,29,1,0,kij,0.331782,25.28349338,0,true,20260809
slm,64,128,512,425984,32768,29,1,1,ikj,0.601901,13.93685673,0,true,20260809
slm,64,128,512,425984,32768,29,2,0,kij,0.33659,24.92233281,0,true,20260809
slm,64,128,512,425984,32768,29,2,1,ikj,0.602813,13.91577156,0,true,20260809
slm,64,128,512,425984,32768,29,3,0,ikj,0.601751,13.9403308,0,true,20260809
slm,64,128,512,425984,32768,29,3,1,kij,0.332513,25.22790989,0,true,20260809
slm,64,128,512,425984,32768,29,4,0,kij,0.33024,25.40155039,0,true,20260809
slm,64,128,512,425984,32768,29,4,1,ikj,0.600429,13.97102405,0,true,20260809
slm,64,128,512,425984,32768,29,5,0,kij,0.331132,25.33312395,0,true,20260809
slm,64,128,512,425984,32768,29,5,1,ikj,0.60131,13.95055462,0,true,20260809
slm,64,128,512,425984,32768,29,6,0,ikj,0.607619,13.8057039,0,true,20260809
slm,64,128,512,425984,32768,29,6,1,kij,0.33064,25.37082023,0,true,20260809
slm,64,128,512,425984,32768,29,7,0,ikj,0.601129,13.95475514,0,true,20260809
slm,64,128,512,425984,32768,29,7,1,kij,0.330961,25.346213,0,true,20260809
slm,64,128,512,425984,32768,29,8,0,ikj,0.599758,13.98665462,0,true,20260809
slm,64,128,512,425984,32768,29,8,1,kij,0.331682,25.29111619,0,true,20260809
slm,64,128,512,425984,32768,29,9,0,kij,0.330661,25.36920895,0,true,20260809
slm,64,128,512,425984,32768,29,9,1,ikj,0.599337,13.99647944,0,true,20260809
slm,64,128,512,425984,32768,29,10,0,ikj,0.606437,13.83261246,0,true,20260809
slm,64,128,512,425984,32768,29,10,1,kij,0.332793,25.20668403,0,true,20260809
slm,64,128,512,425984,32768,29,11,0,kij,0.331542,25.30179585,0,true,20260809
slm,64,128,512,425984,32768,29,11,1,ikj,0.600239,13.97544645,0,true,20260809
slm,64,128,512,425984,32768,29,12,0,kij,0.332594,25.22176588,0,true,20260809
slm,64,128,512,425984,32768,29,12,1,ikj,0.598576,14.01427388,0,true,20260809
slm,64,128,512,425984,32768,29,13,0,ikj,0.606338,13.83487098,0,true,20260809
slm,64,128,512,425984,32768,29,13,1,kij,0.330661,25.36920895,0,true,20260809
slm,64,128,512,425984,32768,29,14,0,ikj,0.604846,13.86899806,0,true,20260809
slm,64,128,512,425984,32768,29,14,1,kij,0.331232,25.3254758,0,true,20260809
slm,64,128,512,425984,32768,29,15,0,ikj,0.599007,14.00419027,0,true,20260809
slm,64,128,512,425984,32768,29,15,1,kij,0.331702,25.28959126,0,true,20260809
slm,64,128,512,425984,32768,29,16,0,ikj,0.60144,13.94753924,0,true,20260809
slm,64,128,512,425984,32768,29,16,1,kij,0.332874,25.20055036,0,true,20260809
slm,64,128,512,425984,32768,29,17,0,kij,0.332103,25.25905517,0,true,20260809
slm,64,128,512,425984,32768,29,17,1,ikj,0.600859,13.9610258,0,true,20260809
slm,64,128,512,425984,32768,29,18,0,kij,0.332062,25.26217393,0,true,20260809
slm,64,128,512,425984,32768,29,18,1,ikj,0.611796,13.7114463,0,true,20260809
slm,64,128,512,425984,32768,29,19,0,kij,0.33007,25.41463326,0,true,20260809
slm,64,128,512,425984,32768,29,19,1,ikj,0.603253,13.90562169,0,true,20260809
slm,64,128,512,425984,32768,47,0,0,kij,0.331622,25.29569208,0,true,20260809
slm,64,128,512,425984,32768,47,0,1,ikj,0.599127,14.00138535,0,true,20260809
slm,64,128,512,425984,32768,47,1,0,ikj,0.604515,13.87659198,0,true,20260809
slm,64,128,512,425984,32768,47,1,1,kij,0.331111,25.33473065,0,true,20260809
slm,64,128,512,425984,32768,47,2,0,kij,0.331602,25.29721775,0,true,20260809
slm,64,128,512,425984,32768,47,2,1,ikj,0.600379,13.97218757,0,true,20260809
slm,64,128,512,425984,32768,47,3,0,ikj,0.598857,14.007698,0,true,20260809
slm,64,128,512,425984,32768,47,3,1,kij,0.330971,25.34544718,0,true,20260809
slm,64,128,512,425984,32768,47,4,0,ikj,0.606247,13.83694765,0,true,20260809
slm,64,128,512,425984,32768,47,4,1,kij,0.33064,25.37082023,0,true,20260809
slm,64,128,512,425984,32768,47,5,0,kij,0.331612,25.29645489,0,true,20260809
slm,64,128,512,425984,32768,47,5,1,ikj,0.601561,13.94473378,0,true,20260809
slm,64,128,512,425984,32768,47,6,0,kij,0.331232,25.3254758,0,true,20260809
slm,64,128,512,425984,32768,47,6,1,ikj,0.598726,14.01076285,0,true,20260809
slm,64,128,512,425984,32768,47,7,0,ikj,0.603403,13.90216489,0,true,20260809
slm,64,128,512,425984,32768,47,7,1,kij,0.331883,25.275799,0,true,20260809
slm,64,128,512,425984,32768,47,8,0,ikj,0.642052,13.06530935,0,true,20260809
slm,64,128,512,425984,32768,47,8,1,kij,0.329528,25.45643466,0,true,20260809
slm,64,128,512,425984,32768,47,9,0,kij,0.331692,25.2903537,0,true,20260809
slm,64,128,512,425984,32768,47,9,1,ikj,0.598837,14.00816583,0,true,20260809
slm,64,128,512,425984,32768,47,10,0,kij,0.331151,25.33167045,0,true,20260809
slm,64,128,512,425984,32768,47,10,1,ikj,0.597965,14.02859365,0,true,20260809
slm,64,128,512,425984,32768,47,11,0,ikj,0.602282,13.92804035,0,true,20260809
slm,64,128,512,425984,32768,47,11,1,kij,0.332704,25.21342695,0,true,20260809
slm,64,128,512,425984,32768,47,12,0,kij,0.33638,24.93789167,0,true,20260809
slm,64,128,512,425984,32768,47,12,1,ikj,0.599998,13.98105994,0,true,20260809
slm,64,128,512,425984,32768,47,13,0,kij,0.332404,25.23618248,0,true,20260809
slm,64,128,512,425984,32768,47,13,1,ikj,0.598546,14.01497629,0,true,20260809
slm,64,128,512,425984,32768,47,14,0,ikj,0.598376,14.01895798,0,true,20260809
slm,64,128,512,425984,32768,47,14,1,kij,0.330611,25.37304566,0,true,20260809
slm,64,128,512,425984,32768,47,15,0,ikj,0.601871,13.9375514,0,true,20260809
slm,64,128,512,425984,32768,47,15,1,kij,0.332253,25.24765164,0,true,20260809
slm,64,128,512,425984,32768,47,16,0,kij,0.335949,24.96988531,0,true,20260809
slm,64,128,512,425984,32768,47,16,1,ikj,0.605446,13.85525381,0,true,20260809
slm,64,128,512,425984,32768,47,17,0,kij,0.331552,25.30103272,0,true,20260809
slm,64,128,512,425984,32768,47,17,1,ikj,0.601841,13.93824615,0,true,20260809
slm,64,128,512,425984,32768,47,18,0,ikj,0.60139,13.94869885,0,true,20260809
slm,64,128,512,425984,32768,47,18,1,kij,0.331312,25.3193606,0,true,20260809
slm,64,128,512,425984,32768,47,19,0,ikj,0.600019,13.98057062,0,true,20260809
slm,64,128,512,425984,32768,47,19,1,kij,0.331291,25.32096556,0,true,20260809
slm,64,128,2048,1605632,32768,11,0,0,ikj,2.410579,13.91965665,0,true,20260809
slm,64,128,2048,1605632,32768,11,0,1,kij,1.358647,24.6969463,0,true,20260809
slm,64,128,2048,1605632,32768,11,1,0,kij,1.3546,24.77073084,0,true,20260809
slm,64,128,2048,1605632,32768,11,1,1,ikj,2.412781,13.90695301,0,true,20260809
slm,64,128,2048,1605632,32768,11,2,0,kij,1.353629,24.78849966,0,true,20260809
slm,64,128,2048,1605632,32768,11,2,1,ikj,2.421455,13.85713631,0,true,20260809
slm,64,128,2048,1605632,32768,11,3,0,kij,1.355562,24.75315183,0,true,20260809
slm,64,128,2048,1605632,32768,11,3,1,ikj,2.408686,13.93059618,0,true,20260809
slm,64,128,2048,1605632,32768,11,4,0,kij,1.355251,24.75883213,0,true,20260809
slm,64,128,2048,1605632,32768,11,4,1,ikj,2.410308,13.92122169,0,true,20260809
slm,64,128,2048,1605632,32768,11,5,0,ikj,2.405721,13.94776535,0,true,20260809
slm,64,128,2048,1605632,32768,11,5,1,kij,1.361311,24.64861593,0,true,20260809
slm,64,128,2048,1605632,32768,11,6,0,kij,1.355712,24.75041307,0,true,20260809
slm,64,128,2048,1605632,32768,11,6,1,ikj,2.406612,13.94260147,0,true,20260809
slm,64,128,2048,1605632,32768,11,7,0,ikj,2.407063,13.93998911,0,true,20260809
slm,64,128,2048,1605632,32768,11,7,1,kij,1.354531,24.77199267,0,true,20260809
slm,64,128,2048,1605632,32768,11,8,0,ikj,2.405361,13.94985285,0,true,20260809
slm,64,128,2048,1605632,32768,11,8,1,kij,1.35444,24.77365701,0,true,20260809
slm,64,128,2048,1605632,32768,11,9,0,kij,1.365106,24.58009268,0,true,20260809
slm,64,128,2048,1605632,32768,11,9,1,ikj,2.406072,13.94573063,0,true,20260809
slm,64,128,2048,1605632,32768,11,10,0,ikj,2.409347,13.92677435,0,true,20260809
slm,64,128,2048,1605632,32768,11,10,1,kij,1.354139,24.77916373,0,true,20260809
slm,64,128,2048,1605632,32768,11,11,0,kij,1.360419,24.66477754,0,true,20260809
slm,64,128,2048,1605632,32768,11,11,1,ikj,2.392101,14.02718029,0,true,20260809
slm,64,128,2048,1605632,32768,11,12,0,ikj,2.416708,13.88435508,0,true,20260809
slm,64,128,2048,1605632,32768,11,12,1,kij,1.356493,24.73616303,0,true,20260809
slm,64,128,2048,1605632,32768,11,13,0,kij,1.361891,24.63811862,0,true,20260809
slm,64,128,2048,1605632,32768,11,13,1,ikj,2.409647,13.92504047,0,true,20260809
slm,64,128,2048,1605632,32768,11,14,0,ikj,2.413343,13.90371447,0,true,20260809
slm,64,128,2048,1605632,32768,11,14,1,kij,1.35432,24.77585209,0,true,20260809
slm,64,128,2048,1605632,32768,11,15,0,ikj,2.420564,13.86223707,0,true,20260809
slm,64,128,2048,1605632,32768,11,15,1,kij,1.353829,24.78483767,0,true,20260809
slm,64,128,2048,1605632,32768,11,16,0,ikj,2.418691,13.87297179,0,true,20260809
slm,64,128,2048,1605632,32768,11,16,1,kij,1.35404,24.78097545,0,true,20260809
slm,64,128,2048,1605632,32768,11,17,0,kij,1.35424,24.77731569,0,true,20260809
slm,64,128,2048,1605632,32768,11,17,1,ikj,2.4119,13.91203284,0,true,20260809
slm,64,128,2048,1605632,32768,11,18,0,ikj,2.410187,13.92192058,0,true,20260809
slm,64,128,2048,1605632,32768,11,18,1,kij,1.355421,24.75572682,0,true,20260809
slm,64,128,2048,1605632,32768,11,19,0,kij,1.35457,24.77127945,0,true,20260809
slm,64,128,2048,1605632,32768,11,19,1,ikj,2.434675,13.78189368,0,true,20260809
slm,64,128,2048,1605632,32768,29,0,0,kij,1.360339,24.66622805,0,true,20260809
slm,64,128,2048,1605632,32768,29,0,1,ikj,2.399772,13.98234166,0,true,20260809
slm,64,128,2048,1605632,32768,29,1,0,ikj,2.41823,13.87561646,0,true,20260809
slm,64,128,2048,1605632,32768,29,1,1,kij,1.355401,24.75609211,0,true,20260809
slm,64,128,2048,1605632,32768,29,2,0,ikj,2.408094,13.93402085,0,true,20260809
slm,64,128,2048,1605632,32768,29,2,1,kij,1.35492,24.76488058,0,true,20260809
slm,64,128,2048,1605632,32768,29,3,0,ikj,2.413984,13.90002254,0,true,20260809
slm,64,128,2048,1605632,32768,29,3,1,kij,1.355863,24.74765666,0,true,20260809
slm,64,128,2048,1605632,32768,29,4,0,kij,1.361591,24.64354714,0,true,20260809
slm,64,128,2048,1605632,32768,29,4,1,ikj,2.412772,13.90700489,0,true,20260809
slm,64,128,2048,1605632,32768,29,5,0,ikj,2.415657,13.89039586,0,true,20260809
slm,64,128,2048,1605632,32768,29,5,1,kij,1.35431,24.77603503,0,true,20260809
slm,64,128,2048,1605632,32768,29,6,0,kij,1.35409,24.78006041,0,true,20260809
slm,64,128,2048,1605632,32768,29,6,1,ikj,2.405741,13.94764939,0,true,20260809
slm,64,128,2048,1605632,32768,29,7,0,ikj,2.428265,13.81827436,0,true,20260809
slm,64,128,2048,1605632,32768,29,7,1,kij,1.353588,24.7892505,0,true,20260809
slm,64,128,2048,1605632,32768,29,8,0,kij,1.354119,24.77952972,0,true,20260809
slm,64,128,2048,1605632,32768,29,8,1,ikj,2.414594,13.89651097,0,true,20260809
slm,64,128,2048,1605632,32768,29,9,0,kij,1.356042,24.74438992,0,true,20260809
slm,64,128,2048,1605632,32768,29,9,1,ikj,2.401825,13.97039002,0,true,20260809
slm,64,128,2048,1605632,32768,29,10,0,ikj,2.401455,13.97254248,0,true,20260809
slm,64,128,2048,1605632,32768,29,10,1,kij,1.354801,24.76705583,0,true,20260809
slm,64,128,2048,1605632,32768,29,11,0,kij,1.355532,24.75369965,0,true,20260809
slm,64,128,2048,1605632,32768,29,11,1,ikj,2.405711,13.94782333,0,true,20260809
slm,64,128,2048,1605632,32768,29,12,0,ikj,2.417229,13.8813625,0,true,20260809
slm,64,128,2048,1605632,32768,29,12,1,kij,1.362723,24.623076,0,true,20260809
slm,64,128,2048,1605632,32768,29,13,0,ikj,2.393643,14.01814389,0,true,20260809
slm,64,128,2048,1605632,32768,29,13,1,kij,1.366237,24.55974476,0,true,20260809
slm,64,128,2048,1605632,32768,29,14,0,kij,1.35432,24.77585209,0,true,20260809
slm,64,128,2048,1605632,32768,29,14,1,ikj,2.409587,13.92538721,0,true,20260809
slm,64,128,2048,1605632,32768,29,15,0,kij,1.355782,24.74913519,0,true,20260809
slm,64,128,2048,1605632,32768,29,15,1,ikj,2.413713,13.90158316,0,true,20260809
slm,64,128,2048,1605632,32768,29,16,0,ikj,2.403798,13.95892334,0,true,20260809
slm,64,128,2048,1605632,32768,29,16,1,kij,1.36094,24.65533528,0,true,20260809
slm,64,128,2048,1605632,32768,29,17,0,ikj,2.407183,13.93929419,0,true,20260809
slm,64,128,2048,1605632,32768,29,17,1,kij,1.358507,24.69949143,0,true,20260809
slm,64,128,2048,1605632,32768,29,18,0,ikj,2.39824,13.9912736,0,true,20260809
slm,64,128,2048,1605632,32768,29,18,1,kij,1.362291,24.6308843,0,true,20260809
slm,64,128,2048,1605632,32768,29,19,0,kij,1.353929,24.78300709,0,true,20260809
slm,64,128,2048,1605632,32768,29,19,1,ikj,2.410027,13.92284485,0,true,20260809
slm,64,128,2048,1605632,32768,47,0,0,kij,1.35466,24.76963371,0,true,20260809
slm,64,128,2048,1605632,32768,47,0,1,ikj,2.424109,13.84196503,0,true,20260809
slm,64,128,2048,1605632,32768,47,1,0,ikj,2.400653,13.97721037,0,true,20260809
slm,64,128,2048,1605632,32768,47,1,1,kij,1.361661,24.64228027,0,true,20260809
slm,64,128,2048,1605632,32768,47,2,0,kij,1.354951,24.76431399,0,true,20260809
slm,64,128,2048,1605632,32768,47,2,1,ikj,2.40447,13.9550221,0,true,20260809
slm,64,128,2048,1605632,32768,47,3,0,ikj,2.397669,13.99460559,0,true,20260809
slm,64,128,2048,1605632,32768,47,3,1,kij,1.359958,24.67313844,0,true,20260809
slm,64,128,2048,1605632,32768,47,4,0,ikj,2.39837,13.99051522,0,true,20260809
slm,64,128,2048,1605632,32768,47,4,1,kij,1.362382,24.62923908,0,true,20260809
slm,64,128,2048,1605632,32768,47,5,0,kij,1.355992,24.74530233,0,true,20260809
slm,64,128,2048,1605632,32768,47,5,1,ikj,2.41178,13.91272504,0,true,20260809
slm,64,128,2048,1605632,32768,47,6,0,kij,1.355191,24.75992831,0,true,20260809
slm,64,128,2048,1605632,32768,47,6,1,ikj,2.439352,13.75546949,0,true,20260809
slm,64,128,2048,1605632,32768,47,7,0,kij,1.355181,24.76011101,0,true,20260809
slm,64,128,2048,1605632,32768,47,7,1,ikj,2.417889,13.87757337,0,true,20260809
slm,64,128,2048,1605632,32768,47,8,0,ikj,2.407423,13.93790456,0,true,20260809
slm,64,128,2048,1605632,32768,47,8,1,kij,1.355191,24.75992831,0,true,20260809
slm,64,128,2048,1605632,32768,47,9,0,kij,1.362181,24.63287331,0,true,20260809
slm,64,128,2048,1605632,32768,47,9,1,ikj,2.405861,13.94695371,0,true,20260809
slm,64,128,2048,1605632,32768,47,10,0,kij,1.360058,24.67132431,0,true,20260809
slm,64,128,2048,1605632,32768,47,10,1,ikj,2.40508,13.95148269,0,true,20260809
slm,64,128,2048,1605632,32768,47,11,0,kij,1.360509,24.66314593,0,true,20260809
slm,64,128,2048,1605632,32768,47,11,1,ikj,2.394204,14.01485922,0,true,20260809
slm,64,128,2048,1605632,32768,47,12,0,kij,1.361521,24.64481415,0,true,20260809
slm,64,128,2048,1605632,32768,47,12,1,ikj,2.407614,13.93679884,0,true,20260809
slm,64,128,2048,1605632,32768,47,13,0,ikj,2.403608,13.96002676,0,true,20260809
slm,64,128,2048,1605632,32768,47,13,1,kij,1.352687,24.80576216,0,true,20260809
slm,64,128,2048,1605632,32768,47,14,0,ikj,2.416838,13.88360825,0,true,20260809
slm,64,128,2048,1605632,32768,47,14,1,kij,1.353849,24.78447153,0,true,20260809
slm,64,128,2048,1605632,32768,47,15,0,kij,1.358806,24.6940564,0,true,20260809
slm,64,128,2048,1605632,32768,47,15,1,ikj,2.413522,13.9026833,0,true,20260809
slm,64,128,2048,1605632,32768,47,16,0,kij,1.358997,24.69058578,0,true,20260809
slm,64,128,2048,1605632,32768,47,16,1,ikj,2.410058,13.92266576,0,true,20260809
slm,64,128,2048,1605632,32768,47,17,0,ikj,2.409737,13.92452039,0,true,20260809
slm,64,128,2048,1605632,32768,47,17,1,kij,1.353097,24.7982458,0,true,20260809
slm,64,128,2048,1605632,32768,47,18,0,ikj,2.412381,13.90925894,0,true,20260809
slm,64,128,2048,1605632,32768,47,18,1,kij,1.353358,24.79346337,0,true,20260809
slm,64,128,2048,1605632,32768,47,19,0,kij,1.355341,24.75718804,0,true,20260809
slm,64,128,2048,1605632,32768,47,19,1,ikj,2.404389,13.95549223,0,true,20260809
slm,64,128,8192,6324224,32768,11,0,0,ikj,9.704428,13.83056559,0,true,20260809
slm,64,128,8192,6324224,32768,11,0,1,kij,5.764424,23.28380563,0,true,20260809
slm,64,128,8192,6324224,32768,11,1,0,ikj,9.683136,13.86097727,0,true,20260809
slm,64,128,8192,6324224,32768,11,1,1,kij,5.759838,23.30234427,0,true,20260809
slm,64,128,8192,6324224,32768,11,2,0,ikj,9.683216,13.86086275,0,true,20260809
slm,64,128,8192,6324224,32768,11,2,1,kij,5.762191,23.29282872,0,true,20260809
slm,64,128,8192,6324224,32768,11,3,0,kij,5.770163,23.26064758,0,true,20260809
slm,64,128,8192,6324224,32768,11,3,1,ikj,9.729706,13.79463347,0,true,20260809
slm,64,128,8192,6324224,32768,11,4,0,ikj,9.689696,13.85159328,0,true,20260809
slm,64,128,8192,6324224,32768,11,4,1,kij,5.755411,23.32026818,0,true,20260809
slm,64,128,8192,6324224,32768,11,5,0,ikj,9.731429,13.79219105,0,true,20260809
slm,64,128,8192,6324224,32768,11,5,1,kij,5.742962,23.37081945,0,true,20260809
slm,64,128,8192,6324224,32768,11,6,0,kij,5.769682,23.26258674,0,true,20260809
slm,64,128,8192,6324224,32768,11,6,1,ikj,9.659149,13.89539886,0,true,20260809
slm,64,128,8192,6324224,32768,11,7,0,ikj,9.7255,13.80059925,0,true,20260809
slm,64,128,8192,6324224,32768,11,7,1,kij,5.767379,23.27187584,0,true,20260809
slm,64,128,8192,6324224,32768,11,8,0,kij,5.760659,23.29902325,0,true,20260809
slm,64,128,8192,6324224,32768,11,8,1,ikj,9.700171,13.83663525,0,true,20260809
slm,64,128,8192,6324224,32768,11,9,0,kij,5.753669,23.3273287,0,true,20260809
slm,64,128,8192,6324224,32768,11,9,1,ikj,9.643485,13.91796928,0,true,20260809
slm,64,128,8192,6324224,32768,11,10,0,kij,5.762561,23.29133314,0,true,20260809
slm,64,128,8192,6324224,32768,11,10,1,ikj,9.725309,13.80087029,0,true,20260809
slm,64,128,8192,6324224,32768,11,11,0,ikj,9.675163,13.87239967,0,true,20260809
slm,64,128,8192,6324224,32768,11,11,1,kij,5.756873,23.31434583,0,true,20260809
slm,64,128,8192,6324224,32768,11,12,0,ikj,9.703766,13.83150913,0,true,20260809
slm,64,128,8192,6324224,32768,11,12,1,kij,5.758075,23.30947895,0,true,20260809
slm,64,128,8192,6324224,32768,11,13,0,kij,5.817555,23.07115756,0,true,20260809
slm,64,128,8192,6324224,32768,11,13,1,ikj,9.682915,13.86129363,0,true,20260809
slm,64,128,8192,6324224,32768,11,14,0,ikj,9.692229,13.84797326,0,true,20260809
slm,64,128,8192,6324224,32768,11,14,1,kij,5.755231,23.32099754,0,true,20260809
slm,64,128,8192,6324224,32768,11,15,0,ikj,9.695494,13.84330989,0,true,20260809
slm,64,128,8192,6324224,32768,11,15,1,kij,5.769152,23.26472383,0,true,20260809
slm,64,128,8192,6324224,32768,11,16,0,kij,5.759016,23.30567027,0,true,20260809
slm,64,128,8192,6324224,32768,11,16,1,ikj,9.693461,13.84621324,0,true,20260809
slm,64,128,8192,6324224,32768,11,17,0,kij,5.763793,23.28635466,0,true,20260809
slm,64,128,8192,6324224,32768,11,17,1,ikj,9.675113,13.87247136,0,true,20260809
slm,64,128,8192,6324224,32768,11,18,0,kij,5.756543,23.31568235,0,true,20260809
slm,64,128,8192,6324224,32768,11,18,1,ikj,9.685719,13.85728081,0,true,20260809
slm,64,128,8192,6324224,32768,11,19,0,kij,5.796493,23.15498837,0,true,20260809
slm,64,128,8192,6324224,32768,11,19,1,ikj,9.721764,13.80590271,0,true,20260809
slm,64,128,8192,6324224,32768,29,0,0,kij,5.761299,23.29643506,0,true,20260809
slm,64,128,8192,6324224,32768,29,0,1,ikj,9.702865,13.83279351,0,true,20260809
slm,64,128,8192,6324224,32768,29,1,0,kij,5.765386,23.27992055,0,true,20260809
slm,64,128,8192,6324224,32768,29,1,1,ikj,9.733072,13.78986285,0,true,20260809
slm,64,128,8192,6324224,32768,29,2,0,ikj,9.655524,13.90061565,0,true,20260809
slm,64,128,8192,6324224,32768,29,2,1,kij,5.819978,23.06155247,0,true,20260809
slm,64,128,8192,6324224,32768,29,3,0,kij,5.759026,23.30562981,0,true,20260809
slm,64,128,8192,6324224,32768,29,3,1,ikj,9.704297,13.83075229,0,true,20260809
slm,64,128,8192,6324224,32768,29,4,0,kij,5.756652,23.31524087,0,true,20260809
slm,64,128,8192,6324224,32768,29,4,1,ikj,9.674573,13.87324567,0,true,20260809
slm,64,128,8192,6324224,32768,29,5,0,ikj,9.679661,13.86595336,0,true,20260809
slm,64,128,8192,6324224,32768,29,5,1,kij,5.757945,23.31000522,0,true,20260809
slm,64,128,8192,6324224,32768,29,6,0,kij,5.767239,23.27244076,0,true,20260809
slm,64,128,8192,6324224,32768,29,6,1,ikj,9.667693,13.88311855,0,true,20260809
slm,64,128,8192,6324224,32768,29,7,0,ikj,9.675713,13.87161112,0,true,20260809
slm,64,128,8192,6324224,32768,29,7,1,kij,5.754129,23.32546385,0,true,20260809
slm,64,128,8192,6324224,32768,29,8,0,kij,5.766848,23.27401867,0,true,20260809
slm,64,128,8192,6324224,32768,29,8,1,ikj,9.688123,13.85384228,0,true,20260809
slm,64,128,8192,6324224,32768,29,9,0,kij,5.762151,23.29299041,0,true,20260809
slm,64,128,8192,6324224,32768,29,9,1,ikj,9.738019,13.78285748,0,true,20260809
slm,64,128,8192,6324224,32768,29,10,0,ikj,9.696906,13.84129412,0,true,20260809
slm,64,128,8192,6324224,32768,29,10,1,kij,5.766007,23.27741329,0,true,20260809
slm,64,128,8192,6324224,32768,29,11,0,ikj,9.71258,13.81895727,0,true,20260809
slm,64,128,8192,6324224,32768,29,11,1,kij,5.760529,23.29954905,0,true,20260809
slm,64,128,8192,6324224,32768,29,12,0,kij,5.76204,23.29343913,0,true,20260809
slm,64,128,8192,6324224,32768,29,12,1,ikj,9.67922,13.86658512,0,true,20260809
slm,64,128,8192,6324224,32768,29,13,0,kij,5.771435,23.25552103,0,true,20260809
slm,64,128,8192,6324224,32768,29,13,1,ikj,9.6926,13.8474432,0,true,20260809
slm,64,128,8192,6324224,32768,29,14,0,ikj,9.700432,13.83626296,0,true,20260809
slm,64,128,8192,6324224,32768,29,14,1,kij,5.757854,23.31037362,0,true,20260809
slm,64,128,8192,6324224,32768,29,15,0,ikj,9.749645,13.76642206,0,true,20260809
slm,64,128,8192,6324224,32768,29,15,1,kij,5.758846,23.30635825,0,true,20260809
slm,64,128,8192,6324224,32768,29,16,0,kij,5.767259,23.27236006,0,true,20260809
slm,64,128,8192,6324224,32768,29,16,1,ikj,9.697136,13.84096583,0,true,20260809
slm,64,128,8192,6324224,32768,29,17,0,ikj,9.702064,13.83393554,0,true,20260809
slm,64,128,8192,6324224,32768,29,17,1,kij,5.756834,23.31450377,0,true,20260809
slm,64,128,8192,6324224,32768,29,18,0,kij,5.758025,23.30968136,0,true,20260809
slm,64,128,8192,6324224,32768,29,18,1,ikj,9.677166,13.86952833,0,true,20260809
slm,64,128,8192,6324224,32768,29,19,0,kij,5.756943,23.31406234,0,true,20260809
slm,64,128,8192,6324224,32768,29,19,1,ikj,9.762396,13.74844126,0,true,20260809
slm,64,128,8192,6324224,32768,47,0,0,ikj,9.676565,13.87038975,0,true,20260809
slm,64,128,8192,6324224,32768,47,0,1,kij,5.757944,23.31000927,0,true,20260809
slm,64,128,8192,6324224,32768,47,1,0,ikj,9.66025,13.89381517,0,true,20260809
slm,64,128,8192,6324224,32768,47,1,1,kij,5.760479,23.29975129,0,true,20260809
slm,64,128,8192,6324224,32768,47,2,0,kij,5.761941,23.29383935,0,true,20260809
slm,64,128,8192,6324224,32768,47,2,1,ikj,9.691408,13.84914638,0,true,20260809
slm,64,128,8192,6324224,32768,47,3,0,kij,5.759097,23.30534249,0,true,20260809
slm,64,128,8192,6324224,32768,47,3,1,ikj,9.704748,13.83010955,0,true,20260809
slm,64,128,8192,6324224,32768,47,4,0,ikj,9.717998,13.81125289,0,true,20260809
slm,64,128,8192,6324224,32768,47,4,1,kij,5.760629,23.29914459,0,true,20260809
slm,64,128,8192,6324224,32768,47,5,0,ikj,9.663646,13.8889326,0,true,20260809
slm,64,128,8192,6324224,32768,47,5,1,kij,5.762492,23.29161203,0,true,20260809
slm,64,128,8192,6324224,32768,47,6,0,kij,5.760698,23.29886552,0,true,20260809
slm,64,128,8192,6324224,32768,47,6,1,ikj,9.724398,13.80216318,0,true,20260809
slm,64,128,8192,6324224,32768,47,7,0,kij,5.753528,23.32790038,0,true,20260809
slm,64,128,8192,6324224,32768,47,7,1,ikj,9.710026,13.82259203,0,true,20260809
slm,64,128,8192,6324224,32768,47,8,0,kij,5.755732,23.3189676,0,true,20260809
slm,64,128,8192,6324224,32768,47,8,1,ikj,9.66593,13.88565073,0,true,20260809
slm,64,128,8192,6324224,32768,47,9,0,ikj,9.64011,13.92284196,0,true,20260809
slm,64,128,8192,6324224,32768,47,9,1,kij,5.750203,23.34138951,0,true,20260809
slm,64,128,8192,6324224,32768,47,10,0,ikj,9.697528,13.84040634,0,true,20260809
slm,64,128,8192,6324224,32768,47,10,1,kij,5.762431,23.29185859,0,true,20260809
slm,64,128,8192,6324224,32768,47,11,0,kij,5.821411,23.05587563,0,true,20260809
slm,64,128,8192,6324224,32768,47,11,1,ikj,9.67906,13.86681434,0,true,20260809
slm,64,128,8192,6324224,32768,47,12,0,kij,5.76829,23.26820045,0,true,20260809
slm,64,128,8192,6324224,32768,47,12,1,ikj,9.665809,13.88582456,0,true,20260809
slm,64,128,8192,6324224,32768,47,13,0,ikj,9.683937,13.85983077,0,true,20260809
slm,64,128,8192,6324224,32768,47,13,1,kij,5.764064,23.28525984,0,true,20260809
slm,64,128,8192,6324224,32768,47,14,0,kij,5.759987,23.30174148,0,true,20260809
slm,64,128,8192,6324224,32768,47,14,1,ikj,9.690937,13.84981948,0,true,20260809
slm,64,128,8192,6324224,32768,47,15,0,kij,5.757725,23.31089588,0,true,20260809
slm,64,128,8192,6324224,32768,47,15,1,ikj,9.678448,13.86769118,0,true,20260809
slm,64,128,8192,6324224,32768,47,16,0,ikj,9.658388,13.8964937,0,true,20260809
slm,64,128,8192,6324224,32768,47,16,1,kij,5.75476,23.32290625,0,true,20260809
slm,64,128,8192,6324224,32768,47,17,0,ikj,9.810067,13.68163214,0,true,20260809
slm,64,128,8192,6324224,32768,47,17,1,kij,5.757073,23.31353589,0,true,20260809
slm,64,128,8192,6324224,32768,47,18,0,kij,5.765546,23.2792745,0,true,20260809
slm,64,128,8192,6324224,32768,47,18,1,ikj,9.676655,13.87026075,0,true,20260809
slm,64,128,8192,6324224,32768,47,19,0,ikj,9.721163,13.80675625,0,true,20260809
slm,64,128,8192,6324224,32768,47,19,1,kij,5.756052,23.31767121,0,true,20260809
slm,64,128,16384,12615680,32768,11,0,0,kij,9.857109,27.23267603,0,true,20260809
slm,64,128,16384,12615680,32768,11,0,1,ikj,10.423156,25.7537598,0,true,20260809
slm,64,128,16384,12615680,32768,11,1,0,ikj,10.429996,25.73687046,0,true,20260809
slm,64,128,16384,12615680,32768,11,1,1,kij,9.87121,27.19377422,0,true,20260809
slm,64,128,16384,12615680,32768,11,2,0,kij,9.847915,27.25810042,0,true,20260809
slm,64,128,16384,12615680,32768,11,2,1,ikj,10.438219,25.71659552,0,true,20260809
slm,64,128,16384,12615680,32768,11,3,0,kij,9.856688,27.2338392,0,true,20260809
slm,64,128,16384,12615680,32768,11,3,1,ikj,10.436295,25.72133655,0,true,20260809
slm,64,128,16384,12615680,32768,11,4,0,kij,9.915346,27.07272706,0,true,20260809
slm,64,128,16384,12615680,32768,11,4,1,ikj,10.440432,25.71114452,0,true,20260809
slm,64,128,16384,12615680,32768,11,5,0,ikj,10.421132,25.75876172,0,true,20260809
slm,64,128,16384,12615680,32768,11,5,1,kij,9.869327,27.1989626,0,true,20260809
slm,64,128,16384,12615680,32768,11,6,0,kij,9.851561,27.24801237,0,true,20260809
slm,64,128,16384,12615680,32768,11,6,1,ikj,10.437737,25.71778308,0,true,20260809
slm,64,128,16384,12615680,32768,11,7,0,kij,9.858271,27.2294661,0,true,20260809
slm,64,128,16384,12615680,32768,11,7,1,ikj,10.4325,25.73069312,0,true,20260809
slm,64,128,16384,12615680,32768,11,8,0,kij,9.867154,27.20495251,0,true,20260809
slm,64,128,16384,12615680,32768,11,8,1,ikj,10.434493,25.72577853,0,true,20260809
slm,64,128,16384,12615680,32768,11,9,0,kij,9.868466,27.20133565,0,true,20260809
slm,64,128,16384,12615680,32768,11,9,1,ikj,10.447522,25.69369617,0,true,20260809
slm,64,128,16384,12615680,32768,11,10,0,kij,9.866773,27.20600302,0,true,20260809
slm,64,128,16384,12615680,32768,11,10,1,ikj,10.427222,25.74371736,0,true,20260809
slm,64,128,16384,12615680,32768,11,11,0,kij,9.868386,27.20155616,0,true,20260809
slm,64,128,16384,12615680,32768,11,11,1,ikj,10.425679,25.74752743,0,true,20260809
slm,64,128,16384,12615680,32768,11,12,0,kij,9.861145,27.22153016,0,true,20260809
slm,64,128,16384,12615680,32768,11,12,1,ikj,10.43301,25.72943532,0,true,20260809
slm,64,128,16384,12615680,32768,11,13,0,kij,9.856728,27.23372868,0,true,20260809
slm,64,128,16384,12615680,32768,11,13,1,ikj,10.428494,25.74057731,0,true,20260809
slm,64,128,16384,12615680,32768,11,14,0,ikj,10.429765,25.73744049,0,true,20260809
slm,64,128,16384,12615680,32768,11,14,1,kij,9.870509,27.19570551,0,true,20260809
slm,64,128,16384,12615680,32768,11,15,0,ikj,10.428774,25.7398862,0,true,20260809
slm,64,128,16384,12615680,32768,11,15,1,kij,9.859393,27.22636738,0,true,20260809
slm,64,128,16384,12615680,32768,11,16,0,kij,9.863248,27.2157261,0,true,20260809
slm,64,128,16384,12615680,32768,11,16,1,ikj,10.434413,25.72597577,0,true,20260809
slm,64,128,16384,12615680,32768,11,17,0,kij,9.862617,27.21746733,0,true,20260809
slm,64,128,16384,12615680,32768,11,17,1,ikj,10.436615,25.7205479,0,true,20260809
slm,64,128,16384,12615680,32768,11,18,0,ikj,10.441323,25.70895048,0,true,20260809
slm,64,128,16384,12615680,32768,11,18,1,kij,9.847844,27.25829694,0,true,20260809
slm,64,128,16384,12615680,32768,11,19,0,kij,9.860584,27.22307888,0,true,20260809
slm,64,128,16384,12615680,32768,11,19,1,ikj,10.425649,25.74760152,0,true,20260809
slm,64,128,16384,12615680,32768,29,0,0,kij,9.852342,27.24585241,0,true,20260809
slm,64,128,16384,12615680,32768,29,0,1,ikj,10.430065,25.7367002,0,true,20260809
slm,64,128,16384,12615680,32768,29,1,0,kij,9.85806,27.23004891,0,true,20260809
slm,64,128,16384,12615680,32768,29,1,1,ikj,10.428343,25.74095002,0,true,20260809
slm,64,128,16384,12615680,32768,29,2,0,kij,9.86422,27.21304432,0,true,20260809
slm,64,128,16384,12615680,32768,29,2,1,ikj,10.426961,25.74436176,0,true,20260809
slm,64,128,16384,12615680,32768,29,3,0,kij,9.85836,27.22922028,0,true,20260809
slm,64,128,16384,12615680,32768,29,3,1,ikj,10.420292,25.76083818,0,true,20260809
slm,64,128,16384,12615680,32768,29,4,0,ikj,10.429925,25.73704566,0,true,20260809
slm,64,128,16384,12615680,32768,29,4,1,kij,9.85832,27.22933076,0,true,20260809
slm,64,128,16384,12615680,32768,29,5,0,kij,9.856729,27.23372591,0,true,20260809
slm,64,128,16384,12615680,32768,29,5,1,ikj,10.431187,25.73393191,0,true,20260809
slm,64,128,16384,12615680,32768,29,6,0,kij,9.896348,27.12469853,0,true,20260809
slm,64,128,16384,12615680,32768,29,6,1,ikj,10.430717,25.73509146,0,true,20260809
slm,64,128,16384,12615680,32768,29,7,0,ikj,10.423746,25.7523021,0,true,20260809
slm,64,128,16384,12615680,32768,29,7,1,kij,9.89693,27.12310343,0,true,20260809
slm,64,128,16384,12615680,32768,29,8,0,ikj,10.428263,25.7411475,0,true,20260809
slm,64,128,16384,12615680,32768,29,8,1,kij,9.853103,27.24374809,0,true,20260809
slm,64,128,16384,12615680,32768,29,9,0,ikj,10.429415,25.73830421,0,true,20260809
slm,64,128,16384,12615680,32768,29,9,1,kij,9.861476,27.22061647,0,true,20260809
slm,64,128,16384,12615680,32768,29,10,0,kij,9.859702,27.22551412,0,true,20260809
slm,64,128,16384,12615680,32768,29,10,1,ikj,10.450848,25.68551911,0,true,20260809
slm,64,128,16384,12615680,32768,29,11,0,ikj,10.42653,25.74542595,0,true,20260809
slm,64,128,16384,12615680,32768,29,11,1,kij,9.863558,27.21487074,0,true,20260809
slm,64,128,16384,12615680,32768,29,12,0,kij,9.858912,27.22769571,0,true,20260809
slm,64,128,16384,12615680,32768,29,12,1,ikj,10.437747,25.71775844,0,true,20260809
slm,64,128,16384,12615680,32768,29,13,0,ikj,10.433431,25.72839711,0,true,20260809
slm,64,128,16384,12615680,32768,29,13,1,kij,9.85116,27.24912152,0,true,20260809
slm,64,128,16384,12615680,32768,29,14,0,ikj,10.438779,25.71521593,0,true,20260809
slm,64,128,16384,12615680,32768,29,14,1,kij,9.850569,27.25075638,0,true,20260809
slm,64,128,16384,12615680,32768,29,15,0,kij,9.862697,27.21724656,0,true,20260809
slm,64,128,16384,12615680,32768,29,15,1,ikj,10.426671,25.74507779,0,true,20260809
slm,64,128,16384,12615680,32768,29,16,0,kij,9.854585,27.23965098,0,true,20260809
slm,64,128,16384,12615680,32768,29,16,1,ikj,10.421192,25.75861341,0,true,20260809
slm,64,128,16384,12615680,32768,29,17,0,kij,9.879583,27.17072735,0,true,20260809
slm,64,128,16384,12615680,32768,29,17,1,ikj,10.42626,25.74609265,0,true,20260809
slm,64,128,16384,12615680,32768,29,18,0,kij,9.861135,27.22155776,0,true,20260809
slm,64,128,16384,12615680,32768,29,18,1,ikj,10.43222,25.73138373,0,true,20260809
slm,64,128,16384,12615680,32768,29,19,0,kij,9.852051,27.24665717,0,true,20260809
slm,64,128,16384,12615680,32768,29,19,1,ikj,10.437527,25.71830051,0,true,20260809
slm,64,128,16384,12615680,32768,47,0,0,ikj,10.444528,25.70106146,0,true,20260809
slm,64,128,16384,12615680,32768,47,0,1,kij,9.860153,27.22426883,0,true,20260809
slm,64,128,16384,12615680,32768,47,1,0,ikj,10.416135,25.77111913,0,true,20260809
slm,64,128,16384,12615680,32768,47,1,1,kij,9.862797,27.2169706,0,true,20260809
slm,64,128,16384,12615680,32768,47,2,0,kij,9.851331,27.24864853,0,true,20260809
slm,64,128,16384,12615680,32768,47,2,1,ikj,10.424477,25.75049626,0,true,20260809
slm,64,128,16384,12615680,32768,47,3,0,ikj,10.418278,25.76581811,0,true,20260809
slm,64,128,16384,12615680,32768,47,3,1,kij,9.867194,27.20484223,0,true,20260809
slm,64,128,16384,12615680,32768,47,4,0,kij,9.853443,27.24280802,0,true,20260809
slm,64,128,16384,12615680,32768,47,4,1,ikj,10.488865,25.59242168,0,true,20260809
slm,64,128,16384,12615680,32768,47,5,0,kij,9.852212,27.24621192,0,true,20260809
slm,64,128,16384,12615680,32768,47,5,1,ikj,10.432629,25.73037496,0,true,20260809
slm,64,128,16384,12615680,32768,47,6,0,ikj,10.498189,25.56969169,0,true,20260809
slm,64,128,16384,12615680,32768,47,6,1,kij,9.860052,27.2245477,0,true,20260809
slm,64,128,16384,12615680,32768,47,7,0,ikj,10.426821,25.74470742,0,true,20260809
slm,64,128,16384,12615680,32768,47,7,1,kij,9.887525,27.14890289,0,true,20260809
slm,64,128,16384,12615680,32768,47,8,0,ikj,10.436065,25.72190342,0,true,20260809
slm,64,128,16384,12615680,32768,47,8,1,kij,9.85797,27.23029752,0,true,20260809
slm,64,128,16384,12615680,32768,47,9,0,kij,9.903448,27.10525223,0,true,20260809
slm,64,128,16384,12615680,32768,47,9,1,ikj,10.431058,25.73425016,0,true,20260809
slm,64,128,16384,12615680,32768,47,10,0,ikj,10.429975,25.73692228,0,true,20260809
slm,64,128,16384,12615680,32768,47,10,1,kij,9.860164,27.22423846,0,true,20260809
slm,64,128,16384,12615680,32768,47,11,0,kij,9.886003,27.1530826,0,true,20260809
slm,64,128,16384,12615680,32768,47,11,1,ikj,10.435563,25.72314076,0,true,20260809
slm,64,128,16384,12615680,32768,47,12,0,kij,9.853253,27.24333334,0,true,20260809
slm,64,128,16384,12615680,32768,47,12,1,ikj,10.467673,25.64423401,0,true,20260809
slm,64,128,16384,12615680,32768,47,13,0,kij,9.849027,27.25502286,0,true,20260809
slm,64,128,16384,12615680,32768,47,13,1,ikj,10.435204,25.72402571,0,true,20260809
slm,64,128,16384,12615680,32768,47,14,0,kij,9.855607,27.23682631,0,true,20260809
slm,64,128,16384,12615680,32768,47,14,1,ikj,10.422494,25.75539559,0,true,20260809
slm,64,128,16384,12615680,32768,47,15,0,ikj,10.425869,25.74705821,0,true,20260809
slm,64,128,16384,12615680,32768,47,15,1,kij,9.878591,27.17345581,0,true,20260809
slm,64,128,16384,12615680,32768,47,16,0,kij,9.858091,27.22996329,0,true,20260809
slm,64,128,16384,12615680,32768,47,16,1,ikj,10.432249,25.7313122,0,true,20260809
slm,64,128,16384,12615680,32768,47,17,0,kij,9.898392,27.11909732,0,true,20260809
slm,64,128,16384,12615680,32768,47,17,1,ikj,10.430827,25.73482007,0,true,20260809
slm,64,128,16384,12615680,32768,47,18,0,ikj,10.434152,25.72661928,0,true,20260809
slm,64,128,16384,12615680,32768,47,18,1,kij,9.886143,27.15269807,0,true,20260809
slm,64,128,16384,12615680,32768,47,19,0,ikj,10.419049,25.76391147,0,true,20260809
slm,64,128,16384,12615680,32768,47,19,1,kij,9.8577,27.23104335,0,true,20260809
slm,64,256,128,229376,65536,11,0,0,kij,0.167764,25.00121599,0,true,20260809
slm,64,256,128,229376,65536,11,0,1,ikj,0.300255,13.96913956,0,true,20260809
slm,64,256,128,229376,65536,11,1,0,ikj,0.298061,14.07196513,0,true,20260809
slm,64,256,128,229376,65536,11,1,1,kij,0.168595,24.87798571,0,true,20260809
slm,64,256,128,229376,65536,11,2,0,ikj,0.297881,14.08046837,0,true,20260809
slm,64,256,128,229376,65536,11,2,1,kij,0.168635,24.87208468,0,true,20260809
slm,64,256,128,229376,65536,11,3,0,kij,0.167684,25.01314377,0,true,20260809
slm,64,256,128,229376,65536,11,3,1,ikj,0.300004,13.98082692,0,true,20260809
slm,64,256,128,229376,65536,11,4,0,kij,0.168174,24.94026425,0,true,20260809
slm,64,256,128,229376,65536,11,4,1,ikj,0.299693,13.99533523,0,true,20260809
slm,64,256,128,229376,65536,11,5,0,ikj,0.299043,14.02575549,0,true,20260809
slm,64,256,128,229376,65536,11,5,1,kij,0.167733,25.00583666,0,true,20260809
slm,64,256,128,229376,65536,11,6,0,ikj,0.299734,13.99342083,0,true,20260809
slm,64,256,128,229376,65536,11,6,1,kij,0.168165,24.94159902,0,true,20260809
slm,64,256,128,229376,65536,11,7,0,kij,0.167683,25.01329294,0,true,20260809
slm,64,256,128,229376,65536,11,7,1,ikj,0.300205,13.97146616,0,true,20260809
slm,64,256,128,229376,65536,11,8,0,ikj,0.300505,13.95751818,0,true,20260809
slm,64,256,128,229376,65536,11,8,1,kij,0.168475,24.89570559,0,true,20260809
slm,64,256,128,229376,65536,11,9,0,ikj,0.300284,13.96779049,0,true,20260809
slm,64,256,128,229376,65536,11,9,1,kij,0.168535,24.8868425,0,true,20260809
slm,64,256,128,229376,65536,11,10,0,ikj,0.299733,13.99346752,0,true,20260809
slm,64,256,128,229376,65536,11,10,1,kij,0.168135,24.94604931,0,true,20260809
slm,64,256,128,229376,65536,11,11,0,kij,0.170107,24.65685715,0,true,20260809
slm,64,256,128,229376,65536,11,11,1,ikj,0.299984,13.98175903,0,true,20260809
slm,64,256,128,229376,65536,11,12,0,ikj,0.299012,14.02720961,0,true,20260809
slm,64,256,128,229376,65536,11,12,1,kij,0.170468,24.60464134,0,true,20260809
slm,64,256,128,229376,65536,11,13,0,ikj,0.298412,14.05541332,0,true,20260809
slm,64,256,128,229376,65536,11,13,1,kij,0.170588,24.58733322,0,true,20260809
slm,64,256,128,229376,65536,11,14,0,kij,0.170097,24.65830673,0,true,20260809
slm,64,256,128,229376,65536,11,14,1,ikj,0.299824,13.98922034,0,true,20260809
slm,64,256,128,229376,65536,11,15,0,ikj,0.299343,14.01169895,0,true,20260809
slm,64,256,128,229376,65536,11,15,1,kij,0.170238,24.63788343,0,true,20260809
slm,64,256,128,229376,65536,11,16,0,kij,0.170248,24.63643626,0,true,20260809
slm,64,256,128,229376,65536,11,16,1,ikj,0.299082,14.02392655,0,true,20260809
slm,64,256,128,229376,65536,11,17,0,kij,0.170178,24.64657006,0,true,20260809
slm,64,256,128,229376,65536,11,17,1,ikj,0.299723,13.9939344,0,true,20260809
slm,64,256,128,229376,65536,11,18,0,kij,0.170127,24.65395851,0,true,20260809
slm,64,256,128,229376,65536,11,18,1,ikj,0.299604,13.99949266,0,true,20260809
slm,64,256,128,229376,65536,11,19,0,ikj,0.300124,13.9752369,0,true,20260809
slm,64,256,128,229376,65536,11,19,1,kij,0.171018,24.52551193,0,true,20260809
slm,64,256,128,229376,65536,29,0,0,kij,0.169817,24.69896418,0,true,20260809
slm,64,256,128,229376,65536,29,0,1,ikj,0.300054,13.9784972,0,true,20260809
slm,64,256,128,229376,65536,29,1,0,ikj,0.299273,14.01497629,0,true,20260809
slm,64,256,128,229376,65536,29,1,1,kij,0.170558,24.59165797,0,true,20260809
slm,64,256,128,229376,65536,29,2,0,ikj,0.299633,13.99813772,0,true,20260809
slm,64,256,128,229376,65536,29,2,1,kij,0.170929,24.53828198,0,true,20260809
slm,64,256,128,229376,65536,29,3,0,ikj,0.299663,13.99673633,0,true,20260809
slm,64,256,128,229376,65536,29,3,1,kij,0.170558,24.59165797,0,true,20260809
slm,64,256,128,229376,65536,29,4,0,kij,0.169857,24.69314777,0,true,20260809
slm,64,256,128,229376,65536,29,4,1,ikj,0.300434,13.96081669,0,true,20260809
slm,64,256,128,229376,65536,29,5,0,ikj,0.311351,13.47130409,0,true,20260809
slm,64,256,128,229376,65536,29,5,1,kij,0.168245,24.92973937,0,true,20260809
slm,64,256,128,229376,65536,29,6,0,kij,0.167964,24.97144626,0,true,20260809
slm,64,256,128,229376,65536,29,6,1,ikj,0.300384,13.96314051,0,true,20260809
slm,64,256,128,229376,65536,29,7,0,ikj,0.300515,13.95705372,0,true,20260809
slm,64,256,128,229376,65536,29,7,1,kij,0.167774,24.99972582,0,true,20260809
slm,64,256,128,229376,65536,29,8,0,kij,0.170308,24.62775677,0,true,20260809
slm,64,256,128,229376,65536,29,8,1,ikj,0.300495,13.95798266,0,true,20260809
slm,64,256,128,229376,65536,29,9,0,ikj,0.300004,13.98082692,0,true,20260809
slm,64,256,128,229376,65536,29,9,1,kij,0.170098,24.65816177,0,true,20260809
slm,64,256,128,229376,65536,29,10,0,kij,0.171049,24.52106706,0,true,20260809
slm,64,256,128,229376,65536,29,10,1,ikj,0.300515,13.95705372,0,true,20260809
slm,64,256,128,229376,65536,29,11,0,ikj,0.299173,14.01966087,0,true,20260809
slm,64,256,128,229376,65536,29,11,1,kij,0.171119,24.51103618,0,true,20260809
slm,64,256,128,229376,65536,29,12,0,ikj,0.304201,13.78793627,0,true,20260809
slm,64,256,128,229376,65536,29,12,1,kij,0.167995,24.9668383,0,true,20260809
slm,64,256,128,229376,65536,29,13,0,kij,0.167744,25.00419687,0,true,20260809
slm,64,256,128,229376,65536,29,13,1,ikj,0.299143,14.02106685,0,true,20260809
slm,64,256,128,229376,65536,29,14,0,kij,0.168485,24.89422797,0,true,20260809
slm,64,256,128,229376,65536,29,14,1,ikj,0.299583,14.00047399,0,true,20260809
slm,64,256,128,229376,65536,29,15,0,ikj,0.300245,13.96960482,0,true,20260809
slm,64,256,128,229376,65536,29,15,1,kij,0.168646,24.87046239,0,true,20260809
slm,64,256,128,229376,65536,29,16,0,ikj,0.297981,14.07574308,0,true,20260809
slm,64,256,128,229376,65536,29,16,1,kij,0.168495,24.89275053,0,true,20260809
slm,64,256,128,229376,65536,29,17,0,kij,0.168155,24.94308228,0,true,20260809
slm,64,256,128,229376,65536,29,17,1,ikj,0.300956,13.93660203,0,true,20260809
slm,64,256,128,229376,65536,29,18,0,ikj,0.301006,13.93428702,0,true,20260809
slm,64,256,128,229376,65536,29,18,1,kij,0.169516,24.74282074,0,true,20260809
slm,64,256,128,229376,65536,29,19,0,ikj,0.302378,13.87106205,0,true,20260809
slm,64,256,128,229376,65536,29,19,1,kij,0.169146,24.79694465,0,true,20260809
slm,64,256,128,229376,65536,47,0,0,kij,0.168045,24.95940968,0,true,20260809
slm,64,256,128,229376,65536,47,0,1,ikj,0.299463,14.00608422,0,true,20260809
slm,64,256,128,229376,65536,47,1,0,ikj,0.298712,14.0412973,0,true,20260809
slm,64,256,128,229376,65536,47,1,1,kij,0.168375,24.91049146,0,true,20260809
slm,64,256,128,229376,65536,47,2,0,kij,0.167974,24.96995964,0,true,20260809
slm,64,256,128,229376,65536,47,2,1,ikj,0.300916,13.93845459,0,true,20260809
slm,64,256,128,229376,65536,47,3,0,ikj,0.299403,14.00889103,0,true,20260809
slm,64,256,128,229376,65536,47,3,1,kij,0.17152,24.45373134,0,true,20260809
slm,64,256,128,229376,65536,47,4,0,kij,0.168344,24.91507865,0,true,20260809
slm,64,256,128,229376,65536,47,4,1,ikj,0.299654,13.99715672,0,true,20260809
slm,64,256,128,229376,65536,47,5,0,ikj,0.300285,13.96774398,0,true,20260809
slm,64,256,128,229376,65536,47,5,1,kij,0.168585,24.8794614,0,true,20260809
slm,64,256,128,229376,65536,47,6,0,kij,0.167793,24.99689498,0,true,20260809
slm,64,256,128,229376,65536,47,6,1,ikj,0.299353,14.01123089,0,true,20260809
slm,64,256,128,229376,65536,47,7,0,ikj,0.299033,14.02622453,0,true,20260809
slm,64,256,128,229376,65536,47,7,1,kij,0.167874,24.98483386,0,true,20260809
slm,64,256,128,229376,65536,47,8,0,ikj,0.299774,13.99155364,0,true,20260809
slm,64,256,128,229376,65536,47,8,1,kij,0.167934,24.9759072,0,true,20260809
slm,64,256,128,229376,65536,47,9,0,ikj,0.300334,13.96546512,0,true,20260809
slm,64,256,128,229376,65536,47,9,1,kij,0.168685,24.86471233,0,true,20260809
slm,64,256,128,229376,65536,47,10,0,kij,0.170498,24.60031203,0,true,20260809
slm,64,256,128,229376,65536,47,10,1,ikj,0.302848,13.84953508,0,true,20260809
slm,64,256,128,229376,65536,47,11,0,ikj,0.298872,14.03378035,0,true,20260809
slm,64,256,128,229376,65536,47,11,1,kij,0.170217,24.64092306,0,true,20260809
slm,64,256,128,229376,65536,47,12,0,ikj,0.300545,13.95566055,0,true,20260809
slm,64,256,128,229376,65536,47,12,1,kij,0.170498,24.60031203,0,true,20260809
slm,64,256,128,229376,65536,47,13,0,kij,0.170097,24.65830673,0,true,20260809
slm,64,256,128,229376,65536,47,13,1,ikj,0.298452,14.05352955,0,true,20260809
slm,64,256,128,229376,65536,47,14,0,kij,0.169777,24.70478333,0,true,20260809
slm,64,256,128,229376,65536,47,14,1,ikj,0.300115,13.975656,0,true,20260809
slm,64,256,128,229376,65536,47,15,0,kij,0.170138,24.65236455,0,true,20260809
slm,64,256,128,229376,65536,47,15,1,ikj,0.300464,13.95942276,0,true,20260809
slm,64,256,128,229376,65536,47,16,0,kij,0.170498,24.60031203,0,true,20260809
slm,64,256,128,229376,65536,47,16,1,ikj,0.300555,13.95519622,0,true,20260809
slm,64,256,128,229376,65536,47,17,0,kij,0.169887,24.68878725,0,true,20260809
slm,64,256,128,229376,65536,47,17,1,ikj,0.30372,13.80977216,0,true,20260809
slm,64,256,128,229376,65536,47,18,0,kij,0.168335,24.91641073,0,true,20260809
slm,64,256,128,229376,65536,47,18,1,ikj,0.299924,13.98455609,0,true,20260809
slm,64,256,128,229376,65536,47,19,0,kij,0.167824,24.99227762,0,true,20260809
slm,64,256,128,229376,65536,47,19,1,ikj,0.299453,14.00655195,0,true,20260809
slm,64,256,512,720896,65536,11,0,0,kij,0.722513,23.2206424,0,true,20260809
slm,64,256,512,720896,65536,11,0,1,ikj,1.213467,13.8258527,0,true,20260809
slm,64,256,512,720896,65536,11,1,0,kij,0.722153,23.2322181,0,true,20260809
slm,64,256,512,720896,65536,11,1,1,ikj,1.209721,13.86866558,0,true,20260809
slm,64,256,512,720896,65536,11,2,0,ikj,1.208589,13.88165538,0,true,20260809
slm,64,256,512,720896,65536,11,2,1,kij,0.725428,23.12733448,0,true,20260809
slm,64,256,512,720896,65536,11,3,0,kij,0.721412,23.25608113,0,true,20260809
slm,64,256,512,720896,65536,11,3,1,ikj,1.205505,13.91716832,0,true,20260809
slm,64,256,512,720896,65536,11,4,0,kij,0.721632,23.24899118,0,true,20260809
slm,64,256,512,720896,65536,11,4,1,ikj,1.210853,13.85570007,0,true,20260809
slm,64,256,512,720896,65536,11,5,0,kij,0.721892,23.24061771,0,true,20260809
slm,64,256,512,720896,65536,11,5,1,ikj,1.196401,14.02307086,0,true,20260809
slm,64,256,512,720896,65536,11,6,0,kij,0.722673,23.21550134,0,true,20260809
slm,64,256,512,720896,65536,11,6,1,ikj,1.20902,13.87670675,0,true,20260809
slm,64,256,512,720896,65536,11,7,0,kij,0.723265,23.19649921,0,true,20260809
slm,64,256,512,720896,65536,11,7,1,ikj,1.208179,13.88636618,0,true,20260809
slm,64,256,512,720896,65536,11,8,0,ikj,1.204042,13.93407871,0,true,20260809
slm,64,256,512,720896,65536,11,8,1,kij,0.72667,23.08780602,0,true,20260809
slm,64,256,512,720896,65536,11,9,0,ikj,1.200006,13.98094343,0,true,20260809
slm,64,256,512,720896,65536,11,9,1,kij,0.723225,23.19778216,0,true,20260809
slm,64,256,512,720896,65536,11,10,0,ikj,1.200817,13.97150107,0,true,20260809
slm,64,256,512,720896,65536,11,10,1,kij,0.725678,23.11936699,0,true,20260809
slm,64,256,512,720896,65536,11,11,0,ikj,1.206246,13.90861897,0,true,20260809
slm,64,256,512,720896,65536,11,11,1,kij,0.72052,23.28487204,0,true,20260809
slm,64,256,512,720896,65536,11,12,0,ikj,1.198785,13.99518346,0,true,20260809
slm,64,256,512,720896,65536,11,12,1,kij,0.727241,23.06967841,0,true,20260809
slm,64,256,512,720896,65536,11,13,0,kij,0.721573,23.25089215,0,true,20260809
slm,64,256,512,720896,65536,11,13,1,ikj,1.203332,13.94230021,0,true,20260809
slm,64,256,512,720896,65536,11,14,0,ikj,1.203121,13.94474537,0,true,20260809
slm,64,256,512,720896,65536,11,14,1,kij,0.726269,23.10055365,0,true,20260809
slm,64,256,512,720896,65536,11,15,0,kij,0.722133,23.23286154,0,true,20260809
slm,64,256,512,720896,65536,11,15,1,ikj,1.202571,13.95112305,0,true,20260809
slm,64,256,512,720896,65536,11,16,0,ikj,1.209991,13.8655709,0,true,20260809
slm,64,256,512,720896,65536,11,16,1,kij,0.724356,23.16156144,0,true,20260809
slm,64,256,512,720896,65536,11,17,0,kij,0.724236,23.16539912,0,true,20260809
slm,64,256,512,720896,65536,11,17,1,ikj,1.201909,13.9588072,0,true,20260809
slm,64,256,512,720896,65536,11,18,0,kij,0.720961,23.27062906,0,true,20260809
slm,64,256,512,720896,65536,11,18,1,ikj,1.214038,13.81934997,0,true,20260809
slm,64,256,512,720896,65536,11,19,0,ikj,1.203181,13.94404998,0,true,20260809
slm,64,256,512,720896,65536,11,19,1,kij,0.723274,23.19621056,0,true,20260809
slm,64,256,512,720896,65536,29,0,0,ikj,1.213457,13.82596664,0,true,20260809
slm,64,256,512,720896,65536,29,0,1,kij,0.72056,23.28357944,0,true,20260809
slm,64,256,512,720896,65536,29,1,0,kij,0.722293,23.22771507,0,true,20260809
slm,64,256,512,720896,65536,29,1,1,ikj,1.206166,13.90954147,0,true,20260809
slm,64,256,512,720896,65536,29,2,0,kij,0.72679,23.083994,0,true,20260809
slm,64,256,512,720896,65536,29,2,1,ikj,1.205134,13.92145272,0,true,20260809
slm,64,256,512,720896,65536,29,3,0,ikj,1.207257,13.8969714,0,true,20260809
slm,64,256,512,720896,65536,29,3,1,kij,0.722884,23.20872505,0,true,20260809
slm,64,256,512,720896,65536,29,4,0,ikj,1.20928,13.87372321,0,true,20260809
slm,64,256,512,720896,65536,29,4,1,kij,0.722654,23.21611172,0,true,20260809
slm,64,256,512,720896,65536,29,5,0,kij,0.726419,23.09578356,0,true,20260809
slm,64,256,512,720896,65536,29,5,1,ikj,1.209311,13.87336756,0,true,20260809
slm,64,256,512,720896,65536,29,6,0,kij,0.720751,23.27740926,0,true,20260809
slm,64,256,512,720896,65536,29,6,1,ikj,1.204422,13.92968245,0,true,20260809
slm,64,256,512,720896,65536,29,7,0,kij,0.723405,23.19201001,0,true,20260809
slm,64,256,512,720896,65536,29,7,1,ikj,1.216481,13.79159724,0,true,20260809
slm,64,256,512,720896,65536,29,8,0,ikj,1.200227,13.97836909,0,true,20260809
slm,64,256,512,720896,65536,29,8,1,kij,0.724186,23.16699853,0,true,20260809
slm,64,256,512,720896,65536,29,9,0,kij,0.724556,23.15516813,0,true,20260809
slm,64,256,512,720896,65536,29,9,1,ikj,1.210903,13.85512795,0,true,20260809
slm,64,256,512,720896,65536,29,10,0,ikj,1.203602,13.93917258,0,true,20260809
slm,64,256,512,720896,65536,29,10,1,kij,0.723034,23.20391019,0,true,20260809
slm,64,256,512,720896,65536,29,11,0,kij,0.724206,23.16635874,0,true,20260809
slm,64,256,512,720896,65536,29,11,1,ikj,1.208319,13.88475725,0,true,20260809
slm,64,256,512,720896,65536,29,12,0,kij,0.722003,23.23704472,0,true,20260809
slm,64,256,512,720896,65536,29,12,1,ikj,1.212625,13.83545284,0,true,20260809
slm,64,256,512,720896,65536,29,13,0,kij,0.723165,23.19970684,0,true,20260809
slm,64,256,512,720896,65536,29,13,1,ikj,1.209751,13.86832166,0,true,20260809
slm,64,256,512,720896,65536,29,14,0,ikj,1.205014,13.92283907,0,true,20260809
slm,64,256,512,720896,65536,29,14,1,kij,0.724777,23.14810762,0,true,20260809
slm,64,256,512,720896,65536,29,15,0,ikj,1.207548,13.89362245,0,true,20260809
slm,64,256,512,720896,65536,29,15,1,kij,0.734431,22.84382876,0,true,20260809
slm,64,256,512,720896,65536,29,16,0,kij,0.721322,23.25898281,0,true,20260809
slm,64,256,512,720896,65536,29,16,1,ikj,1.203752,13.93743562,0,true,20260809
slm,64,256,512,720896,65536,29,17,0,kij,0.725137,23.13661556,0,true,20260809
slm,64,256,512,720896,65536,29,17,1,ikj,1.208969,13.87729214,0,true,20260809
slm,64,256,512,720896,65536,29,18,0,kij,0.723405,23.19201001,0,true,20260809
slm,64,256,512,720896,65536,29,18,1,ikj,1.209631,13.86969745,0,true,20260809
slm,64,256,512,720896,65536,29,19,0,ikj,1.206976,13.9002068,0,true,20260809
slm,64,256,512,720896,65536,29,19,1,kij,0.729084,23.0113622,0,true,20260809
slm,64,256,512,720896,65536,47,0,0,ikj,1.198954,13.99321075,0,true,20260809
slm,64,256,512,720896,65536,47,0,1,kij,0.721101,23.26611113,0,true,20260809
slm,64,256,512,720896,65536,47,1,0,ikj,1.211093,13.85295431,0,true,20260809
slm,64,256,512,720896,65536,47,1,1,kij,0.722604,23.21771814,0,true,20260809
slm,64,256,512,720896,65536,47,2,0,kij,0.724096,23.16987803,0,true,20260809
slm,64,256,512,720896,65536,47,2,1,ikj,1.201548,13.96300106,0,true,20260809
slm,64,256,512,720896,65536,47,3,0,ikj,1.207808,13.89063162,0,true,20260809
slm,64,256,512,720896,65536,47,3,1,kij,0.722413,23.22385671,0,true,20260809
slm,64,256,512,720896,65536,47,4,0,ikj,1.198815,13.99483323,0,true,20260809
slm,64,256,512,720896,65536,47,4,1,kij,0.722063,23.23511383,0,true,20260809
slm,64,256,512,720896,65536,47,5,0,kij,0.729313,23.00413677,0,true,20260809
slm,64,256,512,720896,65536,47,5,1,ikj,1.204734,13.92607497,0,true,20260809
slm,64,256,512,720896,65536,47,6,0,ikj,1.206756,13.9027409,0,true,20260809
slm,64,256,512,720896,65536,47,6,1,kij,0.723184,23.19909733,0,true,20260809
slm,64,256,512,720896,65536,47,7,0,kij,0.726179,23.10341665,0,true,20260809
slm,64,256,512,720896,65536,47,7,1,ikj,1.199416,13.98782074,0,true,20260809
slm,64,256,512,720896,65536,47,8,0,kij,0.723725,23.1817555,0,true,20260809
slm,64,256,512,720896,65536,47,8,1,ikj,1.210031,13.86511255,0,true,20260809
slm,64,256,512,720896,65536,47,9,0,kij,0.725839,23.11423883,0,true,20260809
slm,64,256,512,720896,65536,47,9,1,ikj,1.206145,13.90978365,0,true,20260809
slm,64,256,512,720896,65536,47,10,0,ikj,1.203161,13.94428177,0,true,20260809
slm,64,256,512,720896,65536,47,10,1,kij,0.725578,23.12255333,0,true,20260809
slm,64,256,512,720896,65536,47,11,0,ikj,1.208569,13.88188511,0,true,20260809
slm,64,256,512,720896,65536,47,11,1,kij,0.721662,23.2480247,0,true,20260809
slm,64,256,512,720896,65536,47,12,0,ikj,1.201428,13.9643957,0,true,20260809
slm,64,256,512,720896,65536,47,12,1,kij,0.722814,23.21097267,0,true,20260809
slm,64,256,512,720896,65536,47,13,0,ikj,1.206947,13.90054079,0,true,20260809
slm,64,256,512,720896,65536,47,13,1,kij,0.722383,23.22482118,0,true,20260809
slm,64,256,512,720896,65536,47,14,0,kij,0.719469,23.31888657,0,true,20260809
slm,64,256,512,720896,65536,47,14,1,ikj,1.200627,13.97371207,0,true,20260809
slm,64,256,512,720896,65536,47,15,0,ikj,1.215029,13.80807865,0,true,20260809
slm,64,256,512,720896,65536,47,15,1,kij,0.723766,23.1804423,0,true,20260809
slm,64,256,512,720896,65536,47,16,0,ikj,1.204013,13.93441433,0,true,20260809
slm,64,256,512,720896,65536,47,16,1,kij,0.723134,23.20070139,0,true,20260809
slm,64,256,512,720896,65536,47,17,0,kij,0.794563,21.11502297,0,true,20260809
slm,64,256,512,720896,65536,47,17,1,ikj,1.201419,13.96450031,0,true,20260809
slm,64,256,512,720896,65536,47,18,0,ikj,1.211523,13.84803755,0,true,20260809
slm,64,256,512,720896,65536,47,18,1,kij,0.727782,23.05252947,0,true,20260809
slm,64,256,512,720896,65536,47,19,0,ikj,1.205304,13.91948919,0,true,20260809
slm,64,256,512,720896,65536,47,19,1,kij,0.721903,23.24026358,0,true,20260809
slm,64,256,2048,2686976,65536,11,0,0,kij,2.82086,23.79021433,0,true,20260809
slm,64,256,2048,2686976,65536,11,0,1,ikj,4.832224,13.88778004,0,true,20260809
slm,64,256,2048,2686976,65536,11,1,0,kij,2.822201,23.77891015,0,true,20260809
slm,64,256,2048,2686976,65536,11,1,1,ikj,4.794176,13.99799757,0,true,20260809
slm,64,256,2048,2686976,65536,11,2,0,kij,2.815582,23.83481071,0,true,20260809
slm,64,256,2048,2686976,65536,11,2,1,ikj,4.831102,13.89100541,0,true,20260809
slm,64,256,2048,2686976,65536,11,3,0,kij,2.815011,23.83964539,0,true,20260809
slm,64,256,2048,2686976,65536,11,3,1,ikj,4.820146,13.92257911,0,true,20260809
slm,64,256,2048,2686976,65536,11,4,0,kij,2.817674,23.8171144,0,true,20260809
slm,64,256,2048,2686976,65536,11,4,1,ikj,4.833495,13.88412815,0,true,20260809
slm,64,256,2048,2686976,65536,11,5,0,kij,2.812828,23.85814703,0,true,20260809
slm,64,256,2048,2686976,65536,11,5,1,ikj,4.807777,13.95839782,0,true,20260809
slm,64,256,2048,2686976,65536,11,6,0,kij,2.824956,23.75572009,0,true,20260809
slm,64,256,2048,2686976,65536,11,6,1,ikj,4.810151,13.9515088,0,true,20260809
slm,64,256,2048,2686976,65536,11,7,0,ikj,4.812543,13.94457442,0,true,20260809
slm,64,256,2048,2686976,65536,11,7,1,kij,2.816232,23.82930952,0,true,20260809
slm,64,256,2048,2686976,65536,11,8,0,ikj,4.834998,13.87981215,0,true,20260809
slm,64,256,2048,2686976,65536,11,8,1,kij,2.812838,23.85806221,0,true,20260809
slm,64,256,2048,2686976,65536,11,9,0,ikj,4.80962,13.9530491,0,true,20260809
slm,64,256,2048,2686976,65536,11,9,1,kij,2.8213,23.78650409,0,true,20260809
slm,64,256,2048,2686976,65536,11,10,0,ikj,4.827456,13.90149677,0,true,20260809
slm,64,256,2048,2686976,65536,11,10,1,kij,2.818796,23.80763418,0,true,20260809
slm,64,256,2048,2686976,65536,11,11,0,kij,2.82119,23.78743154,0,true,20260809
slm,64,256,2048,2686976,65536,11,11,1,ikj,4.818103,13.92848264,0,true,20260809
slm,64,256,2048,2686976,65536,11,12,0,ikj,4.830041,13.8940568,0,true,20260809
slm,64,256,2048,2686976,65536,11,12,1,kij,2.818436,23.81067514,0,true,20260809
slm,64,256,2048,2686976,65536,11,13,0,kij,2.853739,23.51611833,0,true,20260809
slm,64,256,2048,2686976,65536,11,13,1,ikj,4.810611,13.95017473,0,true,20260809
slm,64,256,2048,2686976,65536,11,14,0,kij,2.819517,23.80154615,0,true,20260809
slm,64,256,2048,2686976,65536,11,14,1,ikj,4.795538,13.99402194,0,true,20260809
slm,64,256,2048,2686976,65536,11,15,0,kij,2.820309,23.79486219,0,true,20260809
slm,64,256,2048,2686976,65536,11,15,1,ikj,4.819204,13.92530053,0,true,20260809
slm,64,256,2048,2686976,65536,11,16,0,ikj,4.826485,13.9042935,0,true,20260809
slm,64,256,2048,2686976,65536,11,16,1,kij,2.820779,23.79089748,0,true,20260809
slm,64,256,2048,2686976,65536,11,17,0,ikj,4.820195,13.92243758,0,true,20260809
slm,64,256,2048,2686976,65536,11,17,1,kij,2.824645,23.75833565,0,true,20260809
slm,64,256,2048,2686976,65536,11,18,0,ikj,4.813475,13.94187443,0,true,20260809
slm,64,256,2048,2686976,65536,11,18,1,kij,2.820389,23.79418726,0,true,20260809
slm,64,256,2048,2686976,65536,11,19,0,ikj,4.815568,13.93581484,0,true,20260809
slm,64,256,2048,2686976,65536,11,19,1,kij,2.818076,23.81371688,0,true,20260809
slm,64,256,2048,2686976,65536,29,0,0,kij,2.81441,23.8447362,0,true,20260809
slm,64,256,2048,2686976,65536,29,0,1,ikj,4.820045,13.92287084,0,true,20260809
slm,64,256,2048,2686976,65536,29,1,0,ikj,4.83656,13.87532957,0,true,20260809
slm,64,256,2048,2686976,65536,29,1,1,kij,2.812176,23.86367852,0,true,20260809
slm,64,256,2048,2686976,65536,29,2,0,ikj,4.81019,13.95139568,0,true,20260809
slm,64,256,2048,2686976,65536,29,2,1,kij,2.818406,23.81092859,0,true,20260809
slm,64,256,2048,2686976,65536,29,3,0,ikj,4.811513,13.94755953,0,true,20260809
slm,64,256,2048,2686976,65536,29,3,1,kij,2.821501,23.78480957,0,true,20260809
slm,64,256,2048,2686976,65536,29,4,0,kij,2.819177,23.80441668,0,true,20260809
slm,64,256,2048,2686976,65536,29,4,1,ikj,4.817461,13.93033882,0,true,20260809
slm,64,256,2048,2686976,65536,29,5,0,ikj,4.819755,13.92370857,0,true,20260809
slm,64,256,2048,2686976,65536,29,5,1,kij,2.824946,23.75580418,0,true,20260809
slm,64,256,2048,2686976,65536,29,6,0,kij,2.817634,23.81745252,0,true,20260809
slm,64,256,2048,2686976,65536,29,6,1,ikj,4.804161,13.96890404,0,true,20260809
slm,64,256,2048,2686976,65536,29,7,0,kij,2.885067,23.26076448,0,true,20260809
slm,64,256,2048,2686976,65536,29,7,1,ikj,4.815988,13.9345995,0,true,20260809
slm,64,256,2048,2686976,65536,29,8,0,kij,2.820249,23.79536842,0,true,20260809
slm,64,256,2048,2686976,65536,29,8,1,ikj,4.831793,13.88901884,0,true,20260809
slm,64,256,2048,2686976,65536,29,9,0,ikj,4.824312,13.91055637,0,true,20260809
slm,64,256,2048,2686976,65536,29,9,1,kij,2.817504,23.81855146,0,true,20260809
slm,64,256,2048,2686976,65536,29,10,0,ikj,4.822379,13.91613227,0,true,20260809
slm,64,256,2048,2686976,65536,29,10,1,kij,2.816372,23.82812498,0,true,20260809
slm,64,256,2048,2686976,65536,29,11,0,kij,2.809463,23.88672284,0,true,20260809
slm,64,256,2048,2686976,65536,29,11,1,ikj,4.835789,13.8775418,0,true,20260809
slm,64,256,2048,2686976,65536,29,12,0,ikj,4.79689,13.99007774,0,true,20260809
slm,64,256,2048,2686976,65536,29,12,1,kij,2.819016,23.8057762,0,true,20260809
slm,64,256,2048,2686976,65536,29,13,0,kij,2.815001,23.83973007,0,true,20260809
slm,64,256,2048,2686976,65536,29,13,1,ikj,4.807496,13.95921369,0,true,20260809
slm,64,256,2048,2686976,65536,29,14,0,ikj,4.814306,13.93946791,0,true,20260809
slm,64,256,2048,2686976,65536,29,14,1,kij,2.81485,23.84100893,0,true,20260809
slm,64,256,2048,2686976,65536,29,15,0,ikj,4.810951,13.94918884,0,true,20260809
slm,64,256,2048,2686976,65536,29,15,1,kij,2.8142,23.84651553,0,true,20260809
slm,64,256,2048,2686976,65536,29,16,0,kij,2.822272,23.77831194,0,true,20260809
slm,64,256,2048,2686976,65536,29,16,1,ikj,4.812474,13.94477435,0,true,20260809
slm,64,256,2048,2686976,65536,29,17,0,ikj,4.803639,13.97042201,0,true,20260809
slm,64,256,2048,2686976,65536,29,17,1,kij,2.823173,23.77072323,0,true,20260809
slm,64,256,2048,2686976,65536,29,18,0,kij,2.820369,23.79435599,0,true,20260809
slm,64,256,2048,2686976,65536,29,18,1,ikj,4.836861,13.87446611,0,true,20260809
slm,64,256,2048,2686976,65536,29,19,0,kij,2.83437,23.67681848,0,true,20260809
slm,64,256,2048,2686976,65536,29,19,1,ikj,4.841678,13.86066236,0,true,20260809
slm,64,256,2048,2686976,65536,47,0,0,ikj,4.811653,13.94715371,0,true,20260809
slm,64,256,2048,2686976,65536,47,0,1,kij,2.822302,23.77805919,0,true,20260809
slm,64,256,2048,2686976,65536,47,1,0,ikj,4.937462,13.59177326,0,true,20260809
slm,64,256,2048,2686976,65536,47,1,1,kij,2.820549,23.79283749,0,true,20260809
slm,64,256,2048,2686976,65536,47,2,0,kij,2.815231,23.83778241,0,true,20260809
slm,64,256,2048,2686976,65536,47,2,1,ikj,4.808739,13.95560541,0,true,20260809
slm,64,256,2048,2686976,65536,47,3,0,ikj,4.807697,13.95863009,0,true,20260809
slm,64,256,2048,2686976,65536,47,3,1,kij,2.818125,23.81330282,0,true,20260809
slm,64,256,2048,2686976,65536,47,4,0,kij,2.817274,23.82049598,0,true,20260809
slm,64,256,2048,2686976,65536,47,4,1,ikj,4.821147,13.91968841,0,true,20260809
slm,64,256,2048,2686976,65536,47,5,0,kij,2.815792,23.83303312,0,true,20260809
slm,64,256,2048,2686976,65536,47,5,1,ikj,4.86281,13.80042897,0,true,20260809
slm,64,256,2048,2686976,65536,47,6,0,ikj,4.810681,13.94997174,0,true,20260809
slm,64,256,2048,2686976,65536,47,6,1,kij,2.813638,23.85127866,0,true,20260809
slm,64,256,2048,2686976,65536,47,7,0,ikj,4.839986,13.86550788,0,true,20260809
slm,64,256,2048,2686976,65536,47,7,1,kij,2.820669,23.79182527,0,true,20260809
slm,64,256,2048,2686976,65536,47,8,0,ikj,4.814257,13.93960979,0,true,20260809
slm,64,256,2048,2686976,65536,47,8,1,kij,2.812206,23.86342395,0,true,20260809
slm,64,256,2048,2686976,65536,47,9,0,ikj,4.830321,13.8932514,0,true,20260809
slm,64,256,2048,2686976,65536,47,9,1,kij,2.81431,23.84558346,0,true,20260809
slm,64,256,2048,2686976,65536,47,10,0,kij,2.818386,23.81109756,0,true,20260809
slm,64,256,2048,2686976,65536,47,10,1,ikj,4.795938,13.99285479,0,true,20260809
slm,64,256,2048,2686976,65536,47,11,0,ikj,4.798533,13.98528759,0,true,20260809
slm,64,256,2048,2686976,65536,47,11,1,kij,2.818807,23.80754128,0,true,20260809
slm,64,256,2048,2686976,65536,47,12,0,ikj,4.813235,13.9425696,0,true,20260809
slm,64,256,2048,2686976,65536,47,12,1,kij,2.823493,23.76802918,0,true,20260809
slm,64,256,2048,2686976,65536,47,13,0,kij,2.818326,23.81160448,0,true,20260809
slm,64,256,2048,2686976,65536,47,13,1,ikj,4.822699,13.91520889,0,true,20260809
slm,64,256,2048,2686976,65536,47,14,0,kij,2.823443,23.76845008,0,true,20260809
slm,64,256,2048,2686976,65536,47,14,1,ikj,4.796479,13.99127652,0,true,20260809
slm,64,256,2048,2686976,65536,47,15,0,kij,2.819868,23.79858348,0,true,20260809
slm,64,256,2048,2686976,65536,47,15,1,ikj,4.805583,13.96477056,0,true,20260809
slm,64,256,2048,2686976,65536,47,16,0,kij,2.825847,23.74822982,0,true,20260809
slm,64,256,2048,2686976,65536,47,16,1,ikj,4.83004,13.89405968,0,true,20260809
slm,64,256,2048,2686976,65536,47,17,0,kij,2.819427,23.80230593,0,true,20260809
slm,64,256,2048,2686976,65536,47,17,1,ikj,4.816129,13.93419155,0,true,20260809
slm,64,256,2048,2686976,65536,47,18,0,ikj,4.804843,13.96692129,0,true,20260809
slm,64,256,2048,2686976,65536,47,18,1,kij,2.8278,23.73182828,0,true,20260809
slm,64,256,2048,2686976,65536,47,19,0,kij,2.816633,23.82591697,0,true,20260809
slm,64,256,2048,2686976,65536,47,19,1,ikj,4.821438,13.91884828,0,true,20260809
slm,64,256,8192,10551296,65536,11,0,0,kij,10.111514,26.54750377,0,true,20260809
slm,64,256,8192,10551296,65536,11,0,1,ikj,10.515766,25.5269522,0,true,20260809
slm,64,256,8192,10551296,65536,11,1,0,ikj,10.467142,25.64553495,0,true,20260809
slm,64,256,8192,10551296,65536,11,1,1,kij,10.107527,26.55797566,0,true,20260809
slm,64,256,8192,10551296,65536,11,2,0,ikj,10.495756,25.57561895,0,true,20260809
slm,64,256,8192,10551296,65536,11,2,1,kij,10.109941,26.55163428,0,true,20260809
slm,64,256,8192,10551296,65536,11,3,0,kij,10.091223,26.60088435,0,true,20260809
slm,64,256,8192,10551296,65536,11,3,1,ikj,10.474203,25.62824646,0,true,20260809
slm,64,256,8192,10551296,65536,11,4,0,kij,10.119335,26.52698581,0,true,20260809
slm,64,256,8192,10551296,65536,11,4,1,ikj,10.476756,25.62200131,0,true,20260809
slm,64,256,8192,10551296,65536,11,5,0,kij,10.178795,26.37202694,0,true,20260809
slm,64,256,8192,10551296,65536,11,5,1,ikj,10.470908,25.6363112,0,true,20260809
slm,64,256,8192,10551296,65536,11,6,0,ikj,10.522686,25.51016499,0,true,20260809
slm,64,256,8192,10551296,65536,11,6,1,kij,10.101749,26.57316629,0,true,20260809
slm,64,256,8192,10551296,65536,11,7,0,ikj,10.462034,25.65805617,0,true,20260809
slm,64,256,8192,10551296,65536,11,7,1,kij,10.118825,26.5283228,0,true,20260809
slm,64,256,8192,10551296,65536,11,8,0,kij,10.101739,26.5731926,0,true,20260809
slm,64,256,8192,10551296,65536,11,8,1,ikj,10.477968,25.61903758,0,true,20260809
slm,64,256,8192,10551296,65536,11,9,0,ikj,10.478279,25.6182772,0,true,20260809
slm,64,256,8192,10551296,65536,11,9,1,kij,10.104574,26.56573706,0,true,20260809
slm,64,256,8192,10551296,65536,11,10,0,ikj,10.47935,25.61565899,0,true,20260809
slm,64,256,8192,10551296,65536,11,10,1,kij,10.143232,26.46448943,0,true,20260809
slm,64,256,8192,10551296,65536,11,11,0,ikj,10.471238,25.63550327,0,true,20260809
slm,64,256,8192,10551296,65536,11,11,1,kij,10.117984,26.53052782,0,true,20260809
slm,64,256,8192,10551296,65536,11,12,0,kij,10.105845,26.56239592,0,true,20260809
slm,64,256,8192,10551296,65536,11,12,1,ikj,10.47881,25.61697903,0,true,20260809
slm,64,256,8192,10551296,65536,11,13,0,kij,10.098975,26.58046544,0,true,20260809
slm,64,256,8192,10551296,65536,11,13,1,ikj,10.474342,25.62790636,0,true,20260809
slm,64,256,8192,10551296,65536,11,14,0,kij,10.111364,26.54789759,0,true,20260809
slm,64,256,8192,10551296,65536,11,14,1,ikj,10.528385,25.49635637,0,true,20260809
slm,64,256,8192,10551296,65536,11,15,0,ikj,10.477317,25.6206294,0,true,20260809
slm,64,256,8192,10551296,65536,11,15,1,kij,10.107428,26.55823578,0,true,20260809
slm,64,256,8192,10551296,65536,11,16,0,kij,10.143041,26.46498777,0,true,20260809
slm,64,256,8192,10551296,65536,11,16,1,ikj,10.467553,25.644528,0,true,20260809
slm,64,256,8192,10551296,65536,11,17,0,ikj,10.474824,25.62672709,0,true,20260809
slm,64,256,8192,10551296,65536,11,17,1,kij,10.13542,26.48488726,0,true,20260809
slm,64,256,8192,10551296,65536,11,18,0,ikj,10.480092,25.61384537,0,true,20260809
slm,64,256,8192,10551296,65536,11,18,1,kij,10.101098,26.57487889,0,true,20260809
slm,64,256,8192,10551296,65536,11,19,0,ikj,10.474764,25.62687388,0,true,20260809
slm,64,256,8192,10551296,65536,11,19,1,kij,10.110031,26.55139791,0,true,20260809
slm,64,256,8192,10551296,65536,29,0,0,kij,10.105995,26.56200166,0,true,20260809
slm,64,256,8192,10551296,65536,29,0,1,ikj,10.539502,25.46946298,0,true,20260809
slm,64,256,8192,10551296,65536,29,1,0,kij,10.100347,26.57685483,0,true,20260809
slm,64,256,8192,10551296,65536,29,1,1,ikj,10.480202,25.61357653,0,true,20260809
slm,64,256,8192,10551296,65536,29,2,0,ikj,10.475784,25.62437866,0,true,20260809
slm,64,256,8192,10551296,65536,29,2,1,kij,10.101909,26.57274541,0,true,20260809
slm,64,256,8192,10551296,65536,29,3,0,kij,10.094318,26.59272831,0,true,20260809
slm,64,256,8192,10551296,65536,29,3,1,ikj,10.474693,25.62704759,0,true,20260809
slm,64,256,8192,10551296,65536,29,4,0,ikj,10.502436,25.55935175,0,true,20260809
slm,64,256,8192,10551296,65536,29,4,1,kij,10.111764,26.54684741,0,true,20260809
slm,64,256,8192,10551296,65536,29,5,0,kij,10.107308,26.5585511,0,true,20260809
slm,64,256,8192,10551296,65536,29,5,1,ikj,10.481183,25.6111792,0,true,20260809
slm,64,256,8192,10551296,65536,29,6,0,kij,10.099795,26.57830738,0,true,20260809
slm,64,256,8192,10551296,65536,29,6,1,ikj,10.529376,25.49395672,0,true,20260809
slm,64,256,8192,10551296,65536,29,7,0,ikj,10.476275,25.6231777,0,true,20260809
slm,64,256,8192,10551296,65536,29,7,1,kij,10.116131,26.53538749,0,true,20260809
slm,64,256,8192,10551296,65536,29,8,0,ikj,10.47914,25.61617232,0,true,20260809
slm,64,256,8192,10551296,65536,29,8,1,kij,10.103873,26.56758017,0,true,20260809
slm,64,256,8192,10551296,65536,29,9,0,kij,10.112105,26.5459522,0,true,20260809
slm,64,256,8192,10551296,65536,29,9,1,ikj,10.511669,25.53690151,0,true,20260809
slm,64,256,8192,10551296,65536,29,10,0,kij,10.10238,26.57150652,0,true,20260809
slm,64,256,8192,10551296,65536,29,10,1,ikj,10.525199,25.50407417,0,true,20260809
slm,64,256,8192,10551296,65536,29,11,0,kij,10.120597,26.523678,0,true,20260809
slm,64,256,8192,10551296,65536,29,11,1,ikj,10.47948,25.61534122,0,true,20260809
slm,64,256,8192,10551296,65536,29,12,0,ikj,10.466792,25.64639251,0,true,20260809
slm,64,256,8192,10551296,65536,29,12,1,kij,10.127528,26.50552593,0,true,20260809
slm,64,256,8192,10551296,65536,29,13,0,ikj,10.47245,25.63253642,0,true,20260809
slm,64,256,8192,10551296,65536,29,13,1,kij,10.102901,26.57013624,0,true,20260809
slm,64,256,8192,10551296,65536,29,14,0,kij,10.098714,26.58115241,0,true,20260809
slm,64,256,8192,10551296,65536,29,14,1,ikj,10.49891,25.56793572,0,true,20260809
slm,64,256,8192,10551296,65536,29,15,0,kij,10.113557,26.54214101,0,true,20260809
slm,64,256,8192,10551296,65536,29,15,1,ikj,10.471829,25.63405648,0,true,20260809
slm,64,256,8192,10551296,65536,29,16,0,kij,10.140718,26.47105027,0,true,20260809
slm,64,256,8192,10551296,65536,29,16,1,ikj,10.4861,25.59916995,0,true,20260809
slm,64,256,8192,10551296,65536,29,17,0,kij,10.107658,26.55763145,0,true,20260809
slm,64,256,8192,10551296,65536,29,17,1,ikj,10.476156,25.62346876,0,true,20260809
slm,64,256,8192,10551296,65536,29,18,0,kij,10.096261,26.5876106,0,true,20260809
slm,64,256,8192,10551296,65536,29,18,1,ikj,10.4725,25.63241404,0,true,20260809
slm,64,256,8192,10551296,65536,29,19,0,ikj,10.468714,25.64168397,0,true,20260809
slm,64,256,8192,10551296,65536,29,19,1,kij,10.114008,26.54095745,0,true,20260809
slm,64,256,8192,10551296,65536,47,0,0,ikj,10.474403,25.62775711,0,true,20260809
slm,64,256,8192,10551296,65536,47,0,1,kij,10.110332,26.55060744,0,true,20260809
slm,64,256,8192,10551296,65536,47,1,0,ikj,10.481464,25.61049258,0,true,20260809
slm,64,256,8192,10551296,65536,47,1,1,kij,10.118564,26.52900708,0,true,20260809
slm,64,256,8192,10551296,65536,47,2,0,ikj,10.530789,25.49053599,0,true,20260809
slm,64,256,8192,10551296,65536,47,2,1,kij,10.102841,26.57029404,0,true,20260809
slm,64,256,8192,10551296,65536,47,3,0,ikj,10.471719,25.63432575,0,true,20260809
slm,64,256,8192,10551296,65536,47,3,1,kij,10.107207,26.5588165,0,true,20260809
slm,64,256,8192,10551296,65536,47,4,0,ikj,10.487021,25.59692176,0,true,20260809
slm,64,256,8192,10551296,65536,47,4,1,kij,10.108629,26.55508042,0,true,20260809
slm,64,256,8192,10551296,65536,47,5,0,ikj,10.470287,25.6378317,0,true,20260809
slm,64,256,8192,10551296,65536,47,5,1,kij,10.10921,26.55355423,0,true,20260809
slm,64,256,8192,10551296,65536,47,6,0,kij,10.117924,26.53068515,0,true,20260809
slm,64,256,8192,10551296,65536,47,6,1,ikj,10.520433,25.51562811,0,true,20260809
slm,64,256,8192,10551296,65536,47,7,0,ikj,10.480272,25.61340545,0,true,20260809
slm,64,256,8192,10551296,65536,47,7,1,kij,10.115469,26.53712408,0,true,20260809
slm,64,256,8192,10551296,65536,47,8,0,ikj,10.508535,25.54451748,0,true,20260809
slm,64,256,8192,10551296,65536,47,8,1,kij,10.103802,26.56776687,0,true,20260809
slm,64,256,8192,10551296,65536,47,9,0,ikj,10.476526,25.62256382,0,true,20260809
slm,64,256,8192,10551296,65536,47,9,1,kij,10.098504,26.58170517,0,true,20260809
slm,64,256,8192,10551296,65536,47,10,0,ikj,10.476596,25.62239262,0,true,20260809
slm,64,256,8192,10551296,65536,47,10,1,kij,10.110934,26.54902663,0,true,20260809
slm,64,256,8192,10551296,65536,47,11,0,kij,10.151755,26.44227092,0,true,20260809
slm,64,256,8192,10551296,65536,47,11,1,ikj,10.479751,25.61467882,0,true,20260809
slm,64,256,8192,10551296,65536,47,12,0,kij,10.122391,26.51897719,0,true,20260809
slm,64,256,8192,10551296,65536,47,12,1,ikj,10.478639,25.61739707,0,true,20260809
slm,64,256,8192,10551296,65536,47,13,0,kij,10.109481,26.55284243,0,true,20260809
slm,64,256,8192,10551296,65536,47,13,1,ikj,10.46572,25.64901947,0,true,20260809
slm,64,256,8192,10551296,65536,47,14,0,kij,10.144354,26.46156236,0,true,20260809
slm,64,256,8192,10551296,65536,47,14,1,ikj,10.474884,25.6265803,0,true,20260809
slm,64,256,8192,10551296,65536,47,15,0,ikj,10.476066,25.62368889,0,true,20260809
slm,64,256,8192,10551296,65536,47,15,1,kij,10.102771,26.57047814,0,true,20260809
slm,64,256,8192,10551296,65536,47,16,0,kij,10.100166,26.57733111,0,true,20260809
slm,64,256,8192,10551296,65536,47,16,1,ikj,10.47239,25.63268327,0,true,20260809
slm,64,256,8192,10551296,65536,47,17,0,kij,10.107438,26.55820951,0,true,20260809
slm,64,256,8192,10551296,65536,47,17,1,ikj,10.486321,25.59863044,0,true,20260809
slm,64,256,8192,10551296,65536,47,18,0,ikj,10.454574,25.67636481,0,true,20260809
slm,64,256,8192,10551296,65536,47,18,1,kij,10.118905,26.52811307,0,true,20260809
slm,64,256,8192,10551296,65536,47,19,0,kij,10.114598,26.53940928,0,true,20260809
slm,64,256,8192,10551296,65536,47,19,1,ikj,10.466681,25.6466645,0,true,20260809
slm,64,256,16384,21037056,65536,11,0,0,ikj,20.512475,26.17289781,0,true,20260809
slm,64,256,16384,21037056,65536,11,0,1,kij,25.338399,21.18803607,0,true,20260809
slm,64,256,16384,21037056,65536,11,1,0,kij,25.452292,21.09322461,0,true,20260809
slm,64,256,16384,21037056,65536,11,1,1,ikj,20.524293,26.15782731,0,true,20260809
slm,64,256,16384,21037056,65536,11,2,0,kij,25.368355,21.16301636,0,true,20260809
slm,64,256,16384,21037056,65536,11,2,1,ikj,20.516833,26.1673384,0,true,20260809
slm,64,256,16384,21037056,65536,11,3,0,kij,25.359081,21.17075583,0,true,20260809
slm,64,256,16384,21037056,65536,11,3,1,ikj,20.501068,26.18746067,0,true,20260809
slm,64,256,16384,21037056,65536,11,4,0,ikj,20.516091,26.16828479,0,true,20260809
slm,64,256,16384,21037056,65536,11,4,1,kij,25.395146,21.14069011,0,true,20260809
slm,64,256,16384,21037056,65536,11,5,0,kij,25.526664,21.03176945,0,true,20260809
slm,64,256,16384,21037056,65536,11,5,1,ikj,20.506176,26.18093749,0,true,20260809
slm,64,256,16384,21037056,65536,11,6,0,ikj,20.557403,26.1156972,0,true,20260809
slm,64,256,16384,21037056,65536,11,6,1,kij,25.398812,21.13763872,0,true,20260809
slm,64,256,16384,21037056,65536,11,7,0,kij,25.413593,21.12534469,0,true,20260809
slm,64,256,16384,21037056,65536,11,7,1,ikj,20.501629,26.18674409,0,true,20260809
slm,64,256,16384,21037056,65536,11,8,0,kij,25.311379,21.21065439,0,true,20260809
slm,64,256,16384,21037056,65536,11,8,1,ikj,20.542441,26.13471846,0,true,20260809
slm,64,256,16384,21037056,65536,11,9,0,kij,25.414074,21.12494486,0,true,20260809
slm,64,256,16384,21037056,65536,11,9,1,ikj,20.525325,26.15651211,0,true,20260809
slm,64,256,16384,21037056,65536,11,10,0,ikj,20.512066,26.17341968,0,true,20260809
slm,64,256,16384,21037056,65536,11,10,1,kij,25.465913,21.08194244,0,true,20260809
slm,64,256,16384,21037056,65536,11,11,0,kij,25.469038,21.07935573,0,true,20260809
slm,64,256,16384,21037056,65536,11,11,1,ikj,20.560218,26.11212157,0,true,20260809
slm,64,256,16384,21037056,65536,11,12,0,kij,25.374865,21.15758693,0,true,20260809
slm,64,256,16384,21037056,65536,11,12,1,ikj,20.503843,26.18391645,0,true,20260809
slm,64,256,16384,21037056,65536,11,13,0,kij,25.35889,21.17091529,0,true,20260809
slm,64,256,16384,21037056,65536,11,13,1,ikj,20.524584,26.15745644,0,true,20260809
slm,64,256,16384,21037056,65536,11,14,0,kij,25.4045,21.13290606,0,true,20260809
slm,64,256,16384,21037056,65536,11,14,1,ikj,20.510743,26.17510794,0,true,20260809
slm,64,256,16384,21037056,65536,11,15,0,kij,25.403738,21.13353995,0,true,20260809
slm,64,256,16384,21037056,65536,11,15,1,ikj,20.492756,26.19808248,0,true,20260809
slm,64,256,16384,21037056,65536,11,16,0,kij,25.368185,21.16315818,0,true,20260809
slm,64,256,16384,21037056,65536,11,16,1,ikj,20.517623,26.16633087,0,true,20260809
slm,64,256,16384,21037056,65536,11,17,0,kij,25.327423,21.19721821,0,true,20260809
slm,64,256,16384,21037056,65536,11,17,1,ikj,20.551945,26.12263277,0,true,20260809
slm,64,256,16384,21037056,65536,11,18,0,kij,25.409888,21.12842497,0,true,20260809
slm,64,256,16384,21037056,65536,11,18,1,ikj,20.538856,26.1392802,0,true,20260809
slm,64,256,16384,21037056,65536,11,19,0,kij,25.345431,21.18215753,0,true,20260809
slm,64,256,16384,21037056,65536,11,19,1,ikj,20.510893,26.17491652,0,true,20260809
slm,64,256,16384,21037056,65536,29,0,0,ikj,20.501509,26.18689736,0,true,20260809
slm,64,256,16384,21037056,65536,29,0,1,kij,24.574293,21.84685077,0,true,20260809
slm,64,256,16384,21037056,65536,29,1,0,kij,24.671981,21.76034879,0,true,20260809
slm,64,256,16384,21037056,65536,29,1,1,ikj,20.523763,26.1585028,0,true,20260809
slm,64,256,16384,21037056,65536,29,2,0,kij,24.671751,21.76055165,0,true,20260809
slm,64,256,16384,21037056,65536,29,2,1,ikj,20.514809,26.16992008,0,true,20260809
slm,64,256,16384,21037056,65536,29,3,0,kij,24.588975,21.83380609,0,true,20260809
slm,64,256,16384,21037056,65536,29,3,1,ikj,20.506296,26.18078428,0,true,20260809
slm,64,256,16384,21037056,65536,29,4,0,kij,24.723349,21.71513706,0,true,20260809
slm,64,256,16384,21037056,65536,29,4,1,ikj,20.519907,26.16341838,0,true,20260809
slm,64,256,16384,21037056,65536,29,5,0,kij,24.616086,21.80975936,0,true,20260809
slm,64,256,16384,21037056,65536,29,5,1,ikj,20.505365,26.18197296,0,true,20260809
slm,64,256,16384,21037056,65536,29,6,0,ikj,20.50241,26.18574655,0,true,20260809
slm,64,256,16384,21037056,65536,29,6,1,kij,24.590638,21.83232952,0,true,20260809
slm,64,256,16384,21037056,65536,29,7,0,ikj,20.559436,26.11311478,0,true,20260809
slm,64,256,16384,21037056,65536,29,7,1,kij,24.653854,21.77634831,0,true,20260809
slm,64,256,16384,21037056,65536,29,8,0,ikj,20.585527,26.08001787,0,true,20260809
slm,64,256,16384,21037056,65536,29,8,1,kij,24.618089,21.80798485,0,true,20260809
slm,64,256,16384,21037056,65536,29,9,0,ikj,20.558826,26.11388958,0,true,20260809
slm,64,256,16384,21037056,65536,29,9,1,kij,24.617559,21.80845436,0,true,20260809
slm,64,256,16384,21037056,65536,29,10,0,kij,24.63857,21.7898568,0,true,20260809
slm,64,256,16384,21037056,65536,29,10,1,ikj,20.506647,26.18033616,0,true,20260809
slm,64,256,16384,21037056,65536,29,11,0,kij,24.646883,21.78250743,0,true,20260809
slm,64,256,16384,21037056,65536,29,11,1,ikj,20.564635,26.10651305,0,true,20260809
slm,64,256,16384,21037056,65536,29,12,0,ikj,20.491304,26.19993886,0,true,20260809
slm,64,256,16384,21037056,65536,29,12,1,kij,24.647824,21.78167582,0,true,20260809
slm,64,256,16384,21037056,65536,29,13,0,kij,24.727425,21.71155759,0,true,20260809
slm,64,256,16384,21037056,65536,29,13,1,ikj,20.505205,26.18217726,0,true,20260809
slm,64,256,16384,21037056,65536,29,14,0,kij,24.558019,21.86132815,0,true,20260809
slm,64,256,16384,21037056,65536,29,14,1,ikj,20.527268,26.15403628,0,true,20260809
slm,64,256,16384,21037056,65536,29,15,0,ikj,20.500858,26.18772892,0,true,20260809
slm,64,256,16384,21037056,65536,29,15,1,kij,24.626753,21.80031253,0,true,20260809
slm,64,256,16384,21037056,65536,29,16,0,ikj,20.517172,26.16690604,0,true,20260809
slm,64,256,16384,21037056,65536,29,16,1,kij,24.576336,21.84503467,0,true,20260809
slm,64,256,16384,21037056,65536,29,17,0,ikj,20.505425,26.18189635,0,true,20260809
slm,64,256,16384,21037056,65536,29,17,1,kij,24.685701,21.74825467,0,true,20260809
slm,64,256,16384,21037056,65536,29,18,0,ikj,20.515871,26.1685654,0,true,20260809
slm,64,256,16384,21037056,65536,29,18,1,kij,24.674765,21.75789362,0,true,20260809
slm,64,256,16384,21037056,65536,29,19,0,ikj,20.561991,26.10987,0,true,20260809
slm,64,256,16384,21037056,65536,29,19,1,kij,24.624449,21.80235229,0,true,20260809
slm,64,256,16384,21037056,65536,47,0,0,kij,24.703138,21.73290341,0,true,20260809
slm,64,256,16384,21037056,65536,47,0,1,ikj,20.529401,26.15131888,0,true,20260809
slm,64,256,16384,21037056,65536,47,1,0,kij,24.641605,21.78717304,0,true,20260809
slm,64,256,16384,21037056,65536,47,1,1,ikj,20.512575,26.17277022,0,true,20260809
slm,64,256,16384,21037056,65536,47,2,0,kij,24.629156,21.79818553,0,true,20260809
slm,64,256,16384,21037056,65536,47,2,1,ikj,20.513086,26.17211823,0,true,20260809
slm,64,256,16384,21037056,65536,47,3,0,ikj,20.634941,26.01756467,0,true,20260809
slm,64,256,16384,21037056,65536,47,3,1,kij,24.670399,21.76174419,0,true,20260809
slm,64,256,16384,21037056,65536,47,4,0,kij,24.6978,21.7376006,0,true,20260809
slm,64,256,16384,21037056,65536,47,4,1,ikj,20.525045,26.15686894,0,true,20260809
slm,64,256,16384,21037056,65536,47,5,0,kij,24.644339,21.784756,0,true,20260809
slm,64,256,16384,21037056,65536,47,5,1,ikj,20.529421,26.1512934,0,true,20260809
slm,64,256,16384,21037056,65536,47,6,0,kij,24.618651,21.80748701,0,true,20260809
slm,64,256,16384,21037056,65536,47,6,1,ikj,20.5152,26.16942131,0,true,20260809
slm,64,256,16384,21037056,65536,47,7,0,ikj,20.511965,26.17354856,0,true,20260809
slm,64,256,16384,21037056,65536,47,7,1,kij,24.679021,21.75414138,0,true,20260809
slm,64,256,16384,21037056,65536,47,8,0,ikj,20.499336,26.18967327,0,true,20260809
slm,64,256,16384,21037056,65536,47,8,1,kij,24.665231,21.76630383,0,true,20260809
slm,64,256,16384,21037056,65536,47,9,0,kij,24.701976,21.73392574,0,true,20260809
slm,64,256,16384,21037056,65536,47,9,1,ikj,20.500457,26.18824117,0,true,20260809
slm,64,256,16384,21037056,65536,47,10,0,kij,24.705041,21.73122935,0,true,20260809
slm,64,256,16384,21037056,65536,47,10,1,ikj,20.559717,26.11275788,0,true,20260809
slm,64,256,16384,21037056,65536,47,11,0,kij,24.674725,21.75792889,0,true,20260809
slm,64,256,16384,21037056,65536,47,11,1,ikj,20.507999,26.17861021,0,true,20260809
slm,64,256,16384,21037056,65536,47,12,0,ikj,20.518014,26.16583223,0,true,20260809
slm,64,256,16384,21037056,65536,47,12,1,kij,24.640774,21.7879078,0,true,20260809
slm,64,256,16384,21037056,65536,47,13,0,ikj,20.56139,26.11063318,0,true,20260809
slm,64,256,16384,21037056,65536,47,13,1,kij,24.641735,21.78705809,0,true,20260809
slm,64,256,16384,21037056,65536,47,14,0,kij,24.702347,21.73359932,0,true,20260809
slm,64,256,16384,21037056,65536,47,14,1,ikj,20.499216,26.18982658,0,true,20260809
slm,64,256,16384,21037056,65536,47,15,0,ikj,20.504183,26.18348227,0,true,20260809
slm,64,256,16384,21037056,65536,47,15,1,kij,24.648956,21.7806755,0,true,20260809
slm,64,256,16384,21037056,65536,47,16,0,kij,24.782388,21.66340516,0,true,20260809
slm,64,256,16384,21037056,65536,47,16,1,ikj,20.508069,26.17852085,0,true,20260809
slm,64,256,16384,21037056,65536,47,17,0,kij,24.620654,21.80571288,0,true,20260809
slm,64,256,16384,21037056,65536,47,17,1,ikj,20.517152,26.16693155,0,true,20260809
slm,64,256,16384,21037056,65536,47,18,0,kij,24.699824,21.73581933,0,true,20260809
slm,64,256,16384,21037056,65536,47,18,1,ikj,20.557524,26.11554349,0,true,20260809
slm,64,256,16384,21037056,65536,47,19,0,kij,24.649997,21.77975567,0,true,20260809
slm,64,256,16384,21037056,65536,47,19,1,ikj,20.510583,26.17531213,0,true,20260809
slm,64,512,128,425984,131072,11,0,0,ikj,0.606328,13.83509915,0,true,20260809
slm,64,512,128,425984,131072,11,0,1,kij,0.346625,24.20081644,0,true,20260809
slm,64,512,128,425984,131072,11,1,0,ikj,0.598556,14.01474215,0,true,20260809
slm,64,512,128,425984,131072,11,1,1,kij,0.346875,24.18337441,0,true,20260809
slm,64,512,128,425984,131072,11,2,0,ikj,0.598075,14.02601346,0,true,20260809
slm,64,512,128,425984,131072,11,2,1,kij,0.345563,24.2751915,0,true,20260809
slm,64,512,128,425984,131072,11,3,0,kij,0.345563,24.2751915,0,true,20260809
slm,64,512,128,425984,131072,11,3,1,ikj,0.599517,13.99227712,0,true,20260809
slm,64,512,128,425984,131072,11,4,0,kij,0.344732,24.3337085,0,true,20260809
slm,64,512,128,425984,131072,11,4,1,ikj,0.599156,14.00070766,0,true,20260809
slm,64,512,128,425984,131072,11,5,0,ikj,0.600068,13.979429,0,true,20260809
slm,64,512,128,425984,131072,11,5,1,kij,0.346284,24.22464798,0,true,20260809
slm,64,512,128,425984,131072,11,6,0,kij,0.345633,24.27027512,0,true,20260809
slm,64,512,128,425984,131072,11,6,1,ikj,0.599928,13.98269126,0,true,20260809
slm,64,512,128,425984,131072,11,7,0,ikj,0.611115,13.72672574,0,true,20260809
slm,64,512,128,425984,131072,11,7,1,kij,0.346074,24.23934765,0,true,20260809
slm,64,512,128,425984,131072,11,8,0,ikj,0.598136,14.02458304,0,true,20260809
slm,64,512,128,425984,131072,11,8,1,kij,0.345203,24.30050724,0,true,20260809
slm,64,512,128,425984,131072,11,9,0,kij,0.344542,24.34712749,0,true,20260809
slm,64,512,128,425984,131072,11,9,1,ikj,0.599678,13.98852051,0,true,20260809
slm,64,512,128,425984,131072,11,10,0,ikj,0.599628,13.98968694,0,true,20260809
slm,64,512,128,425984,131072,11,10,1,kij,0.345433,24.28432721,0,true,20260809
slm,64,512,128,425984,131072,11,11,0,ikj,0.598546,14.01497629,0,true,20260809
slm,64,512,128,425984,131072,11,11,1,kij,0.345613,24.2716796,0,true,20260809
slm,64,512,128,425984,131072,11,12,0,ikj,0.598486,14.01638134,0,true,20260809
slm,64,512,128,425984,131072,11,12,1,kij,0.344572,24.34500772,0,true,20260809
slm,64,512,128,425984,131072,11,13,0,ikj,0.599127,14.00138535,0,true,20260809
slm,64,512,128,425984,131072,11,13,1,kij,0.345252,24.29705838,0,true,20260809
slm,64,512,128,425984,131072,11,14,0,ikj,0.605005,13.86535318,0,true,20260809
slm,64,512,128,425984,131072,11,14,1,kij,0.345853,24.25483659,0,true,20260809
slm,64,512,128,425984,131072,11,15,0,ikj,0.599667,13.9887771,0,true,20260809
slm,64,512,128,425984,131072,11,15,1,kij,0.345923,24.24992845,0,true,20260809
slm,64,512,128,425984,131072,11,16,0,ikj,0.599257,13.99834795,0,true,20260809
slm,64,512,128,425984,131072,11,16,1,kij,0.346845,24.18546613,0,true,20260809
slm,64,512,128,425984,131072,11,17,0,ikj,0.600138,13.97779844,0,true,20260809
slm,64,512,128,425984,131072,11,17,1,kij,0.345643,24.26957294,0,true,20260809
slm,64,512,128,425984,131072,11,18,0,ikj,0.599297,13.99741364,0,true,20260809
slm,64,512,128,425984,131072,11,18,1,kij,0.345513,24.27870442,0,true,20260809
slm,64,512,128,425984,131072,11,19,0,ikj,0.600038,13.98012793,0,true,20260809
slm,64,512,128,425984,131072,11,19,1,kij,0.345112,24.30691486,0,true,20260809
slm,64,512,128,425984,131072,29,0,0,kij,0.344511,24.34931831,0,true,20260809
slm,64,512,128,425984,131072,29,0,1,ikj,0.599487,13.99297733,0,true,20260809
slm,64,512,128,425984,131072,29,1,0,ikj,0.601951,13.93569909,0,true,20260809
slm,64,512,128,425984,131072,29,1,1,kij,0.345793,24.25904515,0,true,20260809
slm,64,512,128,425984,131072,29,2,0,kij,0.346093,24.23801695,0,true,20260809
slm,64,512,128,425984,131072,29,2,1,ikj,0.605557,13.85271411,0,true,20260809
slm,64,512,128,425984,131072,29,3,0,kij,0.346835,24.18616345,0,true,20260809
slm,64,512,128,425984,131072,29,3,1,ikj,0.598787,14.00933554,0,true,20260809
slm,64,512,128,425984,131072,29,4,0,ikj,0.598115,14.02507545,0,true,20260809
slm,64,512,128,425984,131072,29,4,1,kij,0.345503,24.27940713,0,true,20260809
slm,64,512,128,425984,131072,29,5,0,ikj,0.600018,13.98059392,0,true,20260809
slm,64,512,128,425984,131072,29,5,1,kij,0.345333,24.29135935,0,true,20260809
slm,64,512,128,425984,131072,29,6,0,ikj,0.604845,13.86902099,0,true,20260809
slm,64,512,128,425984,131072,29,6,1,kij,0.34345,24.42453923,0,true,20260809
slm,64,512,128,425984,131072,29,7,0,kij,0.345683,24.26676464,0,true,20260809
slm,64,512,128,425984,131072,29,7,1,ikj,0.599497,13.99274392,0,true,20260809
slm,64,512,128,425984,131072,29,8,0,kij,0.344611,24.34225257,0,true,20260809
slm,64,512,128,425984,131072,29,8,1,ikj,0.597284,14.0445885,0,true,20260809
slm,64,512,128,425984,131072,29,9,0,kij,0.345303,24.29346979,0,true,20260809
slm,64,512,128,425984,131072,29,9,1,ikj,0.604165,13.88463085,0,true,20260809
slm,64,512,128,425984,131072,29,10,0,kij,0.346675,24.19732603,0,true,20260809
slm,64,512,128,425984,131072,29,10,1,ikj,0.598967,14.00512549,0,true,20260809
slm,64,512,128,425984,131072,29,11,0,ikj,0.600679,13.96520937,0,true,20260809
slm,64,512,128,425984,131072,29,11,1,kij,0.346064,24.24004808,0,true,20260809
slm,64,512,128,425984,131072,29,12,0,ikj,0.599687,13.98831057,0,true,20260809
slm,64,512,128,425984,131072,29,12,1,kij,0.344962,24.31748424,0,true,20260809
slm,64,512,128,425984,131072,29,13,0,kij,0.386165,21.7228594,0,true,20260809
slm,64,512,128,425984,131072,29,13,1,ikj,0.598857,14.007698,0,true,20260809
slm,64,512,128,425984,131072,29,14,0,ikj,0.60105,13.9565893,0,true,20260809
slm,64,512,128,425984,131072,29,14,1,kij,0.347086,24.16867289,0,true,20260809
slm,64,512,128,425984,131072,29,15,0,kij,0.346014,24.24355084,0,true,20260809
slm,64,512,128,425984,131072,29,15,1,ikj,0.599117,14.00161905,0,true,20260809
slm,64,512,128,425984,131072,29,16,0,kij,0.347065,24.17013528,0,true,20260809
slm,64,512,128,425984,131072,29,16,1,ikj,0.603183,13.90723545,0,true,20260809
slm,64,512,128,425984,131072,29,17,0,kij,0.345143,24.30473166,0,true,20260809
slm,64,512,128,425984,131072,29,17,1,ikj,0.598927,14.00606084,0,true,20260809
slm,64,512,128,425984,131072,29,18,0,kij,0.346394,24.21695526,0,true,20260809
slm,64,512,128,425984,131072,29,18,1,ikj,0.599497,13.99274392,0,true,20260809
slm,64,512,128,425984,131072,29,19,0,ikj,0.599487,13.99297733,0,true,20260809
slm,64,512,128,425984,131072,29,19,1,kij,0.345293,24.29417335,0,true,20260809
slm,64,512,128,425984,131072,47,0,0,kij,0.346043,24.24151912,0,true,20260809
slm,64,512,128,425984,131072,47,0,1,ikj,0.598145,14.02437202,0,true,20260809
slm,64,512,128,425984,131072,47,1,0,kij,0.349178,24.02387321,0,true,20260809
slm,64,512,128,425984,131072,47,1,1,ikj,0.599938,13.98245819,0,true,20260809
slm,64,512,128,425984,131072,47,2,0,ikj,0.597524,14.03894739,0,true,20260809
slm,64,512,128,425984,131072,47,2,1,kij,0.344872,24.32383029,0,true,20260809
slm,64,512,128,425984,131072,47,3,0,ikj,0.60069,13.96495364,0,true,20260809
slm,64,512,128,425984,131072,47,3,1,kij,0.346655,24.19872207,0,true,20260809
slm,64,512,128,425984,131072,47,4,0,kij,0.346435,24.21408922,0,true,20260809
slm,64,512,128,425984,131072,47,4,1,ikj,0.604785,13.87039692,0,true,20260809
slm,64,512,128,425984,131072,47,5,0,kij,0.345373,24.28854601,0,true,20260809
slm,64,512,128,425984,131072,47,5,1,ikj,0.599137,14.00115166,0,true,20260809
slm,64,512,128,425984,131072,47,6,0,kij,0.345754,24.2617815,0,true,20260809
slm,64,512,128,425984,131072,47,6,1,ikj,0.598656,14.01240111,0,true,20260809
slm,64,512,128,425984,131072,47,7,0,kij,0.346744,24.1925109,0,true,20260809
slm,64,512,128,425984,131072,47,7,1,ikj,0.598716,14.01099687,0,true,20260809
slm,64,512,128,425984,131072,47,8,0,ikj,0.605316,13.85822942,0,true,20260809
slm,64,512,128,425984,131072,47,8,1,kij,0.344161,24.37408074,0,true,20260809
slm,64,512,128,425984,131072,47,9,0,ikj,0.598606,14.01357153,0,true,20260809
slm,64,512,128,425984,131072,47,9,1,kij,0.346564,24.20507612,0,true,20260809
slm,64,512,128,425984,131072,47,10,0,ikj,0.599818,13.98525553,0,true,20260809
slm,64,512,128,425984,131072,47,10,1,kij,0.345593,24.27308423,0,true,20260809
slm,64,512,128,425984,131072,47,11,0,kij,0.345022,24.31325539,0,true,20260809
slm,64,512,128,425984,131072,47,11,1,ikj,0.606138,13.8394359,0,true,20260809
slm,64,512,128,425984,131072,47,12,0,kij,0.345603,24.27238189,0,true,20260809
slm,64,512,128,425984,131072,47,12,1,ikj,0.602151,13.93107045,0,true,20260809
slm,64,512,128,425984,131072,47,13,0,kij,0.347396,24.1471059,0,true,20260809
slm,64,512,128,425984,131072,47,13,1,ikj,0.597805,14.03234834,0,true,20260809
slm,64,512,128,425984,131072,47,14,0,ikj,0.600549,13.9682324,0,true,20260809
slm,64,512,128,425984,131072,47,14,1,kij,0.346344,24.22045134,0,true,20260809
slm,64,512,128,425984,131072,47,15,0,kij,0.34966,23.99075674,0,true,20260809
slm,64,512,128,425984,131072,47,15,1,ikj,0.598736,14.01052885,0,true,20260809
slm,64,512,128,425984,131072,47,16,0,ikj,0.598846,14.0079553,0,true,20260809
slm,64,512,128,425984,131072,47,16,1,kij,0.345013,24.31388962,0,true,20260809
slm,64,512,128,425984,131072,47,17,0,kij,0.344291,24.36487739,0,true,20260809
slm,64,512,128,425984,131072,47,17,1,ikj,0.598776,14.0095929,0,true,20260809
slm,64,512,128,425984,131072,47,18,0,kij,0.346825,24.18686081,0,true,20260809
slm,64,512,128,425984,131072,47,18,1,ikj,0.605045,13.86443653,0,true,20260809
slm,64,512,128,425984,131072,47,19,0,kij,0.345914,24.25055939,0,true,20260809
slm,64,512,128,425984,131072,47,19,1,ikj,0.599167,14.00045063,0,true,20260809
slm,64,512,512,1310720,131072,11,0,0,ikj,2.417419,13.88027148,0,true,20260809
slm,64,512,512,1310720,131072,11,0,1,kij,1.476945,22.71880943,0,true,20260809
slm,64,512,512,1310720,131072,11,1,0,kij,1.483204,22.62293791,0,true,20260809
slm,64,512,512,1310720,131072,11,1,1,ikj,2.399632,13.98315742,0,true,20260809
slm,64,512,512,1310720,131072,11,2,0,ikj,2.406552,13.94294908,0,true,20260809
slm,64,512,512,1310720,131072,11,2,1,kij,1.48059,22.66287899,0,true,20260809
slm,64,512,512,1310720,131072,11,3,0,kij,1.486409,22.57415826,0,true,20260809
slm,64,512,512,1310720,131072,11,3,1,ikj,2.40467,13.95386144,0,true,20260809
slm,64,512,512,1310720,131072,11,4,0,ikj,2.409327,13.92688996,0,true,20260809
slm,64,512,512,1310720,131072,11,4,1,kij,1.523406,22.02592874,0,true,20260809
slm,64,512,512,1310720,131072,11,5,0,kij,1.479719,22.67621893,0,true,20260809
slm,64,512,512,1310720,131072,11,5,1,ikj,2.407954,13.93483098,0,true,20260809
slm,64,512,512,1310720,131072,11,6,0,kij,1.476825,22.72065546,0,true,20260809
slm,64,512,512,1310720,131072,11,6,1,ikj,2.413863,13.9007193,0,true,20260809
slm,64,512,512,1310720,131072,11,7,0,kij,1.477987,22.70279238,0,true,20260809
slm,64,512,512,1310720,131072,11,7,1,ikj,2.401174,13.97417763,0,true,20260809
slm,64,512,512,1310720,131072,11,8,0,kij,1.478037,22.70202437,0,true,20260809
slm,64,512,512,1310720,131072,11,8,1,ikj,2.406001,13.94614217,0,true,20260809
slm,64,512,512,1310720,131072,11,9,0,ikj,2.395195,14.00906064,0,true,20260809
slm,64,512,512,1310720,131072,11,9,1,kij,1.484577,22.60201525,0,true,20260809
slm,64,512,512,1310720,131072,11,10,0,ikj,2.4046,13.95426765,0,true,20260809
slm,64,512,512,1310720,131072,11,10,1,kij,1.48684,22.56761454,0,true,20260809
slm,64,512,512,1310720,131072,11,11,0,kij,1.481653,22.64661969,0,true,20260809
slm,64,512,512,1310720,131072,11,11,1,ikj,2.408305,13.93280004,0,true,20260809
slm,64,512,512,1310720,131072,11,12,0,ikj,2.402567,13.96607545,0,true,20260809
slm,64,512,512,1310720,131072,11,12,1,kij,1.487321,22.56031617,0,true,20260809
slm,64,512,512,1310720,131072,11,13,0,kij,1.476635,22.72357895,0,true,20260809
slm,64,512,512,1310720,131072,11,13,1,ikj,2.406362,13.94404998,0,true,20260809
slm,64,512,512,1310720,131072,11,14,0,kij,1.476385,22.72742679,0,true,20260809
slm,64,512,512,1310720,131072,11,14,1,ikj,2.4052,13.95078663,0,true,20260809
slm,64,512,512,1310720,131072,11,15,0,ikj,2.412472,13.90873428,0,true,20260809
slm,64,512,512,1310720,131072,11,15,1,kij,1.493991,22.45959447,0,true,20260809
slm,64,512,512,1310720,131072,11,16,0,ikj,2.409076,13.92834099,0,true,20260809
slm,64,512,512,1310720,131072,11,16,1,kij,1.504557,22.30186826,0,true,20260809
slm,64,512,512,1310720,131072,11,17,0,kij,1.477386,22.71202787,0,true,20260809
slm,64,512,512,1310720,131072,11,17,1,ikj,2.40459,13.95432569,0,true,20260809
slm,64,512,512,1310720,131072,11,18,0,kij,1.475332,22.74364821,0,true,20260809
slm,64,512,512,1310720,131072,11,18,1,ikj,2.407193,13.93923628,0,true,20260809
slm,64,512,512,1310720,131072,11,19,0,ikj,2.415676,13.89028661,0,true,20260809
slm,64,512,512,1310720,131072,11,19,1,kij,1.486049,22.57962692,0,true,20260809
slm,64,512,512,1310720,131072,29,0,0,ikj,2.411079,13.91677004,0,true,20260809
slm,64,512,512,1310720,131072,29,0,1,kij,1.477607,22.70863091,0,true,20260809
slm,64,512,512,1310720,131072,29,1,0,kij,1.483075,22.62490569,0,true,20260809
slm,64,512,512,1310720,131072,29,1,1,ikj,2.397358,13.99642106,0,true,20260809
slm,64,512,512,1310720,131072,29,2,0,kij,1.48683,22.56776632,0,true,20260809
slm,64,512,512,1310720,131072,29,2,1,ikj,2.403829,13.95874332,0,true,20260809
slm,64,512,512,1310720,131072,29,3,0,ikj,2.410409,13.92063836,0,true,20260809
slm,64,512,512,1310720,131072,29,3,1,kij,1.480181,22.66914114,0,true,20260809
slm,64,512,512,1310720,131072,29,4,0,ikj,2.422566,13.85078136,0,true,20260809
slm,64,512,512,1310720,131072,29,4,1,kij,1.477676,22.70757054,0,true,20260809
slm,64,512,512,1310720,131072,29,5,0,kij,1.480751,22.66041488,0,true,20260809
slm,64,512,512,1310720,131072,29,5,1,ikj,2.413252,13.90423876,0,true,20260809
slm,64,512,512,1310720,131072,29,6,0,ikj,2.397729,13.9942554,0,true,20260809
slm,64,512,512,1310720,131072,29,6,1,kij,1.491928,22.49065102,0,true,20260809
slm,64,512,512,1310720,131072,29,7,0,kij,1.480961,22.65720164,0,true,20260809
slm,64,512,512,1310720,131072,29,7,1,ikj,2.40523,13.95061262,0,true,20260809
slm,64,512,512,1310720,131072,29,8,0,kij,1.482614,22.63194061,0,true,20260809
slm,64,512,512,1310720,131072,29,8,1,ikj,2.414514,13.8969714,0,true,20260809
slm,64,512,512,1310720,131072,29,9,0,ikj,2.407163,13.93941,0,true,20260809
slm,64,512,512,1310720,131072,29,9,1,kij,1.487311,22.56046785,0,true,20260809
slm,64,512,512,1310720,131072,29,10,0,ikj,2.394323,14.01416267,0,true,20260809
slm,64,512,512,1310720,131072,29,10,1,kij,1.487611,22.55591818,0,true,20260809
slm,64,512,512,1310720,131072,29,11,0,ikj,2.408755,13.93019714,0,true,20260809
slm,64,512,512,1310720,131072,29,11,1,kij,1.48663,22.57080242,0,true,20260809
slm,64,512,512,1310720,131072,29,12,0,ikj,2.401845,13.97027369,0,true,20260809
slm,64,512,512,1310720,131072,29,12,1,kij,1.48621,22.57718088,0,true,20260809
slm,64,512,512,1310720,131072,29,13,0,kij,1.477376,22.7121816,0,true,20260809
slm,64,512,512,1310720,131072,29,13,1,ikj,2.544862,13.1851676,0,true,20260809
slm,64,512,512,1310720,131072,29,14,0,ikj,2.408425,13.93210584,0,true,20260809
slm,64,512,512,1310720,131072,29,14,1,kij,1.491288,22.50030309,0,true,20260809
slm,64,512,512,1310720,131072,29,15,0,kij,1.482174,22.63865916,0,true,20260809
slm,64,512,512,1310720,131072,29,15,1,ikj,2.412021,13.91133493,0,true,20260809
slm,64,512,512,1310720,131072,29,16,0,ikj,2.400603,13.97750149,0,true,20260809
slm,64,512,512,1310720,131072,29,16,1,kij,1.485409,22.58935552,0,true,20260809
slm,64,512,512,1310720,131072,29,17,0,ikj,2.41789,13.87756763,0,true,20260809
slm,64,512,512,1310720,131072,29,17,1,kij,1.488013,22.5498245,0,true,20260809
slm,64,512,512,1310720,131072,29,18,0,kij,1.481603,22.64738395,0,true,20260809
slm,64,512,512,1310720,131072,29,18,1,ikj,2.412572,13.90815777,0,true,20260809
slm,64,512,512,1310720,131072,29,19,0,kij,1.48003,22.67145396,0,true,20260809
slm,64,512,512,1310720,131072,29,19,1,ikj,2.413132,13.90493019,0,true,20260809
slm,64,512,512,1310720,131072,47,0,0,ikj,2.410378,13.9208174,0,true,20260809
slm,64,512,512,1310720,131072,47,0,1,kij,1.483144,22.62385311,0,true,20260809
slm,64,512,512,1310720,131072,47,1,0,kij,1.4865,22.57277632,0,true,20260809
slm,64,512,512,1310720,131072,47,1,1,ikj,2.409957,13.92324925,0,true,20260809
slm,64,512,512,1310720,131072,47,2,0,ikj,2.406362,13.94404998,0,true,20260809
slm,64,512,512,1310720,131072,47,2,1,kij,1.479049,22.68649112,0,true,20260809
slm,64,512,512,1310720,131072,47,3,0,ikj,2.402035,13.96916864,0,true,20260809
slm,64,512,512,1310720,131072,47,3,1,kij,1.484406,22.60461895,0,true,20260809
slm,64,512,512,1310720,131072,47,4,0,ikj,2.405471,13.94921494,0,true,20260809
slm,64,512,512,1310720,131072,47,4,1,kij,1.479799,22.67499302,0,true,20260809
slm,64,512,512,1310720,131072,47,5,0,kij,1.477626,22.70833892,0,true,20260809
slm,64,512,512,1310720,131072,47,5,1,ikj,2.403017,13.9634601,0,true,20260809
slm,64,512,512,1310720,131072,47,6,0,kij,1.48003,22.67145396,0,true,20260809
slm,64,512,512,1310720,131072,47,6,1,ikj,2.408015,13.93447798,0,true,20260809
slm,64,512,512,1310720,131072,47,7,0,kij,1.481763,22.6449385,0,true,20260809
slm,64,512,512,1310720,131072,47,7,1,ikj,2.405902,13.94671603,0,true,20260809
slm,64,512,512,1310720,131072,47,8,0,kij,1.482815,22.62887279,0,true,20260809
slm,64,512,512,1310720,131072,47,8,1,ikj,2.416547,13.88528011,0,true,20260809
slm,64,512,512,1310720,131072,47,9,0,kij,1.477866,22.70465117,0,true,20260809
slm,64,512,512,1310720,131072,47,9,1,ikj,2.399282,13.98519724,0,true,20260809
slm,64,512,512,1310720,131072,47,10,0,ikj,2.414184,13.89887101,0,true,20260809
slm,64,512,512,1310720,131072,47,10,1,kij,1.487221,22.56183311,0,true,20260809
slm,64,512,512,1310720,131072,47,11,0,kij,1.477316,22.71310403,0,true,20260809
slm,64,512,512,1310720,131072,47,11,1,ikj,2.415115,13.89351315,0,true,20260809
slm,64,512,512,1310720,131072,47,12,0,kij,1.477546,22.70956843,0,true,20260809
slm,64,512,512,1310720,131072,47,12,1,ikj,2.422396,13.85175339,0,true,20260809
slm,64,512,512,1310720,131072,47,13,0,kij,1.478247,22.69879932,0,true,20260809
slm,64,512,512,1310720,131072,47,13,1,ikj,2.407914,13.93506246,0,true,20260809
slm,64,512,512,1310720,131072,47,14,0,kij,1.478938,22.68819383,0,true,20260809
slm,64,512,512,1310720,131072,47,14,1,ikj,2.414975,13.89431857,0,true,20260809
slm,64,512,512,1310720,131072,47,15,0,ikj,2.413683,13.90175595,0,true,20260809
slm,64,512,512,1310720,131072,47,15,1,kij,1.48664,22.57065059,0,true,20260809
slm,64,512,512,1310720,131072,47,16,0,kij,1.479359,22.68173716,0,true,20260809
slm,64,512,512,1310720,131072,47,16,1,ikj,2.408345,13.93256863,0,true,20260809
slm,64,512,512,1310720,131072,47,17,0,kij,1.478467,22.69542168,0,true,20260809
slm,64,512,512,1310720,131072,47,17,1,ikj,2.404569,13.95444755,0,true,20260809
slm,64,512,512,1310720,131072,47,18,0,ikj,2.410838,13.91816124,0,true,20260809
slm,64,512,512,1310720,131072,47,18,1,kij,1.483476,22.61878992,0,true,20260809
slm,64,512,512,1310720,131072,47,19,0,ikj,2.405381,13.94973686,0,true,20260809
slm,64,512,512,1310720,131072,47,19,1,kij,1.484237,22.60719279,0,true,20260809
slm,64,512,2048,4849664,131072,11,0,0,ikj,9.623165,13.94735807,0,true,20260809
slm,64,512,2048,4849664,131072,11,0,1,kij,5.891086,22.78318938,0,true,20260809
slm,64,512,2048,4849664,131072,11,1,0,ikj,9.644557,13.91642229,0,true,20260809
slm,64,512,2048,4849664,131072,11,1,1,kij,5.909244,22.71318091,0,true,20260809
slm,64,512,2048,4849664,131072,11,2,0,ikj,9.641572,13.92073077,0,true,20260809
slm,64,512,2048,4849664,131072,11,2,1,kij,5.901481,22.74305856,0,true,20260809
slm,64,512,2048,4849664,131072,11,3,0,ikj,9.639039,13.92438894,0,true,20260809
slm,64,512,2048,4849664,131072,11,3,1,kij,5.88711,22.79857655,0,true,20260809
slm,64,512,2048,4849664,131072,11,4,0,kij,5.974372,22.46557931,0,true,20260809
slm,64,512,2048,4849664,131072,11,4,1,ikj,9.653,13.90425028,0,true,20260809
slm,64,512,2048,4849664,131072,11,5,0,kij,5.90629,22.72454079,0,true,20260809
slm,64,512,2048,4849664,131072,11,5,1,ikj,9.660862,13.89293502,0,true,20260809
slm,64,512,2048,4849664,131072,11,6,0,kij,5.899699,22.74992809,0,true,20260809
slm,64,512,2048,4849664,131072,11,6,1,ikj,9.664969,13.8870314,0,true,20260809
slm,64,512,2048,4849664,131072,11,7,0,kij,5.914491,22.69303107,0,true,20260809
slm,64,512,2048,4849664,131072,11,7,1,ikj,9.615443,13.95855896,0,true,20260809
slm,64,512,2048,4849664,131072,11,8,0,ikj,9.612138,13.96335841,0,true,20260809
slm,64,512,2048,4849664,131072,11,8,1,kij,5.889865,22.78791246,0,true,20260809
slm,64,512,2048,4849664,131072,11,9,0,kij,5.898638,22.75402017,0,true,20260809
slm,64,512,2048,4849664,131072,11,9,1,ikj,9.637146,13.92712407,0,true,20260809
slm,64,512,2048,4849664,131072,11,10,0,kij,5.892779,22.77664375,0,true,20260809
slm,64,512,2048,4849664,131072,11,10,1,ikj,9.632749,13.93348129,0,true,20260809
slm,64,512,2048,4849664,131072,11,11,0,ikj,9.629645,13.93797258,0,true,20260809
slm,64,512,2048,4849664,131072,11,11,1,kij,5.907481,22.71995932,0,true,20260809
slm,64,512,2048,4849664,131072,11,12,0,kij,5.901371,22.74348249,0,true,20260809
slm,64,512,2048,4849664,131072,11,12,1,ikj,9.651928,13.90579457,0,true,20260809
slm,64,512,2048,4849664,131072,11,13,0,kij,5.903625,22.73479904,0,true,20260809
slm,64,512,2048,4849664,131072,11,13,1,ikj,9.66002,13.89414597,0,true,20260809
slm,64,512,2048,4849664,131072,11,14,0,ikj,9.629615,13.93801601,0,true,20260809
slm,64,512,2048,4849664,131072,11,14,1,kij,5.897126,22.75985421,0,true,20260809
slm,64,512,2048,4849664,131072,11,15,0,ikj,9.612608,13.96267569,0,true,20260809
slm,64,512,2048,4849664,131072,11,15,1,kij,5.902774,22.73807671,0,true,20260809
slm,64,512,2048,4849664,131072,11,16,0,ikj,9.709446,13.82341773,0,true,20260809
slm,64,512,2048,4849664,131072,11,16,1,kij,5.908593,22.71568341,0,true,20260809
slm,64,512,2048,4849664,131072,11,17,0,ikj,9.669686,13.88025713,0,true,20260809
slm,64,512,2048,4849664,131072,11,17,1,kij,5.892869,22.77629589,0,true,20260809
slm,64,512,2048,4849664,131072,11,18,0,kij,5.89386,22.77246626,0,true,20260809
slm,64,512,2048,4849664,131072,11,18,1,ikj,9.624888,13.94486128,0,true,20260809
slm,64,512,2048,4849664,131072,11,19,0,kij,5.917557,22.68127337,0,true,20260809
slm,64,512,2048,4849664,131072,11,19,1,ikj,9.642113,13.9199497,0,true,20260809
slm,64,512,2048,4849664,131072,29,0,0,ikj,9.687361,13.85493201,0,true,20260809
slm,64,512,2048,4849664,131072,29,0,1,kij,5.904136,22.73283136,0,true,20260809
slm,64,512,2048,4849664,131072,29,1,0,ikj,9.644838,13.91601684,0,true,20260809
slm,64,512,2048,4849664,131072,29,1,1,kij,5.911307,22.70525418,0,true,20260809
slm,64,512,2048,4849664,131072,29,2,0,ikj,9.641592,13.92070189,0,true,20260809
slm,64,512,2048,4849664,131072,29,2,1,kij,5.890826,22.78419495,0,true,20260809
slm,64,512,2048,4849664,131072,29,3,0,kij,5.887721,22.79621062,0,true,20260809
slm,64,512,2048,4849664,131072,29,3,1,ikj,9.642994,13.91867795,0,true,20260809
slm,64,512,2048,4849664,131072,29,4,0,ikj,9.61993,13.9520483,0,true,20260809
slm,64,512,2048,4849664,131072,29,4,1,kij,5.900911,22.74525544,0,true,20260809
slm,64,512,2048,4849664,131072,29,5,0,kij,5.894821,22.76875379,0,true,20260809
slm,64,512,2048,4849664,131072,29,5,1,ikj,9.634832,13.93046895,0,true,20260809
slm,64,512,2048,4849664,131072,29,6,0,ikj,9.623415,13.94699574,0,true,20260809
slm,64,512,2048,4849664,131072,29,6,1,kij,5.906569,22.72346738,0,true,20260809
slm,64,512,2048,4849664,131072,29,7,0,ikj,9.630897,13.93616067,0,true,20260809
slm,64,512,2048,4849664,131072,29,7,1,kij,5.904797,22.73028658,0,true,20260809
slm,64,512,2048,4849664,131072,29,8,0,kij,5.890796,22.78431098,0,true,20260809
slm,64,512,2048,4849664,131072,29,8,1,ikj,9.605558,13.97292359,0,true,20260809
slm,64,512,2048,4849664,131072,29,9,0,ikj,9.634632,13.93075812,0,true,20260809
slm,64,512,2048,4849664,131072,29,9,1,kij,5.915482,22.68922938,0,true,20260809
slm,64,512,2048,4849664,131072,29,10,0,ikj,9.619099,13.95325363,0,true,20260809
slm,64,512,2048,4849664,131072,29,10,1,kij,5.910966,22.70656404,0,true,20260809
slm,64,512,2048,4849664,131072,29,11,0,kij,5.903434,22.73553461,0,true,20260809
slm,64,512,2048,4849664,131072,29,11,1,ikj,9.634883,13.93039521,0,true,20260809
slm,64,512,2048,4849664,131072,29,12,0,kij,5.964227,22.5037927,0,true,20260809
slm,64,512,2048,4849664,131072,29,12,1,ikj,9.6201,13.95180175,0,true,20260809
slm,64,512,2048,4849664,131072,29,13,0,ikj,9.62652,13.94249718,0,true,20260809
slm,64,512,2048,4849664,131072,29,13,1,kij,5.881331,22.82097845,0,true,20260809
slm,64,512,2048,4849664,131072,29,14,0,kij,5.894711,22.76917868,0,true,20260809
slm,64,512,2048,4849664,131072,29,14,1,ikj,9.608372,13.96883135,0,true,20260809
slm,64,512,2048,4849664,131072,29,15,0,ikj,9.642334,13.91963066,0,true,20260809
slm,64,512,2048,4849664,131072,29,15,1,kij,5.90738,22.72034777,0,true,20260809
slm,64,512,2048,4849664,131072,29,16,0,ikj,9.625518,13.94394858,0,true,20260809
slm,64,512,2048,4849664,131072,29,16,1,kij,5.909855,22.71083267,0,true,20260809
slm,64,512,2048,4849664,131072,29,17,0,ikj,9.656254,13.89956478,0,true,20260809
slm,64,512,2048,4849664,131072,29,17,1,kij,5.900992,22.74494322,0,true,20260809
slm,64,512,2048,4849664,131072,29,18,0,kij,5.896594,22.76190764,0,true,20260809
slm,64,512,2048,4849664,131072,29,18,1,ikj,9.614792,13.95950406,0,true,20260809
slm,64,512,2048,4849664,131072,29,19,0,kij,5.89348,22.77393459,0,true,20260809
slm,64,512,2048,4849664,131072,29,19,1,ikj,9.634893,13.93038075,0,true,20260809
slm,64,512,2048,4849664,131072,47,0,0,kij,5.899088,22.75228442,0,true,20260809
slm,64,512,2048,4849664,131072,47,0,1,ikj,9.610235,13.96612341,0,true,20260809
slm,64,512,2048,4849664,131072,47,1,0,kij,5.905408,22.7279348,0,true,20260809
slm,64,512,2048,4849664,131072,47,1,1,ikj,9.643996,13.91723182,0,true,20260809
slm,64,512,2048,4849664,131072,47,2,0,kij,5.962804,22.50916314,0,true,20260809
slm,64,512,2048,4849664,131072,47,2,1,ikj,9.619098,13.95325508,0,true,20260809
slm,64,512,2048,4849664,131072,47,3,0,kij,5.895072,22.76778435,0,true,20260809
slm,64,512,2048,4849664,131072,47,3,1,ikj,9.64651,13.91360482,0,true,20260809
slm,64,512,2048,4849664,131072,47,4,0,ikj,9.634773,13.93055425,0,true,20260809
slm,64,512,2048,4849664,131072,47,4,1,kij,5.897626,22.75792463,0,true,20260809
slm,64,512,2048,4849664,131072,47,5,0,ikj,9.65354,13.90347251,0,true,20260809
slm,64,512,2048,4849664,131072,47,5,1,kij,5.899309,22.75143207,0,true,20260809
slm,64,512,2048,4849664,131072,47,6,0,kij,5.912659,22.70006236,0,true,20260809
slm,64,512,2048,4849664,131072,47,6,1,ikj,9.635133,13.93003376,0,true,20260809
slm,64,512,2048,4849664,131072,47,7,0,kij,5.899258,22.75162876,0,true,20260809
slm,64,512,2048,4849664,131072,47,7,1,ikj,9.625438,13.94406447,0,true,20260809
slm,64,512,2048,4849664,131072,47,8,0,kij,6.005069,22.35073868,0,true,20260809
slm,64,512,2048,4849664,131072,47,8,1,ikj,9.668994,13.88125052,0,true,20260809
slm,64,512,2048,4849664,131072,47,9,0,ikj,9.657047,13.8984234,0,true,20260809
slm,64,512,2048,4849664,131072,47,9,1,kij,5.904687,22.73071003,0,true,20260809
slm,64,512,2048,4849664,131072,47,10,0,ikj,9.683566,13.86036177,0,true,20260809
slm,64,512,2048,4849664,131072,47,10,1,kij,5.899229,22.75174061,0,true,20260809
slm,64,512,2048,4849664,131072,47,11,0,ikj,9.639389,13.92388335,0,true,20260809
slm,64,512,2048,4849664,131072,47,11,1,kij,5.892949,22.77598669,0,true,20260809
slm,64,512,2048,4849664,131072,47,12,0,ikj,9.669344,13.88074806,0,true,20260809
slm,64,512,2048,4849664,131072,47,12,1,kij,5.905789,22.72646855,0,true,20260809
slm,64,512,2048,4849664,131072,47,13,0,ikj,9.638938,13.92453484,0,true,20260809
slm,64,512,2048,4849664,131072,47,13,1,kij,5.902624,22.73865454,0,true,20260809
slm,64,512,2048,4849664,131072,47,14,0,kij,5.922114,22.66382039,0,true,20260809
slm,64,512,2048,4849664,131072,47,14,1,ikj,9.628072,13.94024972,0,true,20260809
slm,64,512,2048,4849664,131072,47,15,0,kij,5.902814,22.73792262,0,true,20260809
slm,64,512,2048,4849664,131072,47,15,1,ikj,9.649615,13.90912777,0,true,20260809
slm,64,512,2048,4849664,131072,47,16,0,ikj,9.616654,13.95680119,0,true,20260809
slm,64,512,2048,4849664,131072,47,16,1,kij,5.903766,22.73425607,0,true,20260809
slm,64,512,2048,4849664,131072,47,17,0,kij,5.894521,22.7699126,0,true,20260809
slm,64,512,2048,4849664,131072,47,17,1,ikj,9.642814,13.91893777,0,true,20260809
slm,64,512,2048,4849664,131072,47,18,0,kij,5.908222,22.71710982,0,true,20260809
slm,64,512,2048,4849664,131072,47,18,1,ikj,9.63371,13.93209137,0,true,20260809
slm,64,512,2048,4849664,131072,47,19,0,kij,5.894201,22.7711488,0,true,20260809
slm,64,512,2048,4849664,131072,47,19,1,ikj,9.627862,13.94055378,0,true,20260809
slm,64,512,8192,19005440,131072,11,0,0,kij,23.786751,22.57016572,0,true,20260809
slm,64,512,8192,19005440,131072,11,0,1,ikj,20.509011,26.17731845,0,true,20260809
slm,64,512,8192,19005440,131072,11,1,0,ikj,20.513147,26.1720404,0,true,20260809
slm,64,512,8192,19005440,131072,11,1,1,kij,23.847723,22.51246008,0,true,20260809
slm,64,512,8192,19005440,131072,11,2,0,ikj,20.540999,26.13655314,0,true,20260809
slm,64,512,8192,19005440,131072,11,2,1,kij,23.855656,22.50497375,0,true,20260809
slm,64,512,8192,19005440,131072,11,3,0,kij,23.938561,22.4270336,0,true,20260809
slm,64,512,8192,19005440,131072,11,3,1,ikj,20.508069,26.17852085,0,true,20260809
slm,64,512,8192,19005440,131072,11,4,0,ikj,20.512466,26.17290929,0,true,20260809
slm,64,512,8192,19005440,131072,11,4,1,kij,23.916678,22.44755363,0,true,20260809
slm,64,512,8192,19005440,131072,11,5,0,ikj,20.512235,26.17320404,0,true,20260809
slm,64,512,8192,19005440,131072,11,5,1,kij,23.824288,22.53460469,0,true,20260809
slm,64,512,8192,19005440,131072,11,6,0,kij,23.915106,22.44902916,0,true,20260809
slm,64,512,8192,19005440,131072,11,6,1,ikj,20.50207,26.18618081,0,true,20260809
slm,64,512,8192,19005440,131072,11,7,0,kij,23.867163,22.4941235,0,true,20260809
slm,64,512,8192,19005440,131072,11,7,1,ikj,20.532527,26.14733744,0,true,20260809
slm,64,512,8192,19005440,131072,11,8,0,kij,23.895827,22.46714089,0,true,20260809
slm,64,512,8192,19005440,131072,11,8,1,ikj,20.512125,26.1733444,0,true,20260809
slm,64,512,8192,19005440,131072,11,9,0,ikj,20.552677,26.12170239,0,true,20260809
slm,64,512,8192,19005440,131072,11,9,1,kij,23.795945,22.56144532,0,true,20260809
slm,64,512,8192,19005440,131072,11,10,0,kij,23.902025,22.46131497,0,true,20260809
slm,64,512,8192,19005440,131072,11,10,1,ikj,20.538956,26.13915293,0,true,20260809
slm,64,512,8192,19005440,131072,11,11,0,kij,23.899091,22.46407246,0,true,20260809
slm,64,512,8192,19005440,131072,11,11,1,ikj,20.514619,26.17016246,0,true,20260809
slm,64,512,8192,19005440,131072,11,12,0,ikj,20.512395,26.17299989,0,true,20260809
slm,64,512,8192,19005440,131072,11,12,1,kij,23.851159,22.50921693,0,true,20260809
slm,64,512,8192,19005440,131072,11,13,0,kij,23.905761,22.45780471,0,true,20260809
slm,64,512,8192,19005440,131072,11,13,1,ikj,20.504674,26.18285528,0,true,20260809
slm,64,512,8192,19005440,131072,11,14,0,kij,23.859371,22.50146963,0,true,20260809
slm,64,512,8192,19005440,131072,11,14,1,ikj,20.51517,26.16945958,0,true,20260809
slm,64,512,8192,19005440,131072,11,15,0,ikj,20.508479,26.1779975,0,true,20260809
slm,64,512,8192,19005440,131072,11,15,1,kij,23.994575,22.37467894,0,true,20260809
slm,64,512,8192,19005440,131072,11,16,0,ikj,20.577254,26.09050323,0,true,20260809
slm,64,512,8192,19005440,131072,11,16,1,kij,23.819901,22.53875497,0,true,20260809
slm,64,512,8192,19005440,131072,11,17,0,ikj,20.526967,26.15441979,0,true,20260809
slm,64,512,8192,19005440,131072,11,17,1,kij,23.766571,22.58932986,0,true,20260809
slm,64,512,8192,19005440,131072,11,18,0,ikj,20.525805,26.15590044,0,true,20260809
slm,64,512,8192,19005440,131072,11,18,1,kij,23.880924,22.48116162,0,true,20260809
slm,64,512,8192,19005440,131072,11,19,0,kij,23.931671,22.43349042,0,true,20260809
slm,64,512,8192,19005440,131072,11,19,1,ikj,20.50879,26.17760053,0,true,20260809
slm,64,512,8192,19005440,131072,29,0,0,kij,23.83929,22.52042372,0,true,20260809
slm,64,512,8192,19005440,131072,29,0,1,ikj,20.529262,26.15149595,0,true,20260809
slm,64,512,8192,19005440,131072,29,1,0,ikj,20.501579,26.18680795,0,true,20260809
slm,64,512,8192,19005440,131072,29,1,1,kij,23.882326,22.47984187,0,true,20260809
slm,64,512,8192,19005440,131072,29,2,0,ikj,20.518745,26.16490005,0,true,20260809
slm,64,512,8192,19005440,131072,29,2,1,kij,23.862285,22.49872181,0,true,20260809
slm,64,512,8192,19005440,131072,29,3,0,kij,23.91116,22.45273387,0,true,20260809
slm,64,512,8192,19005440,131072,29,3,1,ikj,20.507468,26.17928805,0,true,20260809
slm,64,512,8192,19005440,131072,29,4,0,kij,23.874334,22.48736706,0,true,20260809
slm,64,512,8192,19005440,131072,29,4,1,ikj,20.511534,26.17409853,0,true,20260809
slm,64,512,8192,19005440,131072,29,5,0,ikj,20.501208,26.18728184,0,true,20260809
slm,64,512,8192,19005440,131072,29,5,1,kij,23.858229,22.50254669,0,true,20260809
slm,64,512,8192,19005440,131072,29,6,0,kij,23.965191,22.4021128,0,true,20260809
slm,64,512,8192,19005440,131072,29,6,1,ikj,20.513567,26.17150455,0,true,20260809
slm,64,512,8192,19005440,131072,29,7,0,ikj,20.507338,26.17945401,0,true,20260809
slm,64,512,8192,19005440,131072,29,7,1,kij,23.83885,22.52083939,0,true,20260809
slm,64,512,8192,19005440,131072,29,8,0,kij,23.864669,22.49647426,0,true,20260809
slm,64,512,8192,19005440,131072,29,8,1,ikj,20.535561,26.14347434,0,true,20260809
slm,64,512,8192,19005440,131072,29,9,0,kij,23.842356,22.51752771,0,true,20260809
slm,64,512,8192,19005440,131072,29,9,1,ikj,20.609723,26.04939969,0,true,20260809
slm,64,512,8192,19005440,131072,29,10,0,ikj,20.510733,26.1751207,0,true,20260809
slm,64,512,8192,19005440,131072,29,10,1,kij,23.837639,22.52198349,0,true,20260809
slm,64,512,8192,19005440,131072,29,11,0,ikj,20.516071,26.1683103,0,true,20260809
slm,64,512,8192,19005440,131072,29,11,1,kij,23.838079,22.52156778,0,true,20260809
slm,64,512,8192,19005440,131072,29,12,0,ikj,20.50887,26.17749842,0,true,20260809
slm,64,512,8192,19005440,131072,29,12,1,kij,23.850338,22.50999177,0,true,20260809
slm,64,512,8192,19005440,131072,29,13,0,ikj,20.521479,26.16141419,0,true,20260809
slm,64,512,8192,19005440,131072,29,13,1,kij,23.910108,22.45372175,0,true,20260809
slm,64,512,8192,19005440,131072,29,14,0,kij,23.895105,22.46781975,0,true,20260809
slm,64,512,8192,19005440,131072,29,14,1,ikj,20.648683,26.0002496,0,true,20260809
slm,64,512,8192,19005440,131072,29,15,0,ikj,20.508159,26.17840597,0,true,20260809
slm,64,512,8192,19005440,131072,29,15,1,kij,23.832,22.52731252,0,true,20260809
slm,64,512,8192,19005440,131072,29,16,0,ikj,20.576172,26.0918752,0,true,20260809
slm,64,512,8192,19005440,131072,29,16,1,kij,23.889857,22.47275536,0,true,20260809
slm,64,512,8192,19005440,131072,29,17,0,kij,23.861004,22.49992968,0,true,20260809
slm,64,512,8192,19005440,131072,29,17,1,ikj,20.498595,26.19061999,0,true,20260809
slm,64,512,8192,19005440,131072,29,18,0,ikj,20.551154,26.12363822,0,true,20260809
slm,64,512,8192,19005440,131072,29,18,1,kij,23.87837,22.48356617,0,true,20260809
slm,64,512,8192,19005440,131072,29,19,0,kij,23.882637,22.47954914,0,true,20260809
slm,64,512,8192,19005440,131072,29,19,1,ikj,20.517843,26.1660503,0,true,20260809
slm,64,512,8192,19005440,131072,47,0,0,ikj,20.515801,26.16865469,0,true,20260809
slm,64,512,8192,19005440,131072,47,0,1,kij,23.866132,22.49509523,0,true,20260809
slm,64,512,8192,19005440,131072,47,1,0,ikj,20.513818,26.17118432,0,true,20260809
slm,64,512,8192,19005440,131072,47,1,1,kij,23.925171,22.43958515,0,true,20260809
slm,64,512,8192,19005440,131072,47,2,0,kij,23.933663,22.43162327,0,true,20260809
slm,64,512,8192,19005440,131072,47,2,1,ikj,20.528239,26.15279918,0,true,20260809
slm,64,512,8192,19005440,131072,47,3,0,ikj,20.515671,26.16882051,0,true,20260809
slm,64,512,8192,19005440,131072,47,3,1,kij,23.894715,22.46818646,0,true,20260809
slm,64,512,8192,19005440,131072,47,4,0,kij,23.86517,22.496002,0,true,20260809
slm,64,512,8192,19005440,131072,47,4,1,ikj,20.557594,26.11545456,0,true,20260809
slm,64,512,8192,19005440,131072,47,5,0,kij,23.862736,22.49829659,0,true,20260809
slm,64,512,8192,19005440,131072,47,5,1,ikj,20.516231,26.16810622,0,true,20260809
slm,64,512,8192,19005440,131072,47,6,0,kij,23.869066,22.49233011,0,true,20260809
slm,64,512,8192,19005440,131072,47,6,1,ikj,20.530633,26.1497496,0,true,20260809
slm,64,512,8192,19005440,131072,47,7,0,kij,23.840953,22.51885283,0,true,20260809
slm,64,512,8192,19005440,131072,47,7,1,ikj,20.518995,26.16458126,0,true,20260809
slm,64,512,8192,19005440,131072,47,8,0,kij,23.830668,22.52857167,0,true,20260809
slm,64,512,8192,19005440,131072,47,8,1,ikj,20.511675,26.17391861,0,true,20260809
slm,64,512,8192,19005440,131072,47,9,0,kij,23.927354,22.43753789,0,true,20260809
slm,64,512,8192,19005440,131072,47,9,1,ikj,20.518615,26.16506582,0,true,20260809
slm,64,512,8192,19005440,131072,47,10,0,ikj,20.512555,26.17279573,0,true,20260809
slm,64,512,8192,19005440,131072,47,10,1,kij,23.887404,22.47506309,0,true,20260809
slm,64,512,8192,19005440,131072,47,11,0,ikj,20.50891,26.17744736,0,true,20260809
slm,64,512,8192,19005440,131072,47,11,1,kij,23.929698,22.43534005,0,true,20260809
slm,64,512,8192,19005440,131072,47,12,0,kij,24.004601,22.36533371,0,true,20260809
slm,64,512,8192,19005440,131072,47,12,1,ikj,20.508359,26.17815068,0,true,20260809
slm,64,512,8192,19005440,131072,47,13,0,kij,23.909647,22.45415468,0,true,20260809
slm,64,512,8192,19005440,131072,47,13,1,ikj,20.605096,26.05524925,0,true,20260809
slm,64,512,8192,19005440,131072,47,14,0,ikj,20.509081,26.1772291,0,true,20260809
slm,64,512,8192,19005440,131072,47,14,1,kij,23.873282,22.48835799,0,true,20260809
slm,64,512,8192,19005440,131072,47,15,0,kij,23.866872,22.49439776,0,true,20260809
slm,64,512,8192,19005440,131072,47,15,1,ikj,20.512906,26.17234789,0,true,20260809
slm,64,512,8192,19005440,131072,47,16,0,ikj,20.522521,26.16008589,0,true,20260809
slm,64,512,8192,19005440,131072,47,16,1,kij,23.875376,22.48638564,0,true,20260809
slm,64,512,8192,19005440,131072,47,17,0,kij,23.914795,22.4493211,0,true,20260809
slm,64,512,8192,19005440,131072,47,17,1,ikj,20.525476,26.15631969,0,true,20260809
slm,64,512,8192,19005440,131072,47,18,0,ikj,20.503832,26.1839305,0,true,20260809
slm,64,512,8192,19005440,131072,47,18,1,kij,23.920994,22.44350348,0,true,20260809
slm,64,512,8192,19005440,131072,47,19,0,kij,23.909527,22.45426737,0,true,20260809
slm,64,512,8192,19005440,131072,47,19,1,ikj,20.500047,26.18876493,0,true,20260809
slm,64,512,16384,37879808,131072,11,0,0,kij,54.315737,19.76852167,0,true,20260809
slm,64,512,16384,37879808,131072,11,0,1,ikj,40.999382,26.18921973,0,true,20260809
slm,64,512,16384,37879808,131072,11,1,0,kij,54.217358,19.80439224,0,true,20260809
slm,64,512,16384,37879808,131072,11,1,1,ikj,40.968335,26.20906669,0,true,20260809
slm,64,512,16384,37879808,131072,11,2,0,ikj,41.000194,26.18870106,0,true,20260809
slm,64,512,16384,37879808,131072,11,2,1,kij,54.208115,19.80776908,0,true,20260809
slm,64,512,16384,37879808,131072,11,3,0,kij,54.367135,19.74983276,0,true,20260809
slm,64,512,16384,37879808,131072,11,3,1,ikj,41.003579,26.18653908,0,true,20260809
slm,64,512,16384,37879808,131072,11,4,0,kij,54.315636,19.76855843,0,true,20260809
slm,64,512,16384,37879808,131072,11,4,1,ikj,41.049388,26.15731626,0,true,20260809
slm,64,512,16384,37879808,131072,11,5,0,ikj,41.083801,26.13540612,0,true,20260809
slm,64,512,16384,37879808,131072,11,5,1,kij,54.287864,19.77867142,0,true,20260809
slm,64,512,16384,37879808,131072,11,6,0,ikj,41.088176,26.13262326,0,true,20260809
slm,64,512,16384,37879808,131072,11,6,1,kij,54.17263,19.82074387,0,true,20260809
slm,64,512,16384,37879808,131072,11,7,0,ikj,40.989057,26.1958167,0,true,20260809
slm,64,512,16384,37879808,131072,11,7,1,kij,54.222086,19.80266536,0,true,20260809
slm,64,512,16384,37879808,131072,11,8,0,kij,54.391852,19.74085795,0,true,20260809
slm,64,512,16384,37879808,131072,11,8,1,ikj,40.994315,26.19245678,0,true,20260809
slm,64,512,16384,37879808,131072,11,9,0,ikj,40.976518,26.20383274,0,true,20260809
slm,64,512,16384,37879808,131072,11,9,1,kij,54.204819,19.80897352,0,true,20260809
slm,64,512,16384,37879808,131072,11,10,0,ikj,41.021926,26.17482719,0,true,20260809
slm,64,512,16384,37879808,131072,11,10,1,kij,54.259712,19.78893334,0,true,20260809
slm,64,512,16384,37879808,131072,11,11,0,ikj,41.014435,26.17960784,0,true,20260809
slm,64,512,16384,37879808,131072,11,11,1,kij,54.263568,19.78752713,0,true,20260809
slm,64,512,16384,37879808,131072,11,12,0,kij,54.369959,19.74880695,0,true,20260809
slm,64,512,16384,37879808,131072,11,12,1,ikj,41.074667,26.14121799,0,true,20260809
slm,64,512,16384,37879808,131072,11,13,0,kij,54.247393,19.7934272,0,true,20260809
slm,64,512,16384,37879808,131072,11,13,1,ikj,41.000805,26.18831079,0,true,20260809
slm,64,512,16384,37879808,131072,11,14,0,kij,54.235114,19.79790849,0,true,20260809
slm,64,512,16384,37879808,131072,11,14,1,ikj,41.005052,26.1855984,0,true,20260809
slm,64,512,16384,37879808,131072,11,15,0,kij,54.35741,19.75336617,0,true,20260809
slm,64,512,16384,37879808,131072,11,15,1,ikj,41.034817,26.16660442,0,true,20260809
slm,64,512,16384,37879808,131072,11,16,0,ikj,40.961626,26.2133594,0,true,20260809
slm,64,512,16384,37879808,131072,11,16,1,kij,54.322467,19.76607255,0,true,20260809
slm,64,512,16384,37879808,131072,11,17,0,kij,54.398762,19.73835037,0,true,20260809
slm,64,512,16384,37879808,131072,11,17,1,ikj,40.980353,26.20138055,0,true,20260809
slm,64,512,16384,37879808,131072,11,18,0,ikj,40.971831,26.20683035,0,true,20260809
slm,64,512,16384,37879808,131072,11,18,1,kij,54.2785,19.78208359,0,true,20260809
slm,64,512,16384,37879808,131072,11,19,0,ikj,41.038322,26.16436959,0,true,20260809
slm,64,512,16384,37879808,131072,11,19,1,kij,54.242746,19.79512291,0,true,20260809
slm,64,512,16384,37879808,131072,29,0,0,kij,54.194714,19.81266704,0,true,20260809
slm,64,512,16384,37879808,131072,29,0,1,ikj,40.995277,26.19184215,0,true,20260809
slm,64,512,16384,37879808,131072,29,1,0,ikj,40.972772,26.20622847,0,true,20260809
slm,64,512,16384,37879808,131072,29,1,1,kij,54.263248,19.78764382,0,true,20260809
slm,64,512,16384,37879808,131072,29,2,0,kij,54.40351,19.73662773,0,true,20260809
slm,64,512,16384,37879808,131072,29,2,1,ikj,41.043439,26.1611076,0,true,20260809
slm,64,512,16384,37879808,131072,29,3,0,ikj,41.019653,26.1762776,0,true,20260809
slm,64,512,16384,37879808,131072,29,3,1,kij,54.288366,19.77848853,0,true,20260809
slm,64,512,16384,37879808,131072,29,4,0,kij,54.435518,19.72502262,0,true,20260809
slm,64,512,16384,37879808,131072,29,4,1,ikj,41.084021,26.13526617,0,true,20260809
slm,64,512,16384,37879808,131072,29,5,0,ikj,41.07062,26.14379388,0,true,20260809
slm,64,512,16384,37879808,131072,29,5,1,kij,54.284319,19.77996305,0,true,20260809
slm,64,512,16384,37879808,131072,29,6,0,kij,54.401186,19.73747087,0,true,20260809
slm,64,512,16384,37879808,131072,29,6,1,ikj,41.012622,26.18076513,0,true,20260809
slm,64,512,16384,37879808,131072,29,7,0,ikj,41.018892,26.17676323,0,true,20260809
slm,64,512,16384,37879808,131072,29,7,1,kij,54.220993,19.80306454,0,true,20260809
slm,64,512,16384,37879808,131072,29,8,0,kij,54.425593,19.72861966,0,true,20260809
slm,64,512,16384,37879808,131072,29,8,1,ikj,41.046264,26.15930707,0,true,20260809
slm,64,512,16384,37879808,131072,29,9,0,ikj,41.051491,26.15597626,0,true,20260809
slm,64,512,16384,37879808,131072,29,9,1,kij,54.251219,19.79203129,0,true,20260809
slm,64,512,16384,37879808,131072,29,10,0,kij,54.387395,19.7424757,0,true,20260809
slm,64,512,16384,37879808,131072,29,10,1,ikj,40.989127,26.19577197,0,true,20260809
slm,64,512,16384,37879808,131072,29,11,0,kij,54.219862,19.80347763,0,true,20260809
slm,64,512,16384,37879808,131072,29,11,1,ikj,41.093565,26.12919624,0,true,20260809
slm,64,512,16384,37879808,131072,29,12,0,kij,54.268425,19.78575616,0,true,20260809
slm,64,512,16384,37879808,131072,29,12,1,ikj,41.086053,26.13397359,0,true,20260809
slm,64,512,16384,37879808,131072,29,13,0,kij,54.247434,19.79341224,0,true,20260809
slm,64,512,16384,37879808,131072,29,13,1,ikj,40.995756,26.19153612,0,true,20260809
slm,64,512,16384,37879808,131072,29,14,0,ikj,40.977389,26.20327576,0,true,20260809
slm,64,512,16384,37879808,131072,29,14,1,kij,54.255696,19.79039812,0,true,20260809
slm,64,512,16384,37879808,131072,29,15,0,ikj,41.065141,26.14728205,0,true,20260809
slm,64,512,16384,37879808,131072,29,15,1,kij,54.236507,19.79740001,0,true,20260809
slm,64,512,16384,37879808,131072,29,16,0,kij,54.352733,19.75506593,0,true,20260809
slm,64,512,16384,37879808,131072,29,16,1,ikj,40.982546,26.1999785,0,true,20260809
slm,64,512,16384,37879808,131072,29,17,0,ikj,41.082167,26.13644563,0,true,20260809
slm,64,512,16384,37879808,131072,29,17,1,kij,54.217198,19.80445068,0,true,20260809
slm,64,512,16384,37879808,131072,29,18,0,ikj,40.993914,26.192713,0,true,20260809
slm,64,512,16384,37879808,131072,29,18,1,kij,54.218109,19.80411792,0,true,20260809
slm,64,512,16384,37879808,131072,29,19,0,kij,54.350369,19.75592519,0,true,20260809
slm,64,512,16384,37879808,131072,29,19,1,ikj,41.001966,26.18756925,0,true,20260809
slm,64,512,16384,37879808,131072,47,0,0,ikj,41.011762,26.18131413,0,true,20260809
slm,64,512,16384,37879808,131072,47,0,1,kij,54.262626,19.78787064,0,true,20260809
slm,64,512,16384,37879808,131072,47,1,0,kij,54.408687,19.73474978,0,true,20260809
slm,64,512,16384,37879808,131072,47,1,1,ikj,41.039973,26.16331702,0,true,20260809
slm,64,512,16384,37879808,131072,47,2,0,ikj,40.965181,26.21108458,0,true,20260809
slm,64,512,16384,37879808,131072,47,2,1,kij,54.296337,19.77558493,0,true,20260809
slm,64,512,16384,37879808,131072,47,3,0,kij,54.378783,19.74560232,0,true,20260809
slm,64,512,16384,37879808,131072,47,3,1,ikj,40.988937,26.19589339,0,true,20260809
slm,64,512,16384,37879808,131072,47,4,0,ikj,40.99104,26.19454944,0,true,20260809
slm,64,512,16384,37879808,131072,47,4,1,kij,54.253522,19.79119114,0,true,20260809
slm,64,512,16384,37879808,131072,47,5,0,ikj,41.001105,26.18811917,0,true,20260809
slm,64,512,16384,37879808,131072,47,5,1,kij,54.275176,19.78329511,0,true,20260809
slm,64,512,16384,37879808,131072,47,6,0,kij,54.389278,19.7417922,0,true,20260809
slm,64,512,16384,37879808,131072,47,6,1,ikj,40.990309,26.19501658,0,true,20260809
slm,64,512,16384,37879808,131072,47,7,0,ikj,40.984279,26.19887065,0,true,20260809
slm,64,512,16384,37879808,131072,47,7,1,kij,54.276187,19.78292661,0,true,20260809
slm,64,512,16384,37879808,131072,47,8,0,ikj,41.003849,26.18636665,0,true,20260809
slm,64,512,16384,37879808,131072,47,8,1,kij,54.325902,19.76482275,0,true,20260809
slm,64,512,16384,37879808,131072,47,9,0,ikj,40.98477,26.19855678,0,true,20260809
slm,64,512,16384,37879808,131072,47,9,1,kij,54.267604,19.78605549,0,true,20260809
slm,64,512,16384,37879808,131072,47,10,0,ikj,41.073856,26.14173415,0,true,20260809
slm,64,512,16384,37879808,131072,47,10,1,kij,54.347915,19.75681724,0,true,20260809
slm,64,512,16384,37879808,131072,47,11,0,kij,54.357159,19.75345739,0,true,20260809
slm,64,512,16384,37879808,131072,47,11,1,ikj,41.019973,26.1760734,0,true,20260809
slm,64,512,16384,37879808,131072,47,12,0,ikj,41.070671,26.14376142,0,true,20260809
slm,64,512,16384,37879808,131072,47,12,1,kij,54.227974,19.80051521,0,true,20260809
slm,64,512,16384,37879808,131072,47,13,0,ikj,41.02467,26.17307644,0,true,20260809
slm,64,512,16384,37879808,131072,47,13,1,kij,54.352743,19.7550623,0,true,20260809
slm,64,512,16384,37879808,131072,47,14,0,kij,54.372663,19.74782482,0,true,20260809
slm,64,512,16384,37879808,131072,47,14,1,ikj,41.042929,26.16143268,0,true,20260809
slm,64,512,16384,37879808,131072,47,15,0,kij,54.286583,19.77913813,0,true,20260809
slm,64,512,16384,37879808,131072,47,15,1,ikj,41.061226,26.14977507,0,true,20260809
slm,64,512,16384,37879808,131072,47,16,0,ikj,40.982207,26.20019522,0,true,20260809
slm,64,512,16384,37879808,131072,47,16,1,kij,54.307715,19.77144176,0,true,20260809
slm,64,512,16384,37879808,131072,47,17,0,ikj,40.992332,26.19372384,0,true,20260809
slm,64,512,16384,37879808,131072,47,17,1,kij,54.297128,19.77529684,0,true,20260809
slm,64,512,16384,37879808,131072,47,18,0,ikj,41.008146,26.18362274,0,true,20260809
slm,64,512,16384,37879808,131072,47,18,1,kij,54.383089,19.74403889,0,true,20260809
slm,64,512,16384,37879808,131072,47,19,0,ikj,40.981666,26.20054109,0,true,20260809
slm,64,512,16384,37879808,131072,47,19,1,kij,54.249137,19.79279088,0,true,20260809
llm,128,1,128,66560,512,11,0,0,ikj,0.002775,11.80828829,0,true,20260809
llm,128,1,128,66560,512,11,0,1,kij,0.002764,11.8552822,0,true,20260809
llm,128,1,128,66560,512,11,1,0,ikj,0.002755,11.89401089,0,true,20260809
llm,128,1,128,66560,512,11,1,1,kij,0.002764,11.8552822,0,true,20260809
llm,128,1,128,66560,512,11,2,0,kij,0.002764,11.8552822,0,true,20260809
llm,128,1,128,66560,512,11,2,1,ikj,0.002724,12.02936858,0,true,20260809
llm,128,1,128,66560,512,11,3,0,ikj,0.002744,11.94169096,0,true,20260809
llm,128,1,128,66560,512,11,3,1,kij,0.002774,11.81254506,0,true,20260809
llm,128,1,128,66560,512,11,4,0,ikj,0.002744,11.94169096,0,true,20260809
llm,128,1,128,66560,512,11,4,1,kij,0.002774,11.81254506,0,true,20260809
llm,128,1,128,66560,512,11,5,0,kij,0.002775,11.80828829,0,true,20260809
llm,128,1,128,66560,512,11,5,1,ikj,0.002744,11.94169096,0,true,20260809
llm,128,1,128,66560,512,11,6,0,ikj,0.002744,11.94169096,0,true,20260809
llm,128,1,128,66560,512,11,6,1,kij,0.002754,11.8983297,0,true,20260809
llm,128,1,128,66560,512,11,7,0,kij,0.002794,11.72798855,0,true,20260809
llm,128,1,128,66560,512,11,7,1,ikj,0.002774,11.81254506,0,true,20260809
llm,128,1,128,66560,512,11,8,0,kij,0.002794,11.72798855,0,true,20260809
llm,128,1,128,66560,512,11,8,1,ikj,0.002744,11.94169096,0,true,20260809
llm,128,1,128,66560,512,11,9,0,ikj,0.002755,11.89401089,0,true,20260809
llm,128,1,128,66560,512,11,9,1,kij,0.002784,11.77011494,0,true,20260809
llm,128,1,128,66560,512,11,10,0,kij,0.002764,11.8552822,0,true,20260809
llm,128,1,128,66560,512,11,10,1,ikj,0.002754,11.8983297,0,true,20260809
llm,128,1,128,66560,512,11,11,0,kij,0.002744,11.94169096,0,true,20260809
llm,128,1,128,66560,512,11,11,1,ikj,0.002764,11.8552822,0,true,20260809
llm,128,1,128,66560,512,11,12,0,ikj,0.002735,11.9809872,0,true,20260809
llm,128,1,128,66560,512,11,12,1,kij,0.002764,11.8552822,0,true,20260809
llm,128,1,128,66560,512,11,13,0,ikj,0.002764,11.8552822,0,true,20260809
llm,128,1,128,66560,512,11,13,1,kij,0.002784,11.77011494,0,true,20260809
llm,128,1,128,66560,512,11,14,0,kij,0.002824,11.60339943,0,true,20260809
llm,128,1,128,66560,512,11,14,1,ikj,0.002744,11.94169096,0,true,20260809
llm,128,1,128,66560,512,11,15,0,ikj,0.002784,11.77011494,0,true,20260809
llm,128,1,128,66560,512,11,15,1,kij,0.002805,11.68199643,0,true,20260809
llm,128,1,128,66560,512,11,16,0,kij,0.002785,11.76588869,0,true,20260809
llm,128,1,128,66560,512,11,16,1,ikj,0.002724,12.02936858,0,true,20260809
llm,128,1,128,66560,512,11,17,0,ikj,0.002744,11.94169096,0,true,20260809
llm,128,1,128,66560,512,11,17,1,kij,0.002845,11.51775044,0,true,20260809
llm,128,1,128,66560,512,11,18,0,kij,0.002815,11.64049734,0,true,20260809
llm,128,1,128,66560,512,11,18,1,ikj,0.002804,11.68616262,0,true,20260809
llm,128,1,128,66560,512,11,19,0,kij,0.002804,11.68616262,0,true,20260809
llm,128,1,128,66560,512,11,19,1,ikj,0.002764,11.8552822,0,true,20260809
llm,128,1,128,66560,512,29,0,0,kij,0.002785,11.76588869,0,true,20260809
llm,128,1,128,66560,512,29,0,1,ikj,0.002714,12.07369197,0,true,20260809
llm,128,1,128,66560,512,29,1,0,ikj,0.002784,11.77011494,0,true,20260809
llm,128,1,128,66560,512,29,1,1,kij,0.002774,11.81254506,0,true,20260809
llm,128,1,128,66560,512,29,2,0,ikj,0.002754,11.8983297,0,true,20260809
llm,128,1,128,66560,512,29,2,1,kij,0.002804,11.68616262,0,true,20260809
llm,128,1,128,66560,512,29,3,0,kij,0.002784,11.77011494,0,true,20260809
llm,128,1,128,66560,512,29,3,1,ikj,0.002755,11.89401089,0,true,20260809
llm,128,1,128,66560,512,29,4,0,ikj,0.002764,11.8552822,0,true,20260809
llm,128,1,128,66560,512,29,4,1,kij,0.002784,11.77011494,0,true,20260809
llm,128,1,128,66560,512,29,5,0,kij,0.002764,11.8552822,0,true,20260809
llm,128,1,128,66560,512,29,5,1,ikj,0.002744,11.94169096,0,true,20260809
llm,128,1,128,66560,512,29,6,0,kij,0.002774,11.81254506,0,true,20260809
llm,128,1,128,66560,512,29,6,1,ikj,0.002784,11.77011494,0,true,20260809
llm,128,1,128,66560,512,29,7,0,ikj,0.002745,11.93734062,0,true,20260809
llm,128,1,128,66560,512,29,7,1,kij,0.002814,11.64463397,0,true,20260809
llm,128,1,128,66560,512,29,8,0,kij,0.002754,11.8983297,0,true,20260809
llm,128,1,128,66560,512,29,8,1,ikj,0.002744,11.94169096,0,true,20260809
llm,128,1,128,66560,512,29,9,0,ikj,0.002754,11.8983297,0,true,20260809
llm,128,1,128,66560,512,29,9,1,kij,0.002794,11.72798855,0,true,20260809
llm,128,1,128,66560,512,29,10,0,kij,0.002764,11.8552822,0,true,20260809
llm,128,1,128,66560,512,29,10,1,ikj,0.002795,11.72379249,0,true,20260809
llm,128,1,128,66560,512,29,11,0,ikj,0.002774,11.81254506,0,true,20260809
llm,128,1,128,66560,512,29,11,1,kij,0.002834,11.56245589,0,true,20260809
llm,128,1,128,66560,512,29,12,0,ikj,0.002804,11.68616262,0,true,20260809
llm,128,1,128,66560,512,29,12,1,kij,0.002804,11.68616262,0,true,20260809
llm,128,1,128,66560,512,29,13,0,kij,0.002795,11.72379249,0,true,20260809
llm,128,1,128,66560,512,29,13,1,ikj,0.002815,11.64049734,0,true,20260809
llm,128,1,128,66560,512,29,14,0,ikj,0.002794,11.72798855,0,true,20260809
llm,128,1,128,66560,512,29,14,1,kij,0.002804,11.68616262,0,true,20260809
llm,128,1,128,66560,512,29,15,0,ikj,0.002794,11.72798855,0,true,20260809
llm,128,1,128,66560,512,29,15,1,kij,0.002824,11.60339943,0,true,20260809
llm,128,1,128,66560,512,29,16,0,kij,0.002814,11.64463397,0,true,20260809
llm,128,1,128,66560,512,29,16,1,ikj,0.002794,11.72798855,0,true,20260809
llm,128,1,128,66560,512,29,17,0,kij,0.002774,11.81254506,0,true,20260809
llm,128,1,128,66560,512,29,17,1,ikj,0.002784,11.77011494,0,true,20260809
llm,128,1,128,66560,512,29,18,0,kij,0.002795,11.72379249,0,true,20260809
llm,128,1,128,66560,512,29,18,1,ikj,0.002785,11.76588869,0,true,20260809
llm,128,1,128,66560,512,29,19,0,kij,0.002794,11.72798855,0,true,20260809
llm,128,1,128,66560,512,29,19,1,ikj,0.002804,11.68616262,0,true,20260809
llm,128,1,128,66560,512,47,0,0,kij,0.002784,11.77011494,0,true,20260809
llm,128,1,128,66560,512,47,0,1,ikj,0.002764,11.8552822,0,true,20260809
llm,128,1,128,66560,512,47,1,0,ikj,0.002774,11.81254506,0,true,20260809
llm,128,1,128,66560,512,47,1,1,kij,0.002824,11.60339943,0,true,20260809
llm,128,1,128,66560,512,47,2,0,ikj,0.002764,11.8552822,0,true,20260809
llm,128,1,128,66560,512,47,2,1,kij,0.002775,11.80828829,0,true,20260809
llm,128,1,128,66560,512,47,3,0,ikj,0.002734,11.98536942,0,true,20260809
llm,128,1,128,66560,512,47,3,1,kij,0.002794,11.72798855,0,true,20260809
llm,128,1,128,66560,512,47,4,0,kij,0.002814,11.64463397,0,true,20260809
llm,128,1,128,66560,512,47,4,1,ikj,0.002814,11.64463397,0,true,20260809
llm,128,1,128,66560,512,47,5,0,ikj,0.002845,11.51775044,0,true,20260809
llm,128,1,128,66560,512,47,5,1,kij,0.002795,11.72379249,0,true,20260809
llm,128,1,128,66560,512,47,6,0,kij,0.002795,11.72379249,0,true,20260809
llm,128,1,128,66560,512,47,6,1,ikj,0.002804,11.68616262,0,true,20260809
llm,128,1,128,66560,512,47,7,0,kij,0.002804,11.68616262,0,true,20260809
llm,128,1,128,66560,512,47,7,1,ikj,0.002804,11.68616262,0,true,20260809
llm,128,1,128,66560,512,47,8,0,kij,0.002794,11.72798855,0,true,20260809
llm,128,1,128,66560,512,47,8,1,ikj,0.002814,11.64463397,0,true,20260809
llm,128,1,128,66560,512,47,9,0,kij,0.002814,11.64463397,0,true,20260809
llm,128,1,128,66560,512,47,9,1,ikj,0.002774,11.81254506,0,true,20260809
llm,128,1,128,66560,512,47,10,0,ikj,0.002794,11.72798855,0,true,20260809
llm,128,1,128,66560,512,47,10,1,kij,0.002815,11.64049734,0,true,20260809
llm,128,1,128,66560,512,47,11,0,ikj,0.002825,11.59929204,0,true,20260809
llm,128,1,128,66560,512,47,11,1,kij,0.002765,11.85099458,0,true,20260809
llm,128,1,128,66560,512,47,12,0,kij,0.002835,11.55837743,0,true,20260809
llm,128,1,128,66560,512,47,12,1,ikj,0.002804,11.68616262,0,true,20260809
llm,128,1,128,66560,512,47,13,0,kij,0.002784,11.77011494,0,true,20260809
llm,128,1,128,66560,512,47,13,1,ikj,0.002794,11.72798855,0,true,20260809
llm,128,1,128,66560,512,47,14,0,ikj,0.002794,11.72798855,0,true,20260809
llm,128,1,128,66560,512,47,14,1,kij,0.002784,11.77011494,0,true,20260809
llm,128,1,128,66560,512,47,15,0,ikj,0.002814,11.64463397,0,true,20260809
llm,128,1,128,66560,512,47,15,1,kij,0.002794,11.72798855,0,true,20260809
llm,128,1,128,66560,512,47,16,0,ikj,0.002795,11.72379249,0,true,20260809
llm,128,1,128,66560,512,47,16,1,kij,0.002785,11.76588869,0,true,20260809
llm,128,1,128,66560,512,47,17,0,kij,0.002804,11.68616262,0,true,20260809
llm,128,1,128,66560,512,47,17,1,ikj,0.002765,11.85099458,0,true,20260809
llm,128,1,128,66560,512,47,18,0,kij,0.002804,11.68616262,0,true,20260809
llm,128,1,128,66560,512,47,18,1,ikj,0.002774,11.81254506,0,true,20260809
llm,128,1,128,66560,512,47,19,0,ikj,0.002814,11.64463397,0,true,20260809
llm,128,1,128,66560,512,47,19,1,kij,0.002784,11.77011494,0,true,20260809
llm,128,1,512,264704,512,11,0,0,kij,0.005528,23.7105644,0,true,20260809
llm,128,1,512,264704,512,11,0,1,ikj,0.005378,24.37188546,0,true,20260809
llm,128,1,512,264704,512,11,1,0,kij,0.005538,23.66775009,0,true,20260809
llm,128,1,512,264704,512,11,1,1,ikj,0.005378,24.37188546,0,true,20260809
llm,128,1,512,264704,512,11,2,0,kij,0.005468,23.97073884,0,true,20260809
llm,128,1,512,264704,512,11,2,1,ikj,0.005328,24.6006006,0,true,20260809
llm,128,1,512,264704,512,11,3,0,kij,0.005559,23.57834143,0,true,20260809
llm,128,1,512,264704,512,11,3,1,ikj,0.005339,24.54991571,0,true,20260809
llm,128,1,512,264704,512,11,4,0,kij,0.005579,23.4938161,0,true,20260809
llm,128,1,512,264704,512,11,4,1,ikj,0.005398,24.28158577,0,true,20260809
llm,128,1,512,264704,512,11,5,0,ikj,0.005358,24.46285928,0,true,20260809
llm,128,1,512,264704,512,11,5,1,kij,0.005458,24.01465738,0,true,20260809
llm,128,1,512,264704,512,11,6,0,ikj,0.005348,24.50860135,0,true,20260809
llm,128,1,512,264704,512,11,6,1,kij,0.005538,23.66775009,0,true,20260809
llm,128,1,512,264704,512,11,7,0,ikj,0.005318,24.64685972,0,true,20260809
llm,128,1,512,264704,512,11,7,1,kij,0.005529,23.706276,0,true,20260809
llm,128,1,512,264704,512,11,8,0,ikj,0.005449,24.05432189,0,true,20260809
llm,128,1,512,264704,512,11,8,1,kij,0.005519,23.74922993,0,true,20260809
llm,128,1,512,264704,512,11,9,0,ikj,0.005398,24.28158577,0,true,20260809
llm,128,1,512,264704,512,11,9,1,kij,0.005498,23.8399418,0,true,20260809
llm,128,1,512,264704,512,11,10,0,ikj,0.005358,24.46285928,0,true,20260809
llm,128,1,512,264704,512,11,10,1,kij,0.005518,23.75353389,0,true,20260809
llm,128,1,512,264704,512,11,11,0,ikj,0.005408,24.23668639,0,true,20260809
llm,128,1,512,264704,512,11,11,1,kij,0.005578,23.49802797,0,true,20260809
llm,128,1,512,264704,512,11,12,0,ikj,0.005388,24.32665182,0,true,20260809
llm,128,1,512,264704,512,11,12,1,kij,0.005518,23.75353389,0,true,20260809
llm,128,1,512,264704,512,11,13,0,kij,0.005508,23.7966594,0,true,20260809
llm,128,1,512,264704,512,11,13,1,ikj,0.005428,24.14738394,0,true,20260809
llm,128,1,512,264704,512,11,14,0,ikj,0.005369,24.4127398,0,true,20260809
llm,128,1,512,264704,512,11,14,1,kij,0.005569,23.53600287,0,true,20260809
llm,128,1,512,264704,512,11,15,0,ikj,0.005399,24.27708835,0,true,20260809
llm,128,1,512,264704,512,11,15,1,kij,0.005448,24.05873715,0,true,20260809
llm,128,1,512,264704,512,11,16,0,ikj,0.005338,24.5545148,0,true,20260809
llm,128,1,512,264704,512,11,16,1,kij,0.005508,23.7966594,0,true,20260809
llm,128,1,512,264704,512,11,17,0,kij,0.005558,23.58258366,0,true,20260809
llm,128,1,512,264704,512,11,17,1,ikj,0.005338,24.5545148,0,true,20260809
llm,128,1,512,264704,512,11,18,0,kij,0.005478,23.92698065,0,true,20260809
llm,128,1,512,264704,512,11,18,1,ikj,0.005388,24.32665182,0,true,20260809
llm,128,1,512,264704,512,11,19,0,ikj,0.005429,24.14293608,0,true,20260809
llm,128,1,512,264704,512,11,19,1,kij,0.005569,23.53600287,0,true,20260809
llm,128,1,512,264704,512,29,0,0,ikj,0.005268,24.88078967,0,true,20260809
llm,128,1,512,264704,512,29,0,1,kij,0.005488,23.88338192,0,true,20260809
llm,128,1,512,264704,512,29,1,0,ikj,0.005268,24.88078967,0,true,20260809
llm,128,1,512,264704,512,29,1,1,kij,0.005438,24.10297904,0,true,20260809
llm,128,1,512,264704,512,29,2,0,ikj,0.005268,24.88078967,0,true,20260809
llm,128,1,512,264704,512,29,2,1,kij,0.005448,24.05873715,0,true,20260809
llm,128,1,512,264704,512,29,3,0,ikj,0.005348,24.50860135,0,true,20260809
llm,128,1,512,264704,512,29,3,1,kij,0.005488,23.88338192,0,true,20260809
llm,128,1,512,264704,512,29,4,0,ikj,0.005248,24.97560976,0,true,20260809
llm,128,1,512,264704,512,29,4,1,kij,0.005489,23.87903079,0,true,20260809
llm,128,1,512,264704,512,29,5,0,ikj,0.005358,24.46285928,0,true,20260809
llm,128,1,512,264704,512,29,5,1,kij,0.005498,23.8399418,0,true,20260809
llm,128,1,512,264704,512,29,6,0,kij,0.005508,23.7966594,0,true,20260809
llm,128,1,512,264704,512,29,6,1,ikj,0.005298,24.73990185,0,true,20260809
llm,128,1,512,264704,512,29,7,0,kij,0.005448,24.05873715,0,true,20260809
llm,128,1,512,264704,512,29,7,1,ikj,0.005308,24.69329314,0,true,20260809
llm,128,1,512,264704,512,29,8,0,ikj,0.005298,24.73990185,0,true,20260809
llm,128,1,512,264704,512,29,8,1,kij,0.005498,23.8399418,0,true,20260809
llm,128,1,512,264704,512,29,9,0,ikj,0.005308,24.69329314,0,true,20260809
llm,128,1,512,264704,512,29,9,1,kij,0.005478,23.92698065,0,true,20260809
llm,128,1,512,264704,512,29,10,0,ikj,0.005258,24.92810955,0,true,20260809
llm,128,1,512,264704,512,29,10,1,kij,0.005549,23.62083258,0,true,20260809
llm,128,1,512,264704,512,29,11,0,ikj,0.005318,24.64685972,0,true,20260809
llm,128,1,512,264704,512,29,11,1,kij,0.005498,23.8399418,0,true,20260809
llm,128,1,512,264704,512,29,12,0,ikj,0.005268,24.88078967,0,true,20260809
llm,128,1,512,264704,512,29,12,1,kij,0.005498,23.8399418,0,true,20260809
llm,128,1,512,264704,512,29,13,0,ikj,0.005298,24.73990185,0,true,20260809
llm,128,1,512,264704,512,29,13,1,kij,0.005459,24.01025829,0,true,20260809
llm,128,1,512,264704,512,29,14,0,kij,0.005468,23.97073884,0,true,20260809
llm,128,1,512,264704,512,29,14,1,ikj,0.005348,24.50860135,0,true,20260809
llm,128,1,512,264704,512,29,15,0,ikj,0.005318,24.64685972,0,true,20260809
llm,128,1,512,264704,512,29,15,1,kij,0.005458,24.01465738,0,true,20260809
llm,128,1,512,264704,512,29,16,0,ikj,0.005298,24.73990185,0,true,20260809
llm,128,1,512,264704,512,29,16,1,kij,0.005499,23.83560647,0,true,20260809
llm,128,1,512,264704,512,29,17,0,ikj,0.005308,24.69329314,0,true,20260809
llm,128,1,512,264704,512,29,17,1,kij,0.005438,24.10297904,0,true,20260809
llm,128,1,512,264704,512,29,18,0,kij,0.005488,23.88338192,0,true,20260809
llm,128,1,512,264704,512,29,18,1,ikj,0.005348,24.50860135,0,true,20260809
llm,128,1,512,264704,512,29,19,0,kij,0.005469,23.96635582,0,true,20260809
llm,128,1,512,264704,512,29,19,1,ikj,0.005338,24.5545148,0,true,20260809
llm,128,1,512,264704,512,47,0,0,kij,0.005819,22.52483245,0,true,20260809
llm,128,1,512,264704,512,47,0,1,ikj,0.005618,23.33072268,0,true,20260809
llm,128,1,512,264704,512,47,1,0,ikj,0.005588,23.45597709,0,true,20260809
llm,128,1,512,264704,512,47,1,1,kij,0.005718,22.92270024,0,true,20260809
llm,128,1,512,264704,512,47,2,0,ikj,0.005609,23.36815832,0,true,20260809
llm,128,1,512,264704,512,47,2,1,kij,0.005769,22.72005547,0,true,20260809
llm,128,1,512,264704,512,47,3,0,kij,0.005768,22.72399445,0,true,20260809
llm,128,1,512,264704,512,47,3,1,ikj,0.005689,23.03955001,0,true,20260809
llm,128,1,512,264704,512,47,4,0,ikj,0.005709,22.95883692,0,true,20260809
llm,128,1,512,264704,512,47,4,1,kij,0.005949,22.03261052,0,true,20260809
llm,128,1,512,264704,512,47,5,0,kij,0.005839,22.4476794,0,true,20260809
llm,128,1,512,264704,512,47,5,1,ikj,0.005658,23.16578296,0,true,20260809
llm,128,1,512,264704,512,47,6,0,kij,0.005739,22.83882209,0,true,20260809
llm,128,1,512,264704,512,47,6,1,ikj,0.005669,23.1208326,0,true,20260809
llm,128,1,512,264704,512,47,7,0,ikj,0.005638,23.24796027,0,true,20260809
llm,128,1,512,264704,512,47,7,1,kij,0.005728,22.88268156,0,true,20260809
llm,128,1,512,264704,512,47,8,0,ikj,0.005619,23.32657056,0,true,20260809
llm,128,1,512,264704,512,47,8,1,kij,0.005709,22.95883692,0,true,20260809
llm,128,1,512,264704,512,47,9,0,ikj,0.005538,23.66775009,0,true,20260809
llm,128,1,512,264704,512,47,9,1,kij,0.005748,22.80306193,0,true,20260809
llm,128,1,512,264704,512,47,10,0,ikj,0.005719,22.91869208,0,true,20260809
llm,128,1,512,264704,512,47,10,1,kij,0.005729,22.87868738,0,true,20260809
llm,128,1,512,264704,512,47,11,0,kij,0.005738,22.84280237,0,true,20260809
llm,128,1,512,264704,512,47,11,1,ikj,0.005589,23.45178028,0,true,20260809
llm,128,1,512,264704,512,47,12,0,kij,0.005708,22.96285915,0,true,20260809
llm,128,1,512,264704,512,47,12,1,ikj,0.005688,23.04360056,0,true,20260809
llm,128,1,512,264704,512,47,13,0,ikj,0.005679,23.08011974,0,true,20260809
llm,128,1,512,264704,512,47,13,1,kij,0.005689,23.03955001,0,true,20260809
llm,128,1,512,264704,512,47,14,0,ikj,0.005628,23.28926795,0,true,20260809
llm,128,1,512,264704,512,47,14,1,kij,0.005648,23.20679887,0,true,20260809
llm,128,1,512,264704,512,47,15,0,ikj,0.005598,23.41407646,0,true,20260809
llm,128,1,512,264704,512,47,15,1,kij,0.005699,22.99912265,0,true,20260809
llm,128,1,512,264704,512,47,16,0,kij,0.005809,22.56360819,0,true,20260809
llm,128,1,512,264704,512,47,16,1,ikj,0.005719,22.91869208,0,true,20260809
llm,128,1,512,264704,512,47,17,0,kij,0.005709,22.95883692,0,true,20260809
llm,128,1,512,264704,512,47,17,1,ikj,0.005559,23.57834143,0,true,20260809
llm,128,1,512,264704,512,47,18,0,ikj,0.005658,23.16578296,0,true,20260809
llm,128,1,512,264704,512,47,18,1,kij,0.005778,22.68466597,0,true,20260809
llm,128,1,512,264704,512,47,19,0,ikj,0.005619,23.32657056,0,true,20260809
llm,128,1,512,264704,512,47,19,1,kij,0.005779,22.68074061,0,true,20260809
llm,128,1,2048,1057280,512,11,0,0,kij,0.021823,24.02456124,0,true,20260809
llm,128,1,2048,1057280,512,11,0,1,ikj,0.021022,24.93996765,0,true,20260809
llm,128,1,2048,1057280,512,11,1,0,kij,0.021713,24.14627182,0,true,20260809
llm,128,1,2048,1057280,512,11,1,1,ikj,0.020962,25.01135388,0,true,20260809
llm,128,1,2048,1057280,512,11,2,0,ikj,0.020961,25.01254711,0,true,20260809
llm,128,1,2048,1057280,512,11,2,1,kij,0.021743,24.11295589,0,true,20260809
llm,128,1,2048,1057280,512,11,3,0,kij,0.021743,24.11295589,0,true,20260809
llm,128,1,2048,1057280,512,11,3,1,ikj,0.021122,24.82189187,0,true,20260809
llm,128,1,2048,1057280,512,11,4,0,ikj,0.020932,25.04720046,0,true,20260809
llm,128,1,2048,1057280,512,11,4,1,kij,0.021663,24.20200342,0,true,20260809
llm,128,1,2048,1057280,512,11,5,0,ikj,0.021062,24.89260279,0,true,20260809
llm,128,1,2048,1057280,512,11,5,1,kij,0.021673,24.19083652,0,true,20260809
llm,128,1,2048,1057280,512,11,6,0,kij,0.021733,24.12405098,0,true,20260809
llm,128,1,2048,1057280,512,11,6,1,ikj,0.020912,25.07115532,0,true,20260809
llm,128,1,2048,1057280,512,11,7,0,ikj,0.020942,25.03524019,0,true,20260809
llm,128,1,2048,1057280,512,11,7,1,kij,0.021572,24.3040979,0,true,20260809
llm,128,1,2048,1057280,512,11,8,0,kij,0.021793,24.05763318,0,true,20260809
llm,128,1,2048,1057280,512,11,8,1,ikj,0.020851,25.14450146,0,true,20260809
llm,128,1,2048,1057280,512,11,9,0,ikj,0.020992,24.97560976,0,true,20260809
llm,128,1,2048,1057280,512,11,9,1,kij,0.021743,24.11295589,0,true,20260809
llm,128,1,2048,1057280,512,11,10,0,ikj,0.020952,25.02329133,0,true,20260809
llm,128,1,2048,1057280,512,11,10,1,kij,0.021843,24.00256375,0,true,20260809
llm,128,1,2048,1057280,512,11,11,0,kij,0.021613,24.25799287,0,true,20260809
llm,128,1,2048,1057280,512,11,11,1,ikj,0.021101,24.84659495,0,true,20260809
llm,128,1,2048,1057280,512,11,12,0,ikj,0.020922,25.05917216,0,true,20260809
llm,128,1,2048,1057280,512,11,12,1,kij,0.021652,24.21429891,0,true,20260809
llm,128,1,2048,1057280,512,11,13,0,kij,0.021733,24.12405098,0,true,20260809
llm,128,1,2048,1057280,512,11,13,1,ikj,0.020801,25.20494207,0,true,20260809
llm,128,1,2048,1057280,512,11,14,0,kij,0.021733,24.12405098,0,true,20260809
llm,128,1,2048,1057280,512,11,14,1,ikj,0.021162,24.77497401,0,true,20260809
llm,128,1,2048,1057280,512,11,15,0,kij,0.021773,24.07973178,0,true,20260809
llm,128,1,2048,1057280,512,11,15,1,ikj,0.021001,24.96490643,0,true,20260809
llm,128,1,2048,1057280,512,11,16,0,kij,0.021693,24.16853363,0,true,20260809
llm,128,1,2048,1057280,512,11,16,1,ikj,0.021122,24.82189187,0,true,20260809
llm,128,1,2048,1057280,512,11,17,0,kij,0.021553,24.32552313,0,true,20260809
llm,128,1,2048,1057280,512,11,17,1,ikj,0.021011,24.95302461,0,true,20260809
llm,128,1,2048,1057280,512,11,18,0,kij,0.021763,24.09079631,0,true,20260809
llm,128,1,2048,1057280,512,11,18,1,ikj,0.020982,24.98751311,0,true,20260809
llm,128,1,2048,1057280,512,11,19,0,ikj,0.021062,24.89260279,0,true,20260809
llm,128,1,2048,1057280,512,11,19,1,kij,0.021673,24.19083652,0,true,20260809
llm,128,1,2048,1057280,512,29,0,0,kij,0.022964,22.8308657,0,true,20260809
llm,128,1,2048,1057280,512,29,0,1,ikj,0.022274,23.53811619,0,true,20260809
llm,128,1,2048,1057280,512,29,1,0,kij,0.023064,22.73187652,0,true,20260809
llm,128,1,2048,1057280,512,29,1,1,ikj,0.022364,23.44339116,0,true,20260809
llm,128,1,2048,1057280,512,29,2,0,kij,0.023125,22.67191351,0,true,20260809
llm,128,1,2048,1057280,512,29,2,1,ikj,0.022314,23.49592184,0,true,20260809
llm,128,1,2048,1057280,512,29,3,0,kij,0.023165,22.63276495,0,true,20260809
llm,128,1,2048,1057280,512,29,3,1,ikj,0.022313,23.49697486,0,true,20260809
llm,128,1,2048,1057280,512,29,4,0,ikj,0.022264,23.54868847,0,true,20260809
llm,128,1,2048,1057280,512,29,4,1,kij,0.023115,22.68172183,0,true,20260809
llm,128,1,2048,1057280,512,29,5,0,kij,0.023516,22.29494812,0,true,20260809
llm,128,1,2048,1057280,512,29,5,1,ikj,0.022224,23.59107271,0,true,20260809
llm,128,1,2048,1057280,512,29,6,0,kij,0.023095,22.70136393,0,true,20260809
llm,128,1,2048,1057280,512,29,6,1,ikj,0.022394,23.41198535,0,true,20260809
llm,128,1,2048,1057280,512,29,7,0,ikj,0.022494,23.30790433,0,true,20260809
llm,128,1,2048,1057280,512,29,7,1,kij,0.023155,22.64253941,0,true,20260809
llm,128,1,2048,1057280,512,29,8,0,kij,0.023246,22.55390175,0,true,20260809
llm,128,1,2048,1057280,512,29,8,1,ikj,0.022354,23.4538785,0,true,20260809
llm,128,1,2048,1057280,512,29,9,0,kij,0.022965,22.82987154,0,true,20260809
llm,128,1,2048,1057280,512,29,9,1,ikj,0.022374,23.4329132,0,true,20260809
llm,128,1,2048,1057280,512,29,10,0,kij,0.023095,22.70136393,0,true,20260809
llm,128,1,2048,1057280,512,29,10,1,ikj,0.022594,23.20474462,0,true,20260809
llm,128,1,2048,1057280,512,29,11,0,kij,0.023015,22.78027373,0,true,20260809
llm,128,1,2048,1057280,512,29,11,1,ikj,0.022514,23.28719908,0,true,20260809
llm,128,1,2048,1057280,512,29,12,0,kij,0.023125,22.67191351,0,true,20260809
llm,128,1,2048,1057280,512,29,12,1,ikj,0.022264,23.54868847,0,true,20260809
llm,128,1,2048,1057280,512,29,13,0,ikj,0.022333,23.47593248,0,true,20260809
llm,128,1,2048,1057280,512,29,13,1,kij,0.023095,22.70136393,0,true,20260809
llm,128,1,2048,1057280,512,29,14,0,kij,0.023035,22.7604949,0,true,20260809
llm,128,1,2048,1057280,512,29,14,1,ikj,0.022374,23.4329132,0,true,20260809
llm,128,1,2048,1057280,512,29,15,0,kij,0.022975,22.81993471,0,true,20260809
llm,128,1,2048,1057280,512,29,15,1,ikj,0.022334,23.47488135,0,true,20260809
llm,128,1,2048,1057280,512,29,16,0,ikj,0.022113,23.70949215,0,true,20260809
llm,128,1,2048,1057280,512,29,16,1,kij,0.023095,22.70136393,0,true,20260809
llm,128,1,2048,1057280,512,29,17,0,kij,0.023115,22.68172183,0,true,20260809
llm,128,1,2048,1057280,512,29,17,1,ikj,0.022484,23.31827077,0,true,20260809
llm,128,1,2048,1057280,512,29,18,0,ikj,0.022434,23.3702416,0,true,20260809
llm,128,1,2048,1057280,512,29,18,1,kij,0.023015,22.78027373,0,true,20260809
llm,128,1,2048,1057280,512,29,19,0,kij,0.023165,22.63276495,0,true,20260809
llm,128,1,2048,1057280,512,29,19,1,ikj,0.022324,23.48539688,0,true,20260809
llm,128,1,2048,1057280,512,47,0,0,ikj,0.021613,24.25799287,0,true,20260809
llm,128,1,2048,1057280,512,47,0,1,kij,0.022134,23.68699738,0,true,20260809
llm,128,1,2048,1057280,512,47,1,0,kij,0.022103,23.72021897,0,true,20260809
llm,128,1,2048,1057280,512,47,1,1,ikj,0.021652,24.21429891,0,true,20260809
llm,128,1,2048,1057280,512,47,2,0,ikj,0.021713,24.14627182,0,true,20260809
llm,128,1,2048,1057280,512,47,2,1,kij,0.022123,23.69877503,0,true,20260809
llm,128,1,2048,1057280,512,47,3,0,ikj,0.021683,24.17967993,0,true,20260809
llm,128,1,2048,1057280,512,47,3,1,kij,0.022134,23.68699738,0,true,20260809
llm,128,1,2048,1057280,512,47,4,0,kij,0.022233,23.58152296,0,true,20260809
llm,128,1,2048,1057280,512,47,4,1,ikj,0.021673,24.19083652,0,true,20260809
llm,128,1,2048,1057280,512,47,5,0,kij,0.022064,23.76214648,0,true,20260809
llm,128,1,2048,1057280,512,47,5,1,ikj,0.021813,24.03557512,0,true,20260809
llm,128,1,2048,1057280,512,47,6,0,ikj,0.021702,24.15851074,0,true,20260809
llm,128,1,2048,1057280,512,47,6,1,kij,0.022094,23.72988142,0,true,20260809
llm,128,1,2048,1057280,512,47,7,0,kij,0.022494,23.30790433,0,true,20260809
llm,128,1,2048,1057280,512,47,7,1,ikj,0.021823,24.02456124,0,true,20260809
llm,128,1,2048,1057280,512,47,8,0,kij,0.022093,23.73095551,0,true,20260809
llm,128,1,2048,1057280,512,47,8,1,ikj,0.021583,24.29171107,0,true,20260809
llm,128,1,2048,1057280,512,47,9,0,ikj,0.021653,24.21318062,0,true,20260809
llm,128,1,2048,1057280,512,47,9,1,kij,0.022183,23.6346752,0,true,20260809
llm,128,1,2048,1057280,512,47,10,0,ikj,0.021813,24.03557512,0,true,20260809
llm,128,1,2048,1057280,512,47,10,1,kij,0.022203,23.61338558,0,true,20260809
llm,128,1,2048,1057280,512,47,11,0,kij,0.022154,23.66561343,0,true,20260809
llm,128,1,2048,1057280,512,47,11,1,ikj,0.021693,24.16853363,0,true,20260809
llm,128,1,2048,1057280,512,47,12,0,kij,0.022344,23.46437522,0,true,20260809
llm,128,1,2048,1057280,512,47,12,1,ikj,0.021693,24.16853363,0,true,20260809
llm,128,1,2048,1057280,512,47,13,0,ikj,0.021683,24.17967993,0,true,20260809
llm,128,1,2048,1057280,512,47,13,1,kij,0.022214,23.60169263,0,true,20260809
llm,128,1,2048,1057280,512,47,14,0,ikj,0.021803,24.04659909,0,true,20260809
llm,128,1,2048,1057280,512,47,14,1,kij,0.022214,23.60169263,0,true,20260809
llm,128,1,2048,1057280,512,47,15,0,ikj,0.021632,24.23668639,0,true,20260809
llm,128,1,2048,1057280,512,47,15,1,kij,0.022294,23.51700009,0,true,20260809
llm,128,1,2048,1057280,512,47,16,0,ikj,0.021733,24.12405098,0,true,20260809
llm,128,1,2048,1057280,512,47,16,1,kij,0.022224,23.59107271,0,true,20260809
llm,128,1,2048,1057280,512,47,17,0,kij,0.022214,23.60169263,0,true,20260809
llm,128,1,2048,1057280,512,47,17,1,ikj,0.021763,24.09079631,0,true,20260809
llm,128,1,2048,1057280,512,47,18,0,ikj,0.021753,24.10187101,0,true,20260809
llm,128,1,2048,1057280,512,47,18,1,kij,0.022204,23.6123221,0,true,20260809
llm,128,1,2048,1057280,512,47,19,0,kij,0.022124,23.69770385,0,true,20260809
llm,128,1,2048,1057280,512,47,19,1,ikj,0.021573,24.30297131,0,true,20260809
llm,128,1,8192,4227584,512,11,0,0,kij,0.081183,25.83240334,0,true,20260809
llm,128,1,8192,4227584,512,11,0,1,ikj,0.078619,26.67487503,0,true,20260809
llm,128,1,8192,4227584,512,11,1,0,kij,0.081373,25.77208656,0,true,20260809
llm,128,1,8192,4227584,512,11,1,1,ikj,0.078579,26.68845366,0,true,20260809
llm,128,1,8192,4227584,512,11,2,0,kij,0.081223,25.81968162,0,true,20260809
llm,128,1,8192,4227584,512,11,2,1,ikj,0.07886,26.59335531,0,true,20260809
llm,128,1,8192,4227584,512,11,3,0,ikj,0.07884,26.60010147,0,true,20260809
llm,128,1,8192,4227584,512,11,3,1,kij,0.081143,25.8451376,0,true,20260809
llm,128,1,8192,4227584,512,11,4,0,ikj,0.078529,26.7054464,0,true,20260809
llm,128,1,8192,4227584,512,11,4,1,kij,0.081232,25.81682096,0,true,20260809
llm,128,1,8192,4227584,512,11,5,0,ikj,0.078339,26.77021662,0,true,20260809
llm,128,1,8192,4227584,512,11,5,1,kij,0.081213,25.82286087,0,true,20260809
llm,128,1,8192,4227584,512,11,6,0,ikj,0.07893,26.56977068,0,true,20260809
llm,128,1,8192,4227584,512,11,6,1,kij,0.081263,25.80697242,0,true,20260809
llm,128,1,8192,4227584,512,11,7,0,ikj,0.078389,26.75314138,0,true,20260809
llm,128,1,8192,4227584,512,11,7,1,kij,0.081253,25.81014855,0,true,20260809
llm,128,1,8192,4227584,512,11,8,0,ikj,0.078729,26.63760495,0,true,20260809
llm,128,1,8192,4227584,512,11,8,1,kij,0.081393,25.76575381,0,true,20260809
llm,128,1,8192,4227584,512,11,9,0,ikj,0.078639,26.6680909,0,true,20260809
llm,128,1,8192,4227584,512,11,9,1,kij,0.081193,25.82922173,0,true,20260809
llm,128,1,8192,4227584,512,11,10,0,ikj,0.078539,26.70204612,0,true,20260809
llm,128,1,8192,4227584,512,11,10,1,kij,0.081152,25.84227129,0,true,20260809
llm,128,1,8192,4227584,512,11,11,0,ikj,0.078529,26.7054464,0,true,20260809
llm,128,1,8192,4227584,512,11,11,1,kij,0.080772,25.96384886,0,true,20260809
llm,128,1,8192,4227584,512,11,12,0,ikj,0.078989,26.54992467,0,true,20260809
llm,128,1,8192,4227584,512,11,12,1,kij,0.081433,25.75309764,0,true,20260809
llm,128,1,8192,4227584,512,11,13,0,ikj,0.078679,26.65453298,0,true,20260809
llm,128,1,8192,4227584,512,11,13,1,kij,0.081324,25.78761497,0,true,20260809
llm,128,1,8192,4227584,512,11,14,0,kij,0.081293,25.79744873,0,true,20260809
llm,128,1,8192,4227584,512,11,14,1,ikj,0.078679,26.65453298,0,true,20260809
llm,128,1,8192,4227584,512,11,15,0,ikj,0.085579,24.5054511,0,true,20260809
llm,128,1,8192,4227584,512,11,15,1,kij,0.080402,26.08333126,0,true,20260809
llm,128,1,8192,4227584,512,11,16,0,kij,0.080612,26.01538233,0,true,20260809
llm,128,1,8192,4227584,512,11,16,1,ikj,0.077457,27.07504809,0,true,20260809
llm,128,1,8192,4227584,512,11,17,0,kij,0.080272,26.12557305,0,true,20260809
llm,128,1,8192,4227584,512,11,17,1,ikj,0.077257,27.14513895,0,true,20260809
llm,128,1,8192,4227584,512,11,18,0,kij,0.080462,26.06388109,0,true,20260809
llm,128,1,8192,4227584,512,11,18,1,ikj,0.077367,27.10654413,0,true,20260809
llm,128,1,8192,4227584,512,11,19,0,ikj,0.077237,27.152168,0,true,20260809
llm,128,1,8192,4227584,512,11,19,1,kij,0.080351,26.09988675,0,true,20260809
llm,128,1,8192,4227584,512,29,0,0,ikj,0.078669,26.65792116,0,true,20260809
llm,128,1,8192,4227584,512,29,0,1,kij,0.081733,25.6585712,0,true,20260809
llm,128,1,8192,4227584,512,29,1,0,kij,0.081914,25.60187514,0,true,20260809
llm,128,1,8192,4227584,512,29,1,1,ikj,0.078458,26.7296133,0,true,20260809
llm,128,1,8192,4227584,512,29,2,0,ikj,0.078809,26.61056478,0,true,20260809
llm,128,1,8192,4227584,512,29,2,1,kij,0.088173,23.78451453,0,true,20260809
llm,128,1,8192,4227584,512,29,3,0,kij,0.083156,25.21949108,0,true,20260809
llm,128,1,8192,4227584,512,29,3,1,ikj,0.081663,25.68056525,0,true,20260809
llm,128,1,8192,4227584,512,29,4,0,ikj,0.081313,25.79110351,0,true,20260809
llm,128,1,8192,4227584,512,29,4,1,kij,0.083096,25.23770097,0,true,20260809
llm,128,1,8192,4227584,512,29,5,0,ikj,0.081774,25.64570646,0,true,20260809
llm,128,1,8192,4227584,512,29,5,1,kij,0.083086,25.24073851,0,true,20260809
llm,128,1,8192,4227584,512,29,6,0,ikj,0.082084,25.5488524,0,true,20260809
llm,128,1,8192,4227584,512,29,6,1,kij,0.084087,24.94026425,0,true,20260809
llm,128,1,8192,4227584,512,29,7,0,kij,0.083687,25.0594716,0,true,20260809
llm,128,1,8192,4227584,512,29,7,1,ikj,0.082065,25.55476756,0,true,20260809
llm,128,1,8192,4227584,512,29,8,0,kij,0.083887,24.99972582,0,true,20260809
llm,128,1,8192,4227584,512,29,8,1,ikj,0.083006,25.26506518,0,true,20260809
llm,128,1,8192,4227584,512,29,9,0,kij,0.083807,25.02358991,0,true,20260809
llm,128,1,8192,4227584,512,29,9,1,ikj,0.081874,25.61438308,0,true,20260809
llm,128,1,8192,4227584,512,29,10,0,ikj,0.082395,25.45241823,0,true,20260809
llm,128,1,8192,4227584,512,29,10,1,kij,0.083687,25.0594716,0,true,20260809
llm,128,1,8192,4227584,512,29,11,0,kij,0.083757,25.03852812,0,true,20260809
llm,128,1,8192,4227584,512,29,11,1,ikj,0.081703,25.66799261,0,true,20260809
llm,128,1,8192,4227584,512,29,12,0,kij,0.084087,24.94026425,0,true,20260809
llm,128,1,8192,4227584,512,29,12,1,ikj,0.082024,25.56754121,0,true,20260809
llm,128,1,8192,4227584,512,29,13,0,ikj,0.081874,25.61438308,0,true,20260809
llm,128,1,8192,4227584,512,29,13,1,kij,0.083756,25.03882707,0,true,20260809
llm,128,1,8192,4227584,512,29,14,0,kij,0.083637,25.07445269,0,true,20260809
llm,128,1,8192,4227584,512,29,14,1,ikj,0.081764,25.64884301,0,true,20260809
llm,128,1,8192,4227584,512,29,15,0,kij,0.083646,25.07175478,0,true,20260809
llm,128,1,8192,4227584,512,29,15,1,ikj,0.082184,25.51776502,0,true,20260809
llm,128,1,8192,4227584,512,29,16,0,kij,0.083937,24.98483386,0,true,20260809
llm,128,1,8192,4227584,512,29,16,1,ikj,0.081573,25.70889878,0,true,20260809
llm,128,1,8192,4227584,512,29,17,0,kij,0.083857,25.00866952,0,true,20260809
llm,128,1,8192,4227584,512,29,17,1,ikj,0.081613,25.69629838,0,true,20260809
llm,128,1,8192,4227584,512,29,18,0,kij,0.083847,25.01165218,0,true,20260809
llm,128,1,8192,4227584,512,29,18,1,ikj,0.081924,25.59875006,0,true,20260809
llm,128,1,8192,4227584,512,29,19,0,ikj,0.081874,25.61438308,0,true,20260809
llm,128,1,8192,4227584,512,29,19,1,kij,0.084448,24.83364911,0,true,20260809
llm,128,1,8192,4227584,512,47,0,0,kij,0.084798,24.73114932,0,true,20260809
llm,128,1,8192,4227584,512,47,0,1,ikj,0.083356,25.15898076,0,true,20260809
llm,128,1,8192,4227584,512,47,1,0,kij,0.085209,24.61186025,0,true,20260809
llm,128,1,8192,4227584,512,47,1,1,ikj,0.083226,25.19827938,0,true,20260809
llm,128,1,8192,4227584,512,47,2,0,kij,0.085079,24.64946697,0,true,20260809
llm,128,1,8192,4227584,512,47,2,1,ikj,0.083096,25.23770097,0,true,20260809
llm,128,1,8192,4227584,512,47,3,0,ikj,0.083426,25.13787069,0,true,20260809
llm,128,1,8192,4227584,512,47,3,1,kij,0.084818,24.72531774,0,true,20260809
llm,128,1,8192,4227584,512,47,4,0,ikj,0.083186,25.21039598,0,true,20260809
llm,128,1,8192,4227584,512,47,4,1,kij,0.08536,24.5683224,0,true,20260809
llm,128,1,8192,4227584,512,47,5,0,kij,0.085219,24.60897218,0,true,20260809
llm,128,1,8192,4227584,512,47,5,1,ikj,0.083156,25.21949108,0,true,20260809
llm,128,1,8192,4227584,512,47,6,0,kij,0.084768,24.73990185,0,true,20260809
llm,128,1,8192,4227584,512,47,6,1,ikj,0.083216,25.20130744,0,true,20260809
llm,128,1,8192,4227584,512,47,7,0,ikj,0.083336,25.16501872,0,true,20260809
llm,128,1,8192,4227584,512,47,7,1,kij,0.085168,24.62370844,0,true,20260809
llm,128,1,8192,4227584,512,47,8,0,kij,0.084698,24.76034853,0,true,20260809
llm,128,1,8192,4227584,512,47,8,1,ikj,0.083396,25.14691352,0,true,20260809
llm,128,1,8192,4227584,512,47,9,0,kij,0.084868,24.71075081,0,true,20260809
llm,128,1,8192,4227584,512,47,9,1,ikj,0.083076,25.24377678,0,true,20260809
llm,128,1,8192,4227584,512,47,10,0,kij,0.084908,24.69910962,0,true,20260809
llm,128,1,8192,4227584,512,47,10,1,ikj,0.083426,25.13787069,0,true,20260809
llm,128,1,8192,4227584,512,47,11,0,ikj,0.083276,25.18315001,0,true,20260809
llm,128,1,8192,4227584,512,47,11,1,kij,0.084938,24.69038593,0,true,20260809
llm,128,1,8192,4227584,512,47,12,0,ikj,0.082986,25.27115417,0,true,20260809
llm,128,1,8192,4227584,512,47,12,1,kij,0.085059,24.65526282,0,true,20260809
llm,128,1,8192,4227584,512,47,13,0,kij,0.092179,22.75086516,0,true,20260809
llm,128,1,8192,4227584,512,47,13,1,ikj,0.084758,24.74282074,0,true,20260809
llm,128,1,8192,4227584,512,47,14,0,kij,0.087412,23.9915801,0,true,20260809
llm,128,1,8192,4227584,512,47,14,1,ikj,0.085049,24.65816177,0,true,20260809
llm,128,1,8192,4227584,512,47,15,0,kij,0.087362,24.00531123,0,true,20260809
llm,128,1,8192,4227584,512,47,15,1,ikj,0.084708,24.75742551,0,true,20260809
llm,128,1,8192,4227584,512,47,16,0,ikj,0.084939,24.69009524,0,true,20260809
llm,128,1,8192,4227584,512,47,16,1,kij,0.087282,24.02731376,0,true,20260809
llm,128,1,8192,4227584,512,47,17,0,kij,0.087172,24.05763318,0,true,20260809
llm,128,1,8192,4227584,512,47,17,1,ikj,0.084538,24.80721096,0,true,20260809
llm,128,1,8192,4227584,512,47,18,0,kij,0.087243,24.03805463,0,true,20260809
llm,128,1,8192,4227584,512,47,18,1,ikj,0.084708,24.75742551,0,true,20260809
llm,128,1,8192,4227584,512,47,19,0,kij,0.087553,23.95294279,0,true,20260809
llm,128,1,8192,4227584,512,47,19,1,ikj,0.084829,24.72211154,0,true,20260809
llm,128,1,16384,8454656,512,11,0,0,kij,0.16506,25.41078396,0,true,20260809
llm,128,1,16384,8454656,512,11,0,1,ikj,0.160453,26.14039002,0,true,20260809
llm,128,1,16384,8454656,512,11,1,0,ikj,0.160543,26.12573578,0,true,20260809
llm,128,1,16384,8454656,512,11,1,1,kij,0.165079,25.40785927,0,true,20260809
llm,128,1,16384,8454656,512,11,2,0,ikj,0.160002,26.21407232,0,true,20260809
llm,128,1,16384,8454656,512,11,2,1,kij,0.16514,25.39847402,0,true,20260809
llm,128,1,16384,8454656,512,11,3,0,kij,0.16523,25.38463959,0,true,20260809
llm,128,1,16384,8454656,512,11,3,1,ikj,0.165651,25.32012484,0,true,20260809
llm,128,1,16384,8454656,512,11,4,0,kij,0.16503,25.41540326,0,true,20260809
llm,128,1,16384,8454656,512,11,4,1,ikj,0.161985,25.89316295,0,true,20260809
llm,128,1,16384,8454656,512,11,5,0,kij,0.16509,25.40616633,0,true,20260809
llm,128,1,16384,8454656,512,11,5,1,ikj,0.160152,26.18951996,0,true,20260809
llm,128,1,16384,8454656,512,11,6,0,ikj,0.160723,26.09647655,0,true,20260809
llm,128,1,16384,8454656,512,11,6,1,kij,0.168655,24.86913522,0,true,20260809
llm,128,1,16384,8454656,512,11,7,0,kij,0.168334,24.91655875,0,true,20260809
llm,128,1,16384,8454656,512,11,7,1,ikj,0.162166,25.86426255,0,true,20260809
llm,128,1,16384,8454656,512,11,8,0,ikj,0.162116,25.87223963,0,true,20260809
llm,128,1,16384,8454656,512,11,8,1,kij,0.168365,24.91197102,0,true,20260809
llm,128,1,16384,8454656,512,11,9,0,ikj,0.161805,25.9219678,0,true,20260809
llm,128,1,16384,8454656,512,11,9,1,kij,0.168205,24.93566779,0,true,20260809
llm,128,1,16384,8454656,512,11,10,0,kij,0.167994,24.96698692,0,true,20260809
llm,128,1,16384,8454656,512,11,10,1,ikj,0.162556,25.8022097,0,true,20260809
llm,128,1,16384,8454656,512,11,11,0,kij,0.168696,24.863091,0,true,20260809
llm,128,1,16384,8454656,512,11,11,1,ikj,0.161935,25.90115787,0,true,20260809
llm,128,1,16384,8454656,512,11,12,0,ikj,0.161545,25.96368814,0,true,20260809
llm,128,1,16384,8454656,512,11,12,1,kij,0.168115,24.94901704,0,true,20260809
llm,128,1,16384,8454656,512,11,13,0,ikj,0.162435,25.82143011,0,true,20260809
llm,128,1,16384,8454656,512,11,13,1,kij,0.168375,24.91049146,0,true,20260809
llm,128,1,16384,8454656,512,11,14,0,kij,0.167403,25.05513043,0,true,20260809
llm,128,1,16384,8454656,512,11,14,1,ikj,0.162265,25.84848242,0,true,20260809
llm,128,1,16384,8454656,512,11,15,0,kij,0.168095,24.95198548,0,true,20260809
llm,128,1,16384,8454656,512,11,15,1,ikj,0.170799,24.55695876,0,true,20260809
llm,128,1,16384,8454656,512,11,16,0,kij,0.166542,25.18466213,0,true,20260809
llm,128,1,16384,8454656,512,11,16,1,ikj,0.160774,26.08819834,0,true,20260809
llm,128,1,16384,8454656,512,11,17,0,ikj,0.161124,26.03152851,0,true,20260809
llm,128,1,16384,8454656,512,11,17,1,kij,0.165651,25.32012484,0,true,20260809
llm,128,1,16384,8454656,512,11,18,0,ikj,0.160754,26.09144407,0,true,20260809
llm,128,1,16384,8454656,512,11,18,1,kij,0.166082,25.25441649,0,true,20260809
llm,128,1,16384,8454656,512,11,19,0,kij,0.165841,25.29111619,0,true,20260809
llm,128,1,16384,8454656,512,11,19,1,ikj,0.161144,26.02829767,0,true,20260809
llm,128,1,16384,8454656,512,29,0,0,kij,0.169326,24.77058455,0,true,20260809
llm,128,1,16384,8454656,512,29,0,1,ikj,0.16551,25.34169537,0,true,20260809
llm,128,1,16384,8454656,512,29,1,0,ikj,0.165471,25.34766817,0,true,20260809
llm,128,1,16384,8454656,512,29,1,1,kij,0.168816,24.8454175,0,true,20260809
llm,128,1,16384,8454656,512,29,2,0,kij,0.169095,24.80442355,0,true,20260809
llm,128,1,16384,8454656,512,29,2,1,ikj,0.170007,24.67136059,0,true,20260809
llm,128,1,16384,8454656,512,29,3,0,kij,0.168996,24.81895429,0,true,20260809
llm,128,1,16384,8454656,512,29,3,1,ikj,0.165791,25.2987436,0,true,20260809
llm,128,1,16384,8454656,512,29,4,0,ikj,0.165611,25.32624041,0,true,20260809
llm,128,1,16384,8454656,512,29,4,1,kij,0.169466,24.75012097,0,true,20260809
llm,128,1,16384,8454656,512,29,5,0,kij,0.169326,24.77058455,0,true,20260809
llm,128,1,16384,8454656,512,29,5,1,ikj,0.16542,25.35548301,0,true,20260809
llm,128,1,16384,8454656,512,29,6,0,ikj,0.16548,25.34628958,0,true,20260809
llm,128,1,16384,8454656,512,29,6,1,kij,0.168946,24.82629953,0,true,20260809
llm,128,1,16384,8454656,512,29,7,0,ikj,0.165631,25.32318225,0,true,20260809
llm,128,1,16384,8454656,512,29,7,1,kij,0.169386,24.7618103,0,true,20260809
llm,128,1,16384,8454656,512,29,8,0,ikj,0.165601,25.32776976,0,true,20260809
llm,128,1,16384,8454656,512,29,8,1,kij,0.168906,24.83217885,0,true,20260809
llm,128,1,16384,8454656,512,29,9,0,kij,0.168585,24.8794614,0,true,20260809
llm,128,1,16384,8454656,512,29,9,1,ikj,0.165089,25.40632023,0,true,20260809
llm,128,1,16384,8454656,512,29,10,0,kij,0.168736,24.85719704,0,true,20260809
llm,128,1,16384,8454656,512,29,10,1,ikj,0.165561,25.33388902,0,true,20260809
llm,128,1,16384,8454656,512,29,11,0,kij,0.168775,24.85145312,0,true,20260809
llm,128,1,16384,8454656,512,29,11,1,ikj,0.16514,25.39847402,0,true,20260809
llm,128,1,16384,8454656,512,29,12,0,kij,0.168976,24.82189187,0,true,20260809
llm,128,1,16384,8454656,512,29,12,1,ikj,0.165701,25.31248454,0,true,20260809
llm,128,1,16384,8454656,512,29,13,0,kij,0.169667,24.72080016,0,true,20260809
llm,128,1,16384,8454656,512,29,13,1,ikj,0.166482,25.19373866,0,true,20260809
llm,128,1,16384,8454656,512,29,14,0,ikj,0.166652,25.16803879,0,true,20260809
llm,128,1,16384,8454656,512,29,14,1,kij,0.177739,23.59810734,0,true,20260809
llm,128,1,16384,8454656,512,29,15,0,kij,0.17194,24.39399791,0,true,20260809
llm,128,1,16384,8454656,512,29,15,1,ikj,0.167112,25.09876011,0,true,20260809
llm,128,1,16384,8454656,512,29,16,0,ikj,0.167975,24.96981098,0,true,20260809
llm,128,1,16384,8454656,512,29,16,1,kij,0.172672,24.29058562,0,true,20260809
llm,128,1,16384,8454656,512,29,17,0,ikj,0.166532,25.18617443,0,true,20260809
llm,128,1,16384,8454656,512,29,17,1,kij,0.17177,24.41814054,0,true,20260809
llm,128,1,16384,8454656,512,29,18,0,ikj,0.166772,25.14992924,0,true,20260809
llm,128,1,16384,8454656,512,29,18,1,kij,0.17195,24.39257924,0,true,20260809
llm,128,1,16384,8454656,512,29,19,0,kij,0.171419,24.46813947,0,true,20260809
llm,128,1,16384,8454656,512,29,19,1,ikj,0.166652,25.16803879,0,true,20260809
llm,128,1,16384,8454656,512,47,0,0,ikj,0.163507,25.65213722,0,true,20260809
llm,128,1,16384,8454656,512,47,0,1,kij,0.166622,25.17257025,0,true,20260809
llm,128,1,16384,8454656,512,47,1,0,ikj,0.163527,25.64899986,0,true,20260809
llm,128,1,16384,8454656,512,47,1,1,kij,0.208295,20.13636429,0,true,20260809
llm,128,1,16384,8454656,512,47,2,0,ikj,0.160764,26.0898211,0,true,20260809
llm,128,1,16384,8454656,512,47,2,1,kij,0.166202,25.23618248,0,true,20260809
llm,128,1,16384,8454656,512,47,3,0,kij,0.165871,25.28654195,0,true,20260809
llm,128,1,16384,8454656,512,47,3,1,ikj,0.160423,26.14527842,0,true,20260809
llm,128,1,16384,8454656,512,47,4,0,kij,0.166372,25.21039598,0,true,20260809
llm,128,1,16384,8454656,512,47,4,1,ikj,0.160423,26.14527842,0,true,20260809
llm,128,1,16384,8454656,512,47,5,0,kij,0.166532,25.18617443,0,true,20260809
llm,128,1,16384,8454656,512,47,5,1,ikj,0.160432,26.14381171,0,true,20260809
llm,128,1,16384,8454656,512,47,6,0,kij,0.166362,25.21191137,0,true,20260809
llm,128,1,16384,8454656,512,47,6,1,ikj,0.160993,26.05271037,0,true,20260809
llm,128,1,16384,8454656,512,47,7,0,kij,0.165361,25.36452973,0,true,20260809
llm,128,1,16384,8454656,512,47,7,1,ikj,0.159652,26.2715406,0,true,20260809
llm,128,1,16384,8454656,512,47,8,0,ikj,0.159401,26.31290895,0,true,20260809
llm,128,1,16384,8454656,512,47,8,1,kij,0.164599,25.48195311,0,true,20260809
llm,128,1,16384,8454656,512,47,9,0,ikj,0.159692,26.26496005,0,true,20260809
llm,128,1,16384,8454656,512,47,9,1,kij,0.16499,25.42156494,0,true,20260809
llm,128,1,16384,8454656,512,47,10,0,kij,0.164629,25.47730959,0,true,20260809
llm,128,1,16384,8454656,512,47,10,1,ikj,0.159902,26.23046616,0,true,20260809
llm,128,1,16384,8454656,512,47,11,0,ikj,0.159331,26.32446919,0,true,20260809
llm,128,1,16384,8454656,512,47,11,1,kij,0.16526,25.38003147,0,true,20260809
llm,128,1,16384,8454656,512,47,12,0,kij,0.165661,25.31859641,0,true,20260809
llm,128,1,16384,8454656,512,47,12,1,ikj,0.159962,26.2206274,0,true,20260809
llm,128,1,16384,8454656,512,47,13,0,kij,0.164348,25.52087035,0,true,20260809
llm,128,1,16384,8454656,512,47,13,1,ikj,0.166792,25.14691352,0,true,20260809
llm,128,1,16384,8454656,512,47,14,0,ikj,0.16527,25.37849579,0,true,20260809
llm,128,1,16384,8454656,512,47,14,1,kij,0.16526,25.38003147,0,true,20260809
llm,128,1,16384,8454656,512,47,15,0,ikj,0.159942,26.22390617,0,true,20260809
llm,128,1,16384,8454656,512,47,15,1,kij,0.16519,25.39078637,0,true,20260809
llm,128,1,16384,8454656,512,47,16,0,ikj,0.160353,26.1566918,0,true,20260809
llm,128,1,16384,8454656,512,47,16,1,kij,0.164639,25.47576212,0,true,20260809
llm,128,1,16384,8454656,512,47,17,0,ikj,0.159912,26.22882585,0,true,20260809
llm,128,1,16384,8454656,512,47,17,1,kij,0.164549,25.48969608,0,true,20260809
llm,128,1,16384,8454656,512,47,18,0,ikj,0.160203,26.18118262,0,true,20260809
llm,128,1,16384,8454656,512,47,18,1,kij,0.16483,25.44624158,0,true,20260809
llm,128,1,16384,8454656,512,47,19,0,ikj,0.159892,26.23210667,0,true,20260809
llm,128,1,16384,8454656,512,47,19,1,kij,0.16469,25.46787297,0,true,20260809
llm,128,2,128,67584,1024,11,0,0,ikj,0.002695,24.31762523,0,true,20260809
llm,128,2,128,67584,1024,11,0,1,kij,0.002354,27.84027188,0,true,20260809
llm,128,2,128,67584,1024,11,1,0,ikj,0.002794,23.45597709,0,true,20260809
llm,128,2,128,67584,1024,11,1,1,kij,0.002294,28.56843941,0,true,20260809
llm,128,2,128,67584,1024,11,2,0,kij,0.002354,27.84027188,0,true,20260809
llm,128,2,128,67584,1024,11,2,1,ikj,0.002754,23.7966594,0,true,20260809
llm,128,2,128,67584,1024,11,3,0,kij,0.002344,27.95904437,0,true,20260809
llm,128,2,128,67584,1024,11,3,1,ikj,0.002814,23.28926795,0,true,20260809
llm,128,2,128,67584,1024,11,4,0,kij,0.002384,27.48993289,0,true,20260809
llm,128,2,128,67584,1024,11,4,1,ikj,0.002754,23.7966594,0,true,20260809
llm,128,2,128,67584,1024,11,5,0,ikj,0.002814,23.28926795,0,true,20260809
llm,128,2,128,67584,1024,11,5,1,kij,0.002394,27.37510443,0,true,20260809
llm,128,2,128,67584,1024,11,6,0,kij,0.002374,27.60572873,0,true,20260809
llm,128,2,128,67584,1024,11,6,1,ikj,0.002724,24.05873715,0,true,20260809
llm,128,2,128,67584,1024,11,7,0,ikj,0.002754,23.7966594,0,true,20260809
llm,128,2,128,67584,1024,11,7,1,kij,0.002373,27.61736199,0,true,20260809
llm,128,2,128,67584,1024,11,8,0,ikj,0.002874,22.80306193,0,true,20260809
llm,128,2,128,67584,1024,11,8,1,kij,0.002364,27.72250423,0,true,20260809
llm,128,2,128,67584,1024,11,9,0,kij,0.002293,28.58089839,0,true,20260809
llm,128,2,128,67584,1024,11,9,1,ikj,0.002724,24.05873715,0,true,20260809
llm,128,2,128,67584,1024,11,10,0,kij,0.002344,27.95904437,0,true,20260809
llm,128,2,128,67584,1024,11,10,1,ikj,0.002744,23.88338192,0,true,20260809
llm,128,2,128,67584,1024,11,11,0,kij,0.002374,27.60572873,0,true,20260809
llm,128,2,128,67584,1024,11,11,1,ikj,0.002734,23.97073884,0,true,20260809
llm,128,2,128,67584,1024,11,12,0,ikj,0.002745,23.87468124,0,true,20260809
llm,128,2,128,67584,1024,11,12,1,kij,0.002343,27.97097738,0,true,20260809
llm,128,2,128,67584,1024,11,13,0,kij,0.002363,27.73423614,0,true,20260809
llm,128,2,128,67584,1024,11,13,1,ikj,0.002744,23.88338192,0,true,20260809
llm,128,2,128,67584,1024,11,14,0,ikj,0.002785,23.53177738,0,true,20260809
llm,128,2,128,67584,1024,11,14,1,kij,0.002353,27.8521037,0,true,20260809
llm,128,2,128,67584,1024,11,15,0,kij,0.002333,28.09087012,0,true,20260809
llm,128,2,128,67584,1024,11,15,1,ikj,0.002835,23.11675485,0,true,20260809
llm,128,2,128,67584,1024,11,16,0,kij,0.002353,27.8521037,0,true,20260809
llm,128,2,128,67584,1024,11,16,1,ikj,0.002754,23.7966594,0,true,20260809
llm,128,2,128,67584,1024,11,17,0,kij,0.002364,27.72250423,0,true,20260809
llm,128,2,128,67584,1024,11,17,1,ikj,0.002854,22.96285915,0,true,20260809
llm,128,2,128,67584,1024,11,18,0,ikj,0.002855,22.95481611,0,true,20260809
llm,128,2,128,67584,1024,11,18,1,kij,0.002354,27.84027188,0,true,20260809
llm,128,2,128,67584,1024,11,19,0,ikj,0.002814,23.28926795,0,true,20260809
llm,128,2,128,67584,1024,11,19,1,kij,0.002314,28.32152118,0,true,20260809
llm,128,2,128,67584,1024,29,0,0,kij,0.002313,28.33376567,0,true,20260809
llm,128,2,128,67584,1024,29,0,1,ikj,0.002704,24.23668639,0,true,20260809
llm,128,2,128,67584,1024,29,1,0,ikj,0.002764,23.7105644,0,true,20260809
llm,128,2,128,67584,1024,29,1,1,kij,0.002334,28.07883462,0,true,20260809
llm,128,2,128,67584,1024,29,2,0,kij,0.002364,27.72250423,0,true,20260809
llm,128,2,128,67584,1024,29,2,1,ikj,0.002664,24.6006006,0,true,20260809
llm,128,2,128,67584,1024,29,3,0,ikj,0.002674,24.50860135,0,true,20260809
llm,128,2,128,67584,1024,29,3,1,kij,0.002344,27.95904437,0,true,20260809
llm,128,2,128,67584,1024,29,4,0,kij,0.002324,28.19965577,0,true,20260809
llm,128,2,128,67584,1024,29,4,1,ikj,0.002694,24.32665182,0,true,20260809
llm,128,2,128,67584,1024,29,5,0,ikj,0.002734,23.97073884,0,true,20260809
llm,128,2,128,67584,1024,29,5,1,kij,0.002353,27.8521037,0,true,20260809
llm,128,2,128,67584,1024,29,6,0,kij,0.002304,28.44444444,0,true,20260809
llm,128,2,128,67584,1024,29,6,1,ikj,0.002704,24.23668639,0,true,20260809
llm,128,2,128,67584,1024,29,7,0,ikj,0.002694,24.32665182,0,true,20260809
llm,128,2,128,67584,1024,29,7,1,kij,0.002313,28.33376567,0,true,20260809
llm,128,2,128,67584,1024,29,8,0,kij,0.002304,28.44444444,0,true,20260809
llm,128,2,128,67584,1024,29,8,1,ikj,0.002814,23.28926795,0,true,20260809
llm,128,2,128,67584,1024,29,9,0,ikj,0.002684,24.41728763,0,true,20260809
llm,128,2,128,67584,1024,29,9,1,kij,0.002323,28.21179509,0,true,20260809
llm,128,2,128,67584,1024,29,10,0,ikj,0.002834,23.12491179,0,true,20260809
llm,128,2,128,67584,1024,29,10,1,kij,0.002444,26.81505728,0,true,20260809
llm,128,2,128,67584,1024,29,11,0,kij,0.002404,27.26123128,0,true,20260809
llm,128,2,128,67584,1024,29,11,1,ikj,0.002834,23.12491179,0,true,20260809
llm,128,2,128,67584,1024,29,12,0,kij,0.002374,27.60572873,0,true,20260809
llm,128,2,128,67584,1024,29,12,1,ikj,0.002785,23.53177738,0,true,20260809
llm,128,2,128,67584,1024,29,13,0,ikj,0.002754,23.7966594,0,true,20260809
llm,128,2,128,67584,1024,29,13,1,kij,0.002344,27.95904437,0,true,20260809
llm,128,2,128,67584,1024,29,14,0,kij,0.002353,27.8521037,0,true,20260809
llm,128,2,128,67584,1024,29,14,1,ikj,0.002744,23.88338192,0,true,20260809
llm,128,2,128,67584,1024,29,15,0,ikj,0.002724,24.05873715,0,true,20260809
llm,128,2,128,67584,1024,29,15,1,kij,0.002374,27.60572873,0,true,20260809
llm,128,2,128,67584,1024,29,16,0,ikj,0.002865,22.87469459,0,true,20260809
llm,128,2,128,67584,1024,29,16,1,kij,0.002404,27.26123128,0,true,20260809
llm,128,2,128,67584,1024,29,17,0,kij,0.002443,26.82603357,0,true,20260809
llm,128,2,128,67584,1024,29,17,1,ikj,0.002694,24.32665182,0,true,20260809
llm,128,2,128,67584,1024,29,18,0,ikj,0.002804,23.37232525,0,true,20260809
llm,128,2,128,67584,1024,29,18,1,kij,0.002424,27.03630363,0,true,20260809
llm,128,2,128,67584,1024,29,19,0,ikj,0.002745,23.87468124,0,true,20260809
llm,128,2,128,67584,1024,29,19,1,kij,0.002383,27.50146874,0,true,20260809
llm,128,2,128,67584,1024,47,0,0,kij,0.002333,28.09087012,0,true,20260809
llm,128,2,128,67584,1024,47,0,1,ikj,0.002694,24.32665182,0,true,20260809
llm,128,2,128,67584,1024,47,1,0,ikj,0.002714,24.14738394,0,true,20260809
llm,128,2,128,67584,1024,47,1,1,kij,0.002343,27.97097738,0,true,20260809
llm,128,2,128,67584,1024,47,2,0,ikj,0.002674,24.50860135,0,true,20260809
llm,128,2,128,67584,1024,47,2,1,kij,0.002353,27.8521037,0,true,20260809
llm,128,2,128,67584,1024,47,3,0,ikj,0.002725,24.04990826,0,true,20260809
llm,128,2,128,67584,1024,47,3,1,kij,0.002303,28.45679548,0,true,20260809
llm,128,2,128,67584,1024,47,4,0,kij,0.002343,27.97097738,0,true,20260809
llm,128,2,128,67584,1024,47,4,1,ikj,0.002734,23.97073884,0,true,20260809
llm,128,2,128,67584,1024,47,5,0,ikj,0.002644,24.78668684,0,true,20260809
llm,128,2,128,67584,1024,47,5,1,kij,0.002303,28.45679548,0,true,20260809
llm,128,2,128,67584,1024,47,6,0,kij,0.002303,28.45679548,0,true,20260809
llm,128,2,128,67584,1024,47,6,1,ikj,0.002734,23.97073884,0,true,20260809
llm,128,2,128,67584,1024,47,7,0,kij,0.002323,28.21179509,0,true,20260809
llm,128,2,128,67584,1024,47,7,1,ikj,0.002634,24.88078967,0,true,20260809
llm,128,2,128,67584,1024,47,8,0,ikj,0.002804,23.37232525,0,true,20260809
llm,128,2,128,67584,1024,47,8,1,kij,0.002334,28.07883462,0,true,20260809
llm,128,2,128,67584,1024,47,9,0,ikj,0.002644,24.78668684,0,true,20260809
llm,128,2,128,67584,1024,47,9,1,kij,0.002264,28.94699647,0,true,20260809
llm,128,2,128,67584,1024,47,10,0,ikj,0.002774,23.62509012,0,true,20260809
llm,128,2,128,67584,1024,47,10,1,kij,0.002384,27.48993289,0,true,20260809
llm,128,2,128,67584,1024,47,11,0,ikj,0.002744,23.88338192,0,true,20260809
llm,128,2,128,67584,1024,47,11,1,kij,0.002293,28.58089839,0,true,20260809
llm,128,2,128,67584,1024,47,12,0,kij,0.002314,28.32152118,0,true,20260809
llm,128,2,128,67584,1024,47,12,1,ikj,0.002664,24.6006006,0,true,20260809
llm,128,2,128,67584,1024,47,13,0,ikj,0.002754,23.7966594,0,true,20260809
llm,128,2,128,67584,1024,47,13,1,kij,0.002313,28.33376567,0,true,20260809
llm,128,2,128,67584,1024,47,14,0,ikj,0.002725,24.04990826,0,true,20260809
llm,128,2,128,67584,1024,47,14,1,kij,0.002383,27.50146874,0,true,20260809
llm,128,2,128,67584,1024,47,15,0,ikj,0.002674,24.50860135,0,true,20260809
llm,128,2,128,67584,1024,47,15,1,kij,0.002373,27.61736199,0,true,20260809
llm,128,2,128,67584,1024,47,16,0,kij,0.002403,27.27257595,0,true,20260809
llm,128,2,128,67584,1024,47,16,1,ikj,0.002684,24.41728763,0,true,20260809
llm,128,2,128,67584,1024,47,17,0,ikj,0.002754,23.7966594,0,true,20260809
llm,128,2,128,67584,1024,47,17,1,kij,0.002314,28.32152118,0,true,20260809
llm,128,2,128,67584,1024,47,18,0,ikj,0.002744,23.88338192,0,true,20260809
llm,128,2,128,67584,1024,47,18,1,kij,0.002304,28.44444444,0,true,20260809
llm,128,2,128,67584,1024,47,19,0,kij,0.002344,27.95904437,0,true,20260809
llm,128,2,128,67584,1024,47,19,1,ikj,0.002714,24.14738394,0,true,20260809
llm,128,2,512,267264,1024,11,0,0,kij,0.007802,33.59958985,0,true,20260809
llm,128,2,512,267264,1024,11,0,1,ikj,0.007571,34.62475234,0,true,20260809
llm,128,2,512,267264,1024,11,1,0,kij,0.007852,33.38563423,0,true,20260809
llm,128,2,512,267264,1024,11,1,1,ikj,0.007601,34.48809367,0,true,20260809
llm,128,2,512,267264,1024,11,2,0,kij,0.007782,33.68594192,0,true,20260809
llm,128,2,512,267264,1024,11,2,1,ikj,0.007701,34.04025451,0,true,20260809
llm,128,2,512,267264,1024,11,3,0,ikj,0.007612,34.43825539,0,true,20260809
llm,128,2,512,267264,1024,11,3,1,kij,0.007712,33.99170124,0,true,20260809
llm,128,2,512,267264,1024,11,4,0,ikj,0.007582,34.5745186,0,true,20260809
llm,128,2,512,267264,1024,11,4,1,kij,0.007952,32.96579477,0,true,20260809
llm,128,2,512,267264,1024,11,5,0,kij,0.007812,33.55657962,0,true,20260809
llm,128,2,512,267264,1024,11,5,1,ikj,0.007622,34.39307268,0,true,20260809
llm,128,2,512,267264,1024,11,6,0,ikj,0.007581,34.57907928,0,true,20260809
llm,128,2,512,267264,1024,11,6,1,kij,0.007641,34.30755137,0,true,20260809
llm,128,2,512,267264,1024,11,7,0,ikj,0.007612,34.43825539,0,true,20260809
llm,128,2,512,267264,1024,11,7,1,kij,0.007761,33.77709058,0,true,20260809
llm,128,2,512,267264,1024,11,8,0,kij,0.007801,33.60389694,0,true,20260809
llm,128,2,512,267264,1024,11,8,1,ikj,0.007601,34.48809367,0,true,20260809
llm,128,2,512,267264,1024,11,9,0,ikj,0.007602,34.48355696,0,true,20260809
llm,128,2,512,267264,1024,11,9,1,kij,0.007802,33.59958985,0,true,20260809
llm,128,2,512,267264,1024,11,10,0,kij,0.007702,34.03583485,0,true,20260809
llm,128,2,512,267264,1024,11,10,1,ikj,0.007612,34.43825539,0,true,20260809
llm,128,2,512,267264,1024,11,11,0,kij,0.007792,33.64271047,0,true,20260809
llm,128,2,512,267264,1024,11,11,1,ikj,0.007611,34.44278019,0,true,20260809
llm,128,2,512,267264,1024,11,12,0,ikj,0.007591,34.53352654,0,true,20260809
llm,128,2,512,267264,1024,11,12,1,kij,0.007862,33.34316968,0,true,20260809
llm,128,2,512,267264,1024,11,13,0,ikj,0.007641,34.30755137,0,true,20260809
llm,128,2,512,267264,1024,11,13,1,kij,0.007732,33.90377651,0,true,20260809
llm,128,2,512,267264,1024,11,14,0,ikj,0.007642,34.30306203,0,true,20260809
llm,128,2,512,267264,1024,11,14,1,kij,0.007742,33.8599845,0,true,20260809
llm,128,2,512,267264,1024,11,15,0,kij,0.007722,33.94768195,0,true,20260809
llm,128,2,512,267264,1024,11,15,1,ikj,0.007621,34.39758562,0,true,20260809
llm,128,2,512,267264,1024,11,16,0,ikj,0.007601,34.48809367,0,true,20260809
llm,128,2,512,267264,1024,11,16,1,kij,0.007762,33.77273898,0,true,20260809
llm,128,2,512,267264,1024,11,17,0,ikj,0.007672,34.16892596,0,true,20260809
llm,128,2,512,267264,1024,11,17,1,kij,0.007802,33.59958985,0,true,20260809
llm,128,2,512,267264,1024,11,18,0,ikj,0.007592,34.52897787,0,true,20260809
llm,128,2,512,267264,1024,11,18,1,kij,0.007742,33.8599845,0,true,20260809
llm,128,2,512,267264,1024,11,19,0,kij,0.007762,33.77273898,0,true,20260809
llm,128,2,512,267264,1024,11,19,1,ikj,0.007612,34.43825539,0,true,20260809
llm,128,2,512,267264,1024,29,0,0,kij,0.007782,33.68594192,0,true,20260809
llm,128,2,512,267264,1024,29,0,1,ikj,0.007822,33.51367937,0,true,20260809
llm,128,2,512,267264,1024,29,1,0,kij,0.007862,33.34316968,0,true,20260809
llm,128,2,512,267264,1024,29,1,1,ikj,0.007651,34.26271076,0,true,20260809
llm,128,2,512,267264,1024,29,2,0,ikj,0.007662,34.21352127,0,true,20260809
llm,128,2,512,267264,1024,29,2,1,kij,0.007792,33.64271047,0,true,20260809
llm,128,2,512,267264,1024,29,3,0,kij,0.007742,33.8599845,0,true,20260809
llm,128,2,512,267264,1024,29,3,1,ikj,0.007592,34.52897787,0,true,20260809
llm,128,2,512,267264,1024,29,4,0,kij,0.007692,34.0800832,0,true,20260809
llm,128,2,512,267264,1024,29,4,1,ikj,0.007741,33.86435861,0,true,20260809
llm,128,2,512,267264,1024,29,5,0,kij,0.007771,33.73362502,0,true,20260809
llm,128,2,512,267264,1024,29,5,1,ikj,0.007651,34.26271076,0,true,20260809
llm,128,2,512,267264,1024,29,6,0,ikj,0.007701,34.04025451,0,true,20260809
llm,128,2,512,267264,1024,29,6,1,kij,0.007832,33.47088866,0,true,20260809
llm,128,2,512,267264,1024,29,7,0,kij,0.007831,33.47516281,0,true,20260809
llm,128,2,512,267264,1024,29,7,1,ikj,0.007641,34.30755137,0,true,20260809
llm,128,2,512,267264,1024,29,8,0,kij,0.007962,32.92439086,0,true,20260809
llm,128,2,512,267264,1024,29,8,1,ikj,0.007611,34.44278019,0,true,20260809
llm,128,2,512,267264,1024,29,9,0,kij,0.007672,34.16892596,0,true,20260809
llm,128,2,512,267264,1024,29,9,1,ikj,0.007682,34.12444676,0,true,20260809
llm,128,2,512,267264,1024,29,10,0,ikj,0.007672,34.16892596,0,true,20260809
llm,128,2,512,267264,1024,29,10,1,kij,0.007892,33.21642169,0,true,20260809
llm,128,2,512,267264,1024,29,11,0,kij,0.007832,33.47088866,0,true,20260809
llm,128,2,512,267264,1024,29,11,1,ikj,0.007672,34.16892596,0,true,20260809
llm,128,2,512,267264,1024,29,12,0,kij,0.007842,33.42820709,0,true,20260809
llm,128,2,512,267264,1024,29,12,1,ikj,0.007562,34.66596139,0,true,20260809
llm,128,2,512,267264,1024,29,13,0,kij,0.007631,34.3525095,0,true,20260809
llm,128,2,512,267264,1024,29,13,1,ikj,0.007621,34.39758562,0,true,20260809
llm,128,2,512,267264,1024,29,14,0,kij,0.007892,33.21642169,0,true,20260809
llm,128,2,512,267264,1024,29,14,1,ikj,0.007661,34.21798721,0,true,20260809
llm,128,2,512,267264,1024,29,15,0,kij,0.007781,33.69027117,0,true,20260809
llm,128,2,512,267264,1024,29,15,1,ikj,0.007551,34.7164614,0,true,20260809
llm,128,2,512,267264,1024,29,16,0,ikj,0.007622,34.39307268,0,true,20260809
llm,128,2,512,267264,1024,29,16,1,kij,0.007662,34.21352127,0,true,20260809
llm,128,2,512,267264,1024,29,17,0,ikj,0.007641,34.30755137,0,true,20260809
llm,128,2,512,267264,1024,29,17,1,kij,0.007892,33.21642169,0,true,20260809
llm,128,2,512,267264,1024,29,18,0,ikj,0.007611,34.44278019,0,true,20260809
llm,128,2,512,267264,1024,29,18,1,kij,0.007742,33.8599845,0,true,20260809
llm,128,2,512,267264,1024,29,19,0,ikj,0.007632,34.34800839,0,true,20260809
llm,128,2,512,267264,1024,29,19,1,kij,0.007922,33.09063368,0,true,20260809
llm,128,2,512,267264,1024,47,0,0,ikj,0.007581,34.57907928,0,true,20260809
llm,128,2,512,267264,1024,47,0,1,kij,0.007711,33.99610945,0,true,20260809
llm,128,2,512,267264,1024,47,1,0,ikj,0.007591,34.53352654,0,true,20260809
llm,128,2,512,267264,1024,47,1,1,kij,0.007762,33.77273898,0,true,20260809
llm,128,2,512,267264,1024,47,2,0,ikj,0.007611,34.44278019,0,true,20260809
llm,128,2,512,267264,1024,47,2,1,kij,0.007842,33.42820709,0,true,20260809
llm,128,2,512,267264,1024,47,3,0,ikj,0.007612,34.43825539,0,true,20260809
llm,128,2,512,267264,1024,47,3,1,kij,0.008052,32.55638351,0,true,20260809
llm,128,2,512,267264,1024,47,4,0,kij,0.007992,32.8008008,0,true,20260809
llm,128,2,512,267264,1024,47,4,1,ikj,0.007621,34.39758562,0,true,20260809
llm,128,2,512,267264,1024,47,5,0,ikj,0.007691,34.08451437,0,true,20260809
llm,128,2,512,267264,1024,47,5,1,kij,0.007892,33.21642169,0,true,20260809
llm,128,2,512,267264,1024,47,6,0,ikj,0.007621,34.39758562,0,true,20260809
llm,128,2,512,267264,1024,47,6,1,kij,0.007811,33.56087569,0,true,20260809
llm,128,2,512,267264,1024,47,7,0,ikj,0.007581,34.57907928,0,true,20260809
llm,128,2,512,267264,1024,47,7,1,kij,0.014052,18.65528039,0,true,20260809
llm,128,2,512,267264,1024,47,8,0,ikj,0.007661,34.21798721,0,true,20260809
llm,128,2,512,267264,1024,47,8,1,kij,0.007761,33.77709058,0,true,20260809
llm,128,2,512,267264,1024,47,9,0,ikj,0.007601,34.48809367,0,true,20260809
llm,128,2,512,267264,1024,47,9,1,kij,0.007892,33.21642169,0,true,20260809
llm,128,2,512,267264,1024,47,10,0,ikj,0.007632,34.34800839,0,true,20260809
llm,128,2,512,267264,1024,47,10,1,kij,0.007802,33.59958985,0,true,20260809
llm,128,2,512,267264,1024,47,11,0,kij,0.007792,33.64271047,0,true,20260809
llm,128,2,512,267264,1024,47,11,1,ikj,0.007682,34.12444676,0,true,20260809
llm,128,2,512,267264,1024,47,12,0,ikj,0.007572,34.62017961,0,true,20260809
llm,128,2,512,267264,1024,47,12,1,kij,0.007812,33.55657962,0,true,20260809
llm,128,2,512,267264,1024,47,13,0,ikj,0.007661,34.21798721,0,true,20260809
llm,128,2,512,267264,1024,47,13,1,kij,0.007842,33.42820709,0,true,20260809
llm,128,2,512,267264,1024,47,14,0,ikj,0.007601,34.48809367,0,true,20260809
llm,128,2,512,267264,1024,47,14,1,kij,0.007821,33.51796445,0,true,20260809
llm,128,2,512,267264,1024,47,15,0,ikj,0.007681,34.12888947,0,true,20260809
llm,128,2,512,267264,1024,47,15,1,kij,0.007842,33.42820709,0,true,20260809
llm,128,2,512,267264,1024,47,16,0,kij,0.007701,34.04025451,0,true,20260809
llm,128,2,512,267264,1024,47,16,1,ikj,0.007562,34.66596139,0,true,20260809
llm,128,2,512,267264,1024,47,17,0,kij,0.007712,33.99170124,0,true,20260809
llm,128,2,512,267264,1024,47,17,1,ikj,0.007521,34.8549395,0,true,20260809
llm,128,2,512,267264,1024,47,18,0,kij,0.007721,33.95207875,0,true,20260809
llm,128,2,512,267264,1024,47,18,1,ikj,0.007671,34.17338026,0,true,20260809
llm,128,2,512,267264,1024,47,19,0,ikj,0.007682,34.12444676,0,true,20260809
llm,128,2,512,267264,1024,47,19,1,kij,0.007732,33.90377651,0,true,20260809
llm,128,2,2048,1065984,1024,11,0,0,ikj,0.031859,32.91302301,0,true,20260809
llm,128,2,2048,1065984,1024,11,0,1,kij,0.032199,32.5654834,0,true,20260809
llm,128,2,2048,1065984,1024,11,1,0,kij,0.032038,32.72913415,0,true,20260809
llm,128,2,2048,1065984,1024,11,1,1,ikj,0.031968,32.8008008,0,true,20260809
llm,128,2,2048,1065984,1024,11,2,0,ikj,0.031968,32.8008008,0,true,20260809
llm,128,2,2048,1065984,1024,11,2,1,kij,0.03278,31.98828554,0,true,20260809
llm,128,2,2048,1065984,1024,11,3,0,ikj,0.031778,32.99691611,0,true,20260809
llm,128,2,2048,1065984,1024,11,3,1,kij,0.032198,32.56649481,0,true,20260809
llm,128,2,2048,1065984,1024,11,4,0,ikj,0.031768,33.00730295,0,true,20260809
llm,128,2,2048,1065984,1024,11,4,1,kij,0.032099,32.66693666,0,true,20260809
llm,128,2,2048,1065984,1024,11,5,0,ikj,0.031728,33.04891578,0,true,20260809
llm,128,2,2048,1065984,1024,11,5,1,kij,0.031778,32.99691611,0,true,20260809
llm,128,2,2048,1065984,1024,11,6,0,kij,0.031698,33.08019433,0,true,20260809
llm,128,2,2048,1065984,1024,11,6,1,ikj,0.031708,33.06976157,0,true,20260809
llm,128,2,2048,1065984,1024,11,7,0,kij,0.032019,32.74855555,0,true,20260809
llm,128,2,2048,1065984,1024,11,7,1,ikj,0.031498,33.29024065,0,true,20260809
llm,128,2,2048,1065984,1024,11,8,0,kij,0.031588,33.19539065,0,true,20260809
llm,128,2,2048,1065984,1024,11,8,1,ikj,0.031688,33.09063368,0,true,20260809
llm,128,2,2048,1065984,1024,11,9,0,ikj,0.031718,33.05933539,0,true,20260809
llm,128,2,2048,1065984,1024,11,9,1,kij,0.031628,33.15340837,0,true,20260809
llm,128,2,2048,1065984,1024,11,10,0,ikj,0.031598,33.18488512,0,true,20260809
llm,128,2,2048,1065984,1024,11,10,1,kij,0.032189,32.57560036,0,true,20260809
llm,128,2,2048,1065984,1024,11,11,0,ikj,0.031918,32.85218372,0,true,20260809
llm,128,2,2048,1065984,1024,11,11,1,kij,0.031607,33.17543582,0,true,20260809
llm,128,2,2048,1065984,1024,11,12,0,kij,0.031417,33.37607028,0,true,20260809
llm,128,2,2048,1065984,1024,11,12,1,ikj,0.031608,33.17438623,0,true,20260809
llm,128,2,2048,1065984,1024,11,13,0,kij,0.031617,33.16494291,0,true,20260809
llm,128,2,2048,1065984,1024,11,13,1,ikj,0.031628,33.15340837,0,true,20260809
llm,128,2,2048,1065984,1024,11,14,0,kij,0.031568,33.21642169,0,true,20260809
llm,128,2,2048,1065984,1024,11,14,1,ikj,0.031958,32.81106452,0,true,20260809
llm,128,2,2048,1065984,1024,11,15,0,kij,0.031838,32.93473208,0,true,20260809
llm,128,2,2048,1065984,1024,11,15,1,ikj,0.031608,33.17438623,0,true,20260809
llm,128,2,2048,1065984,1024,11,16,0,kij,0.031378,33.4175537,0,true,20260809
llm,128,2,2048,1065984,1024,11,16,1,ikj,0.032009,32.75878659,0,true,20260809
llm,128,2,2048,1065984,1024,11,17,0,kij,0.031688,33.09063368,0,true,20260809
llm,128,2,2048,1065984,1024,11,17,1,ikj,0.031668,33.11153215,0,true,20260809
llm,128,2,2048,1065984,1024,11,18,0,ikj,0.031568,33.21642169,0,true,20260809
llm,128,2,2048,1065984,1024,11,18,1,kij,0.031819,32.95439832,0,true,20260809
llm,128,2,2048,1065984,1024,11,19,0,ikj,0.031728,33.04891578,0,true,20260809
llm,128,2,2048,1065984,1024,11,19,1,kij,0.031368,33.42820709,0,true,20260809
llm,128,2,2048,1065984,1024,29,0,0,ikj,0.031698,33.08019433,0,true,20260809
llm,128,2,2048,1065984,1024,29,0,1,kij,0.032139,32.6262796,0,true,20260809
llm,128,2,2048,1065984,1024,29,1,0,ikj,0.031748,33.02809626,0,true,20260809
llm,128,2,2048,1065984,1024,29,1,1,kij,0.031468,33.32197788,0,true,20260809
llm,128,2,2048,1065984,1024,29,2,0,ikj,0.031628,33.15340837,0,true,20260809
llm,128,2,2048,1065984,1024,29,2,1,kij,0.031398,33.39626728,0,true,20260809
llm,128,2,2048,1065984,1024,29,3,0,ikj,0.031658,33.12199128,0,true,20260809
llm,128,2,2048,1065984,1024,29,3,1,kij,0.031448,33.34316968,0,true,20260809
llm,128,2,2048,1065984,1024,29,4,0,kij,0.031548,33.2374794,0,true,20260809
llm,128,2,2048,1065984,1024,29,4,1,ikj,0.031688,33.09063368,0,true,20260809
llm,128,2,2048,1065984,1024,29,5,0,kij,0.031638,33.14292939,0,true,20260809
llm,128,2,2048,1065984,1024,29,5,1,ikj,0.031608,33.17438623,0,true,20260809
llm,128,2,2048,1065984,1024,29,6,0,kij,0.031627,33.15445664,0,true,20260809
llm,128,2,2048,1065984,1024,29,6,1,ikj,0.031728,33.04891578,0,true,20260809
llm,128,2,2048,1065984,1024,29,7,0,kij,0.031608,33.17438623,0,true,20260809
llm,128,2,2048,1065984,1024,29,7,1,ikj,0.031868,32.90372788,0,true,20260809
llm,128,2,2048,1065984,1024,29,8,0,kij,0.031557,33.22800013,0,true,20260809
llm,128,2,2048,1065984,1024,29,8,1,ikj,0.031558,33.22694721,0,true,20260809
llm,128,2,2048,1065984,1024,29,9,0,ikj,0.031838,32.93473208,0,true,20260809
llm,128,2,2048,1065984,1024,29,9,1,kij,0.031487,33.30187061,0,true,20260809
llm,128,2,2048,1065984,1024,29,10,0,kij,0.031347,33.45060133,0,true,20260809
llm,128,2,2048,1065984,1024,29,10,1,ikj,0.031698,33.08019433,0,true,20260809
llm,128,2,2048,1065984,1024,29,11,0,ikj,0.031788,32.9865358,0,true,20260809
llm,128,2,2048,1065984,1024,29,11,1,kij,0.031748,33.02809626,0,true,20260809
llm,128,2,2048,1065984,1024,29,12,0,kij,0.031889,32.88205964,0,true,20260809
llm,128,2,2048,1065984,1024,29,12,1,ikj,0.032118,32.64761193,0,true,20260809
llm,128,2,2048,1065984,1024,29,13,0,ikj,0.031758,33.01769633,0,true,20260809
llm,128,2,2048,1065984,1024,29,13,1,kij,0.031638,33.14292939,0,true,20260809
llm,128,2,2048,1065984,1024,29,14,0,kij,0.031668,33.11153215,0,true,20260809
llm,128,2,2048,1065984,1024,29,14,1,ikj,0.036506,28.72338794,0,true,20260809
llm,128,2,2048,1065984,1024,29,15,0,ikj,0.031768,33.00730295,0,true,20260809
llm,128,2,2048,1065984,1024,29,15,1,kij,0.031488,33.30081301,0,true,20260809
llm,128,2,2048,1065984,1024,29,16,0,kij,0.031778,32.99691611,0,true,20260809
llm,128,2,2048,1065984,1024,29,16,1,ikj,0.031798,32.97616202,0,true,20260809
llm,128,2,2048,1065984,1024,29,17,0,kij,0.032259,32.50491336,0,true,20260809
llm,128,2,2048,1065984,1024,29,17,1,ikj,0.031708,33.06976157,0,true,20260809
llm,128,2,2048,1065984,1024,29,18,0,ikj,0.031628,33.15340837,0,true,20260809
llm,128,2,2048,1065984,1024,29,18,1,kij,0.031988,32.78029261,0,true,20260809
llm,128,2,2048,1065984,1024,29,19,0,ikj,0.031788,32.9865358,0,true,20260809
llm,128,2,2048,1065984,1024,29,19,1,kij,0.031267,33.53618831,0,true,20260809
llm,128,2,2048,1065984,1024,47,0,0,ikj,0.031598,33.18488512,0,true,20260809
llm,128,2,2048,1065984,1024,47,0,1,kij,0.031849,32.92335709,0,true,20260809
llm,128,2,2048,1065984,1024,47,1,0,kij,0.032098,32.66795439,0,true,20260809
llm,128,2,2048,1065984,1024,47,1,1,ikj,0.031818,32.95543403,0,true,20260809
llm,128,2,2048,1065984,1024,47,2,0,ikj,0.032399,32.36445569,0,true,20260809
llm,128,2,2048,1065984,1024,47,2,1,kij,0.031678,33.10107961,0,true,20260809
llm,128,2,2048,1065984,1024,47,3,0,ikj,0.031557,33.22800013,0,true,20260809
llm,128,2,2048,1065984,1024,47,3,1,kij,0.031868,32.90372788,0,true,20260809
llm,128,2,2048,1065984,1024,47,4,0,kij,0.031618,33.16389398,0,true,20260809
llm,128,2,2048,1065984,1024,47,4,1,ikj,0.031718,33.05933539,0,true,20260809
llm,128,2,2048,1065984,1024,47,5,0,ikj,0.031789,32.98549813,0,true,20260809
llm,128,2,2048,1065984,1024,47,5,1,kij,0.031878,32.89340611,0,true,20260809
llm,128,2,2048,1065984,1024,47,6,0,kij,0.032139,32.6262796,0,true,20260809
llm,128,2,2048,1065984,1024,47,6,1,ikj,0.031688,33.09063368,0,true,20260809
llm,128,2,2048,1065984,1024,47,7,0,ikj,0.031758,33.01769633,0,true,20260809
llm,128,2,2048,1065984,1024,47,7,1,kij,0.03281,31.95903688,0,true,20260809
llm,128,2,2048,1065984,1024,47,8,0,kij,0.031848,32.92439086,0,true,20260809
llm,128,2,2048,1065984,1024,47,8,1,ikj,0.031828,32.9450798,0,true,20260809
llm,128,2,2048,1065984,1024,47,9,0,ikj,0.031858,32.91405612,0,true,20260809
llm,128,2,2048,1065984,1024,47,9,1,kij,0.031718,33.05933539,0,true,20260809
llm,128,2,2048,1065984,1024,47,10,0,kij,0.031898,32.87278199,0,true,20260809
llm,128,2,2048,1065984,1024,47,10,1,ikj,0.031668,33.11153215,0,true,20260809
llm,128,2,2048,1065984,1024,47,11,0,ikj,0.031658,33.12199128,0,true,20260809
llm,128,2,2048,1065984,1024,47,11,1,kij,0.031178,33.63191994,0,true,20260809
llm,128,2,2048,1065984,1024,47,12,0,kij,0.031297,33.50404192,0,true,20260809
llm,128,2,2048,1065984,1024,47,12,1,ikj,0.031688,33.09063368,0,true,20260809
llm,128,2,2048,1065984,1024,47,13,0,kij,0.031718,33.05933539,0,true,20260809
llm,128,2,2048,1065984,1024,47,13,1,ikj,0.031688,33.09063368,0,true,20260809
llm,128,2,2048,1065984,1024,47,14,0,kij,0.031889,32.88205964,0,true,20260809
llm,128,2,2048,1065984,1024,47,14,1,ikj,0.031768,33.00730295,0,true,20260809
llm,128,2,2048,1065984,1024,47,15,0,kij,0.031738,33.03850274,0,true,20260809
llm,128,2,2048,1065984,1024,47,15,1,ikj,0.031838,32.93473208,0,true,20260809
llm,128,2,2048,1065984,1024,47,16,0,kij,0.031958,32.81106452,0,true,20260809
llm,128,2,2048,1065984,1024,47,16,1,ikj,0.031658,33.12199128,0,true,20260809
llm,128,2,2048,1065984,1024,47,17,0,ikj,0.031658,33.12199128,0,true,20260809
llm,128,2,2048,1065984,1024,47,17,1,kij,0.031728,33.04891578,0,true,20260809
llm,128,2,2048,1065984,1024,47,18,0,ikj,0.032039,32.72811261,0,true,20260809
llm,128,2,2048,1065984,1024,47,18,1,kij,0.031528,33.25856382,0,true,20260809
llm,128,2,2048,1065984,1024,47,19,0,ikj,0.031708,33.06976157,0,true,20260809
llm,128,2,2048,1065984,1024,47,19,1,kij,0.032299,32.46465835,0,true,20260809
llm,128,2,8192,4260864,1024,11,0,0,kij,0.1061,39.53161169,0,true,20260809
llm,128,2,8192,4260864,1024,11,0,1,ikj,0.102244,41.02249521,0,true,20260809
llm,128,2,8192,4260864,1024,11,1,0,ikj,0.102164,41.05461807,0,true,20260809
llm,128,2,8192,4260864,1024,11,1,1,kij,0.108244,38.748605,0,true,20260809
llm,128,2,8192,4260864,1024,11,2,0,kij,0.108313,38.72392049,0,true,20260809
llm,128,2,8192,4260864,1024,11,2,1,ikj,0.103196,40.64405597,0,true,20260809
llm,128,2,8192,4260864,1024,11,3,0,ikj,0.102365,40.97400479,0,true,20260809
llm,128,2,8192,4260864,1024,11,3,1,kij,0.106692,39.31226334,0,true,20260809
llm,128,2,8192,4260864,1024,11,4,0,ikj,0.102636,40.86581706,0,true,20260809
llm,128,2,8192,4260864,1024,11,4,1,kij,0.109255,38.39004165,0,true,20260809
llm,128,2,8192,4260864,1024,11,5,0,ikj,0.102806,40.79824135,0,true,20260809
llm,128,2,8192,4260864,1024,11,5,1,kij,0.106231,39.48286282,0,true,20260809
llm,128,2,8192,4260864,1024,11,6,0,kij,0.106231,39.48286282,0,true,20260809
llm,128,2,8192,4260864,1024,11,6,1,ikj,0.102606,40.87776543,0,true,20260809
llm,128,2,8192,4260864,1024,11,7,0,ikj,0.102736,40.82603956,0,true,20260809
llm,128,2,8192,4260864,1024,11,7,1,kij,0.107883,38.87826627,0,true,20260809
llm,128,2,8192,4260864,1024,11,8,0,kij,0.106542,39.3676109,0,true,20260809
llm,128,2,8192,4260864,1024,11,8,1,ikj,0.102565,40.89410618,0,true,20260809
llm,128,2,8192,4260864,1024,11,9,0,kij,0.106792,39.27545134,0,true,20260809
llm,128,2,8192,4260864,1024,11,9,1,ikj,0.102185,41.04618095,0,true,20260809
llm,128,2,8192,4260864,1024,11,10,0,kij,0.10534,39.81682172,0,true,20260809
llm,128,2,8192,4260864,1024,11,10,1,ikj,0.102215,41.03413393,0,true,20260809
llm,128,2,8192,4260864,1024,11,11,0,kij,0.107082,39.16908537,0,true,20260809
llm,128,2,8192,4260864,1024,11,11,1,ikj,0.102996,40.72297953,0,true,20260809
llm,128,2,8192,4260864,1024,11,12,0,ikj,0.102436,40.94560506,0,true,20260809
llm,128,2,8192,4260864,1024,11,12,1,kij,0.114613,36.59536004,0,true,20260809
llm,128,2,8192,4260864,1024,11,13,0,ikj,0.102805,40.7986382,0,true,20260809
llm,128,2,8192,4260864,1024,11,13,1,kij,0.110418,37.98569074,0,true,20260809
llm,128,2,8192,4260864,1024,11,14,0,ikj,0.103146,40.66375817,0,true,20260809
llm,128,2,8192,4260864,1024,11,14,1,kij,0.107954,38.85269652,0,true,20260809
llm,128,2,8192,4260864,1024,11,15,0,ikj,0.102485,40.9260282,0,true,20260809
llm,128,2,8192,4260864,1024,11,15,1,kij,0.108855,38.53111019,0,true,20260809
llm,128,2,8192,4260864,1024,11,16,0,kij,0.107653,38.96132946,0,true,20260809
llm,128,2,8192,4260864,1024,11,16,1,ikj,0.102945,40.74315411,0,true,20260809
llm,128,2,8192,4260864,1024,11,17,0,kij,0.110216,38.05530957,0,true,20260809
llm,128,2,8192,4260864,1024,11,17,1,ikj,0.102275,41.01006111,0,true,20260809
llm,128,2,8192,4260864,1024,11,18,0,kij,0.107412,39.04874688,0,true,20260809
llm,128,2,8192,4260864,1024,11,18,1,ikj,0.102665,40.85427361,0,true,20260809
llm,128,2,8192,4260864,1024,11,19,0,kij,0.106932,39.22403022,0,true,20260809
llm,128,2,8192,4260864,1024,11,19,1,ikj,0.102576,40.88972079,0,true,20260809
llm,128,2,8192,4260864,1024,29,0,0,kij,0.108615,38.61625006,0,true,20260809
llm,128,2,8192,4260864,1024,29,0,1,ikj,0.102715,40.83438641,0,true,20260809
llm,128,2,8192,4260864,1024,29,1,0,kij,0.107442,39.03784367,0,true,20260809
llm,128,2,8192,4260864,1024,29,1,1,ikj,0.102836,40.78633941,0,true,20260809
llm,128,2,8192,4260864,1024,29,2,0,kij,0.108384,38.69855329,0,true,20260809
llm,128,2,8192,4260864,1024,29,2,1,ikj,0.102645,40.86223391,0,true,20260809
llm,128,2,8192,4260864,1024,29,3,0,ikj,0.103246,40.62437286,0,true,20260809
llm,128,2,8192,4260864,1024,29,3,1,kij,0.109466,38.31604334,0,true,20260809
llm,128,2,8192,4260864,1024,29,4,0,ikj,0.102565,40.89410618,0,true,20260809
llm,128,2,8192,4260864,1024,29,4,1,kij,0.108965,38.4922131,0,true,20260809
llm,128,2,8192,4260864,1024,29,5,0,ikj,0.103066,40.69532144,0,true,20260809
llm,128,2,8192,4260864,1024,29,5,1,kij,0.109456,38.31954393,0,true,20260809
llm,128,2,8192,4260864,1024,29,6,0,kij,0.108574,38.63083243,0,true,20260809
llm,128,2,8192,4260864,1024,29,6,1,ikj,0.102284,41.00645262,0,true,20260809
llm,128,2,8192,4260864,1024,29,7,0,ikj,0.102605,40.87816383,0,true,20260809
llm,128,2,8192,4260864,1024,29,7,1,kij,0.107623,38.97218996,0,true,20260809
llm,128,2,8192,4260864,1024,29,8,0,kij,0.107363,39.06656856,0,true,20260809
llm,128,2,8192,4260864,1024,29,8,1,ikj,0.102515,40.9140516,0,true,20260809
llm,128,2,8192,4260864,1024,29,9,0,kij,0.107562,38.99429166,0,true,20260809
llm,128,2,8192,4260864,1024,29,9,1,ikj,0.102665,40.85427361,0,true,20260809
llm,128,2,8192,4260864,1024,29,10,0,kij,0.107723,38.93601181,0,true,20260809
llm,128,2,8192,4260864,1024,29,10,1,ikj,0.102214,41.03453539,0,true,20260809
llm,128,2,8192,4260864,1024,29,11,0,ikj,0.102525,40.91006096,0,true,20260809
llm,128,2,8192,4260864,1024,29,11,1,kij,0.108635,38.6091407,0,true,20260809
llm,128,2,8192,4260864,1024,29,12,0,kij,0.108454,38.67357589,0,true,20260809
llm,128,2,8192,4260864,1024,29,12,1,ikj,0.102806,40.79824135,0,true,20260809
llm,128,2,8192,4260864,1024,29,13,0,kij,0.106942,39.22036244,0,true,20260809
llm,128,2,8192,4260864,1024,29,13,1,ikj,0.102095,41.08236446,0,true,20260809
llm,128,2,8192,4260864,1024,29,14,0,kij,0.106612,39.34176265,0,true,20260809
llm,128,2,8192,4260864,1024,29,14,1,ikj,0.102445,40.94200791,0,true,20260809
llm,128,2,8192,4260864,1024,29,15,0,kij,0.107563,38.99392914,0,true,20260809
llm,128,2,8192,4260864,1024,29,15,1,ikj,0.102535,40.9060711,0,true,20260809
llm,128,2,8192,4260864,1024,29,16,0,ikj,0.110707,37.88652931,0,true,20260809
llm,128,2,8192,4260864,1024,29,16,1,kij,0.107633,38.96856912,0,true,20260809
llm,128,2,8192,4260864,1024,29,17,0,ikj,0.102695,40.84233896,0,true,20260809
llm,128,2,8192,4260864,1024,29,17,1,kij,0.107012,39.19470714,0,true,20260809
llm,128,2,8192,4260864,1024,29,18,0,kij,0.107132,39.15080461,0,true,20260809
llm,128,2,8192,4260864,1024,29,18,1,ikj,0.102455,40.93801181,0,true,20260809
llm,128,2,8192,4260864,1024,29,19,0,kij,0.107793,38.91072704,0,true,20260809
llm,128,2,8192,4260864,1024,29,19,1,ikj,0.102676,40.84989676,0,true,20260809
llm,128,2,8192,4260864,1024,47,0,0,ikj,0.102325,40.99002199,0,true,20260809
llm,128,2,8192,4260864,1024,47,0,1,kij,0.108254,38.74502559,0,true,20260809
llm,128,2,8192,4260864,1024,47,1,0,ikj,0.102586,40.8857349,0,true,20260809
llm,128,2,8192,4260864,1024,47,1,1,kij,0.234084,17.91794399,0,true,20260809
llm,128,2,8192,4260864,1024,47,2,0,kij,0.108124,38.79160963,0,true,20260809
llm,128,2,8192,4260864,1024,47,2,1,ikj,0.102735,40.82643695,0,true,20260809
llm,128,2,8192,4260864,1024,47,3,0,ikj,0.103076,40.69137336,0,true,20260809
llm,128,2,8192,4260864,1024,47,3,1,kij,0.108084,38.80596573,0,true,20260809
llm,128,2,8192,4260864,1024,47,4,0,ikj,0.102785,40.80657684,0,true,20260809
llm,128,2,8192,4260864,1024,47,4,1,kij,0.107963,38.84945768,0,true,20260809
llm,128,2,8192,4260864,1024,47,5,0,kij,0.107533,39.00480783,0,true,20260809
llm,128,2,8192,4260864,1024,47,5,1,ikj,0.103056,40.6992703,0,true,20260809
llm,128,2,8192,4260864,1024,47,6,0,kij,0.108083,38.80632477,0,true,20260809
llm,128,2,8192,4260864,1024,47,6,1,ikj,0.102705,40.8383623,0,true,20260809
llm,128,2,8192,4260864,1024,47,7,0,ikj,0.103066,40.69532144,0,true,20260809
llm,128,2,8192,4260864,1024,47,7,1,kij,0.107672,38.95445427,0,true,20260809
llm,128,2,8192,4260864,1024,47,8,0,kij,0.106581,39.35320554,0,true,20260809
llm,128,2,8192,4260864,1024,47,8,1,ikj,0.102566,40.89370747,0,true,20260809
llm,128,2,8192,4260864,1024,47,9,0,kij,0.107793,38.91072704,0,true,20260809
llm,128,2,8192,4260864,1024,47,9,1,ikj,0.102746,40.82206607,0,true,20260809
llm,128,2,8192,4260864,1024,47,10,0,kij,0.107222,39.11794221,0,true,20260809
llm,128,2,8192,4260864,1024,47,10,1,ikj,0.102576,40.88972079,0,true,20260809
llm,128,2,8192,4260864,1024,47,11,0,ikj,0.102445,40.94200791,0,true,20260809
llm,128,2,8192,4260864,1024,47,11,1,kij,0.106812,39.26809722,0,true,20260809
llm,128,2,8192,4260864,1024,47,12,0,kij,0.108104,38.79878635,0,true,20260809
llm,128,2,8192,4260864,1024,47,12,1,ikj,0.102786,40.80617983,0,true,20260809
llm,128,2,8192,4260864,1024,47,13,0,kij,0.106972,39.2093632,0,true,20260809
llm,128,2,8192,4260864,1024,47,13,1,ikj,0.102746,40.82206607,0,true,20260809
llm,128,2,8192,4260864,1024,47,14,0,kij,0.10566,39.6962332,0,true,20260809
llm,128,2,8192,4260864,1024,47,14,1,ikj,0.102696,40.84194126,0,true,20260809
llm,128,2,8192,4260864,1024,47,15,0,ikj,0.102735,40.82643695,0,true,20260809
llm,128,2,8192,4260864,1024,47,15,1,kij,0.106741,39.29421684,0,true,20260809
llm,128,2,8192,4260864,1024,47,16,0,kij,0.10611,39.52788616,0,true,20260809
llm,128,2,8192,4260864,1024,47,16,1,ikj,0.103056,40.6992703,0,true,20260809
llm,128,2,8192,4260864,1024,47,17,0,kij,0.107112,39.15811487,0,true,20260809
llm,128,2,8192,4260864,1024,47,17,1,ikj,0.103006,40.71902608,0,true,20260809
llm,128,2,8192,4260864,1024,47,18,0,kij,0.106672,39.31963402,0,true,20260809
llm,128,2,8192,4260864,1024,47,18,1,ikj,0.102976,40.73088875,0,true,20260809
llm,128,2,8192,4260864,1024,47,19,0,kij,0.108905,38.51341995,0,true,20260809
llm,128,2,8192,4260864,1024,47,19,1,ikj,0.109015,38.47455855,0,true,20260809
llm,128,2,16384,8520704,1024,11,0,0,kij,0.214164,39.16908537,0,true,20260809
llm,128,2,16384,8520704,1024,11,0,1,ikj,0.20469,40.98201182,0,true,20260809
llm,128,2,16384,8520704,1024,11,1,0,ikj,0.204469,41.02630717,0,true,20260809
llm,128,2,16384,8520704,1024,11,1,1,kij,0.212852,39.41051999,0,true,20260809
llm,128,2,16384,8520704,1024,11,2,0,ikj,0.204649,40.99022228,0,true,20260809
llm,128,2,16384,8520704,1024,11,2,1,kij,0.212742,39.43089752,0,true,20260809
llm,128,2,16384,8520704,1024,11,3,0,kij,0.213132,39.35874482,0,true,20260809
llm,128,2,16384,8520704,1024,11,3,1,ikj,0.20457,41.00605172,0,true,20260809
llm,128,2,16384,8520704,1024,11,4,0,kij,0.212592,39.45871905,0,true,20260809
llm,128,2,16384,8520704,1024,11,4,1,ikj,0.20477,40.96600088,0,true,20260809
llm,128,2,16384,8520704,1024,11,5,0,ikj,0.209377,40.06461073,0,true,20260809
llm,128,2,16384,8520704,1024,11,5,1,kij,0.215506,38.92517146,0,true,20260809
llm,128,2,16384,8520704,1024,11,6,0,ikj,0.20486,40.94800351,0,true,20260809
llm,128,2,16384,8520704,1024,11,6,1,kij,0.214244,39.1544594,0,true,20260809
llm,128,2,16384,8520704,1024,11,7,0,kij,0.215136,38.99211661,0,true,20260809
llm,128,2,16384,8520704,1024,11,7,1,ikj,0.205221,40.87597273,0,true,20260809
llm,128,2,16384,8520704,1024,11,8,0,ikj,0.2047,40.98000977,0,true,20260809
llm,128,2,16384,8520704,1024,11,8,1,kij,0.213794,39.23687288,0,true,20260809
llm,128,2,16384,8520704,1024,11,9,0,kij,0.212211,39.52956256,0,true,20260809
llm,128,2,16384,8520704,1024,11,9,1,ikj,0.20443,41.03413393,0,true,20260809
llm,128,2,16384,8520704,1024,11,10,0,ikj,0.20458,41.00404732,0,true,20260809
llm,128,2,16384,8520704,1024,11,10,1,kij,0.212411,39.49234268,0,true,20260809
llm,128,2,16384,8520704,1024,11,11,0,ikj,0.20522,40.87617191,0,true,20260809
llm,128,2,16384,8520704,1024,11,11,1,kij,0.214445,39.1177598,0,true,20260809
llm,128,2,16384,8520704,1024,11,12,0,kij,0.214655,39.07949034,0,true,20260809
llm,128,2,16384,8520704,1024,11,12,1,ikj,0.20466,40.98801915,0,true,20260809
llm,128,2,16384,8520704,1024,11,13,0,kij,0.212041,39.56125466,0,true,20260809
llm,128,2,16384,8520704,1024,11,13,1,ikj,0.204589,41.00224352,0,true,20260809
llm,128,2,16384,8520704,1024,11,14,0,ikj,0.205571,40.80637833,0,true,20260809
llm,128,2,16384,8520704,1024,11,14,1,kij,0.220323,38.07413661,0,true,20260809
llm,128,2,16384,8520704,1024,11,15,0,ikj,0.20497,40.9260282,0,true,20260809
llm,128,2,16384,8520704,1024,11,15,1,kij,0.212682,39.44202142,0,true,20260809
llm,128,2,16384,8520704,1024,11,16,0,ikj,0.204189,41.08256566,0,true,20260809
llm,128,2,16384,8520704,1024,11,16,1,kij,0.214405,39.12505772,0,true,20260809
llm,128,2,16384,8520704,1024,11,17,0,kij,0.215336,38.95590147,0,true,20260809
llm,128,2,16384,8520704,1024,11,17,1,ikj,0.205181,40.8839415,0,true,20260809
llm,128,2,16384,8520704,1024,11,18,0,kij,0.212832,39.41422343,0,true,20260809
llm,128,2,16384,8520704,1024,11,18,1,ikj,0.204519,41.01627722,0,true,20260809
llm,128,2,16384,8520704,1024,11,19,0,kij,0.213653,39.2627672,0,true,20260809
llm,128,2,16384,8520704,1024,11,19,1,ikj,0.205581,40.8043934,0,true,20260809
llm,128,2,16384,8520704,1024,29,0,0,ikj,0.20515,40.89011942,0,true,20260809
llm,128,2,16384,8520704,1024,29,0,1,kij,0.219372,38.23919187,0,true,20260809
llm,128,2,16384,8520704,1024,29,1,0,ikj,0.206532,40.61650495,0,true,20260809
llm,128,2,16384,8520704,1024,29,1,1,kij,0.212862,39.40866853,0,true,20260809
llm,128,2,16384,8520704,1024,29,2,0,ikj,0.20452,41.01607667,0,true,20260809
llm,128,2,16384,8520704,1024,29,2,1,kij,0.212932,39.39571319,0,true,20260809
llm,128,2,16384,8520704,1024,29,3,0,kij,0.213052,39.37352383,0,true,20260809
llm,128,2,16384,8520704,1024,29,3,1,ikj,0.205742,40.7724626,0,true,20260809
llm,128,2,16384,8520704,1024,29,4,0,ikj,0.20509,40.90208201,0,true,20260809
llm,128,2,16384,8520704,1024,29,4,1,kij,0.216788,38.69498312,0,true,20260809
llm,128,2,16384,8520704,1024,29,5,0,kij,0.216348,38.77367944,0,true,20260809
llm,128,2,16384,8520704,1024,29,5,1,ikj,0.205461,40.82822531,0,true,20260809
llm,128,2,16384,8520704,1024,29,6,0,ikj,0.205491,40.82226472,0,true,20260809
llm,128,2,16384,8520704,1024,29,6,1,kij,0.217319,38.6004353,0,true,20260809
llm,128,2,16384,8520704,1024,29,7,0,ikj,0.20526,40.86820618,0,true,20260809
llm,128,2,16384,8520704,1024,29,7,1,kij,0.21115,39.72819323,0,true,20260809
llm,128,2,16384,8520704,1024,29,8,0,ikj,0.205251,40.8699982,0,true,20260809
llm,128,2,16384,8520704,1024,29,8,1,kij,0.215366,38.95047501,0,true,20260809
llm,128,2,16384,8520704,1024,29,9,0,ikj,0.209657,40.01110385,0,true,20260809
llm,128,2,16384,8520704,1024,29,9,1,kij,0.212381,39.49792119,0,true,20260809
llm,128,2,16384,8520704,1024,29,10,0,kij,0.213293,39.32903565,0,true,20260809
llm,128,2,16384,8520704,1024,29,10,1,ikj,0.205011,40.91784343,0,true,20260809
llm,128,2,16384,8520704,1024,29,11,0,kij,0.216468,38.75218508,0,true,20260809
llm,128,2,16384,8520704,1024,29,11,1,ikj,0.20481,40.9580001,0,true,20260809
llm,128,2,16384,8520704,1024,29,12,0,ikj,0.20466,40.98801915,0,true,20260809
llm,128,2,16384,8520704,1024,29,12,1,kij,0.214054,39.18921394,0,true,20260809
llm,128,2,16384,8520704,1024,29,13,0,ikj,0.206482,40.62634031,0,true,20260809
llm,128,2,16384,8520704,1024,29,13,1,kij,0.21755,38.5594484,0,true,20260809
llm,128,2,16384,8520704,1024,29,14,0,kij,0.21828,38.43049294,0,true,20260809
llm,128,2,16384,8520704,1024,29,14,1,ikj,0.20492,40.93601405,0,true,20260809
llm,128,2,16384,8520704,1024,29,15,0,ikj,0.205161,40.88792704,0,true,20260809
llm,128,2,16384,8520704,1024,29,15,1,kij,0.212572,39.46243155,0,true,20260809
llm,128,2,16384,8520704,1024,29,16,0,kij,0.212952,39.39201322,0,true,20260809
llm,128,2,16384,8520704,1024,29,16,1,ikj,0.204589,41.00224352,0,true,20260809
llm,128,2,16384,8520704,1024,29,17,0,kij,0.213262,39.33475256,0,true,20260809
llm,128,2,16384,8520704,1024,29,17,1,ikj,0.20487,40.94600478,0,true,20260809
llm,128,2,16384,8520704,1024,29,18,0,ikj,0.2046,41.0000391,0,true,20260809
llm,128,2,16384,8520704,1024,29,18,1,kij,0.269157,31.1662264,0,true,20260809
llm,128,2,16384,8520704,1024,29,19,0,kij,0.215115,38.99592311,0,true,20260809
llm,128,2,16384,8520704,1024,29,19,1,ikj,0.205872,40.74671641,0,true,20260809
llm,128,2,16384,8520704,1024,47,0,0,kij,0.214445,39.1177598,0,true,20260809
llm,128,2,16384,8520704,1024,47,0,1,ikj,0.205241,40.87198951,0,true,20260809
llm,128,2,16384,8520704,1024,47,1,0,ikj,0.20468,40.98401407,0,true,20260809
llm,128,2,16384,8520704,1024,47,1,1,kij,0.21165,39.63433971,0,true,20260809
llm,128,2,16384,8520704,1024,47,2,0,kij,0.2116,39.6437051,0,true,20260809
llm,128,2,16384,8520704,1024,47,2,1,ikj,0.20451,41.01808225,0,true,20260809
llm,128,2,16384,8520704,1024,47,3,0,ikj,0.205321,40.85606441,0,true,20260809
llm,128,2,16384,8520704,1024,47,3,1,kij,0.221715,37.8350946,0,true,20260809
llm,128,2,16384,8520704,1024,47,4,0,kij,0.222647,37.67671696,0,true,20260809
llm,128,2,16384,8520704,1024,47,4,1,ikj,0.205391,40.84214011,0,true,20260809
llm,128,2,16384,8520704,1024,47,5,0,ikj,0.205281,40.86402541,0,true,20260809
llm,128,2,16384,8520704,1024,47,5,1,kij,0.214355,39.13418395,0,true,20260809
llm,128,2,16384,8520704,1024,47,6,0,ikj,0.205421,40.83617546,0,true,20260809
llm,128,2,16384,8520704,1024,47,6,1,kij,0.212722,39.43460479,0,true,20260809
llm,128,2,16384,8520704,1024,47,7,0,ikj,0.205081,40.903877,0,true,20260809
llm,128,2,16384,8520704,1024,47,7,1,kij,0.212371,39.49978104,0,true,20260809
llm,128,2,16384,8520704,1024,47,8,0,ikj,0.205731,40.77464262,0,true,20260809
llm,128,2,16384,8520704,1024,47,8,1,kij,0.215266,38.96856912,0,true,20260809
llm,128,2,16384,8520704,1024,47,9,0,ikj,0.206172,40.68742603,0,true,20260809
llm,128,2,16384,8520704,1024,47,9,1,kij,0.21787,38.5028136,0,true,20260809
llm,128,2,16384,8520704,1024,47,10,0,kij,0.219001,38.30397121,0,true,20260809
llm,128,2,16384,8520704,1024,47,10,1,ikj,0.20476,40.96800156,0,true,20260809
llm,128,2,16384,8520704,1024,47,11,0,ikj,0.20489,40.94200791,0,true,20260809
llm,128,2,16384,8520704,1024,47,11,1,kij,0.213283,39.33087963,0,true,20260809
llm,128,2,16384,8520704,1024,47,12,0,ikj,0.205221,40.87597273,0,true,20260809
llm,128,2,16384,8520704,1024,47,12,1,kij,0.213603,39.27195779,0,true,20260809
llm,128,2,16384,8520704,1024,47,13,0,ikj,0.211991,39.57058554,0,true,20260809
llm,128,2,16384,8520704,1024,47,13,1,kij,0.213493,39.29219225,0,true,20260809
llm,128,2,16384,8520704,1024,47,14,0,ikj,0.207144,40.49650485,0,true,20260809
llm,128,2,16384,8520704,1024,47,14,1,kij,0.21808,38.46573734,0,true,20260809
llm,128,2,16384,8520704,1024,47,15,0,ikj,0.205681,40.78455472,0,true,20260809
llm,128,2,16384,8520704,1024,47,15,1,kij,0.213413,39.30692132,0,true,20260809
llm,128,2,16384,8520704,1024,47,16,0,kij,0.213143,39.35671357,0,true,20260809
llm,128,2,16384,8520704,1024,47,16,1,ikj,0.206162,40.6893996,0,true,20260809
llm,128,2,16384,8520704,1024,47,17,0,ikj,0.206213,40.67933641,0,true,20260809
llm,128,2,16384,8520704,1024,47,17,1,kij,0.215226,38.97581147,0,true,20260809
llm,128,2,16384,8520704,1024,47,18,0,kij,0.217449,38.57735837,0,true,20260809
llm,128,2,16384,8520704,1024,47,18,1,ikj,0.205281,40.86402541,0,true,20260809
llm,128,2,16384,8520704,1024,47,19,0,kij,0.21146,39.66995176,0,true,20260809
llm,128,2,16384,8520704,1024,47,19,1,ikj,0.206021,40.71724727,0,true,20260809
llm,128,4,128,69632,2048,11,0,0,ikj,0.005388,24.32665182,0,true,20260809
llm,128,4,128,69632,2048,11,0,1,kij,0.004627,28.3276421,0,true,20260809
llm,128,4,128,69632,2048,11,1,0,kij,0.004617,28.38899718,0,true,20260809
llm,128,4,128,69632,2048,11,1,1,ikj,0.005409,24.23220558,0,true,20260809
llm,128,4,128,69632,2048,11,2,0,ikj,0.005468,23.97073884,0,true,20260809
llm,128,4,128,69632,2048,11,2,1,kij,0.004617,28.38899718,0,true,20260809
llm,128,4,128,69632,2048,11,3,0,ikj,0.005538,23.66775009,0,true,20260809
llm,128,4,128,69632,2048,11,3,1,kij,0.004617,28.38899718,0,true,20260809
llm,128,4,128,69632,2048,11,4,0,kij,0.004597,28.51250816,0,true,20260809
llm,128,4,128,69632,2048,11,4,1,ikj,0.005538,23.66775009,0,true,20260809
llm,128,4,128,69632,2048,11,5,0,kij,0.004597,28.51250816,0,true,20260809
llm,128,4,128,69632,2048,11,5,1,ikj,0.005859,22.37105308,0,true,20260809
llm,128,4,128,69632,2048,11,6,0,ikj,0.005518,23.75353389,0,true,20260809
llm,128,4,128,69632,2048,11,6,1,kij,0.004597,28.51250816,0,true,20260809
llm,128,4,128,69632,2048,11,7,0,ikj,0.005458,24.01465738,0,true,20260809
llm,128,4,128,69632,2048,11,7,1,kij,0.004557,28.76278253,0,true,20260809
llm,128,4,128,69632,2048,11,8,0,kij,0.004587,28.57466754,0,true,20260809
llm,128,4,128,69632,2048,11,8,1,ikj,0.005429,24.14293608,0,true,20260809
llm,128,4,128,69632,2048,11,9,0,kij,0.004567,28.69980293,0,true,20260809
llm,128,4,128,69632,2048,11,9,1,ikj,0.005489,23.87903079,0,true,20260809
llm,128,4,128,69632,2048,11,10,0,kij,0.004597,28.51250816,0,true,20260809
llm,128,4,128,69632,2048,11,10,1,ikj,0.005438,24.10297904,0,true,20260809
llm,128,4,128,69632,2048,11,11,0,kij,0.004597,28.51250816,0,true,20260809
llm,128,4,128,69632,2048,11,11,1,ikj,0.005468,23.97073884,0,true,20260809
llm,128,4,128,69632,2048,11,12,0,kij,0.004547,28.82603915,0,true,20260809
llm,128,4,128,69632,2048,11,12,1,ikj,0.005559,23.57834143,0,true,20260809
llm,128,4,128,69632,2048,11,13,0,kij,0.004577,28.63709854,0,true,20260809
llm,128,4,128,69632,2048,11,13,1,ikj,0.005338,24.5545148,0,true,20260809
llm,128,4,128,69632,2048,11,14,0,ikj,0.005418,24.19195275,0,true,20260809
llm,128,4,128,69632,2048,11,14,1,kij,0.004627,28.3276421,0,true,20260809
llm,128,4,128,69632,2048,11,15,0,ikj,0.005518,23.75353389,0,true,20260809
llm,128,4,128,69632,2048,11,15,1,kij,0.004577,28.63709854,0,true,20260809
llm,128,4,128,69632,2048,11,16,0,kij,0.004557,28.76278253,0,true,20260809
llm,128,4,128,69632,2048,11,16,1,ikj,0.005368,24.41728763,0,true,20260809
llm,128,4,128,69632,2048,11,17,0,ikj,0.005458,24.01465738,0,true,20260809
llm,128,4,128,69632,2048,11,17,1,kij,0.004587,28.57466754,0,true,20260809
llm,128,4,128,69632,2048,11,18,0,ikj,0.005488,23.88338192,0,true,20260809
llm,128,4,128,69632,2048,11,18,1,kij,0.004547,28.82603915,0,true,20260809
llm,128,4,128,69632,2048,11,19,0,kij,0.004607,28.45061862,0,true,20260809
llm,128,4,128,69632,2048,11,19,1,ikj,0.005358,24.46285928,0,true,20260809
llm,128,4,128,69632,2048,29,0,0,kij,0.004607,28.45061862,0,true,20260809
llm,128,4,128,69632,2048,29,0,1,ikj,0.005388,24.32665182,0,true,20260809
llm,128,4,128,69632,2048,29,1,0,ikj,0.005358,24.46285928,0,true,20260809
llm,128,4,128,69632,2048,29,1,1,kij,0.004597,28.51250816,0,true,20260809
llm,128,4,128,69632,2048,29,2,0,ikj,0.005338,24.5545148,0,true,20260809
llm,128,4,128,69632,2048,29,2,1,kij,0.004597,28.51250816,0,true,20260809
llm,128,4,128,69632,2048,29,3,0,ikj,0.005579,23.4938161,0,true,20260809
llm,128,4,128,69632,2048,29,3,1,kij,0.004547,28.82603915,0,true,20260809
llm,128,4,128,69632,2048,29,4,0,kij,0.004567,28.69980293,0,true,20260809
llm,128,4,128,69632,2048,29,4,1,ikj,0.005519,23.74922993,0,true,20260809
llm,128,4,128,69632,2048,29,5,0,ikj,0.005368,24.41728763,0,true,20260809
llm,128,4,128,69632,2048,29,5,1,kij,0.004566,28.70608848,0,true,20260809
llm,128,4,128,69632,2048,29,6,0,kij,0.004597,28.51250816,0,true,20260809
llm,128,4,128,69632,2048,29,6,1,ikj,0.005318,24.64685972,0,true,20260809
llm,128,4,128,69632,2048,29,7,0,kij,0.004577,28.63709854,0,true,20260809
llm,128,4,128,69632,2048,29,7,1,ikj,0.005388,24.32665182,0,true,20260809
llm,128,4,128,69632,2048,29,8,0,kij,0.004536,28.89594356,0,true,20260809
llm,128,4,128,69632,2048,29,8,1,ikj,0.005769,22.72005547,0,true,20260809
llm,128,4,128,69632,2048,29,9,0,ikj,0.005428,24.14738394,0,true,20260809
llm,128,4,128,69632,2048,29,9,1,kij,0.004587,28.57466754,0,true,20260809
llm,128,4,128,69632,2048,29,10,0,kij,0.004627,28.3276421,0,true,20260809
llm,128,4,128,69632,2048,29,10,1,ikj,0.005589,23.45178028,0,true,20260809
llm,128,4,128,69632,2048,29,11,0,ikj,0.005428,24.14738394,0,true,20260809
llm,128,4,128,69632,2048,29,11,1,kij,0.004617,28.38899718,0,true,20260809
llm,128,4,128,69632,2048,29,12,0,kij,0.004637,28.26655165,0,true,20260809
llm,128,4,128,69632,2048,29,12,1,ikj,0.005408,24.23668639,0,true,20260809
llm,128,4,128,69632,2048,29,13,0,kij,0.004587,28.57466754,0,true,20260809
llm,128,4,128,69632,2048,29,13,1,ikj,0.005648,23.20679887,0,true,20260809
llm,128,4,128,69632,2048,29,14,0,kij,0.004597,28.51250816,0,true,20260809
llm,128,4,128,69632,2048,29,14,1,ikj,0.005558,23.58258366,0,true,20260809
llm,128,4,128,69632,2048,29,15,0,kij,0.004557,28.76278253,0,true,20260809
llm,128,4,128,69632,2048,29,15,1,ikj,0.005448,24.05873715,0,true,20260809
llm,128,4,128,69632,2048,29,16,0,kij,0.004607,28.45061862,0,true,20260809
llm,128,4,128,69632,2048,29,16,1,ikj,0.005679,23.08011974,0,true,20260809
llm,128,4,128,69632,2048,29,17,0,ikj,0.005388,24.32665182,0,true,20260809
llm,128,4,128,69632,2048,29,17,1,kij,0.004577,28.63709854,0,true,20260809
llm,128,4,128,69632,2048,29,18,0,kij,0.004607,28.45061862,0,true,20260809
llm,128,4,128,69632,2048,29,18,1,ikj,0.005408,24.23668639,0,true,20260809
llm,128,4,128,69632,2048,29,19,0,ikj,0.005398,24.28158577,0,true,20260809
llm,128,4,128,69632,2048,29,19,1,kij,0.004627,28.3276421,0,true,20260809
llm,128,4,128,69632,2048,47,0,0,ikj,0.005458,24.01465738,0,true,20260809
llm,128,4,128,69632,2048,47,0,1,kij,0.004567,28.69980293,0,true,20260809
llm,128,4,128,69632,2048,47,1,0,ikj,0.005508,23.7966594,0,true,20260809
llm,128,4,128,69632,2048,47,1,1,kij,0.004587,28.57466754,0,true,20260809
llm,128,4,128,69632,2048,47,2,0,kij,0.004597,28.51250816,0,true,20260809
llm,128,4,128,69632,2048,47,2,1,ikj,0.005247,24.98036974,0,true,20260809
llm,128,4,128,69632,2048,47,3,0,kij,0.004577,28.63709854,0,true,20260809
llm,128,4,128,69632,2048,47,3,1,ikj,0.005388,24.32665182,0,true,20260809
llm,128,4,128,69632,2048,47,4,0,ikj,0.005358,24.46285928,0,true,20260809
llm,128,4,128,69632,2048,47,4,1,kij,0.004577,28.63709854,0,true,20260809
llm,128,4,128,69632,2048,47,5,0,kij,0.004557,28.76278253,0,true,20260809
llm,128,4,128,69632,2048,47,5,1,ikj,0.005328,24.6006006,0,true,20260809
llm,128,4,128,69632,2048,47,6,0,ikj,0.005439,24.09854753,0,true,20260809
llm,128,4,128,69632,2048,47,6,1,kij,0.004577,28.63709854,0,true,20260809
llm,128,4,128,69632,2048,47,7,0,kij,0.004597,28.51250816,0,true,20260809
llm,128,4,128,69632,2048,47,7,1,ikj,0.005368,24.41728763,0,true,20260809
llm,128,4,128,69632,2048,47,8,0,ikj,0.005479,23.92261362,0,true,20260809
llm,128,4,128,69632,2048,47,8,1,kij,0.004557,28.76278253,0,true,20260809
llm,128,4,128,69632,2048,47,9,0,ikj,0.005449,24.05432189,0,true,20260809
llm,128,4,128,69632,2048,47,9,1,kij,0.004567,28.69980293,0,true,20260809
llm,128,4,128,69632,2048,47,10,0,kij,0.004527,28.95339077,0,true,20260809
llm,128,4,128,69632,2048,47,10,1,ikj,0.005478,23.92698065,0,true,20260809
llm,128,4,128,69632,2048,47,11,0,kij,0.004587,28.57466754,0,true,20260809
llm,128,4,128,69632,2048,47,11,1,ikj,0.005348,24.50860135,0,true,20260809
llm,128,4,128,69632,2048,47,12,0,ikj,0.005438,24.10297904,0,true,20260809
llm,128,4,128,69632,2048,47,12,1,kij,0.004537,28.88957461,0,true,20260809
llm,128,4,128,69632,2048,47,13,0,ikj,0.005448,24.05873715,0,true,20260809
llm,128,4,128,69632,2048,47,13,1,kij,0.004587,28.57466754,0,true,20260809
llm,128,4,128,69632,2048,47,14,0,ikj,0.005408,24.23668639,0,true,20260809
llm,128,4,128,69632,2048,47,14,1,kij,0.004617,28.38899718,0,true,20260809
llm,128,4,128,69632,2048,47,15,0,ikj,0.005519,23.74922993,0,true,20260809
llm,128,4,128,69632,2048,47,15,1,kij,0.004647,28.20572412,0,true,20260809
llm,128,4,128,69632,2048,47,16,0,kij,0.004607,28.45061862,0,true,20260809
llm,128,4,128,69632,2048,47,16,1,ikj,0.005458,24.01465738,0,true,20260809
llm,128,4,128,69632,2048,47,17,0,kij,0.004617,28.38899718,0,true,20260809
llm,128,4,128,69632,2048,47,17,1,ikj,0.005468,23.97073884,0,true,20260809
llm,128,4,128,69632,2048,47,18,0,ikj,0.005558,23.58258366,0,true,20260809
llm,128,4,128,69632,2048,47,18,1,kij,0.004587,28.57466754,0,true,20260809
llm,128,4,128,69632,2048,47,19,0,ikj,0.005608,23.37232525,0,true,20260809
llm,128,4,128,69632,2048,47,19,1,kij,0.004607,28.45061862,0,true,20260809
llm,128,4,512,272384,2048,11,0,0,kij,0.018939,27.68298221,0,true,20260809
llm,128,4,512,272384,2048,11,0,1,ikj,0.02656,19.73975904,0,true,20260809
llm,128,4,512,272384,2048,11,1,0,kij,0.019098,27.45250812,0,true,20260809
llm,128,4,512,272384,2048,11,1,1,ikj,0.027401,19.13390022,0,true,20260809
llm,128,4,512,272384,2048,11,2,0,ikj,0.027211,19.26750211,0,true,20260809
llm,128,4,512,272384,2048,11,2,1,kij,0.019029,27.55205213,0,true,20260809
llm,128,4,512,272384,2048,11,3,0,kij,0.018768,27.93520887,0,true,20260809
llm,128,4,512,272384,2048,11,3,1,ikj,0.026961,19.44616298,0,true,20260809
llm,128,4,512,272384,2048,11,4,0,kij,0.018989,27.61009005,0,true,20260809
llm,128,4,512,272384,2048,11,4,1,ikj,0.027422,19.11924732,0,true,20260809
llm,128,4,512,272384,2048,11,5,0,kij,0.019049,27.52312457,0,true,20260809
llm,128,4,512,272384,2048,11,5,1,ikj,0.02698,19.4324685,0,true,20260809
llm,128,4,512,272384,2048,11,6,0,ikj,0.027321,19.18992716,0,true,20260809
llm,128,4,512,272384,2048,11,6,1,kij,0.018628,28.14515783,0,true,20260809
llm,128,4,512,272384,2048,11,7,0,kij,0.018959,27.65377921,0,true,20260809
llm,128,4,512,272384,2048,11,7,1,ikj,0.027542,19.0359451,0,true,20260809
llm,128,4,512,272384,2048,11,8,0,ikj,0.027161,19.30297117,0,true,20260809
llm,128,4,512,272384,2048,11,8,1,kij,0.018929,27.69760685,0,true,20260809
llm,128,4,512,272384,2048,11,9,0,kij,0.019109,27.43670522,0,true,20260809
llm,128,4,512,272384,2048,11,9,1,ikj,0.027141,19.31719539,0,true,20260809
llm,128,4,512,272384,2048,11,10,0,kij,0.019009,27.58104056,0,true,20260809
llm,128,4,512,272384,2048,11,10,1,ikj,0.027261,19.23216316,0,true,20260809
llm,128,4,512,272384,2048,11,11,0,ikj,0.026951,19.45337835,0,true,20260809
llm,128,4,512,272384,2048,11,11,1,kij,0.018949,27.668373,0,true,20260809
llm,128,4,512,272384,2048,11,12,0,kij,0.018809,27.87431549,0,true,20260809
llm,128,4,512,272384,2048,11,12,1,ikj,0.026831,19.54038239,0,true,20260809
llm,128,4,512,272384,2048,11,13,0,kij,0.019079,27.47984695,0,true,20260809
llm,128,4,512,272384,2048,11,13,1,ikj,0.027281,19.21806385,0,true,20260809
llm,128,4,512,272384,2048,11,14,0,kij,0.019189,27.32232008,0,true,20260809
llm,128,4,512,272384,2048,11,14,1,ikj,0.027251,19.23922058,0,true,20260809
llm,128,4,512,272384,2048,11,15,0,kij,0.018969,27.6392008,0,true,20260809
llm,128,4,512,272384,2048,11,15,1,ikj,0.02683,19.5411107,0,true,20260809
llm,128,4,512,272384,2048,11,16,0,kij,0.018988,27.61154413,0,true,20260809
llm,128,4,512,272384,2048,11,16,1,ikj,0.027682,18.93967199,0,true,20260809
llm,128,4,512,272384,2048,11,17,0,ikj,0.027552,19.029036,0,true,20260809
llm,128,4,512,272384,2048,11,17,1,kij,0.018768,27.93520887,0,true,20260809
llm,128,4,512,272384,2048,11,18,0,kij,0.019159,27.36510256,0,true,20260809
llm,128,4,512,272384,2048,11,18,1,ikj,0.027141,19.31719539,0,true,20260809
llm,128,4,512,272384,2048,11,19,0,kij,0.019109,27.43670522,0,true,20260809
llm,128,4,512,272384,2048,11,19,1,ikj,0.027171,19.29586692,0,true,20260809
llm,128,4,512,272384,2048,29,0,0,ikj,0.02668,19.65097451,0,true,20260809
llm,128,4,512,272384,2048,29,0,1,kij,0.018999,27.59555766,0,true,20260809
llm,128,4,512,272384,2048,29,1,0,ikj,0.027221,19.26042394,0,true,20260809
llm,128,4,512,272384,2048,29,1,1,kij,0.019049,27.52312457,0,true,20260809
llm,128,4,512,272384,2048,29,2,0,kij,0.019139,27.39369873,0,true,20260809
llm,128,4,512,272384,2048,29,2,1,ikj,0.027391,19.14088569,0,true,20260809
llm,128,4,512,272384,2048,29,3,0,ikj,0.02692,19.47578009,0,true,20260809
llm,128,4,512,272384,2048,29,3,1,kij,0.019379,27.05444037,0,true,20260809
llm,128,4,512,272384,2048,29,4,0,kij,0.018768,27.93520887,0,true,20260809
llm,128,4,512,272384,2048,29,4,1,ikj,0.027282,19.21735943,0,true,20260809
llm,128,4,512,272384,2048,29,5,0,ikj,0.027361,19.16187274,0,true,20260809
llm,128,4,512,272384,2048,29,5,1,kij,0.019449,26.9570672,0,true,20260809
llm,128,4,512,272384,2048,29,6,0,kij,0.018919,27.71224695,0,true,20260809
llm,128,4,512,272384,2048,29,6,1,ikj,0.02644,19.82934947,0,true,20260809
llm,128,4,512,272384,2048,29,7,0,kij,0.019189,27.32232008,0,true,20260809
llm,128,4,512,272384,2048,29,7,1,ikj,0.02688,19.5047619,0,true,20260809
llm,128,4,512,272384,2048,29,8,0,ikj,0.027922,18.77687845,0,true,20260809
llm,128,4,512,272384,2048,29,8,1,kij,0.019028,27.55350011,0,true,20260809
llm,128,4,512,272384,2048,29,9,0,kij,0.019309,27.15251955,0,true,20260809
llm,128,4,512,272384,2048,29,9,1,ikj,0.027101,19.3457068,0,true,20260809
llm,128,4,512,272384,2048,29,10,0,ikj,0.02672,19.62155689,0,true,20260809
llm,128,4,512,272384,2048,29,10,1,kij,0.019059,27.50868356,0,true,20260809
llm,128,4,512,272384,2048,29,11,0,ikj,0.026551,19.74645023,0,true,20260809
llm,128,4,512,272384,2048,29,11,1,kij,0.019279,27.19477151,0,true,20260809
llm,128,4,512,272384,2048,29,12,0,ikj,0.027071,19.36714565,0,true,20260809
llm,128,4,512,272384,2048,29,12,1,kij,0.019209,27.29387266,0,true,20260809
llm,128,4,512,272384,2048,29,13,0,ikj,0.027061,19.3743025,0,true,20260809
llm,128,4,512,272384,2048,29,13,1,kij,0.019029,27.55205213,0,true,20260809
llm,128,4,512,272384,2048,29,14,0,kij,0.018959,27.65377921,0,true,20260809
llm,128,4,512,272384,2048,29,14,1,ikj,0.026741,19.60614786,0,true,20260809
llm,128,4,512,272384,2048,29,15,0,ikj,0.027502,19.06363174,0,true,20260809
llm,128,4,512,272384,2048,29,15,1,kij,0.018698,28.03979035,0,true,20260809
llm,128,4,512,272384,2048,29,16,0,ikj,0.026981,19.43174827,0,true,20260809
llm,128,4,512,272384,2048,29,16,1,kij,0.018818,27.86098416,0,true,20260809
llm,128,4,512,272384,2048,29,17,0,kij,0.018888,27.75772978,0,true,20260809
llm,128,4,512,272384,2048,29,17,1,ikj,0.026981,19.43174827,0,true,20260809
llm,128,4,512,272384,2048,29,18,0,ikj,0.02674,19.60688108,0,true,20260809
llm,128,4,512,272384,2048,29,18,1,kij,0.018999,27.59555766,0,true,20260809
llm,128,4,512,272384,2048,29,19,0,ikj,0.027031,19.39580482,0,true,20260809
llm,128,4,512,272384,2048,29,19,1,kij,0.018719,28.00833378,0,true,20260809
llm,128,4,512,272384,2048,47,0,0,kij,0.018829,27.84470763,0,true,20260809
llm,128,4,512,272384,2048,47,0,1,ikj,0.026791,19.56955694,0,true,20260809
llm,128,4,512,272384,2048,47,1,0,ikj,0.027101,19.3457068,0,true,20260809
llm,128,4,512,272384,2048,47,1,1,kij,0.018888,27.75772978,0,true,20260809
llm,128,4,512,272384,2048,47,2,0,ikj,0.0267,19.63625468,0,true,20260809
llm,128,4,512,272384,2048,47,2,1,kij,0.01962,26.72212029,0,true,20260809
llm,128,4,512,272384,2048,47,3,0,ikj,0.027152,19.30936948,0,true,20260809
llm,128,4,512,272384,2048,47,3,1,kij,0.019149,27.37939318,0,true,20260809
llm,128,4,512,272384,2048,47,4,0,kij,0.018948,27.66983323,0,true,20260809
llm,128,4,512,272384,2048,47,4,1,ikj,0.026901,19.4895357,0,true,20260809
llm,128,4,512,272384,2048,47,5,0,kij,0.018999,27.59555766,0,true,20260809
llm,128,4,512,272384,2048,47,5,1,ikj,0.026851,19.52582772,0,true,20260809
llm,128,4,512,272384,2048,47,6,0,kij,0.019199,27.30808896,0,true,20260809
llm,128,4,512,272384,2048,47,6,1,ikj,0.027011,19.41016623,0,true,20260809
llm,128,4,512,272384,2048,47,7,0,kij,0.019329,27.12442444,0,true,20260809
llm,128,4,512,272384,2048,47,7,1,ikj,0.02684,19.5338301,0,true,20260809
llm,128,4,512,272384,2048,47,8,0,ikj,0.027702,18.92599812,0,true,20260809
llm,128,4,512,272384,2048,47,8,1,kij,0.018979,27.62463776,0,true,20260809
llm,128,4,512,272384,2048,47,9,0,kij,0.018739,27.97844069,0,true,20260809
llm,128,4,512,272384,2048,47,9,1,ikj,0.027351,19.16887865,0,true,20260809
llm,128,4,512,272384,2048,47,10,0,kij,0.018678,28.06981476,0,true,20260809
llm,128,4,512,272384,2048,47,10,1,ikj,0.026791,19.56955694,0,true,20260809
llm,128,4,512,272384,2048,47,11,0,kij,0.018929,27.69760685,0,true,20260809
llm,128,4,512,272384,2048,47,11,1,ikj,0.027041,19.38863208,0,true,20260809
llm,128,4,512,272384,2048,47,12,0,kij,0.019019,27.56653872,0,true,20260809
llm,128,4,512,272384,2048,47,12,1,ikj,0.027021,19.40298287,0,true,20260809
llm,128,4,512,272384,2048,47,13,0,ikj,0.027262,19.23145771,0,true,20260809
llm,128,4,512,272384,2048,47,13,1,kij,0.018798,27.89062666,0,true,20260809
llm,128,4,512,272384,2048,47,14,0,ikj,0.027221,19.26042394,0,true,20260809
llm,128,4,512,272384,2048,47,14,1,kij,0.019179,27.33656604,0,true,20260809
llm,128,4,512,272384,2048,47,15,0,ikj,0.02669,19.64361184,0,true,20260809
llm,128,4,512,272384,2048,47,15,1,kij,0.019099,27.45107074,0,true,20260809
llm,128,4,512,272384,2048,47,16,0,ikj,0.027441,19.10600926,0,true,20260809
llm,128,4,512,272384,2048,47,16,1,kij,0.018999,27.59555766,0,true,20260809
llm,128,4,512,272384,2048,47,17,0,kij,0.019049,27.52312457,0,true,20260809
llm,128,4,512,272384,2048,47,17,1,ikj,0.026641,19.67974175,0,true,20260809
llm,128,4,512,272384,2048,47,18,0,kij,0.019029,27.55205213,0,true,20260809
llm,128,4,512,272384,2048,47,18,1,ikj,0.027111,19.33857106,0,true,20260809
llm,128,4,512,272384,2048,47,19,0,kij,0.019129,27.40801924,0,true,20260809
llm,128,4,512,272384,2048,47,19,1,ikj,0.026911,19.48229349,0,true,20260809
llm,128,4,2048,1083392,2048,11,0,0,ikj,0.053681,39.06693243,0,true,20260809
llm,128,4,2048,1083392,2048,11,0,1,kij,0.049636,42.25062455,0,true,20260809
llm,128,4,2048,1083392,2048,11,1,0,kij,0.050136,41.8292644,0,true,20260809
llm,128,4,2048,1083392,2048,11,1,1,ikj,0.053581,39.13984435,0,true,20260809
llm,128,4,2048,1083392,2048,11,2,0,ikj,0.053611,39.11794221,0,true,20260809
llm,128,4,2048,1083392,2048,11,2,1,kij,0.050016,41.92962252,0,true,20260809
llm,128,4,2048,1083392,2048,11,3,0,kij,0.049836,42.0810659,0,true,20260809
llm,128,4,2048,1083392,2048,11,3,1,ikj,0.053551,39.16177102,0,true,20260809
llm,128,4,2048,1083392,2048,11,4,0,ikj,0.053601,39.1252402,0,true,20260809
llm,128,4,2048,1083392,2048,11,4,1,kij,0.049305,42.5342663,0,true,20260809
llm,128,4,2048,1083392,2048,11,5,0,ikj,0.053571,39.14715051,0,true,20260809
llm,128,4,2048,1083392,2048,11,5,1,kij,0.049815,42.09880558,0,true,20260809
llm,128,4,2048,1083392,2048,11,6,0,ikj,0.053981,38.84981753,0,true,20260809
llm,128,4,2048,1083392,2048,11,6,1,kij,0.050106,41.85430887,0,true,20260809
llm,128,4,2048,1083392,2048,11,7,0,kij,0.050096,41.86266369,0,true,20260809
llm,128,4,2048,1083392,2048,11,7,1,ikj,0.053642,39.09533574,0,true,20260809
llm,128,4,2048,1083392,2048,11,8,0,kij,0.049295,42.54289482,0,true,20260809
llm,128,4,2048,1083392,2048,11,8,1,ikj,0.053481,39.21302893,0,true,20260809
llm,128,4,2048,1083392,2048,11,9,0,kij,0.049826,42.0895115,0,true,20260809
llm,128,4,2048,1083392,2048,11,9,1,ikj,0.053141,39.46391675,0,true,20260809
llm,128,4,2048,1083392,2048,11,10,0,ikj,0.053681,39.06693243,0,true,20260809
llm,128,4,2048,1083392,2048,11,10,1,kij,0.049374,42.47482481,0,true,20260809
llm,128,4,2048,1083392,2048,11,11,0,kij,0.048904,42.88303615,0,true,20260809
llm,128,4,2048,1083392,2048,11,11,1,ikj,0.053311,39.33807282,0,true,20260809
llm,128,4,2048,1083392,2048,11,12,0,ikj,0.053802,38.97907141,0,true,20260809
llm,128,4,2048,1083392,2048,11,12,1,kij,0.049736,42.16567476,0,true,20260809
llm,128,4,2048,1083392,2048,11,13,0,ikj,0.05307,39.51671377,0,true,20260809
llm,128,4,2048,1083392,2048,11,13,1,kij,0.049695,42.20046282,0,true,20260809
llm,128,4,2048,1083392,2048,11,14,0,ikj,0.053011,39.56069495,0,true,20260809
llm,128,4,2048,1083392,2048,11,14,1,kij,0.051458,40.75463485,0,true,20260809
llm,128,4,2048,1083392,2048,11,15,0,kij,0.051308,40.87378187,0,true,20260809
llm,128,4,2048,1083392,2048,11,15,1,ikj,0.053501,39.19837012,0,true,20260809
llm,128,4,2048,1083392,2048,11,16,0,kij,0.049765,42.14110318,0,true,20260809
llm,128,4,2048,1083392,2048,11,16,1,ikj,0.053601,39.1252402,0,true,20260809
llm,128,4,2048,1083392,2048,11,17,0,kij,0.049175,42.64671073,0,true,20260809
llm,128,4,2048,1083392,2048,11,17,1,ikj,0.053631,39.1033544,0,true,20260809
llm,128,4,2048,1083392,2048,11,18,0,kij,0.050135,41.83009873,0,true,20260809
llm,128,4,2048,1083392,2048,11,18,1,ikj,0.053361,39.3012125,0,true,20260809
llm,128,4,2048,1083392,2048,11,19,0,ikj,0.053541,39.16908537,0,true,20260809
llm,128,4,2048,1083392,2048,11,19,1,kij,0.050175,41.79675137,0,true,20260809
llm,128,4,2048,1083392,2048,29,0,0,ikj,0.053521,39.18372228,0,true,20260809
llm,128,4,2048,1083392,2048,29,0,1,kij,0.050046,41.90448787,0,true,20260809
llm,128,4,2048,1083392,2048,29,1,0,kij,0.050025,41.92207896,0,true,20260809
llm,128,4,2048,1083392,2048,29,1,1,ikj,0.053641,39.09606458,0,true,20260809
llm,128,4,2048,1083392,2048,29,2,0,ikj,0.053842,38.95011329,0,true,20260809
llm,128,4,2048,1083392,2048,29,2,1,kij,0.049455,42.4052573,0,true,20260809
llm,128,4,2048,1083392,2048,29,3,0,ikj,0.053491,39.20569815,0,true,20260809
llm,128,4,2048,1083392,2048,29,3,1,kij,0.054202,38.6914136,0,true,20260809
llm,128,4,2048,1083392,2048,29,4,0,kij,0.049826,42.0895115,0,true,20260809
llm,128,4,2048,1083392,2048,29,4,1,ikj,0.053721,39.03784367,0,true,20260809
llm,128,4,2048,1083392,2048,29,5,0,ikj,0.053441,39.24237945,0,true,20260809
llm,128,4,2048,1083392,2048,29,5,1,kij,0.050657,41.3990564,0,true,20260809
llm,128,4,2048,1083392,2048,29,6,0,kij,0.050447,41.57139176,0,true,20260809
llm,128,4,2048,1083392,2048,29,6,1,ikj,0.053551,39.16177102,0,true,20260809
llm,128,4,2048,1083392,2048,29,7,0,kij,0.050236,41.74599889,0,true,20260809
llm,128,4,2048,1083392,2048,29,7,1,ikj,0.053371,39.29384872,0,true,20260809
llm,128,4,2048,1083392,2048,29,8,0,kij,0.049645,42.24296505,0,true,20260809
llm,128,4,2048,1083392,2048,29,8,1,ikj,0.053591,39.13254091,0,true,20260809
llm,128,4,2048,1083392,2048,29,9,0,kij,0.049525,42.34532055,0,true,20260809
llm,128,4,2048,1083392,2048,29,9,1,ikj,0.053871,38.92914555,0,true,20260809
llm,128,4,2048,1083392,2048,29,10,0,ikj,0.053561,39.1544594,0,true,20260809
llm,128,4,2048,1083392,2048,29,10,1,kij,0.049114,42.6996783,0,true,20260809
llm,128,4,2048,1083392,2048,29,11,0,ikj,0.053471,39.22036244,0,true,20260809
llm,128,4,2048,1083392,2048,29,11,1,kij,0.049756,42.14872578,0,true,20260809
llm,128,4,2048,1083392,2048,29,12,0,kij,0.049605,42.27702853,0,true,20260809
llm,128,4,2048,1083392,2048,29,12,1,ikj,0.05343,39.25045854,0,true,20260809
llm,128,4,2048,1083392,2048,29,13,0,kij,0.049715,42.18348587,0,true,20260809
llm,128,4,2048,1083392,2048,29,13,1,ikj,0.053481,39.21302893,0,true,20260809
llm,128,4,2048,1083392,2048,29,14,0,kij,0.050036,41.91286274,0,true,20260809
llm,128,4,2048,1083392,2048,29,14,1,ikj,0.053471,39.22036244,0,true,20260809
llm,128,4,2048,1083392,2048,29,15,0,ikj,0.053781,38.99429166,0,true,20260809
llm,128,4,2048,1083392,2048,29,15,1,kij,0.049164,42.65625254,0,true,20260809
llm,128,4,2048,1083392,2048,29,16,0,kij,0.049985,41.95562669,0,true,20260809
llm,128,4,2048,1083392,2048,29,16,1,ikj,0.053691,39.05965618,0,true,20260809
llm,128,4,2048,1083392,2048,29,17,0,kij,0.049865,42.0565928,0,true,20260809
llm,128,4,2048,1083392,2048,29,17,1,ikj,0.053592,39.13181072,0,true,20260809
llm,128,4,2048,1083392,2048,29,18,0,ikj,0.053781,38.99429166,0,true,20260809
llm,128,4,2048,1083392,2048,29,18,1,kij,0.050106,41.85430887,0,true,20260809
llm,128,4,2048,1083392,2048,29,19,0,kij,0.050016,41.92962252,0,true,20260809
llm,128,4,2048,1083392,2048,29,19,1,ikj,0.053521,39.18372228,0,true,20260809
llm,128,4,2048,1083392,2048,47,0,0,ikj,0.053691,39.05965618,0,true,20260809
llm,128,4,2048,1083392,2048,47,0,1,kij,0.049896,42.03046336,0,true,20260809
llm,128,4,2048,1083392,2048,47,1,0,kij,0.049716,42.18263738,0,true,20260809
llm,128,4,2048,1083392,2048,47,1,1,ikj,0.053551,39.16177102,0,true,20260809
llm,128,4,2048,1083392,2048,47,2,0,ikj,0.053711,39.0451118,0,true,20260809
llm,128,4,2048,1083392,2048,47,2,1,kij,0.049796,42.11486866,0,true,20260809
llm,128,4,2048,1083392,2048,47,3,0,kij,0.049835,42.0819103,0,true,20260809
llm,128,4,2048,1083392,2048,47,3,1,ikj,0.053761,39.0087982,0,true,20260809
llm,128,4,2048,1083392,2048,47,4,0,ikj,0.053461,39.2276987,0,true,20260809
llm,128,4,2048,1083392,2048,47,4,1,kij,0.049665,42.22595389,0,true,20260809
llm,128,4,2048,1083392,2048,47,5,0,ikj,0.053441,39.24237945,0,true,20260809
llm,128,4,2048,1083392,2048,47,5,1,kij,0.049144,42.67361224,0,true,20260809
llm,128,4,2048,1083392,2048,47,6,0,kij,0.049204,42.62157548,0,true,20260809
llm,128,4,2048,1083392,2048,47,6,1,ikj,0.053941,38.87862665,0,true,20260809
llm,128,4,2048,1083392,2048,47,7,0,ikj,0.053551,39.16177102,0,true,20260809
llm,128,4,2048,1083392,2048,47,7,1,kij,0.049695,42.20046282,0,true,20260809
llm,128,4,2048,1083392,2048,47,8,0,kij,0.049625,42.25998992,0,true,20260809
llm,128,4,2048,1083392,2048,47,8,1,ikj,0.053391,39.27912944,0,true,20260809
llm,128,4,2048,1083392,2048,47,9,0,kij,0.049384,42.46622388,0,true,20260809
llm,128,4,2048,1083392,2048,47,9,1,ikj,0.053601,39.1252402,0,true,20260809
llm,128,4,2048,1083392,2048,47,10,0,ikj,0.053471,39.22036244,0,true,20260809
llm,128,4,2048,1083392,2048,47,10,1,kij,0.050266,41.72108383,0,true,20260809
llm,128,4,2048,1083392,2048,47,11,0,kij,0.050056,41.89611635,0,true,20260809
llm,128,4,2048,1083392,2048,47,11,1,ikj,0.053682,39.06620469,0,true,20260809
llm,128,4,2048,1083392,2048,47,12,0,kij,0.050607,41.4399589,0,true,20260809
llm,128,4,2048,1083392,2048,47,12,1,ikj,0.060001,34.9519508,0,true,20260809
llm,128,4,2048,1083392,2048,47,13,0,kij,0.049785,42.12417395,0,true,20260809
llm,128,4,2048,1083392,2048,47,13,1,ikj,0.053601,39.1252402,0,true,20260809
llm,128,4,2048,1083392,2048,47,14,0,ikj,0.053861,38.93637326,0,true,20260809
llm,128,4,2048,1083392,2048,47,14,1,kij,0.051067,41.06667711,0,true,20260809
llm,128,4,2048,1083392,2048,47,15,0,ikj,0.0535,39.1991028,0,true,20260809
llm,128,4,2048,1083392,2048,47,15,1,kij,0.049865,42.0565928,0,true,20260809
llm,128,4,2048,1083392,2048,47,16,0,ikj,0.053661,39.08149308,0,true,20260809
llm,128,4,2048,1083392,2048,47,16,1,kij,0.049555,42.3196852,0,true,20260809
llm,128,4,2048,1083392,2048,47,17,0,ikj,0.053551,39.16177102,0,true,20260809
llm,128,4,2048,1083392,2048,47,17,1,kij,0.049946,41.98838746,0,true,20260809
llm,128,4,2048,1083392,2048,47,18,0,kij,0.049916,42.01362289,0,true,20260809
llm,128,4,2048,1083392,2048,47,18,1,ikj,0.053672,39.07348338,0,true,20260809
llm,128,4,2048,1083392,2048,47,19,0,ikj,0.053831,38.95807249,0,true,20260809
llm,128,4,2048,1083392,2048,47,19,1,kij,0.050476,41.54750773,0,true,20260809
llm,128,4,8192,4327424,2048,11,0,0,ikj,0.203929,41.13494402,0,true,20260809
llm,128,4,8192,4327424,2048,11,0,1,kij,0.197139,42.55174268,0,true,20260809
llm,128,4,8192,4327424,2048,11,1,0,ikj,0.20461,40.99803529,0,true,20260809
llm,128,4,8192,4327424,2048,11,1,1,kij,0.199973,41.94870307,0,true,20260809
llm,128,4,8192,4327424,2048,11,2,0,kij,0.202837,41.35639947,0,true,20260809
llm,128,4,8192,4327424,2048,11,2,1,ikj,0.20476,40.96800156,0,true,20260809
llm,128,4,8192,4327424,2048,11,3,0,kij,0.198771,42.20237359,0,true,20260809
llm,128,4,8192,4327424,2048,11,3,1,ikj,0.2044,41.04015656,0,true,20260809
llm,128,4,8192,4327424,2048,11,4,0,ikj,0.203809,41.15916373,0,true,20260809
llm,128,4,8192,4327424,2048,11,4,1,kij,0.19784,42.40097048,0,true,20260809
llm,128,4,8192,4327424,2048,11,5,0,ikj,0.2048,40.96,0,true,20260809
llm,128,4,8192,4327424,2048,11,5,1,kij,0.197589,42.45483301,0,true,20260809
llm,128,4,8192,4327424,2048,11,6,0,kij,0.197689,42.43335745,0,true,20260809
llm,128,4,8192,4327424,2048,11,6,1,ikj,0.20533,40.85427361,0,true,20260809
llm,128,4,8192,4327424,2048,11,7,0,ikj,0.20482,40.95600039,0,true,20260809
llm,128,4,8192,4327424,2048,11,7,1,kij,0.199292,42.09204584,0,true,20260809
llm,128,4,8192,4327424,2048,11,8,0,ikj,0.204059,41.10873816,0,true,20260809
llm,128,4,8192,4327424,2048,11,8,1,kij,0.197879,42.39261367,0,true,20260809
llm,128,4,8192,4327424,2048,11,9,0,ikj,0.210057,39.9349129,0,true,20260809
llm,128,4,8192,4327424,2048,11,9,1,kij,0.199812,41.98250355,0,true,20260809
llm,128,4,8192,4327424,2048,11,10,0,kij,0.200273,41.88586579,0,true,20260809
llm,128,4,8192,4327424,2048,11,10,1,ikj,0.20442,41.03614128,0,true,20260809
llm,128,4,8192,4327424,2048,11,11,0,kij,0.19824,42.31541566,0,true,20260809
llm,128,4,8192,4327424,2048,11,11,1,ikj,0.204289,41.06245564,0,true,20260809
llm,128,4,8192,4327424,2048,11,12,0,kij,0.202256,41.47519975,0,true,20260809
llm,128,4,8192,4327424,2048,11,12,1,ikj,0.204299,41.06044572,0,true,20260809
llm,128,4,8192,4327424,2048,11,13,0,kij,0.199242,42.10260889,0,true,20260809
llm,128,4,8192,4327424,2048,11,13,1,ikj,0.203959,41.12889355,0,true,20260809
llm,128,4,8192,4327424,2048,11,14,0,ikj,0.203988,41.12304645,0,true,20260809
llm,128,4,8192,4327424,2048,11,14,1,kij,0.196587,42.67122445,0,true,20260809
llm,128,4,8192,4327424,2048,11,15,0,ikj,0.204109,41.09866787,0,true,20260809
llm,128,4,8192,4327424,2048,11,15,1,kij,0.197179,42.54311057,0,true,20260809
llm,128,4,8192,4327424,2048,11,16,0,kij,0.195907,42.81933775,0,true,20260809
llm,128,4,8192,4327424,2048,11,16,1,ikj,0.204279,41.06446576,0,true,20260809
llm,128,4,8192,4327424,2048,11,17,0,kij,0.198991,42.15571559,0,true,20260809
llm,128,4,8192,4327424,2048,11,17,1,ikj,0.203648,41.19170333,0,true,20260809
llm,128,4,8192,4327424,2048,11,18,0,ikj,0.203999,41.12082902,0,true,20260809
llm,128,4,8192,4327424,2048,11,18,1,kij,0.204219,41.07653059,0,true,20260809
llm,128,4,8192,4327424,2048,11,19,0,ikj,0.204099,41.10068153,0,true,20260809
llm,128,4,8192,4327424,2048,11,19,1,kij,0.199482,42.05195456,0,true,20260809
llm,128,4,8192,4327424,2048,29,0,0,ikj,0.21771,38.53111019,0,true,20260809
llm,128,4,8192,4327424,2048,29,0,1,kij,0.199412,42.06671615,0,true,20260809
llm,128,4,8192,4327424,2048,29,1,0,kij,0.199773,41.99069944,0,true,20260809
llm,128,4,8192,4327424,2048,29,1,1,ikj,0.20498,40.92403161,0,true,20260809
llm,128,4,8192,4327424,2048,29,2,0,kij,0.199862,41.97200068,0,true,20260809
llm,128,4,8192,4327424,2048,29,2,1,ikj,0.204229,41.07451929,0,true,20260809
llm,128,4,8192,4327424,2048,29,3,0,ikj,0.204249,41.07049729,0,true,20260809
llm,128,4,8192,4327424,2048,29,3,1,kij,0.19824,42.31541566,0,true,20260809
llm,128,4,8192,4327424,2048,29,4,0,kij,0.197679,42.43550402,0,true,20260809
llm,128,4,8192,4327424,2048,29,4,1,ikj,0.20456,41.00805632,0,true,20260809
llm,128,4,8192,4327424,2048,29,5,0,kij,0.198951,42.16419118,0,true,20260809
llm,128,4,8192,4327424,2048,29,5,1,ikj,0.204369,41.04638179,0,true,20260809
llm,128,4,8192,4327424,2048,29,6,0,ikj,0.20474,40.97200352,0,true,20260809
llm,128,4,8192,4327424,2048,29,6,1,kij,0.196106,42.77588651,0,true,20260809
llm,128,4,8192,4327424,2048,29,7,0,ikj,0.20461,40.99803529,0,true,20260809
llm,128,4,8192,4327424,2048,29,7,1,kij,0.204189,41.08256566,0,true,20260809
llm,128,4,8192,4327424,2048,29,8,0,ikj,0.204499,41.02028861,0,true,20260809
llm,128,4,8192,4327424,2048,29,8,1,kij,0.197299,42.51723526,0,true,20260809
llm,128,4,8192,4327424,2048,29,9,0,ikj,0.204519,41.01627722,0,true,20260809
llm,128,4,8192,4327424,2048,29,9,1,kij,0.209977,39.95012787,0,true,20260809
llm,128,4,8192,4327424,2048,29,10,0,kij,0.200553,41.82738727,0,true,20260809
llm,128,4,8192,4327424,2048,29,10,1,ikj,0.20481,40.9580001,0,true,20260809
llm,128,4,8192,4327424,2048,29,11,0,ikj,0.2048,40.96,0,true,20260809
llm,128,4,8192,4327424,2048,29,11,1,kij,0.201234,41.68583838,0,true,20260809
llm,128,4,8192,4327424,2048,29,12,0,ikj,0.203908,41.13918041,0,true,20260809
llm,128,4,8192,4327424,2048,29,12,1,kij,0.198761,42.20449686,0,true,20260809
llm,128,4,8192,4327424,2048,29,13,0,kij,0.200203,41.90051098,0,true,20260809
llm,128,4,8192,4327424,2048,29,13,1,ikj,0.205551,40.81034877,0,true,20260809
llm,128,4,8192,4327424,2048,29,14,0,ikj,0.204059,41.10873816,0,true,20260809
llm,128,4,8192,4327424,2048,29,14,1,kij,0.198711,42.21511643,0,true,20260809
llm,128,4,8192,4327424,2048,29,15,0,kij,0.196828,42.61897697,0,true,20260809
llm,128,4,8192,4327424,2048,29,15,1,ikj,0.203869,41.14705031,0,true,20260809
llm,128,4,8192,4327424,2048,29,16,0,kij,0.19776,42.41812298,0,true,20260809
llm,128,4,8192,4327424,2048,29,16,1,ikj,0.20454,41.0120661,0,true,20260809
llm,128,4,8192,4327424,2048,29,17,0,kij,0.199612,42.02456766,0,true,20260809
llm,128,4,8192,4327424,2048,29,17,1,ikj,0.203468,41.22814398,0,true,20260809
llm,128,4,8192,4327424,2048,29,18,0,ikj,0.204099,41.10068153,0,true,20260809
llm,128,4,8192,4327424,2048,29,18,1,kij,0.19789,42.39025721,0,true,20260809
llm,128,4,8192,4327424,2048,29,19,0,ikj,0.20425,41.07029621,0,true,20260809
llm,128,4,8192,4327424,2048,29,19,1,kij,0.21154,39.65494942,0,true,20260809
llm,128,4,8192,4327424,2048,47,0,0,ikj,0.204669,40.98621677,0,true,20260809
llm,128,4,8192,4327424,2048,47,0,1,kij,0.209266,40.08586201,0,true,20260809
llm,128,4,8192,4327424,2048,47,1,0,kij,0.201385,41.65458202,0,true,20260809
llm,128,4,8192,4327424,2048,47,1,1,ikj,0.20458,41.00404732,0,true,20260809
llm,128,4,8192,4327424,2048,47,2,0,ikj,0.204109,41.09866787,0,true,20260809
llm,128,4,8192,4327424,2048,47,2,1,kij,0.196467,42.69728759,0,true,20260809
llm,128,4,8192,4327424,2048,47,3,0,kij,0.196678,42.6514811,0,true,20260809
llm,128,4,8192,4327424,2048,47,3,1,ikj,0.204048,41.11095429,0,true,20260809
llm,128,4,8192,4327424,2048,47,4,0,kij,0.199812,41.98250355,0,true,20260809
llm,128,4,8192,4327424,2048,47,4,1,ikj,0.204149,41.09061519,0,true,20260809
llm,128,4,8192,4327424,2048,47,5,0,kij,0.198501,42.25977703,0,true,20260809
llm,128,4,8192,4327424,2048,47,5,1,ikj,0.204259,41.06848658,0,true,20260809
llm,128,4,8192,4327424,2048,47,6,0,ikj,0.20483,40.95400088,0,true,20260809
llm,128,4,8192,4327424,2048,47,6,1,kij,0.199111,42.13030922,0,true,20260809
llm,128,4,8192,4327424,2048,47,7,0,kij,0.1984,42.28129032,0,true,20260809
llm,128,4,8192,4327424,2048,47,7,1,ikj,0.20484,40.95200156,0,true,20260809
llm,128,4,8192,4327424,2048,47,8,0,kij,0.201525,41.62564446,0,true,20260809
llm,128,4,8192,4327424,2048,47,8,1,ikj,0.203869,41.14705031,0,true,20260809
llm,128,4,8192,4327424,2048,47,9,0,kij,0.198942,42.16609866,0,true,20260809
llm,128,4,8192,4327424,2048,47,9,1,ikj,0.20465,40.99002199,0,true,20260809
llm,128,4,8192,4327424,2048,47,10,0,kij,0.19794,42.37954936,0,true,20260809
llm,128,4,8192,4327424,2048,47,10,1,ikj,0.208746,40.18571853,0,true,20260809
llm,128,4,8192,4327424,2048,47,11,0,kij,0.199321,42.0859217,0,true,20260809
llm,128,4,8192,4327424,2048,47,11,1,ikj,0.2048,40.96,0,true,20260809
llm,128,4,8192,4327424,2048,47,12,0,ikj,0.204129,41.09464113,0,true,20260809
llm,128,4,8192,4327424,2048,47,12,1,kij,0.198641,42.2299928,0,true,20260809
llm,128,4,8192,4327424,2048,47,13,0,kij,0.199822,41.98040256,0,true,20260809
llm,128,4,8192,4327424,2048,47,13,1,ikj,0.20455,41.01006111,0,true,20260809
llm,128,4,8192,4327424,2048,47,14,0,ikj,0.204059,41.10873816,0,true,20260809
llm,128,4,8192,4327424,2048,47,14,1,kij,0.19868,42.22170324,0,true,20260809
llm,128,4,8192,4327424,2048,47,15,0,ikj,0.203929,41.13494402,0,true,20260809
llm,128,4,8192,4327424,2048,47,15,1,kij,0.199101,42.13242525,0,true,20260809
llm,128,4,8192,4327424,2048,47,16,0,kij,0.19849,42.262119,0,true,20260809
llm,128,4,8192,4327424,2048,47,16,1,ikj,0.203648,41.19170333,0,true,20260809
llm,128,4,8192,4327424,2048,47,17,0,kij,0.199091,42.13454149,0,true,20260809
llm,128,4,8192,4327424,2048,47,17,1,ikj,0.204109,41.09866787,0,true,20260809
llm,128,4,8192,4327424,2048,47,18,0,kij,0.199502,42.04773887,0,true,20260809
llm,128,4,8192,4327424,2048,47,18,1,ikj,0.204319,41.05642647,0,true,20260809
llm,128,4,8192,4327424,2048,47,19,0,kij,0.199932,41.95730548,0,true,20260809
llm,128,4,8192,4327424,2048,47,19,1,ikj,0.204719,40.97620641,0,true,20260809
llm,128,4,16384,8652800,2048,11,0,0,kij,0.397582,42.19812768,0,true,20260809
llm,128,4,16384,8652800,2048,11,0,1,ikj,0.407827,41.1380708,0,true,20260809
llm,128,4,16384,8652800,2048,11,1,0,ikj,0.415098,40.41748214,0,true,20260809
llm,128,4,16384,8652800,2048,11,1,1,kij,0.400496,41.89109504,0,true,20260809
llm,128,4,16384,8652800,2048,11,2,0,ikj,0.407236,41.1977723,0,true,20260809
llm,128,4,16384,8652800,2048,11,2,1,kij,0.394497,42.52812062,0,true,20260809
llm,128,4,16384,8652800,2048,11,3,0,kij,0.397752,42.18009212,0,true,20260809
llm,128,4,16384,8652800,2048,11,3,1,ikj,0.407847,41.13605347,0,true,20260809
llm,128,4,16384,8652800,2048,11,4,0,kij,0.397752,42.18009212,0,true,20260809
llm,128,4,16384,8652800,2048,11,4,1,ikj,0.407717,41.14916964,0,true,20260809
llm,128,4,16384,8652800,2048,11,5,0,ikj,0.407868,41.13393549,0,true,20260809
llm,128,4,16384,8652800,2048,11,5,1,kij,0.391943,42.80524464,0,true,20260809
llm,128,4,16384,8652800,2048,11,6,0,kij,0.398493,42.101658,0,true,20260809
llm,128,4,16384,8652800,2048,11,6,1,ikj,0.407868,41.13393549,0,true,20260809
llm,128,4,16384,8652800,2048,11,7,0,kij,0.39605,42.36135841,0,true,20260809
llm,128,4,16384,8652800,2048,11,7,1,ikj,0.408268,41.09363457,0,true,20260809
llm,128,4,16384,8652800,2048,11,8,0,ikj,0.407546,41.1664352,0,true,20260809
llm,128,4,16384,8652800,2048,11,8,1,kij,0.394146,42.56599331,0,true,20260809
llm,128,4,16384,8652800,2048,11,9,0,ikj,0.406365,41.28607533,0,true,20260809
llm,128,4,16384,8652800,2048,11,9,1,kij,0.397782,42.17691097,0,true,20260809
llm,128,4,16384,8652800,2048,11,10,0,ikj,0.40974,40.94600478,0,true,20260809
llm,128,4,16384,8652800,2048,11,10,1,kij,0.401197,41.81789993,0,true,20260809
llm,128,4,16384,8652800,2048,11,11,0,kij,0.407787,41.14210605,0,true,20260809
llm,128,4,16384,8652800,2048,11,11,1,ikj,0.407717,41.14916964,0,true,20260809
llm,128,4,16384,8652800,2048,11,12,0,kij,0.398864,42.06249749,0,true,20260809
llm,128,4,16384,8652800,2048,11,12,1,ikj,0.408869,41.03323069,0,true,20260809
llm,128,4,16384,8652800,2048,11,13,0,ikj,0.408728,41.04738604,0,true,20260809
llm,128,4,16384,8652800,2048,11,13,1,kij,0.403781,41.55028592,0,true,20260809
llm,128,4,16384,8652800,2048,11,14,0,kij,0.404803,41.44538455,0,true,20260809
llm,128,4,16384,8652800,2048,11,14,1,ikj,0.406496,41.27277021,0,true,20260809
llm,128,4,16384,8652800,2048,11,15,0,ikj,0.406826,41.23929149,0,true,20260809
llm,128,4,16384,8652800,2048,11,15,1,kij,0.395269,42.44505893,0,true,20260809
llm,128,4,16384,8652800,2048,11,16,0,ikj,0.413296,40.59370524,0,true,20260809
llm,128,4,16384,8652800,2048,11,16,1,kij,0.398203,42.13231945,0,true,20260809
llm,128,4,16384,8652800,2048,11,17,0,ikj,0.408859,41.0342343,0,true,20260809
llm,128,4,16384,8652800,2048,11,17,1,kij,0.39622,42.34318308,0,true,20260809
llm,128,4,16384,8652800,2048,11,18,0,ikj,0.408318,41.08860251,0,true,20260809
llm,128,4,16384,8652800,2048,11,18,1,kij,0.398423,42.10905495,0,true,20260809
llm,128,4,16384,8652800,2048,11,19,0,ikj,0.407556,41.16542512,0,true,20260809
llm,128,4,16384,8652800,2048,11,19,1,kij,0.402038,41.73042349,0,true,20260809
llm,128,4,16384,8652800,2048,29,0,0,kij,0.394237,42.55616799,0,true,20260809
llm,128,4,16384,8652800,2048,29,0,1,ikj,0.408759,41.04427303,0,true,20260809
llm,128,4,16384,8652800,2048,29,1,0,kij,0.391072,42.90058097,0,true,20260809
llm,128,4,16384,8652800,2048,29,1,1,ikj,0.408428,41.07753631,0,true,20260809
llm,128,4,16384,8652800,2048,29,2,0,kij,0.434388,38.62265072,0,true,20260809
llm,128,4,16384,8652800,2048,29,2,1,ikj,0.410852,40.83518153,0,true,20260809
llm,128,4,16384,8652800,2048,29,3,0,kij,0.400165,41.92574563,0,true,20260809
llm,128,4,16384,8652800,2048,29,3,1,ikj,0.407587,41.16229419,0,true,20260809
llm,128,4,16384,8652800,2048,29,4,0,ikj,0.407367,41.18452403,0,true,20260809
llm,128,4,16384,8652800,2048,29,4,1,kij,0.394557,42.5216534,0,true,20260809
llm,128,4,16384,8652800,2048,29,5,0,ikj,0.408178,41.10269539,0,true,20260809
llm,128,4,16384,8652800,2048,29,5,1,kij,0.395088,42.46450411,0,true,20260809
llm,128,4,16384,8652800,2048,29,6,0,kij,0.402198,41.71382255,0,true,20260809
llm,128,4,16384,8652800,2048,29,6,1,ikj,0.407867,41.13403634,0,true,20260809
llm,128,4,16384,8652800,2048,29,7,0,kij,0.402178,41.71589694,0,true,20260809
llm,128,4,16384,8652800,2048,29,7,1,ikj,0.406765,41.24547589,0,true,20260809
llm,128,4,16384,8652800,2048,29,8,0,kij,0.397972,42.15677485,0,true,20260809
llm,128,4,16384,8652800,2048,29,8,1,ikj,0.407176,41.20384306,0,true,20260809
llm,128,4,16384,8652800,2048,29,9,0,ikj,0.406876,41.23422369,0,true,20260809
llm,128,4,16384,8652800,2048,29,9,1,kij,0.393496,42.63630634,0,true,20260809
llm,128,4,16384,8652800,2048,29,10,0,ikj,0.406886,41.23321028,0,true,20260809
llm,128,4,16384,8652800,2048,29,10,1,kij,0.401057,41.83249763,0,true,20260809
llm,128,4,16384,8652800,2048,29,11,0,kij,0.398102,42.14300858,0,true,20260809
llm,128,4,16384,8652800,2048,29,11,1,ikj,0.407777,41.14311499,0,true,20260809
llm,128,4,16384,8652800,2048,29,12,0,ikj,0.413195,40.60362783,0,true,20260809
llm,128,4,16384,8652800,2048,29,12,1,kij,0.393645,42.62016792,0,true,20260809
llm,128,4,16384,8652800,2048,29,13,0,kij,0.395298,42.44194506,0,true,20260809
llm,128,4,16384,8652800,2048,29,13,1,ikj,0.407586,41.16239518,0,true,20260809
llm,128,4,16384,8652800,2048,29,14,0,ikj,0.406615,41.26069132,0,true,20260809
llm,128,4,16384,8652800,2048,29,14,1,kij,0.391993,42.79978469,0,true,20260809
llm,128,4,16384,8652800,2048,29,15,0,ikj,0.407637,41.15724529,0,true,20260809
llm,128,4,16384,8652800,2048,29,15,1,kij,0.403681,41.56057877,0,true,20260809
llm,128,4,16384,8652800,2048,29,16,0,ikj,0.407517,41.16936471,0,true,20260809
llm,128,4,16384,8652800,2048,29,16,1,kij,0.394757,42.50011019,0,true,20260809
llm,128,4,16384,8652800,2048,29,17,0,ikj,0.412665,40.65577648,0,true,20260809
llm,128,4,16384,8652800,2048,29,17,1,kij,0.394877,42.48719475,0,true,20260809
llm,128,4,16384,8652800,2048,29,18,0,ikj,0.406785,41.24344801,0,true,20260809
llm,128,4,16384,8652800,2048,29,18,1,kij,0.39644,42.3196852,0,true,20260809
llm,128,4,16384,8652800,2048,29,19,0,kij,0.39622,42.34318308,0,true,20260809
llm,128,4,16384,8652800,2048,29,19,1,ikj,0.408609,41.05934035,0,true,20260809
llm,128,4,16384,8652800,2048,47,0,0,kij,0.39629,42.33570365,0,true,20260809
llm,128,4,16384,8652800,2048,47,0,1,ikj,0.408899,41.03022018,0,true,20260809
llm,128,4,16384,8652800,2048,47,1,0,ikj,0.408098,41.11075281,0,true,20260809
llm,128,4,16384,8652800,2048,47,1,1,kij,0.394117,42.56912541,0,true,20260809
llm,128,4,16384,8652800,2048,47,2,0,ikj,0.407527,41.16835449,0,true,20260809
llm,128,4,16384,8652800,2048,47,2,1,kij,0.404272,41.4998219,0,true,20260809
llm,128,4,16384,8652800,2048,47,3,0,kij,0.409139,41.00615194,0,true,20260809
llm,128,4,16384,8652800,2048,47,3,1,ikj,0.407797,41.14109716,0,true,20260809
llm,128,4,16384,8652800,2048,47,4,0,kij,0.397121,42.2471136,0,true,20260809
llm,128,4,16384,8652800,2048,47,4,1,ikj,0.408868,41.03333105,0,true,20260809
llm,128,4,16384,8652800,2048,47,5,0,ikj,0.408258,41.09464113,0,true,20260809
llm,128,4,16384,8652800,2048,47,5,1,kij,0.392684,42.72447057,0,true,20260809
llm,128,4,16384,8652800,2048,47,6,0,kij,0.391863,42.81398346,0,true,20260809
llm,128,4,16384,8652800,2048,47,6,1,ikj,0.407587,41.16229419,0,true,20260809
llm,128,4,16384,8652800,2048,47,7,0,ikj,0.408678,41.05240801,0,true,20260809
llm,128,4,16384,8652800,2048,47,7,1,kij,0.402449,41.68780641,0,true,20260809
llm,128,4,16384,8652800,2048,47,8,0,ikj,0.416,40.32984615,0,true,20260809
llm,128,4,16384,8652800,2048,47,8,1,kij,0.393916,42.59084678,0,true,20260809
llm,128,4,16384,8652800,2048,47,9,0,ikj,0.406585,41.26373575,0,true,20260809
llm,128,4,16384,8652800,2048,47,9,1,kij,0.400916,41.84720989,0,true,20260809
llm,128,4,16384,8652800,2048,47,10,0,ikj,0.408618,41.058436,0,true,20260809
llm,128,4,16384,8652800,2048,47,10,1,kij,0.39679,42.28235591,0,true,20260809
llm,128,4,16384,8652800,2048,47,11,0,ikj,0.407346,41.18664722,0,true,20260809
llm,128,4,16384,8652800,2048,47,11,1,kij,0.398202,42.13242525,0,true,20260809
llm,128,4,16384,8652800,2048,47,12,0,ikj,0.408588,41.06145065,0,true,20260809
llm,128,4,16384,8652800,2048,47,12,1,kij,0.399274,42.01930504,0,true,20260809
llm,128,4,16384,8652800,2048,47,13,0,kij,0.431503,38.88087916,0,true,20260809
llm,128,4,16384,8652800,2048,47,13,1,ikj,0.407878,41.132927,0,true,20260809
llm,128,4,16384,8652800,2048,47,14,0,ikj,0.408388,41.08155969,0,true,20260809
llm,128,4,16384,8652800,2048,47,14,1,kij,0.401057,41.83249763,0,true,20260809
llm,128,4,16384,8652800,2048,47,15,0,ikj,0.410161,40.90397673,0,true,20260809
llm,128,4,16384,8652800,2048,47,15,1,kij,0.397122,42.24700722,0,true,20260809
llm,128,4,16384,8652800,2048,47,16,0,kij,0.395068,42.46665384,0,true,20260809
llm,128,4,16384,8652800,2048,47,16,1,ikj,0.407748,41.14604118,0,true,20260809
llm,128,4,16384,8652800,2048,47,17,0,ikj,0.407377,41.18351306,0,true,20260809
llm,128,4,16384,8652800,2048,47,17,1,kij,0.392314,42.76476496,0,true,20260809
llm,128,4,16384,8652800,2048,47,18,0,kij,0.404022,41.52550109,0,true,20260809
llm,128,4,16384,8652800,2048,47,18,1,ikj,0.407227,41.1986828,0,true,20260809
llm,128,4,16384,8652800,2048,47,19,0,ikj,0.408108,41.10974546,0,true,20260809
llm,128,4,16384,8652800,2048,47,19,1,kij,0.400877,41.85128107,0,true,20260809
llm,128,8,128,73728,4096,11,0,0,kij,0.009324,28.11497211,0,true,20260809
llm,128,8,128,73728,4096,11,0,1,ikj,0.012219,21.45380146,0,true,20260809
llm,128,8,128,73728,4096,11,1,0,ikj,0.012099,21.66658402,0,true,20260809
llm,128,8,128,73728,4096,11,1,1,kij,0.009355,28.02180652,0,true,20260809
llm,128,8,128,73728,4096,11,2,0,ikj,0.011968,21.90374332,0,true,20260809
llm,128,8,128,73728,4096,11,2,1,kij,0.009154,28.63709854,0,true,20260809
llm,128,8,128,73728,4096,11,3,0,ikj,0.012369,21.19362923,0,true,20260809
llm,128,8,128,73728,4096,11,3,1,kij,0.009314,28.14515783,0,true,20260809
llm,128,8,128,73728,4096,11,4,0,ikj,0.012269,21.36637053,0,true,20260809
llm,128,8,128,73728,4096,11,4,1,kij,0.009174,28.57466754,0,true,20260809
llm,128,8,128,73728,4096,11,5,0,kij,0.009434,27.78715285,0,true,20260809
llm,128,8,128,73728,4096,11,5,1,ikj,0.012239,21.41874336,0,true,20260809
llm,128,8,128,73728,4096,11,6,0,kij,0.009264,28.2970639,0,true,20260809
llm,128,8,128,73728,4096,11,6,1,ikj,0.012049,21.75649431,0,true,20260809
llm,128,8,128,73728,4096,11,7,0,kij,0.009264,28.2970639,0,true,20260809
llm,128,8,128,73728,4096,11,7,1,ikj,0.012219,21.45380146,0,true,20260809
llm,128,8,128,73728,4096,11,8,0,ikj,0.012459,21.04053295,0,true,20260809
llm,128,8,128,73728,4096,11,8,1,kij,0.009354,28.02480222,0,true,20260809
llm,128,8,128,73728,4096,11,9,0,ikj,0.012278,21.35070858,0,true,20260809
llm,128,8,128,73728,4096,11,9,1,kij,0.009344,28.05479452,0,true,20260809
llm,128,8,128,73728,4096,11,10,0,ikj,0.011988,21.86720053,0,true,20260809
llm,128,8,128,73728,4096,11,10,1,kij,0.009474,27.66983323,0,true,20260809
llm,128,8,128,73728,4096,11,11,0,kij,0.009474,27.66983323,0,true,20260809
llm,128,8,128,73728,4096,11,11,1,ikj,0.012279,21.34896979,0,true,20260809
llm,128,8,128,73728,4096,11,12,0,kij,0.009315,28.14213634,0,true,20260809
llm,128,8,128,73728,4096,11,12,1,ikj,0.012099,21.66658402,0,true,20260809
llm,128,8,128,73728,4096,11,13,0,ikj,0.012119,21.63082763,0,true,20260809
llm,128,8,128,73728,4096,11,13,1,kij,0.009495,27.60863612,0,true,20260809
llm,128,8,128,73728,4096,11,14,0,ikj,0.012098,21.66837494,0,true,20260809
llm,128,8,128,73728,4096,11,14,1,kij,0.009434,27.78715285,0,true,20260809
llm,128,8,128,73728,4096,11,15,0,kij,0.009294,28.20572412,0,true,20260809
llm,128,8,128,73728,4096,11,15,1,ikj,0.012129,21.61299365,0,true,20260809
llm,128,8,128,73728,4096,11,16,0,ikj,0.012308,21.29866753,0,true,20260809
llm,128,8,128,73728,4096,11,16,1,kij,0.009534,27.4956996,0,true,20260809
llm,128,8,128,73728,4096,11,17,0,kij,0.009635,27.20747276,0,true,20260809
llm,128,8,128,73728,4096,11,17,1,ikj,0.012379,21.1765086,0,true,20260809
llm,128,8,128,73728,4096,11,18,0,kij,0.009324,28.11497211,0,true,20260809
llm,128,8,128,73728,4096,11,18,1,ikj,0.012128,21.61477573,0,true,20260809
llm,128,8,128,73728,4096,11,19,0,ikj,0.012289,21.33159736,0,true,20260809
llm,128,8,128,73728,4096,11,19,1,kij,0.009465,27.69614369,0,true,20260809
llm,128,8,128,73728,4096,29,0,0,kij,0.009384,27.93520887,0,true,20260809
llm,128,8,128,73728,4096,29,0,1,ikj,0.012258,21.38554413,0,true,20260809
llm,128,8,128,73728,4096,29,1,0,kij,0.009334,28.08485108,0,true,20260809
llm,128,8,128,73728,4096,29,1,1,ikj,0.012329,21.26238949,0,true,20260809
llm,128,8,128,73728,4096,29,2,0,kij,0.009405,27.8728336,0,true,20260809
llm,128,8,128,73728,4096,29,2,1,ikj,0.012209,21.47137358,0,true,20260809
llm,128,8,128,73728,4096,29,3,0,kij,0.009304,28.17540843,0,true,20260809
llm,128,8,128,73728,4096,29,3,1,ikj,0.012169,21.54195086,0,true,20260809
llm,128,8,128,73728,4096,29,4,0,ikj,0.012258,21.38554413,0,true,20260809
llm,128,8,128,73728,4096,29,4,1,kij,0.009384,27.93520887,0,true,20260809
llm,128,8,128,73728,4096,29,5,0,ikj,0.012088,21.68630046,0,true,20260809
llm,128,8,128,73728,4096,29,5,1,kij,0.009304,28.17540843,0,true,20260809
llm,128,8,128,73728,4096,29,6,0,ikj,0.012328,21.26411421,0,true,20260809
llm,128,8,128,73728,4096,29,6,1,kij,0.009394,27.90547158,0,true,20260809
llm,128,8,128,73728,4096,29,7,0,kij,0.009304,28.17540843,0,true,20260809
llm,128,8,128,73728,4096,29,7,1,ikj,0.012238,21.42049354,0,true,20260809
llm,128,8,128,73728,4096,29,8,0,ikj,0.012219,21.45380146,0,true,20260809
llm,128,8,128,73728,4096,29,8,1,kij,0.009515,27.55060431,0,true,20260809
llm,128,8,128,73728,4096,29,9,0,ikj,0.012358,21.21249393,0,true,20260809
llm,128,8,128,73728,4096,29,9,1,kij,0.009514,27.55350011,0,true,20260809
llm,128,8,128,73728,4096,29,10,0,kij,0.009464,27.69907016,0,true,20260809
llm,128,8,128,73728,4096,29,10,1,ikj,0.012189,21.50660432,0,true,20260809
llm,128,8,128,73728,4096,29,11,0,ikj,0.012089,21.68450658,0,true,20260809
llm,128,8,128,73728,4096,29,11,1,kij,0.009355,28.02180652,0,true,20260809
llm,128,8,128,73728,4096,29,12,0,kij,0.009194,28.51250816,0,true,20260809
llm,128,8,128,73728,4096,29,12,1,ikj,0.012128,21.61477573,0,true,20260809
llm,128,8,128,73728,4096,29,13,0,kij,0.009244,28.35828646,0,true,20260809
llm,128,8,128,73728,4096,29,13,1,ikj,0.012098,21.66837494,0,true,20260809
llm,128,8,128,73728,4096,29,14,0,ikj,0.012218,21.45555737,0,true,20260809
llm,128,8,128,73728,4096,29,14,1,kij,0.009394,27.90547158,0,true,20260809
llm,128,8,128,73728,4096,29,15,0,kij,0.009464,27.69907016,0,true,20260809
llm,128,8,128,73728,4096,29,15,1,ikj,0.012188,21.50836889,0,true,20260809
llm,128,8,128,73728,4096,29,16,0,ikj,0.012289,21.33159736,0,true,20260809
llm,128,8,128,73728,4096,29,16,1,kij,0.009254,28.3276421,0,true,20260809
llm,128,8,128,73728,4096,29,17,0,kij,0.009294,28.20572412,0,true,20260809
llm,128,8,128,73728,4096,29,17,1,ikj,0.012279,21.34896979,0,true,20260809
llm,128,8,128,73728,4096,29,18,0,kij,0.009294,28.20572412,0,true,20260809
llm,128,8,128,73728,4096,29,18,1,ikj,0.012078,21.70425567,0,true,20260809
llm,128,8,128,73728,4096,29,19,0,kij,0.009715,26.98342769,0,true,20260809
llm,128,8,128,73728,4096,29,19,1,ikj,0.012068,21.72224064,0,true,20260809
llm,128,8,128,73728,4096,47,0,0,kij,0.009365,27.99188468,0,true,20260809
llm,128,8,128,73728,4096,47,0,1,ikj,0.012179,21.52426308,0,true,20260809
llm,128,8,128,73728,4096,47,1,0,kij,0.009344,28.05479452,0,true,20260809
llm,128,8,128,73728,4096,47,1,1,ikj,0.012189,21.50660432,0,true,20260809
llm,128,8,128,73728,4096,47,2,0,ikj,0.012228,21.43801112,0,true,20260809
llm,128,8,128,73728,4096,47,2,1,kij,0.009404,27.87579753,0,true,20260809
llm,128,8,128,73728,4096,47,3,0,ikj,0.012238,21.42049354,0,true,20260809
llm,128,8,128,73728,4096,47,3,1,kij,0.009314,28.14515783,0,true,20260809
llm,128,8,128,73728,4096,47,4,0,kij,0.009464,27.69907016,0,true,20260809
llm,128,8,128,73728,4096,47,4,1,ikj,0.012349,21.22795368,0,true,20260809
llm,128,8,128,73728,4096,47,5,0,kij,0.009365,27.99188468,0,true,20260809
llm,128,8,128,73728,4096,47,5,1,ikj,0.012239,21.41874336,0,true,20260809
llm,128,8,128,73728,4096,47,6,0,kij,0.009394,27.90547158,0,true,20260809
llm,128,8,128,73728,4096,47,6,1,ikj,0.012228,21.43801112,0,true,20260809
llm,128,8,128,73728,4096,47,7,0,kij,0.009274,28.26655165,0,true,20260809
llm,128,8,128,73728,4096,47,7,1,ikj,0.012078,21.70425567,0,true,20260809
llm,128,8,128,73728,4096,47,8,0,kij,0.009404,27.87579753,0,true,20260809
llm,128,8,128,73728,4096,47,8,1,ikj,0.012259,21.38379966,0,true,20260809
llm,128,8,128,73728,4096,47,9,0,ikj,0.012288,21.33333333,0,true,20260809
llm,128,8,128,73728,4096,47,9,1,kij,0.009384,27.93520887,0,true,20260809
llm,128,8,128,73728,4096,47,10,0,kij,0.009334,28.08485108,0,true,20260809
llm,128,8,128,73728,4096,47,10,1,ikj,0.012218,21.45555737,0,true,20260809
llm,128,8,128,73728,4096,47,11,0,kij,0.009324,28.11497211,0,true,20260809
llm,128,8,128,73728,4096,47,11,1,ikj,0.012058,21.74025543,0,true,20260809
llm,128,8,128,73728,4096,47,12,0,kij,0.009234,28.38899718,0,true,20260809
llm,128,8,128,73728,4096,47,12,1,ikj,0.012098,21.66837494,0,true,20260809
llm,128,8,128,73728,4096,47,13,0,kij,0.009274,28.26655165,0,true,20260809
llm,128,8,128,73728,4096,47,13,1,ikj,0.012279,21.34896979,0,true,20260809
llm,128,8,128,73728,4096,47,14,0,ikj,0.012148,21.57918999,0,true,20260809
llm,128,8,128,73728,4096,47,14,1,kij,0.009404,27.87579753,0,true,20260809
llm,128,8,128,73728,4096,47,15,0,kij,0.009394,27.90547158,0,true,20260809
llm,128,8,128,73728,4096,47,15,1,ikj,0.012348,21.22967282,0,true,20260809
llm,128,8,128,73728,4096,47,16,0,ikj,0.012058,21.74025543,0,true,20260809
llm,128,8,128,73728,4096,47,16,1,kij,0.009354,28.02480222,0,true,20260809
llm,128,8,128,73728,4096,47,17,0,kij,0.009364,27.99487399,0,true,20260809
llm,128,8,128,73728,4096,47,17,1,ikj,0.012219,21.45380146,0,true,20260809
llm,128,8,128,73728,4096,47,18,0,ikj,0.012028,21.79447955,0,true,20260809
llm,128,8,128,73728,4096,47,18,1,kij,0.009424,27.81663837,0,true,20260809
llm,128,8,128,73728,4096,47,19,0,ikj,0.012329,21.26238949,0,true,20260809
llm,128,8,128,73728,4096,47,19,1,kij,0.009454,27.72836894,0,true,20260809
llm,128,8,512,282624,4096,11,0,0,ikj,0.047733,21.96752771,0,true,20260809
llm,128,8,512,282624,4096,11,0,1,kij,0.038157,27.48056713,0,true,20260809
llm,128,8,512,282624,4096,11,1,0,kij,0.043706,23.9915801,0,true,20260809
llm,128,8,512,282624,4096,11,1,1,ikj,0.048103,21.79855726,0,true,20260809
llm,128,8,512,282624,4096,11,2,0,kij,0.038027,27.57451285,0,true,20260809
llm,128,8,512,282624,4096,11,2,1,ikj,0.048734,21.51631305,0,true,20260809
llm,128,8,512,282624,4096,11,3,0,ikj,0.048253,21.73079394,0,true,20260809
llm,128,8,512,282624,4096,11,3,1,kij,0.037697,27.81590047,0,true,20260809
llm,128,8,512,282624,4096,11,4,0,ikj,0.048954,21.41961842,0,true,20260809
llm,128,8,512,282624,4096,11,4,1,kij,0.038538,27.20888474,0,true,20260809
llm,128,8,512,282624,4096,11,5,0,ikj,0.047662,22.00025177,0,true,20260809
llm,128,8,512,282624,4096,11,5,1,kij,0.037847,27.70565699,0,true,20260809
llm,128,8,512,282624,4096,11,6,0,kij,0.038047,27.56001787,0,true,20260809
llm,128,8,512,282624,4096,11,6,1,ikj,0.047893,21.89413902,0,true,20260809
llm,128,8,512,282624,4096,11,7,0,ikj,0.048634,21.56055434,0,true,20260809
llm,128,8,512,282624,4096,11,7,1,kij,0.037977,27.61081707,0,true,20260809
llm,128,8,512,282624,4096,11,8,0,ikj,0.048453,21.64109549,0,true,20260809
llm,128,8,512,282624,4096,11,8,1,kij,0.037677,27.83066592,0,true,20260809
llm,128,8,512,282624,4096,11,9,0,kij,0.037817,27.72763572,0,true,20260809
llm,128,8,512,282624,4096,11,9,1,ikj,0.048533,21.60542311,0,true,20260809
llm,128,8,512,282624,4096,11,10,0,ikj,0.048514,21.61388465,0,true,20260809
llm,128,8,512,282624,4096,11,10,1,kij,0.038439,27.27896147,0,true,20260809
llm,128,8,512,282624,4096,11,11,0,ikj,0.048123,21.78949775,0,true,20260809
llm,128,8,512,282624,4096,11,11,1,kij,0.038048,27.55929352,0,true,20260809
llm,128,8,512,282624,4096,11,12,0,kij,0.037667,27.83805453,0,true,20260809
llm,128,8,512,282624,4096,11,12,1,ikj,0.047572,22.04187337,0,true,20260809
llm,128,8,512,282624,4096,11,13,0,kij,0.037887,27.67640616,0,true,20260809
llm,128,8,512,282624,4096,11,13,1,ikj,0.048413,21.65897589,0,true,20260809
llm,128,8,512,282624,4096,11,14,0,ikj,0.048193,21.75784865,0,true,20260809
llm,128,8,512,282624,4096,11,14,1,kij,0.037887,27.67640616,0,true,20260809
llm,128,8,512,282624,4096,11,15,0,kij,0.037837,27.71297936,0,true,20260809
llm,128,8,512,282624,4096,11,15,1,ikj,0.048994,21.40213087,0,true,20260809
llm,128,8,512,282624,4096,11,16,0,kij,0.038037,27.56726345,0,true,20260809
llm,128,8,512,282624,4096,11,16,1,ikj,0.047853,21.91244018,0,true,20260809
llm,128,8,512,282624,4096,11,17,0,kij,0.038018,27.58104056,0,true,20260809
llm,128,8,512,282624,4096,11,17,1,ikj,0.048112,21.79447955,0,true,20260809
llm,128,8,512,282624,4096,11,18,0,ikj,0.049104,21.35418703,0,true,20260809
llm,128,8,512,282624,4096,11,18,1,kij,0.037767,27.76434453,0,true,20260809
llm,128,8,512,282624,4096,11,19,0,kij,0.038118,27.50868356,0,true,20260809
llm,128,8,512,282624,4096,11,19,1,ikj,0.048233,21.7398047,0,true,20260809
llm,128,8,512,282624,4096,29,0,0,kij,0.037717,27.80115067,0,true,20260809
llm,128,8,512,282624,4096,29,0,1,ikj,0.048173,21.76688186,0,true,20260809
llm,128,8,512,282624,4096,29,1,0,ikj,0.049345,21.24989361,0,true,20260809
llm,128,8,512,282624,4096,29,1,1,kij,0.037977,27.61081707,0,true,20260809
llm,128,8,512,282624,4096,29,2,0,ikj,0.047732,21.96798793,0,true,20260809
llm,128,8,512,282624,4096,29,2,1,kij,0.037787,27.74964935,0,true,20260809
llm,128,8,512,282624,4096,29,3,0,kij,0.037617,27.87505649,0,true,20260809
llm,128,8,512,282624,4096,29,3,1,ikj,0.047893,21.89413902,0,true,20260809
llm,128,8,512,282624,4096,29,4,0,kij,0.038187,27.45897819,0,true,20260809
llm,128,8,512,282624,4096,29,4,1,ikj,0.048393,21.66792718,0,true,20260809
llm,128,8,512,282624,4096,29,5,0,kij,0.038268,27.40085711,0,true,20260809
llm,128,8,512,282624,4096,29,5,1,ikj,0.048854,21.46346256,0,true,20260809
llm,128,8,512,282624,4096,29,6,0,ikj,0.047982,21.85352841,0,true,20260809
llm,128,8,512,282624,4096,29,6,1,kij,0.037767,27.76434453,0,true,20260809
llm,128,8,512,282624,4096,29,7,0,kij,0.038077,27.53830396,0,true,20260809
llm,128,8,512,282624,4096,29,7,1,ikj,0.047872,21.90374332,0,true,20260809
llm,128,8,512,282624,4096,29,8,0,kij,0.037567,27.91215695,0,true,20260809
llm,128,8,512,282624,4096,29,8,1,ikj,0.048494,21.6227987,0,true,20260809
llm,128,8,512,282624,4096,29,9,0,ikj,0.048763,21.50351701,0,true,20260809
llm,128,8,512,282624,4096,29,9,1,kij,0.038438,27.27967116,0,true,20260809
llm,128,8,512,282624,4096,29,10,0,ikj,0.048453,21.64109549,0,true,20260809
llm,128,8,512,282624,4096,29,10,1,kij,0.037727,27.79378164,0,true,20260809
llm,128,8,512,282624,4096,29,11,0,ikj,0.048243,21.73529839,0,true,20260809
llm,128,8,512,282624,4096,29,11,1,kij,0.037637,27.86024391,0,true,20260809
llm,128,8,512,282624,4096,29,12,0,ikj,0.047642,22.00948743,0,true,20260809
llm,128,8,512,282624,4096,29,12,1,kij,0.038218,27.43670522,0,true,20260809
llm,128,8,512,282624,4096,29,13,0,kij,0.038338,27.35082686,0,true,20260809
llm,128,8,512,282624,4096,29,13,1,ikj,0.048784,21.49426041,0,true,20260809
llm,128,8,512,282624,4096,29,14,0,kij,0.038248,27.41518511,0,true,20260809
llm,128,8,512,282624,4096,29,14,1,ikj,0.048874,21.45467938,0,true,20260809
llm,128,8,512,282624,4096,29,15,0,kij,0.037997,27.59628392,0,true,20260809
llm,128,8,512,282624,4096,29,15,1,ikj,0.047402,22.12092317,0,true,20260809
llm,128,8,512,282624,4096,29,16,0,kij,0.037948,27.63191736,0,true,20260809
llm,128,8,512,282624,4096,29,16,1,ikj,0.048072,21.81261441,0,true,20260809
llm,128,8,512,282624,4096,29,17,0,kij,0.037597,27.88988483,0,true,20260809
llm,128,8,512,282624,4096,29,17,1,ikj,0.048894,21.44590338,0,true,20260809
llm,128,8,512,282624,4096,29,18,0,ikj,0.048233,21.7398047,0,true,20260809
llm,128,8,512,282624,4096,29,18,1,kij,0.038338,27.35082686,0,true,20260809
llm,128,8,512,282624,4096,29,19,0,kij,0.038038,27.56653872,0,true,20260809
llm,128,8,512,282624,4096,29,19,1,ikj,0.048233,21.7398047,0,true,20260809
llm,128,8,512,282624,4096,47,0,0,ikj,0.048233,21.7398047,0,true,20260809
llm,128,8,512,282624,4096,47,0,1,kij,0.038127,27.50219005,0,true,20260809
llm,128,8,512,282624,4096,47,1,0,ikj,0.048093,21.80308985,0,true,20260809
llm,128,8,512,282624,4096,47,1,1,kij,0.037868,27.6902926,0,true,20260809
llm,128,8,512,282624,4096,47,2,0,ikj,0.048664,21.54726286,0,true,20260809
llm,128,8,512,282624,4096,47,2,1,kij,0.037927,27.64721702,0,true,20260809
llm,128,8,512,282624,4096,47,3,0,ikj,0.048864,21.45907007,0,true,20260809
llm,128,8,512,282624,4096,47,3,1,kij,0.037677,27.83066592,0,true,20260809
llm,128,8,512,282624,4096,47,4,0,kij,0.037657,27.84544706,0,true,20260809
llm,128,8,512,282624,4096,47,4,1,ikj,0.049295,21.27144741,0,true,20260809
llm,128,8,512,282624,4096,47,5,0,ikj,0.047351,22.14474879,0,true,20260809
llm,128,8,512,282624,4096,47,5,1,kij,0.037757,27.77169796,0,true,20260809
llm,128,8,512,282624,4096,47,6,0,ikj,0.048043,21.82578107,0,true,20260809
llm,128,8,512,282624,4096,47,6,1,kij,0.037687,27.82328124,0,true,20260809
llm,128,8,512,282624,4096,47,7,0,kij,0.037587,27.89730492,0,true,20260809
llm,128,8,512,282624,4096,47,7,1,ikj,0.048033,21.83032498,0,true,20260809
llm,128,8,512,282624,4096,47,8,0,ikj,0.048464,21.63618356,0,true,20260809
llm,128,8,512,282624,4096,47,8,1,kij,0.038258,27.40801924,0,true,20260809
llm,128,8,512,282624,4096,47,9,0,kij,0.037657,27.84544706,0,true,20260809
llm,128,8,512,282624,4096,47,9,1,ikj,0.049004,21.39776345,0,true,20260809
llm,128,8,512,282624,4096,47,10,0,kij,0.037987,27.60354858,0,true,20260809
llm,128,8,512,282624,4096,47,10,1,ikj,0.048383,21.6724056,0,true,20260809
llm,128,8,512,282624,4096,47,11,0,ikj,0.047953,21.86674452,0,true,20260809
llm,128,8,512,282624,4096,47,11,1,kij,0.038469,27.25768801,0,true,20260809
llm,128,8,512,282624,4096,47,12,0,ikj,0.048854,21.46346256,0,true,20260809
llm,128,8,512,282624,4096,47,12,1,kij,0.037707,27.80852362,0,true,20260809
llm,128,8,512,282624,4096,47,13,0,kij,0.037947,27.63264553,0,true,20260809
llm,128,8,512,282624,4096,47,13,1,ikj,0.047492,22.07900278,0,true,20260809
llm,128,8,512,282624,4096,47,14,0,ikj,0.048162,21.77185333,0,true,20260809
llm,128,8,512,282624,4096,47,14,1,kij,0.038469,27.25768801,0,true,20260809
llm,128,8,512,282624,4096,47,15,0,ikj,0.048253,21.73079394,0,true,20260809
llm,128,8,512,282624,4096,47,15,1,kij,0.037477,27.97918723,0,true,20260809
llm,128,8,512,282624,4096,47,16,0,kij,0.037486,27.97246972,0,true,20260809
llm,128,8,512,282624,4096,47,16,1,ikj,0.048844,21.46785685,0,true,20260809
llm,128,8,512,282624,4096,47,17,0,ikj,0.048593,21.57874591,0,true,20260809
llm,128,8,512,282624,4096,47,17,1,kij,0.037647,27.85284352,0,true,20260809
llm,128,8,512,282624,4096,47,18,0,ikj,0.047872,21.90374332,0,true,20260809
llm,128,8,512,282624,4096,47,18,1,kij,0.038168,27.47264724,0,true,20260809
llm,128,8,512,282624,4096,47,19,0,ikj,0.048284,21.71684202,0,true,20260809
llm,128,8,512,282624,4096,47,19,1,kij,0.037797,27.74230759,0,true,20260809
llm,128,8,2048,1118208,4096,11,0,0,ikj,0.106892,39.23870823,0,true,20260809
llm,128,8,2048,1118208,4096,11,0,1,kij,0.101283,41.41172754,0,true,20260809
llm,128,8,2048,1118208,4096,11,1,0,kij,0.101053,41.50598201,0,true,20260809
llm,128,8,2048,1118208,4096,11,1,1,ikj,0.107233,39.11392948,0,true,20260809
llm,128,8,2048,1118208,4096,11,2,0,kij,0.101163,41.46085031,0,true,20260809
llm,128,8,2048,1118208,4096,11,2,1,ikj,0.113021,37.11083781,0,true,20260809
llm,128,8,2048,1118208,4096,11,3,0,kij,0.101333,41.39129405,0,true,20260809
llm,128,8,2048,1118208,4096,11,3,1,ikj,0.107072,39.17274357,0,true,20260809
llm,128,8,2048,1118208,4096,11,4,0,kij,0.101714,41.23625066,0,true,20260809
llm,128,8,2048,1118208,4096,11,4,1,ikj,0.106821,39.26478876,0,true,20260809
llm,128,8,2048,1118208,4096,11,5,0,ikj,0.107833,38.89629334,0,true,20260809
llm,128,8,2048,1118208,4096,11,5,1,kij,0.101013,41.52241791,0,true,20260809
llm,128,8,2048,1118208,4096,11,6,0,kij,0.101593,41.28536415,0,true,20260809
llm,128,8,2048,1118208,4096,11,6,1,ikj,0.107052,39.18006203,0,true,20260809
llm,128,8,2048,1118208,4096,11,7,0,kij,0.100833,41.59654082,0,true,20260809
llm,128,8,2048,1118208,4096,11,7,1,ikj,0.107273,39.09934466,0,true,20260809
llm,128,8,2048,1118208,4096,11,8,0,ikj,0.107252,39.10700034,0,true,20260809
llm,128,8,2048,1118208,4096,11,8,1,kij,0.101493,41.32604219,0,true,20260809
llm,128,8,2048,1118208,4096,11,9,0,kij,0.101494,41.32563501,0,true,20260809
llm,128,8,2048,1118208,4096,11,9,1,ikj,0.106862,39.24972394,0,true,20260809
llm,128,8,2048,1118208,4096,11,10,0,ikj,0.106972,39.2093632,0,true,20260809
llm,128,8,2048,1118208,4096,11,10,1,kij,0.101133,41.47314922,0,true,20260809
llm,128,8,2048,1118208,4096,11,11,0,ikj,0.107423,39.04474833,0,true,20260809
llm,128,8,2048,1118208,4096,11,11,1,kij,0.100712,41.6465168,0,true,20260809
llm,128,8,2048,1118208,4096,11,12,0,ikj,0.107983,38.84226221,0,true,20260809
llm,128,8,2048,1118208,4096,11,12,1,kij,0.101784,41.20789122,0,true,20260809
llm,128,8,2048,1118208,4096,11,13,0,ikj,0.106912,39.23136785,0,true,20260809
llm,128,8,2048,1118208,4096,11,13,1,kij,0.101684,41.24841666,0,true,20260809
llm,128,8,2048,1118208,4096,11,14,0,kij,0.101063,41.50187507,0,true,20260809
llm,128,8,2048,1118208,4096,11,14,1,ikj,0.107132,39.15080461,0,true,20260809
llm,128,8,2048,1118208,4096,11,15,0,kij,0.101473,41.33418742,0,true,20260809
llm,128,8,2048,1118208,4096,11,15,1,ikj,0.107142,39.14715051,0,true,20260809
llm,128,8,2048,1118208,4096,11,16,0,kij,0.101654,41.26058984,0,true,20260809
llm,128,8,2048,1118208,4096,11,16,1,ikj,0.107233,39.11392948,0,true,20260809
llm,128,8,2048,1118208,4096,11,17,0,ikj,0.106571,39.35689822,0,true,20260809
llm,128,8,2048,1118208,4096,11,17,1,kij,0.101293,41.40763922,0,true,20260809
llm,128,8,2048,1118208,4096,11,18,0,ikj,0.107022,39.19104483,0,true,20260809
llm,128,8,2048,1118208,4096,11,18,1,kij,0.101023,41.51830771,0,true,20260809
llm,128,8,2048,1118208,4096,11,19,0,ikj,0.106972,39.2093632,0,true,20260809
llm,128,8,2048,1118208,4096,11,19,1,kij,0.101233,41.43218121,0,true,20260809
llm,128,8,2048,1118208,4096,29,0,0,ikj,0.108514,38.65219234,0,true,20260809
llm,128,8,2048,1118208,4096,29,0,1,kij,0.102415,40.95400088,0,true,20260809
llm,128,8,2048,1118208,4096,29,1,0,kij,0.100842,41.59282838,0,true,20260809
llm,128,8,2048,1118208,4096,29,1,1,ikj,0.107302,39.08877747,0,true,20260809
llm,128,8,2048,1118208,4096,29,2,0,kij,0.101113,41.48135255,0,true,20260809
llm,128,8,2048,1118208,4096,29,2,1,ikj,0.107022,39.19104483,0,true,20260809
llm,128,8,2048,1118208,4096,29,3,0,kij,0.101443,41.34641129,0,true,20260809
llm,128,8,2048,1118208,4096,29,3,1,ikj,0.106922,39.2276987,0,true,20260809
llm,128,8,2048,1118208,4096,29,4,0,kij,0.101093,41.48955912,0,true,20260809
llm,128,8,2048,1118208,4096,29,4,1,ikj,0.106941,39.22072919,0,true,20260809
llm,128,8,2048,1118208,4096,29,5,0,ikj,0.106772,39.28280823,0,true,20260809
llm,128,8,2048,1118208,4096,29,5,1,kij,0.101453,41.34233586,0,true,20260809
llm,128,8,2048,1118208,4096,29,6,0,ikj,0.107012,39.19470714,0,true,20260809
llm,128,8,2048,1118208,4096,29,6,1,kij,0.100642,41.6754834,0,true,20260809
llm,128,8,2048,1118208,4096,29,7,0,kij,0.101143,41.46904877,0,true,20260809
llm,128,8,2048,1118208,4096,29,7,1,ikj,0.107142,39.14715051,0,true,20260809
llm,128,8,2048,1118208,4096,29,8,0,kij,0.102395,40.9620001,0,true,20260809
llm,128,8,2048,1118208,4096,29,8,1,ikj,0.107253,39.10663571,0,true,20260809
llm,128,8,2048,1118208,4096,29,9,0,ikj,0.107463,39.03021505,0,true,20260809
llm,128,8,2048,1118208,4096,29,9,1,kij,0.101533,41.30976136,0,true,20260809
llm,128,8,2048,1118208,4096,29,10,0,kij,0.101514,41.31749315,0,true,20260809
llm,128,8,2048,1118208,4096,29,10,1,ikj,0.107382,39.05965618,0,true,20260809
llm,128,8,2048,1118208,4096,29,11,0,ikj,0.107192,39.12889022,0,true,20260809
llm,128,8,2048,1118208,4096,29,11,1,kij,0.101533,41.30976136,0,true,20260809
llm,128,8,2048,1118208,4096,29,12,0,ikj,0.107233,39.11392948,0,true,20260809
llm,128,8,2048,1118208,4096,29,12,1,kij,0.101644,41.26464917,0,true,20260809
llm,128,8,2048,1118208,4096,29,13,0,kij,0.102265,41.01407129,0,true,20260809
llm,128,8,2048,1118208,4096,29,13,1,ikj,0.106572,39.35652892,0,true,20260809
llm,128,8,2048,1118208,4096,29,14,0,kij,0.109736,38.22176861,0,true,20260809
llm,128,8,2048,1118208,4096,29,14,1,ikj,0.113612,36.91779037,0,true,20260809
llm,128,8,2048,1118208,4096,29,15,0,ikj,0.106721,39.30158076,0,true,20260809
llm,128,8,2048,1118208,4096,29,15,1,kij,0.101864,41.17552816,0,true,20260809
llm,128,8,2048,1118208,4096,29,16,0,kij,0.101263,41.41990658,0,true,20260809
llm,128,8,2048,1118208,4096,29,16,1,ikj,0.106742,39.29384872,0,true,20260809
llm,128,8,2048,1118208,4096,29,17,0,ikj,0.107333,39.07748782,0,true,20260809
llm,128,8,2048,1118208,4096,29,17,1,kij,0.101884,41.16744533,0,true,20260809
llm,128,8,2048,1118208,4096,29,18,0,kij,0.102074,41.09081647,0,true,20260809
llm,128,8,2048,1118208,4096,29,18,1,ikj,0.107302,39.08877747,0,true,20260809
llm,128,8,2048,1118208,4096,29,19,0,ikj,0.106732,39.29753026,0,true,20260809
llm,128,8,2048,1118208,4096,29,19,1,kij,0.101544,41.30528638,0,true,20260809
llm,128,8,2048,1118208,4096,47,0,0,kij,0.101443,41.34641129,0,true,20260809
llm,128,8,2048,1118208,4096,47,0,1,ikj,0.107212,39.12159087,0,true,20260809
llm,128,8,2048,1118208,4096,47,1,0,ikj,0.106792,39.27545134,0,true,20260809
llm,128,8,2048,1118208,4096,47,1,1,kij,0.101514,41.31749315,0,true,20260809
llm,128,8,2048,1118208,4096,47,2,0,kij,0.101103,41.48545543,0,true,20260809
llm,128,8,2048,1118208,4096,47,2,1,ikj,0.107122,39.1544594,0,true,20260809
llm,128,8,2048,1118208,4096,47,3,0,kij,0.101233,41.43218121,0,true,20260809
llm,128,8,2048,1118208,4096,47,3,1,ikj,0.107482,39.02331553,0,true,20260809
llm,128,8,2048,1118208,4096,47,4,0,kij,0.101944,41.14321588,0,true,20260809
llm,128,8,2048,1118208,4096,47,4,1,ikj,0.107183,39.13217581,0,true,20260809
llm,128,8,2048,1118208,4096,47,5,0,kij,0.100993,41.53064074,0,true,20260809
llm,128,8,2048,1118208,4096,47,5,1,ikj,0.107142,39.14715051,0,true,20260809
llm,128,8,2048,1118208,4096,47,6,0,kij,0.101243,41.42808886,0,true,20260809
llm,128,8,2048,1118208,4096,47,6,1,ikj,0.111759,37.52989916,0,true,20260809
llm,128,8,2048,1118208,4096,47,7,0,kij,0.101313,41.39946502,0,true,20260809
llm,128,8,2048,1118208,4096,47,7,1,ikj,0.107242,39.11064695,0,true,20260809
llm,128,8,2048,1118208,4096,47,8,0,kij,0.101934,41.14725214,0,true,20260809
llm,128,8,2048,1118208,4096,47,8,1,ikj,0.107332,39.0778519,0,true,20260809
llm,128,8,2048,1118208,4096,47,9,0,kij,0.101584,41.28902189,0,true,20260809
llm,128,8,2048,1118208,4096,47,9,1,ikj,0.107133,39.15043917,0,true,20260809
llm,128,8,2048,1118208,4096,47,10,0,ikj,0.106882,39.24237945,0,true,20260809
llm,128,8,2048,1118208,4096,47,10,1,kij,0.101133,41.47314922,0,true,20260809
llm,128,8,2048,1118208,4096,47,11,0,ikj,0.107152,39.14349709,0,true,20260809
llm,128,8,2048,1118208,4096,47,11,1,kij,0.101764,41.21598994,0,true,20260809
llm,128,8,2048,1118208,4096,47,12,0,ikj,0.106872,39.24605135,0,true,20260809
llm,128,8,2048,1118208,4096,47,12,1,kij,0.100752,41.62998253,0,true,20260809
llm,128,8,2048,1118208,4096,47,13,0,ikj,0.107293,39.09205633,0,true,20260809
llm,128,8,2048,1118208,4096,47,13,1,kij,0.101804,41.19979569,0,true,20260809
llm,128,8,2048,1118208,4096,47,14,0,ikj,0.106542,39.3676109,0,true,20260809
llm,128,8,2048,1118208,4096,47,14,1,kij,0.101895,41.16300113,0,true,20260809
llm,128,8,2048,1118208,4096,47,15,0,ikj,0.107313,39.08477072,0,true,20260809
llm,128,8,2048,1118208,4096,47,15,1,kij,0.101473,41.33418742,0,true,20260809
llm,128,8,2048,1118208,4096,47,16,0,kij,0.101564,41.29715253,0,true,20260809
llm,128,8,2048,1118208,4096,47,16,1,ikj,0.107173,39.13582712,0,true,20260809
llm,128,8,2048,1118208,4096,47,17,0,kij,0.101384,41.37047266,0,true,20260809
llm,128,8,2048,1118208,4096,47,17,1,ikj,0.107022,39.19104483,0,true,20260809
llm,128,8,2048,1118208,4096,47,18,0,kij,0.101213,41.44036833,0,true,20260809
llm,128,8,2048,1118208,4096,47,18,1,ikj,0.106842,39.25707119,0,true,20260809
llm,128,8,2048,1118208,4096,47,19,0,ikj,0.107182,39.13254091,0,true,20260809
llm,128,8,2048,1118208,4096,47,19,1,kij,0.101203,41.44446311,0,true,20260809
llm,128,8,8192,4460544,4096,11,0,0,ikj,0.414968,40.43014401,0,true,20260809
llm,128,8,8192,4460544,4096,11,0,1,kij,0.406956,41.22611781,0,true,20260809
llm,128,8,8192,4460544,4096,11,1,0,kij,0.406034,41.31973185,0,true,20260809
llm,128,8,8192,4460544,4096,11,1,1,ikj,0.410291,40.89101638,0,true,20260809
llm,128,8,8192,4460544,4096,11,2,0,kij,0.404963,41.42900956,0,true,20260809
llm,128,8,8192,4460544,4096,11,2,1,ikj,0.409029,41.01717971,0,true,20260809
llm,128,8,8192,4460544,4096,11,3,0,kij,0.406065,41.3165774,0,true,20260809
llm,128,8,8192,4460544,4096,11,3,1,ikj,0.40935,40.98501527,0,true,20260809
llm,128,8,8192,4460544,4096,11,4,0,ikj,0.410812,40.83915757,0,true,20260809
llm,128,8,8192,4460544,4096,11,4,1,kij,0.404973,41.42798656,0,true,20260809
llm,128,8,8192,4460544,4096,11,5,0,ikj,0.414708,40.45549157,0,true,20260809
llm,128,8,8192,4460544,4096,11,5,1,kij,0.405023,41.42287228,0,true,20260809
llm,128,8,8192,4460544,4096,11,6,0,kij,0.406756,41.2463885,0,true,20260809
llm,128,8,8192,4460544,4096,11,6,1,ikj,0.408618,41.058436,0,true,20260809
llm,128,8,8192,4460544,4096,11,7,0,ikj,0.408378,41.08256566,0,true,20260809
llm,128,8,8192,4460544,4096,11,7,1,kij,0.405133,41.41162532,0,true,20260809
llm,128,8,8192,4460544,4096,11,8,0,ikj,0.411112,40.80935609,0,true,20260809
llm,128,8,8192,4460544,4096,11,8,1,kij,0.404041,41.52354835,0,true,20260809
llm,128,8,8192,4460544,4096,11,9,0,kij,0.406054,41.31769666,0,true,20260809
llm,128,8,8192,4460544,4096,11,9,1,ikj,0.411072,40.81332711,0,true,20260809
llm,128,8,8192,4460544,4096,11,10,0,ikj,0.41639,40.29207234,0,true,20260809
llm,128,8,8192,4460544,4096,11,10,1,kij,0.405353,41.3891497,0,true,20260809
llm,128,8,8192,4460544,4096,11,11,0,kij,0.407307,41.19059088,0,true,20260809
llm,128,8,8192,4460544,4096,11,11,1,ikj,0.409279,40.99212518,0,true,20260809
llm,128,8,8192,4460544,4096,11,12,0,kij,0.405293,41.395277,0,true,20260809
llm,128,8,8192,4460544,4096,11,12,1,ikj,0.408639,41.056326,0,true,20260809
llm,128,8,8192,4460544,4096,11,13,0,ikj,0.408909,41.02921677,0,true,20260809
llm,128,8,8192,4460544,4096,11,13,1,kij,0.403571,41.5719068,0,true,20260809
llm,128,8,8192,4460544,4096,11,14,0,kij,0.404372,41.48955912,0,true,20260809
llm,128,8,8192,4460544,4096,11,14,1,ikj,0.418644,40.07513783,0,true,20260809
llm,128,8,8192,4460544,4096,11,15,0,ikj,0.409059,41.01417155,0,true,20260809
llm,128,8,8192,4460544,4096,11,15,1,kij,0.406906,41.23118361,0,true,20260809
llm,128,8,8192,4460544,4096,11,16,0,kij,0.405053,41.41980432,0,true,20260809
llm,128,8,8192,4460544,4096,11,16,1,ikj,0.409971,40.92293357,0,true,20260809
llm,128,8,8192,4460544,4096,11,17,0,kij,0.405023,41.42287228,0,true,20260809
llm,128,8,8192,4460544,4096,11,17,1,ikj,0.409931,40.92692673,0,true,20260809
llm,128,8,8192,4460544,4096,11,18,0,kij,0.405805,41.343049,0,true,20260809
llm,128,8,8192,4460544,4096,11,18,1,ikj,0.40916,41.00404732,0,true,20260809
llm,128,8,8192,4460544,4096,11,19,0,ikj,0.408719,41.0482899,0,true,20260809
llm,128,8,8192,4460544,4096,11,19,1,kij,0.412865,40.63608201,0,true,20260809
llm,128,8,8192,4460544,4096,29,0,0,ikj,0.410431,40.87706825,0,true,20260809
llm,128,8,8192,4460544,4096,29,0,1,kij,0.404262,41.50084846,0,true,20260809
llm,128,8,8192,4460544,4096,29,1,0,ikj,0.409841,40.93591417,0,true,20260809
llm,128,8,8192,4460544,4096,29,1,1,kij,0.402989,41.63194529,0,true,20260809
llm,128,8,8192,4460544,4096,29,2,0,ikj,0.410952,40.8252448,0,true,20260809
llm,128,8,8192,4460544,4096,29,2,1,kij,0.404963,41.42900956,0,true,20260809
llm,128,8,8192,4460544,4096,29,3,0,ikj,0.415368,40.39120972,0,true,20260809
llm,128,8,8192,4460544,4096,29,3,1,kij,0.406706,41.25145929,0,true,20260809
llm,128,8,8192,4460544,4096,29,4,0,ikj,0.410512,40.86900261,0,true,20260809
llm,128,8,8192,4460544,4096,29,4,1,kij,0.405825,41.34101152,0,true,20260809
llm,128,8,8192,4460544,4096,29,5,0,kij,0.40282,41.64941165,0,true,20260809
llm,128,8,8192,4460544,4096,29,5,1,ikj,0.408919,41.02821341,0,true,20260809
llm,128,8,8192,4460544,4096,29,6,0,ikj,0.409911,40.9289236,0,true,20260809
llm,128,8,8192,4460544,4096,29,6,1,kij,0.405233,41.4014061,0,true,20260809
llm,128,8,8192,4460544,4096,29,7,0,kij,0.405123,41.41264752,0,true,20260809
llm,128,8,8192,4460544,4096,29,7,1,ikj,0.40937,40.98301292,0,true,20260809
llm,128,8,8192,4460544,4096,29,8,0,ikj,0.444432,37.74979299,0,true,20260809
llm,128,8,8192,4460544,4096,29,8,1,kij,0.404913,41.43412536,0,true,20260809
llm,128,8,8192,4460544,4096,29,9,0,ikj,0.40944,40.97600625,0,true,20260809
llm,128,8,8192,4460544,4096,29,9,1,kij,0.403611,41.5677868,0,true,20260809
llm,128,8,8192,4460544,4096,29,10,0,ikj,0.410511,40.86910217,0,true,20260809
llm,128,8,8192,4460544,4096,29,10,1,kij,0.402249,41.70853377,0,true,20260809
llm,128,8,8192,4460544,4096,29,11,0,ikj,0.410471,40.87308482,0,true,20260809
llm,128,8,8192,4460544,4096,29,11,1,kij,0.402809,41.65054902,0,true,20260809
llm,128,8,8192,4460544,4096,29,12,0,kij,0.406055,41.31759491,0,true,20260809
llm,128,8,8192,4460544,4096,29,12,1,ikj,0.410911,40.82931827,0,true,20260809
llm,128,8,8192,4460544,4096,29,13,0,kij,0.411052,40.8153129,0,true,20260809
llm,128,8,8192,4460544,4096,29,13,1,ikj,0.40933,40.98701781,0,true,20260809
llm,128,8,8192,4460544,4096,29,14,0,ikj,0.40947,40.97300413,0,true,20260809
llm,128,8,8192,4460544,4096,29,14,1,kij,0.405814,41.34213211,0,true,20260809
llm,128,8,8192,4460544,4096,29,15,0,ikj,0.409459,40.97410486,0,true,20260809
llm,128,8,8192,4460544,4096,29,15,1,kij,0.403901,41.53794123,0,true,20260809
llm,128,8,8192,4460544,4096,29,16,0,kij,0.404102,41.51728029,0,true,20260809
llm,128,8,8192,4460544,4096,29,16,1,ikj,0.40967,40.9530012,0,true,20260809
llm,128,8,8192,4460544,4096,29,17,0,kij,0.405153,41.40958107,0,true,20260809
llm,128,8,8192,4460544,4096,29,17,1,ikj,0.410591,40.86113919,0,true,20260809
llm,128,8,8192,4460544,4096,29,18,0,kij,0.412554,40.66671515,0,true,20260809
llm,128,8,8192,4460544,4096,29,18,1,ikj,0.410091,40.91095879,0,true,20260809
llm,128,8,8192,4460544,4096,29,19,0,ikj,0.4093,40.99002199,0,true,20260809
llm,128,8,8192,4460544,4096,29,19,1,kij,0.406375,41.28505937,0,true,20260809
llm,128,8,8192,4460544,4096,47,0,0,kij,0.405013,41.42389504,0,true,20260809
llm,128,8,8192,4460544,4096,47,0,1,ikj,0.410301,40.89001977,0,true,20260809
llm,128,8,8192,4460544,4096,47,1,0,ikj,0.40978,40.94200791,0,true,20260809
llm,128,8,8192,4460544,4096,47,1,1,kij,0.413015,40.62132368,0,true,20260809
llm,128,8,8192,4460544,4096,47,2,0,kij,0.407206,41.20080745,0,true,20260809
llm,128,8,8192,4460544,4096,47,2,1,ikj,0.409029,41.01717971,0,true,20260809
llm,128,8,8192,4460544,4096,47,3,0,ikj,0.408889,41.03122363,0,true,20260809
llm,128,8,8192,4460544,4096,47,3,1,kij,0.405123,41.41264752,0,true,20260809
llm,128,8,8192,4460544,4096,47,4,0,ikj,0.409559,40.96410041,0,true,20260809
llm,128,8,8192,4460544,4096,47,4,1,kij,0.405284,41.39619625,0,true,20260809
llm,128,8,8192,4460544,4096,47,5,0,ikj,0.408459,41.07441873,0,true,20260809
llm,128,8,8192,4460544,4096,47,5,1,kij,0.404803,41.44538455,0,true,20260809
llm,128,8,8192,4460544,4096,47,6,0,kij,0.407116,41.2099156,0,true,20260809
llm,128,8,8192,4460544,4096,47,6,1,ikj,0.415028,40.42429908,0,true,20260809
llm,128,8,8192,4460544,4096,47,7,0,kij,0.406445,41.27794905,0,true,20260809
llm,128,8,8192,4460544,4096,47,7,1,ikj,0.409529,40.96710123,0,true,20260809
llm,128,8,8192,4460544,4096,47,8,0,kij,0.406125,41.31047338,0,true,20260809
llm,128,8,8192,4460544,4096,47,8,1,ikj,0.408728,41.04738604,0,true,20260809
llm,128,8,8192,4460544,4096,47,9,0,ikj,0.408067,41.11387591,0,true,20260809
llm,128,8,8192,4460544,4096,47,9,1,kij,0.406465,41.27591798,0,true,20260809
llm,128,8,8192,4460544,4096,47,10,0,kij,0.405814,41.34213211,0,true,20260809
llm,128,8,8192,4460544,4096,47,10,1,ikj,0.410261,40.8940065,0,true,20260809
llm,128,8,8192,4460544,4096,47,11,0,ikj,0.409079,41.01216635,0,true,20260809
llm,128,8,8192,4460544,4096,47,11,1,kij,0.413105,40.61247383,0,true,20260809
llm,128,8,8192,4460544,4096,47,12,0,kij,0.404812,41.44446311,0,true,20260809
llm,128,8,8192,4460544,4096,47,12,1,ikj,0.408999,41.02018831,0,true,20260809
llm,128,8,8192,4460544,4096,47,13,0,ikj,0.407777,41.14311499,0,true,20260809
llm,128,8,8192,4460544,4096,47,13,1,kij,0.40328,41.60190438,0,true,20260809
llm,128,8,8192,4460544,4096,47,14,0,kij,0.403891,41.53896967,0,true,20260809
llm,128,8,8192,4460544,4096,47,14,1,ikj,0.40941,40.97900882,0,true,20260809
llm,128,8,8192,4460544,4096,47,15,0,ikj,0.408408,41.0795479,0,true,20260809
llm,128,8,8192,4460544,4096,47,15,1,kij,0.403851,41.54308396,0,true,20260809
llm,128,8,8192,4460544,4096,47,16,0,kij,0.411002,40.82027825,0,true,20260809
llm,128,8,8192,4460544,4096,47,16,1,ikj,0.409951,40.92493005,0,true,20260809
llm,128,8,8192,4460544,4096,47,17,0,kij,0.403651,41.56366762,0,true,20260809
llm,128,8,8192,4460544,4096,47,17,1,ikj,0.410031,40.9169453,0,true,20260809
llm,128,8,8192,4460544,4096,47,18,0,ikj,0.409459,40.97410486,0,true,20260809
llm,128,8,8192,4460544,4096,47,18,1,kij,0.403801,41.54822796,0,true,20260809
llm,128,8,8192,4460544,4096,47,19,0,ikj,0.407938,41.12687712,0,true,20260809
llm,128,8,8192,4460544,4096,47,19,1,kij,0.404302,41.49674253,0,true,20260809
llm,128,8,16384,8916992,4096,11,0,0,kij,0.836546,40.11068369,0,true,20260809
llm,128,8,16384,8916992,4096,11,0,1,ikj,0.86571,38.75943676,0,true,20260809
llm,128,8,16384,8916992,4096,11,1,0,kij,0.834313,40.21803807,0,true,20260809
llm,128,8,16384,8916992,4096,11,1,1,ikj,0.884318,37.94385278,0,true,20260809
llm,128,8,16384,8916992,4096,11,2,0,kij,0.833241,40.26978029,0,true,20260809
llm,128,8,16384,8916992,4096,11,2,1,ikj,0.867904,38.66145564,0,true,20260809
llm,128,8,16384,8916992,4096,11,3,0,kij,0.833291,40.26736398,0,true,20260809
llm,128,8,16384,8916992,4096,11,3,1,ikj,0.864969,38.79264112,0,true,20260809
llm,128,8,16384,8916992,4096,11,4,0,ikj,0.868905,38.61691669,0,true,20260809
llm,128,8,16384,8916992,4096,11,4,1,kij,0.835995,40.13712044,0,true,20260809
llm,128,8,16384,8916992,4096,11,5,0,ikj,0.868835,38.62002797,0,true,20260809
llm,128,8,16384,8916992,4096,11,5,1,kij,0.835444,40.16359205,0,true,20260809
llm,128,8,16384,8916992,4096,11,6,0,ikj,0.869206,38.60354392,0,true,20260809
llm,128,8,16384,8916992,4096,11,6,1,kij,0.843086,39.79953646,0,true,20260809
llm,128,8,16384,8916992,4096,11,7,0,ikj,0.866461,38.72584225,0,true,20260809
llm,128,8,16384,8916992,4096,11,7,1,kij,0.836857,40.09577741,0,true,20260809
llm,128,8,16384,8916992,4096,11,8,0,kij,0.836696,40.10349279,0,true,20260809
llm,128,8,16384,8916992,4096,11,8,1,ikj,0.872039,38.47813229,0,true,20260809
llm,128,8,16384,8916992,4096,11,9,0,ikj,0.866993,38.70207949,0,true,20260809
llm,128,8,16384,8916992,4096,11,9,1,kij,0.83227,40.31676259,0,true,20260809
llm,128,8,16384,8916992,4096,11,10,0,kij,0.836626,40.10684822,0,true,20260809
llm,128,8,16384,8916992,4096,11,10,1,ikj,0.867293,38.68869229,0,true,20260809
llm,128,8,16384,8916992,4096,11,11,0,ikj,0.870648,38.53960728,0,true,20260809
llm,128,8,16384,8916992,4096,11,11,1,kij,0.831899,40.33474256,0,true,20260809
llm,128,8,16384,8916992,4096,11,12,0,ikj,0.86584,38.7536173,0,true,20260809
llm,128,8,16384,8916992,4096,11,12,1,kij,0.831809,40.33910669,0,true,20260809
llm,128,8,16384,8916992,4096,11,13,0,kij,0.835645,40.15393139,0,true,20260809
llm,128,8,16384,8916992,4096,11,13,1,ikj,0.93162,36.01729461,0,true,20260809
llm,128,8,16384,8916992,4096,11,14,0,ikj,0.865721,38.75894428,0,true,20260809
llm,128,8,16384,8916992,4096,11,14,1,kij,0.835815,40.14576431,0,true,20260809
llm,128,8,16384,8916992,4096,11,15,0,ikj,0.869305,38.59914759,0,true,20260809
llm,128,8,16384,8916992,4096,11,15,1,kij,0.841273,39.88530715,0,true,20260809
llm,128,8,16384,8916992,4096,11,16,0,ikj,0.870247,38.5573659,0,true,20260809
llm,128,8,16384,8916992,4096,11,16,1,kij,0.833231,40.27026359,0,true,20260809
llm,128,8,16384,8916992,4096,11,17,0,kij,0.832259,40.31729546,0,true,20260809
llm,128,8,16384,8916992,4096,11,17,1,ikj,0.867833,38.66461865,0,true,20260809
llm,128,8,16384,8916992,4096,11,18,0,kij,0.841333,39.88246271,0,true,20260809
llm,128,8,16384,8916992,4096,11,18,1,ikj,0.870217,38.55869513,0,true,20260809
llm,128,8,16384,8916992,4096,11,19,0,kij,0.831919,40.33377288,0,true,20260809
llm,128,8,16384,8916992,4096,11,19,1,ikj,0.86545,38.77108094,0,true,20260809
llm,128,8,16384,8916992,4096,29,0,0,kij,0.831909,40.33425771,0,true,20260809
llm,128,8,16384,8916992,4096,29,0,1,ikj,0.867793,38.66640086,0,true,20260809
llm,128,8,16384,8916992,4096,29,1,0,ikj,0.866181,38.73836069,0,true,20260809
llm,128,8,16384,8916992,4096,29,1,1,kij,0.844668,39.72499491,0,true,20260809
llm,128,8,16384,8916992,4096,29,2,0,kij,0.836767,40.10008999,0,true,20260809
llm,128,8,16384,8916992,4096,29,2,1,ikj,0.867853,38.66372761,0,true,20260809
llm,128,8,16384,8916992,4096,29,3,0,kij,0.834133,40.22671684,0,true,20260809
llm,128,8,16384,8916992,4096,29,3,1,ikj,0.868454,38.63697099,0,true,20260809
llm,128,8,16384,8916992,4096,29,4,0,kij,0.841243,39.88672952,0,true,20260809
llm,128,8,16384,8916992,4096,29,4,1,ikj,0.867513,38.67888089,0,true,20260809
llm,128,8,16384,8916992,4096,29,5,0,ikj,0.86542,38.77242495,0,true,20260809
llm,128,8,16384,8916992,4096,29,5,1,kij,0.835465,40.16258251,0,true,20260809
llm,128,8,16384,8916992,4096,29,6,0,kij,0.864248,38.82500393,0,true,20260809
llm,128,8,16384,8916992,4096,29,6,1,ikj,0.868995,38.61291722,0,true,20260809
llm,128,8,16384,8916992,4096,29,7,0,ikj,0.866862,38.70792814,0,true,20260809
llm,128,8,16384,8916992,4096,29,7,1,kij,0.833692,40.24799566,0,true,20260809
llm,128,8,16384,8916992,4096,29,8,0,ikj,0.867573,38.67620592,0,true,20260809
llm,128,8,16384,8916992,4096,29,8,1,kij,0.843617,39.77448534,0,true,20260809
llm,128,8,16384,8916992,4096,29,9,0,kij,0.836446,40.11547906,0,true,20260809
llm,128,8,16384,8916992,4096,29,9,1,ikj,0.868985,38.61336157,0,true,20260809
llm,128,8,16384,8916992,4096,29,10,0,kij,0.835174,40.17657638,0,true,20260809
llm,128,8,16384,8916992,4096,29,10,1,ikj,0.865099,38.78681168,0,true,20260809
llm,128,8,16384,8916992,4096,29,11,0,ikj,0.870868,38.52987135,0,true,20260809
llm,128,8,16384,8916992,4096,29,11,1,kij,0.833552,40.25475555,0,true,20260809
llm,128,8,16384,8916992,4096,29,12,0,ikj,0.86554,38.76704947,0,true,20260809
llm,128,8,16384,8916992,4096,29,12,1,kij,0.836707,40.10296555,0,true,20260809
llm,128,8,16384,8916992,4096,29,13,0,kij,0.841994,39.85115333,0,true,20260809
llm,128,8,16384,8916992,4096,29,13,1,ikj,0.867563,38.67665172,0,true,20260809
llm,128,8,16384,8916992,4096,29,14,0,kij,0.835234,40.17369025,0,true,20260809
llm,128,8,16384,8916992,4096,29,14,1,ikj,0.867033,38.70029399,0,true,20260809
llm,128,8,16384,8916992,4096,29,15,0,kij,0.832541,40.3036391,0,true,20260809
llm,128,8,16384,8916992,4096,29,15,1,ikj,0.884749,37.92536866,0,true,20260809
llm,128,8,16384,8916992,4096,29,16,0,ikj,0.86567,38.76122772,0,true,20260809
llm,128,8,16384,8916992,4096,29,16,1,kij,0.835875,40.14288261,0,true,20260809
llm,128,8,16384,8916992,4096,29,17,0,kij,0.835534,40.15926581,0,true,20260809
llm,128,8,16384,8916992,4096,29,17,1,ikj,0.869166,38.6053205,0,true,20260809
llm,128,8,16384,8916992,4096,29,18,0,kij,0.850888,39.43460479,0,true,20260809
llm,128,8,16384,8916992,4096,29,18,1,ikj,0.867894,38.66190111,0,true,20260809
llm,128,8,16384,8916992,4096,29,19,0,ikj,0.863517,38.85787078,0,true,20260809
llm,128,8,16384,8916992,4096,29,19,1,kij,0.833472,40.25861937,0,true,20260809
llm,128,8,16384,8916992,4096,47,0,0,kij,0.833702,40.2475129,0,true,20260809
llm,128,8,16384,8916992,4096,47,0,1,ikj,0.862665,38.89624825,0,true,20260809
llm,128,8,16384,8916992,4096,47,1,0,ikj,0.863307,38.86732298,0,true,20260809
llm,128,8,16384,8916992,4096,47,1,1,kij,0.842595,39.82272859,0,true,20260809
llm,128,8,16384,8916992,4096,47,2,0,kij,0.834353,40.21610997,0,true,20260809
llm,128,8,16384,8916992,4096,47,2,1,ikj,0.867363,38.68556994,0,true,20260809
llm,128,8,16384,8916992,4096,47,3,0,kij,0.834032,40.23158824,0,true,20260809
llm,128,8,16384,8916992,4096,47,3,1,ikj,0.86576,38.7571983,0,true,20260809
llm,128,8,16384,8916992,4096,47,4,0,ikj,0.87231,38.46617831,0,true,20260809
llm,128,8,16384,8916992,4096,47,4,1,kij,0.835945,40.13952114,0,true,20260809
llm,128,8,16384,8916992,4096,47,5,0,kij,0.830828,40.38673709,0,true,20260809
llm,128,8,16384,8916992,4096,47,5,1,ikj,0.868515,38.63425732,0,true,20260809
llm,128,8,16384,8916992,4096,47,6,0,ikj,0.871129,38.51832737,0,true,20260809
llm,128,8,16384,8916992,4096,47,6,1,kij,0.832309,40.31487344,0,true,20260809
llm,128,8,16384,8916992,4096,47,7,0,ikj,0.871219,38.51434829,0,true,20260809
llm,128,8,16384,8916992,4096,47,7,1,kij,0.833953,40.23539936,0,true,20260809
llm,128,8,16384,8916992,4096,47,8,0,ikj,0.866932,38.70480268,0,true,20260809
llm,128,8,16384,8916992,4096,47,8,1,kij,0.841022,39.89721077,0,true,20260809
llm,128,8,16384,8916992,4096,47,9,0,kij,0.836546,40.11068369,0,true,20260809
llm,128,8,16384,8916992,4096,47,9,1,ikj,0.868294,38.6440906,0,true,20260809
llm,128,8,16384,8916992,4096,47,10,0,kij,0.833362,40.26393332,0,true,20260809
llm,128,8,16384,8916992,4096,47,10,1,ikj,0.867674,38.67170389,0,true,20260809
llm,128,8,16384,8916992,4096,47,11,0,ikj,0.871369,38.50771831,0,true,20260809
llm,128,8,16384,8916992,4096,47,11,1,kij,0.833982,40.23400025,0,true,20260809
llm,128,8,16384,8916992,4096,47,12,0,kij,0.835976,40.13803267,0,true,20260809
llm,128,8,16384,8916992,4096,47,12,1,ikj,0.864379,38.81911985,0,true,20260809
llm,128,8,16384,8916992,4096,47,13,0,ikj,0.872521,38.45687611,0,true,20260809
llm,128,8,16384,8916992,4096,47,13,1,kij,0.83277,40.29255617,0,true,20260809
llm,128,8,16384,8916992,4096,47,14,0,kij,0.834733,40.19780217,0,true,20260809
llm,128,8,16384,8916992,4096,47,14,1,ikj,0.866522,38.72311609,0,true,20260809
llm,128,8,16384,8916992,4096,47,15,0,kij,0.833903,40.23781183,0,true,20260809
llm,128,8,16384,8916992,4096,47,15,1,ikj,0.873673,38.40616798,0,true,20260809
llm,128,8,16384,8916992,4096,47,16,0,ikj,0.868905,38.61691669,0,true,20260809
llm,128,8,16384,8916992,4096,47,16,1,kij,0.83249,40.30610818,0,true,20260809
llm,128,8,16384,8916992,4096,47,17,0,kij,0.836336,40.12075529,0,true,20260809
llm,128,8,16384,8916992,4096,47,17,1,ikj,0.866621,38.71869248,0,true,20260809
llm,128,8,16384,8916992,4096,47,18,0,ikj,0.873252,38.42468383,0,true,20260809
llm,128,8,16384,8916992,4096,47,18,1,kij,0.834362,40.21567617,0,true,20260809
llm,128,8,16384,8916992,4096,47,19,0,kij,0.836456,40.11499947,0,true,20260809
llm,128,8,16384,8916992,4096,47,19,1,ikj,0.868685,38.62669667,0,true,20260809
llm,128,16,128,81920,8192,11,0,0,ikj,0.024346,21.53487226,0,true,20260809
llm,128,16,128,81920,8192,11,0,1,kij,0.024267,21.60497795,0,true,20260809
llm,128,16,128,81920,8192,11,1,0,kij,0.025308,20.71629524,0,true,20260809
llm,128,16,128,81920,8192,11,1,1,ikj,0.024537,21.36724131,0,true,20260809
llm,128,16,128,81920,8192,11,2,0,ikj,0.024527,21.37595303,0,true,20260809
llm,128,16,128,81920,8192,11,2,1,kij,0.024347,21.53398776,0,true,20260809
llm,128,16,128,81920,8192,11,3,0,ikj,0.024487,21.41087107,0,true,20260809
llm,128,16,128,81920,8192,11,3,1,kij,0.025248,20.76552598,0,true,20260809
llm,128,16,128,81920,8192,11,4,0,kij,0.024938,21.02365867,0,true,20260809
llm,128,16,128,81920,8192,11,4,1,ikj,0.024868,21.08283738,0,true,20260809
llm,128,16,128,81920,8192,11,5,0,kij,0.024717,21.21163572,0,true,20260809
llm,128,16,128,81920,8192,11,5,1,ikj,0.024638,21.27964932,0,true,20260809
llm,128,16,128,81920,8192,11,6,0,ikj,0.024677,21.24601856,0,true,20260809
llm,128,16,128,81920,8192,11,6,1,kij,0.024637,21.28051305,0,true,20260809
llm,128,16,128,81920,8192,11,7,0,kij,0.024367,21.51631305,0,true,20260809
llm,128,16,128,81920,8192,11,7,1,ikj,0.024637,21.28051305,0,true,20260809
llm,128,16,128,81920,8192,11,8,0,ikj,0.030016,17.46695096,0,true,20260809
llm,128,16,128,81920,8192,11,8,1,kij,0.024587,21.32378899,0,true,20260809
llm,128,16,128,81920,8192,11,9,0,ikj,0.024747,21.18592153,0,true,20260809
llm,128,16,128,81920,8192,11,9,1,kij,0.024917,21.04137737,0,true,20260809
llm,128,16,128,81920,8192,11,10,0,kij,0.024717,21.21163572,0,true,20260809
llm,128,16,128,81920,8192,11,10,1,ikj,0.024447,21.44590338,0,true,20260809
llm,128,16,128,81920,8192,11,11,0,ikj,0.024507,21.3933978,0,true,20260809
llm,128,16,128,81920,8192,11,11,1,kij,0.025138,20.85639271,0,true,20260809
llm,128,16,128,81920,8192,11,12,0,ikj,0.024257,21.61388465,0,true,20260809
llm,128,16,128,81920,8192,11,12,1,kij,0.024597,21.31511973,0,true,20260809
llm,128,16,128,81920,8192,11,13,0,kij,0.024257,21.61388465,0,true,20260809
llm,128,16,128,81920,8192,11,13,1,ikj,0.024287,21.58718656,0,true,20260809
llm,128,16,128,81920,8192,11,14,0,kij,0.024878,21.07436289,0,true,20260809
llm,128,16,128,81920,8192,11,14,1,ikj,0.024417,21.47225294,0,true,20260809
llm,128,16,128,81920,8192,11,15,0,kij,0.025148,20.84809925,0,true,20260809
llm,128,16,128,81920,8192,11,15,1,ikj,0.024798,21.14235019,0,true,20260809
llm,128,16,128,81920,8192,11,16,0,ikj,0.024527,21.37595303,0,true,20260809
llm,128,16,128,81920,8192,11,16,1,kij,0.024126,21.7312443,0,true,20260809
llm,128,16,128,81920,8192,11,17,0,ikj,0.024677,21.24601856,0,true,20260809
llm,128,16,128,81920,8192,11,17,1,kij,0.024878,21.07436289,0,true,20260809
llm,128,16,128,81920,8192,11,18,0,kij,0.024548,21.35766661,0,true,20260809
llm,128,16,128,81920,8192,11,18,1,ikj,0.024427,21.46346256,0,true,20260809
llm,128,16,128,81920,8192,11,19,0,ikj,0.024668,21.25377007,0,true,20260809
llm,128,16,128,81920,8192,11,19,1,kij,0.025268,20.74908976,0,true,20260809
llm,128,16,128,81920,8192,29,0,0,kij,0.024918,21.04053295,0,true,20260809
llm,128,16,128,81920,8192,29,0,1,ikj,0.024507,21.3933978,0,true,20260809
llm,128,16,128,81920,8192,29,1,0,ikj,0.024497,21.40213087,0,true,20260809
llm,128,16,128,81920,8192,29,1,1,kij,0.024838,21.1083018,0,true,20260809
llm,128,16,128,81920,8192,29,2,0,ikj,0.025088,20.89795918,0,true,20260809
llm,128,16,128,81920,8192,29,2,1,kij,0.025087,20.8987922,0,true,20260809
llm,128,16,128,81920,8192,29,3,0,kij,0.025048,20.93133184,0,true,20260809
llm,128,16,128,81920,8192,29,3,1,ikj,0.024477,21.41961842,0,true,20260809
llm,128,16,128,81920,8192,29,4,0,kij,0.024417,21.47225294,0,true,20260809
llm,128,16,128,81920,8192,29,4,1,ikj,0.024808,21.1338278,0,true,20260809
llm,128,16,128,81920,8192,29,5,0,kij,0.024467,21.42837291,0,true,20260809
llm,128,16,128,81920,8192,29,5,1,ikj,0.024347,21.53398776,0,true,20260809
llm,128,16,128,81920,8192,29,6,0,kij,0.024837,21.10915167,0,true,20260809
llm,128,16,128,81920,8192,29,6,1,ikj,0.024787,21.15173276,0,true,20260809
llm,128,16,128,81920,8192,29,7,0,ikj,0.024667,21.25463169,0,true,20260809
llm,128,16,128,81920,8192,29,7,1,kij,0.024988,20.98159116,0,true,20260809
llm,128,16,128,81920,8192,29,8,0,kij,0.024497,21.40213087,0,true,20260809
llm,128,16,128,81920,8192,29,8,1,ikj,0.024728,21.20219994,0,true,20260809
llm,128,16,128,81920,8192,29,9,0,kij,0.024808,21.1338278,0,true,20260809
llm,128,16,128,81920,8192,29,9,1,ikj,0.024567,21.3411487,0,true,20260809
llm,128,16,128,81920,8192,29,10,0,ikj,0.024877,21.07521003,0,true,20260809
llm,128,16,128,81920,8192,29,10,1,kij,0.024677,21.24601856,0,true,20260809
llm,128,16,128,81920,8192,29,11,0,kij,0.024588,21.32292175,0,true,20260809
llm,128,16,128,81920,8192,29,11,1,ikj,0.024447,21.44590338,0,true,20260809
llm,128,16,128,81920,8192,29,12,0,ikj,0.025298,20.72448415,0,true,20260809
llm,128,16,128,81920,8192,29,12,1,kij,0.024638,21.27964932,0,true,20260809
llm,128,16,128,81920,8192,29,13,0,ikj,0.024547,21.35853668,0,true,20260809
llm,128,16,128,81920,8192,29,13,1,kij,0.024427,21.46346256,0,true,20260809
llm,128,16,128,81920,8192,29,14,0,ikj,0.024497,21.40213087,0,true,20260809
llm,128,16,128,81920,8192,29,14,1,kij,0.024728,21.20219994,0,true,20260809
llm,128,16,128,81920,8192,29,15,0,kij,0.024818,21.12531227,0,true,20260809
llm,128,16,128,81920,8192,29,15,1,ikj,0.024637,21.28051305,0,true,20260809
llm,128,16,128,81920,8192,29,16,0,kij,0.024427,21.46346256,0,true,20260809
llm,128,16,128,81920,8192,29,16,1,ikj,0.024818,21.12531227,0,true,20260809
llm,128,16,128,81920,8192,29,17,0,ikj,0.024618,21.2969372,0,true,20260809
llm,128,16,128,81920,8192,29,17,1,kij,0.024868,21.08283738,0,true,20260809
llm,128,16,128,81920,8192,29,18,0,kij,0.024788,21.15087946,0,true,20260809
llm,128,16,128,81920,8192,29,18,1,ikj,0.024307,21.56942445,0,true,20260809
llm,128,16,128,81920,8192,29,19,0,ikj,0.024768,21.16795866,0,true,20260809
llm,128,16,128,81920,8192,29,19,1,kij,0.025018,20.95643137,0,true,20260809
llm,128,16,128,81920,8192,47,0,0,kij,0.024967,20.999239,0,true,20260809
llm,128,16,128,81920,8192,47,0,1,ikj,0.024357,21.52514678,0,true,20260809
llm,128,16,128,81920,8192,47,1,0,ikj,0.024467,21.42837291,0,true,20260809
llm,128,16,128,81920,8192,47,1,1,kij,0.024668,21.25377007,0,true,20260809
llm,128,16,128,81920,8192,47,2,0,ikj,0.024377,21.50748657,0,true,20260809
llm,128,16,128,81920,8192,47,2,1,kij,0.024507,21.3933978,0,true,20260809
llm,128,16,128,81920,8192,47,3,0,kij,0.02639,19.86691929,0,true,20260809
llm,128,16,128,81920,8192,47,3,1,ikj,0.024487,21.41087107,0,true,20260809
llm,128,16,128,81920,8192,47,4,0,ikj,0.024678,21.24515763,0,true,20260809
llm,128,16,128,81920,8192,47,4,1,kij,0.024687,21.2374124,0,true,20260809
llm,128,16,128,81920,8192,47,5,0,ikj,0.024517,21.38467186,0,true,20260809
llm,128,16,128,81920,8192,47,5,1,kij,0.024698,21.22795368,0,true,20260809
llm,128,16,128,81920,8192,47,6,0,kij,0.025188,20.81499127,0,true,20260809
llm,128,16,128,81920,8192,47,6,1,ikj,0.024607,21.30645751,0,true,20260809
llm,128,16,128,81920,8192,47,7,0,kij,0.025218,20.7902292,0,true,20260809
llm,128,16,128,81920,8192,47,7,1,ikj,0.024367,21.51631305,0,true,20260809
llm,128,16,128,81920,8192,47,8,0,kij,0.023786,22.04187337,0,true,20260809
llm,128,16,128,81920,8192,47,8,1,ikj,0.024578,21.33159736,0,true,20260809
llm,128,16,128,81920,8192,47,9,0,kij,0.024738,21.19362923,0,true,20260809
llm,128,16,128,81920,8192,47,9,1,ikj,0.024767,21.16881334,0,true,20260809
llm,128,16,128,81920,8192,47,10,0,kij,0.024767,21.16881334,0,true,20260809
llm,128,16,128,81920,8192,47,10,1,ikj,0.024617,21.29780233,0,true,20260809
llm,128,16,128,81920,8192,47,11,0,ikj,0.024447,21.44590338,0,true,20260809
llm,128,16,128,81920,8192,47,11,1,kij,0.024467,21.42837291,0,true,20260809
llm,128,16,128,81920,8192,47,12,0,kij,0.024598,21.31425319,0,true,20260809
llm,128,16,128,81920,8192,47,12,1,ikj,0.024417,21.47225294,0,true,20260809
llm,128,16,128,81920,8192,47,13,0,kij,0.024708,21.21936215,0,true,20260809
llm,128,16,128,81920,8192,47,13,1,ikj,0.024437,21.45467938,0,true,20260809
llm,128,16,128,81920,8192,47,14,0,kij,0.024287,21.58718656,0,true,20260809
llm,128,16,128,81920,8192,47,14,1,ikj,0.024327,21.55169154,0,true,20260809
llm,128,16,128,81920,8192,47,15,0,ikj,0.024528,21.37508154,0,true,20260809
llm,128,16,128,81920,8192,47,15,1,kij,0.025208,20.79847667,0,true,20260809
llm,128,16,128,81920,8192,47,16,0,ikj,0.024687,21.2374124,0,true,20260809
llm,128,16,128,81920,8192,47,16,1,kij,0.024578,21.33159736,0,true,20260809
llm,128,16,128,81920,8192,47,17,0,ikj,0.024307,21.56942445,0,true,20260809
llm,128,16,128,81920,8192,47,17,1,kij,0.024958,21.00681144,0,true,20260809
llm,128,16,128,81920,8192,47,18,0,kij,0.025289,20.7318597,0,true,20260809
llm,128,16,128,81920,8192,47,18,1,ikj,0.024397,21.48985531,0,true,20260809
llm,128,16,128,81920,8192,47,19,0,kij,0.024487,21.41087107,0,true,20260809
llm,128,16,128,81920,8192,47,19,1,ikj,0.024687,21.2374124,0,true,20260809
llm,128,16,512,303104,8192,11,0,0,kij,0.049615,42.26850751,0,true,20260809
llm,128,16,512,303104,8192,11,0,1,ikj,0.050286,41.70449032,0,true,20260809
llm,128,16,512,303104,8192,11,1,0,kij,0.049685,42.20895643,0,true,20260809
llm,128,16,512,303104,8192,11,1,1,ikj,0.050346,41.65478886,0,true,20260809
llm,128,16,512,303104,8192,11,2,0,ikj,0.050377,41.62915616,0,true,20260809
llm,128,16,512,303104,8192,11,2,1,kij,0.049715,42.18348587,0,true,20260809
llm,128,16,512,303104,8192,11,3,0,kij,0.049925,42.00604907,0,true,20260809
llm,128,16,512,303104,8192,11,3,1,ikj,0.050336,41.66306421,0,true,20260809
llm,128,16,512,303104,8192,11,4,0,kij,0.050106,41.85430887,0,true,20260809
llm,128,16,512,303104,8192,11,4,1,ikj,0.050236,41.74599889,0,true,20260809
llm,128,16,512,303104,8192,11,5,0,kij,0.050106,41.85430887,0,true,20260809
llm,128,16,512,303104,8192,11,5,1,ikj,0.050266,41.72108383,0,true,20260809
llm,128,16,512,303104,8192,11,6,0,ikj,0.050276,41.71278542,0,true,20260809
llm,128,16,512,303104,8192,11,6,1,kij,0.049846,42.07262368,0,true,20260809
llm,128,16,512,303104,8192,11,7,0,kij,0.049715,42.18348587,0,true,20260809
llm,128,16,512,303104,8192,11,7,1,ikj,0.050476,41.54750773,0,true,20260809
llm,128,16,512,303104,8192,11,8,0,ikj,0.050276,41.71278542,0,true,20260809
llm,128,16,512,303104,8192,11,8,1,kij,0.049765,42.14110318,0,true,20260809
llm,128,16,512,303104,8192,11,9,0,kij,0.049915,42.01446459,0,true,20260809
llm,128,16,512,303104,8192,11,9,1,ikj,0.050366,41.63824802,0,true,20260809
llm,128,16,512,303104,8192,11,10,0,kij,0.049906,42.02204144,0,true,20260809
llm,128,16,512,303104,8192,11,10,1,ikj,0.050376,41.62998253,0,true,20260809
llm,128,16,512,303104,8192,11,11,0,ikj,0.050467,41.55491707,0,true,20260809
llm,128,16,512,303104,8192,11,11,1,kij,0.049816,42.09796049,0,true,20260809
llm,128,16,512,303104,8192,11,12,0,kij,0.049815,42.09880558,0,true,20260809
llm,128,16,512,303104,8192,11,12,1,ikj,0.050346,41.65478886,0,true,20260809
llm,128,16,512,303104,8192,11,13,0,ikj,0.050347,41.65396151,0,true,20260809
llm,128,16,512,303104,8192,11,13,1,kij,0.049715,42.18348587,0,true,20260809
llm,128,16,512,303104,8192,11,14,0,kij,0.050015,41.93046086,0,true,20260809
llm,128,16,512,303104,8192,11,14,1,ikj,0.050356,41.6465168,0,true,20260809
llm,128,16,512,303104,8192,11,15,0,kij,0.049966,41.97158067,0,true,20260809
llm,128,16,512,303104,8192,11,15,1,ikj,0.050307,41.68708132,0,true,20260809
llm,128,16,512,303104,8192,11,16,0,kij,0.049856,42.06418485,0,true,20260809
llm,128,16,512,303104,8192,11,16,1,ikj,0.050326,41.67134284,0,true,20260809
llm,128,16,512,303104,8192,11,17,0,kij,0.049534,42.33762668,0,true,20260809
llm,128,16,512,303104,8192,11,17,1,ikj,0.050226,41.75431052,0,true,20260809
llm,128,16,512,303104,8192,11,18,0,ikj,0.050206,41.77094371,0,true,20260809
llm,128,16,512,303104,8192,11,18,1,kij,0.049745,42.15804603,0,true,20260809
llm,128,16,512,303104,8192,11,19,0,kij,0.049626,42.25913835,0,true,20260809
llm,128,16,512,303104,8192,11,19,1,ikj,0.050236,41.74599889,0,true,20260809
llm,128,16,512,303104,8192,29,0,0,kij,0.050055,41.89695335,0,true,20260809
llm,128,16,512,303104,8192,29,0,1,ikj,0.050466,41.5557405,0,true,20260809
llm,128,16,512,303104,8192,29,1,0,kij,0.049895,42.03130574,0,true,20260809
llm,128,16,512,303104,8192,29,1,1,ikj,0.050406,41.60520573,0,true,20260809
llm,128,16,512,303104,8192,29,2,0,ikj,0.050336,41.66306421,0,true,20260809
llm,128,16,512,303104,8192,29,2,1,kij,0.049955,41.98082274,0,true,20260809
llm,128,16,512,303104,8192,29,3,0,kij,0.049996,41.94639571,0,true,20260809
llm,128,16,512,303104,8192,29,3,1,ikj,0.050486,41.53927822,0,true,20260809
llm,128,16,512,303104,8192,29,4,0,kij,0.050196,41.77926528,0,true,20260809
llm,128,16,512,303104,8192,29,4,1,ikj,0.050507,41.52200685,0,true,20260809
llm,128,16,512,303104,8192,29,5,0,kij,0.050246,41.73769056,0,true,20260809
llm,128,16,512,303104,8192,29,5,1,ikj,0.050496,41.53105196,0,true,20260809
llm,128,16,512,303104,8192,29,6,0,kij,0.050066,41.88774817,0,true,20260809
llm,128,16,512,303104,8192,29,6,1,ikj,0.050366,41.63824802,0,true,20260809
llm,128,16,512,303104,8192,29,7,0,ikj,0.050387,41.62089428,0,true,20260809
llm,128,16,512,303104,8192,29,7,1,kij,0.049655,42.23445776,0,true,20260809
llm,128,16,512,303104,8192,29,8,0,kij,0.049565,42.31114698,0,true,20260809
llm,128,16,512,303104,8192,29,8,1,ikj,0.050366,41.63824802,0,true,20260809
llm,128,16,512,303104,8192,29,9,0,kij,0.049905,42.02288348,0,true,20260809
llm,128,16,512,303104,8192,29,9,1,ikj,0.050326,41.67134284,0,true,20260809
llm,128,16,512,303104,8192,29,10,0,kij,0.049675,42.21745345,0,true,20260809
llm,128,16,512,303104,8192,29,10,1,ikj,0.056335,37.22644892,0,true,20260809
llm,128,16,512,303104,8192,29,11,0,kij,0.050136,41.8292644,0,true,20260809
llm,128,16,512,303104,8192,29,11,1,ikj,0.050226,41.75431052,0,true,20260809
llm,128,16,512,303104,8192,29,12,0,kij,0.050256,41.72938555,0,true,20260809
llm,128,16,512,303104,8192,29,12,1,ikj,0.050536,41.49817952,0,true,20260809
llm,128,16,512,303104,8192,29,13,0,ikj,0.050376,41.62998253,0,true,20260809
llm,128,16,512,303104,8192,29,13,1,kij,0.049926,42.00520771,0,true,20260809
llm,128,16,512,303104,8192,29,14,0,ikj,0.050336,41.66306421,0,true,20260809
llm,128,16,512,303104,8192,29,14,1,kij,0.050136,41.8292644,0,true,20260809
llm,128,16,512,303104,8192,29,15,0,ikj,0.050256,41.72938555,0,true,20260809
llm,128,16,512,303104,8192,29,15,1,kij,0.049855,42.06502858,0,true,20260809
llm,128,16,512,303104,8192,29,16,0,ikj,0.050387,41.62089428,0,true,20260809
llm,128,16,512,303104,8192,29,16,1,kij,0.049585,42.29408087,0,true,20260809
llm,128,16,512,303104,8192,29,17,0,kij,0.049835,42.0819103,0,true,20260809
llm,128,16,512,303104,8192,29,17,1,ikj,0.050195,41.78009762,0,true,20260809
llm,128,16,512,303104,8192,29,18,0,kij,0.050076,41.87938334,0,true,20260809
llm,128,16,512,303104,8192,29,18,1,ikj,0.050547,41.48914871,0,true,20260809
llm,128,16,512,303104,8192,29,19,0,kij,0.049805,42.10725831,0,true,20260809
llm,128,16,512,303104,8192,29,19,1,ikj,0.050446,41.57221583,0,true,20260809
llm,128,16,512,303104,8192,47,0,0,kij,0.049836,42.0810659,0,true,20260809
llm,128,16,512,303104,8192,47,0,1,ikj,0.050376,41.62998253,0,true,20260809
llm,128,16,512,303104,8192,47,1,0,kij,0.049716,42.18263738,0,true,20260809
llm,128,16,512,303104,8192,47,1,1,ikj,0.050336,41.66306421,0,true,20260809
llm,128,16,512,303104,8192,47,2,0,ikj,0.050496,41.53105196,0,true,20260809
llm,128,16,512,303104,8192,47,2,1,kij,0.050126,41.83760922,0,true,20260809
llm,128,16,512,303104,8192,47,3,0,kij,0.049875,42.0481604,0,true,20260809
llm,128,16,512,303104,8192,47,3,1,ikj,0.050326,41.67134284,0,true,20260809
llm,128,16,512,303104,8192,47,4,0,ikj,0.050597,41.4481491,0,true,20260809
llm,128,16,512,303104,8192,47,4,1,kij,0.049996,41.94639571,0,true,20260809
llm,128,16,512,303104,8192,47,5,0,ikj,0.050266,41.72108383,0,true,20260809
llm,128,16,512,303104,8192,47,5,1,kij,0.049966,41.97158067,0,true,20260809
llm,128,16,512,303104,8192,47,6,0,kij,0.050036,41.91286274,0,true,20260809
llm,128,16,512,303104,8192,47,6,1,ikj,0.050356,41.6465168,0,true,20260809
llm,128,16,512,303104,8192,47,7,0,ikj,0.050406,41.60520573,0,true,20260809
llm,128,16,512,303104,8192,47,7,1,kij,0.050166,41.80424989,0,true,20260809
llm,128,16,512,303104,8192,47,8,0,kij,0.049515,42.35387256,0,true,20260809
llm,128,16,512,303104,8192,47,8,1,ikj,0.050306,41.68790999,0,true,20260809
llm,128,16,512,303104,8192,47,9,0,ikj,0.050336,41.66306421,0,true,20260809
llm,128,16,512,303104,8192,47,9,1,kij,0.049666,42.22510369,0,true,20260809
llm,128,16,512,303104,8192,47,10,0,ikj,0.050306,41.68790999,0,true,20260809
llm,128,16,512,303104,8192,47,10,1,kij,0.050055,41.89695335,0,true,20260809
llm,128,16,512,303104,8192,47,11,0,kij,0.049695,42.20046282,0,true,20260809
llm,128,16,512,303104,8192,47,11,1,ikj,0.050546,41.48996953,0,true,20260809
llm,128,16,512,303104,8192,47,12,0,kij,0.049895,42.03130574,0,true,20260809
llm,128,16,512,303104,8192,47,12,1,ikj,0.050317,41.67879643,0,true,20260809
llm,128,16,512,303104,8192,47,13,0,ikj,0.050466,41.5557405,0,true,20260809
llm,128,16,512,303104,8192,47,13,1,kij,0.049325,42.51701977,0,true,20260809
llm,128,16,512,303104,8192,47,14,0,kij,0.049835,42.0819103,0,true,20260809
llm,128,16,512,303104,8192,47,14,1,ikj,0.050126,41.83760922,0,true,20260809
llm,128,16,512,303104,8192,47,15,0,kij,0.050246,41.73769056,0,true,20260809
llm,128,16,512,303104,8192,47,15,1,ikj,0.050386,41.62172032,0,true,20260809
llm,128,16,512,303104,8192,47,16,0,kij,0.049555,42.3196852,0,true,20260809
llm,128,16,512,303104,8192,47,16,1,ikj,0.050216,41.76262546,0,true,20260809
llm,128,16,512,303104,8192,47,17,0,ikj,0.050486,41.53927822,0,true,20260809
llm,128,16,512,303104,8192,47,17,1,kij,0.049785,42.12417395,0,true,20260809
llm,128,16,512,303104,8192,47,18,0,ikj,0.050286,41.70449032,0,true,20260809
llm,128,16,512,303104,8192,47,18,1,kij,0.049455,42.4052573,0,true,20260809
llm,128,16,512,303104,8192,47,19,0,ikj,0.050407,41.60438034,0,true,20260809
llm,128,16,512,303104,8192,47,19,1,kij,0.049765,42.14110318,0,true,20260809
llm,128,16,2048,1187840,8192,11,0,0,ikj,0.213473,39.29587348,0,true,20260809
llm,128,16,2048,1187840,8192,11,0,1,kij,0.200053,41.93192804,0,true,20260809
llm,128,16,2048,1187840,8192,11,1,0,kij,0.199762,41.99301168,0,true,20260809
llm,128,16,2048,1187840,8192,11,1,1,ikj,0.213042,39.37537199,0,true,20260809
llm,128,16,2048,1187840,8192,11,2,0,ikj,0.212591,39.45890466,0,true,20260809
llm,128,16,2048,1187840,8192,11,2,1,kij,0.199732,41.99931909,0,true,20260809
llm,128,16,2048,1187840,8192,11,3,0,ikj,0.212541,39.46818731,0,true,20260809
llm,128,16,2048,1187840,8192,11,3,1,kij,0.200093,41.92354555,0,true,20260809
llm,128,16,2048,1187840,8192,11,4,0,kij,0.200524,41.8334364,0,true,20260809
llm,128,16,2048,1187840,8192,11,4,1,ikj,0.212632,39.45129614,0,true,20260809
llm,128,16,2048,1187840,8192,11,5,0,kij,0.205591,40.80240867,0,true,20260809
llm,128,16,2048,1187840,8192,11,5,1,ikj,0.213172,39.35135947,0,true,20260809
llm,128,16,2048,1187840,8192,11,6,0,kij,0.200083,41.92564086,0,true,20260809
llm,128,16,2048,1187840,8192,11,6,1,ikj,0.213764,39.24237945,0,true,20260809
llm,128,16,2048,1187840,8192,11,7,0,kij,0.199953,41.95289893,0,true,20260809
llm,128,16,2048,1187840,8192,11,7,1,ikj,0.212792,39.42163239,0,true,20260809
llm,128,16,2048,1187840,8192,11,8,0,ikj,0.212591,39.45890466,0,true,20260809
llm,128,16,2048,1187840,8192,11,8,1,kij,0.201515,41.6277101,0,true,20260809
llm,128,16,2048,1187840,8192,11,9,0,ikj,0.213103,39.36410093,0,true,20260809
llm,128,16,2048,1187840,8192,11,9,1,kij,0.200564,41.82509324,0,true,20260809
llm,128,16,2048,1187840,8192,11,10,0,kij,0.200814,41.77302379,0,true,20260809
llm,128,16,2048,1187840,8192,11,10,1,ikj,0.213123,39.3604069,0,true,20260809
llm,128,16,2048,1187840,8192,11,11,0,ikj,0.212722,39.43460479,0,true,20260809
llm,128,16,2048,1187840,8192,11,11,1,kij,0.200183,41.9046972,0,true,20260809
llm,128,16,2048,1187840,8192,11,12,0,kij,0.199222,42.10683559,0,true,20260809
llm,128,16,2048,1187840,8192,11,12,1,ikj,0.213203,39.34563773,0,true,20260809
llm,128,16,2048,1187840,8192,11,13,0,ikj,0.213283,39.33087963,0,true,20260809
llm,128,16,2048,1187840,8192,11,13,1,kij,0.200254,41.8898399,0,true,20260809
llm,128,16,2048,1187840,8192,11,14,0,kij,0.200914,41.7522323,0,true,20260809
llm,128,16,2048,1187840,8192,11,14,1,ikj,0.218912,38.31954393,0,true,20260809
llm,128,16,2048,1187840,8192,11,15,0,ikj,0.212642,39.44944084,0,true,20260809
llm,128,16,2048,1187840,8192,11,15,1,kij,0.200203,41.90051098,0,true,20260809
llm,128,16,2048,1187840,8192,11,16,0,kij,0.199592,42.02877871,0,true,20260809
llm,128,16,2048,1187840,8192,11,16,1,ikj,0.212802,39.41977989,0,true,20260809
llm,128,16,2048,1187840,8192,11,17,0,ikj,0.212061,39.55752354,0,true,20260809
llm,128,16,2048,1187840,8192,11,17,1,kij,0.200193,41.90260399,0,true,20260809
llm,128,16,2048,1187840,8192,11,18,0,kij,0.200383,41.8628726,0,true,20260809
llm,128,16,2048,1187840,8192,11,18,1,ikj,0.212813,39.41774234,0,true,20260809
llm,128,16,2048,1187840,8192,11,19,0,ikj,0.213353,39.31797537,0,true,20260809
llm,128,16,2048,1187840,8192,11,19,1,kij,0.201946,41.53886683,0,true,20260809
llm,128,16,2048,1187840,8192,29,0,0,ikj,0.212702,39.43831276,0,true,20260809
llm,128,16,2048,1187840,8192,29,0,1,kij,0.201024,41.72938555,0,true,20260809
llm,128,16,2048,1187840,8192,29,1,0,kij,0.201625,41.60499938,0,true,20260809
llm,128,16,2048,1187840,8192,29,1,1,ikj,0.212822,39.41607541,0,true,20260809
llm,128,16,2048,1187840,8192,29,2,0,kij,0.199722,42.00142198,0,true,20260809
llm,128,16,2048,1187840,8192,29,2,1,ikj,0.213282,39.33106404,0,true,20260809
llm,128,16,2048,1187840,8192,29,3,0,ikj,0.212922,39.39756343,0,true,20260809
llm,128,16,2048,1187840,8192,29,3,1,kij,0.200183,41.9046972,0,true,20260809
llm,128,16,2048,1187840,8192,29,4,0,ikj,0.213193,39.34748327,0,true,20260809
llm,128,16,2048,1187840,8192,29,4,1,kij,0.199883,41.96759104,0,true,20260809
llm,128,16,2048,1187840,8192,29,5,0,ikj,0.212802,39.41977989,0,true,20260809
llm,128,16,2048,1187840,8192,29,5,1,kij,0.201274,41.67755398,0,true,20260809
llm,128,16,2048,1187840,8192,29,6,0,ikj,0.213783,39.23889177,0,true,20260809
llm,128,16,2048,1187840,8192,29,6,1,kij,0.199752,41.99511394,0,true,20260809
llm,128,16,2048,1187840,8192,29,7,0,ikj,0.212551,39.46633043,0,true,20260809
llm,128,16,2048,1187840,8192,29,7,1,kij,0.200774,41.78134619,0,true,20260809
llm,128,16,2048,1187840,8192,29,8,0,ikj,0.212993,39.38443047,0,true,20260809
llm,128,16,2048,1187840,8192,29,8,1,kij,0.200193,41.90260399,0,true,20260809
llm,128,16,2048,1187840,8192,29,9,0,kij,0.246604,34.0165123,0,true,20260809
llm,128,16,2048,1187840,8192,29,9,1,ikj,0.213493,39.29219225,0,true,20260809
llm,128,16,2048,1187840,8192,29,10,0,kij,0.200123,41.91726088,0,true,20260809
llm,128,16,2048,1187840,8192,29,10,1,ikj,0.213633,39.26644292,0,true,20260809
llm,128,16,2048,1187840,8192,29,11,0,kij,0.199672,42.01193958,0,true,20260809
llm,128,16,2048,1187840,8192,29,11,1,ikj,0.212853,39.41033483,0,true,20260809
llm,128,16,2048,1187840,8192,29,12,0,ikj,0.212502,39.47543082,0,true,20260809
llm,128,16,2048,1187840,8192,29,12,1,kij,0.201986,41.53064074,0,true,20260809
llm,128,16,2048,1187840,8192,29,13,0,ikj,0.213343,39.31981832,0,true,20260809
llm,128,16,2048,1187840,8192,29,13,1,kij,0.200022,41.93842677,0,true,20260809
llm,128,16,2048,1187840,8192,29,14,0,ikj,0.213052,39.37352383,0,true,20260809
llm,128,16,2048,1187840,8192,29,14,1,kij,0.200003,41.94241086,0,true,20260809
llm,128,16,2048,1187840,8192,29,15,0,kij,0.199712,42.00352508,0,true,20260809
llm,128,16,2048,1187840,8192,29,15,1,ikj,0.213213,39.34379236,0,true,20260809
llm,128,16,2048,1187840,8192,29,16,0,kij,0.200584,41.82092291,0,true,20260809
llm,128,16,2048,1187840,8192,29,16,1,ikj,0.212862,39.40866853,0,true,20260809
llm,128,16,2048,1187840,8192,29,17,0,kij,0.200613,41.8148774,0,true,20260809
llm,128,16,2048,1187840,8192,29,17,1,ikj,0.213102,39.36428565,0,true,20260809
llm,128,16,2048,1187840,8192,29,18,0,kij,0.205981,40.72515426,0,true,20260809
llm,128,16,2048,1187840,8192,29,18,1,ikj,0.213223,39.34194716,0,true,20260809
llm,128,16,2048,1187840,8192,29,19,0,ikj,0.213043,39.37518717,0,true,20260809
llm,128,16,2048,1187840,8192,29,19,1,kij,0.200734,41.7896719,0,true,20260809
llm,128,16,2048,1187840,8192,47,0,0,kij,0.199782,41.9888078,0,true,20260809
llm,128,16,2048,1187840,8192,47,0,1,ikj,0.212963,39.38997854,0,true,20260809
llm,128,16,2048,1187840,8192,47,1,0,ikj,0.212071,39.55565825,0,true,20260809
llm,128,16,2048,1187840,8192,47,1,1,kij,0.200633,41.81070911,0,true,20260809
llm,128,16,2048,1187840,8192,47,2,0,kij,0.201214,41.68998181,0,true,20260809
llm,128,16,2048,1187840,8192,47,2,1,ikj,0.212922,39.39756343,0,true,20260809
llm,128,16,2048,1187840,8192,47,3,0,kij,0.206462,40.63027579,0,true,20260809
llm,128,16,2048,1187840,8192,47,3,1,ikj,0.213243,39.33825729,0,true,20260809
llm,128,16,2048,1187840,8192,47,4,0,kij,0.199992,41.94471779,0,true,20260809
llm,128,16,2048,1187840,8192,47,4,1,ikj,0.212972,39.38831396,0,true,20260809
llm,128,16,2048,1187840,8192,47,5,0,ikj,0.213242,39.33844177,0,true,20260809
llm,128,16,2048,1187840,8192,47,5,1,kij,0.199932,41.95730548,0,true,20260809
llm,128,16,2048,1187840,8192,47,6,0,kij,0.199963,41.9508009,0,true,20260809
llm,128,16,2048,1187840,8192,47,6,1,ikj,0.213203,39.34563773,0,true,20260809
llm,128,16,2048,1187840,8192,47,7,0,kij,0.200874,41.76054641,0,true,20260809
llm,128,16,2048,1187840,8192,47,7,1,ikj,0.213713,39.25174416,0,true,20260809
llm,128,16,2048,1187840,8192,47,8,0,kij,0.200083,41.92564086,0,true,20260809
llm,128,16,2048,1187840,8192,47,8,1,ikj,0.212902,39.40126443,0,true,20260809
llm,128,16,2048,1187840,8192,47,9,0,ikj,0.213123,39.3604069,0,true,20260809
llm,128,16,2048,1187840,8192,47,9,1,kij,0.200233,41.89423322,0,true,20260809
llm,128,16,2048,1187840,8192,47,10,0,kij,0.200273,41.88586579,0,true,20260809
llm,128,16,2048,1187840,8192,47,10,1,ikj,0.212903,39.40107936,0,true,20260809
llm,128,16,2048,1187840,8192,47,11,0,kij,0.199452,42.05827969,0,true,20260809
llm,128,16,2048,1187840,8192,47,11,1,ikj,0.212592,39.45871905,0,true,20260809
llm,128,16,2048,1187840,8192,47,12,0,kij,0.200594,41.81883805,0,true,20260809
llm,128,16,2048,1187840,8192,47,12,1,ikj,0.218762,38.34581874,0,true,20260809
llm,128,16,2048,1187840,8192,47,13,0,kij,0.201335,41.66492661,0,true,20260809
llm,128,16,2048,1187840,8192,47,13,1,ikj,0.212291,39.51466619,0,true,20260809
llm,128,16,2048,1187840,8192,47,14,0,ikj,0.213052,39.37352383,0,true,20260809
llm,128,16,2048,1187840,8192,47,14,1,kij,0.199982,41.94681521,0,true,20260809
llm,128,16,2048,1187840,8192,47,15,0,kij,0.199792,41.98670617,0,true,20260809
llm,128,16,2048,1187840,8192,47,15,1,ikj,0.213372,39.31447425,0,true,20260809
llm,128,16,2048,1187840,8192,47,16,0,ikj,0.212832,39.41422343,0,true,20260809
llm,128,16,2048,1187840,8192,47,16,1,kij,0.200444,41.85013271,0,true,20260809
llm,128,16,2048,1187840,8192,47,17,0,kij,0.200143,41.91307215,0,true,20260809
llm,128,16,2048,1187840,8192,47,17,1,ikj,0.213534,39.28464788,0,true,20260809
llm,128,16,2048,1187840,8192,47,18,0,kij,0.201175,41.69806387,0,true,20260809
llm,128,16,2048,1187840,8192,47,18,1,ikj,0.213263,39.33456812,0,true,20260809
llm,128,16,2048,1187840,8192,47,19,0,ikj,0.213083,39.36779565,0,true,20260809
llm,128,16,2048,1187840,8192,47,19,1,kij,0.199232,42.10472213,0,true,20260809
llm,128,16,8192,4726784,8192,11,0,0,ikj,0.863637,38.85247158,0,true,20260809
llm,128,16,8192,4726784,8192,11,0,1,kij,0.841403,39.87914471,0,true,20260809
llm,128,16,8192,4726784,8192,11,1,0,kij,0.833131,40.27509719,0,true,20260809
llm,128,16,8192,4726784,8192,11,1,1,ikj,0.864649,38.80699798,0,true,20260809
llm,128,16,8192,4726784,8192,11,2,0,ikj,0.863657,38.85157186,0,true,20260809
llm,128,16,8192,4726784,8192,11,2,1,kij,0.833131,40.27509719,0,true,20260809
llm,128,16,8192,4726784,8192,11,3,0,ikj,0.880343,38.11518011,0,true,20260809
llm,128,16,8192,4726784,8192,11,3,1,kij,0.832099,40.32504786,0,true,20260809
llm,128,16,8192,4726784,8192,11,4,0,kij,0.834723,40.19828374,0,true,20260809
llm,128,16,8192,4726784,8192,11,4,1,ikj,0.864158,38.82904747,0,true,20260809
llm,128,16,8192,4726784,8192,11,5,0,ikj,0.869616,38.58534342,0,true,20260809
llm,128,16,8192,4726784,8192,11,5,1,kij,0.831889,40.33522742,0,true,20260809
llm,128,16,8192,4726784,8192,11,6,0,ikj,0.866502,38.72400987,0,true,20260809
llm,128,16,8192,4726784,8192,11,6,1,kij,0.831999,40.32989463,0,true,20260809
llm,128,16,8192,4726784,8192,11,7,0,kij,0.833982,40.23400025,0,true,20260809
llm,128,16,8192,4726784,8192,11,7,1,ikj,0.870628,38.54049261,0,true,20260809
llm,128,16,8192,4726784,8192,11,8,0,ikj,0.861073,38.96816182,0,true,20260809
llm,128,16,8192,4726784,8192,11,8,1,kij,0.834402,40.21374829,0,true,20260809
llm,128,16,8192,4726784,8192,11,9,0,ikj,0.864438,38.81647035,0,true,20260809
llm,128,16,8192,4726784,8192,11,9,1,kij,0.831419,40.35802886,0,true,20260809
llm,128,16,8192,4726784,8192,11,10,0,ikj,0.870858,38.53031378,0,true,20260809
llm,128,16,8192,4726784,8192,11,10,1,kij,0.834793,40.19491299,0,true,20260809
llm,128,16,8192,4726784,8192,11,11,0,ikj,0.866882,38.7070351,0,true,20260809
llm,128,16,8192,4726784,8192,11,11,1,kij,0.828955,40.47798976,0,true,20260809
llm,128,16,8192,4726784,8192,11,12,0,kij,0.837918,40.04500679,0,true,20260809
llm,128,16,8192,4726784,8192,11,12,1,ikj,0.866792,38.71105409,0,true,20260809
llm,128,16,8192,4726784,8192,11,13,0,kij,0.836185,40.12800038,0,true,20260809
llm,128,16,8192,4726784,8192,11,13,1,ikj,0.865299,38.77784673,0,true,20260809
llm,128,16,8192,4726784,8192,11,14,0,kij,0.833642,40.25040965,0,true,20260809
llm,128,16,8192,4726784,8192,11,14,1,ikj,0.871529,38.50064886,0,true,20260809
llm,128,16,8192,4726784,8192,11,15,0,ikj,0.863797,38.84527499,0,true,20260809
llm,128,16,8192,4726784,8192,11,15,1,kij,0.833622,40.25137532,0,true,20260809
llm,128,16,8192,4726784,8192,11,16,0,kij,0.834192,40.22387172,0,true,20260809
llm,128,16,8192,4726784,8192,11,16,1,ikj,0.864779,38.80116423,0,true,20260809
llm,128,16,8192,4726784,8192,11,17,0,kij,0.841844,39.85825402,0,true,20260809
llm,128,16,8192,4726784,8192,11,17,1,ikj,0.86556,38.7661537,0,true,20260809
llm,128,16,8192,4726784,8192,11,18,0,kij,0.833001,40.28138262,0,true,20260809
llm,128,16,8192,4726784,8192,11,18,1,ikj,0.868705,38.62580738,0,true,20260809
llm,128,16,8192,4726784,8192,11,19,0,kij,0.8391,39.98859731,0,true,20260809
llm,128,16,8192,4726784,8192,11,19,1,ikj,0.864228,38.82590242,0,true,20260809
llm,128,16,8192,4726784,8192,29,0,0,ikj,0.86535,38.77556133,0,true,20260809
llm,128,16,8192,4726784,8192,29,0,1,kij,0.833331,40.26543114,0,true,20260809
llm,128,16,8192,4726784,8192,29,1,0,ikj,0.86583,38.75406489,0,true,20260809
llm,128,16,8192,4726784,8192,29,1,1,kij,0.834423,40.21273623,0,true,20260809
llm,128,16,8192,4726784,8192,29,2,0,kij,0.838389,40.02250984,0,true,20260809
llm,128,16,8192,4726784,8192,29,2,1,ikj,0.866401,38.72852409,0,true,20260809
llm,128,16,8192,4726784,8192,29,3,0,ikj,0.862375,38.90932831,0,true,20260809
llm,128,16,8192,4726784,8192,29,3,1,kij,0.833922,40.23689506,0,true,20260809
llm,128,16,8192,4726784,8192,29,4,0,kij,0.837397,40.06992144,0,true,20260809
llm,128,16,8192,4726784,8192,29,4,1,ikj,0.863807,38.84482529,0,true,20260809
llm,128,16,8192,4726784,8192,29,5,0,kij,0.832179,40.32117129,0,true,20260809
llm,128,16,8192,4726784,8192,29,5,1,ikj,0.866341,38.7312063,0,true,20260809
llm,128,16,8192,4726784,8192,29,6,0,kij,0.833241,40.26978029,0,true,20260809
llm,128,16,8192,4726784,8192,29,6,1,ikj,0.870558,38.54359158,0,true,20260809
llm,128,16,8192,4726784,8192,29,7,0,kij,0.831228,40.36730235,0,true,20260809
llm,128,16,8192,4726784,8192,29,7,1,ikj,0.866892,38.70658859,0,true,20260809
llm,128,16,8192,4726784,8192,29,8,0,ikj,0.862836,38.88853965,0,true,20260809
llm,128,16,8192,4726784,8192,29,8,1,kij,0.831599,40.34929335,0,true,20260809
llm,128,16,8192,4726784,8192,29,9,0,ikj,0.871829,38.48740063,0,true,20260809
llm,128,16,8192,4726784,8192,29,9,1,kij,0.837046,40.08672403,0,true,20260809
llm,128,16,8192,4726784,8192,29,10,0,ikj,0.865459,38.77067776,0,true,20260809
llm,128,16,8192,4726784,8192,29,10,1,kij,0.829946,40.42965687,0,true,20260809
llm,128,16,8192,4726784,8192,29,11,0,ikj,0.870167,38.56091072,0,true,20260809
llm,128,16,8192,4726784,8192,29,11,1,kij,0.832911,40.28573521,0,true,20260809
llm,128,16,8192,4726784,8192,29,12,0,ikj,0.866341,38.7312063,0,true,20260809
llm,128,16,8192,4726784,8192,29,12,1,kij,0.833552,40.25475555,0,true,20260809
llm,128,16,8192,4726784,8192,29,13,0,kij,0.831739,40.34250167,0,true,20260809
llm,128,16,8192,4726784,8192,29,13,1,ikj,0.87216,38.47279398,0,true,20260809
llm,128,16,8192,4726784,8192,29,14,0,ikj,0.863337,38.86597238,0,true,20260809
llm,128,16,8192,4726784,8192,29,14,1,kij,0.836366,40.11931618,0,true,20260809
llm,128,16,8192,4726784,8192,29,15,0,ikj,0.864559,38.81103777,0,true,20260809
llm,128,16,8192,4726784,8192,29,15,1,kij,0.831349,40.36142703,0,true,20260809
llm,128,16,8192,4726784,8192,29,16,0,kij,0.839461,39.9714007,0,true,20260809
llm,128,16,8192,4726784,8192,29,16,1,ikj,0.865791,38.75581058,0,true,20260809
llm,128,16,8192,4726784,8192,29,17,0,kij,0.834894,40.19005047,0,true,20260809
llm,128,16,8192,4726784,8192,29,17,1,ikj,0.866842,38.70882122,0,true,20260809
llm,128,16,8192,4726784,8192,29,18,0,ikj,0.870107,38.56356977,0,true,20260809
llm,128,16,8192,4726784,8192,29,18,1,kij,0.83229,40.31579377,0,true,20260809
llm,128,16,8192,4726784,8192,29,19,0,ikj,0.864458,38.8155723,0,true,20260809
llm,128,16,8192,4726784,8192,29,19,1,kij,0.831889,40.33522742,0,true,20260809
llm,128,16,8192,4726784,8192,47,0,0,kij,0.835153,40.17758662,0,true,20260809
llm,128,16,8192,4726784,8192,47,0,1,ikj,0.870207,38.55913823,0,true,20260809
llm,128,16,8192,4726784,8192,47,1,0,kij,0.833321,40.26591434,0,true,20260809
llm,128,16,8192,4726784,8192,47,1,1,ikj,0.861554,38.94640615,0,true,20260809
llm,128,16,8192,4726784,8192,47,2,0,ikj,0.864328,38.82141039,0,true,20260809
llm,128,16,8192,4726784,8192,47,2,1,kij,0.83235,40.31288761,0,true,20260809
llm,128,16,8192,4726784,8192,47,3,0,ikj,0.871849,38.48651773,0,true,20260809
llm,128,16,8192,4726784,8192,47,3,1,kij,0.833621,40.25142361,0,true,20260809
llm,128,16,8192,4726784,8192,47,4,0,ikj,0.86572,38.75898905,0,true,20260809
llm,128,16,8192,4726784,8192,47,4,1,kij,0.83201,40.32936143,0,true,20260809
llm,128,16,8192,4726784,8192,47,5,0,kij,0.83218,40.32112283,0,true,20260809
llm,128,16,8192,4726784,8192,47,5,1,ikj,0.867153,38.69493849,0,true,20260809
llm,128,16,8192,4726784,8192,47,6,0,kij,0.834133,40.22671684,0,true,20260809
llm,128,16,8192,4726784,8192,47,6,1,ikj,0.865109,38.78636334,0,true,20260809
llm,128,16,8192,4726784,8192,47,7,0,ikj,0.862085,38.92241716,0,true,20260809
llm,128,16,8192,4726784,8192,47,7,1,kij,0.839931,39.94903391,0,true,20260809
llm,128,16,8192,4726784,8192,47,8,0,ikj,0.866091,38.74238619,0,true,20260809
llm,128,16,8192,4726784,8192,47,8,1,kij,0.833191,40.27219689,0,true,20260809
llm,128,16,8192,4726784,8192,47,9,0,kij,0.833732,40.24606468,0,true,20260809
llm,128,16,8192,4726784,8192,47,9,1,ikj,0.861965,38.92783582,0,true,20260809
llm,128,16,8192,4726784,8192,47,10,0,kij,0.838499,40.01725941,0,true,20260809
llm,128,16,8192,4726784,8192,47,10,1,ikj,0.864879,38.79667792,0,true,20260809
llm,128,16,8192,4726784,8192,47,11,0,kij,0.831018,40.37750326,0,true,20260809
llm,128,16,8192,4726784,8192,47,11,1,ikj,0.865991,38.74685996,0,true,20260809
llm,128,16,8192,4726784,8192,47,12,0,kij,0.833531,40.25576973,0,true,20260809
llm,128,16,8192,4726784,8192,47,12,1,ikj,0.870527,38.54496414,0,true,20260809
llm,128,16,8192,4726784,8192,47,13,0,kij,0.834132,40.22676507,0,true,20260809
llm,128,16,8192,4726784,8192,47,13,1,ikj,0.8652,38.78228387,0,true,20260809
llm,128,16,8192,4726784,8192,47,14,0,kij,0.831629,40.3478378,0,true,20260809
llm,128,16,8192,4726784,8192,47,14,1,ikj,0.87193,38.48294244,0,true,20260809
llm,128,16,8192,4726784,8192,47,15,0,kij,0.834924,40.18860639,0,true,20260809
llm,128,16,8192,4726784,8192,47,15,1,ikj,0.864489,38.8141804,0,true,20260809
llm,128,16,8192,4726784,8192,47,16,0,kij,0.83212,40.32403019,0,true,20260809
llm,128,16,8192,4726784,8192,47,16,1,ikj,0.864088,38.83219302,0,true,20260809
llm,128,16,8192,4726784,8192,47,17,0,ikj,0.870167,38.56091072,0,true,20260809
llm,128,16,8192,4726784,8192,47,17,1,kij,0.833772,40.24413389,0,true,20260809
llm,128,16,8192,4726784,8192,47,18,0,ikj,0.866973,38.7029723,0,true,20260809
llm,128,16,8192,4726784,8192,47,18,1,kij,0.836286,40.12315404,0,true,20260809
llm,128,16,8192,4726784,8192,47,19,0,ikj,0.867442,38.68204675,0,true,20260809
llm,128,16,8192,4726784,8192,47,19,1,kij,0.836276,40.12363382,0,true,20260809
llm,128,16,16384,9445376,8192,11,0,0,ikj,1.732142,38.74328086,0,true,20260809
llm,128,16,16384,9445376,8192,11,0,1,kij,1.666192,40.27678923,0,true,20260809
llm,128,16,16384,9445376,8192,11,1,0,ikj,1.776128,37.78379937,0,true,20260809
llm,128,16,16384,9445376,8192,11,1,1,kij,1.665341,40.29737093,0,true,20260809
llm,128,16,16384,9445376,8192,11,2,0,kij,1.668706,40.21610997,0,true,20260809
llm,128,16,16384,9445376,8192,11,2,1,ikj,1.735617,38.66571023,0,true,20260809
llm,128,16,16384,9445376,8192,11,3,0,kij,1.662296,40.3711878,0,true,20260809
llm,128,16,16384,9445376,8192,11,3,1,ikj,1.742908,38.50396234,0,true,20260809
llm,128,16,16384,9445376,8192,11,4,0,kij,1.663748,40.33595472,0,true,20260809
llm,128,16,16384,9445376,8192,11,4,1,ikj,1.740344,38.56068915,0,true,20260809
llm,128,16,16384,9445376,8192,11,5,0,ikj,1.73156,38.75630299,0,true,20260809
llm,128,16,16384,9445376,8192,11,5,1,kij,1.681204,39.91714509,0,true,20260809
llm,128,16,16384,9445376,8192,11,6,0,ikj,1.733363,38.71598967,0,true,20260809
llm,128,16,16384,9445376,8192,11,6,1,kij,1.66535,40.29715315,0,true,20260809
llm,128,16,16384,9445376,8192,11,7,0,kij,1.674544,40.07590365,0,true,20260809
llm,128,16,16384,9445376,8192,11,7,1,ikj,1.731641,38.75449011,0,true,20260809
llm,128,16,16384,9445376,8192,11,8,0,kij,1.669076,40.20719488,0,true,20260809
llm,128,16,16384,9445376,8192,11,8,1,ikj,1.735767,38.66236885,0,true,20260809
llm,128,16,16384,9445376,8192,11,9,0,ikj,1.742918,38.50374143,0,true,20260809
llm,128,16,16384,9445376,8192,11,9,1,kij,1.665581,40.29156433,0,true,20260809
llm,128,16,16384,9445376,8192,11,10,0,ikj,1.734956,38.68044146,0,true,20260809
llm,128,16,16384,9445376,8192,11,10,1,kij,1.705722,39.34337717,0,true,20260809
llm,128,16,16384,9445376,8192,11,11,0,ikj,1.733865,38.70478036,0,true,20260809
llm,128,16,16384,9445376,8192,11,11,1,kij,1.671499,40.14891065,0,true,20260809
llm,128,16,16384,9445376,8192,11,12,0,kij,1.666392,40.27195522,0,true,20260809
llm,128,16,16384,9445376,8192,11,12,1,ikj,1.737459,38.62471805,0,true,20260809
llm,128,16,16384,9445376,8192,11,13,0,ikj,1.733313,38.71710649,0,true,20260809
llm,128,16,16384,9445376,8192,11,13,1,kij,1.666583,40.26733982,0,true,20260809
llm,128,16,16384,9445376,8192,11,14,0,ikj,1.742338,38.51655878,0,true,20260809
llm,128,16,16384,9445376,8192,11,14,1,kij,1.661745,40.38457405,0,true,20260809
llm,128,16,16384,9445376,8192,11,15,0,kij,1.679231,39.96404545,0,true,20260809
llm,128,16,16384,9445376,8192,11,15,1,ikj,1.732092,38.74439926,0,true,20260809
llm,128,16,16384,9445376,8192,11,16,0,ikj,1.735186,38.67531435,0,true,20260809
llm,128,16,16384,9445376,8192,11,16,1,kij,1.667154,40.25354826,0,true,20260809
llm,128,16,16384,9445376,8192,11,17,0,kij,1.669056,40.20767667,0,true,20260809
llm,128,16,16384,9445376,8192,11,17,1,ikj,1.739573,38.57777972,0,true,20260809
llm,128,16,16384,9445376,8192,11,18,0,ikj,1.731701,38.75314734,0,true,20260809
llm,128,16,16384,9445376,8192,11,18,1,kij,1.676487,40.02945683,0,true,20260809
llm,128,16,16384,9445376,8192,11,19,0,kij,1.664849,40.3092797,0,true,20260809
llm,128,16,16384,9445376,8192,11,19,1,ikj,1.739993,38.5684678,0,true,20260809
llm,128,16,16384,9445376,8192,29,0,0,ikj,1.734725,38.68559224,0,true,20260809
llm,128,16,16384,9445376,8192,29,0,1,kij,1.666142,40.27799791,0,true,20260809
llm,128,16,16384,9445376,8192,29,1,0,kij,1.674515,40.0765977,0,true,20260809
llm,128,16,16384,9445376,8192,29,1,1,ikj,1.73087,38.77175293,0,true,20260809
llm,128,16,16384,9445376,8192,29,2,0,kij,1.663428,40.34371431,0,true,20260809
llm,128,16,16384,9445376,8192,29,2,1,ikj,1.741366,38.53805805,0,true,20260809
llm,128,16,16384,9445376,8192,29,3,0,ikj,1.733834,38.70547238,0,true,20260809
llm,128,16,16384,9445376,8192,29,3,1,kij,1.67838,39.98430868,0,true,20260809
llm,128,16,16384,9445376,8192,29,4,0,ikj,1.732472,38.73590107,0,true,20260809
llm,128,16,16384,9445376,8192,29,4,1,kij,1.710489,39.23373024,0,true,20260809
llm,128,16,16384,9445376,8192,29,5,0,ikj,1.733854,38.70502591,0,true,20260809
llm,128,16,16384,9445376,8192,29,5,1,kij,1.666483,40.26975613,0,true,20260809
llm,128,16,16384,9445376,8192,29,6,0,kij,1.674044,40.08787344,0,true,20260809
llm,128,16,16384,9445376,8192,29,6,1,ikj,1.733663,38.7092901,0,true,20260809
llm,128,16,16384,9445376,8192,29,7,0,ikj,1.734605,38.68826851,0,true,20260809
llm,128,16,16384,9445376,8192,29,7,1,kij,1.666492,40.26953865,0,true,20260809
llm,128,16,16384,9445376,8192,29,8,0,ikj,1.743158,38.49844019,0,true,20260809
llm,128,16,16384,9445376,8192,29,8,1,kij,1.666803,40.26202497,0,true,20260809
llm,128,16,16384,9445376,8192,29,9,0,ikj,1.729958,38.79219264,0,true,20260809
llm,128,16,16384,9445376,8192,29,9,1,kij,1.675746,40.0471575,0,true,20260809
llm,128,16,16384,9445376,8192,29,10,0,ikj,1.73769,38.61958347,0,true,20260809
llm,128,16,16384,9445376,8192,29,10,1,kij,1.672281,40.13013602,0,true,20260809
llm,128,16,16384,9445376,8192,29,11,0,ikj,1.728677,38.82093879,0,true,20260809
llm,128,16,16384,9445376,8192,29,11,1,kij,1.669617,40.19416669,0,true,20260809
llm,128,16,16384,9445376,8192,29,12,0,ikj,1.73066,38.77645754,0,true,20260809
llm,128,16,16384,9445376,8192,29,12,1,kij,1.663137,40.35077327,0,true,20260809
llm,128,16,16384,9445376,8192,29,13,0,ikj,1.7379,38.61491685,0,true,20260809
llm,128,16,16384,9445376,8192,29,13,1,kij,1.666722,40.26398164,0,true,20260809
llm,128,16,16384,9445376,8192,29,14,0,kij,1.673092,40.11068369,0,true,20260809
llm,128,16,16384,9445376,8192,29,14,1,ikj,1.730078,38.78950198,0,true,20260809
llm,128,16,16384,9445376,8192,29,15,0,ikj,1.738011,38.61245067,0,true,20260809
llm,128,16,16384,9445376,8192,29,15,1,kij,1.67163,40.14576431,0,true,20260809
llm,128,16,16384,9445376,8192,29,16,0,ikj,1.730369,38.78297866,0,true,20260809
llm,128,16,16384,9445376,8192,29,16,1,kij,1.670779,40.16621229,0,true,20260809
llm,128,16,16384,9445376,8192,29,17,0,ikj,1.733944,38.70301694,0,true,20260809
llm,128,16,16384,9445376,8192,29,17,1,kij,1.677009,40.01699693,0,true,20260809
llm,128,16,16384,9445376,8192,29,18,0,ikj,1.735276,38.67330845,0,true,20260809
llm,128,16,16384,9445376,8192,29,18,1,kij,1.674174,40.0847606,0,true,20260809
llm,128,16,16384,9445376,8192,29,19,0,ikj,1.729698,38.7980237,0,true,20260809
llm,128,16,16384,9445376,8192,29,19,1,kij,1.666553,40.26806468,0,true,20260809
llm,128,16,16384,9445376,8192,47,0,0,kij,1.674915,40.06702668,0,true,20260809
llm,128,16,16384,9445376,8192,47,0,1,ikj,1.729468,38.80318341,0,true,20260809
llm,128,16,16384,9445376,8192,47,1,0,kij,1.673563,40.09939512,0,true,20260809
llm,128,16,16384,9445376,8192,47,1,1,ikj,1.736488,38.64631601,0,true,20260809
llm,128,16,16384,9445376,8192,47,2,0,kij,1.666412,40.27147188,0,true,20260809
llm,128,16,16384,9445376,8192,47,2,1,ikj,1.735757,38.6625916,0,true,20260809
llm,128,16,16384,9445376,8192,47,3,0,ikj,1.725742,38.88696225,0,true,20260809
llm,128,16,16384,9445376,8192,47,3,1,kij,1.676367,40.03232228,0,true,20260809
llm,128,16,16384,9445376,8192,47,4,0,kij,1.670047,40.18381758,0,true,20260809
llm,128,16,16384,9445376,8192,47,4,1,ikj,1.740263,38.56248395,0,true,20260809
llm,128,16,16384,9445376,8192,47,5,0,ikj,1.729518,38.80206161,0,true,20260809
llm,128,16,16384,9445376,8192,47,5,1,kij,1.668746,40.21514598,0,true,20260809
llm,128,16,16384,9445376,8192,47,6,0,ikj,1.739733,38.57423179,0,true,20260809
llm,128,16,16384,9445376,8192,47,6,1,kij,1.667154,40.25354826,0,true,20260809
llm,128,16,16384,9445376,8192,47,7,0,ikj,1.740825,38.55003461,0,true,20260809
llm,128,16,16384,9445376,8192,47,7,1,kij,1.666583,40.26733982,0,true,20260809
llm,128,16,16384,9445376,8192,47,8,0,kij,1.668345,40.22481201,0,true,20260809
llm,128,16,16384,9445376,8192,47,8,1,ikj,1.745672,38.44299731,0,true,20260809
llm,128,16,16384,9445376,8192,47,9,0,kij,1.667854,40.23665381,0,true,20260809
llm,128,16,16384,9445376,8192,47,9,1,ikj,1.744801,38.46218795,0,true,20260809
llm,128,16,16384,9445376,8192,47,10,0,kij,1.666933,40.25888503,0,true,20260809
llm,128,16,16384,9445376,8192,47,10,1,ikj,1.747395,38.40509101,0,true,20260809
llm,128,16,16384,9445376,8192,47,11,0,kij,1.666482,40.26978029,0,true,20260809
llm,128,16,16384,9445376,8192,47,11,1,ikj,1.730449,38.78118569,0,true,20260809
llm,128,16,16384,9445376,8192,47,12,0,kij,1.672922,40.11475968,0,true,20260809
llm,128,16,16384,9445376,8192,47,12,1,ikj,1.752192,38.29994886,0,true,20260809
llm,128,16,16384,9445376,8192,47,13,0,ikj,1.733123,38.72135099,0,true,20260809
llm,128,16,16384,9445376,8192,47,13,1,kij,1.67779,39.99836928,0,true,20260809
llm,128,16,16384,9445376,8192,47,14,0,kij,1.674054,40.08763397,0,true,20260809
llm,128,16,16384,9445376,8192,47,14,1,ikj,1.730909,38.77087935,0,true,20260809
llm,128,16,16384,9445376,8192,47,15,0,kij,1.666372,40.27243857,0,true,20260809
llm,128,16,16384,9445376,8192,47,15,1,ikj,1.742628,38.51014904,0,true,20260809
llm,128,16,16384,9445376,8192,47,16,0,ikj,1.733935,38.70321783,0,true,20260809
llm,128,16,16384,9445376,8192,47,16,1,kij,1.673924,40.09074725,0,true,20260809
llm,128,16,16384,9445376,8192,47,17,0,ikj,1.733424,38.71462723,0,true,20260809
llm,128,16,16384,9445376,8192,47,17,1,kij,1.673793,40.09388497,0,true,20260809
llm,128,16,16384,9445376,8192,47,18,0,ikj,1.736017,38.65680117,0,true,20260809
llm,128,16,16384,9445376,8192,47,18,1,kij,1.666292,40.27437208,0,true,20260809
llm,128,16,16384,9445376,8192,47,19,0,kij,1.672181,40.13253589,0,true,20260809
llm,128,16,16384,9445376,8192,47,19,1,ikj,1.732893,38.72649033,0,true,20260809
llm,128,32,128,98304,16384,11,0,0,ikj,0.030446,34.44051764,0,true,20260809
llm,128,32,128,98304,16384,11,0,1,kij,0.030686,34.17115297,0,true,20260809
llm,128,32,128,98304,16384,11,1,0,ikj,0.030336,34.56540084,0,true,20260809
llm,128,32,128,98304,16384,11,1,1,kij,0.030656,34.2045929,0,true,20260809
llm,128,32,128,98304,16384,11,2,0,ikj,0.030346,34.55401041,0,true,20260809
llm,128,32,128,98304,16384,11,2,1,kij,0.030756,34.09338015,0,true,20260809
llm,128,32,128,98304,16384,11,3,0,ikj,0.030516,34.36151527,0,true,20260809
llm,128,32,128,98304,16384,11,3,1,kij,0.030767,34.08119089,0,true,20260809
llm,128,32,128,98304,16384,11,4,0,kij,0.030506,34.37277913,0,true,20260809
llm,128,32,128,98304,16384,11,4,1,ikj,0.035934,29.18060889,0,true,20260809
llm,128,32,128,98304,16384,11,5,0,kij,0.030586,34.28287452,0,true,20260809
llm,128,32,128,98304,16384,11,5,1,ikj,0.030306,34.59961724,0,true,20260809
llm,128,32,128,98304,16384,11,6,0,ikj,0.030426,34.46315651,0,true,20260809
llm,128,32,128,98304,16384,11,6,1,kij,0.030587,34.28175369,0,true,20260809
llm,128,32,128,98304,16384,11,7,0,kij,0.030316,34.58820425,0,true,20260809
llm,128,32,128,98304,16384,11,7,1,ikj,0.030386,34.50852366,0,true,20260809
llm,128,32,128,98304,16384,11,8,0,ikj,0.030406,34.48582517,0,true,20260809
llm,128,32,128,98304,16384,11,8,1,kij,0.030736,34.11556481,0,true,20260809
llm,128,32,128,98304,16384,11,9,0,ikj,0.030516,34.36151527,0,true,20260809
llm,128,32,128,98304,16384,11,9,1,kij,0.030656,34.2045929,0,true,20260809
llm,128,32,128,98304,16384,11,10,0,ikj,0.030366,34.53125206,0,true,20260809
llm,128,32,128,98304,16384,11,10,1,kij,0.030616,34.24928142,0,true,20260809
llm,128,32,128,98304,16384,11,11,0,ikj,0.030556,34.31653358,0,true,20260809
llm,128,32,128,98304,16384,11,11,1,kij,0.030576,34.29408687,0,true,20260809
llm,128,32,128,98304,16384,11,12,0,ikj,0.030426,34.46315651,0,true,20260809
llm,128,32,128,98304,16384,11,12,1,kij,0.030957,33.87201602,0,true,20260809
llm,128,32,128,98304,16384,11,13,0,kij,0.030556,34.31653358,0,true,20260809
llm,128,32,128,98304,16384,11,13,1,ikj,0.030456,34.42920935,0,true,20260809
llm,128,32,128,98304,16384,11,14,0,kij,0.030917,33.91583918,0,true,20260809
llm,128,32,128,98304,16384,11,14,1,ikj,0.030557,34.31541054,0,true,20260809
llm,128,32,128,98304,16384,11,15,0,ikj,0.030396,34.49717068,0,true,20260809
llm,128,32,128,98304,16384,11,15,1,kij,0.030356,34.54262749,0,true,20260809
llm,128,32,128,98304,16384,11,16,0,kij,0.030526,34.3502588,0,true,20260809
llm,128,32,128,98304,16384,11,16,1,ikj,0.030456,34.42920935,0,true,20260809
llm,128,32,128,98304,16384,11,17,0,kij,0.030666,34.19343899,0,true,20260809
llm,128,32,128,98304,16384,11,17,1,ikj,0.030436,34.45183336,0,true,20260809
llm,128,32,128,98304,16384,11,18,0,kij,0.030476,34.40661504,0,true,20260809
llm,128,32,128,98304,16384,11,18,1,ikj,0.030427,34.46202386,0,true,20260809
llm,128,32,128,98304,16384,11,19,0,ikj,0.030416,34.47448711,0,true,20260809
llm,128,32,128,98304,16384,11,19,1,kij,0.030747,34.10335968,0,true,20260809
llm,128,32,128,98304,16384,29,0,0,ikj,0.030446,34.44051764,0,true,20260809
llm,128,32,128,98304,16384,29,0,1,kij,0.030506,34.37277913,0,true,20260809
llm,128,32,128,98304,16384,29,1,0,kij,0.030847,33.99280319,0,true,20260809
llm,128,32,128,98304,16384,29,1,1,ikj,0.031067,33.75208421,0,true,20260809
llm,128,32,128,98304,16384,29,2,0,kij,0.030827,34.01485711,0,true,20260809
llm,128,32,128,98304,16384,29,2,1,ikj,0.030416,34.47448711,0,true,20260809
llm,128,32,128,98304,16384,29,3,0,ikj,0.030456,34.42920935,0,true,20260809
llm,128,32,128,98304,16384,29,3,1,kij,0.030617,34.24816279,0,true,20260809
llm,128,32,128,98304,16384,29,4,0,ikj,0.030557,34.31541054,0,true,20260809
llm,128,32,128,98304,16384,29,4,1,kij,0.030206,34.71416275,0,true,20260809
llm,128,32,128,98304,16384,29,5,0,kij,0.030506,34.37277913,0,true,20260809
llm,128,32,128,98304,16384,29,5,1,ikj,0.030316,34.58820425,0,true,20260809
llm,128,32,128,98304,16384,29,6,0,ikj,0.030366,34.53125206,0,true,20260809
llm,128,32,128,98304,16384,29,6,1,kij,0.030476,34.40661504,0,true,20260809
llm,128,32,128,98304,16384,29,7,0,ikj,0.030306,34.59961724,0,true,20260809
llm,128,32,128,98304,16384,29,7,1,kij,0.030826,34.01596055,0,true,20260809
llm,128,32,128,98304,16384,29,8,0,kij,0.030827,34.01485711,0,true,20260809
llm,128,32,128,98304,16384,29,8,1,ikj,0.030526,34.3502588,0,true,20260809
llm,128,32,128,98304,16384,29,9,0,ikj,0.030466,34.41790849,0,true,20260809
llm,128,32,128,98304,16384,29,9,1,kij,0.030777,34.0701173,0,true,20260809
llm,128,32,128,98304,16384,29,10,0,ikj,0.030546,34.32776796,0,true,20260809
llm,128,32,128,98304,16384,29,10,1,kij,0.030736,34.11556481,0,true,20260809
llm,128,32,128,98304,16384,29,11,0,ikj,0.030426,34.46315651,0,true,20260809
llm,128,32,128,98304,16384,29,11,1,kij,0.030827,34.01485711,0,true,20260809
llm,128,32,128,98304,16384,29,12,0,ikj,0.030456,34.42920935,0,true,20260809
llm,128,32,128,98304,16384,29,12,1,kij,0.030526,34.3502588,0,true,20260809
llm,128,32,128,98304,16384,29,13,0,kij,0.030536,34.33900969,0,true,20260809
llm,128,32,128,98304,16384,29,13,1,ikj,0.030306,34.59961724,0,true,20260809
llm,128,32,128,98304,16384,29,14,0,kij,0.030806,34.03804454,0,true,20260809
llm,128,32,128,98304,16384,29,14,1,ikj,0.030466,34.41790849,0,true,20260809
llm,128,32,128,98304,16384,29,15,0,kij,0.030807,34.03693966,0,true,20260809
llm,128,32,128,98304,16384,29,15,1,ikj,0.030306,34.59961724,0,true,20260809
llm,128,32,128,98304,16384,29,16,0,ikj,0.030296,34.61103776,0,true,20260809
llm,128,32,128,98304,16384,29,16,1,kij,0.030966,33.86217141,0,true,20260809
llm,128,32,128,98304,16384,29,17,0,ikj,0.030416,34.47448711,0,true,20260809
llm,128,32,128,98304,16384,29,17,1,kij,0.030496,34.38405037,0,true,20260809
llm,128,32,128,98304,16384,29,18,0,ikj,0.030436,34.45183336,0,true,20260809
llm,128,32,128,98304,16384,29,18,1,kij,0.030576,34.29408687,0,true,20260809
llm,128,32,128,98304,16384,29,19,0,kij,0.030466,34.41790849,0,true,20260809
llm,128,32,128,98304,16384,29,19,1,ikj,0.030376,34.51988412,0,true,20260809
llm,128,32,128,98304,16384,47,0,0,ikj,0.030506,34.37277913,0,true,20260809
llm,128,32,128,98304,16384,47,0,1,kij,0.030937,33.89391344,0,true,20260809
llm,128,32,128,98304,16384,47,1,0,ikj,0.030356,34.54262749,0,true,20260809
llm,128,32,128,98304,16384,47,1,1,kij,0.030656,34.2045929,0,true,20260809
llm,128,32,128,98304,16384,47,2,0,kij,0.030727,34.12555733,0,true,20260809
llm,128,32,128,98304,16384,47,2,1,ikj,0.030305,34.60075895,0,true,20260809
llm,128,32,128,98304,16384,47,3,0,ikj,0.030506,34.37277913,0,true,20260809
llm,128,32,128,98304,16384,47,3,1,kij,0.030576,34.29408687,0,true,20260809
llm,128,32,128,98304,16384,47,4,0,kij,0.030737,34.11445489,0,true,20260809
llm,128,32,128,98304,16384,47,4,1,ikj,0.030477,34.4054861,0,true,20260809
llm,128,32,128,98304,16384,47,5,0,kij,0.030606,34.2604718,0,true,20260809
llm,128,32,128,98304,16384,47,5,1,ikj,0.031017,33.80649321,0,true,20260809
llm,128,32,128,98304,16384,47,6,0,ikj,0.030486,34.395329,0,true,20260809
llm,128,32,128,98304,16384,47,6,1,kij,0.030296,34.61103776,0,true,20260809
llm,128,32,128,98304,16384,47,7,0,kij,0.030787,34.0590509,0,true,20260809
llm,128,32,128,98304,16384,47,7,1,ikj,0.030516,34.36151527,0,true,20260809
llm,128,32,128,98304,16384,47,8,0,ikj,0.030526,34.3502588,0,true,20260809
llm,128,32,128,98304,16384,47,8,1,kij,0.030716,34.13777836,0,true,20260809
llm,128,32,128,98304,16384,47,9,0,ikj,0.030416,34.47448711,0,true,20260809
llm,128,32,128,98304,16384,47,9,1,kij,0.030496,34.38405037,0,true,20260809
llm,128,32,128,98304,16384,47,10,0,ikj,0.030466,34.41790849,0,true,20260809
llm,128,32,128,98304,16384,47,10,1,kij,0.030366,34.53125206,0,true,20260809
llm,128,32,128,98304,16384,47,11,0,kij,0.030647,34.21463765,0,true,20260809
llm,128,32,128,98304,16384,47,11,1,ikj,0.030557,34.31541054,0,true,20260809
llm,128,32,128,98304,16384,47,12,0,kij,0.030677,34.18117808,0,true,20260809
llm,128,32,128,98304,16384,47,12,1,ikj,0.030497,34.38292291,0,true,20260809
llm,128,32,128,98304,16384,47,13,0,kij,0.030747,34.10335968,0,true,20260809
llm,128,32,128,98304,16384,47,13,1,ikj,0.030456,34.42920935,0,true,20260809
llm,128,32,128,98304,16384,47,14,0,ikj,0.030536,34.33900969,0,true,20260809
llm,128,32,128,98304,16384,47,14,1,kij,0.030556,34.31653358,0,true,20260809
llm,128,32,128,98304,16384,47,15,0,kij,0.030606,34.2604718,0,true,20260809
llm,128,32,128,98304,16384,47,15,1,ikj,0.030496,34.38405037,0,true,20260809
llm,128,32,128,98304,16384,47,16,0,kij,0.030556,34.31653358,0,true,20260809
llm,128,32,128,98304,16384,47,16,1,ikj,0.030396,34.49717068,0,true,20260809
llm,128,32,128,98304,16384,47,17,0,kij,0.030857,33.98178695,0,true,20260809
llm,128,32,128,98304,16384,47,17,1,ikj,0.030496,34.38405037,0,true,20260809
llm,128,32,128,98304,16384,47,18,0,kij,0.030977,33.85014688,0,true,20260809
llm,128,32,128,98304,16384,47,18,1,ikj,0.030406,34.48582517,0,true,20260809
llm,128,32,128,98304,16384,47,19,0,ikj,0.030426,34.46315651,0,true,20260809
llm,128,32,128,98304,16384,47,19,1,kij,0.030667,34.192324,0,true,20260809
llm,128,32,512,344064,16384,11,0,0,ikj,0.101113,41.48135255,0,true,20260809
llm,128,32,512,344064,16384,11,0,1,kij,0.124589,33.66512292,0,true,20260809
llm,128,32,512,344064,16384,11,1,0,ikj,0.100943,41.55121207,0,true,20260809
llm,128,32,512,344064,16384,11,1,1,kij,0.124609,33.6597196,0,true,20260809
llm,128,32,512,344064,16384,11,2,0,ikj,0.100782,41.61759044,0,true,20260809
llm,128,32,512,344064,16384,11,2,1,kij,0.12559,33.39679911,0,true,20260809
llm,128,32,512,344064,16384,11,3,0,kij,0.125299,33.47436133,0,true,20260809
llm,128,32,512,344064,16384,11,3,1,ikj,0.100913,41.56356465,0,true,20260809
llm,128,32,512,344064,16384,11,4,0,ikj,0.100612,41.68790999,0,true,20260809
llm,128,32,512,344064,16384,11,4,1,kij,0.12565,33.38085157,0,true,20260809
llm,128,32,512,344064,16384,11,5,0,kij,0.124849,33.59501478,0,true,20260809
llm,128,32,512,344064,16384,11,5,1,ikj,0.101173,41.4567523,0,true,20260809
llm,128,32,512,344064,16384,11,6,0,kij,0.12534,33.46341152,0,true,20260809
llm,128,32,512,344064,16384,11,6,1,ikj,0.100652,41.67134284,0,true,20260809
llm,128,32,512,344064,16384,11,7,0,ikj,0.107262,39.1033544,0,true,20260809
llm,128,32,512,344064,16384,11,7,1,kij,0.124468,33.69785005,0,true,20260809
llm,128,32,512,344064,16384,11,8,0,ikj,0.100733,41.63783467,0,true,20260809
llm,128,32,512,344064,16384,11,8,1,kij,0.124208,33.76838851,0,true,20260809
llm,128,32,512,344064,16384,11,9,0,kij,0.126301,33.20879486,0,true,20260809
llm,128,32,512,344064,16384,11,9,1,ikj,0.101033,41.51419833,0,true,20260809
llm,128,32,512,344064,16384,11,10,0,ikj,0.100692,41.65478886,0,true,20260809
llm,128,32,512,344064,16384,11,10,1,kij,0.124999,33.55470044,0,true,20260809
llm,128,32,512,344064,16384,11,11,0,ikj,0.100582,41.700344,0,true,20260809
llm,128,32,512,344064,16384,11,11,1,kij,0.124739,33.62464025,0,true,20260809
llm,128,32,512,344064,16384,11,12,0,ikj,0.100673,41.66265036,0,true,20260809
llm,128,32,512,344064,16384,11,12,1,kij,0.126051,33.27465867,0,true,20260809
llm,128,32,512,344064,16384,11,13,0,kij,0.124579,33.66782524,0,true,20260809
llm,128,32,512,344064,16384,11,13,1,ikj,0.101083,41.49366362,0,true,20260809
llm,128,32,512,344064,16384,11,14,0,ikj,0.100702,41.65065242,0,true,20260809
llm,128,32,512,344064,16384,11,14,1,kij,0.12574,33.3569588,0,true,20260809
llm,128,32,512,344064,16384,11,15,0,kij,0.124709,33.63272899,0,true,20260809
llm,128,32,512,344064,16384,11,15,1,ikj,0.101053,41.50598201,0,true,20260809
llm,128,32,512,344064,16384,11,16,0,kij,0.124659,33.64621889,0,true,20260809
llm,128,32,512,344064,16384,11,16,1,ikj,0.100802,41.60933315,0,true,20260809
llm,128,32,512,344064,16384,11,17,0,ikj,0.100552,41.71278542,0,true,20260809
llm,128,32,512,344064,16384,11,17,1,kij,0.123977,33.83130742,0,true,20260809
llm,128,32,512,344064,16384,11,18,0,kij,0.125841,33.33018651,0,true,20260809
llm,128,32,512,344064,16384,11,18,1,ikj,0.101063,41.50187507,0,true,20260809
llm,128,32,512,344064,16384,11,19,0,ikj,0.100783,41.6171775,0,true,20260809
llm,128,32,512,344064,16384,11,19,1,kij,0.125059,33.53860178,0,true,20260809
llm,128,32,512,344064,16384,29,0,0,ikj,0.100632,41.67962477,0,true,20260809
llm,128,32,512,344064,16384,29,0,1,kij,0.126181,33.24037692,0,true,20260809
llm,128,32,512,344064,16384,29,1,0,ikj,0.100782,41.61759044,0,true,20260809
llm,128,32,512,344064,16384,29,1,1,kij,0.123627,33.92708712,0,true,20260809
llm,128,32,512,344064,16384,29,2,0,kij,0.12582,33.33574948,0,true,20260809
llm,128,32,512,344064,16384,29,2,1,ikj,0.100813,41.60479303,0,true,20260809
llm,128,32,512,344064,16384,29,3,0,ikj,0.100772,41.62172032,0,true,20260809
llm,128,32,512,344064,16384,29,3,1,kij,0.126011,33.28522113,0,true,20260809
llm,128,32,512,344064,16384,29,4,0,ikj,0.100783,41.6171775,0,true,20260809
llm,128,32,512,344064,16384,29,4,1,kij,0.125209,33.49842264,0,true,20260809
llm,128,32,512,344064,16384,29,5,0,kij,0.12547,33.42873994,0,true,20260809
llm,128,32,512,344064,16384,29,5,1,ikj,0.100712,41.6465168,0,true,20260809
llm,128,32,512,344064,16384,29,6,0,kij,0.124849,33.59501478,0,true,20260809
llm,128,32,512,344064,16384,29,6,1,ikj,0.101684,41.24841666,0,true,20260809
llm,128,32,512,344064,16384,29,7,0,kij,0.125149,33.51448274,0,true,20260809
llm,128,32,512,344064,16384,29,7,1,ikj,0.100753,41.62956934,0,true,20260809
llm,128,32,512,344064,16384,29,8,0,ikj,0.100703,41.65023882,0,true,20260809
llm,128,32,512,344064,16384,29,8,1,kij,0.123737,33.89692655,0,true,20260809
llm,128,32,512,344064,16384,29,9,0,kij,0.123847,33.86681954,0,true,20260809
llm,128,32,512,344064,16384,29,9,1,ikj,0.100712,41.6465168,0,true,20260809
llm,128,32,512,344064,16384,29,10,0,kij,0.12541,33.44473327,0,true,20260809
llm,128,32,512,344064,16384,29,10,1,ikj,0.100683,41.65851236,0,true,20260809
llm,128,32,512,344064,16384,29,11,0,ikj,0.100812,41.60520573,0,true,20260809
llm,128,32,512,344064,16384,29,11,1,kij,0.124418,33.71139224,0,true,20260809
llm,128,32,512,344064,16384,29,12,0,ikj,0.100742,41.63411487,0,true,20260809
llm,128,32,512,344064,16384,29,12,1,kij,0.12537,33.455404,0,true,20260809
llm,128,32,512,344064,16384,29,13,0,kij,0.124578,33.66809549,0,true,20260809
llm,128,32,512,344064,16384,29,13,1,ikj,0.100652,41.67134284,0,true,20260809
llm,128,32,512,344064,16384,29,14,0,kij,0.124368,33.72494532,0,true,20260809
llm,128,32,512,344064,16384,29,14,1,ikj,0.100923,41.55944631,0,true,20260809
llm,128,32,512,344064,16384,29,15,0,kij,0.124879,33.58694416,0,true,20260809
llm,128,32,512,344064,16384,29,15,1,ikj,0.106311,39.4531516,0,true,20260809
llm,128,32,512,344064,16384,29,16,0,kij,0.124128,33.7901521,0,true,20260809
llm,128,32,512,344064,16384,29,16,1,ikj,0.100742,41.63411487,0,true,20260809
llm,128,32,512,344064,16384,29,17,0,kij,0.124919,33.57618937,0,true,20260809
llm,128,32,512,344064,16384,29,17,1,ikj,0.100902,41.56809578,0,true,20260809
llm,128,32,512,344064,16384,29,18,0,kij,0.12526,33.48478365,0,true,20260809
llm,128,32,512,344064,16384,29,18,1,ikj,0.100842,41.59282838,0,true,20260809
llm,128,32,512,344064,16384,29,19,0,ikj,0.100732,41.63824802,0,true,20260809
llm,128,32,512,344064,16384,29,19,1,kij,0.125429,33.43966706,0,true,20260809
llm,128,32,512,344064,16384,47,0,0,kij,0.124989,33.55738505,0,true,20260809
llm,128,32,512,344064,16384,47,0,1,ikj,0.100662,41.66720312,0,true,20260809
llm,128,32,512,344064,16384,47,1,0,ikj,0.100782,41.61759044,0,true,20260809
llm,128,32,512,344064,16384,47,1,1,kij,0.124358,33.72765725,0,true,20260809
llm,128,32,512,344064,16384,47,2,0,ikj,0.100753,41.62956934,0,true,20260809
llm,128,32,512,344064,16384,47,2,1,kij,0.124018,33.82012289,0,true,20260809
llm,128,32,512,344064,16384,47,3,0,kij,0.124989,33.55738505,0,true,20260809
llm,128,32,512,344064,16384,47,3,1,ikj,0.100852,41.58870424,0,true,20260809
llm,128,32,512,344064,16384,47,4,0,kij,0.124288,33.74665294,0,true,20260809
llm,128,32,512,344064,16384,47,4,1,ikj,0.100632,41.67962477,0,true,20260809
llm,128,32,512,344064,16384,47,5,0,ikj,0.100813,41.60479303,0,true,20260809
llm,128,32,512,344064,16384,47,5,1,kij,0.124238,33.76023439,0,true,20260809
llm,128,32,512,344064,16384,47,6,0,ikj,0.100763,41.62543791,0,true,20260809
llm,128,32,512,344064,16384,47,6,1,kij,0.124248,33.75751722,0,true,20260809
llm,128,32,512,344064,16384,47,7,0,kij,0.124218,33.76567003,0,true,20260809
llm,128,32,512,344064,16384,47,7,1,ikj,0.101313,41.39946502,0,true,20260809
llm,128,32,512,344064,16384,47,8,0,ikj,0.105881,39.61337728,0,true,20260809
llm,128,32,512,344064,16384,47,8,1,kij,0.125781,33.34608566,0,true,20260809
llm,128,32,512,344064,16384,47,9,0,kij,0.124359,33.72738604,0,true,20260809
llm,128,32,512,344064,16384,47,9,1,ikj,0.100573,41.70407565,0,true,20260809
llm,128,32,512,344064,16384,47,10,0,ikj,0.100933,41.55532878,0,true,20260809
llm,128,32,512,344064,16384,47,10,1,kij,0.12582,33.33574948,0,true,20260809
llm,128,32,512,344064,16384,47,11,0,kij,0.1256,33.39414013,0,true,20260809
llm,128,32,512,344064,16384,47,11,1,ikj,0.101063,41.50187507,0,true,20260809
llm,128,32,512,344064,16384,47,12,0,ikj,0.100862,41.58458091,0,true,20260809
llm,128,32,512,344064,16384,47,12,1,kij,0.12574,33.3569588,0,true,20260809
llm,128,32,512,344064,16384,47,13,0,ikj,0.100853,41.58829187,0,true,20260809
llm,128,32,512,344064,16384,47,13,1,kij,0.125089,33.53055824,0,true,20260809
llm,128,32,512,344064,16384,47,14,0,kij,0.125039,33.54396628,0,true,20260809
llm,128,32,512,344064,16384,47,14,1,ikj,0.100672,41.66306421,0,true,20260809
llm,128,32,512,344064,16384,47,15,0,kij,0.124999,33.55470044,0,true,20260809
llm,128,32,512,344064,16384,47,15,1,ikj,0.100832,41.59695335,0,true,20260809
llm,128,32,512,344064,16384,47,16,0,ikj,0.100923,41.55944631,0,true,20260809
llm,128,32,512,344064,16384,47,16,1,kij,0.126611,33.12748497,0,true,20260809
llm,128,32,512,344064,16384,47,17,0,kij,0.124338,33.7330824,0,true,20260809
llm,128,32,512,344064,16384,47,17,1,ikj,0.101083,41.49366362,0,true,20260809
llm,128,32,512,344064,16384,47,18,0,ikj,0.100852,41.58870424,0,true,20260809
llm,128,32,512,344064,16384,47,18,1,kij,0.12572,33.36226535,0,true,20260809
llm,128,32,512,344064,16384,47,19,0,kij,0.12537,33.455404,0,true,20260809
llm,128,32,512,344064,16384,47,19,1,ikj,0.100942,41.5516237,0,true,20260809
llm,128,32,2048,1327104,16384,11,0,0,ikj,0.424762,39.49792119,0,true,20260809
llm,128,32,2048,1327104,16384,11,0,1,kij,0.496422,33.79627817,0,true,20260809
llm,128,32,2048,1327104,16384,11,1,0,kij,0.501038,33.48491731,0,true,20260809
llm,128,32,2048,1327104,16384,11,1,1,ikj,0.433265,38.72275859,0,true,20260809
llm,128,32,2048,1327104,16384,11,2,0,ikj,0.425144,39.46243155,0,true,20260809
llm,128,32,2048,1327104,16384,11,2,1,kij,0.498594,33.64905314,0,true,20260809
llm,128,32,2048,1327104,16384,11,3,0,kij,0.49528,33.87420449,0,true,20260809
llm,128,32,2048,1327104,16384,11,3,1,ikj,0.425204,39.45686306,0,true,20260809
llm,128,32,2048,1327104,16384,11,4,0,ikj,0.424372,39.53421998,0,true,20260809
llm,128,32,2048,1327104,16384,11,4,1,kij,0.498154,33.67877403,0,true,20260809
llm,128,32,2048,1327104,16384,11,5,0,kij,0.498996,33.62194487,0,true,20260809
llm,128,32,2048,1327104,16384,11,5,1,ikj,0.429861,39.02939788,0,true,20260809
llm,128,32,2048,1327104,16384,11,6,0,kij,0.498885,33.62942562,0,true,20260809
llm,128,32,2048,1327104,16384,11,6,1,ikj,0.426535,39.33373815,0,true,20260809
llm,128,32,2048,1327104,16384,11,7,0,kij,0.497112,33.74936835,0,true,20260809
llm,128,32,2048,1327104,16384,11,7,1,ikj,0.425684,39.41237162,0,true,20260809
llm,128,32,2048,1327104,16384,11,8,0,kij,0.498014,33.6882417,0,true,20260809
llm,128,32,2048,1327104,16384,11,8,1,ikj,0.423951,39.57347901,0,true,20260809
llm,128,32,2048,1327104,16384,11,9,0,kij,0.496792,33.77110743,0,true,20260809
llm,128,32,2048,1327104,16384,11,9,1,ikj,0.423921,39.57627954,0,true,20260809
llm,128,32,2048,1327104,16384,11,10,0,ikj,0.430021,39.01487602,0,true,20260809
llm,128,32,2048,1327104,16384,11,10,1,kij,0.497403,33.72962367,0,true,20260809
llm,128,32,2048,1327104,16384,11,11,0,kij,0.498545,33.65236037,0,true,20260809
llm,128,32,2048,1327104,16384,11,11,1,ikj,0.425264,39.45129614,0,true,20260809
llm,128,32,2048,1327104,16384,11,12,0,ikj,0.423612,39.60514811,0,true,20260809
llm,128,32,2048,1327104,16384,11,12,1,kij,0.497633,33.71403424,0,true,20260809
llm,128,32,2048,1327104,16384,11,13,0,ikj,0.425985,39.38452293,0,true,20260809
llm,128,32,2048,1327104,16384,11,13,1,kij,0.501088,33.48157609,0,true,20260809
llm,128,32,2048,1327104,16384,11,14,0,ikj,0.430912,38.93420466,0,true,20260809
llm,128,32,2048,1327104,16384,11,14,1,kij,0.499255,33.60450271,0,true,20260809
llm,128,32,2048,1327104,16384,11,15,0,kij,0.498314,33.66796036,0,true,20260809
llm,128,32,2048,1327104,16384,11,15,1,ikj,0.425384,39.440167,0,true,20260809
llm,128,32,2048,1327104,16384,11,16,0,kij,0.498504,33.65512814,0,true,20260809
llm,128,32,2048,1327104,16384,11,16,1,ikj,0.425344,39.44387602,0,true,20260809
llm,128,32,2048,1327104,16384,11,17,0,kij,0.498805,33.63481922,0,true,20260809
llm,128,32,2048,1327104,16384,11,17,1,ikj,0.424563,39.51643455,0,true,20260809
llm,128,32,2048,1327104,16384,11,18,0,kij,0.499596,33.58156591,0,true,20260809
llm,128,32,2048,1327104,16384,11,18,1,ikj,0.430662,38.95680603,0,true,20260809
llm,128,32,2048,1327104,16384,11,19,0,ikj,0.424272,39.54353811,0,true,20260809
llm,128,32,2048,1327104,16384,11,19,1,kij,0.501449,33.45747225,0,true,20260809
llm,128,32,2048,1327104,16384,29,0,0,ikj,0.424743,39.49968805,0,true,20260809
llm,128,32,2048,1327104,16384,29,0,1,kij,0.498345,33.66586602,0,true,20260809
llm,128,32,2048,1327104,16384,29,1,0,kij,0.497734,33.707193,0,true,20260809
llm,128,32,2048,1327104,16384,29,1,1,ikj,0.424732,39.50071104,0,true,20260809
llm,128,32,2048,1327104,16384,29,2,0,ikj,0.425234,39.4540794,0,true,20260809
llm,128,32,2048,1327104,16384,29,2,1,kij,0.499966,33.55671386,0,true,20260809
llm,128,32,2048,1327104,16384,29,3,0,ikj,0.424022,39.56685266,0,true,20260809
llm,128,32,2048,1327104,16384,29,3,1,kij,0.507709,33.04494504,0,true,20260809
llm,128,32,2048,1327104,16384,29,4,0,ikj,0.425203,39.45695585,0,true,20260809
llm,128,32,2048,1327104,16384,29,4,1,kij,0.498484,33.65647844,0,true,20260809
llm,128,32,2048,1327104,16384,29,5,0,ikj,0.424753,39.4987581,0,true,20260809
llm,128,32,2048,1327104,16384,29,5,1,kij,0.497593,33.71674441,0,true,20260809
llm,128,32,2048,1327104,16384,29,6,0,kij,0.496601,33.78409629,0,true,20260809
llm,128,32,2048,1327104,16384,29,6,1,ikj,0.423972,39.57151887,0,true,20260809
llm,128,32,2048,1327104,16384,29,7,0,kij,0.497323,33.73504945,0,true,20260809
llm,128,32,2048,1327104,16384,29,7,1,ikj,0.432324,38.80704287,0,true,20260809
llm,128,32,2048,1327104,16384,29,8,0,kij,0.500007,33.55396224,0,true,20260809
llm,128,32,2048,1327104,16384,29,8,1,ikj,0.42344,39.62123559,0,true,20260809
llm,128,32,2048,1327104,16384,29,9,0,ikj,0.424272,39.54353811,0,true,20260809
llm,128,32,2048,1327104,16384,29,9,1,kij,0.499807,33.56738901,0,true,20260809
llm,128,32,2048,1327104,16384,29,10,0,ikj,0.422971,39.66516853,0,true,20260809
llm,128,32,2048,1327104,16384,29,10,1,kij,0.499647,33.57813817,0,true,20260809
llm,128,32,2048,1327104,16384,29,11,0,kij,0.499757,33.57074738,0,true,20260809
llm,128,32,2048,1327104,16384,29,11,1,ikj,0.42946,39.06584082,0,true,20260809
llm,128,32,2048,1327104,16384,29,12,0,kij,0.497773,33.70455207,0,true,20260809
llm,128,32,2048,1327104,16384,29,12,1,ikj,0.424292,39.54167413,0,true,20260809
llm,128,32,2048,1327104,16384,29,13,0,ikj,0.4227,39.69059853,0,true,20260809
llm,128,32,2048,1327104,16384,29,13,1,kij,0.496842,33.76770885,0,true,20260809
llm,128,32,2048,1327104,16384,29,14,0,kij,0.499676,33.57618937,0,true,20260809
llm,128,32,2048,1327104,16384,29,14,1,ikj,0.425404,39.43831276,0,true,20260809
llm,128,32,2048,1327104,16384,29,15,0,ikj,0.425073,39.46902297,0,true,20260809
llm,128,32,2048,1327104,16384,29,15,1,kij,0.497934,33.69365418,0,true,20260809
llm,128,32,2048,1327104,16384,29,16,0,kij,0.503962,33.29063699,0,true,20260809
llm,128,32,2048,1327104,16384,29,16,1,ikj,0.425724,39.40866853,0,true,20260809
llm,128,32,2048,1327104,16384,29,17,0,ikj,0.424723,39.50154807,0,true,20260809
llm,128,32,2048,1327104,16384,29,17,1,kij,0.497633,33.71403424,0,true,20260809
llm,128,32,2048,1327104,16384,29,18,0,ikj,0.425293,39.44860602,0,true,20260809
llm,128,32,2048,1327104,16384,29,18,1,kij,0.499136,33.61251442,0,true,20260809
llm,128,32,2048,1327104,16384,29,19,0,ikj,0.424964,39.47914647,0,true,20260809
llm,128,32,2048,1327104,16384,29,19,1,kij,0.499807,33.56738901,0,true,20260809
llm,128,32,2048,1327104,16384,47,0,0,kij,0.499366,33.59703304,0,true,20260809
llm,128,32,2048,1327104,16384,47,0,1,ikj,0.425575,39.42246608,0,true,20260809
llm,128,32,2048,1327104,16384,47,1,0,ikj,0.424162,39.55379313,0,true,20260809
llm,128,32,2048,1327104,16384,47,1,1,kij,0.496983,33.75812855,0,true,20260809
llm,128,32,2048,1327104,16384,47,2,0,ikj,0.425535,39.42617176,0,true,20260809
llm,128,32,2048,1327104,16384,47,2,1,kij,0.499677,33.57612217,0,true,20260809
llm,128,32,2048,1327104,16384,47,3,0,kij,0.496342,33.80172542,0,true,20260809
llm,128,32,2048,1327104,16384,47,3,1,ikj,0.425194,39.45779103,0,true,20260809
llm,128,32,2048,1327104,16384,47,4,0,kij,0.500297,33.5345125,0,true,20260809
llm,128,32,2048,1327104,16384,47,4,1,ikj,0.424722,39.50164107,0,true,20260809
llm,128,32,2048,1327104,16384,47,5,0,kij,0.506256,33.13978699,0,true,20260809
llm,128,32,2048,1327104,16384,47,5,1,ikj,0.425654,39.41514939,0,true,20260809
llm,128,32,2048,1327104,16384,47,6,0,kij,0.496331,33.80247456,0,true,20260809
llm,128,32,2048,1327104,16384,47,6,1,ikj,0.424563,39.51643455,0,true,20260809
llm,128,32,2048,1327104,16384,47,7,0,ikj,0.425183,39.45881185,0,true,20260809
llm,128,32,2048,1327104,16384,47,7,1,kij,0.500568,33.51635742,0,true,20260809
llm,128,32,2048,1327104,16384,47,8,0,kij,0.499386,33.5956875,0,true,20260809
llm,128,32,2048,1327104,16384,47,8,1,ikj,0.425013,39.47459489,0,true,20260809
llm,128,32,2048,1327104,16384,47,9,0,kij,0.507578,33.05347355,0,true,20260809
llm,128,32,2048,1327104,16384,47,9,1,ikj,0.425274,39.45036847,0,true,20260809
llm,128,32,2048,1327104,16384,47,10,0,ikj,0.423471,39.61833514,0,true,20260809
llm,128,32,2048,1327104,16384,47,10,1,kij,0.499736,33.5721581,0,true,20260809
llm,128,32,2048,1327104,16384,47,11,0,ikj,0.424051,39.56414677,0,true,20260809
llm,128,32,2048,1327104,16384,47,11,1,kij,0.499496,33.588289,0,true,20260809
llm,128,32,2048,1327104,16384,47,12,0,ikj,0.423631,39.6033718,0,true,20260809
llm,128,32,2048,1327104,16384,47,12,1,kij,0.500257,33.53719388,0,true,20260809
llm,128,32,2048,1327104,16384,47,13,0,ikj,0.425754,39.40589167,0,true,20260809
llm,128,32,2048,1327104,16384,47,13,1,kij,0.507037,33.08874106,0,true,20260809
llm,128,32,2048,1327104,16384,47,14,0,kij,0.498094,33.68283095,0,true,20260809
llm,128,32,2048,1327104,16384,47,14,1,ikj,0.425554,39.42441147,0,true,20260809
llm,128,32,2048,1327104,16384,47,15,0,kij,0.498585,33.64966054,0,true,20260809
llm,128,32,2048,1327104,16384,47,15,1,ikj,0.424392,39.53235688,0,true,20260809
llm,128,32,2048,1327104,16384,47,16,0,ikj,0.425003,39.4755237,0,true,20260809
llm,128,32,2048,1327104,16384,47,16,1,kij,0.49558,33.8536987,0,true,20260809
llm,128,32,2048,1327104,16384,47,17,0,kij,0.495019,33.89206475,0,true,20260809
llm,128,32,2048,1327104,16384,47,17,1,ikj,0.448368,37.41840631,0,true,20260809
llm,128,32,2048,1327104,16384,47,18,0,ikj,0.424883,39.4866728,0,true,20260809
llm,128,32,2048,1327104,16384,47,18,1,kij,0.499176,33.60982098,0,true,20260809
llm,128,32,2048,1327104,16384,47,19,0,ikj,0.425945,39.38822148,0,true,20260809
llm,128,32,2048,1327104,16384,47,19,1,kij,0.498164,33.67809798,0,true,20260809
llm,128,32,8192,5259264,16384,11,0,0,ikj,1.734765,38.68470023,0,true,20260809
llm,128,32,8192,5259264,16384,11,0,1,kij,2.072346,32.38304028,0,true,20260809
llm,128,32,8192,5259264,16384,11,1,0,ikj,1.736768,38.64008549,0,true,20260809
llm,128,32,8192,5259264,16384,11,1,1,kij,2.075592,32.33239673,0,true,20260809
llm,128,32,8192,5259264,16384,11,2,0,kij,2.083784,32.20528807,0,true,20260809
llm,128,32,8192,5259264,16384,11,2,1,ikj,1.735006,38.67932676,0,true,20260809
llm,128,32,8192,5259264,16384,11,3,0,kij,2.070474,32.41231911,0,true,20260809
llm,128,32,8192,5259264,16384,11,3,1,ikj,1.741045,38.54516339,0,true,20260809
llm,128,32,8192,5259264,16384,11,4,0,kij,2.073778,32.36067892,0,true,20260809
llm,128,32,8192,5259264,16384,11,4,1,ikj,1.779093,37.72082966,0,true,20260809
llm,128,32,8192,5259264,16384,11,5,0,kij,2.068241,32.44731344,0,true,20260809
llm,128,32,8192,5259264,16384,11,5,1,ikj,1.741436,38.53650895,0,true,20260809
llm,128,32,8192,5259264,16384,11,6,0,kij,2.066097,32.48098419,0,true,20260809
llm,128,32,8192,5259264,16384,11,6,1,ikj,1.74426,38.47411739,0,true,20260809
llm,128,32,8192,5259264,16384,11,7,0,kij,2.065977,32.48287082,0,true,20260809
llm,128,32,8192,5259264,16384,11,7,1,ikj,1.741135,38.54317098,0,true,20260809
llm,128,32,8192,5259264,16384,11,8,0,kij,2.071565,32.395249,0,true,20260809
llm,128,32,8192,5259264,16384,11,8,1,ikj,1.738321,38.60556479,0,true,20260809
llm,128,32,8192,5259264,16384,11,9,0,ikj,1.733073,38.72246812,0,true,20260809
llm,128,32,8192,5259264,16384,11,9,1,kij,2.06771,32.4556461,0,true,20260809
llm,128,32,8192,5259264,16384,11,10,0,ikj,1.735287,38.6730633,0,true,20260809
llm,128,32,8192,5259264,16384,11,10,1,kij,2.072617,32.37880612,0,true,20260809
llm,128,32,8192,5259264,16384,11,11,0,kij,2.06149,32.55357242,0,true,20260809
llm,128,32,8192,5259264,16384,11,11,1,ikj,1.739022,38.59000289,0,true,20260809
llm,128,32,8192,5259264,16384,11,12,0,ikj,1.73105,38.76772133,0,true,20260809
llm,128,32,8192,5259264,16384,11,12,1,kij,2.115782,31.71823184,0,true,20260809
llm,128,32,8192,5259264,16384,11,13,0,ikj,1.733224,38.71909459,0,true,20260809
llm,128,32,8192,5259264,16384,11,13,1,kij,2.073688,32.3620834,0,true,20260809
llm,128,32,8192,5259264,16384,11,14,0,ikj,1.739743,38.57401007,0,true,20260809
llm,128,32,8192,5259264,16384,11,14,1,kij,2.065406,32.491851,0,true,20260809
llm,128,32,8192,5259264,16384,11,15,0,kij,2.078155,32.29252101,0,true,20260809
llm,128,32,8192,5259264,16384,11,15,1,ikj,1.735977,38.65769189,0,true,20260809
llm,128,32,8192,5259264,16384,11,16,0,kij,2.074099,32.35567058,0,true,20260809
llm,128,32,8192,5259264,16384,11,16,1,ikj,1.733204,38.71954138,0,true,20260809
llm,128,32,8192,5259264,16384,11,17,0,ikj,1.733193,38.71978712,0,true,20260809
llm,128,32,8192,5259264,16384,11,17,1,kij,2.071305,32.39931541,0,true,20260809
llm,128,32,8192,5259264,16384,11,18,0,ikj,1.736988,38.63519149,0,true,20260809
llm,128,32,8192,5259264,16384,11,18,1,kij,2.067249,32.46288376,0,true,20260809
llm,128,32,8192,5259264,16384,11,19,0,kij,2.071005,32.40400868,0,true,20260809
llm,128,32,8192,5259264,16384,11,19,1,ikj,1.732662,38.73165337,0,true,20260809
llm,128,32,8192,5259264,16384,29,0,0,ikj,1.745252,38.45224873,0,true,20260809
llm,128,32,8192,5259264,16384,29,0,1,kij,2.066948,32.46761118,0,true,20260809
llm,128,32,8192,5259264,16384,29,1,0,ikj,1.74445,38.46992691,0,true,20260809
llm,128,32,8192,5259264,16384,29,1,1,kij,2.073418,32.36629758,0,true,20260809
llm,128,32,8192,5259264,16384,29,2,0,kij,2.076262,32.32196322,0,true,20260809
llm,128,32,8192,5259264,16384,29,2,1,ikj,1.728356,38.82814883,0,true,20260809
llm,128,32,8192,5259264,16384,29,3,0,kij,2.080619,32.25427817,0,true,20260809
llm,128,32,8192,5259264,16384,29,3,1,ikj,1.731641,38.75449011,0,true,20260809
llm,128,32,8192,5259264,16384,29,4,0,kij,2.067769,32.45472004,0,true,20260809
llm,128,32,8192,5259264,16384,29,4,1,ikj,1.728717,38.82004053,0,true,20260809
llm,128,32,8192,5259264,16384,29,5,0,ikj,1.738912,38.59244401,0,true,20260809
llm,128,32,8192,5259264,16384,29,5,1,kij,2.069262,32.43130353,0,true,20260809
llm,128,32,8192,5259264,16384,29,6,0,kij,2.075381,32.33568391,0,true,20260809
llm,128,32,8192,5259264,16384,29,6,1,ikj,1.738451,38.6026779,0,true,20260809
llm,128,32,8192,5259264,16384,29,7,0,ikj,1.740614,38.55470771,0,true,20260809
llm,128,32,8192,5259264,16384,29,7,1,kij,2.071626,32.39429511,0,true,20260809
llm,128,32,8192,5259264,16384,29,8,0,kij,2.065536,32.48980604,0,true,20260809
llm,128,32,8192,5259264,16384,29,8,1,ikj,1.73753,38.62313974,0,true,20260809
llm,128,32,8192,5259264,16384,29,9,0,ikj,1.73106,38.76749737,0,true,20260809
llm,128,32,8192,5259264,16384,29,9,1,kij,2.078837,32.28192687,0,true,20260809
llm,128,32,8192,5259264,16384,29,10,0,kij,2.066218,32.47908207,0,true,20260809
llm,128,32,8192,5259264,16384,29,10,1,ikj,1.742217,38.51923383,0,true,20260809
llm,128,32,8192,5259264,16384,29,11,0,kij,2.069132,32.43334113,0,true,20260809
llm,128,32,8192,5259264,16384,29,11,1,ikj,1.743569,38.4893652,0,true,20260809
llm,128,32,8192,5259264,16384,29,12,0,ikj,1.728656,38.82141039,0,true,20260809
llm,128,32,8192,5259264,16384,29,12,1,kij,2.073959,32.35785471,0,true,20260809
llm,128,32,8192,5259264,16384,29,13,0,ikj,1.734896,38.6817792,0,true,20260809
llm,128,32,8192,5259264,16384,29,13,1,kij,2.079417,32.27292265,0,true,20260809
llm,128,32,8192,5259264,16384,29,14,0,kij,2.069472,32.42801256,0,true,20260809
llm,128,32,8192,5259264,16384,29,14,1,ikj,1.773464,37.84055611,0,true,20260809
llm,128,32,8192,5259264,16384,29,15,0,kij,2.072277,32.38411853,0,true,20260809
llm,128,32,8192,5259264,16384,29,15,1,ikj,1.738932,38.59200015,0,true,20260809
llm,128,32,8192,5259264,16384,29,16,0,kij,2.071406,32.39773564,0,true,20260809
llm,128,32,8192,5259264,16384,29,16,1,ikj,1.739403,38.58155011,0,true,20260809
llm,128,32,8192,5259264,16384,29,17,0,ikj,1.733483,38.71330956,0,true,20260809
llm,128,32,8192,5259264,16384,29,17,1,kij,2.076232,32.32243025,0,true,20260809
llm,128,32,8192,5259264,16384,29,18,0,ikj,1.73115,38.76548191,0,true,20260809
llm,128,32,8192,5259264,16384,29,18,1,kij,2.084194,32.19895269,0,true,20260809
llm,128,32,8192,5259264,16384,29,19,0,ikj,1.735016,38.67910382,0,true,20260809
llm,128,32,8192,5259264,16384,29,19,1,kij,2.071434,32.39729772,0,true,20260809
llm,128,32,8192,5259264,16384,47,0,0,ikj,1.731951,38.74755348,0,true,20260809
llm,128,32,8192,5259264,16384,47,0,1,kij,2.078245,32.29112256,0,true,20260809
llm,128,32,8192,5259264,16384,47,1,0,ikj,1.737079,38.63316752,0,true,20260809
llm,128,32,8192,5259264,16384,47,1,1,kij,2.07466,32.34692142,0,true,20260809
llm,128,32,8192,5259264,16384,47,2,0,kij,2.071565,32.395249,0,true,20260809
llm,128,32,8192,5259264,16384,47,2,1,ikj,1.738391,38.60401026,0,true,20260809
llm,128,32,8192,5259264,16384,47,3,0,ikj,1.746363,38.4277862,0,true,20260809
llm,128,32,8192,5259264,16384,47,3,1,kij,2.067819,32.45393528,0,true,20260809
llm,128,32,8192,5259264,16384,47,4,0,ikj,1.747285,38.40750879,0,true,20260809
llm,128,32,8192,5259264,16384,47,4,1,kij,2.070403,32.41343062,0,true,20260809
llm,128,32,8192,5259264,16384,47,5,0,kij,2.078276,32.2906409,0,true,20260809
llm,128,32,8192,5259264,16384,47,5,1,ikj,1.735957,38.65813727,0,true,20260809
llm,128,32,8192,5259264,16384,47,6,0,ikj,1.743018,38.5015324,0,true,20260809
llm,128,32,8192,5259264,16384,47,6,1,kij,2.069743,32.42376662,0,true,20260809
llm,128,32,8192,5259264,16384,47,7,0,ikj,1.735657,38.66481914,0,true,20260809
llm,128,32,8192,5259264,16384,47,7,1,kij,2.065546,32.48964874,0,true,20260809
llm,128,32,8192,5259264,16384,47,8,0,kij,2.07473,32.34583006,0,true,20260809
llm,128,32,8192,5259264,16384,47,8,1,ikj,1.745492,38.44696166,0,true,20260809
llm,128,32,8192,5259264,16384,47,9,0,kij,2.071004,32.40402433,0,true,20260809
llm,128,32,8192,5259264,16384,47,9,1,ikj,1.735366,38.67130277,0,true,20260809
llm,128,32,8192,5259264,16384,47,10,0,ikj,1.742387,38.51547561,0,true,20260809
llm,128,32,8192,5259264,16384,47,10,1,kij,2.06109,32.55989016,0,true,20260809
llm,128,32,8192,5259264,16384,47,11,0,kij,2.082321,32.22791491,0,true,20260809
llm,128,32,8192,5259264,16384,47,11,1,ikj,1.740114,38.56578592,0,true,20260809
llm,128,32,8192,5259264,16384,47,12,0,ikj,1.741826,38.52788051,0,true,20260809
llm,128,32,8192,5259264,16384,47,12,1,kij,2.079928,32.26499379,0,true,20260809
llm,128,32,8192,5259264,16384,47,13,0,kij,2.069983,32.42000731,0,true,20260809
llm,128,32,8192,5259264,16384,47,13,1,ikj,1.735006,38.67932676,0,true,20260809
llm,128,32,8192,5259264,16384,47,14,0,kij,2.077474,32.30310656,0,true,20260809
llm,128,32,8192,5259264,16384,47,14,1,ikj,1.735086,38.67754336,0,true,20260809
llm,128,32,8192,5259264,16384,47,15,0,kij,2.07458,32.34816879,0,true,20260809
llm,128,32,8192,5259264,16384,47,15,1,ikj,1.731571,38.75605678,0,true,20260809
llm,128,32,8192,5259264,16384,47,16,0,ikj,1.732342,38.73880793,0,true,20260809
llm,128,32,8192,5259264,16384,47,16,1,kij,2.104776,31.88408838,0,true,20260809
llm,128,32,8192,5259264,16384,47,17,0,ikj,1.733284,38.71775427,0,true,20260809
llm,128,32,8192,5259264,16384,47,17,1,kij,2.073118,32.37098129,0,true,20260809
llm,128,32,8192,5259264,16384,47,18,0,kij,2.070354,32.41419777,0,true,20260809
llm,128,32,8192,5259264,16384,47,18,1,ikj,1.7442,38.47544089,0,true,20260809
llm,128,32,8192,5259264,16384,47,19,0,ikj,1.731741,38.75225221,0,true,20260809
llm,128,32,8192,5259264,16384,47,19,1,kij,2.077054,32.30963856,0,true,20260809
llm,128,32,16384,10502144,16384,11,0,0,ikj,3.486937,38.49158387,0,true,20260809
llm,128,32,16384,10502144,16384,11,0,1,kij,4.137572,32.43876554,0,true,20260809
llm,128,32,16384,10502144,16384,11,1,0,ikj,3.479336,38.57567306,0,true,20260809
llm,128,32,16384,10502144,16384,11,1,1,kij,4.137372,32.44033362,0,true,20260809
llm,128,32,16384,10502144,16384,11,2,0,ikj,3.47505,38.62325089,0,true,20260809
llm,128,32,16384,10502144,16384,11,2,1,kij,4.147768,32.3590249,0,true,20260809
llm,128,32,16384,10502144,16384,11,3,0,ikj,3.47583,38.61458357,0,true,20260809
llm,128,32,16384,10502144,16384,11,3,1,kij,4.130051,32.49783792,0,true,20260809
llm,128,32,16384,10502144,16384,11,4,0,kij,4.133095,32.47390345,0,true,20260809
llm,128,32,16384,10502144,16384,11,4,1,ikj,3.471464,38.66314846,0,true,20260809
llm,128,32,16384,10502144,16384,11,5,0,ikj,3.471163,38.66650111,0,true,20260809
llm,128,32,16384,10502144,16384,11,5,1,kij,4.140426,32.41640546,0,true,20260809
llm,128,32,16384,10502144,16384,11,6,0,ikj,3.47508,38.62291746,0,true,20260809
llm,128,32,16384,10502144,16384,11,6,1,kij,4.132575,32.47798963,0,true,20260809
llm,128,32,16384,10502144,16384,11,7,0,ikj,3.481619,38.55037786,0,true,20260809
llm,128,32,16384,10502144,16384,11,7,1,kij,4.173947,32.15606906,0,true,20260809
llm,128,32,16384,10502144,16384,11,8,0,kij,4.145063,32.38014187,0,true,20260809
llm,128,32,16384,10502144,16384,11,8,1,ikj,3.483302,38.53175177,0,true,20260809
llm,128,32,16384,10502144,16384,11,9,0,ikj,3.470382,38.6752029,0,true,20260809
llm,128,32,16384,10502144,16384,11,9,1,kij,4.135369,32.45604636,0,true,20260809
llm,128,32,16384,10502144,16384,11,10,0,kij,4.130602,32.49350288,0,true,20260809
llm,128,32,16384,10502144,16384,11,10,1,ikj,3.479145,38.57779081,0,true,20260809
llm,128,32,16384,10502144,16384,11,11,0,kij,4.137892,32.43625692,0,true,20260809
llm,128,32,16384,10502144,16384,11,11,1,ikj,3.474078,38.63405715,0,true,20260809
llm,128,32,16384,10502144,16384,11,12,0,ikj,3.472405,38.65267099,0,true,20260809
llm,128,32,16384,10502144,16384,11,12,1,kij,4.139695,32.42212965,0,true,20260809
llm,128,32,16384,10502144,16384,11,13,0,kij,4.136962,32.44354867,0,true,20260809
llm,128,32,16384,10502144,16384,11,13,1,ikj,3.479246,38.57667092,0,true,20260809
llm,128,32,16384,10502144,16384,11,14,0,ikj,3.474909,38.62481809,0,true,20260809
llm,128,32,16384,10502144,16384,11,14,1,kij,4.13618,32.44968256,0,true,20260809
llm,128,32,16384,10502144,16384,11,15,0,ikj,3.476531,38.60679741,0,true,20260809
llm,128,32,16384,10502144,16384,11,15,1,kij,4.130231,32.49642163,0,true,20260809
llm,128,32,16384,10502144,16384,11,16,0,kij,4.145754,32.37474486,0,true,20260809
llm,128,32,16384,10502144,16384,11,16,1,ikj,3.474529,38.62904238,0,true,20260809
llm,128,32,16384,10502144,16384,11,17,0,kij,4.139325,32.42502775,0,true,20260809
llm,128,32,16384,10502144,16384,11,17,1,ikj,3.479366,38.57534045,0,true,20260809
llm,128,32,16384,10502144,16384,11,18,0,ikj,3.469281,38.68747674,0,true,20260809
llm,128,32,16384,10502144,16384,11,18,1,kij,4.141318,32.40942328,0,true,20260809
llm,128,32,16384,10502144,16384,11,19,0,kij,4.128569,32.50950341,0,true,20260809
llm,128,32,16384,10502144,16384,11,19,1,ikj,3.486476,38.49667343,0,true,20260809
llm,128,32,16384,10502144,16384,29,0,0,ikj,3.470913,38.66928615,0,true,20260809
llm,128,32,16384,10502144,16384,29,0,1,kij,4.136731,32.44536036,0,true,20260809
llm,128,32,16384,10502144,16384,29,1,0,kij,4.165504,32.22124574,0,true,20260809
llm,128,32,16384,10502144,16384,29,1,1,ikj,3.484254,38.52122377,0,true,20260809
llm,128,32,16384,10502144,16384,29,2,0,kij,4.12976,32.50012785,0,true,20260809
llm,128,32,16384,10502144,16384,29,2,1,ikj,3.482551,38.54006101,0,true,20260809
llm,128,32,16384,10502144,16384,29,3,0,kij,4.130421,32.49492679,0,true,20260809
llm,128,32,16384,10502144,16384,29,3,1,ikj,3.480438,38.56345897,0,true,20260809
llm,128,32,16384,10502144,16384,29,4,0,ikj,3.474779,38.62626314,0,true,20260809
llm,128,32,16384,10502144,16384,29,4,1,kij,4.147848,32.35840079,0,true,20260809
llm,128,32,16384,10502144,16384,29,5,0,ikj,3.533147,37.98815277,0,true,20260809
llm,128,32,16384,10502144,16384,29,5,1,kij,4.137522,32.43915754,0,true,20260809
llm,128,32,16384,10502144,16384,29,6,0,ikj,3.482751,38.53784781,0,true,20260809
llm,128,32,16384,10502144,16384,29,6,1,kij,4.140827,32.41326624,0,true,20260809
llm,128,32,16384,10502144,16384,29,7,0,ikj,3.48173,38.54914884,0,true,20260809
llm,128,32,16384,10502144,16384,29,7,1,kij,4.149059,32.34895623,0,true,20260809
llm,128,32,16384,10502144,16384,29,8,0,kij,4.141118,32.41098853,0,true,20260809
llm,128,32,16384,10502144,16384,29,8,1,ikj,3.472516,38.65143544,0,true,20260809
llm,128,32,16384,10502144,16384,29,9,0,ikj,3.469421,38.6859156,0,true,20260809
llm,128,32,16384,10502144,16384,29,9,1,kij,4.172204,32.16950274,0,true,20260809
llm,128,32,16384,10502144,16384,29,10,0,ikj,3.479015,38.57923234,0,true,20260809
llm,128,32,16384,10502144,16384,29,10,1,kij,4.134768,32.46076394,0,true,20260809
llm,128,32,16384,10502144,16384,29,11,0,ikj,3.486377,38.49776659,0,true,20260809
llm,128,32,16384,10502144,16384,29,11,1,kij,4.143811,32.38992512,0,true,20260809
llm,128,32,16384,10502144,16384,29,12,0,kij,4.135149,32.45777311,0,true,20260809
llm,128,32,16384,10502144,16384,29,12,1,ikj,3.481619,38.55037786,0,true,20260809
llm,128,32,16384,10502144,16384,29,13,0,kij,4.133366,32.47177434,0,true,20260809
llm,128,32,16384,10502144,16384,29,13,1,ikj,3.479607,38.5726687,0,true,20260809
llm,128,32,16384,10502144,16384,29,14,0,kij,4.135779,32.45282884,0,true,20260809
llm,128,32,16384,10502144,16384,29,14,1,ikj,3.470643,38.67229444,0,true,20260809
llm,128,32,16384,10502144,16384,29,15,0,kij,4.133386,32.47161722,0,true,20260809
llm,128,32,16384,10502144,16384,29,15,1,ikj,3.473487,38.64063058,0,true,20260809
llm,128,32,16384,10502144,16384,29,16,0,ikj,3.469541,38.68457759,0,true,20260809
llm,128,32,16384,10502144,16384,29,16,1,kij,4.142239,32.40221725,0,true,20260809
llm,128,32,16384,10502144,16384,29,17,0,kij,4.138564,32.43099007,0,true,20260809
llm,128,32,16384,10502144,16384,29,17,1,ikj,3.481028,38.55692284,0,true,20260809
llm,128,32,16384,10502144,16384,29,18,0,kij,4.138924,32.42816925,0,true,20260809
llm,128,32,16384,10502144,16384,29,18,1,ikj,3.480047,38.56779176,0,true,20260809
llm,128,32,16384,10502144,16384,29,19,0,ikj,3.466617,38.71720701,0,true,20260809
llm,128,32,16384,10502144,16384,29,19,1,kij,4.14969,32.34403727,0,true,20260809
llm,128,32,16384,10502144,16384,47,0,0,ikj,3.472545,38.65111266,0,true,20260809
llm,128,32,16384,10502144,16384,47,0,1,kij,4.146936,32.3655171,0,true,20260809
llm,128,32,16384,10502144,16384,47,1,0,ikj,3.476101,38.61157314,0,true,20260809
llm,128,32,16384,10502144,16384,47,1,1,kij,4.14305,32.39587454,0,true,20260809
llm,128,32,16384,10502144,16384,47,2,0,kij,4.136822,32.44464664,0,true,20260809
llm,128,32,16384,10502144,16384,47,2,1,ikj,3.478565,38.58422309,0,true,20260809
llm,128,32,16384,10502144,16384,47,3,0,kij,4.135008,32.45887989,0,true,20260809
llm,128,32,16384,10502144,16384,47,3,1,ikj,3.480699,38.56056729,0,true,20260809
llm,128,32,16384,10502144,16384,47,4,0,kij,4.140947,32.41232694,0,true,20260809
llm,128,32,16384,10502144,16384,47,4,1,ikj,3.486026,38.50164284,0,true,20260809
llm,128,32,16384,10502144,16384,47,5,0,ikj,3.471965,38.65756942,0,true,20260809
llm,128,32,16384,10502144,16384,47,5,1,kij,4.138153,32.43421111,0,true,20260809
llm,128,32,16384,10502144,16384,47,6,0,ikj,3.484113,38.5227827,0,true,20260809
llm,128,32,16384,10502144,16384,47,6,1,kij,4.14297,32.3965001,0,true,20260809
llm,128,32,16384,10502144,16384,47,7,0,kij,4.132244,32.48059118,0,true,20260809
llm,128,32,16384,10502144,16384,47,7,1,ikj,3.48161,38.55047751,0,true,20260809
llm,128,32,16384,10502144,16384,47,8,0,ikj,3.483192,38.53296861,0,true,20260809
llm,128,32,16384,10502144,16384,47,8,1,kij,4.139796,32.42133864,0,true,20260809
llm,128,32,16384,10502144,16384,47,9,0,ikj,3.48239,38.54184281,0,true,20260809
llm,128,32,16384,10502144,16384,47,9,1,kij,4.139154,32.42636732,0,true,20260809
llm,128,32,16384,10502144,16384,47,10,0,ikj,3.478364,38.58645271,0,true,20260809
llm,128,32,16384,10502144,16384,47,10,1,kij,4.143501,32.3923484,0,true,20260809
llm,128,32,16384,10502144,16384,47,11,0,kij,4.14285,32.39743848,0,true,20260809
llm,128,32,16384,10502144,16384,47,11,1,ikj,3.475671,38.61635005,0,true,20260809
llm,128,32,16384,10502144,16384,47,12,0,ikj,3.461308,38.77659197,0,true,20260809
llm,128,32,16384,10502144,16384,47,12,1,kij,4.130612,32.49342422,0,true,20260809
llm,128,32,16384,10502144,16384,47,13,0,ikj,3.482761,38.53773716,0,true,20260809
llm,128,32,16384,10502144,16384,47,13,1,kij,4.143842,32.38968281,0,true,20260809
llm,128,32,16384,10502144,16384,47,14,0,ikj,3.474769,38.6263743,0,true,20260809
llm,128,32,16384,10502144,16384,47,14,1,kij,4.137913,32.4360923,0,true,20260809
llm,128,32,16384,10502144,16384,47,15,0,kij,4.131894,32.48334251,0,true,20260809
llm,128,32,16384,10502144,16384,47,15,1,ikj,3.489311,38.4653956,0,true,20260809
llm,128,32,16384,10502144,16384,47,16,0,kij,4.133196,32.47310991,0,true,20260809
llm,128,32,16384,10502144,16384,47,16,1,ikj,3.484624,38.51713356,0,true,20260809
llm,128,32,16384,10502144,16384,47,17,0,kij,4.144343,32.3857673,0,true,20260809
llm,128,32,16384,10502144,16384,47,17,1,ikj,3.481199,38.55502889,0,true,20260809
llm,128,32,16384,10502144,16384,47,18,0,ikj,3.471615,38.66146678,0,true,20260809
llm,128,32,16384,10502144,16384,47,18,1,kij,4.142339,32.40143503,0,true,20260809
llm,128,32,16384,10502144,16384,47,19,0,kij,4.140046,32.41938085,0,true,20260809
llm,128,32,16384,10502144,16384,47,19,1,ikj,3.48197,38.54649178,0,true,20260809
llm,128,64,128,131072,32768,11,0,0,kij,0.074663,28.08823648,0,true,20260809
llm,128,64,128,131072,32768,11,0,1,ikj,0.092209,22.74346322,0,true,20260809
llm,128,64,128,131072,32768,11,1,0,ikj,0.093141,22.51588452,0,true,20260809
llm,128,64,128,131072,32768,11,1,1,kij,0.074393,28.19017918,0,true,20260809
llm,128,64,128,131072,32768,11,2,0,ikj,0.092831,22.5910741,0,true,20260809
llm,128,64,128,131072,32768,11,2,1,kij,0.074413,28.1826025,0,true,20260809
llm,128,64,128,131072,32768,11,3,0,ikj,0.09271,22.62055873,0,true,20260809
llm,128,64,128,131072,32768,11,3,1,kij,0.074392,28.19055812,0,true,20260809
llm,128,64,128,131072,32768,11,4,0,ikj,0.09272,22.61811907,0,true,20260809
llm,128,64,128,131072,32768,11,4,1,kij,0.074482,28.15649419,0,true,20260809
llm,128,64,128,131072,32768,11,5,0,ikj,0.09247,22.67926895,0,true,20260809
llm,128,64,128,131072,32768,11,5,1,kij,0.074303,28.22432472,0,true,20260809
llm,128,64,128,131072,32768,11,6,0,kij,0.074463,28.16367861,0,true,20260809
llm,128,64,128,131072,32768,11,6,1,ikj,0.092781,22.60324851,0,true,20260809
llm,128,64,128,131072,32768,11,7,0,ikj,0.093562,22.41457002,0,true,20260809
llm,128,64,128,131072,32768,11,7,1,kij,0.074303,28.22432472,0,true,20260809
llm,128,64,128,131072,32768,11,8,0,kij,0.074583,28.11836477,0,true,20260809
llm,128,64,128,131072,32768,11,8,1,ikj,0.09251,22.66946276,0,true,20260809
llm,128,64,128,131072,32768,11,9,0,ikj,0.098219,21.35179548,0,true,20260809
llm,128,64,128,131072,32768,11,9,1,kij,0.074442,28.17162355,0,true,20260809
llm,128,64,128,131072,32768,11,10,0,kij,0.075174,27.89730492,0,true,20260809
llm,128,64,128,131072,32768,11,10,1,ikj,0.0925,22.67191351,0,true,20260809
llm,128,64,128,131072,32768,11,11,0,kij,0.074483,28.15611616,0,true,20260809
llm,128,64,128,131072,32768,11,11,1,ikj,0.09266,22.63276495,0,true,20260809
llm,128,64,128,131072,32768,11,12,0,ikj,0.092921,22.56919319,0,true,20260809
llm,128,64,128,131072,32768,11,12,1,kij,0.074333,28.21293369,0,true,20260809
llm,128,64,128,131072,32768,11,13,0,kij,0.074273,28.23572496,0,true,20260809
llm,128,64,128,131072,32768,11,13,1,ikj,0.09212,22.76543639,0,true,20260809
llm,128,64,128,131072,32768,11,14,0,ikj,0.09244,22.68662916,0,true,20260809
llm,128,64,128,131072,32768,11,14,1,kij,0.074042,28.32381621,0,true,20260809
llm,128,64,128,131072,32768,11,15,0,ikj,0.09245,22.68417523,0,true,20260809
llm,128,64,128,131072,32768,11,15,1,kij,0.074523,28.14100345,0,true,20260809
llm,128,64,128,131072,32768,11,16,0,ikj,0.093412,22.4505631,0,true,20260809
llm,128,64,128,131072,32768,11,16,1,kij,0.074413,28.1826025,0,true,20260809
llm,128,64,128,131072,32768,11,17,0,kij,0.074723,28.06568259,0,true,20260809
llm,128,64,128,131072,32768,11,17,1,ikj,0.093742,22.37153037,0,true,20260809
llm,128,64,128,131072,32768,11,18,0,ikj,0.093492,22.43135242,0,true,20260809
llm,128,64,128,131072,32768,11,18,1,kij,0.074633,28.09952702,0,true,20260809
llm,128,64,128,131072,32768,11,19,0,ikj,0.09274,22.61324132,0,true,20260809
llm,128,64,128,131072,32768,11,19,1,kij,0.074292,28.22850374,0,true,20260809
llm,128,64,128,131072,32768,29,0,0,ikj,0.093281,22.48209174,0,true,20260809
llm,128,64,128,131072,32768,29,0,1,kij,0.074693,28.076955,0,true,20260809
llm,128,64,128,131072,32768,29,1,0,kij,0.074673,28.08447498,0,true,20260809
llm,128,64,128,131072,32768,29,1,1,ikj,0.09247,22.67926895,0,true,20260809
llm,128,64,128,131072,32768,29,2,0,kij,0.074583,28.11836477,0,true,20260809
llm,128,64,128,131072,32768,29,2,1,ikj,0.09265,22.63520777,0,true,20260809
llm,128,64,128,131072,32768,29,3,0,ikj,0.09293,22.56700742,0,true,20260809
llm,128,64,128,131072,32768,29,3,1,kij,0.074272,28.23610513,0,true,20260809
llm,128,64,128,131072,32768,29,4,0,kij,0.074443,28.17124511,0,true,20260809
llm,128,64,128,131072,32768,29,4,1,ikj,0.09271,22.62055873,0,true,20260809
llm,128,64,128,131072,32768,29,5,0,kij,0.074473,28.15989688,0,true,20260809
llm,128,64,128,131072,32768,29,5,1,ikj,0.092429,22.68932911,0,true,20260809
llm,128,64,128,131072,32768,29,6,0,kij,0.074593,28.1145952,0,true,20260809
llm,128,64,128,131072,32768,29,6,1,ikj,0.093101,22.52555826,0,true,20260809
llm,128,64,128,131072,32768,29,7,0,kij,0.074012,28.33529698,0,true,20260809
llm,128,64,128,131072,32768,29,7,1,ikj,0.093441,22.44359542,0,true,20260809
llm,128,64,128,131072,32768,29,8,0,ikj,0.09243,22.68908363,0,true,20260809
llm,128,64,128,131072,32768,29,8,1,kij,0.074423,28.17881569,0,true,20260809
llm,128,64,128,131072,32768,29,9,0,kij,0.074493,28.15233646,0,true,20260809
llm,128,64,128,131072,32768,29,9,1,ikj,0.0931,22.52580021,0,true,20260809
llm,128,64,128,131072,32768,29,10,0,ikj,0.09279,22.60105615,0,true,20260809
llm,128,64,128,131072,32768,29,10,1,kij,0.074533,28.13722781,0,true,20260809
llm,128,64,128,131072,32768,29,11,0,kij,0.074753,28.05441922,0,true,20260809
llm,128,64,128,131072,32768,29,11,1,ikj,0.093641,22.39566002,0,true,20260809
llm,128,64,128,131072,32768,29,12,0,kij,0.074583,28.11836477,0,true,20260809
llm,128,64,128,131072,32768,29,12,1,ikj,0.092761,22.60812195,0,true,20260809
llm,128,64,128,131072,32768,29,13,0,ikj,0.09259,22.6498758,0,true,20260809
llm,128,64,128,131072,32768,29,13,1,kij,0.074973,27.97209662,0,true,20260809
llm,128,64,128,131072,32768,29,14,0,kij,0.074653,28.09199898,0,true,20260809
llm,128,64,128,131072,32768,29,14,1,ikj,0.092971,22.55705543,0,true,20260809
llm,128,64,128,131072,32768,29,15,0,kij,0.074343,28.20913872,0,true,20260809
llm,128,64,128,131072,32768,29,15,1,ikj,0.09278,22.60349213,0,true,20260809
llm,128,64,128,131072,32768,29,16,0,ikj,0.093652,22.39302951,0,true,20260809
llm,128,64,128,131072,32768,29,16,1,kij,0.074483,28.15611616,0,true,20260809
llm,128,64,128,131072,32768,29,17,0,ikj,0.093301,22.47727248,0,true,20260809
llm,128,64,128,131072,32768,29,17,1,kij,0.074422,28.17919432,0,true,20260809
llm,128,64,128,131072,32768,29,18,0,kij,0.074583,28.11836477,0,true,20260809
llm,128,64,128,131072,32768,29,18,1,ikj,0.092701,22.62275488,0,true,20260809
llm,128,64,128,131072,32768,29,19,0,ikj,0.0927,22.62299892,0,true,20260809
llm,128,64,128,131072,32768,29,19,1,kij,0.074713,28.06943905,0,true,20260809
llm,128,64,128,131072,32768,47,0,0,ikj,0.09242,22.69153863,0,true,20260809
llm,128,64,128,131072,32768,47,0,1,kij,0.074743,28.05817267,0,true,20260809
llm,128,64,128,131072,32768,47,1,0,kij,0.078319,26.77705282,0,true,20260809
llm,128,64,128,131072,32768,47,1,1,ikj,0.093542,22.41936243,0,true,20260809
llm,128,64,128,131072,32768,47,2,0,ikj,0.093071,22.53281903,0,true,20260809
llm,128,64,128,131072,32768,47,2,1,kij,0.074483,28.15611616,0,true,20260809
llm,128,64,128,131072,32768,47,3,0,ikj,0.09252,22.66701254,0,true,20260809
llm,128,64,128,131072,32768,47,3,1,kij,0.074443,28.17124511,0,true,20260809
llm,128,64,128,131072,32768,47,4,0,ikj,0.093241,22.49173647,0,true,20260809
llm,128,64,128,131072,32768,47,4,1,kij,0.074472,28.160275,0,true,20260809
llm,128,64,128,131072,32768,47,5,0,kij,0.074382,28.19434809,0,true,20260809
llm,128,64,128,131072,32768,47,5,1,ikj,0.09244,22.68662916,0,true,20260809
llm,128,64,128,131072,32768,47,6,0,kij,0.073982,28.34678706,0,true,20260809
llm,128,64,128,131072,32768,47,6,1,ikj,0.093241,22.49173647,0,true,20260809
llm,128,64,128,131072,32768,47,7,0,ikj,0.09254,22.66211368,0,true,20260809
llm,128,64,128,131072,32768,47,7,1,kij,0.074252,28.24371061,0,true,20260809
llm,128,64,128,131072,32768,47,8,0,kij,0.074582,28.11874179,0,true,20260809
llm,128,64,128,131072,32768,47,8,1,ikj,0.093742,22.37153037,0,true,20260809
llm,128,64,128,131072,32768,47,9,0,ikj,0.092991,22.55220398,0,true,20260809
llm,128,64,128,131072,32768,47,9,1,kij,0.074683,28.08071449,0,true,20260809
llm,128,64,128,131072,32768,47,10,0,kij,0.074292,28.22850374,0,true,20260809
llm,128,64,128,131072,32768,47,10,1,ikj,0.092219,22.74099697,0,true,20260809
llm,128,64,128,131072,32768,47,11,0,ikj,0.092189,22.74839731,0,true,20260809
llm,128,64,128,131072,32768,47,11,1,kij,0.074182,28.27036208,0,true,20260809
llm,128,64,128,131072,32768,47,12,0,ikj,0.093262,22.48667196,0,true,20260809
llm,128,64,128,131072,32768,47,12,1,kij,0.074473,28.15989688,0,true,20260809
llm,128,64,128,131072,32768,47,13,0,kij,0.074373,28.19775994,0,true,20260809
llm,128,64,128,131072,32768,47,13,1,ikj,0.093832,22.35007247,0,true,20260809
llm,128,64,128,131072,32768,47,14,0,kij,0.074332,28.21331324,0,true,20260809
llm,128,64,128,131072,32768,47,14,1,ikj,0.092279,22.72621073,0,true,20260809
llm,128,64,128,131072,32768,47,15,0,kij,0.074583,28.11836477,0,true,20260809
llm,128,64,128,131072,32768,47,15,1,ikj,0.093361,22.46282709,0,true,20260809
llm,128,64,128,131072,32768,47,16,0,kij,0.074403,28.18639033,0,true,20260809
llm,128,64,128,131072,32768,47,16,1,ikj,0.093171,22.50863466,0,true,20260809
llm,128,64,128,131072,32768,47,17,0,ikj,0.093541,22.4196021,0,true,20260809
llm,128,64,128,131072,32768,47,17,1,kij,0.074222,28.25512651,0,true,20260809
llm,128,64,128,131072,32768,47,18,0,kij,0.074332,28.21331324,0,true,20260809
llm,128,64,128,131072,32768,47,18,1,ikj,0.092489,22.67460995,0,true,20260809
llm,128,64,128,131072,32768,47,19,0,kij,0.074493,28.15233646,0,true,20260809
llm,128,64,128,131072,32768,47,19,1,ikj,0.096226,21.79402656,0,true,20260809
llm,128,64,512,425984,32768,11,0,0,ikj,0.367276,22.84006578,0,true,20260809
llm,128,64,512,425984,32768,11,0,1,kij,0.295017,28.43432073,0,true,20260809
llm,128,64,512,425984,32768,11,1,0,kij,0.295257,28.41120786,0,true,20260809
llm,128,64,512,425984,32768,11,1,1,ikj,0.369799,22.68423657,0,true,20260809
llm,128,64,512,425984,32768,11,2,0,ikj,0.365994,22.92006973,0,true,20260809
llm,128,64,512,425984,32768,11,2,1,kij,0.299774,27.98310727,0,true,20260809
llm,128,64,512,425984,32768,11,3,0,kij,0.294716,28.46336134,0,true,20260809
llm,128,64,512,425984,32768,11,3,1,ikj,0.36979,22.68478866,0,true,20260809
llm,128,64,512,425984,32768,11,4,0,ikj,0.37019,22.66027715,0,true,20260809
llm,128,64,512,425984,32768,11,4,1,kij,0.296859,28.25788674,0,true,20260809
llm,128,64,512,425984,32768,11,5,0,kij,0.295286,28.4084176,0,true,20260809
llm,128,64,512,425984,32768,11,5,1,ikj,0.370611,22.63453594,0,true,20260809
llm,128,64,512,425984,32768,11,6,0,kij,0.294306,28.50301387,0,true,20260809
llm,128,64,512,425984,32768,11,6,1,ikj,0.372454,22.52253433,0,true,20260809
llm,128,64,512,425984,32768,11,7,0,kij,0.296048,28.33529698,0,true,20260809
llm,128,64,512,425984,32768,11,7,1,ikj,0.374486,22.40032471,0,true,20260809
llm,128,64,512,425984,32768,11,8,0,kij,0.294516,28.48269024,0,true,20260809
llm,128,64,512,425984,32768,11,8,1,ikj,0.37687,22.25862499,0,true,20260809
llm,128,64,512,425984,32768,11,9,0,kij,0.294626,28.4720561,0,true,20260809
llm,128,64,512,425984,32768,11,9,1,ikj,0.366345,22.89810971,0,true,20260809
llm,128,64,512,425984,32768,11,10,0,kij,0.294946,28.4411655,0,true,20260809
llm,128,64,512,425984,32768,11,10,1,ikj,0.37007,22.66762504,0,true,20260809
llm,128,64,512,425984,32768,11,11,0,kij,0.294756,28.4594987,0,true,20260809
llm,128,64,512,425984,32768,11,11,1,ikj,0.368969,22.73526502,0,true,20260809
llm,128,64,512,425984,32768,11,12,0,ikj,0.368928,22.73779166,0,true,20260809
llm,128,64,512,425984,32768,11,12,1,kij,0.295207,28.41601995,0,true,20260809
llm,128,64,512,425984,32768,11,13,0,ikj,0.367246,22.84193157,0,true,20260809
llm,128,64,512,425984,32768,11,13,1,kij,0.295237,28.4131325,0,true,20260809
llm,128,64,512,425984,32768,11,14,0,ikj,0.372243,22.53530087,0,true,20260809
llm,128,64,512,425984,32768,11,14,1,kij,0.295217,28.4150574,0,true,20260809
llm,128,64,512,425984,32768,11,15,0,ikj,0.368838,22.74333989,0,true,20260809
llm,128,64,512,425984,32768,11,15,1,kij,0.297661,28.18175038,0,true,20260809
llm,128,64,512,425984,32768,11,16,0,ikj,0.367907,22.80089262,0,true,20260809
llm,128,64,512,425984,32768,11,16,1,kij,0.294906,28.44502316,0,true,20260809
llm,128,64,512,425984,32768,11,17,0,kij,0.295848,28.35445229,0,true,20260809
llm,128,64,512,425984,32768,11,17,1,ikj,0.369029,22.73156852,0,true,20260809
llm,128,64,512,425984,32768,11,18,0,kij,0.295177,28.41890798,0,true,20260809
llm,128,64,512,425984,32768,11,18,1,ikj,0.369389,22.70941474,0,true,20260809
llm,128,64,512,425984,32768,11,19,0,kij,0.295828,28.35636924,0,true,20260809
llm,128,64,512,425984,32768,11,19,1,ikj,0.373425,22.46397001,0,true,20260809
llm,128,64,512,425984,32768,29,0,0,kij,0.295497,28.38813254,0,true,20260809
llm,128,64,512,425984,32768,29,0,1,ikj,0.368368,22.77235808,0,true,20260809
llm,128,64,512,425984,32768,29,1,0,kij,0.295588,28.37939294,0,true,20260809
llm,128,64,512,425984,32768,29,1,1,ikj,0.370751,22.62598887,0,true,20260809
llm,128,64,512,425984,32768,29,2,0,ikj,0.367166,22.84690848,0,true,20260809
llm,128,64,512,425984,32768,29,2,1,kij,0.299043,28.05151099,0,true,20260809
llm,128,64,512,425984,32768,29,3,0,kij,0.295107,28.425649,0,true,20260809
llm,128,64,512,425984,32768,29,3,1,ikj,0.365924,22.92445426,0,true,20260809
llm,128,64,512,425984,32768,29,4,0,kij,0.294656,28.46915725,0,true,20260809
llm,128,64,512,425984,32768,29,4,1,ikj,0.368117,22.78788537,0,true,20260809
llm,128,64,512,425984,32768,29,5,0,kij,0.294917,28.4439622,0,true,20260809
llm,128,64,512,425984,32768,29,5,1,ikj,0.367797,22.80771186,0,true,20260809
llm,128,64,512,425984,32768,29,6,0,ikj,0.367807,22.80709176,0,true,20260809
llm,128,64,512,425984,32768,29,6,1,kij,0.295006,28.43538098,0,true,20260809
llm,128,64,512,425984,32768,29,7,0,ikj,0.37021,22.65905297,0,true,20260809
llm,128,64,512,425984,32768,29,7,1,kij,0.294957,28.44010483,0,true,20260809
llm,128,64,512,425984,32768,29,8,0,kij,0.298612,28.09199898,0,true,20260809
llm,128,64,512,425984,32768,29,8,1,ikj,0.368738,22.74950778,0,true,20260809
llm,128,64,512,425984,32768,29,9,0,kij,0.295427,28.39485897,0,true,20260809
llm,128,64,512,425984,32768,29,9,1,ikj,0.374977,22.37099342,0,true,20260809
llm,128,64,512,425984,32768,29,10,0,kij,0.294996,28.4363449,0,true,20260809
llm,128,64,512,425984,32768,29,10,1,ikj,0.367836,22.80529366,0,true,20260809
llm,128,64,512,425984,32768,29,11,0,ikj,0.368588,22.75876588,0,true,20260809
llm,128,64,512,425984,32768,29,11,1,kij,0.295257,28.41120786,0,true,20260809
llm,128,64,512,425984,32768,29,12,0,ikj,0.371823,22.56075606,0,true,20260809
llm,128,64,512,425984,32768,29,12,1,kij,0.296058,28.33433989,0,true,20260809
llm,128,64,512,425984,32768,29,13,0,kij,0.295267,28.41024564,0,true,20260809
llm,128,64,512,425984,32768,29,13,1,ikj,0.372804,22.50138947,0,true,20260809
llm,128,64,512,425984,32768,29,14,0,ikj,0.370591,22.63575748,0,true,20260809
llm,128,64,512,425984,32768,29,14,1,kij,0.296229,28.31798372,0,true,20260809
llm,128,64,512,425984,32768,29,15,0,kij,0.295838,28.35541073,0,true,20260809
llm,128,64,512,425984,32768,29,15,1,ikj,0.367466,22.82825622,0,true,20260809
llm,128,64,512,425984,32768,29,16,0,kij,0.296399,28.30174191,0,true,20260809
llm,128,64,512,425984,32768,29,16,1,ikj,0.366294,22.90129786,0,true,20260809
llm,128,64,512,425984,32768,29,17,0,kij,0.295177,28.41890798,0,true,20260809
llm,128,64,512,425984,32768,29,17,1,ikj,0.369379,22.71002954,0,true,20260809
llm,128,64,512,425984,32768,29,18,0,kij,0.295928,28.34678706,0,true,20260809
llm,128,64,512,425984,32768,29,18,1,ikj,0.367296,22.83882209,0,true,20260809
llm,128,64,512,425984,32768,29,19,0,ikj,0.373615,22.45254607,0,true,20260809
llm,128,64,512,425984,32768,29,19,1,kij,0.295847,28.35454813,0,true,20260809
llm,128,64,512,425984,32768,47,0,0,ikj,0.368537,22.76191536,0,true,20260809
llm,128,64,512,425984,32768,47,0,1,kij,0.295657,28.3727698,0,true,20260809
llm,128,64,512,425984,32768,47,1,0,kij,0.295888,28.35061915,0,true,20260809
llm,128,64,512,425984,32768,47,1,1,ikj,0.36969,22.69092483,0,true,20260809
llm,128,64,512,425984,32768,47,2,0,ikj,0.36944,22.70627977,0,true,20260809
llm,128,64,512,425984,32768,47,2,1,kij,0.295087,28.4275756,0,true,20260809
llm,128,64,512,425984,32768,47,3,0,kij,0.295638,28.37459325,0,true,20260809
llm,128,64,512,425984,32768,47,3,1,ikj,0.365273,22.96531088,0,true,20260809
llm,128,64,512,425984,32768,47,4,0,ikj,0.367205,22.84448197,0,true,20260809
llm,128,64,512,425984,32768,47,4,1,kij,0.295848,28.35445229,0,true,20260809
llm,128,64,512,425984,32768,47,5,0,kij,0.295277,28.40928349,0,true,20260809
llm,128,64,512,425984,32768,47,5,1,ikj,0.366405,22.89436007,0,true,20260809
llm,128,64,512,425984,32768,47,6,0,ikj,0.367507,22.82570944,0,true,20260809
llm,128,64,512,425984,32768,47,6,1,kij,0.295427,28.39485897,0,true,20260809
llm,128,64,512,425984,32768,47,7,0,kij,0.295517,28.38621128,0,true,20260809
llm,128,64,512,425984,32768,47,7,1,ikj,0.370261,22.6559319,0,true,20260809
llm,128,64,512,425984,32768,47,8,0,kij,0.300375,27.92711777,0,true,20260809
llm,128,64,512,425984,32768,47,8,1,ikj,0.366946,22.86060619,0,true,20260809
llm,128,64,512,425984,32768,47,9,0,ikj,0.367236,22.84255356,0,true,20260809
llm,128,64,512,425984,32768,47,9,1,kij,0.29678,28.26540872,0,true,20260809
llm,128,64,512,425984,32768,47,10,0,ikj,0.368638,22.75567901,0,true,20260809
llm,128,64,512,425984,32768,47,10,1,kij,0.293935,28.53898991,0,true,20260809
llm,128,64,512,425984,32768,47,11,0,kij,0.295887,28.35071497,0,true,20260809
llm,128,64,512,425984,32768,47,11,1,ikj,0.373195,22.47781455,0,true,20260809
llm,128,64,512,425984,32768,47,12,0,ikj,0.368728,22.75012475,0,true,20260809
llm,128,64,512,425984,32768,47,12,1,kij,0.295477,28.39005405,0,true,20260809
llm,128,64,512,425984,32768,47,13,0,ikj,0.37635,22.28937957,0,true,20260809
llm,128,64,512,425984,32768,47,13,1,kij,0.300235,27.94014022,0,true,20260809
llm,128,64,512,425984,32768,47,14,0,kij,0.296048,28.33529698,0,true,20260809
llm,128,64,512,425984,32768,47,14,1,ikj,0.370651,22.63209326,0,true,20260809
llm,128,64,512,425984,32768,47,15,0,kij,0.295177,28.41890798,0,true,20260809
llm,128,64,512,425984,32768,47,15,1,ikj,0.367416,22.83136281,0,true,20260809
llm,128,64,512,425984,32768,47,16,0,kij,0.294466,28.48752657,0,true,20260809
llm,128,64,512,425984,32768,47,16,1,ikj,0.366896,22.8637216,0,true,20260809
llm,128,64,512,425984,32768,47,17,0,kij,0.295698,28.36883577,0,true,20260809
llm,128,64,512,425984,32768,47,17,1,ikj,0.366475,22.88998704,0,true,20260809
llm,128,64,512,425984,32768,47,18,0,kij,0.294977,28.43817654,0,true,20260809
llm,128,64,512,425984,32768,47,18,1,ikj,0.365454,22.95393675,0,true,20260809
llm,128,64,512,425984,32768,47,19,0,kij,0.303069,27.67887181,0,true,20260809
llm,128,64,512,425984,32768,47,19,1,ikj,0.370741,22.62659916,0,true,20260809
llm,128,64,2048,1605632,32768,11,0,0,ikj,1.512069,22.19107197,0,true,20260809
llm,128,64,2048,1605632,32768,11,0,1,kij,1.1888,28.22546433,0,true,20260809
llm,128,64,2048,1605632,32768,11,1,0,kij,1.191954,28.15077763,0,true,20260809
llm,128,64,2048,1605632,32768,11,1,1,ikj,1.498538,22.39144553,0,true,20260809
llm,128,64,2048,1605632,32768,11,2,0,ikj,1.482374,22.63560478,0,true,20260809
llm,128,64,2048,1605632,32768,11,2,1,kij,1.190602,28.18274453,0,true,20260809
llm,128,64,2048,1605632,32768,11,3,0,kij,1.193867,28.10567006,0,true,20260809
llm,128,64,2048,1605632,32768,11,3,1,ikj,1.485719,22.58464218,0,true,20260809
llm,128,64,2048,1605632,32768,11,4,0,ikj,1.500361,22.36423901,0,true,20260809
llm,128,64,2048,1605632,32768,11,4,1,kij,1.193536,28.11346453,0,true,20260809
llm,128,64,2048,1605632,32768,11,5,0,kij,1.190041,28.19603022,0,true,20260809
llm,128,64,2048,1605632,32768,11,5,1,ikj,1.495534,22.43642204,0,true,20260809
llm,128,64,2048,1605632,32768,11,6,0,kij,1.190552,28.18392813,0,true,20260809
llm,128,64,2048,1605632,32768,11,6,1,ikj,1.481382,22.6507626,0,true,20260809
llm,128,64,2048,1605632,32768,11,7,0,ikj,1.4928,22.4775134,0,true,20260809
llm,128,64,2048,1605632,32768,11,7,1,kij,1.192364,28.14109785,0,true,20260809
llm,128,64,2048,1605632,32768,11,8,0,kij,1.190692,28.1806143,0,true,20260809
llm,128,64,2048,1605632,32768,11,8,1,ikj,1.487351,22.55986112,0,true,20260809
llm,128,64,2048,1605632,32768,11,9,0,ikj,1.479539,22.67897771,0,true,20260809
llm,128,64,2048,1605632,32768,11,9,1,kij,1.18934,28.21264903,0,true,20260809
llm,128,64,2048,1605632,32768,11,10,0,ikj,1.495193,22.44153899,0,true,20260809
llm,128,64,2048,1605632,32768,11,10,1,kij,1.192836,28.12996254,0,true,20260809
llm,128,64,2048,1605632,32768,11,11,0,ikj,1.484276,22.60659877,0,true,20260809
llm,128,64,2048,1605632,32768,11,11,1,kij,1.19592,28.0574219,0,true,20260809
llm,128,64,2048,1605632,32768,11,12,0,kij,1.190162,28.19316362,0,true,20260809
llm,128,64,2048,1605632,32768,11,12,1,ikj,1.477407,22.71170503,0,true,20260809
llm,128,64,2048,1605632,32768,11,13,0,kij,1.197462,28.0212917,0,true,20260809
llm,128,64,2048,1605632,32768,11,13,1,ikj,1.485228,22.59210842,0,true,20260809
llm,128,64,2048,1605632,32768,11,14,0,kij,1.190011,28.19674104,0,true,20260809
llm,128,64,2048,1605632,32768,11,14,1,ikj,1.501302,22.35022134,0,true,20260809
llm,128,64,2048,1605632,32768,11,15,0,ikj,1.486801,22.56820651,0,true,20260809
llm,128,64,2048,1605632,32768,11,15,1,kij,1.192254,28.14369421,0,true,20260809
llm,128,64,2048,1605632,32768,11,16,0,ikj,1.489494,22.52740327,0,true,20260809
llm,128,64,2048,1605632,32768,11,16,1,kij,1.191053,28.17207295,0,true,20260809
llm,128,64,2048,1605632,32768,11,17,0,kij,1.189621,28.20598493,0,true,20260809
llm,128,64,2048,1605632,32768,11,17,1,ikj,1.483856,22.61299749,0,true,20260809
llm,128,64,2048,1605632,32768,11,18,0,kij,1.189881,28.19982166,0,true,20260809
llm,128,64,2048,1605632,32768,11,18,1,ikj,1.484457,22.60384235,0,true,20260809
llm,128,64,2048,1605632,32768,11,19,0,ikj,1.490946,22.50546432,0,true,20260809
llm,128,64,2048,1605632,32768,11,19,1,kij,1.188999,28.2207403,0,true,20260809
llm,128,64,2048,1605632,32768,29,0,0,kij,1.190872,28.17635481,0,true,20260809
llm,128,64,2048,1605632,32768,29,0,1,ikj,1.489745,22.52360773,0,true,20260809
llm,128,64,2048,1605632,32768,29,1,0,ikj,1.48646,22.57338374,0,true,20260809
llm,128,64,2048,1605632,32768,29,1,1,kij,1.189941,28.19839975,0,true,20260809
llm,128,64,2048,1605632,32768,29,2,0,ikj,1.50013,22.3676828,0,true,20260809
llm,128,64,2048,1605632,32768,29,2,1,kij,1.189901,28.19934768,0,true,20260809
llm,128,64,2048,1605632,32768,29,3,0,kij,1.189481,28.20930473,0,true,20260809
llm,128,64,2048,1605632,32768,29,3,1,ikj,1.491708,22.49396799,0,true,20260809
llm,128,64,2048,1605632,32768,29,4,0,kij,1.191242,28.16760322,0,true,20260809
llm,128,64,2048,1605632,32768,29,4,1,ikj,1.485328,22.5905874,0,true,20260809
llm,128,64,2048,1605632,32768,29,5,0,kij,1.198665,27.99316907,0,true,20260809
llm,128,64,2048,1605632,32768,29,5,1,ikj,1.47985,22.67421158,0,true,20260809
llm,128,64,2048,1605632,32768,29,6,0,ikj,1.492849,22.47677561,0,true,20260809
llm,128,64,2048,1605632,32768,29,6,1,kij,1.19534,28.07103586,0,true,20260809
llm,128,64,2048,1605632,32768,29,7,0,ikj,1.487522,22.55726772,0,true,20260809
llm,128,64,2048,1605632,32768,29,7,1,kij,1.188929,28.22240184,0,true,20260809
llm,128,64,2048,1605632,32768,29,8,0,kij,1.19591,28.05765651,0,true,20260809
llm,128,64,2048,1605632,32768,29,8,1,ikj,1.484968,22.59606402,0,true,20260809
llm,128,64,2048,1605632,32768,29,9,0,ikj,1.487421,22.55879943,0,true,20260809
llm,128,64,2048,1605632,32768,29,9,1,kij,1.193696,28.10969627,0,true,20260809
llm,128,64,2048,1605632,32768,29,10,0,ikj,1.48666,22.57034695,0,true,20260809
llm,128,64,2048,1605632,32768,29,10,1,kij,1.190192,28.19245298,0,true,20260809
llm,128,64,2048,1605632,32768,29,11,0,ikj,1.489004,22.53481656,0,true,20260809
llm,128,64,2048,1605632,32768,29,11,1,kij,1.191754,28.15550189,0,true,20260809
llm,128,64,2048,1605632,32768,29,12,0,ikj,1.480881,22.65842563,0,true,20260809
llm,128,64,2048,1605632,32768,29,12,1,kij,1.198854,27.98875593,0,true,20260809
llm,128,64,2048,1605632,32768,29,13,0,kij,1.189871,28.20005866,0,true,20260809
llm,128,64,2048,1605632,32768,29,13,1,ikj,1.480952,22.65733933,0,true,20260809
llm,128,64,2048,1605632,32768,29,14,0,ikj,1.495053,22.44364046,0,true,20260809
llm,128,64,2048,1605632,32768,29,14,1,kij,1.190261,28.19081865,0,true,20260809
llm,128,64,2048,1605632,32768,29,15,0,kij,1.190592,28.18298124,0,true,20260809
llm,128,64,2048,1605632,32768,29,15,1,ikj,1.496415,22.42321281,0,true,20260809
llm,128,64,2048,1605632,32768,29,16,0,kij,1.190942,28.17469868,0,true,20260809
llm,128,64,2048,1605632,32768,29,16,1,ikj,1.483725,22.61499402,0,true,20260809
llm,128,64,2048,1605632,32768,29,17,0,kij,1.195028,28.07836469,0,true,20260809
llm,128,64,2048,1605632,32768,29,17,1,ikj,1.48678,22.56852527,0,true,20260809
llm,128,64,2048,1605632,32768,29,18,0,kij,1.190081,28.19508252,0,true,20260809
llm,128,64,2048,1605632,32768,29,18,1,ikj,1.487521,22.55728289,0,true,20260809
llm,128,64,2048,1605632,32768,29,19,0,kij,1.188649,28.22904996,0,true,20260809
llm,128,64,2048,1605632,32768,29,19,1,ikj,1.488563,22.5414927,0,true,20260809
llm,128,64,2048,1605632,32768,47,0,0,kij,1.194878,28.08188953,0,true,20260809
llm,128,64,2048,1605632,32768,47,0,1,ikj,1.479479,22.67989745,0,true,20260809
llm,128,64,2048,1605632,32768,47,1,0,ikj,1.490445,22.51302933,0,true,20260809
llm,128,64,2048,1605632,32768,47,1,1,kij,1.198834,27.98922286,0,true,20260809
llm,128,64,2048,1605632,32768,47,2,0,ikj,1.473891,22.76588432,0,true,20260809
llm,128,64,2048,1605632,32768,47,2,1,kij,1.190061,28.19555636,0,true,20260809
llm,128,64,2048,1605632,32768,47,3,0,kij,1.196601,28.04145409,0,true,20260809
llm,128,64,2048,1605632,32768,47,3,1,ikj,1.490325,22.51484206,0,true,20260809
llm,128,64,2048,1605632,32768,47,4,0,kij,1.18979,28.2019785,0,true,20260809
llm,128,64,2048,1605632,32768,47,4,1,ikj,1.4933,22.46998728,0,true,20260809
llm,128,64,2048,1605632,32768,47,5,0,kij,1.188529,28.23190011,0,true,20260809
llm,128,64,2048,1605632,32768,47,5,1,ikj,1.482765,22.62963585,0,true,20260809
llm,128,64,2048,1605632,32768,47,6,0,ikj,1.490396,22.51376949,0,true,20260809
llm,128,64,2048,1605632,32768,47,6,1,kij,1.18907,28.21905523,0,true,20260809
llm,128,64,2048,1605632,32768,47,7,0,ikj,1.4863,22.57581377,0,true,20260809
llm,128,64,2048,1605632,32768,47,7,1,kij,1.19589,28.05812575,0,true,20260809
llm,128,64,2048,1605632,32768,47,8,0,kij,1.191143,28.16994433,0,true,20260809
llm,128,64,2048,1605632,32768,47,8,1,ikj,1.467641,22.86283362,0,true,20260809
llm,128,64,2048,1605632,32768,47,9,0,ikj,1.485378,22.58982697,0,true,20260809
llm,128,64,2048,1605632,32768,47,9,1,kij,1.188529,28.23190011,0,true,20260809
llm,128,64,2048,1605632,32768,47,10,0,kij,1.191693,28.15694311,0,true,20260809
llm,128,64,2048,1605632,32768,47,10,1,ikj,1.483044,22.62537861,0,true,20260809
llm,128,64,2048,1605632,32768,47,11,0,ikj,1.489023,22.53452902,0,true,20260809
llm,128,64,2048,1605632,32768,47,11,1,kij,1.196571,28.04215713,0,true,20260809
llm,128,64,2048,1605632,32768,47,12,0,kij,1.191303,28.16616092,0,true,20260809
llm,128,64,2048,1605632,32768,47,12,1,ikj,1.470876,22.8125498,0,true,20260809
llm,128,64,2048,1605632,32768,47,13,0,ikj,1.499951,22.3703521,0,true,20260809
llm,128,64,2048,1605632,32768,47,13,1,kij,1.190372,28.18818991,0,true,20260809
llm,128,64,2048,1605632,32768,47,14,0,ikj,1.476385,22.72742679,0,true,20260809
llm,128,64,2048,1605632,32768,47,14,1,kij,1.198284,28.00206963,0,true,20260809
llm,128,64,2048,1605632,32768,47,15,0,kij,1.18886,28.22403984,0,true,20260809
llm,128,64,2048,1605632,32768,47,15,1,ikj,1.487151,22.56289509,0,true,20260809
llm,128,64,2048,1605632,32768,47,16,0,ikj,1.491717,22.49383228,0,true,20260809
llm,128,64,2048,1605632,32768,47,16,1,kij,1.186255,28.28601945,0,true,20260809
llm,128,64,2048,1605632,32768,47,17,0,ikj,1.4803,22.66731879,0,true,20260809
llm,128,64,2048,1605632,32768,47,17,1,kij,1.194928,28.08071449,0,true,20260809
llm,128,64,2048,1605632,32768,47,18,0,kij,1.1895,28.20885414,0,true,20260809
llm,128,64,2048,1605632,32768,47,18,1,ikj,1.486219,22.57704416,0,true,20260809
llm,128,64,2048,1605632,32768,47,19,0,kij,1.196642,28.04049331,0,true,20260809
llm,128,64,2048,1605632,32768,47,19,1,ikj,1.482504,22.63361988,0,true,20260809
llm,128,64,8192,6324224,32768,11,0,0,kij,3.474238,38.63227793,0,true,20260809
llm,128,64,8192,6324224,32768,11,0,1,ikj,3.434829,39.07551963,0,true,20260809
llm,128,64,8192,6324224,32768,11,1,0,kij,3.470222,38.67698608,0,true,20260809
llm,128,64,8192,6324224,32768,11,1,1,ikj,3.432556,39.101395,0,true,20260809
llm,128,64,8192,6324224,32768,11,2,0,kij,3.564986,37.64887941,0,true,20260809
llm,128,64,8192,6324224,32768,11,2,1,ikj,3.426566,39.16974837,0,true,20260809
llm,128,64,8192,6324224,32768,11,3,0,ikj,3.42239,39.2175433,0,true,20260809
llm,128,64,8192,6324224,32768,11,3,1,kij,3.473467,38.64085307,0,true,20260809
llm,128,64,8192,6324224,32768,11,4,0,kij,3.476902,38.6026779,0,true,20260809
llm,128,64,8192,6324224,32768,11,4,1,ikj,3.424883,39.18899653,0,true,20260809
llm,128,64,8192,6324224,32768,11,5,0,ikj,3.409741,39.36302728,0,true,20260809
llm,128,64,8192,6324224,32768,11,5,1,kij,3.472265,38.65422944,0,true,20260809
llm,128,64,8192,6324224,32768,11,6,0,kij,3.476201,38.6104624,0,true,20260809
llm,128,64,8192,6324224,32768,11,6,1,ikj,3.426225,39.1736468,0,true,20260809
llm,128,64,8192,6324224,32768,11,7,0,kij,3.476321,38.60912959,0,true,20260809
llm,128,64,8192,6324224,32768,11,7,1,ikj,3.427708,39.1566983,0,true,20260809
llm,128,64,8192,6324224,32768,11,8,0,kij,3.473087,38.64508087,0,true,20260809
llm,128,64,8192,6324224,32768,11,8,1,ikj,3.427758,39.15612712,0,true,20260809
llm,128,64,8192,6324224,32768,11,9,0,kij,3.469872,38.68088736,0,true,20260809
llm,128,64,8192,6324224,32768,11,9,1,ikj,3.42337,39.20631658,0,true,20260809
llm,128,64,8192,6324224,32768,11,10,0,kij,3.476762,38.60423233,0,true,20260809
llm,128,64,8192,6324224,32768,11,10,1,ikj,3.423933,39.19986986,0,true,20260809
llm,128,64,8192,6324224,32768,11,11,0,kij,3.559748,37.70427794,0,true,20260809
llm,128,64,8192,6324224,32768,11,11,1,ikj,3.428399,39.14880619,0,true,20260809
llm,128,64,8192,6324224,32768,11,12,0,ikj,3.425355,39.18359644,0,true,20260809
llm,128,64,8192,6324224,32768,11,12,1,kij,3.466517,38.7183239,0,true,20260809
llm,128,64,8192,6324224,32768,11,13,0,ikj,3.437322,39.04717917,0,true,20260809
llm,128,64,8192,6324224,32768,11,13,1,kij,3.472485,38.6517805,0,true,20260809
llm,128,64,8192,6324224,32768,11,14,0,ikj,3.425535,39.18153748,0,true,20260809
llm,128,64,8192,6324224,32768,11,14,1,kij,3.474239,38.63226681,0,true,20260809
llm,128,64,8192,6324224,32768,11,15,0,kij,3.472536,38.65121283,0,true,20260809
llm,128,64,8192,6324224,32768,11,15,1,ikj,3.427979,39.15360275,0,true,20260809
llm,128,64,8192,6324224,32768,11,16,0,ikj,3.419194,39.25420084,0,true,20260809
llm,128,64,8192,6324224,32768,11,16,1,kij,3.471384,38.66403947,0,true,20260809
llm,128,64,8192,6324224,32768,11,17,0,kij,3.470623,38.6725173,0,true,20260809
llm,128,64,8192,6324224,32768,11,17,1,ikj,3.428399,39.14880619,0,true,20260809
llm,128,64,8192,6324224,32768,11,18,0,ikj,3.429971,39.13086379,0,true,20260809
llm,128,64,8192,6324224,32768,11,18,1,kij,3.471845,38.65890557,0,true,20260809
llm,128,64,8192,6324224,32768,11,19,0,kij,3.474198,38.63272272,0,true,20260809
llm,128,64,8192,6324224,32768,11,19,1,ikj,3.423651,39.20309868,0,true,20260809
llm,128,64,8192,6324224,32768,29,0,0,kij,3.466607,38.71731869,0,true,20260809
llm,128,64,8192,6324224,32768,29,0,1,ikj,3.430743,39.1220584,0,true,20260809
llm,128,64,8192,6324224,32768,29,1,0,kij,3.471964,38.65758055,0,true,20260809
llm,128,64,8192,6324224,32768,29,1,1,ikj,3.465825,38.72605455,0,true,20260809
llm,128,64,8192,6324224,32768,29,2,0,kij,3.47555,38.61769447,0,true,20260809
llm,128,64,8192,6324224,32768,29,2,1,ikj,3.420557,39.2385591,0,true,20260809
llm,128,64,8192,6324224,32768,29,3,0,kij,3.476602,38.60600897,0,true,20260809
llm,128,64,8192,6324224,32768,29,3,1,ikj,3.427878,39.15475638,0,true,20260809
llm,128,64,8192,6324224,32768,29,4,0,ikj,3.424814,39.18978607,0,true,20260809
llm,128,64,8192,6324224,32768,29,4,1,kij,3.472886,38.64731753,0,true,20260809
llm,128,64,8192,6324224,32768,29,5,0,ikj,3.424954,39.18818413,0,true,20260809
llm,128,64,8192,6324224,32768,29,5,1,kij,3.47549,38.61836115,0,true,20260809
llm,128,64,8192,6324224,32768,29,6,0,kij,3.566668,37.63112462,0,true,20260809
llm,128,64,8192,6324224,32768,29,6,1,ikj,3.433867,39.08646666,0,true,20260809
llm,128,64,8192,6324224,32768,29,7,0,kij,3.479547,38.57333383,0,true,20260809
llm,128,64,8192,6324224,32768,29,7,1,ikj,3.420768,39.23613879,0,true,20260809
llm,128,64,8192,6324224,32768,29,8,0,ikj,3.419035,39.25602633,0,true,20260809
llm,128,64,8192,6324224,32768,29,8,1,kij,3.471724,38.66025295,0,true,20260809
llm,128,64,8192,6324224,32768,29,9,0,ikj,3.432294,39.10437975,0,true,20260809
llm,128,64,8192,6324224,32768,29,9,1,kij,3.474268,38.63194434,0,true,20260809
llm,128,64,8192,6324224,32768,29,10,0,ikj,3.4289,39.14308612,0,true,20260809
llm,128,64,8192,6324224,32768,29,10,1,kij,3.478595,38.58389034,0,true,20260809
llm,128,64,8192,6324224,32768,29,11,0,ikj,3.426306,39.17272071,0,true,20260809
llm,128,64,8192,6324224,32768,29,11,1,kij,3.470954,38.66882938,0,true,20260809
llm,128,64,8192,6324224,32768,29,12,0,ikj,3.42228,39.21880384,0,true,20260809
llm,128,64,8192,6324224,32768,29,12,1,kij,3.477102,38.60045751,0,true,20260809
llm,128,64,8192,6324224,32768,29,13,0,kij,3.472255,38.65434077,0,true,20260809
llm,128,64,8192,6324224,32768,29,13,1,ikj,3.429831,39.13246105,0,true,20260809
llm,128,64,8192,6324224,32768,29,14,0,ikj,3.42271,39.21387672,0,true,20260809
llm,128,64,8192,6324224,32768,29,14,1,kij,3.477914,38.59144533,0,true,20260809
llm,128,64,8192,6324224,32768,29,15,0,ikj,3.430532,39.12446466,0,true,20260809
llm,128,64,8192,6324224,32768,29,15,1,kij,3.465916,38.72503777,0,true,20260809
llm,128,64,8192,6324224,32768,29,16,0,kij,3.473497,38.64051934,0,true,20260809
llm,128,64,8192,6324224,32768,29,16,1,ikj,3.423672,39.20285822,0,true,20260809
llm,128,64,8192,6324224,32768,29,17,0,ikj,3.42286,39.21215825,0,true,20260809
llm,128,64,8192,6324224,32768,29,17,1,kij,3.47539,38.61947235,0,true,20260809
llm,128,64,8192,6324224,32768,29,18,0,kij,3.473878,38.63628141,0,true,20260809
llm,128,64,8192,6324224,32768,29,18,1,ikj,3.433387,39.09193109,0,true,20260809
llm,128,64,8192,6324224,32768,29,19,0,ikj,3.417201,39.27709491,0,true,20260809
llm,128,64,8192,6324224,32768,29,19,1,kij,3.47513,38.62236175,0,true,20260809
llm,128,64,8192,6324224,32768,47,0,0,kij,3.472075,38.65634469,0,true,20260809
llm,128,64,8192,6324224,32768,47,0,1,ikj,3.421088,39.23246874,0,true,20260809
llm,128,64,8192,6324224,32768,47,1,0,kij,3.486987,38.49103194,0,true,20260809
llm,128,64,8192,6324224,32768,47,1,1,ikj,3.428188,39.15121574,0,true,20260809
llm,128,64,8192,6324224,32768,47,2,0,ikj,3.428098,39.15224361,0,true,20260809
llm,128,64,8192,6324224,32768,47,2,1,kij,3.46863,38.69473769,0,true,20260809
llm,128,64,8192,6324224,32768,47,3,0,kij,3.476762,38.60423233,0,true,20260809
llm,128,64,8192,6324224,32768,47,3,1,ikj,3.428188,39.15121574,0,true,20260809
llm,128,64,8192,6324224,32768,47,4,0,ikj,3.417723,39.27109599,0,true,20260809
llm,128,64,8192,6324224,32768,47,4,1,kij,3.479586,38.57290149,0,true,20260809
llm,128,64,8192,6324224,32768,47,5,0,kij,3.469011,38.69048787,0,true,20260809
llm,128,64,8192,6324224,32768,47,5,1,ikj,3.420607,39.23798554,0,true,20260809
llm,128,64,8192,6324224,32768,47,6,0,kij,3.473327,38.64241058,0,true,20260809
llm,128,64,8192,6324224,32768,47,6,1,ikj,3.418344,39.26396173,0,true,20260809
llm,128,64,8192,6324224,32768,47,7,0,kij,3.472666,38.64976591,0,true,20260809
llm,128,64,8192,6324224,32768,47,7,1,ikj,3.430612,39.1235523,0,true,20260809
llm,128,64,8192,6324224,32768,47,8,0,kij,3.476151,38.61101776,0,true,20260809
llm,128,64,8192,6324224,32768,47,8,1,ikj,3.427187,39.16265089,0,true,20260809
llm,128,64,8192,6324224,32768,47,9,0,ikj,3.422059,39.22133663,0,true,20260809
llm,128,64,8192,6324224,32768,47,9,1,kij,3.473066,38.64531454,0,true,20260809
llm,128,64,8192,6324224,32768,47,10,0,kij,3.478935,38.58011949,0,true,20260809
llm,128,64,8192,6324224,32768,47,10,1,ikj,3.423441,39.20550347,0,true,20260809
llm,128,64,8192,6324224,32768,47,11,0,ikj,3.422921,39.21145945,0,true,20260809
llm,128,64,8192,6324224,32768,47,11,1,kij,3.477183,38.59955832,0,true,20260809
llm,128,64,8192,6324224,32768,47,12,0,ikj,3.424673,39.19139959,0,true,20260809
llm,128,64,8192,6324224,32768,47,12,1,kij,3.47495,38.62436236,0,true,20260809
llm,128,64,8192,6324224,32768,47,13,0,kij,3.474129,38.63349001,0,true,20260809
llm,128,64,8192,6324224,32768,47,13,1,ikj,3.431844,39.10950731,0,true,20260809
llm,128,64,8192,6324224,32768,47,14,0,ikj,3.414988,39.30254748,0,true,20260809
llm,128,64,8192,6324224,32768,47,14,1,kij,3.471684,38.66069838,0,true,20260809
llm,128,64,8192,6324224,32768,47,15,0,ikj,3.455369,38.84324019,0,true,20260809
llm,128,64,8192,6324224,32768,47,15,1,kij,3.476902,38.6026779,0,true,20260809
llm,128,64,8192,6324224,32768,47,16,0,kij,3.471765,38.65979639,0,true,20260809
llm,128,64,8192,6324224,32768,47,16,1,ikj,3.425524,39.1816633,0,true,20260809
llm,128,64,8192,6324224,32768,47,17,0,kij,3.470693,38.67173732,0,true,20260809
llm,128,64,8192,6324224,32768,47,17,1,ikj,3.42255,39.21570992,0,true,20260809
llm,128,64,8192,6324224,32768,47,18,0,kij,3.470093,38.67842389,0,true,20260809
llm,128,64,8192,6324224,32768,47,18,1,ikj,3.428098,39.15224361,0,true,20260809
llm,128,64,8192,6324224,32768,47,19,0,ikj,3.418093,39.26684499,0,true,20260809
llm,128,64,8192,6324224,32768,47,19,1,kij,3.476532,38.6067863,0,true,20260809
llm,128,64,16384,12615680,32768,11,0,0,kij,7.395854,36.29539685,0,true,20260809
llm,128,64,16384,12615680,32768,11,0,1,ikj,6.887814,38.97251813,0,true,20260809
llm,128,64,16384,12615680,32768,11,1,0,ikj,6.857739,39.1434343,0,true,20260809
llm,128,64,16384,12615680,32768,11,1,1,kij,7.401703,36.26671538,0,true,20260809
llm,128,64,16384,12615680,32768,11,2,0,kij,7.41349,36.2090535,0,true,20260809
llm,128,64,16384,12615680,32768,11,2,1,ikj,6.878751,39.02386582,0,true,20260809
llm,128,64,16384,12615680,32768,11,3,0,ikj,6.866422,39.09393509,0,true,20260809
llm,128,64,16384,12615680,32768,11,3,1,kij,7.407981,36.23598063,0,true,20260809
llm,128,64,16384,12615680,32768,11,4,0,ikj,6.894175,38.93655963,0,true,20260809
llm,128,64,16384,12615680,32768,11,4,1,kij,7.399259,36.27869439,0,true,20260809
llm,128,64,16384,12615680,32768,11,5,0,ikj,6.898731,38.91084549,0,true,20260809
llm,128,64,16384,12615680,32768,11,5,1,kij,7.399418,36.27791483,0,true,20260809
llm,128,64,16384,12615680,32768,11,6,0,kij,7.405298,36.24910922,0,true,20260809
llm,128,64,16384,12615680,32768,11,6,1,ikj,6.891651,38.95081977,0,true,20260809
llm,128,64,16384,12615680,32768,11,7,0,kij,7.404977,36.25068059,0,true,20260809
llm,128,64,16384,12615680,32768,11,7,1,ikj,6.92381,38.76990501,0,true,20260809
llm,128,64,16384,12615680,32768,11,8,0,kij,7.408523,36.23332964,0,true,20260809
llm,128,64,16384,12615680,32768,11,8,1,ikj,6.878019,39.02801897,0,true,20260809
llm,128,64,16384,12615680,32768,11,9,0,kij,7.412559,36.21360127,0,true,20260809
llm,128,64,16384,12615680,32768,11,9,1,ikj,6.893974,38.93769486,0,true,20260809
llm,128,64,16384,12615680,32768,11,10,0,ikj,6.866232,39.09501689,0,true,20260809
llm,128,64,16384,12615680,32768,11,10,1,kij,7.395954,36.29490611,0,true,20260809
llm,128,64,16384,12615680,32768,11,11,0,ikj,6.893072,38.94279009,0,true,20260809
llm,128,64,16384,12615680,32768,11,11,1,kij,7.411047,36.22098956,0,true,20260809
llm,128,64,16384,12615680,32768,11,12,0,ikj,6.879301,39.02074586,0,true,20260809
llm,128,64,16384,12615680,32768,11,12,1,kij,7.415844,36.19755971,0,true,20260809
llm,128,64,16384,12615680,32768,11,13,0,kij,7.397997,36.28488306,0,true,20260809
llm,128,64,16384,12615680,32768,11,13,1,ikj,6.874544,39.04774717,0,true,20260809
llm,128,64,16384,12615680,32768,11,14,0,ikj,6.878971,39.02261777,0,true,20260809
llm,128,64,16384,12615680,32768,11,14,1,kij,7.401492,36.26774926,0,true,20260809
llm,128,64,16384,12615680,32768,11,15,0,ikj,6.867664,39.08686505,0,true,20260809
llm,128,64,16384,12615680,32768,11,15,1,kij,7.407191,36.23984531,0,true,20260809
llm,128,64,16384,12615680,32768,11,16,0,kij,7.400882,36.27073854,0,true,20260809
llm,128,64,16384,12615680,32768,11,16,1,ikj,6.892812,38.94425903,0,true,20260809
llm,128,64,16384,12615680,32768,11,17,0,kij,7.402443,36.2630899,0,true,20260809
llm,128,64,16384,12615680,32768,11,17,1,ikj,6.86463,39.1041405,0,true,20260809
llm,128,64,16384,12615680,32768,11,18,0,kij,7.406239,36.24450359,0,true,20260809
llm,128,64,16384,12615680,32768,11,18,1,ikj,6.917059,38.80774416,0,true,20260809
llm,128,64,16384,12615680,32768,11,19,0,kij,7.408333,36.23425891,0,true,20260809
llm,128,64,16384,12615680,32768,11,19,1,ikj,6.874355,39.04882073,0,true,20260809
llm,128,64,16384,12615680,32768,29,0,0,ikj,6.859071,39.13583283,0,true,20260809
llm,128,64,16384,12615680,32768,29,0,1,kij,7.398838,36.28075868,0,true,20260809
llm,128,64,16384,12615680,32768,29,1,0,ikj,6.872241,39.0608327,0,true,20260809
llm,128,64,16384,12615680,32768,29,1,1,kij,7.401752,36.26647529,0,true,20260809
llm,128,64,16384,12615680,32768,29,2,0,kij,7.402654,36.26205628,0,true,20260809
llm,128,64,16384,12615680,32768,29,2,1,ikj,6.877359,39.03176437,0,true,20260809
llm,128,64,16384,12615680,32768,29,3,0,ikj,6.860032,39.13035041,0,true,20260809
llm,128,64,16384,12615680,32768,29,3,1,kij,7.409524,36.22843465,0,true,20260809
llm,128,64,16384,12615680,32768,29,4,0,kij,7.39954,36.2773167,0,true,20260809
llm,128,64,16384,12615680,32768,29,4,1,ikj,6.87851,39.02523308,0,true,20260809
llm,128,64,16384,12615680,32768,29,5,0,kij,7.426019,36.14796245,0,true,20260809
llm,128,64,16384,12615680,32768,29,5,1,ikj,6.882577,39.00217259,0,true,20260809
llm,128,64,16384,12615680,32768,29,6,0,kij,7.405127,36.24994629,0,true,20260809
llm,128,64,16384,12615680,32768,29,6,1,ikj,6.882587,39.00211592,0,true,20260809
llm,128,64,16384,12615680,32768,29,7,0,kij,7.404376,36.25362299,0,true,20260809
llm,128,64,16384,12615680,32768,29,7,1,ikj,6.859862,39.13132013,0,true,20260809
llm,128,64,16384,12615680,32768,29,8,0,kij,7.402694,36.26186034,0,true,20260809
llm,128,64,16384,12615680,32768,29,8,1,ikj,6.88473,38.98997579,0,true,20260809
llm,128,64,16384,12615680,32768,29,9,0,kij,7.40086,36.27084636,0,true,20260809
llm,128,64,16384,12615680,32768,29,9,1,ikj,6.887585,38.9738139,0,true,20260809
llm,128,64,16384,12615680,32768,29,10,0,kij,7.403365,36.25857377,0,true,20260809
llm,128,64,16384,12615680,32768,29,10,1,ikj,6.876278,39.03790045,0,true,20260809
llm,128,64,16384,12615680,32768,29,11,0,kij,7.407111,36.24023671,0,true,20260809
llm,128,64,16384,12615680,32768,29,11,1,ikj,6.879682,39.01858487,0,true,20260809
llm,128,64,16384,12615680,32768,29,12,0,ikj,6.859212,39.13502834,0,true,20260809
llm,128,64,16384,12615680,32768,29,12,1,kij,7.402753,36.26157134,0,true,20260809
llm,128,64,16384,12615680,32768,29,13,0,kij,7.496206,35.80950897,0,true,20260809
llm,128,64,16384,12615680,32768,29,13,1,ikj,6.876397,39.03722487,0,true,20260809
llm,128,64,16384,12615680,32768,29,14,0,kij,7.408122,36.23529094,0,true,20260809
llm,128,64,16384,12615680,32768,29,14,1,ikj,6.874845,39.04603755,0,true,20260809
llm,128,64,16384,12615680,32768,29,15,0,kij,7.408723,36.23235151,0,true,20260809
llm,128,64,16384,12615680,32768,29,15,1,ikj,6.929768,38.73657184,0,true,20260809
llm,128,64,16384,12615680,32768,29,16,0,kij,7.396115,36.29411603,0,true,20260809
llm,128,64,16384,12615680,32768,29,16,1,ikj,6.869457,39.07666297,0,true,20260809
llm,128,64,16384,12615680,32768,29,17,0,kij,7.397997,36.28488306,0,true,20260809
llm,128,64,16384,12615680,32768,29,17,1,ikj,6.882387,39.00324931,0,true,20260809
llm,128,64,16384,12615680,32768,29,18,0,ikj,6.87128,39.06629565,0,true,20260809
llm,128,64,16384,12615680,32768,29,18,1,kij,7.40668,36.24234556,0,true,20260809
llm,128,64,16384,12615680,32768,29,19,0,ikj,6.889268,38.96429287,0,true,20260809
llm,128,64,16384,12615680,32768,29,19,1,kij,7.405649,36.24739115,0,true,20260809
llm,128,64,16384,12615680,32768,47,0,0,kij,7.408613,36.23288948,0,true,20260809
llm,128,64,16384,12615680,32768,47,0,1,ikj,6.880934,39.01148536,0,true,20260809
llm,128,64,16384,12615680,32768,47,1,0,kij,7.494753,35.81645132,0,true,20260809
llm,128,64,16384,12615680,32768,47,1,1,ikj,6.875315,39.04336834,0,true,20260809
llm,128,64,16384,12615680,32768,47,2,0,ikj,6.869547,39.07615102,0,true,20260809
llm,128,64,16384,12615680,32768,47,2,1,kij,7.412489,36.21394325,0,true,20260809
llm,128,64,16384,12615680,32768,47,3,0,kij,7.403014,36.2602929,0,true,20260809
llm,128,64,16384,12615680,32768,47,3,1,ikj,6.886793,38.97829599,0,true,20260809
llm,128,64,16384,12615680,32768,47,4,0,kij,7.391197,36.31826563,0,true,20260809
llm,128,64,16384,12615680,32768,47,4,1,ikj,6.879582,39.01915204,0,true,20260809
llm,128,64,16384,12615680,32768,47,5,0,ikj,6.869868,39.07432515,0,true,20260809
llm,128,64,16384,12615680,32768,47,5,1,kij,7.402665,36.2620024,0,true,20260809
llm,128,64,16384,12615680,32768,47,6,0,ikj,6.870639,39.06994037,0,true,20260809
llm,128,64,16384,12615680,32768,47,6,1,kij,7.398006,36.28483891,0,true,20260809
llm,128,64,16384,12615680,32768,47,7,0,kij,7.400871,36.27079245,0,true,20260809
llm,128,64,16384,12615680,32768,47,7,1,ikj,6.882237,39.00409939,0,true,20260809
llm,128,64,16384,12615680,32768,47,8,0,kij,7.40736,36.23901849,0,true,20260809
llm,128,64,16384,12615680,32768,47,8,1,ikj,6.878501,39.02528414,0,true,20260809
llm,128,64,16384,12615680,32768,47,9,0,kij,7.400271,36.27373322,0,true,20260809
llm,128,64,16384,12615680,32768,47,9,1,ikj,6.882846,39.00064828,0,true,20260809
llm,128,64,16384,12615680,32768,47,10,0,kij,7.404477,36.25312848,0,true,20260809
llm,128,64,16384,12615680,32768,47,10,1,ikj,6.895517,38.92898183,0,true,20260809
llm,128,64,16384,12615680,32768,47,11,0,kij,7.446811,36.0470349,0,true,20260809
llm,128,64,16384,12615680,32768,47,11,1,ikj,6.878601,39.0247168,0,true,20260809
llm,128,64,16384,12615680,32768,47,12,0,kij,7.412099,36.21584871,0,true,20260809
llm,128,64,16384,12615680,32768,47,12,1,ikj,6.886723,38.97869219,0,true,20260809
llm,128,64,16384,12615680,32768,47,13,0,ikj,6.877369,39.03170762,0,true,20260809
llm,128,64,16384,12615680,32768,47,13,1,kij,7.404176,36.25460227,0,true,20260809
llm,128,64,16384,12615680,32768,47,14,0,kij,7.39998,36.27515966,0,true,20260809
llm,128,64,16384,12615680,32768,47,14,1,ikj,6.94464,38.65361718,0,true,20260809
llm,128,64,16384,12615680,32768,47,15,0,kij,7.412038,36.21614676,0,true,20260809
llm,128,64,16384,12615680,32768,47,15,1,ikj,6.89802,38.91485615,0,true,20260809
llm,128,64,16384,12615680,32768,47,16,0,kij,7.39329,36.30798413,0,true,20260809
llm,128,64,16384,12615680,32768,47,16,1,ikj,6.870949,39.06817763,0,true,20260809
llm,128,64,16384,12615680,32768,47,17,0,ikj,6.872261,39.06071903,0,true,20260809
llm,128,64,16384,12615680,32768,47,17,1,kij,7.41341,36.20944424,0,true,20260809
llm,128,64,16384,12615680,32768,47,18,0,kij,7.402604,36.26230121,0,true,20260809
llm,128,64,16384,12615680,32768,47,18,1,ikj,6.87118,39.06686421,0,true,20260809
llm,128,64,16384,12615680,32768,47,19,0,kij,7.405868,36.24631927,0,true,20260809
llm,128,64,16384,12615680,32768,47,19,1,ikj,6.896908,38.92113045,0,true,20260809
llm,128,128,128,196608,65536,11,0,0,kij,0.157729,26.5918379,0,true,20260809
llm,128,128,128,196608,65536,11,0,1,ikj,0.185821,22.57174377,0,true,20260809
llm,128,128,128,196608,65536,11,1,0,ikj,0.185541,22.6058068,0,true,20260809
llm,128,128,128,196608,65536,11,1,1,kij,0.158119,26.52624922,0,true,20260809
llm,128,128,128,196608,65536,11,2,0,ikj,0.195345,21.47126366,0,true,20260809
llm,128,128,128,196608,65536,11,2,1,kij,0.157489,26.63236163,0,true,20260809
llm,128,128,128,196608,65536,11,3,0,ikj,0.185802,22.57405195,0,true,20260809
llm,128,128,128,196608,65536,11,3,1,kij,0.157188,26.68336005,0,true,20260809
llm,128,128,128,196608,65536,11,4,0,kij,0.157158,26.68845366,0,true,20260809
llm,128,128,128,196608,65536,11,4,1,ikj,0.18511,22.65844093,0,true,20260809
llm,128,128,128,196608,65536,11,5,0,ikj,0.185441,22.6179971,0,true,20260809
llm,128,128,128,196608,65536,11,5,1,kij,0.157359,26.65436359,0,true,20260809
llm,128,128,128,196608,65536,11,6,0,ikj,0.184169,22.77421282,0,true,20260809
llm,128,128,128,196608,65536,11,6,1,kij,0.157639,26.60701984,0,true,20260809
llm,128,128,128,196608,65536,11,7,0,ikj,0.187885,22.32378317,0,true,20260809
llm,128,128,128,196608,65536,11,7,1,kij,0.157849,26.57162225,0,true,20260809
llm,128,128,128,196608,65536,11,8,0,ikj,0.185881,22.56445791,0,true,20260809
llm,128,128,128,196608,65536,11,8,1,kij,0.157689,26.59858329,0,true,20260809
llm,128,128,128,196608,65536,11,9,0,kij,0.158139,26.52289442,0,true,20260809
llm,128,128,128,196608,65536,11,9,1,ikj,0.185631,22.59484677,0,true,20260809
llm,128,128,128,196608,65536,11,10,0,ikj,0.18496,22.67681661,0,true,20260809
llm,128,128,128,196608,65536,11,10,1,kij,0.15834,26.48922572,0,true,20260809
llm,128,128,128,196608,65536,11,11,0,kij,0.162035,25.88517296,0,true,20260809
llm,128,128,128,196608,65536,11,11,1,ikj,0.185851,22.56810025,0,true,20260809
llm,128,128,128,196608,65536,11,12,0,ikj,0.18517,22.65109899,0,true,20260809
llm,128,128,128,196608,65536,11,12,1,kij,0.157308,26.66300506,0,true,20260809
llm,128,128,128,196608,65536,11,13,0,ikj,0.184609,22.7199324,0,true,20260809
llm,128,128,128,196608,65536,11,13,1,kij,0.157989,26.54807613,0,true,20260809
llm,128,128,128,196608,65536,11,14,0,ikj,0.186733,22.46150386,0,true,20260809
llm,128,128,128,196608,65536,11,14,1,kij,0.157138,26.69185048,0,true,20260809
llm,128,128,128,196608,65536,11,15,0,kij,0.157308,26.66300506,0,true,20260809
llm,128,128,128,196608,65536,11,15,1,ikj,0.1851,22.65966505,0,true,20260809
llm,128,128,128,196608,65536,11,16,0,kij,0.157218,26.67826839,0,true,20260809
llm,128,128,128,196608,65536,11,16,1,ikj,0.18552,22.60836567,0,true,20260809
llm,128,128,128,196608,65536,11,17,0,kij,0.156948,26.72416342,0,true,20260809
llm,128,128,128,196608,65536,11,17,1,ikj,0.18497,22.67559064,0,true,20260809
llm,128,128,128,196608,65536,11,18,0,ikj,0.18501,22.67068807,0,true,20260809
llm,128,128,128,196608,65536,11,18,1,kij,0.156928,26.72756933,0,true,20260809
llm,128,128,128,196608,65536,11,19,0,ikj,0.186312,22.51225901,0,true,20260809
llm,128,128,128,196608,65536,11,19,1,kij,0.157468,26.63591333,0,true,20260809
llm,128,128,128,196608,65536,29,0,0,ikj,0.18487,22.68785633,0,true,20260809
llm,128,128,128,196608,65536,29,0,1,kij,0.157568,26.61900894,0,true,20260809
llm,128,128,128,196608,65536,29,1,0,kij,0.157608,26.61225319,0,true,20260809
llm,128,128,128,196608,65536,29,1,1,ikj,0.185721,22.58389735,0,true,20260809
llm,128,128,128,196608,65536,29,2,0,kij,0.157088,26.7003463,0,true,20260809
llm,128,128,128,196608,65536,29,2,1,ikj,0.18514,22.65476936,0,true,20260809
llm,128,128,128,196608,65536,29,3,0,ikj,0.186612,22.47606799,0,true,20260809
llm,128,128,128,196608,65536,29,3,1,kij,0.156937,26.72603656,0,true,20260809
llm,128,128,128,196608,65536,29,4,0,kij,0.156868,26.73779228,0,true,20260809
llm,128,128,128,196608,65536,29,4,1,ikj,0.186743,22.46030106,0,true,20260809
llm,128,128,128,196608,65536,29,5,0,ikj,0.18539,22.62421921,0,true,20260809
llm,128,128,128,196608,65536,29,5,1,kij,0.157278,26.6680909,0,true,20260809
llm,128,128,128,196608,65536,29,6,0,kij,0.157719,26.59352393,0,true,20260809
llm,128,128,128,196608,65536,29,6,1,ikj,0.185491,22.61190031,0,true,20260809
llm,128,128,128,196608,65536,29,7,0,kij,0.158019,26.54303596,0,true,20260809
llm,128,128,128,196608,65536,29,7,1,ikj,0.185181,22.64975348,0,true,20260809
llm,128,128,128,196608,65536,29,8,0,ikj,0.185521,22.60824381,0,true,20260809
llm,128,128,128,196608,65536,29,8,1,kij,0.158299,26.49608652,0,true,20260809
llm,128,128,128,196608,65536,29,9,0,kij,0.15863,26.44079934,0,true,20260809
llm,128,128,128,196608,65536,29,9,1,ikj,0.185912,22.56069538,0,true,20260809
llm,128,128,128,196608,65536,29,10,0,ikj,0.185341,22.63020055,0,true,20260809
llm,128,128,128,196608,65536,29,10,1,kij,0.1585,26.4624858,0,true,20260809
llm,128,128,128,196608,65536,29,11,0,ikj,0.186372,22.50501148,0,true,20260809
llm,128,128,128,196608,65536,29,11,1,kij,0.157728,26.59200649,0,true,20260809
llm,128,128,128,196608,65536,29,12,0,ikj,0.185751,22.5802499,0,true,20260809
llm,128,128,128,196608,65536,29,12,1,kij,0.157569,26.61884,0,true,20260809
llm,128,128,128,196608,65536,29,13,0,kij,0.15805,26.5378298,0,true,20260809
llm,128,128,128,196608,65536,29,13,1,ikj,0.185881,22.56445791,0,true,20260809
llm,128,128,128,196608,65536,29,14,0,kij,0.157688,26.59875197,0,true,20260809
llm,128,128,128,196608,65536,29,14,1,ikj,0.182957,22.92508076,0,true,20260809
llm,128,128,128,196608,65536,29,15,0,kij,0.158179,26.51618736,0,true,20260809
llm,128,128,128,196608,65536,29,15,1,ikj,0.18486,22.68908363,0,true,20260809
llm,128,128,128,196608,65536,29,16,0,kij,0.158409,26.47768751,0,true,20260809
llm,128,128,128,196608,65536,29,16,1,ikj,0.185451,22.61677748,0,true,20260809
llm,128,128,128,196608,65536,29,17,0,ikj,0.18516,22.65232232,0,true,20260809
llm,128,128,128,196608,65536,29,17,1,kij,0.15886,26.40251794,0,true,20260809
llm,128,128,128,196608,65536,29,18,0,kij,0.15873,26.42414162,0,true,20260809
llm,128,128,128,196608,65536,29,18,1,ikj,0.18489,22.68540213,0,true,20260809
llm,128,128,128,196608,65536,29,19,0,kij,0.157779,26.58341097,0,true,20260809
llm,128,128,128,196608,65536,29,19,1,ikj,0.18482,22.69399416,0,true,20260809
llm,128,128,128,196608,65536,47,0,0,kij,0.15847,26.46749543,0,true,20260809
llm,128,128,128,196608,65536,47,0,1,ikj,0.185501,22.61068134,0,true,20260809
llm,128,128,128,196608,65536,47,1,0,ikj,0.18547,22.61446056,0,true,20260809
llm,128,128,128,196608,65536,47,1,1,kij,0.15878,26.41582063,0,true,20260809
llm,128,128,128,196608,65536,47,2,0,ikj,0.186232,22.52192964,0,true,20260809
llm,128,128,128,196608,65536,47,2,1,kij,0.157778,26.58357946,0,true,20260809
llm,128,128,128,196608,65536,47,3,0,ikj,0.185821,22.57174377,0,true,20260809
llm,128,128,128,196608,65536,47,3,1,kij,0.157849,26.57162225,0,true,20260809
llm,128,128,128,196608,65536,47,4,0,ikj,0.1853,22.63520777,0,true,20260809
llm,128,128,128,196608,65536,47,4,1,kij,0.157609,26.61208434,0,true,20260809
llm,128,128,128,196608,65536,47,5,0,kij,0.157629,26.60870779,0,true,20260809
llm,128,128,128,196608,65536,47,5,1,ikj,0.18512,22.65721694,0,true,20260809
llm,128,128,128,196608,65536,47,6,0,ikj,0.18488,22.68662916,0,true,20260809
llm,128,128,128,196608,65536,47,6,1,kij,0.157439,26.64081962,0,true,20260809
llm,128,128,128,196608,65536,47,7,0,kij,0.157408,26.64606627,0,true,20260809
llm,128,128,128,196608,65536,47,7,1,ikj,0.186111,22.53657226,0,true,20260809
llm,128,128,128,196608,65536,47,8,0,kij,0.157659,26.60364457,0,true,20260809
llm,128,128,128,196608,65536,47,8,1,ikj,0.185742,22.58134401,0,true,20260809
llm,128,128,128,196608,65536,47,9,0,kij,0.158801,26.41232738,0,true,20260809
llm,128,128,128,196608,65536,47,9,1,ikj,0.184809,22.69534492,0,true,20260809
llm,128,128,128,196608,65536,47,10,0,kij,0.157929,26.55816221,0,true,20260809
llm,128,128,128,196608,65536,47,10,1,ikj,0.185851,22.56810025,0,true,20260809
llm,128,128,128,196608,65536,47,11,0,kij,0.157258,26.67148253,0,true,20260809
llm,128,128,128,196608,65536,47,11,1,ikj,0.192331,21.8077377,0,true,20260809
llm,128,128,128,196608,65536,47,12,0,ikj,0.185891,22.56324405,0,true,20260809
llm,128,128,128,196608,65536,47,12,1,kij,0.157018,26.71224955,0,true,20260809
llm,128,128,128,196608,65536,47,13,0,ikj,0.18547,22.61446056,0,true,20260809
llm,128,128,128,196608,65536,47,13,1,kij,0.157408,26.64606627,0,true,20260809
llm,128,128,128,196608,65536,47,14,0,ikj,0.18505,22.66578762,0,true,20260809
llm,128,128,128,196608,65536,47,14,1,kij,0.157608,26.61225319,0,true,20260809
llm,128,128,128,196608,65536,47,15,0,ikj,0.18466,22.71365753,0,true,20260809
llm,128,128,128,196608,65536,47,15,1,kij,0.158029,26.54135633,0,true,20260809
llm,128,128,128,196608,65536,47,16,0,kij,0.156738,26.75996887,0,true,20260809
llm,128,128,128,196608,65536,47,16,1,ikj,0.186492,22.49053042,0,true,20260809
llm,128,128,128,196608,65536,47,17,0,kij,0.157728,26.59200649,0,true,20260809
llm,128,128,128,196608,65536,47,17,1,ikj,0.186513,22.48799816,0,true,20260809
llm,128,128,128,196608,65536,47,18,0,kij,0.157798,26.58021014,0,true,20260809
llm,128,128,128,196608,65536,47,18,1,ikj,0.185,22.67191351,0,true,20260809
llm,128,128,128,196608,65536,47,19,0,kij,0.157699,26.59689662,0,true,20260809
llm,128,128,128,196608,65536,47,19,1,ikj,0.18514,22.65476936,0,true,20260809
llm,128,128,512,589824,65536,11,0,0,ikj,0.750476,22.35543309,0,true,20260809
llm,128,128,512,589824,65536,11,0,1,kij,0.650164,25.80459084,0,true,20260809
llm,128,128,512,589824,65536,11,1,0,kij,0.650244,25.80141608,0,true,20260809
llm,128,128,512,589824,65536,11,1,1,ikj,0.739429,22.68942116,0,true,20260809
llm,128,128,512,589824,65536,11,2,0,ikj,0.737716,22.74210672,0,true,20260809
llm,128,128,512,589824,65536,11,2,1,kij,0.649974,25.81213402,0,true,20260809
llm,128,128,512,589824,65536,11,3,0,ikj,0.741102,22.63820095,0,true,20260809
llm,128,128,512,589824,65536,11,3,1,kij,0.649303,25.83880869,0,true,20260809
llm,128,128,512,589824,65536,11,4,0,kij,0.648942,25.85318256,0,true,20260809
llm,128,128,512,589824,65536,11,4,1,ikj,0.741051,22.63975894,0,true,20260809
llm,128,128,512,589824,65536,11,5,0,ikj,0.735884,22.79872371,0,true,20260809
llm,128,128,512,589824,65536,11,5,1,kij,0.655772,25.58391636,0,true,20260809
llm,128,128,512,589824,65536,11,6,0,kij,0.649744,25.82127115,0,true,20260809
llm,128,128,512,589824,65536,11,6,1,ikj,0.741102,22.63820095,0,true,20260809
llm,128,128,512,589824,65536,11,7,0,ikj,0.736695,22.77362545,0,true,20260809
llm,128,128,512,589824,65536,11,7,1,kij,0.651005,25.77125521,0,true,20260809
llm,128,128,512,589824,65536,11,8,0,kij,0.648141,25.88513302,0,true,20260809
llm,128,128,512,589824,65536,11,8,1,ikj,0.742153,22.60614186,0,true,20260809
llm,128,128,512,589824,65536,11,9,0,ikj,0.737196,22.75814844,0,true,20260809
llm,128,128,512,589824,65536,11,9,1,kij,0.648631,25.86557843,0,true,20260809
llm,128,128,512,589824,65536,11,10,0,kij,0.649313,25.83841075,0,true,20260809
llm,128,128,512,589824,65536,11,10,1,ikj,0.737095,22.76126687,0,true,20260809
llm,128,128,512,589824,65536,11,11,0,kij,0.684005,24.52791427,0,true,20260809
llm,128,128,512,589824,65536,11,11,1,ikj,0.737697,22.74269246,0,true,20260809
llm,128,128,512,589824,65536,11,12,0,kij,0.649704,25.82286087,0,true,20260809
llm,128,128,512,589824,65536,11,12,1,ikj,0.74042,22.65905297,0,true,20260809
llm,128,128,512,589824,65536,11,13,0,ikj,0.738348,22.72264027,0,true,20260809
llm,128,128,512,589824,65536,11,13,1,kij,0.654271,25.64260987,0,true,20260809
llm,128,128,512,589824,65536,11,14,0,kij,0.649503,25.83085221,0,true,20260809
llm,128,128,512,589824,65536,11,14,1,ikj,0.736956,22.76555995,0,true,20260809
llm,128,128,512,589824,65536,11,15,0,ikj,0.735373,22.81456621,0,true,20260809
llm,128,128,512,589824,65536,11,15,1,kij,0.64755,25.90875762,0,true,20260809
llm,128,128,512,589824,65536,11,16,0,ikj,0.73349,22.87313528,0,true,20260809
llm,128,128,512,589824,65536,11,16,1,kij,0.649152,25.84481909,0,true,20260809
llm,128,128,512,589824,65536,11,17,0,kij,0.648692,25.86314615,0,true,20260809
llm,128,128,512,589824,65536,11,17,1,ikj,0.737365,22.7529324,0,true,20260809
llm,128,128,512,589824,65536,11,18,0,ikj,0.736625,22.77578958,0,true,20260809
llm,128,128,512,589824,65536,11,18,1,kij,0.649773,25.82011872,0,true,20260809
llm,128,128,512,589824,65536,11,19,0,kij,0.651556,25.74946129,0,true,20260809
llm,128,128,512,589824,65536,11,19,1,ikj,0.732108,22.91631289,0,true,20260809
llm,128,128,512,589824,65536,29,0,0,kij,0.650705,25.78313675,0,true,20260809
llm,128,128,512,589824,65536,29,0,1,ikj,0.735313,22.81642783,0,true,20260809
llm,128,128,512,589824,65536,29,1,0,kij,0.649904,25.8149142,0,true,20260809
llm,128,128,512,589824,65536,29,1,1,ikj,0.735182,22.82049343,0,true,20260809
llm,128,128,512,589824,65536,29,2,0,kij,0.651587,25.74823623,0,true,20260809
llm,128,128,512,589824,65536,29,2,1,ikj,0.734392,22.84504188,0,true,20260809
llm,128,128,512,589824,65536,29,3,0,kij,0.648701,25.86278732,0,true,20260809
llm,128,128,512,589824,65536,29,3,1,ikj,0.736455,22.78104704,0,true,20260809
llm,128,128,512,589824,65536,29,4,0,kij,0.646158,25.96457213,0,true,20260809
llm,128,128,512,589824,65536,29,4,1,ikj,0.743926,22.55226461,0,true,20260809
llm,128,128,512,589824,65536,29,5,0,ikj,0.739479,22.68788701,0,true,20260809
llm,128,128,512,589824,65536,29,5,1,kij,0.649493,25.83124991,0,true,20260809
llm,128,128,512,589824,65536,29,6,0,kij,0.649543,25.8292615,0,true,20260809
llm,128,128,512,589824,65536,29,6,1,ikj,0.739659,22.68236579,0,true,20260809
llm,128,128,512,589824,65536,29,7,0,kij,0.648231,25.88153914,0,true,20260809
llm,128,128,512,589824,65536,29,7,1,ikj,0.742574,22.59332538,0,true,20260809
llm,128,128,512,589824,65536,29,8,0,kij,0.6474,25.91476058,0,true,20260809
llm,128,128,512,589824,65536,29,8,1,ikj,0.740331,22.66177696,0,true,20260809
llm,128,128,512,589824,65536,29,9,0,kij,0.649163,25.84438115,0,true,20260809
llm,128,128,512,589824,65536,29,9,1,ikj,0.736725,22.77269809,0,true,20260809
llm,128,128,512,589824,65536,29,10,0,ikj,0.738077,22.73098335,0,true,20260809
llm,128,128,512,589824,65536,29,10,1,kij,0.649744,25.82127115,0,true,20260809
llm,128,128,512,589824,65536,29,11,0,kij,0.648331,25.87754712,0,true,20260809
llm,128,128,512,589824,65536,29,11,1,ikj,0.739539,22.68604631,0,true,20260809
llm,128,128,512,589824,65536,29,12,0,kij,0.649443,25.83323864,0,true,20260809
llm,128,128,512,589824,65536,29,12,1,ikj,0.744857,22.52407643,0,true,20260809
llm,128,128,512,589824,65536,29,13,0,ikj,0.735092,22.82328743,0,true,20260809
llm,128,128,512,589824,65536,29,13,1,kij,0.649453,25.83284087,0,true,20260809
llm,128,128,512,589824,65536,29,14,0,ikj,0.740601,22.65351519,0,true,20260809
llm,128,128,512,589824,65536,29,14,1,kij,0.650795,25.77957114,0,true,20260809
llm,128,128,512,589824,65536,29,15,0,ikj,0.737416,22.7513588,0,true,20260809
llm,128,128,512,589824,65536,29,15,1,kij,0.651106,25.76725756,0,true,20260809
llm,128,128,512,589824,65536,29,16,0,kij,0.64779,25.89915868,0,true,20260809
llm,128,128,512,589824,65536,29,16,1,ikj,0.74002,22.67130078,0,true,20260809
llm,128,128,512,589824,65536,29,17,0,kij,0.648201,25.88273699,0,true,20260809
llm,128,128,512,589824,65536,29,17,1,ikj,0.736284,22.78633788,0,true,20260809
llm,128,128,512,589824,65536,29,18,0,kij,0.652247,25.72218193,0,true,20260809
llm,128,128,512,589824,65536,29,18,1,ikj,0.734732,22.83447026,0,true,20260809
llm,128,128,512,589824,65536,29,19,0,ikj,0.739098,22.69958246,0,true,20260809
llm,128,128,512,589824,65536,29,19,1,kij,0.650345,25.79740907,0,true,20260809
llm,128,128,512,589824,65536,47,0,0,ikj,0.739228,22.69559053,0,true,20260809
llm,128,128,512,589824,65536,47,0,1,kij,0.648492,25.87112254,0,true,20260809
llm,128,128,512,589824,65536,47,1,0,ikj,0.746269,22.4814591,0,true,20260809
llm,128,128,512,589824,65536,47,1,1,kij,0.648551,25.86876899,0,true,20260809
llm,128,128,512,589824,65536,47,2,0,ikj,0.734301,22.84787301,0,true,20260809
llm,128,128,512,589824,65536,47,2,1,kij,0.649283,25.83960461,0,true,20260809
llm,128,128,512,589824,65536,47,3,0,kij,0.649122,25.84601354,0,true,20260809
llm,128,128,512,589824,65536,47,3,1,ikj,0.743485,22.56564154,0,true,20260809
llm,128,128,512,589824,65536,47,4,0,kij,0.649873,25.81614562,0,true,20260809
llm,128,128,512,589824,65536,47,4,1,ikj,0.74016,22.66701254,0,true,20260809
llm,128,128,512,589824,65536,47,5,0,kij,0.649363,25.83642123,0,true,20260809
llm,128,128,512,589824,65536,47,5,1,ikj,0.743435,22.5671592,0,true,20260809
llm,128,128,512,589824,65536,47,6,0,kij,0.649172,25.84402285,0,true,20260809
llm,128,128,512,589824,65536,47,6,1,ikj,0.743706,22.55893592,0,true,20260809
llm,128,128,512,589824,65536,47,7,0,ikj,0.742514,22.59515107,0,true,20260809
llm,128,128,512,589824,65536,47,7,1,kij,0.6474,25.91476058,0,true,20260809
llm,128,128,512,589824,65536,47,8,0,kij,0.648011,25.89032594,0,true,20260809
llm,128,128,512,589824,65536,47,8,1,ikj,0.743085,22.57778854,0,true,20260809
llm,128,128,512,589824,65536,47,9,0,ikj,0.743495,22.56533803,0,true,20260809
llm,128,128,512,589824,65536,47,9,1,kij,0.648792,25.85915979,0,true,20260809
llm,128,128,512,589824,65536,47,10,0,kij,0.648041,25.88912739,0,true,20260809
llm,128,128,512,589824,65536,47,10,1,ikj,0.737036,22.76308891,0,true,20260809
llm,128,128,512,589824,65536,47,11,0,kij,0.647801,25.8987189,0,true,20260809
llm,128,128,512,589824,65536,47,11,1,ikj,0.737336,22.75382729,0,true,20260809
llm,128,128,512,589824,65536,47,12,0,ikj,0.735704,22.80430173,0,true,20260809
llm,128,128,512,589824,65536,47,12,1,kij,0.649392,25.83526745,0,true,20260809
llm,128,128,512,589824,65536,47,13,0,kij,0.648211,25.8823377,0,true,20260809
llm,128,128,512,589824,65536,47,13,1,ikj,0.740411,22.6593284,0,true,20260809
llm,128,128,512,589824,65536,47,14,0,kij,0.650434,25.79387916,0,true,20260809
llm,128,128,512,589824,65536,47,14,1,ikj,0.742624,22.5918042,0,true,20260809
llm,128,128,512,589824,65536,47,15,0,ikj,0.737536,22.74765706,0,true,20260809
llm,128,128,512,589824,65536,47,15,1,kij,0.649613,25.82647823,0,true,20260809
llm,128,128,512,589824,65536,47,16,0,kij,0.649553,25.82886385,0,true,20260809
llm,128,128,512,589824,65536,47,16,1,ikj,0.734201,22.85098495,0,true,20260809
llm,128,128,512,589824,65536,47,17,0,ikj,0.747792,22.43567195,0,true,20260809
llm,128,128,512,589824,65536,47,17,1,kij,0.648932,25.85358096,0,true,20260809
llm,128,128,512,589824,65536,47,18,0,kij,0.650093,25.80740909,0,true,20260809
llm,128,128,512,589824,65536,47,18,1,ikj,0.739069,22.70047316,0,true,20260809
llm,128,128,512,589824,65536,47,19,0,ikj,0.748412,22.41708578,0,true,20260809
llm,128,128,512,589824,65536,47,19,1,kij,0.653389,25.67722444,0,true,20260809
llm,128,128,2048,2162688,65536,11,0,0,ikj,2.984016,22.4894451,0,true,20260809
llm,128,128,2048,2162688,65536,11,0,1,kij,2.504771,26.79241496,0,true,20260809
llm,128,128,2048,2162688,65536,11,1,0,kij,2.513104,26.70357614,0,true,20260809
llm,128,128,2048,2162688,65536,11,1,1,ikj,2.979009,22.52724446,0,true,20260809
llm,128,128,2048,2162688,65536,11,2,0,kij,2.504731,26.79284282,0,true,20260809
llm,128,128,2048,2162688,65536,11,2,1,ikj,2.978298,22.53262232,0,true,20260809
llm,128,128,2048,2162688,65536,11,3,0,kij,2.526615,26.56077954,0,true,20260809
llm,128,128,2048,2162688,65536,11,3,1,ikj,3.000311,22.36730259,0,true,20260809
llm,128,128,2048,2162688,65536,11,4,0,kij,2.505292,26.78684321,0,true,20260809
llm,128,128,2048,2162688,65536,11,4,1,ikj,2.988773,22.45365038,0,true,20260809
llm,128,128,2048,2162688,65536,11,5,0,kij,2.514696,26.68667068,0,true,20260809
llm,128,128,2048,2162688,65536,11,5,1,ikj,2.988002,22.45944414,0,true,20260809
llm,128,128,2048,2162688,65536,11,6,0,kij,2.569169,26.12084452,0,true,20260809
llm,128,128,2048,2162688,65536,11,6,1,ikj,2.983095,22.49638848,0,true,20260809
llm,128,128,2048,2162688,65536,11,7,0,ikj,2.986841,22.46817423,0,true,20260809
llm,128,128,2048,2162688,65536,11,7,1,kij,2.50415,26.79905916,0,true,20260809
llm,128,128,2048,2162688,65536,11,8,0,kij,2.513064,26.70400117,0,true,20260809
llm,128,128,2048,2162688,65536,11,8,1,ikj,2.98682,22.46833221,0,true,20260809
llm,128,128,2048,2162688,65536,11,9,0,kij,2.507194,26.76652226,0,true,20260809
llm,128,128,2048,2162688,65536,11,9,1,ikj,2.968773,22.6049159,0,true,20260809
llm,128,128,2048,2162688,65536,11,10,0,ikj,2.990416,22.44131385,0,true,20260809
llm,128,128,2048,2162688,65536,11,10,1,kij,2.506364,26.77538618,0,true,20260809
llm,128,128,2048,2162688,65536,11,11,0,ikj,2.99993,22.3701433,0,true,20260809
llm,128,128,2048,2162688,65536,11,11,1,kij,2.511181,26.72402507,0,true,20260809
llm,128,128,2048,2162688,65536,11,12,0,kij,2.506353,26.77550369,0,true,20260809
llm,128,128,2048,2162688,65536,11,12,1,ikj,2.975243,22.55575897,0,true,20260809
llm,128,128,2048,2162688,65536,11,13,0,kij,2.513764,26.69656499,0,true,20260809
llm,128,128,2048,2162688,65536,11,13,1,ikj,2.981382,22.50931414,0,true,20260809
llm,128,128,2048,2162688,65536,11,14,0,kij,2.502077,26.8212625,0,true,20260809
llm,128,128,2048,2162688,65536,11,14,1,ikj,2.987752,22.46132343,0,true,20260809
llm,128,128,2048,2162688,65536,11,15,0,ikj,2.964016,22.64119492,0,true,20260809
llm,128,128,2048,2162688,65536,11,15,1,kij,2.504841,26.79166622,0,true,20260809
llm,128,128,2048,2162688,65536,11,16,0,kij,2.516729,26.66511333,0,true,20260809
llm,128,128,2048,2162688,65536,11,16,1,ikj,2.979439,22.52399328,0,true,20260809
llm,128,128,2048,2162688,65536,11,17,0,kij,2.506764,26.77111367,0,true,20260809
llm,128,128,2048,2162688,65536,11,17,1,ikj,2.986339,22.47195111,0,true,20260809
llm,128,128,2048,2162688,65536,11,18,0,kij,2.512112,26.71412103,0,true,20260809
llm,128,128,2048,2162688,65536,11,18,1,ikj,2.971367,22.58518184,0,true,20260809
llm,128,128,2048,2162688,65536,11,19,0,kij,2.509057,26.74664784,0,true,20260809
llm,128,128,2048,2162688,65536,11,19,1,ikj,2.96688,22.61933883,0,true,20260809
llm,128,128,2048,2162688,65536,29,0,0,kij,2.507535,26.76288227,0,true,20260809
llm,128,128,2048,2162688,65536,29,0,1,ikj,2.978628,22.53012595,0,true,20260809
llm,128,128,2048,2162688,65536,29,1,0,kij,2.51063,26.72989011,0,true,20260809
llm,128,128,2048,2162688,65536,29,1,1,ikj,2.964106,22.64050746,0,true,20260809
llm,128,128,2048,2162688,65536,29,2,0,kij,2.509138,26.74578441,0,true,20260809
llm,128,128,2048,2162688,65536,29,2,1,ikj,2.972719,22.57491004,0,true,20260809
llm,128,128,2048,2162688,65536,29,3,0,kij,2.506654,26.77228848,0,true,20260809
llm,128,128,2048,2162688,65536,29,3,1,ikj,2.972719,22.57491004,0,true,20260809
llm,128,128,2048,2162688,65536,29,4,0,ikj,2.954341,22.71534126,0,true,20260809
llm,128,128,2048,2162688,65536,29,4,1,kij,2.505392,26.78577404,0,true,20260809
llm,128,128,2048,2162688,65536,29,5,0,kij,2.504621,26.79401953,0,true,20260809
llm,128,128,2048,2162688,65536,29,5,1,ikj,2.979399,22.52429567,0,true,20260809
llm,128,128,2048,2162688,65536,29,6,0,kij,2.516239,26.67030596,0,true,20260809
llm,128,128,2048,2162688,65536,29,6,1,ikj,2.978027,22.53467279,0,true,20260809
llm,128,128,2048,2162688,65536,29,7,0,ikj,2.983856,22.49065102,0,true,20260809
llm,128,128,2048,2162688,65536,29,7,1,kij,2.512242,26.71273866,0,true,20260809
llm,128,128,2048,2162688,65536,29,8,0,ikj,2.979429,22.52406887,0,true,20260809
llm,128,128,2048,2162688,65536,29,8,1,kij,2.515527,26.67785478,0,true,20260809
llm,128,128,2048,2162688,65536,29,9,0,kij,2.512032,26.71497178,0,true,20260809
llm,128,128,2048,2162688,65536,29,9,1,ikj,2.985088,22.48136872,0,true,20260809
llm,128,128,2048,2162688,65536,29,10,0,ikj,2.970025,22.59538691,0,true,20260809
llm,128,128,2048,2162688,65536,29,10,1,kij,2.512663,26.70826291,0,true,20260809
llm,128,128,2048,2162688,65536,29,11,0,ikj,2.973701,22.56745517,0,true,20260809
llm,128,128,2048,2162688,65536,29,11,1,kij,2.503879,26.80195968,0,true,20260809
llm,128,128,2048,2162688,65536,29,12,0,kij,2.5506,26.31101074,0,true,20260809
llm,128,128,2048,2162688,65536,29,12,1,ikj,2.976575,22.5456654,0,true,20260809
llm,128,128,2048,2162688,65536,29,13,0,kij,2.509909,26.73756857,0,true,20260809
llm,128,128,2048,2162688,65536,29,13,1,ikj,2.984317,22.4871768,0,true,20260809
llm,128,128,2048,2162688,65536,29,14,0,ikj,2.977046,22.54209844,0,true,20260809
llm,128,128,2048,2162688,65536,29,14,1,kij,2.512843,26.70634974,0,true,20260809
llm,128,128,2048,2162688,65536,29,15,0,kij,2.512593,26.70900699,0,true,20260809
llm,128,128,2048,2162688,65536,29,15,1,ikj,2.989254,22.45003737,0,true,20260809
llm,128,128,2048,2162688,65536,29,16,0,ikj,2.968082,22.61017856,0,true,20260809
llm,128,128,2048,2162688,65536,29,16,1,kij,2.507245,26.7659778,0,true,20260809
llm,128,128,2048,2162688,65536,29,17,0,ikj,2.98668,22.4693854,0,true,20260809
llm,128,128,2048,2162688,65536,29,17,1,kij,2.561818,26.19579689,0,true,20260809
llm,128,128,2048,2162688,65536,29,18,0,kij,2.508877,26.74856679,0,true,20260809
llm,128,128,2048,2162688,65536,29,18,1,ikj,2.972649,22.57544163,0,true,20260809
llm,128,128,2048,2162688,65536,29,19,0,ikj,2.974382,22.56228823,0,true,20260809
llm,128,128,2048,2162688,65536,29,19,1,kij,2.505282,26.78695013,0,true,20260809
llm,128,128,2048,2162688,65536,47,0,0,ikj,2.980601,22.5152122,0,true,20260809
llm,128,128,2048,2162688,65536,47,0,1,kij,2.506433,26.77464907,0,true,20260809
llm,128,128,2048,2162688,65536,47,1,0,kij,2.517,26.66224235,0,true,20260809
llm,128,128,2048,2162688,65536,47,1,1,ikj,2.978698,22.52959649,0,true,20260809
llm,128,128,2048,2162688,65536,47,2,0,kij,2.506534,26.7735702,0,true,20260809
llm,128,128,2048,2162688,65536,47,2,1,ikj,2.967982,22.61094036,0,true,20260809
llm,128,128,2048,2162688,65536,47,3,0,ikj,2.976685,22.54483225,0,true,20260809
llm,128,128,2048,2162688,65536,47,3,1,kij,2.508657,26.75091254,0,true,20260809
llm,128,128,2048,2162688,65536,47,4,0,kij,2.506613,26.77272638,0,true,20260809
llm,128,128,2048,2162688,65536,47,4,1,ikj,2.974001,22.56517869,0,true,20260809
llm,128,128,2048,2162688,65536,47,5,0,ikj,2.975273,22.55553154,0,true,20260809
llm,128,128,2048,2162688,65536,47,5,1,kij,2.507725,26.76085456,0,true,20260809
llm,128,128,2048,2162688,65536,47,6,0,ikj,2.988513,22.45560384,0,true,20260809
llm,128,128,2048,2162688,65536,47,6,1,kij,2.510309,26.73330813,0,true,20260809
llm,128,128,2048,2162688,65536,47,7,0,ikj,2.971938,22.58084253,0,true,20260809
llm,128,128,2048,2162688,65536,47,7,1,kij,2.508537,26.75219221,0,true,20260809
llm,128,128,2048,2162688,65536,47,8,0,ikj,2.975273,22.55553154,0,true,20260809
llm,128,128,2048,2162688,65536,47,8,1,kij,2.509718,26.73960341,0,true,20260809
llm,128,128,2048,2162688,65536,47,9,0,ikj,2.970917,22.58860278,0,true,20260809
llm,128,128,2048,2162688,65536,47,9,1,kij,2.511691,26.71859874,0,true,20260809
llm,128,128,2048,2162688,65536,47,10,0,ikj,2.967791,22.61239555,0,true,20260809
llm,128,128,2048,2162688,65536,47,10,1,kij,2.509599,26.74087135,0,true,20260809
llm,128,128,2048,2162688,65536,47,11,0,ikj,2.972839,22.57399879,0,true,20260809
llm,128,128,2048,2162688,65536,47,11,1,kij,2.511131,26.72455718,0,true,20260809
llm,128,128,2048,2162688,65536,47,12,0,ikj,2.964377,22.63843769,0,true,20260809
llm,128,128,2048,2162688,65536,47,12,1,kij,2.50411,26.79948724,0,true,20260809
llm,128,128,2048,2162688,65536,47,13,0,ikj,2.98629,22.47231983,0,true,20260809
llm,128,128,2048,2162688,65536,47,13,1,kij,2.513374,26.7007075,0,true,20260809
llm,128,128,2048,2162688,65536,47,14,0,kij,2.506464,26.77431792,0,true,20260809
llm,128,128,2048,2162688,65536,47,14,1,ikj,2.97287,22.5737634,0,true,20260809
llm,128,128,2048,2162688,65536,47,15,0,ikj,2.965568,22.62934588,0,true,20260809
llm,128,128,2048,2162688,65536,47,15,1,kij,2.504801,26.79209406,0,true,20260809
llm,128,128,2048,2162688,65536,47,16,0,ikj,2.983235,22.49533275,0,true,20260809
llm,128,128,2048,2162688,65536,47,16,1,kij,2.508997,26.74728746,0,true,20260809
llm,128,128,2048,2162688,65536,47,17,0,kij,2.505612,26.78342217,0,true,20260809
llm,128,128,2048,2162688,65536,47,17,1,ikj,2.979319,22.52490049,0,true,20260809
llm,128,128,2048,2162688,65536,47,18,0,kij,2.511271,26.72306732,0,true,20260809
llm,128,128,2048,2162688,65536,47,18,1,ikj,2.97262,22.57566187,0,true,20260809
llm,128,128,2048,2162688,65536,47,19,0,kij,2.504541,26.79487539,0,true,20260809
llm,128,128,2048,2162688,65536,47,19,1,ikj,2.991638,22.4321472,0,true,20260809
llm,128,128,8192,8454144,65536,11,0,0,kij,7.763329,34.57736443,0,true,20260809
llm,128,128,8192,8454144,65536,11,0,1,ikj,6.956219,38.58927616,0,true,20260809
llm,128,128,8192,8454144,65536,11,1,0,ikj,6.854665,39.16098832,0,true,20260809
llm,128,128,8192,8454144,65536,11,1,1,kij,7.753054,34.62318926,0,true,20260809
llm,128,128,8192,8454144,65536,11,2,0,kij,7.760065,34.59190819,0,true,20260809
llm,128,128,8192,8454144,65536,11,2,1,ikj,6.909127,38.85229726,0,true,20260809
llm,128,128,8192,8454144,65536,11,3,0,kij,7.753014,34.62336789,0,true,20260809
llm,128,128,8192,8454144,65536,11,3,1,ikj,6.864579,39.10443102,0,true,20260809
llm,128,128,8192,8454144,65536,11,4,0,kij,7.763139,34.5782107,0,true,20260809
llm,128,128,8192,8454144,65536,11,4,1,ikj,6.860163,39.12960319,0,true,20260809
llm,128,128,8192,8454144,65536,11,5,0,kij,7.748667,34.64279159,0,true,20260809
llm,128,128,8192,8454144,65536,11,5,1,ikj,6.859101,39.13566166,0,true,20260809
llm,128,128,8192,8454144,65536,11,6,0,ikj,6.854604,39.16133682,0,true,20260809
llm,128,128,8192,8454144,65536,11,6,1,kij,7.757631,34.60276159,0,true,20260809
llm,128,128,8192,8454144,65536,11,7,0,ikj,6.880494,39.0139801,0,true,20260809
llm,128,128,8192,8454144,65536,11,7,1,kij,7.749939,34.63710566,0,true,20260809
llm,128,128,8192,8454144,65536,11,8,0,ikj,6.85848,39.13920519,0,true,20260809
llm,128,128,8192,8454144,65536,11,8,1,kij,7.753335,34.62193443,0,true,20260809
llm,128,128,8192,8454144,65536,11,9,0,ikj,6.850499,39.18480333,0,true,20260809
llm,128,128,8192,8454144,65536,11,9,1,kij,7.751972,34.62802188,0,true,20260809
llm,128,128,8192,8454144,65536,11,10,0,ikj,6.856137,39.15258053,0,true,20260809
llm,128,128,8192,8454144,65536,11,10,1,kij,7.761376,34.58606515,0,true,20260809
llm,128,128,8192,8454144,65536,11,11,0,kij,7.802018,34.40590063,0,true,20260809
llm,128,128,8192,8454144,65536,11,11,1,ikj,6.869287,39.07763004,0,true,20260809
llm,128,128,8192,8454144,65536,11,12,0,kij,7.762158,34.58258077,0,true,20260809
llm,128,128,8192,8454144,65536,11,12,1,ikj,6.853462,39.16786232,0,true,20260809
llm,128,128,8192,8454144,65536,11,13,0,ikj,6.859352,39.13422959,0,true,20260809
llm,128,128,8192,8454144,65536,11,13,1,kij,7.84866,34.2014377,0,true,20260809
llm,128,128,8192,8454144,65536,11,14,0,kij,7.762849,34.57950245,0,true,20260809
llm,128,128,8192,8454144,65536,11,14,1,ikj,6.85839,39.1397188,0,true,20260809
llm,128,128,8192,8454144,65536,11,15,0,kij,7.760836,34.58847165,0,true,20260809
llm,128,128,8192,8454144,65536,11,15,1,ikj,6.875256,39.04370339,0,true,20260809
llm,128,128,8192,8454144,65536,11,16,0,ikj,6.853523,39.1675137,0,true,20260809
llm,128,128,8192,8454144,65536,11,16,1,kij,7.759394,34.59489955,0,true,20260809
llm,128,128,8192,8454144,65536,11,17,0,ikj,6.85843,39.13949052,0,true,20260809
llm,128,128,8192,8454144,65536,11,17,1,kij,7.771592,34.54060069,0,true,20260809
llm,128,128,8192,8454144,65536,11,18,0,ikj,6.849086,39.19288734,0,true,20260809
llm,128,128,8192,8454144,65536,11,18,1,kij,7.745082,34.65882685,0,true,20260809
llm,128,128,8192,8454144,65536,11,19,0,kij,7.760656,34.5892739,0,true,20260809
llm,128,128,8192,8454144,65536,11,19,1,ikj,6.860183,39.12948911,0,true,20260809
llm,128,128,8192,8454144,65536,29,0,0,kij,7.771061,34.54296086,0,true,20260809
llm,128,128,8192,8454144,65536,29,0,1,ikj,6.862897,39.11401497,0,true,20260809
llm,128,128,8192,8454144,65536,29,1,0,kij,7.792825,34.4464884,0,true,20260809
llm,128,128,8192,8454144,65536,29,1,1,ikj,6.890438,38.95767671,0,true,20260809
llm,128,128,8192,8454144,65536,29,2,0,ikj,6.850889,39.18257266,0,true,20260809
llm,128,128,8192,8454144,65536,29,2,1,kij,7.758052,34.60088383,0,true,20260809
llm,128,128,8192,8454144,65536,29,3,0,ikj,6.850618,39.18412266,0,true,20260809
llm,128,128,8192,8454144,65536,29,3,1,kij,7.754647,34.61607679,0,true,20260809
llm,128,128,8192,8454144,65536,29,4,0,ikj,6.860634,39.12691684,0,true,20260809
llm,128,128,8192,8454144,65536,29,4,1,kij,7.753245,34.62233632,0,true,20260809
llm,128,128,8192,8454144,65536,29,5,0,ikj,6.855325,39.15721808,0,true,20260809
llm,128,128,8192,8454144,65536,29,5,1,kij,7.761688,34.58467488,0,true,20260809
llm,128,128,8192,8454144,65536,29,6,0,kij,7.766073,34.56514715,0,true,20260809
llm,128,128,8192,8454144,65536,29,6,1,ikj,6.844579,39.21869497,0,true,20260809
llm,128,128,8192,8454144,65536,29,7,0,kij,7.749018,34.64122241,0,true,20260809
llm,128,128,8192,8454144,65536,29,7,1,ikj,6.864329,39.10585521,0,true,20260809
llm,128,128,8192,8454144,65536,29,8,0,kij,7.76341,34.57700366,0,true,20260809
llm,128,128,8192,8454144,65536,29,8,1,ikj,6.854204,39.16362221,0,true,20260809
llm,128,128,8192,8454144,65536,29,9,0,kij,7.765854,34.5661219,0,true,20260809
llm,128,128,8192,8454144,65536,29,9,1,ikj,6.911781,38.83737867,0,true,20260809
llm,128,128,8192,8454144,65536,29,10,0,kij,7.753736,34.62014389,0,true,20260809
llm,128,128,8192,8454144,65536,29,10,1,ikj,6.860574,39.12725903,0,true,20260809
llm,128,128,8192,8454144,65536,29,11,0,ikj,6.849747,39.18910523,0,true,20260809
llm,128,128,8192,8454144,65536,29,11,1,kij,7.759695,34.59355761,0,true,20260809
llm,128,128,8192,8454144,65536,29,12,0,kij,7.799364,34.41760841,0,true,20260809
llm,128,128,8192,8454144,65536,29,12,1,ikj,6.853502,39.16763371,0,true,20260809
llm,128,128,8192,8454144,65536,29,13,0,kij,7.758453,34.59909546,0,true,20260809
llm,128,128,8192,8454144,65536,29,13,1,ikj,6.851029,39.18177196,0,true,20260809
llm,128,128,8192,8454144,65536,29,14,0,ikj,6.848425,39.19667018,0,true,20260809
llm,128,128,8192,8454144,65536,29,14,1,kij,7.761347,34.58619438,0,true,20260809
llm,128,128,8192,8454144,65536,29,15,0,kij,7.764141,34.57374821,0,true,20260809
llm,128,128,8192,8454144,65536,29,15,1,ikj,6.853873,39.16551357,0,true,20260809
llm,128,128,8192,8454144,65536,29,16,0,ikj,6.849006,39.19334514,0,true,20260809
llm,128,128,8192,8454144,65536,29,16,1,kij,7.76976,34.54874488,0,true,20260809
llm,128,128,8192,8454144,65536,29,17,0,ikj,6.850908,39.18246399,0,true,20260809
llm,128,128,8192,8454144,65536,29,17,1,kij,7.760535,34.5898132,0,true,20260809
llm,128,128,8192,8454144,65536,29,18,0,ikj,6.849157,39.19248106,0,true,20260809
llm,128,128,8192,8454144,65536,29,18,1,kij,7.806264,34.3871865,0,true,20260809
llm,128,128,8192,8454144,65536,29,19,0,kij,7.765633,34.5671056,0,true,20260809
llm,128,128,8192,8454144,65536,29,19,1,ikj,6.852702,39.17220623,0,true,20260809
llm,128,128,8192,8454144,65536,47,0,0,kij,7.758442,34.59914452,0,true,20260809
llm,128,128,8192,8454144,65536,47,0,1,ikj,6.852061,39.17587073,0,true,20260809
llm,128,128,8192,8454144,65536,47,1,0,ikj,6.853984,39.16487929,0,true,20260809
llm,128,128,8192,8454144,65536,47,1,1,kij,7.765232,34.56889067,0,true,20260809
llm,128,128,8192,8454144,65536,47,2,0,ikj,6.862857,39.11424295,0,true,20260809
llm,128,128,8192,8454144,65536,47,2,1,kij,7.752744,34.6245737,0,true,20260809
llm,128,128,8192,8454144,65536,47,3,0,ikj,6.853973,39.16494214,0,true,20260809
llm,128,128,8192,8454144,65536,47,3,1,kij,7.760125,34.59164073,0,true,20260809
llm,128,128,8192,8454144,65536,47,4,0,kij,7.809079,34.37479068,0,true,20260809
llm,128,128,8192,8454144,65536,47,4,1,ikj,6.862426,39.11669955,0,true,20260809
llm,128,128,8192,8454144,65536,47,5,0,ikj,6.850909,39.18245827,0,true,20260809
llm,128,128,8192,8454144,65536,47,5,1,kij,7.757462,34.60351543,0,true,20260809
llm,128,128,8192,8454144,65536,47,6,0,ikj,6.855436,39.15658406,0,true,20260809
llm,128,128,8192,8454144,65536,47,6,1,kij,7.758573,34.59856033,0,true,20260809
llm,128,128,8192,8454144,65536,47,7,0,kij,7.761086,34.58735749,0,true,20260809
llm,128,128,8192,8454144,65536,47,7,1,ikj,6.853712,39.16643361,0,true,20260809
llm,128,128,8192,8454144,65536,47,8,0,ikj,6.860253,39.12908985,0,true,20260809
llm,128,128,8192,8454144,65536,47,8,1,kij,7.76312,34.57829532,0,true,20260809
llm,128,128,8192,8454144,65536,47,9,0,ikj,6.858821,39.1372593,0,true,20260809
llm,128,128,8192,8454144,65536,47,9,1,kij,7.75657,34.60749481,0,true,20260809
llm,128,128,8192,8454144,65536,47,10,0,ikj,6.849677,39.18950572,0,true,20260809
llm,128,128,8192,8454144,65536,47,10,1,kij,7.801948,34.40620932,0,true,20260809
llm,128,128,8192,8454144,65536,47,11,0,kij,7.76309,34.57842895,0,true,20260809
llm,128,128,8192,8454144,65536,47,11,1,ikj,6.860283,39.12891873,0,true,20260809
llm,128,128,8192,8454144,65536,47,12,0,kij,7.758713,34.59793602,0,true,20260809
llm,128,128,8192,8454144,65536,47,12,1,ikj,6.865771,39.09764191,0,true,20260809
llm,128,128,8192,8454144,65536,47,13,0,kij,7.76355,34.57638014,0,true,20260809
llm,128,128,8192,8454144,65536,47,13,1,ikj,6.848295,39.19741425,0,true,20260809
llm,128,128,8192,8454144,65536,47,14,0,kij,7.76328,34.57758267,0,true,20260809
llm,128,128,8192,8454144,65536,47,14,1,ikj,6.883308,38.9980306,0,true,20260809
llm,128,128,8192,8454144,65536,47,15,0,kij,7.757161,34.60485814,0,true,20260809
llm,128,128,8192,8454144,65536,47,15,1,ikj,6.853763,39.16614216,0,true,20260809
llm,128,128,8192,8454144,65536,47,16,0,kij,7.753165,34.62269357,0,true,20260809
llm,128,128,8192,8454144,65536,47,16,1,ikj,6.846933,39.20521144,0,true,20260809
llm,128,128,8192,8454144,65536,47,17,0,kij,7.760635,34.58936749,0,true,20260809
llm,128,128,8192,8454144,65536,47,17,1,ikj,6.859031,39.13606106,0,true,20260809
llm,128,128,8192,8454144,65536,47,18,0,kij,7.759143,34.59601866,0,true,20260809
llm,128,128,8192,8454144,65536,47,18,1,ikj,6.849767,39.18899081,0,true,20260809
llm,128,128,8192,8454144,65536,47,19,0,ikj,6.900554,38.90056595,0,true,20260809
llm,128,128,8192,8454144,65536,47,19,1,kij,7.761968,34.5834273,0,true,20260809
llm,128,128,16384,16842752,65536,11,0,0,ikj,23.74638,22.60853705,0,true,20260809
llm,128,128,16384,16842752,65536,11,0,1,kij,22.383097,23.98555088,0,true,20260809
llm,128,128,16384,16842752,65536,11,1,0,kij,22.41776,23.94846372,0,true,20260809
llm,128,128,16384,16842752,65536,11,1,1,ikj,23.844819,22.51520181,0,true,20260809
llm,128,128,16384,16842752,65536,11,2,0,ikj,23.709464,22.64373889,0,true,20260809
llm,128,128,16384,16842752,65536,11,2,1,kij,22.45779,23.90577666,0,true,20260809
llm,128,128,16384,16842752,65536,11,3,0,kij,22.401395,23.96595891,0,true,20260809
llm,128,128,16384,16842752,65536,11,3,1,ikj,23.6342,22.71584873,0,true,20260809
llm,128,128,16384,16842752,65536,11,4,0,kij,22.377348,23.99171305,0,true,20260809
llm,128,128,16384,16842752,65536,11,4,1,ikj,23.572447,22.77535769,0,true,20260809
llm,128,128,16384,16842752,65536,11,5,0,kij,22.37896,23.98998488,0,true,20260809
llm,128,128,16384,16842752,65536,11,5,1,ikj,23.836616,22.52295007,0,true,20260809
llm,128,128,16384,16842752,65536,11,6,0,kij,22.47105,23.89167004,0,true,20260809
llm,128,128,16384,16842752,65536,11,6,1,ikj,23.667891,22.68351295,0,true,20260809
llm,128,128,16384,16842752,65536,11,7,0,kij,22.384068,23.98451041,0,true,20260809
llm,128,128,16384,16842752,65536,11,7,1,ikj,23.622453,22.72714489,0,true,20260809
llm,128,128,16384,16842752,65536,11,8,0,kij,22.384619,23.98392003,0,true,20260809
llm,128,128,16384,16842752,65536,11,8,1,ikj,23.605186,22.74376961,0,true,20260809
llm,128,128,16384,16842752,65536,11,9,0,ikj,23.603123,22.7457575,0,true,20260809
llm,128,128,16384,16842752,65536,11,9,1,kij,22.372982,23.99639494,0,true,20260809
llm,128,128,16384,16842752,65536,11,10,0,ikj,23.879151,22.48283082,0,true,20260809
llm,128,128,16384,16842752,65536,11,10,1,kij,22.382276,23.98643069,0,true,20260809
llm,128,128,16384,16842752,65536,11,11,0,kij,22.388925,23.97930727,0,true,20260809
llm,128,128,16384,16842752,65536,11,11,1,ikj,23.773922,22.58234514,0,true,20260809
llm,128,128,16384,16842752,65536,11,12,0,ikj,23.582071,22.76606291,0,true,20260809
llm,128,128,16384,16842752,65536,11,12,1,kij,22.404839,23.96227494,0,true,20260809
llm,128,128,16384,16842752,65536,11,13,0,kij,22.393252,23.9746738,0,true,20260809
llm,128,128,16384,16842752,65536,11,13,1,ikj,23.65409,22.69674767,0,true,20260809
llm,128,128,16384,16842752,65536,11,14,0,kij,22.391219,23.97685057,0,true,20260809
llm,128,128,16384,16842752,65536,11,14,1,ikj,23.695023,22.65753918,0,true,20260809
llm,128,128,16384,16842752,65536,11,15,0,kij,22.399171,23.96833847,0,true,20260809
llm,128,128,16384,16842752,65536,11,15,1,ikj,23.803837,22.55396523,0,true,20260809
llm,128,128,16384,16842752,65536,11,16,0,kij,22.386793,23.98159093,0,true,20260809
llm,128,128,16384,16842752,65536,11,16,1,ikj,23.774723,22.58158432,0,true,20260809
llm,128,128,16384,16842752,65536,11,17,0,kij,22.494596,23.86666166,0,true,20260809
llm,128,128,16384,16842752,65536,11,17,1,ikj,23.588341,22.76001148,0,true,20260809
llm,128,128,16384,16842752,65536,11,18,0,kij,22.395646,23.97211101,0,true,20260809
llm,128,128,16384,16842752,65536,11,18,1,ikj,23.638206,22.71199904,0,true,20260809
llm,128,128,16384,16842752,65536,11,19,0,kij,22.489718,23.87183832,0,true,20260809
llm,128,128,16384,16842752,65536,11,19,1,ikj,23.873953,22.48772593,0,true,20260809
llm,128,128,16384,16842752,65536,29,0,0,kij,22.390728,23.97737635,0,true,20260809
llm,128,128,16384,16842752,65536,29,0,1,ikj,23.836596,22.52296897,0,true,20260809
llm,128,128,16384,16842752,65536,29,1,0,ikj,23.668973,22.682476,0,true,20260809
llm,128,128,16384,16842752,65536,29,1,1,kij,22.436418,23.92854831,0,true,20260809
llm,128,128,16384,16842752,65536,29,2,0,kij,22.420163,23.94589691,0,true,20260809
llm,128,128,16384,16842752,65536,29,2,1,ikj,23.56771,22.77993543,0,true,20260809
llm,128,128,16384,16842752,65536,29,3,0,kij,22.386743,23.98164449,0,true,20260809
llm,128,128,16384,16842752,65536,29,3,1,ikj,23.585307,22.76293932,0,true,20260809
llm,128,128,16384,16842752,65536,29,4,0,ikj,23.861404,22.4995525,0,true,20260809
llm,128,128,16384,16842752,65536,29,4,1,kij,22.390368,23.97776187,0,true,20260809
llm,128,128,16384,16842752,65536,29,5,0,ikj,23.630445,22.71945839,0,true,20260809
llm,128,128,16384,16842752,65536,29,5,1,kij,22.397879,23.96972106,0,true,20260809
llm,128,128,16384,16842752,65536,29,6,0,kij,22.382896,23.98576627,0,true,20260809
llm,128,128,16384,16842752,65536,29,6,1,ikj,23.537564,22.80911109,0,true,20260809
llm,128,128,16384,16842752,65536,29,7,0,ikj,23.888455,22.47407428,0,true,20260809
llm,128,128,16384,16842752,65536,29,7,1,kij,22.442107,23.9224825,0,true,20260809
llm,128,128,16384,16842752,65536,29,8,0,kij,22.396737,23.97094327,0,true,20260809
llm,128,128,16384,16842752,65536,29,8,1,ikj,23.716935,22.63660595,0,true,20260809
llm,128,128,16384,16842752,65536,29,9,0,ikj,23.592407,22.75608894,0,true,20260809
llm,128,128,16384,16842752,65536,29,9,1,kij,22.38552,23.9829547,0,true,20260809
llm,128,128,16384,16842752,65536,29,10,0,ikj,23.497433,22.84806651,0,true,20260809
llm,128,128,16384,16842752,65536,29,10,1,kij,22.433202,23.93197868,0,true,20260809
llm,128,128,16384,16842752,65536,29,11,0,kij,22.400123,23.96731982,0,true,20260809
llm,128,128,16384,16842752,65536,29,11,1,ikj,23.730516,22.623651,0,true,20260809
llm,128,128,16384,16842752,65536,29,12,0,ikj,23.397442,22.94570971,0,true,20260809
llm,128,128,16384,16842752,65536,29,12,1,kij,22.388194,23.98009022,0,true,20260809
llm,128,128,16384,16842752,65536,29,13,0,ikj,23.513507,22.83244741,0,true,20260809
llm,128,128,16384,16842752,65536,29,13,1,kij,22.433242,23.93193601,0,true,20260809
llm,128,128,16384,16842752,65536,29,14,0,ikj,23.629263,22.72059488,0,true,20260809
llm,128,128,16384,16842752,65536,29,14,1,kij,22.414725,23.95170639,0,true,20260809
llm,128,128,16384,16842752,65536,29,15,0,kij,22.392131,23.97587402,0,true,20260809
llm,128,128,16384,16842752,65536,29,15,1,ikj,23.583985,22.76421529,0,true,20260809
llm,128,128,16384,16842752,65536,29,16,0,ikj,23.524565,22.82171475,0,true,20260809
llm,128,128,16384,16842752,65536,29,16,1,kij,22.385561,23.98291077,0,true,20260809
llm,128,128,16384,16842752,65536,29,17,0,ikj,23.505235,22.84048264,0,true,20260809
llm,128,128,16384,16842752,65536,29,17,1,kij,22.381885,23.98684972,0,true,20260809
llm,128,128,16384,16842752,65536,29,18,0,ikj,23.686299,22.66588427,0,true,20260809
llm,128,128,16384,16842752,65536,29,18,1,kij,22.370247,23.99932875,0,true,20260809
llm,128,128,16384,16842752,65536,29,19,0,kij,22.465842,23.89720857,0,true,20260809
llm,128,128,16384,16842752,65536,29,19,1,ikj,23.710796,22.64246683,0,true,20260809
llm,128,128,16384,16842752,65536,47,0,0,ikj,23.897689,22.46539036,0,true,20260809
llm,128,128,16384,16842752,65536,47,0,1,kij,22.399351,23.96814586,0,true,20260809
llm,128,128,16384,16842752,65536,47,1,0,ikj,23.553959,22.79323455,0,true,20260809
llm,128,128,16384,16842752,65536,47,1,1,kij,22.392161,23.9758419,0,true,20260809
llm,128,128,16384,16842752,65536,47,2,0,kij,22.39843,23.96913141,0,true,20260809
llm,128,128,16384,16842752,65536,47,2,1,ikj,23.690805,22.66157321,0,true,20260809
llm,128,128,16384,16842752,65536,47,3,0,kij,22.388485,23.97977853,0,true,20260809
llm,128,128,16384,16842752,65536,47,3,1,ikj,23.613138,22.73611038,0,true,20260809
llm,128,128,16384,16842752,65536,47,4,0,ikj,23.714712,22.63872789,0,true,20260809
llm,128,128,16384,16842752,65536,47,4,1,kij,22.378169,23.99083285,0,true,20260809
llm,128,128,16384,16842752,65536,47,5,0,ikj,23.461559,22.88300245,0,true,20260809
llm,128,128,16384,16842752,65536,47,5,1,kij,22.406633,23.96035638,0,true,20260809
llm,128,128,16384,16842752,65536,47,6,0,kij,22.415296,23.95109625,0,true,20260809
llm,128,128,16384,16842752,65536,47,6,1,ikj,23.537353,22.80931556,0,true,20260809
llm,128,128,16384,16842752,65536,47,7,0,ikj,23.793632,22.56363854,0,true,20260809
llm,128,128,16384,16842752,65536,47,7,1,kij,22.420394,23.9456502,0,true,20260809
llm,128,128,16384,16842752,65536,47,8,0,ikj,23.813622,22.54469782,0,true,20260809
llm,128,128,16384,16842752,65536,47,8,1,kij,22.38537,23.9831154,0,true,20260809
llm,128,128,16384,16842752,65536,47,9,0,ikj,23.59392,22.75462967,0,true,20260809
llm,128,128,16384,16842752,65536,47,9,1,kij,22.44461,23.91981469,0,true,20260809
llm,128,128,16384,16842752,65536,47,10,0,kij,22.384528,23.98401753,0,true,20260809
llm,128,128,16384,16842752,65536,47,10,1,ikj,23.715002,22.63845105,0,true,20260809
llm,128,128,16384,16842752,65536,47,11,0,kij,22.386262,23.98215977,0,true,20260809
llm,128,128,16384,16842752,65536,47,11,1,ikj,23.53469,22.81189648,0,true,20260809
llm,128,128,16384,16842752,65536,47,12,0,kij,22.391329,23.97673278,0,true,20260809
llm,128,128,16384,16842752,65536,47,12,1,ikj,23.778289,22.57819778,0,true,20260809
llm,128,128,16384,16842752,65536,47,13,0,ikj,23.778038,22.57843612,0,true,20260809
llm,128,128,16384,16842752,65536,47,13,1,kij,22.418971,23.9471701,0,true,20260809
llm,128,128,16384,16842752,65536,47,14,0,kij,22.377469,23.99158332,0,true,20260809
llm,128,128,16384,16842752,65536,47,14,1,ikj,23.495871,22.84958544,0,true,20260809
llm,128,128,16384,16842752,65536,47,15,0,ikj,23.48856,22.85669756,0,true,20260809
llm,128,128,16384,16842752,65536,47,15,1,kij,22.389757,23.9784162,0,true,20260809
llm,128,128,16384,16842752,65536,47,16,0,kij,22.395876,23.97186482,0,true,20260809
llm,128,128,16384,16842752,65536,47,16,1,ikj,23.600299,22.74847925,0,true,20260809
llm,128,128,16384,16842752,65536,47,17,0,ikj,23.849587,22.51070058,0,true,20260809
llm,128,128,16384,16842752,65536,47,17,1,kij,22.389056,23.97916696,0,true,20260809
llm,128,128,16384,16842752,65536,47,18,0,ikj,23.732058,22.62218102,0,true,20260809
llm,128,128,16384,16842752,65536,47,18,1,kij,22.443608,23.9208826,0,true,20260809
llm,128,128,16384,16842752,65536,47,19,0,kij,22.382426,23.98626994,0,true,20260809
llm,128,128,16384,16842752,65536,47,19,1,ikj,23.630595,22.71931418,0,true,20260809
llm,128,256,128,327680,131072,11,0,0,kij,0.311231,26.95299633,0,true,20260809
llm,128,256,128,327680,131072,11,0,1,ikj,0.370701,22.62904066,0,true,20260809
llm,128,256,128,327680,131072,11,1,0,ikj,0.371613,22.57350523,0,true,20260809
llm,128,256,128,327680,131072,11,1,1,kij,0.312614,26.83375665,0,true,20260809
llm,128,256,128,327680,131072,11,2,0,kij,0.311932,26.89242527,0,true,20260809
llm,128,256,128,327680,131072,11,2,1,ikj,0.371242,22.59606402,0,true,20260809
llm,128,256,128,327680,131072,11,3,0,kij,0.312243,26.8656399,0,true,20260809
llm,128,256,128,327680,131072,11,3,1,ikj,0.370972,22.61250984,0,true,20260809
llm,128,256,128,327680,131072,11,4,0,ikj,0.371222,22.59728141,0,true,20260809
llm,128,256,128,327680,131072,11,4,1,kij,0.311491,26.93049879,0,true,20260809
llm,128,256,128,327680,131072,11,5,0,kij,0.312383,26.85359959,0,true,20260809
llm,128,256,128,327680,131072,11,5,1,ikj,0.373175,22.47901923,0,true,20260809
llm,128,256,128,327680,131072,11,6,0,ikj,0.370201,22.65960384,0,true,20260809
llm,128,256,128,327680,131072,11,6,1,kij,0.313655,26.7446972,0,true,20260809
llm,128,256,128,327680,131072,11,7,0,kij,0.313244,26.77978828,0,true,20260809
llm,128,256,128,327680,131072,11,7,1,ikj,0.377431,22.22554056,0,true,20260809
llm,128,256,128,327680,131072,11,8,0,kij,0.311782,26.90536336,0,true,20260809
llm,128,256,128,327680,131072,11,8,1,ikj,0.37028,22.65476936,0,true,20260809
llm,128,256,128,327680,131072,11,9,0,kij,0.312232,26.86658638,0,true,20260809
llm,128,256,128,327680,131072,11,9,1,ikj,0.368968,22.73532664,0,true,20260809
llm,128,256,128,327680,131072,11,10,0,ikj,0.373435,22.46336846,0,true,20260809
llm,128,256,128,327680,131072,11,10,1,kij,0.311571,26.92358403,0,true,20260809
llm,128,256,128,327680,131072,11,11,0,kij,0.312042,26.88294524,0,true,20260809
llm,128,256,128,327680,131072,11,11,1,ikj,0.372043,22.54741522,0,true,20260809
llm,128,256,128,327680,131072,11,12,0,ikj,0.375949,22.31315418,0,true,20260809
llm,128,256,128,327680,131072,11,12,1,kij,0.311441,26.93482233,0,true,20260809
llm,128,256,128,327680,131072,11,13,0,kij,0.311973,26.88889103,0,true,20260809
llm,128,256,128,327680,131072,11,13,1,ikj,0.36994,22.67559064,0,true,20260809
llm,128,256,128,327680,131072,11,14,0,kij,0.312913,26.80811599,0,true,20260809
llm,128,256,128,327680,131072,11,14,1,ikj,0.371061,22.60708617,0,true,20260809
llm,128,256,128,327680,131072,11,15,0,ikj,0.37037,22.64926425,0,true,20260809
llm,128,256,128,327680,131072,11,15,1,kij,0.312853,26.81325734,0,true,20260809
llm,128,256,128,327680,131072,11,16,0,kij,0.312323,26.8587584,0,true,20260809
llm,128,256,128,327680,131072,11,16,1,ikj,0.377712,22.2090058,0,true,20260809
llm,128,256,128,327680,131072,11,17,0,kij,0.312513,26.84242895,0,true,20260809
llm,128,256,128,327680,131072,11,17,1,ikj,0.3705,22.64131714,0,true,20260809
llm,128,256,128,327680,131072,11,18,0,kij,0.312563,26.83813503,0,true,20260809
llm,128,256,128,327680,131072,11,18,1,ikj,0.374087,22.42421683,0,true,20260809
llm,128,256,128,327680,131072,11,19,0,kij,0.312493,26.84414691,0,true,20260809
llm,128,256,128,327680,131072,11,19,1,ikj,0.371592,22.57478094,0,true,20260809
llm,128,256,128,327680,131072,29,0,0,kij,0.313554,26.75331203,0,true,20260809
llm,128,256,128,327680,131072,29,0,1,ikj,0.373244,22.47486363,0,true,20260809
llm,128,256,128,327680,131072,29,1,0,kij,0.311942,26.89156318,0,true,20260809
llm,128,256,128,327680,131072,29,1,1,ikj,0.372404,22.52555826,0,true,20260809
llm,128,256,128,327680,131072,29,2,0,ikj,0.371092,22.60519763,0,true,20260809
llm,128,256,128,327680,131072,29,2,1,kij,0.312894,26.80974387,0,true,20260809
llm,128,256,128,327680,131072,29,3,0,ikj,0.375018,22.36854764,0,true,20260809
llm,128,256,128,327680,131072,29,3,1,kij,0.311781,26.90544966,0,true,20260809
llm,128,256,128,327680,131072,29,4,0,ikj,0.370571,22.63697915,0,true,20260809
llm,128,256,128,327680,131072,29,4,1,kij,0.312914,26.80803032,0,true,20260809
llm,128,256,128,327680,131072,29,5,0,ikj,0.36978,22.68540213,0,true,20260809
llm,128,256,128,327680,131072,29,5,1,kij,0.312623,26.83298414,0,true,20260809
llm,128,256,128,327680,131072,29,6,0,ikj,0.37001,22.67130078,0,true,20260809
llm,128,256,128,327680,131072,29,6,1,kij,0.313003,26.80040766,0,true,20260809
llm,128,256,128,327680,131072,29,7,0,kij,0.311301,26.9469356,0,true,20260809
llm,128,256,128,327680,131072,29,7,1,ikj,0.375117,22.36264419,0,true,20260809
llm,128,256,128,327680,131072,29,8,0,ikj,0.369619,22.69528352,0,true,20260809
llm,128,256,128,327680,131072,29,8,1,kij,0.314436,26.67826839,0,true,20260809
llm,128,256,128,327680,131072,29,9,0,kij,0.312553,26.83899371,0,true,20260809
llm,128,256,128,327680,131072,29,9,1,ikj,0.371492,22.58085773,0,true,20260809
llm,128,256,128,327680,131072,29,10,0,kij,0.312292,26.86142456,0,true,20260809
llm,128,256,128,327680,131072,29,10,1,ikj,0.37029,22.65415755,0,true,20260809
llm,128,256,128,327680,131072,29,11,0,ikj,0.372203,22.53772269,0,true,20260809
llm,128,256,128,327680,131072,29,11,1,kij,0.311321,26.94520447,0,true,20260809
llm,128,256,128,327680,131072,29,12,0,ikj,0.376009,22.30959365,0,true,20260809
llm,128,256,128,327680,131072,29,12,1,kij,0.311862,26.8984615,0,true,20260809
llm,128,256,128,327680,131072,29,13,0,kij,0.312233,26.86650034,0,true,20260809
llm,128,256,128,327680,131072,29,13,1,ikj,0.373686,22.44828011,0,true,20260809
llm,128,256,128,327680,131072,29,14,0,ikj,0.37034,22.65109899,0,true,20260809
llm,128,256,128,327680,131072,29,14,1,kij,0.312803,26.81754331,0,true,20260809
llm,128,256,128,327680,131072,29,15,0,ikj,0.370882,22.6179971,0,true,20260809
llm,128,256,128,327680,131072,29,15,1,kij,0.312983,26.80212024,0,true,20260809
llm,128,256,128,327680,131072,29,16,0,ikj,0.371372,22.5881542,0,true,20260809
llm,128,256,128,327680,131072,29,16,1,kij,0.311631,26.91840029,0,true,20260809
llm,128,256,128,327680,131072,29,17,0,kij,0.312523,26.84157006,0,true,20260809
llm,128,256,128,327680,131072,29,17,1,ikj,0.369469,22.70449754,0,true,20260809
llm,128,256,128,327680,131072,29,18,0,kij,0.312523,26.84157006,0,true,20260809
llm,128,256,128,327680,131072,29,18,1,ikj,0.371873,22.55772266,0,true,20260809
llm,128,256,128,327680,131072,29,19,0,ikj,0.371712,22.56749311,0,true,20260809
llm,128,256,128,327680,131072,29,19,1,kij,0.312032,26.88380679,0,true,20260809
llm,128,256,128,327680,131072,47,0,0,kij,0.311622,26.91917772,0,true,20260809
llm,128,256,128,327680,131072,47,0,1,ikj,0.371582,22.57538847,0,true,20260809
llm,128,256,128,327680,131072,47,1,0,kij,0.312232,26.86658638,0,true,20260809
llm,128,256,128,327680,131072,47,1,1,ikj,0.368728,22.75012475,0,true,20260809
llm,128,256,128,327680,131072,47,2,0,ikj,0.371452,22.58328936,0,true,20260809
llm,128,256,128,327680,131072,47,2,1,kij,0.311652,26.91658645,0,true,20260809
llm,128,256,128,327680,131072,47,3,0,kij,0.311582,26.92263353,0,true,20260809
llm,128,256,128,327680,131072,47,3,1,ikj,0.378873,22.14094961,0,true,20260809
llm,128,256,128,327680,131072,47,4,0,ikj,0.3704,22.64742981,0,true,20260809
llm,128,256,128,327680,131072,47,4,1,kij,0.313454,26.76184703,0,true,20260809
llm,128,256,128,327680,131072,47,5,0,ikj,0.372263,22.53409015,0,true,20260809
llm,128,256,128,327680,131072,47,5,1,kij,0.312603,26.83470088,0,true,20260809
llm,128,256,128,327680,131072,47,6,0,kij,0.310701,26.99897329,0,true,20260809
llm,128,256,128,327680,131072,47,6,1,ikj,0.372224,22.53645117,0,true,20260809
llm,128,256,128,327680,131072,47,7,0,ikj,0.371422,22.58511343,0,true,20260809
llm,128,256,128,327680,131072,47,7,1,kij,0.313454,26.76184703,0,true,20260809
llm,128,256,128,327680,131072,47,8,0,ikj,0.375549,22.33692008,0,true,20260809
llm,128,256,128,327680,131072,47,8,1,kij,0.312283,26.86219871,0,true,20260809
llm,128,256,128,327680,131072,47,9,0,kij,0.312614,26.83375665,0,true,20260809
llm,128,256,128,327680,131072,47,9,1,ikj,0.372464,22.52192964,0,true,20260809
llm,128,256,128,327680,131072,47,10,0,kij,0.312483,26.84500597,0,true,20260809
llm,128,256,128,327680,131072,47,10,1,ikj,0.370871,22.61866795,0,true,20260809
llm,128,256,128,327680,131072,47,11,0,kij,0.312132,26.87519383,0,true,20260809
llm,128,256,128,327680,131072,47,11,1,ikj,0.374087,22.42421683,0,true,20260809
llm,128,256,128,327680,131072,47,12,0,ikj,0.370141,22.66327697,0,true,20260809
llm,128,256,128,327680,131072,47,12,1,kij,0.319624,26.24523815,0,true,20260809
llm,128,256,128,327680,131072,47,13,0,kij,0.312753,26.82183065,0,true,20260809
llm,128,256,128,327680,131072,47,13,1,ikj,0.370501,22.64125603,0,true,20260809
llm,128,256,128,327680,131072,47,14,0,kij,0.313274,26.77722377,0,true,20260809
llm,128,256,128,327680,131072,47,14,1,ikj,0.372244,22.53524033,0,true,20260809
llm,128,256,128,327680,131072,47,15,0,ikj,0.372173,22.53953941,0,true,20260809
llm,128,256,128,327680,131072,47,15,1,kij,0.311602,26.92090551,0,true,20260809
llm,128,256,128,327680,131072,47,16,0,ikj,0.371653,22.57107571,0,true,20260809
llm,128,256,128,327680,131072,47,16,1,kij,0.311592,26.92176949,0,true,20260809
llm,128,256,128,327680,131072,47,17,0,kij,0.334486,25.07910047,0,true,20260809
llm,128,256,128,327680,131072,47,17,1,ikj,0.372303,22.5316691,0,true,20260809
llm,128,256,128,327680,131072,47,18,0,ikj,0.373485,22.46036119,0,true,20260809
llm,128,256,128,327680,131072,47,18,1,kij,0.312222,26.86744688,0,true,20260809
llm,128,256,128,327680,131072,47,19,0,kij,0.312623,26.83298414,0,true,20260809
llm,128,256,128,327680,131072,47,19,1,ikj,0.370101,22.66572638,0,true,20260809
llm,128,256,512,917504,131072,11,0,0,kij,1.268169,26.45895933,0,true,20260809
llm,128,256,512,917504,131072,11,0,1,ikj,1.483595,22.61697566,0,true,20260809
llm,128,256,512,917504,131072,11,1,0,kij,1.266467,26.49451743,0,true,20260809
llm,128,256,512,917504,131072,11,1,1,ikj,1.481202,22.65351519,0,true,20260809
llm,128,256,512,917504,131072,11,2,0,kij,1.275501,26.30686452,0,true,20260809
llm,128,256,512,917504,131072,11,2,1,ikj,1.468653,22.8470796,0,true,20260809
llm,128,256,512,917504,131072,11,3,0,ikj,1.47369,22.76898941,0,true,20260809
llm,128,256,512,917504,131072,11,3,1,kij,1.269261,26.43619555,0,true,20260809
llm,128,256,512,917504,131072,11,4,0,ikj,1.47323,22.77609878,0,true,20260809
llm,128,256,512,917504,131072,11,4,1,kij,1.27509,26.31534401,0,true,20260809
llm,128,256,512,917504,131072,11,5,0,ikj,1.46714,22.87064084,0,true,20260809
llm,128,256,512,917504,131072,11,5,1,kij,1.267369,26.475661,0,true,20260809
llm,128,256,512,917504,131072,11,6,0,ikj,1.481602,22.64739923,0,true,20260809
llm,128,256,512,917504,131072,11,6,1,kij,1.269371,26.43390467,0,true,20260809
llm,128,256,512,917504,131072,11,7,0,ikj,1.474011,22.76403093,0,true,20260809
llm,128,256,512,917504,131072,11,7,1,kij,1.273126,26.35593963,0,true,20260809
llm,128,256,512,917504,131072,11,8,0,kij,1.271735,26.38476727,0,true,20260809
llm,128,256,512,917504,131072,11,8,1,ikj,1.481182,22.65382107,0,true,20260809
llm,128,256,512,917504,131072,11,9,0,ikj,1.471477,22.8032324,0,true,20260809
llm,128,256,512,917504,131072,11,9,1,kij,1.269502,26.43117695,0,true,20260809
llm,128,256,512,917504,131072,11,10,0,kij,1.276872,26.27861837,0,true,20260809
llm,128,256,512,917504,131072,11,10,1,ikj,1.478127,22.7006421,0,true,20260809
llm,128,256,512,917504,131072,11,11,0,ikj,1.474001,22.76418537,0,true,20260809
llm,128,256,512,917504,131072,11,11,1,kij,1.366709,24.55126292,0,true,20260809
llm,128,256,512,917504,131072,11,12,0,kij,1.271755,26.38435233,0,true,20260809
llm,128,256,512,917504,131072,11,12,1,ikj,1.472568,22.78633788,0,true,20260809
llm,128,256,512,917504,131072,11,13,0,kij,1.267358,26.47589079,0,true,20260809
llm,128,256,512,917504,131072,11,13,1,ikj,1.475332,22.74364821,0,true,20260809
llm,128,256,512,917504,131072,11,14,0,kij,1.271163,26.39663993,0,true,20260809
llm,128,256,512,917504,131072,11,14,1,ikj,1.470085,22.82482441,0,true,20260809
llm,128,256,512,917504,131072,11,15,0,ikj,1.479319,22.68235046,0,true,20260809
llm,128,256,512,917504,131072,11,15,1,kij,1.273557,26.3470202,0,true,20260809
llm,128,256,512,917504,131072,11,16,0,ikj,1.475182,22.74596084,0,true,20260809
llm,128,256,512,917504,131072,11,16,1,kij,1.269762,26.42576483,0,true,20260809
llm,128,256,512,917504,131072,11,17,0,kij,1.274509,26.32734018,0,true,20260809
llm,128,256,512,917504,131072,11,17,1,ikj,1.475543,22.74039591,0,true,20260809
llm,128,256,512,917504,131072,11,18,0,kij,1.279797,26.2185581,0,true,20260809
llm,128,256,512,917504,131072,11,18,1,ikj,1.47366,22.76945293,0,true,20260809
llm,128,256,512,917504,131072,11,19,0,kij,1.270383,26.41284715,0,true,20260809
llm,128,256,512,917504,131072,11,19,1,ikj,1.484457,22.60384235,0,true,20260809
llm,128,256,512,917504,131072,29,0,0,ikj,1.529525,21.93781207,0,true,20260809
llm,128,256,512,917504,131072,29,0,1,kij,1.271454,26.39059848,0,true,20260809
llm,128,256,512,917504,131072,29,1,0,ikj,1.485729,22.58449017,0,true,20260809
llm,128,256,512,917504,131072,29,1,1,kij,1.269492,26.43138515,0,true,20260809
llm,128,256,512,917504,131072,29,2,0,ikj,1.478538,22.69433183,0,true,20260809
llm,128,256,512,917504,131072,29,2,1,kij,1.27461,26.325254,0,true,20260809
llm,128,256,512,917504,131072,29,3,0,kij,1.269592,26.42930327,0,true,20260809
llm,128,256,512,917504,131072,29,3,1,ikj,1.471237,22.80695224,0,true,20260809
llm,128,256,512,917504,131072,29,4,0,kij,1.272116,26.376865,0,true,20260809
llm,128,256,512,917504,131072,29,4,1,ikj,1.475293,22.74424945,0,true,20260809
llm,128,256,512,917504,131072,29,5,0,kij,1.267879,26.46501125,0,true,20260809
llm,128,256,512,917504,131072,29,5,1,ikj,1.477867,22.7046358,0,true,20260809
llm,128,256,512,917504,131072,29,6,0,ikj,1.477516,22.71002954,0,true,20260809
llm,128,256,512,917504,131072,29,6,1,kij,1.273428,26.34968919,0,true,20260809
llm,128,256,512,917504,131072,29,7,0,ikj,1.484727,22.5997318,0,true,20260809
llm,128,256,512,917504,131072,29,7,1,kij,1.269942,26.42201927,0,true,20260809
llm,128,256,512,917504,131072,29,8,0,kij,1.274148,26.33479941,0,true,20260809
llm,128,256,512,917504,131072,29,8,1,ikj,1.472018,22.79485169,0,true,20260809
llm,128,256,512,917504,131072,29,9,0,ikj,1.470276,22.8218593,0,true,20260809
llm,128,256,512,917504,131072,29,9,1,kij,1.276352,26.28932458,0,true,20260809
llm,128,256,512,917504,131072,29,10,0,ikj,1.47318,22.7768718,0,true,20260809
llm,128,256,512,917504,131072,29,10,1,kij,1.274189,26.33395203,0,true,20260809
llm,128,256,512,917504,131072,29,11,0,ikj,1.477316,22.71310403,0,true,20260809
llm,128,256,512,917504,131072,29,11,1,kij,1.271725,26.38497474,0,true,20260809
llm,128,256,512,917504,131072,29,12,0,kij,1.273006,26.35842408,0,true,20260809
llm,128,256,512,917504,131072,29,12,1,ikj,1.481592,22.64755209,0,true,20260809
llm,128,256,512,917504,131072,29,13,0,kij,1.266346,26.49704899,0,true,20260809
llm,128,256,512,917504,131072,29,13,1,ikj,1.490425,22.51333143,0,true,20260809
llm,128,256,512,917504,131072,29,14,0,kij,1.271224,26.39537328,0,true,20260809
llm,128,256,512,917504,131072,29,14,1,ikj,1.477006,22.71787115,0,true,20260809
llm,128,256,512,917504,131072,29,15,0,kij,1.269071,26.44015347,0,true,20260809
llm,128,256,512,917504,131072,29,15,1,ikj,1.48612,22.57854817,0,true,20260809
llm,128,256,512,917504,131072,29,16,0,ikj,1.476625,22.72373284,0,true,20260809
llm,128,256,512,917504,131072,29,16,1,kij,1.267338,26.47630861,0,true,20260809
llm,128,256,512,917504,131072,29,17,0,ikj,1.471397,22.80447221,0,true,20260809
llm,128,256,512,917504,131072,29,17,1,kij,1.273467,26.34888222,0,true,20260809
llm,128,256,512,917504,131072,29,18,0,ikj,1.474261,22.76017069,0,true,20260809
llm,128,256,512,917504,131072,29,18,1,kij,1.270022,26.42035492,0,true,20260809
llm,128,256,512,917504,131072,29,19,0,kij,1.275721,26.30232786,0,true,20260809
llm,128,256,512,917504,131072,29,19,1,ikj,1.477386,22.71202787,0,true,20260809
llm,128,256,512,917504,131072,47,0,0,kij,1.270242,26.41577904,0,true,20260809
llm,128,256,512,917504,131072,47,0,1,ikj,1.486069,22.57932303,0,true,20260809
llm,128,256,512,917504,131072,47,1,0,kij,1.271745,26.3845598,0,true,20260809
llm,128,256,512,917504,131072,47,1,1,ikj,1.479229,22.68373051,0,true,20260809
llm,128,256,512,917504,131072,47,2,0,ikj,1.480551,22.66347596,0,true,20260809
llm,128,256,512,917504,131072,47,2,1,kij,1.26836,26.45497493,0,true,20260809
llm,128,256,512,917504,131072,47,3,0,kij,1.272877,26.36109538,0,true,20260809
llm,128,256,512,917504,131072,47,3,1,ikj,1.472388,22.78912352,0,true,20260809
llm,128,256,512,917504,131072,47,4,0,kij,1.269221,26.4370287,0,true,20260809
llm,128,256,512,917504,131072,47,4,1,ikj,1.487532,22.55711608,0,true,20260809
llm,128,256,512,917504,131072,47,5,0,ikj,1.474993,22.74887542,0,true,20260809
llm,128,256,512,917504,131072,47,5,1,kij,1.270113,26.41846198,0,true,20260809
llm,128,256,512,917504,131072,47,6,0,ikj,1.480701,22.66118008,0,true,20260809
llm,128,256,512,917504,131072,47,6,1,kij,1.268359,26.45499579,0,true,20260809
llm,128,256,512,917504,131072,47,7,0,kij,1.267508,26.47275757,0,true,20260809
llm,128,256,512,917504,131072,47,7,1,ikj,1.488663,22.53997849,0,true,20260809
llm,128,256,512,917504,131072,47,8,0,ikj,1.482083,22.64004917,0,true,20260809
llm,128,256,512,917504,131072,47,8,1,kij,1.273657,26.34495158,0,true,20260809
llm,128,256,512,917504,131072,47,9,0,ikj,1.479609,22.67790477,0,true,20260809
llm,128,256,512,917504,131072,47,9,1,kij,1.267758,26.46753718,0,true,20260809
llm,128,256,512,917504,131072,47,10,0,kij,1.274078,26.33624629,0,true,20260809
llm,128,256,512,917504,131072,47,10,1,ikj,1.476865,22.72004008,0,true,20260809
llm,128,256,512,917504,131072,47,11,0,kij,1.267598,26.47087799,0,true,20260809
llm,128,256,512,917504,131072,47,11,1,ikj,1.474261,22.76017069,0,true,20260809
llm,128,256,512,917504,131072,47,12,0,ikj,1.482213,22.63806349,0,true,20260809
llm,128,256,512,917504,131072,47,12,1,kij,1.271124,26.39744982,0,true,20260809
llm,128,256,512,917504,131072,47,13,0,ikj,1.477877,22.70448217,0,true,20260809
llm,128,256,512,917504,131072,47,13,1,kij,1.269852,26.42389192,0,true,20260809
llm,128,256,512,917504,131072,47,14,0,kij,1.273728,26.34348307,0,true,20260809
llm,128,256,512,917504,131072,47,14,1,ikj,1.476986,22.71817878,0,true,20260809
llm,128,256,512,917504,131072,47,15,0,kij,1.265475,26.51528635,0,true,20260809
llm,128,256,512,917504,131072,47,15,1,ikj,1.490896,22.50621908,0,true,20260809
llm,128,256,512,917504,131072,47,16,0,ikj,1.476174,22.73067538,0,true,20260809
llm,128,256,512,917504,131072,47,16,1,kij,1.270583,26.40868955,0,true,20260809
llm,128,256,512,917504,131072,47,17,0,ikj,1.48005,22.6711476,0,true,20260809
llm,128,256,512,917504,131072,47,17,1,kij,1.269341,26.43452941,0,true,20260809
llm,128,256,512,917504,131072,47,18,0,kij,1.273397,26.35033065,0,true,20260809
llm,128,256,512,917504,131072,47,18,1,ikj,1.472779,22.78307336,0,true,20260809
llm,128,256,512,917504,131072,47,19,0,kij,1.269031,26.44098686,0,true,20260809
llm,128,256,512,917504,131072,47,19,1,ikj,1.484748,22.59941216,0,true,20260809
llm,128,256,2048,3276800,131072,11,0,0,ikj,5.987261,22.41721682,0,true,20260809
llm,128,256,2048,3276800,131072,11,0,1,kij,5.182334,25.89908871,0,true,20260809
llm,128,256,2048,3276800,131072,11,1,0,kij,5.131577,26.15525948,0,true,20260809
llm,128,256,2048,3276800,131072,11,1,1,ikj,5.963215,22.50761175,0,true,20260809
llm,128,256,2048,3276800,131072,11,2,0,ikj,5.964006,22.50462659,0,true,20260809
llm,128,256,2048,3276800,131072,11,2,1,kij,5.129263,26.16705909,0,true,20260809
llm,128,256,2048,3276800,131072,11,3,0,kij,5.127821,26.17441755,0,true,20260809
llm,128,256,2048,3276800,131072,11,3,1,ikj,5.981362,22.43932536,0,true,20260809
llm,128,256,2048,3276800,131072,11,4,0,ikj,5.969074,22.48551919,0,true,20260809
llm,128,256,2048,3276800,131072,11,4,1,kij,5.126579,26.18075875,0,true,20260809
llm,128,256,2048,3276800,131072,11,5,0,ikj,5.956805,22.53183175,0,true,20260809
llm,128,256,2048,3276800,131072,11,5,1,kij,5.139659,26.11413092,0,true,20260809
llm,128,256,2048,3276800,131072,11,6,0,kij,5.130174,26.16241242,0,true,20260809
llm,128,256,2048,3276800,131072,11,6,1,ikj,5.955694,22.53603493,0,true,20260809
llm,128,256,2048,3276800,131072,11,7,0,kij,5.137346,26.12588835,0,true,20260809
llm,128,256,2048,3276800,131072,11,7,1,ikj,5.977397,22.45421009,0,true,20260809
llm,128,256,2048,3276800,131072,11,8,0,ikj,5.980892,22.44108872,0,true,20260809
llm,128,256,2048,3276800,131072,11,8,1,kij,5.12714,26.17789411,0,true,20260809
llm,128,256,2048,3276800,131072,11,9,0,ikj,6.023727,22.28150911,0,true,20260809
llm,128,256,2048,3276800,131072,11,9,1,kij,5.128101,26.1729884,0,true,20260809
llm,128,256,2048,3276800,131072,11,10,0,kij,5.129082,26.1679825,0,true,20260809
llm,128,256,2048,3276800,131072,11,10,1,ikj,5.974603,22.46471071,0,true,20260809
llm,128,256,2048,3276800,131072,11,11,0,kij,5.130365,26.16143842,0,true,20260809
llm,128,256,2048,3276800,131072,11,11,1,ikj,5.958769,22.52440529,0,true,20260809
llm,128,256,2048,3276800,131072,11,12,0,ikj,5.967903,22.48993122,0,true,20260809
llm,128,256,2048,3276800,131072,11,12,1,kij,5.130385,26.16133643,0,true,20260809
llm,128,256,2048,3276800,131072,11,13,0,kij,5.138227,26.12140881,0,true,20260809
llm,128,256,2048,3276800,131072,11,13,1,ikj,5.977517,22.45375931,0,true,20260809
llm,128,256,2048,3276800,131072,11,14,0,ikj,5.966671,22.49457495,0,true,20260809
llm,128,256,2048,3276800,131072,11,14,1,kij,5.128893,26.16894679,0,true,20260809
llm,128,256,2048,3276800,131072,11,15,0,ikj,5.97323,22.46987442,0,true,20260809
llm,128,256,2048,3276800,131072,11,15,1,kij,5.126529,26.18101409,0,true,20260809
llm,128,256,2048,3276800,131072,11,16,0,ikj,5.970516,22.48008849,0,true,20260809
llm,128,256,2048,3276800,131072,11,16,1,kij,5.141201,26.10629851,0,true,20260809
llm,128,256,2048,3276800,131072,11,17,0,kij,5.12709,26.1781494,0,true,20260809
llm,128,256,2048,3276800,131072,11,17,1,ikj,5.984487,22.42760791,0,true,20260809
llm,128,256,2048,3276800,131072,11,18,0,kij,5.13419,26.141948,0,true,20260809
llm,128,256,2048,3276800,131072,11,18,1,ikj,5.935233,22.61372519,0,true,20260809
llm,128,256,2048,3276800,131072,11,19,0,kij,5.128773,26.16955907,0,true,20260809
llm,128,256,2048,3276800,131072,11,19,1,ikj,5.984577,22.42727063,0,true,20260809
llm,128,256,2048,3276800,131072,29,0,0,ikj,5.964838,22.50148755,0,true,20260809
llm,128,256,2048,3276800,131072,29,0,1,kij,5.156434,26.02917598,0,true,20260809
llm,128,256,2048,3276800,131072,29,1,0,ikj,6.008864,22.3366227,0,true,20260809
llm,128,256,2048,3276800,131072,29,1,1,kij,5.127871,26.17416234,0,true,20260809
llm,128,256,2048,3276800,131072,29,2,0,ikj,6.003086,22.35812181,0,true,20260809
llm,128,256,2048,3276800,131072,29,2,1,kij,5.13352,26.14535991,0,true,20260809
llm,128,256,2048,3276800,131072,29,3,0,kij,5.133269,26.14663833,0,true,20260809
llm,128,256,2048,3276800,131072,29,3,1,ikj,5.991107,22.40282606,0,true,20260809
llm,128,256,2048,3276800,131072,29,4,0,ikj,5.964207,22.50386816,0,true,20260809
llm,128,256,2048,3276800,131072,29,4,1,kij,5.127731,26.17487696,0,true,20260809
llm,128,256,2048,3276800,131072,29,5,0,kij,5.137255,26.12635113,0,true,20260809
llm,128,256,2048,3276800,131072,29,5,1,ikj,5.947441,22.56730718,0,true,20260809
llm,128,256,2048,3276800,131072,29,6,0,ikj,6.014513,22.31564351,0,true,20260809
llm,128,256,2048,3276800,131072,29,6,1,kij,5.126369,26.18183123,0,true,20260809
llm,128,256,2048,3276800,131072,29,7,0,ikj,5.972969,22.47085629,0,true,20260809
llm,128,256,2048,3276800,131072,29,7,1,kij,5.139799,26.11341961,0,true,20260809
llm,128,256,2048,3276800,131072,29,8,0,ikj,5.975894,22.45985755,0,true,20260809
llm,128,256,2048,3276800,131072,29,8,1,kij,5.139879,26.11301317,0,true,20260809
llm,128,256,2048,3276800,131072,29,9,0,kij,5.136594,26.12971319,0,true,20260809
llm,128,256,2048,3276800,131072,29,9,1,ikj,5.946019,22.57270419,0,true,20260809
llm,128,256,2048,3276800,131072,29,10,0,ikj,5.951528,22.55180989,0,true,20260809
llm,128,256,2048,3276800,131072,29,10,1,kij,5.137386,26.12568493,0,true,20260809
llm,128,256,2048,3276800,131072,29,11,0,ikj,5.995694,22.38568679,0,true,20260809
llm,128,256,2048,3276800,131072,29,11,1,kij,5.129784,26.16440146,0,true,20260809
llm,128,256,2048,3276800,131072,29,12,0,kij,5.163565,25.9932291,0,true,20260809
llm,128,256,2048,3276800,131072,29,12,1,ikj,5.987131,22.41770357,0,true,20260809
llm,128,256,2048,3276800,131072,29,13,0,ikj,5.997016,22.38075203,0,true,20260809
llm,128,256,2048,3276800,131072,29,13,1,kij,5.128192,26.17252396,0,true,20260809
llm,128,256,2048,3276800,131072,29,14,0,ikj,5.965709,22.49820231,0,true,20260809
llm,128,256,2048,3276800,131072,29,14,1,kij,5.138347,26.12079877,0,true,20260809
llm,128,256,2048,3276800,131072,29,15,0,ikj,5.95331,22.54505947,0,true,20260809
llm,128,256,2048,3276800,131072,29,15,1,kij,5.130085,26.16286631,0,true,20260809
llm,128,256,2048,3276800,131072,29,16,0,kij,5.141372,26.10543022,0,true,20260809
llm,128,256,2048,3276800,131072,29,16,1,ikj,5.97889,22.448603,0,true,20260809
llm,128,256,2048,3276800,131072,29,17,0,ikj,5.969505,22.48389573,0,true,20260809
llm,128,256,2048,3276800,131072,29,17,1,kij,5.179839,25.91156366,0,true,20260809
llm,128,256,2048,3276800,131072,29,18,0,ikj,5.979861,22.44495783,0,true,20260809
llm,128,256,2048,3276800,131072,29,18,1,kij,5.128072,26.17313641,0,true,20260809
llm,128,256,2048,3276800,131072,29,19,0,ikj,5.968313,22.48838625,0,true,20260809
llm,128,256,2048,3276800,131072,29,19,1,kij,5.139869,26.11306397,0,true,20260809
llm,128,256,2048,3276800,131072,47,0,0,ikj,5.970396,22.48054032,0,true,20260809
llm,128,256,2048,3276800,131072,47,0,1,kij,5.138597,26.11952796,0,true,20260809
llm,128,256,2048,3276800,131072,47,1,0,ikj,5.978078,22.45165219,0,true,20260809
llm,128,256,2048,3276800,131072,47,1,1,kij,5.137756,26.12380347,0,true,20260809
llm,128,256,2048,3276800,131072,47,2,0,ikj,5.964207,22.50386816,0,true,20260809
llm,128,256,2048,3276800,131072,47,2,1,kij,5.133459,26.14567059,0,true,20260809
llm,128,256,2048,3276800,131072,47,3,0,kij,5.137576,26.12471874,0,true,20260809
llm,128,256,2048,3276800,131072,47,3,1,ikj,5.955093,22.53830931,0,true,20260809
llm,128,256,2048,3276800,131072,47,4,0,kij,5.126689,26.180197,0,true,20260809
llm,128,256,2048,3276800,131072,47,4,1,ikj,5.957907,22.52766416,0,true,20260809
llm,128,256,2048,3276800,131072,47,5,0,kij,5.138718,26.11891293,0,true,20260809
llm,128,256,2048,3276800,131072,47,5,1,ikj,5.977306,22.45455193,0,true,20260809
llm,128,256,2048,3276800,131072,47,6,0,ikj,5.943035,22.58403795,0,true,20260809
llm,128,256,2048,3276800,131072,47,6,1,kij,5.184927,25.88613649,0,true,20260809
llm,128,256,2048,3276800,131072,47,7,0,kij,5.129133,26.1677223,0,true,20260809
llm,128,256,2048,3276800,131072,47,7,1,ikj,5.942534,22.58594196,0,true,20260809
llm,128,256,2048,3276800,131072,47,8,0,kij,5.135562,26.134964,0,true,20260809
llm,128,256,2048,3276800,131072,47,8,1,ikj,5.980772,22.44153899,0,true,20260809
llm,128,256,2048,3276800,131072,47,9,0,kij,5.243647,25.59625543,0,true,20260809
llm,128,256,2048,3276800,131072,47,9,1,ikj,5.963686,22.50583414,0,true,20260809
llm,128,256,2048,3276800,131072,47,10,0,ikj,5.965438,22.49922437,0,true,20260809
llm,128,256,2048,3276800,131072,47,10,1,kij,5.132839,26.14882875,0,true,20260809
llm,128,256,2048,3276800,131072,47,11,0,ikj,5.990286,22.40589648,0,true,20260809
llm,128,256,2048,3276800,131072,47,11,1,kij,5.135062,26.13750876,0,true,20260809
llm,128,256,2048,3276800,131072,47,12,0,kij,5.141502,26.10477016,0,true,20260809
llm,128,256,2048,3276800,131072,47,12,1,ikj,5.95938,22.52209592,0,true,20260809
llm,128,256,2048,3276800,131072,47,13,0,ikj,5.967953,22.4897428,0,true,20260809
llm,128,256,2048,3276800,131072,47,13,1,kij,5.122974,26.19918196,0,true,20260809
llm,128,256,2048,3276800,131072,47,14,0,kij,5.138166,26.12171892,0,true,20260809
llm,128,256,2048,3276800,131072,47,14,1,ikj,5.961883,22.51264039,0,true,20260809
llm,128,256,2048,3276800,131072,47,15,0,kij,5.123664,26.19565374,0,true,20260809
llm,128,256,2048,3276800,131072,47,15,1,ikj,5.954722,22.53971352,0,true,20260809
llm,128,256,2048,3276800,131072,47,16,0,ikj,5.998288,22.37600595,0,true,20260809
llm,128,256,2048,3276800,131072,47,16,1,kij,5.128732,26.16976828,0,true,20260809
llm,128,256,2048,3276800,131072,47,17,0,ikj,5.935233,22.61372519,0,true,20260809
llm,128,256,2048,3276800,131072,47,17,1,kij,5.139679,26.1140293,0,true,20260809
llm,128,256,2048,3276800,131072,47,18,0,ikj,5.987732,22.41545346,0,true,20260809
llm,128,256,2048,3276800,131072,47,18,1,kij,5.13376,26.14413763,0,true,20260809
llm,128,256,2048,3276800,131072,47,19,0,kij,5.135814,26.13368163,0,true,20260809
llm,128,256,2048,3276800,131072,47,19,1,ikj,5.964838,22.50148755,0,true,20260809
llm,128,256,8192,12713984,131072,11,0,0,kij,18.471046,29.06553922,0,true,20260809
llm,128,256,8192,12713984,131072,11,0,1,ikj,15.852743,33.86612096,0,true,20260809
llm,128,256,8192,12713984,131072,11,1,0,ikj,15.897811,33.7701154,0,true,20260809
llm,128,256,8192,12713984,131072,11,1,1,kij,18.425427,29.13750178,0,true,20260809
llm,128,256,8192,12713984,131072,11,2,0,kij,18.430524,29.12944374,0,true,20260809
llm,128,256,8192,12713984,131072,11,2,1,ikj,15.861316,33.84781641,0,true,20260809
llm,128,256,8192,12713984,131072,11,3,0,ikj,15.84351,33.88585686,0,true,20260809
llm,128,256,8192,12713984,131072,11,3,1,kij,18.421581,29.14358502,0,true,20260809
llm,128,256,8192,12713984,131072,11,4,0,ikj,15.867556,33.83450558,0,true,20260809
llm,128,256,8192,12713984,131072,11,4,1,kij,18.406608,29.16729209,0,true,20260809
llm,128,256,8192,12713984,131072,11,5,0,ikj,15.865093,33.83975827,0,true,20260809
llm,128,256,8192,12713984,131072,11,5,1,kij,18.482373,29.04772628,0,true,20260809
llm,128,256,8192,12713984,131072,11,6,0,ikj,15.874896,33.81886168,0,true,20260809
llm,128,256,8192,12713984,131072,11,6,1,kij,18.396182,29.1838226,0,true,20260809
llm,128,256,8192,12713984,131072,11,7,0,kij,18.460871,29.08155915,0,true,20260809
llm,128,256,8192,12713984,131072,11,7,1,ikj,15.849458,33.87314014,0,true,20260809
llm,128,256,8192,12713984,131072,11,8,0,kij,18.477616,29.05520452,0,true,20260809
llm,128,256,8192,12713984,131072,11,8,1,ikj,15.87114,33.82686511,0,true,20260809
llm,128,256,8192,12713984,131072,11,9,0,ikj,15.858181,33.85450778,0,true,20260809
llm,128,256,8192,12713984,131072,11,9,1,kij,18.4339,29.12410895,0,true,20260809
llm,128,256,8192,12713984,131072,11,10,0,kij,18.417134,29.15062202,0,true,20260809
llm,128,256,8192,12713984,131072,11,10,1,ikj,15.856498,33.85810108,0,true,20260809
llm,128,256,8192,12713984,131072,11,11,0,kij,18.42152,29.14368152,0,true,20260809
llm,128,256,8192,12713984,131072,11,11,1,ikj,15.883739,33.80003361,0,true,20260809
llm,128,256,8192,12713984,131072,11,12,0,ikj,15.829158,33.91658053,0,true,20260809
llm,128,256,8192,12713984,131072,11,12,1,kij,18.426398,29.13596635,0,true,20260809
llm,128,256,8192,12713984,131072,11,13,0,ikj,15.884361,33.79871006,0,true,20260809
llm,128,256,8192,12713984,131072,11,13,1,kij,18.424806,29.13848385,0,true,20260809
llm,128,256,8192,12713984,131072,11,14,0,ikj,15.884562,33.79828238,0,true,20260809
llm,128,256,8192,12713984,131072,11,14,1,kij,18.436504,29.11999542,0,true,20260809
llm,128,256,8192,12713984,131072,11,15,0,ikj,15.876308,33.81585391,0,true,20260809
llm,128,256,8192,12713984,131072,11,15,1,kij,18.410154,29.16167415,0,true,20260809
llm,128,256,8192,12713984,131072,11,16,0,kij,18.412377,29.15815334,0,true,20260809
llm,128,256,8192,12713984,131072,11,16,1,ikj,15.845683,33.88120992,0,true,20260809
llm,128,256,8192,12713984,131072,11,17,0,kij,18.427671,29.13395361,0,true,20260809
llm,128,256,8192,12713984,131072,11,17,1,ikj,15.91673,33.72997544,0,true,20260809
llm,128,256,8192,12713984,131072,11,18,0,kij,18.413719,29.15602829,0,true,20260809
llm,128,256,8192,12713984,131072,11,18,1,ikj,15.866053,33.83771074,0,true,20260809
llm,128,256,8192,12713984,131072,11,19,0,kij,18.416323,29.15190573,0,true,20260809
llm,128,256,8192,12713984,131072,11,19,1,ikj,15.925563,33.71126735,0,true,20260809
llm,128,256,8192,12713984,131072,29,0,0,kij,18.412237,29.15837505,0,true,20260809
llm,128,256,8192,12713984,131072,29,0,1,ikj,15.851952,33.86781085,0,true,20260809
llm,128,256,8192,12713984,131072,29,1,0,ikj,15.90349,33.75805638,0,true,20260809
llm,128,256,8192,12713984,131072,29,1,1,kij,18.410615,29.16094394,0,true,20260809
llm,128,256,8192,12713984,131072,29,2,0,ikj,15.890341,33.78599062,0,true,20260809
llm,128,256,8192,12713984,131072,29,2,1,kij,18.436073,29.12067619,0,true,20260809
llm,128,256,8192,12713984,131072,29,3,0,kij,18.425197,29.1378655,0,true,20260809
llm,128,256,8192,12713984,131072,29,3,1,ikj,15.871531,33.82603178,0,true,20260809
llm,128,256,8192,12713984,131072,29,4,0,kij,18.402101,29.17443568,0,true,20260809
llm,128,256,8192,12713984,131072,29,4,1,ikj,15.871703,33.82566521,0,true,20260809
llm,128,256,8192,12713984,131072,29,5,0,ikj,15.889849,33.78703674,0,true,20260809
llm,128,256,8192,12713984,131072,29,5,1,kij,18.511157,29.0025584,0,true,20260809
llm,128,256,8192,12713984,131072,29,6,0,ikj,15.85755,33.85585491,0,true,20260809
llm,128,256,8192,12713984,131072,29,6,1,kij,18.503344,29.01480468,0,true,20260809
llm,128,256,8192,12713984,131072,29,7,0,kij,18.406008,29.16824289,0,true,20260809
llm,128,256,8192,12713984,131072,29,7,1,ikj,15.872292,33.82440998,0,true,20260809
llm,128,256,8192,12713984,131072,29,8,0,kij,18.43449,29.12317683,0,true,20260809
llm,128,256,8192,12713984,131072,29,8,1,ikj,15.903079,33.75892882,0,true,20260809
llm,128,256,8192,12713984,131072,29,9,0,ikj,15.854056,33.86331624,0,true,20260809
llm,128,256,8192,12713984,131072,29,9,1,kij,18.444646,29.10714101,0,true,20260809
llm,128,256,8192,12713984,131072,29,10,0,kij,18.426469,29.13585408,0,true,20260809
llm,128,256,8192,12713984,131072,29,10,1,ikj,15.882769,33.80209786,0,true,20260809
llm,128,256,8192,12713984,131072,29,11,0,ikj,15.865302,33.83931248,0,true,20260809
llm,128,256,8192,12713984,131072,29,11,1,kij,18.457656,29.08662465,0,true,20260809
llm,128,256,8192,12713984,131072,29,12,0,ikj,15.856388,33.85833596,0,true,20260809
llm,128,256,8192,12713984,131072,29,12,1,kij,18.416683,29.15133588,0,true,20260809
llm,128,256,8192,12713984,131072,29,13,0,kij,18.406478,29.16749809,0,true,20260809
llm,128,256,8192,12713984,131072,29,13,1,ikj,15.869989,33.82931847,0,true,20260809
llm,128,256,8192,12713984,131072,29,14,0,ikj,15.898953,33.76768973,0,true,20260809
llm,128,256,8192,12713984,131072,29,14,1,kij,18.447921,29.10197371,0,true,20260809
llm,128,256,8192,12713984,131072,29,15,0,kij,18.432407,29.12646796,0,true,20260809
llm,128,256,8192,12713984,131072,29,15,1,ikj,15.882889,33.80184247,0,true,20260809
llm,128,256,8192,12713984,131072,29,16,0,kij,18.419038,29.14760869,0,true,20260809
llm,128,256,8192,12713984,131072,29,16,1,ikj,15.859874,33.8508939,0,true,20260809
llm,128,256,8192,12713984,131072,29,17,0,ikj,15.849418,33.87322563,0,true,20260809
llm,128,256,8192,12713984,131072,29,17,1,kij,18.431516,29.12787597,0,true,20260809
llm,128,256,8192,12713984,131072,29,18,0,kij,18.483675,29.04568015,0,true,20260809
llm,128,256,8192,12713984,131072,29,18,1,ikj,15.89697,33.77190194,0,true,20260809
llm,128,256,8192,12713984,131072,29,19,0,kij,18.428661,29.13238851,0,true,20260809
llm,128,256,8192,12713984,131072,29,19,1,ikj,15.871812,33.82543291,0,true,20260809
llm,128,256,8192,12713984,131072,47,0,0,ikj,15.858743,33.85330805,0,true,20260809
llm,128,256,8192,12713984,131072,47,0,1,kij,18.416403,29.1517791,0,true,20260809
llm,128,256,8192,12713984,131072,47,1,0,kij,18.444205,29.10783696,0,true,20260809
llm,128,256,8192,12713984,131072,47,1,1,ikj,15.886464,33.7942359,0,true,20260809
llm,128,256,8192,12713984,131072,47,2,0,ikj,15.854085,33.8632543,0,true,20260809
llm,128,256,8192,12713984,131072,47,2,1,kij,18.435271,29.12194304,0,true,20260809
llm,128,256,8192,12713984,131072,47,3,0,ikj,15.867575,33.83446506,0,true,20260809
llm,128,256,8192,12713984,131072,47,3,1,kij,18.43367,29.12447234,0,true,20260809
llm,128,256,8192,12713984,131072,47,4,0,kij,18.434831,29.12263812,0,true,20260809
llm,128,256,8192,12713984,131072,47,4,1,ikj,15.875147,33.81832697,0,true,20260809
llm,128,256,8192,12713984,131072,47,5,0,kij,18.444075,29.10804212,0,true,20260809
llm,128,256,8192,12713984,131072,47,5,1,ikj,15.878873,33.81039146,0,true,20260809
llm,128,256,8192,12713984,131072,47,6,0,ikj,15.970381,33.61666275,0,true,20260809
llm,128,256,8192,12713984,131072,47,6,1,kij,18.426879,29.1352058,0,true,20260809
llm,128,256,8192,12713984,131072,47,7,0,kij,18.472948,29.0625466,0,true,20260809
llm,128,256,8192,12713984,131072,47,7,1,ikj,15.868237,33.83305354,0,true,20260809
llm,128,256,8192,12713984,131072,47,8,0,ikj,15.882778,33.8020787,0,true,20260809
llm,128,256,8192,12713984,131072,47,8,1,kij,18.42092,29.14463078,0,true,20260809
llm,128,256,8192,12713984,131072,47,9,0,ikj,15.85734,33.85630326,0,true,20260809
llm,128,256,8192,12713984,131072,47,9,1,kij,18.423083,29.14120899,0,true,20260809
llm,128,256,8192,12713984,131072,47,10,0,kij,18.410464,29.16118312,0,true,20260809
llm,128,256,8192,12713984,131072,47,10,1,ikj,15.971462,33.61438746,0,true,20260809
llm,128,256,8192,12713984,131072,47,11,0,ikj,15.858222,33.85442025,0,true,20260809
llm,128,256,8192,12713984,131072,47,11,1,kij,18.434701,29.12284349,0,true,20260809
llm,128,256,8192,12713984,131072,47,12,0,ikj,15.864551,33.84091438,0,true,20260809
llm,128,256,8192,12713984,131072,47,12,1,kij,18.471256,29.06520878,0,true,20260809
llm,128,256,8192,12713984,131072,47,13,0,kij,18.432087,29.12697363,0,true,20260809
llm,128,256,8192,12713984,131072,47,13,1,ikj,15.888187,33.79057107,0,true,20260809
llm,128,256,8192,12713984,131072,47,14,0,ikj,15.834926,33.90422614,0,true,20260809
llm,128,256,8192,12713984,131072,47,14,1,kij,18.422993,29.14135135,0,true,20260809
llm,128,256,8192,12713984,131072,47,15,0,ikj,15.855427,33.86038812,0,true,20260809
llm,128,256,8192,12713984,131072,47,15,1,kij,18.446198,29.10469203,0,true,20260809
llm,128,256,8192,12713984,131072,47,16,0,kij,18.490546,29.03488691,0,true,20260809
llm,128,256,8192,12713984,131072,47,16,1,ikj,15.865172,33.83958976,0,true,20260809
llm,128,256,8192,12713984,131072,47,17,0,ikj,15.851441,33.86890264,0,true,20260809
llm,128,256,8192,12713984,131072,47,17,1,kij,18.401561,29.17529181,0,true,20260809
llm,128,256,8192,12713984,131072,47,18,0,kij,18.419548,29.14680165,0,true,20260809
llm,128,256,8192,12713984,131072,47,18,1,ikj,15.869709,33.82991534,0,true,20260809
llm,128,256,8192,12713984,131072,47,19,0,ikj,15.891361,33.78382204,0,true,20260809
llm,128,256,8192,12713984,131072,47,19,1,kij,18.413338,29.15663157,0,true,20260809
llm,128,256,16384,25296896,131072,11,0,0,ikj,47.083851,22.80488535,0,true,20260809
llm,128,256,16384,25296896,131072,11,0,1,kij,46.398033,23.14196863,0,true,20260809
llm,128,256,16384,25296896,131072,11,1,0,kij,46.300065,23.19093556,0,true,20260809
llm,128,256,16384,25296896,131072,11,1,1,ikj,46.955657,22.86714515,0,true,20260809
llm,128,256,16384,25296896,131072,11,2,0,kij,46.291642,23.19515527,0,true,20260809
llm,128,256,16384,25296896,131072,11,2,1,ikj,47.464197,22.62214241,0,true,20260809
llm,128,256,16384,25296896,131072,11,3,0,kij,46.315308,23.18330311,0,true,20260809
llm,128,256,16384,25296896,131072,11,3,1,ikj,47.485299,22.61208935,0,true,20260809
llm,128,256,16384,25296896,131072,11,4,0,kij,46.302819,23.18955621,0,true,20260809
llm,128,256,16384,25296896,131072,11,4,1,ikj,47.494052,22.60792202,0,true,20260809
llm,128,256,16384,25296896,131072,11,5,0,ikj,47.4062,22.64981846,0,true,20260809
llm,128,256,16384,25296896,131072,11,5,1,kij,46.322669,23.17961912,0,true,20260809
llm,128,256,16384,25296896,131072,11,6,0,kij,46.329019,23.17644205,0,true,20260809
llm,128,256,16384,25296896,131072,11,6,1,ikj,47.577018,22.56849776,0,true,20260809
llm,128,256,16384,25296896,131072,11,7,0,kij,46.331052,23.17542507,0,true,20260809
llm,128,256,16384,25296896,131072,11,7,1,ikj,47.547493,22.58251185,0,true,20260809
llm,128,256,16384,25296896,131072,11,8,0,kij,46.390332,23.1458103,0,true,20260809
llm,128,256,16384,25296896,131072,11,8,1,ikj,47.681045,22.51925947,0,true,20260809
llm,128,256,16384,25296896,131072,11,9,0,kij,46.363461,23.15922498,0,true,20260809
llm,128,256,16384,25296896,131072,11,9,1,ikj,47.349123,22.67712169,0,true,20260809
llm,128,256,16384,25296896,131072,11,10,0,ikj,47.693023,22.5136038,0,true,20260809
llm,128,256,16384,25296896,131072,11,10,1,kij,46.317662,23.18212487,0,true,20260809
llm,128,256,16384,25296896,131072,11,11,0,kij,46.403842,23.13907163,0,true,20260809
llm,128,256,16384,25296896,131072,11,11,1,ikj,47.238385,22.73028225,0,true,20260809
llm,128,256,16384,25296896,131072,11,12,0,ikj,47.328802,22.68685829,0,true,20260809
llm,128,256,16384,25296896,131072,11,12,1,kij,46.337432,23.17223415,0,true,20260809
llm,128,256,16384,25296896,131072,11,13,0,kij,46.346245,23.16782781,0,true,20260809
llm,128,256,16384,25296896,131072,11,13,1,ikj,47.51236,22.59921048,0,true,20260809
llm,128,256,16384,25296896,131072,11,14,0,kij,46.313535,23.18419063,0,true,20260809
llm,128,256,16384,25296896,131072,11,14,1,ikj,46.970961,22.85969461,0,true,20260809
llm,128,256,16384,25296896,131072,11,15,0,kij,46.400257,23.14085941,0,true,20260809
llm,128,256,16384,25296896,131072,11,15,1,ikj,47.223132,22.73762409,0,true,20260809
llm,128,256,16384,25296896,131072,11,16,0,kij,46.348318,23.1667916,0,true,20260809
llm,128,256,16384,25296896,131072,11,16,1,ikj,47.449875,22.62897055,0,true,20260809
llm,128,256,16384,25296896,131072,11,17,0,kij,46.351853,23.16502479,0,true,20260809
llm,128,256,16384,25296896,131072,11,17,1,ikj,47.293899,22.70360124,0,true,20260809
llm,128,256,16384,25296896,131072,11,18,0,ikj,47.632101,22.54239896,0,true,20260809
llm,128,256,16384,25296896,131072,11,18,1,kij,46.340777,23.17056151,0,true,20260809
llm,128,256,16384,25296896,131072,11,19,0,kij,46.313335,23.18429074,0,true,20260809
llm,128,256,16384,25296896,131072,11,19,1,ikj,47.187658,22.75471743,0,true,20260809
llm,128,256,16384,25296896,131072,29,0,0,ikj,47.462384,22.62300655,0,true,20260809
llm,128,256,16384,25296896,131072,29,0,1,kij,46.336931,23.17248469,0,true,20260809
llm,128,256,16384,25296896,131072,29,1,0,kij,46.333205,23.17434816,0,true,20260809
llm,128,256,16384,25296896,131072,29,1,1,ikj,47.363574,22.67020272,0,true,20260809
llm,128,256,16384,25296896,131072,29,2,0,ikj,47.76979,22.477424,0,true,20260809
llm,128,256,16384,25296896,131072,29,2,1,kij,46.305694,23.18811643,0,true,20260809
llm,128,256,16384,25296896,131072,29,3,0,kij,46.309038,23.18644201,0,true,20260809
llm,128,256,16384,25296896,131072,29,3,1,ikj,47.230894,22.73388736,0,true,20260809
llm,128,256,16384,25296896,131072,29,4,0,kij,46.407417,23.13728911,0,true,20260809
llm,128,256,16384,25296896,131072,29,4,1,ikj,47.374231,22.66510298,0,true,20260809
llm,128,256,16384,25296896,131072,29,5,0,kij,46.310591,23.18566446,0,true,20260809
llm,128,256,16384,25296896,131072,29,5,1,ikj,47.580052,22.56705865,0,true,20260809
llm,128,256,16384,25296896,131072,29,6,0,ikj,47.372889,22.66574504,0,true,20260809
llm,128,256,16384,25296896,131072,29,6,1,kij,46.317702,23.18210485,0,true,20260809
llm,128,256,16384,25296896,131072,29,7,0,kij,46.378965,23.15148309,0,true,20260809
llm,128,256,16384,25296896,131072,29,7,1,ikj,47.259206,22.72026796,0,true,20260809
llm,128,256,16384,25296896,131072,29,8,0,ikj,47.381512,22.66162009,0,true,20260809
llm,128,256,16384,25296896,131072,29,8,1,kij,46.312484,23.18471676,0,true,20260809
llm,128,256,16384,25296896,131072,29,9,0,ikj,47.610478,22.55263692,0,true,20260809
llm,128,256,16384,25296896,131072,29,9,1,kij,46.320696,23.18060644,0,true,20260809
llm,128,256,16384,25296896,131072,29,10,0,kij,46.361278,23.16031547,0,true,20260809
llm,128,256,16384,25296896,131072,29,10,1,ikj,47.224765,22.73683784,0,true,20260809
llm,128,256,16384,25296896,131072,29,11,0,ikj,47.30132,22.70003932,0,true,20260809
llm,128,256,16384,25296896,131072,29,11,1,kij,46.317522,23.18219494,0,true,20260809
llm,128,256,16384,25296896,131072,29,12,0,kij,46.345894,23.16800328,0,true,20260809
llm,128,256,16384,25296896,131072,29,12,1,ikj,47.401232,22.65219233,0,true,20260809
llm,128,256,16384,25296896,131072,29,13,0,kij,46.3368,23.1725502,0,true,20260809
llm,128,256,16384,25296896,131072,29,13,1,ikj,47.683419,22.51813831,0,true,20260809
llm,128,256,16384,25296896,131072,29,14,0,ikj,47.353159,22.67518887,0,true,20260809
llm,128,256,16384,25296896,131072,29,14,1,kij,46.359024,23.16144154,0,true,20260809
llm,128,256,16384,25296896,131072,29,15,0,ikj,47.210093,22.74390402,0,true,20260809
llm,128,256,16384,25296896,131072,29,15,1,kij,46.307597,23.18716352,0,true,20260809
llm,128,256,16384,25296896,131072,29,16,0,kij,46.352685,23.164609,0,true,20260809
llm,128,256,16384,25296896,131072,29,16,1,ikj,47.845084,22.44205118,0,true,20260809
llm,128,256,16384,25296896,131072,29,17,0,kij,46.320906,23.18050135,0,true,20260809
llm,128,256,16384,25296896,131072,29,17,1,ikj,47.303664,22.69891449,0,true,20260809
llm,128,256,16384,25296896,131072,29,18,0,ikj,47.477277,22.61591001,0,true,20260809
llm,128,256,16384,25296896,131072,29,18,1,kij,46.36241,23.15974998,0,true,20260809
llm,128,256,16384,25296896,131072,29,19,0,ikj,47.366529,22.66878842,0,true,20260809
llm,128,256,16384,25296896,131072,29,19,1,kij,46.301577,23.19017825,0,true,20260809
llm,128,256,16384,25296896,131072,47,0,0,kij,46.298212,23.19186374,0,true,20260809
llm,128,256,16384,25296896,131072,47,0,1,ikj,47.64466,22.53645685,0,true,20260809
llm,128,256,16384,25296896,131072,47,1,0,ikj,47.44615,22.63074715,0,true,20260809
llm,128,256,16384,25296896,131072,47,1,1,kij,46.292724,23.19461313,0,true,20260809
llm,128,256,16384,25296896,131072,47,2,0,ikj,47.352578,22.67546709,0,true,20260809
llm,128,256,16384,25296896,131072,47,2,1,kij,46.406696,23.13764858,0,true,20260809
llm,128,256,16384,25296896,131072,47,3,0,ikj,47.407851,22.64902967,0,true,20260809
llm,128,256,16384,25296896,131072,47,3,1,kij,46.37588,23.15302317,0,true,20260809
llm,128,256,16384,25296896,131072,47,4,0,kij,46.342039,23.16993052,0,true,20260809
llm,128,256,16384,25296896,131072,47,4,1,ikj,47.277825,22.71132024,0,true,20260809
llm,128,256,16384,25296896,131072,47,5,0,kij,46.308438,23.18674242,0,true,20260809
llm,128,256,16384,25296896,131072,47,5,1,ikj,47.16889,22.76377129,0,true,20260809
llm,128,256,16384,25296896,131072,47,6,0,kij,46.374467,23.15372862,0,true,20260809
llm,128,256,16384,25296896,131072,47,6,1,ikj,47.547924,22.58230715,0,true,20260809
llm,128,256,16384,25296896,131072,47,7,0,ikj,47.564539,22.57441881,0,true,20260809
llm,128,256,16384,25296896,131072,47,7,1,kij,46.29637,23.19278648,0,true,20260809
llm,128,256,16384,25296896,131072,47,8,0,kij,46.308447,23.18673792,0,true,20260809
llm,128,256,16384,25296896,131072,47,8,1,ikj,47.638581,22.53933265,0,true,20260809
llm,128,256,16384,25296896,131072,47,9,0,ikj,47.634584,22.54122391,0,true,20260809
llm,128,256,16384,25296896,131072,47,9,1,kij,46.341398,23.17025101,0,true,20260809
llm,128,256,16384,25296896,131072,47,10,0,ikj,47.598049,22.55852596,0,true,20260809
llm,128,256,16384,25296896,131072,47,10,1,kij,46.347266,23.16731744,0,true,20260809
llm,128,256,16384,25296896,131072,47,11,0,kij,46.4293,23.12638407,0,true,20260809
llm,128,256,16384,25296896,131072,47,11,1,ikj,47.397386,22.65403041,0,true,20260809
llm,128,256,16384,25296896,131072,47,12,0,kij,46.291402,23.19527553,0,true,20260809
llm,128,256,16384,25296896,131072,47,12,1,ikj,47.434272,22.63641411,0,true,20260809
llm,128,256,16384,25296896,131072,47,13,0,ikj,47.408973,22.64849365,0,true,20260809
llm,128,256,16384,25296896,131072,47,13,1,kij,46.336169,23.17286576,0,true,20260809
llm,128,256,16384,25296896,131072,47,14,0,kij,46.339755,23.17107253,0,true,20260809
llm,128,256,16384,25296896,131072,47,14,1,ikj,47.521284,22.59496658,0,true,20260809
llm,128,256,16384,25296896,131072,47,15,0,kij,46.304582,23.18867329,0,true,20260809
llm,128,256,16384,25296896,131072,47,15,1,ikj,47.654805,22.53165917,0,true,20260809
llm,128,256,16384,25296896,131072,47,16,0,ikj,47.515725,22.59761003,0,true,20260809
llm,128,256,16384,25296896,131072,47,16,1,kij,46.280776,23.20060113,0,true,20260809
llm,128,256,16384,25296896,131072,47,17,0,ikj,47.064972,22.81403299,0,true,20260809
llm,128,256,16384,25296896,131072,47,17,1,kij,46.328849,23.17652709,0,true,20260809
llm,128,256,16384,25296896,131072,47,18,0,kij,46.331734,23.17508393,0,true,20260809
llm,128,256,16384,25296896,131072,47,18,1,ikj,47.267039,22.7165028,0,true,20260809
llm,128,256,16384,25296896,131072,47,19,0,ikj,47.82927,22.4494713,0,true,20260809
llm,128,256,16384,25296896,131072,47,19,1,kij,46.321257,23.1803257,0,true,20260809
llm,128,512,128,589824,262144,11,0,0,kij,0.632938,26.50688693,0,true,20260809
llm,128,512,128,589824,262144,11,0,1,ikj,0.742163,22.60583726,0,true,20260809
llm,128,512,128,589824,262144,11,1,0,kij,0.63415,26.45622644,0,true,20260809
llm,128,512,128,589824,262144,11,1,1,ikj,0.744787,22.52619339,0,true,20260809
llm,128,512,128,589824,262144,11,2,0,ikj,0.742214,22.60428394,0,true,20260809
llm,128,512,128,589824,262144,11,2,1,kij,0.631986,26.54681591,0,true,20260809
llm,128,512,128,589824,262144,11,3,0,ikj,0.739549,22.68573955,0,true,20260809
llm,128,512,128,589824,262144,11,3,1,kij,0.632007,26.54593383,0,true,20260809
llm,128,512,128,589824,262144,11,4,0,kij,0.639037,26.25390392,0,true,20260809
llm,128,512,128,589824,262144,11,4,1,ikj,0.742814,22.58602557,0,true,20260809
llm,128,512,128,589824,262144,11,5,0,ikj,0.742013,22.6104071,0,true,20260809
llm,128,512,128,589824,262144,11,5,1,kij,0.635402,26.40409693,0,true,20260809
llm,128,512,128,589824,262144,11,6,0,kij,0.632638,26.51945662,0,true,20260809
llm,128,512,128,589824,262144,11,6,1,ikj,0.742664,22.5905874,0,true,20260809
llm,128,512,128,589824,262144,11,7,0,ikj,0.744366,22.5389338,0,true,20260809
llm,128,512,128,589824,262144,11,7,1,kij,0.633128,26.49893229,0,true,20260809
llm,128,512,128,589824,262144,11,8,0,ikj,0.740771,22.64831642,0,true,20260809
llm,128,512,128,589824,262144,11,8,1,kij,0.638165,26.28977772,0,true,20260809
llm,128,512,128,589824,262144,11,9,0,kij,0.632116,26.54135633,0,true,20260809
llm,128,512,128,589824,262144,11,9,1,ikj,0.741031,22.64036997,0,true,20260809
llm,128,512,128,589824,262144,11,10,0,kij,0.632808,26.51233233,0,true,20260809
llm,128,512,128,589824,262144,11,10,1,ikj,0.743355,22.56958788,0,true,20260809
llm,128,512,128,589824,262144,11,11,0,ikj,0.748684,22.40894156,0,true,20260809
llm,128,512,128,589824,262144,11,11,1,kij,0.6346,26.43746612,0,true,20260809
llm,128,512,128,589824,262144,11,12,0,kij,0.632507,26.52494913,0,true,20260809
llm,128,512,128,589824,262144,11,12,1,ikj,0.74002,22.67130078,0,true,20260809
llm,128,512,128,589824,262144,11,13,0,kij,0.637855,26.30255466,0,true,20260809
llm,128,512,128,589824,262144,11,13,1,ikj,0.742604,22.59241265,0,true,20260809
llm,128,512,128,589824,262144,11,14,0,ikj,0.741021,22.6406755,0,true,20260809
llm,128,512,128,589824,262144,11,14,1,kij,0.63458,26.43829935,0,true,20260809
llm,128,512,128,589824,262144,11,15,0,ikj,0.741893,22.61406429,0,true,20260809
llm,128,512,128,589824,262144,11,15,1,kij,0.632307,26.53333903,0,true,20260809
llm,128,512,128,589824,262144,11,16,0,kij,0.632166,26.53925709,0,true,20260809
llm,128,512,128,589824,262144,11,16,1,ikj,0.745058,22.51799994,0,true,20260809
llm,128,512,128,589824,262144,11,17,0,ikj,0.743315,22.57080242,0,true,20260809
llm,128,512,128,589824,262144,11,17,1,kij,0.638827,26.2625343,0,true,20260809
llm,128,512,128,589824,262144,11,18,0,ikj,0.742745,22.58812378,0,true,20260809
llm,128,512,128,589824,262144,11,18,1,kij,0.632777,26.51363118,0,true,20260809
llm,128,512,128,589824,262144,11,19,0,kij,0.633669,26.47630861,0,true,20260809
llm,128,512,128,589824,262144,11,19,1,ikj,0.73977,22.67896238,0,true,20260809
llm,128,512,128,589824,262144,29,0,0,kij,0.632707,26.51656454,0,true,20260809
llm,128,512,128,589824,262144,29,0,1,ikj,0.741902,22.61378996,0,true,20260809
llm,128,512,128,589824,262144,29,1,0,kij,0.632307,26.53333903,0,true,20260809
llm,128,512,128,589824,262144,29,1,1,ikj,0.743145,22.57596566,0,true,20260809
llm,128,512,128,589824,262144,29,2,0,kij,0.638887,26.2600679,0,true,20260809
llm,128,512,128,589824,262144,29,2,1,ikj,0.740501,22.6565744,0,true,20260809
llm,128,512,128,589824,262144,29,3,0,ikj,0.741833,22.61589333,0,true,20260809
llm,128,512,128,589824,262144,29,3,1,kij,0.634511,26.44117438,0,true,20260809
llm,128,512,128,589824,262144,29,4,0,ikj,0.741562,22.6241582,0,true,20260809
llm,128,512,128,589824,262144,29,4,1,kij,0.633659,26.47672644,0,true,20260809
llm,128,512,128,589824,262144,29,5,0,ikj,0.744386,22.53832823,0,true,20260809
llm,128,512,128,589824,262144,29,5,1,kij,0.633348,26.48972761,0,true,20260809
llm,128,512,128,589824,262144,29,6,0,kij,0.633199,26.49596099,0,true,20260809
llm,128,512,128,589824,262144,29,6,1,ikj,0.7469,22.46246619,0,true,20260809
llm,128,512,128,589824,262144,29,7,0,ikj,0.742043,22.60949298,0,true,20260809
llm,128,512,128,589824,262144,29,7,1,kij,0.632538,26.52364917,0,true,20260809
llm,128,512,128,589824,262144,29,8,0,ikj,0.743054,22.57873048,0,true,20260809
llm,128,512,128,589824,262144,29,8,1,kij,0.633028,26.50311835,0,true,20260809
llm,128,512,128,589824,262144,29,9,0,kij,0.631606,26.56278756,0,true,20260809
llm,128,512,128,589824,262144,29,9,1,ikj,0.744056,22.54832432,0,true,20260809
llm,128,512,128,589824,262144,29,10,0,ikj,0.741952,22.61226602,0,true,20260809
llm,128,512,128,589824,262144,29,10,1,kij,0.63395,26.46457292,0,true,20260809
llm,128,512,128,589824,262144,29,11,0,ikj,0.805439,20.8299027,0,true,20260809
llm,128,512,128,589824,262144,29,11,1,kij,0.633539,26.48174146,0,true,20260809
llm,128,512,128,589824,262144,29,12,0,kij,0.634149,26.45626816,0,true,20260809
llm,128,512,128,589824,262144,29,12,1,ikj,0.743646,22.56075606,0,true,20260809
llm,128,512,128,589824,262144,29,13,0,ikj,0.741252,22.63361988,0,true,20260809
llm,128,512,128,589824,262144,29,13,1,kij,0.632638,26.51945662,0,true,20260809
llm,128,512,128,589824,262144,29,14,0,kij,0.633098,26.50018796,0,true,20260809
llm,128,512,128,589824,262144,29,14,1,ikj,0.742714,22.58906659,0,true,20260809
llm,128,512,128,589824,262144,29,15,0,kij,0.631376,26.57246395,0,true,20260809
llm,128,512,128,589824,262144,29,15,1,ikj,0.74685,22.46397001,0,true,20260809
llm,128,512,128,589824,262144,29,16,0,kij,0.632537,26.5236911,0,true,20260809
llm,128,512,128,589824,262144,29,16,1,ikj,0.742944,22.58207348,0,true,20260809
llm,128,512,128,589824,262144,29,17,0,kij,0.631606,26.56278756,0,true,20260809
llm,128,512,128,589824,262144,29,17,1,ikj,0.741433,22.62809451,0,true,20260809
llm,128,512,128,589824,262144,29,18,0,ikj,0.741182,22.63575748,0,true,20260809
llm,128,512,128,589824,262144,29,18,1,kij,0.632328,26.53245784,0,true,20260809
llm,128,512,128,589824,262144,29,19,0,ikj,0.7404,22.65966505,0,true,20260809
llm,128,512,128,589824,262144,29,19,1,kij,0.632538,26.52364917,0,true,20260809
llm,128,512,128,589824,262144,47,0,0,ikj,0.748403,22.41735536,0,true,20260809
llm,128,512,128,589824,262144,47,0,1,kij,0.6338,26.47083623,0,true,20260809
llm,128,512,128,589824,262144,47,1,0,ikj,0.742123,22.6070557,0,true,20260809
llm,128,512,128,589824,262144,47,1,1,kij,0.634951,26.42285153,0,true,20260809
llm,128,512,128,589824,262144,47,2,0,kij,0.63467,26.43455024,0,true,20260809
llm,128,512,128,589824,262144,47,2,1,ikj,0.744266,22.54196215,0,true,20260809
llm,128,512,128,589824,262144,47,3,0,kij,0.632908,26.50814336,0,true,20260809
llm,128,512,128,589824,262144,47,3,1,ikj,0.743856,22.55438687,0,true,20260809
llm,128,512,128,589824,262144,47,4,0,kij,0.632297,26.53375866,0,true,20260809
llm,128,512,128,589824,262144,47,4,1,ikj,0.747391,22.44770943,0,true,20260809
llm,128,512,128,589824,262144,47,5,0,ikj,0.744026,22.54923349,0,true,20260809
llm,128,512,128,589824,262144,47,5,1,kij,0.633128,26.49893229,0,true,20260809
llm,128,512,128,589824,262144,47,6,0,kij,0.632637,26.51949854,0,true,20260809
llm,128,512,128,589824,262144,47,6,1,ikj,0.749725,22.37782654,0,true,20260809
llm,128,512,128,589824,262144,47,7,0,ikj,0.740751,22.64892791,0,true,20260809
llm,128,512,128,589824,262144,47,7,1,kij,0.632017,26.54551381,0,true,20260809
llm,128,512,128,589824,262144,47,8,0,kij,0.633528,26.48220126,0,true,20260809
llm,128,512,128,589824,262144,47,8,1,ikj,0.73985,22.6765101,0,true,20260809
llm,128,512,128,589824,262144,47,9,0,ikj,0.748112,22.42607524,0,true,20260809
llm,128,512,128,589824,262144,47,9,1,kij,0.631186,26.58046281,0,true,20260809
llm,128,512,128,589824,262144,47,10,0,kij,0.632748,26.51484635,0,true,20260809
llm,128,512,128,589824,262144,47,10,1,ikj,0.741692,22.62019275,0,true,20260809
llm,128,512,128,589824,262144,47,11,0,ikj,0.747031,22.45852716,0,true,20260809
llm,128,512,128,589824,262144,47,11,1,kij,0.633819,26.47004271,0,true,20260809
llm,128,512,128,589824,262144,47,12,0,ikj,0.743465,22.56624858,0,true,20260809
llm,128,512,128,589824,262144,47,12,1,kij,0.632648,26.51903744,0,true,20260809
llm,128,512,128,589824,262144,47,13,0,kij,0.63434,26.44830217,0,true,20260809
llm,128,512,128,589824,262144,47,13,1,ikj,0.751808,22.31582532,0,true,20260809
llm,128,512,128,589824,262144,47,14,0,ikj,0.74651,22.47420128,0,true,20260809
llm,128,512,128,589824,262144,47,14,1,kij,0.633479,26.48424968,0,true,20260809
llm,128,512,128,589824,262144,47,15,0,ikj,0.73989,22.67528416,0,true,20260809
llm,128,512,128,589824,262144,47,15,1,kij,0.635732,26.39039092,0,true,20260809
llm,128,512,128,589824,262144,47,16,0,kij,0.633189,26.49637944,0,true,20260809
llm,128,512,128,589824,262144,47,16,1,ikj,0.742273,22.60248723,0,true,20260809
llm,128,512,128,589824,262144,47,17,0,kij,0.633729,26.47380189,0,true,20260809
llm,128,512,128,589824,262144,47,17,1,ikj,0.744847,22.52437883,0,true,20260809
llm,128,512,128,589824,262144,47,18,0,kij,0.641751,26.14287473,0,true,20260809
llm,128,512,128,589824,262144,47,18,1,ikj,0.742164,22.6058068,0,true,20260809
llm,128,512,128,589824,262144,47,19,0,ikj,0.746349,22.47904935,0,true,20260809
llm,128,512,128,589824,262144,47,19,1,kij,0.633679,26.47589079,0,true,20260809
llm,128,512,512,1572864,262144,11,0,0,kij,2.508306,26.75465593,0,true,20260809
llm,128,512,512,1572864,262144,11,0,1,ikj,2.949524,22.7524387,0,true,20260809
llm,128,512,512,1572864,262144,11,1,0,kij,2.515858,26.6743449,0,true,20260809
llm,128,512,512,1572864,262144,11,1,1,ikj,2.95303,22.72542575,0,true,20260809
llm,128,512,512,1572864,262144,11,2,0,ikj,2.968953,22.60354542,0,true,20260809
llm,128,512,512,1572864,262144,11,2,1,kij,2.508116,26.75668271,0,true,20260809
llm,128,512,512,1572864,262144,11,3,0,ikj,2.951246,22.73916305,0,true,20260809
llm,128,512,512,1572864,262144,11,3,1,kij,2.511792,26.71752438,0,true,20260809
llm,128,512,512,1572864,262144,11,4,0,kij,2.508327,26.75443194,0,true,20260809
llm,128,512,512,1572864,262144,11,4,1,ikj,3.054583,21.96989376,0,true,20260809
llm,128,512,512,1572864,262144,11,5,0,kij,2.515608,26.67699578,0,true,20260809
llm,128,512,512,1572864,262144,11,5,1,ikj,2.954952,22.71064437,0,true,20260809
llm,128,512,512,1572864,262144,11,6,0,ikj,2.946459,22.77610651,0,true,20260809
llm,128,512,512,1572864,262144,11,6,1,kij,2.515968,26.67317867,0,true,20260809
llm,128,512,512,1572864,262144,11,7,0,kij,2.514566,26.68805034,0,true,20260809
llm,128,512,512,1572864,262144,11,7,1,ikj,2.963285,22.64678018,0,true,20260809
llm,128,512,512,1572864,262144,11,8,0,kij,2.510971,26.72626008,0,true,20260809
llm,128,512,512,1572864,262144,11,8,1,ikj,2.973931,22.56570983,0,true,20260809
llm,128,512,512,1572864,262144,11,9,0,kij,2.511411,26.72157763,0,true,20260809
llm,128,512,512,1572864,262144,11,9,1,ikj,2.959278,22.67744497,0,true,20260809
llm,128,512,512,1572864,262144,11,10,0,kij,2.51078,26.7282932,0,true,20260809
llm,128,512,512,1572864,262144,11,10,1,ikj,2.957226,22.6931807,0,true,20260809
llm,128,512,512,1572864,262144,11,11,0,kij,2.511572,26.71986469,0,true,20260809
llm,128,512,512,1572864,262144,11,11,1,ikj,2.955162,22.7090305,0,true,20260809
llm,128,512,512,1572864,262144,11,12,0,ikj,2.955233,22.70848491,0,true,20260809
llm,128,512,512,1572864,262144,11,12,1,kij,2.51077,26.72839965,0,true,20260809
llm,128,512,512,1572864,262144,11,13,0,kij,2.517199,26.66013454,0,true,20260809
llm,128,512,512,1572864,262144,11,13,1,ikj,2.952168,22.73206132,0,true,20260809
llm,128,512,512,1572864,262144,11,14,0,kij,2.514746,26.68614007,0,true,20260809
llm,128,512,512,1572864,262144,11,14,1,ikj,2.96638,22.62315145,0,true,20260809
llm,128,512,512,1572864,262144,11,15,0,ikj,2.954802,22.71179727,0,true,20260809
llm,128,512,512,1572864,262144,11,15,1,kij,2.509528,26.74162791,0,true,20260809
llm,128,512,512,1572864,262144,11,16,0,kij,2.515177,26.68156714,0,true,20260809
llm,128,512,512,1572864,262144,11,16,1,ikj,2.957476,22.69126241,0,true,20260809
llm,128,512,512,1572864,262144,11,17,0,kij,2.507315,26.76523054,0,true,20260809
llm,128,512,512,1572864,262144,11,17,1,ikj,2.954131,22.71695602,0,true,20260809
llm,128,512,512,1572864,262144,11,18,0,kij,2.512673,26.70815661,0,true,20260809
llm,128,512,512,1572864,262144,11,18,1,ikj,2.955293,22.70802387,0,true,20260809
llm,128,512,512,1572864,262144,11,19,0,kij,2.50371,26.80376881,0,true,20260809
llm,128,512,512,1572864,262144,11,19,1,ikj,2.964607,22.63668135,0,true,20260809
llm,128,512,512,1572864,262144,29,0,0,ikj,2.958508,22.68334715,0,true,20260809
llm,128,512,512,1572864,262144,29,0,1,kij,2.51051,26.73116777,0,true,20260809
llm,128,512,512,1572864,262144,29,1,0,kij,2.519053,26.64051292,0,true,20260809
llm,128,512,512,1572864,262144,29,1,1,ikj,2.960601,22.66731113,0,true,20260809
llm,128,512,512,1572864,262144,29,2,0,ikj,2.952999,22.72566432,0,true,20260809
llm,128,512,512,1572864,262144,29,2,1,kij,2.514406,26.68974859,0,true,20260809
llm,128,512,512,1572864,262144,29,3,0,kij,2.51767,26.65514702,0,true,20260809
llm,128,512,512,1572864,262144,29,3,1,ikj,2.956595,22.69802391,0,true,20260809
llm,128,512,512,1572864,262144,29,4,0,ikj,2.950325,22.74626151,0,true,20260809
llm,128,512,512,1572864,262144,29,4,1,kij,2.518742,26.64380234,0,true,20260809
llm,128,512,512,1572864,262144,29,5,0,ikj,2.965999,22.62605753,0,true,20260809
llm,128,512,512,1572864,262144,29,5,1,kij,2.508937,26.74792711,0,true,20260809
llm,128,512,512,1572864,262144,29,6,0,ikj,2.952188,22.73190732,0,true,20260809
llm,128,512,512,1572864,262144,29,6,1,kij,2.516799,26.66437169,0,true,20260809
llm,128,512,512,1572864,262144,29,7,0,ikj,2.960791,22.66585652,0,true,20260809
llm,128,512,512,1572864,262144,29,7,1,kij,2.512513,26.70985742,0,true,20260809
llm,128,512,512,1572864,262144,29,8,0,kij,2.512933,26.70539326,0,true,20260809
llm,128,512,512,1572864,262144,29,8,1,ikj,2.957456,22.69141587,0,true,20260809
llm,128,512,512,1572864,262144,29,9,0,kij,2.518101,26.65058471,0,true,20260809
llm,128,512,512,1572864,262144,29,9,1,ikj,2.957696,22.68957459,0,true,20260809
llm,128,512,512,1572864,262144,29,10,0,ikj,2.951537,22.73692114,0,true,20260809
llm,128,512,512,1572864,262144,29,10,1,kij,2.514376,26.69006704,0,true,20260809
llm,128,512,512,1572864,262144,29,11,0,kij,2.507536,26.7628716,0,true,20260809
llm,128,512,512,1572864,262144,29,11,1,ikj,2.949474,22.7528244,0,true,20260809
llm,128,512,512,1572864,262144,29,12,0,ikj,2.958437,22.68389153,0,true,20260809
llm,128,512,512,1572864,262144,29,12,1,kij,2.518802,26.64316766,0,true,20260809
llm,128,512,512,1572864,262144,29,13,0,ikj,2.963384,22.6460236,0,true,20260809
llm,128,512,512,1572864,262144,29,13,1,kij,2.509248,26.74461193,0,true,20260809
llm,128,512,512,1572864,262144,29,14,0,kij,2.514956,26.68391177,0,true,20260809
llm,128,512,512,1572864,262144,29,14,1,ikj,3.010997,22.28792124,0,true,20260809
llm,128,512,512,1572864,262144,29,15,0,kij,2.51067,26.72946425,0,true,20260809
llm,128,512,512,1572864,262144,29,15,1,ikj,2.955102,22.70949158,0,true,20260809
llm,128,512,512,1572864,262144,29,16,0,ikj,2.966379,22.62315908,0,true,20260809
llm,128,512,512,1572864,262144,29,16,1,kij,2.516599,26.66649077,0,true,20260809
llm,128,512,512,1572864,262144,29,17,0,ikj,2.955704,22.70486625,0,true,20260809
llm,128,512,512,1572864,262144,29,17,1,kij,2.516118,26.67158853,0,true,20260809
llm,128,512,512,1572864,262144,29,18,0,kij,2.513234,26.70219486,0,true,20260809
llm,128,512,512,1572864,262144,29,18,1,ikj,2.960361,22.6691488,0,true,20260809
llm,128,512,512,1572864,262144,29,19,0,kij,2.509268,26.74439876,0,true,20260809
llm,128,512,512,1572864,262144,29,19,1,ikj,2.954822,22.71164354,0,true,20260809
llm,128,512,512,1572864,262144,47,0,0,kij,2.506884,26.76983219,0,true,20260809
llm,128,512,512,1572864,262144,47,0,1,ikj,2.957526,22.6908788,0,true,20260809
llm,128,512,512,1572864,262144,47,1,0,ikj,2.972028,22.58015873,0,true,20260809
llm,128,512,512,1572864,262144,47,1,1,kij,2.514796,26.68560949,0,true,20260809
llm,128,512,512,1572864,262144,47,2,0,kij,2.505693,26.78255636,0,true,20260809
llm,128,512,512,1572864,262144,47,2,1,ikj,2.954371,22.71511059,0,true,20260809
llm,128,512,512,1572864,262144,47,3,0,kij,2.514976,26.68369957,0,true,20260809
llm,128,512,512,1572864,262144,47,3,1,ikj,2.94676,22.77378002,0,true,20260809
llm,128,512,512,1572864,262144,47,4,0,kij,2.511512,26.72050303,0,true,20260809
llm,128,512,512,1572864,262144,47,4,1,ikj,2.95982,22.67329229,0,true,20260809
llm,128,512,512,1572864,262144,47,5,0,ikj,2.968022,22.61063564,0,true,20260809
llm,128,512,512,1572864,262144,47,5,1,kij,2.509118,26.7459976,0,true,20260809
llm,128,512,512,1572864,262144,47,6,0,kij,2.510269,26.73373411,0,true,20260809
llm,128,512,512,1572864,262144,47,6,1,ikj,2.963916,22.64195881,0,true,20260809
llm,128,512,512,1572864,262144,47,7,0,ikj,2.967632,22.61360708,0,true,20260809
llm,128,512,512,1572864,262144,47,7,1,kij,2.511121,26.72466361,0,true,20260809
llm,128,512,512,1572864,262144,47,8,0,ikj,2.963255,22.64700945,0,true,20260809
llm,128,512,512,1572864,262144,47,8,1,kij,2.546694,26.35136534,0,true,20260809
llm,128,512,512,1572864,262144,47,9,0,ikj,2.964637,22.63645229,0,true,20260809
llm,128,512,512,1572864,262144,47,9,1,kij,2.509859,26.73810122,0,true,20260809
llm,128,512,512,1572864,262144,47,10,0,ikj,2.957916,22.68788701,0,true,20260809
llm,128,512,512,1572864,262144,47,10,1,kij,2.511241,26.72338656,0,true,20260809
llm,128,512,512,1572864,262144,47,11,0,kij,2.506654,26.77228848,0,true,20260809
llm,128,512,512,1572864,262144,47,11,1,ikj,2.955053,22.70986815,0,true,20260809
llm,128,512,512,1572864,262144,47,12,0,ikj,2.97345,22.56936017,0,true,20260809
llm,128,512,512,1572864,262144,47,12,1,kij,2.511942,26.71592895,0,true,20260809
llm,128,512,512,1572864,262144,47,13,0,ikj,2.953941,22.71841719,0,true,20260809
llm,128,512,512,1572864,262144,47,13,1,kij,2.512563,26.7093259,0,true,20260809
llm,128,512,512,1572864,262144,47,14,0,kij,2.545673,26.36193415,0,true,20260809
llm,128,512,512,1572864,262144,47,14,1,ikj,2.961582,22.65980277,0,true,20260809
llm,128,512,512,1572864,262144,47,15,0,kij,2.506533,26.77358088,0,true,20260809
llm,128,512,512,1572864,262144,47,15,1,ikj,2.950636,22.74386403,0,true,20260809
llm,128,512,512,1572864,262144,47,16,0,ikj,2.956915,22.69556751,0,true,20260809
llm,128,512,512,1572864,262144,47,16,1,kij,2.514366,26.69017319,0,true,20260809
llm,128,512,512,1572864,262144,47,17,0,kij,2.507135,26.76715215,0,true,20260809
llm,128,512,512,1572864,262144,47,17,1,ikj,2.958608,22.68258046,0,true,20260809
llm,128,512,512,1572864,262144,47,18,0,ikj,2.951948,22.73375547,0,true,20260809
llm,128,512,512,1572864,262144,47,18,1,kij,2.509318,26.74386586,0,true,20260809
llm,128,512,512,1572864,262144,47,19,0,ikj,2.961231,22.66248867,0,true,20260809
llm,128,512,512,1572864,262144,47,19,1,kij,2.513394,26.70049503,0,true,20260809
llm,128,512,2048,5505024,262144,11,0,0,ikj,7.082599,37.90069945,0,true,20260809
llm,128,512,2048,5505024,262144,11,0,1,kij,7.541334,35.59522175,0,true,20260809
llm,128,512,2048,5505024,262144,11,1,0,ikj,7.085894,37.8830753,0,true,20260809
llm,128,512,2048,5505024,262144,11,1,1,kij,7.550798,35.5506075,0,true,20260809
llm,128,512,2048,5505024,262144,11,2,0,kij,7.542316,35.59058729,0,true,20260809
llm,128,512,2048,5505024,262144,11,2,1,ikj,7.081768,37.90514685,0,true,20260809
llm,128,512,2048,5505024,262144,11,3,0,ikj,7.085394,37.88574863,0,true,20260809
llm,128,512,2048,5505024,262144,11,3,1,kij,7.543988,35.58269923,0,true,20260809
llm,128,512,2048,5505024,262144,11,4,0,ikj,7.104112,37.7859268,0,true,20260809
llm,128,512,2048,5505024,262144,11,4,1,kij,7.553112,35.53971608,0,true,20260809
llm,128,512,2048,5505024,262144,11,5,0,kij,7.542546,35.58950201,0,true,20260809
llm,128,512,2048,5505024,262144,11,5,1,ikj,7.081829,37.90482035,0,true,20260809
llm,128,512,2048,5505024,262144,11,6,0,kij,7.542816,35.58822806,0,true,20260809
llm,128,512,2048,5505024,262144,11,6,1,ikj,7.077802,37.92638675,0,true,20260809
llm,128,512,2048,5505024,262144,11,7,0,ikj,7.083751,37.89453582,0,true,20260809
llm,128,512,2048,5505024,262144,11,7,1,kij,7.589587,35.3689148,0,true,20260809
llm,128,512,2048,5505024,262144,11,8,0,ikj,7.081438,37.90691326,0,true,20260809
llm,128,512,2048,5505024,262144,11,8,1,kij,7.552391,35.54310893,0,true,20260809
llm,128,512,2048,5505024,262144,11,9,0,ikj,7.091393,37.85369898,0,true,20260809
llm,128,512,2048,5505024,262144,11,9,1,kij,7.550317,35.55287228,0,true,20260809
llm,128,512,2048,5505024,262144,11,10,0,kij,7.559381,35.51024297,0,true,20260809
llm,128,512,2048,5505024,262144,11,10,1,ikj,7.078794,37.92107187,0,true,20260809
llm,128,512,2048,5505024,262144,11,11,0,kij,7.536536,35.6178828,0,true,20260809
llm,128,512,2048,5505024,262144,11,11,1,ikj,7.086206,37.88140734,0,true,20260809
llm,128,512,2048,5505024,262144,11,12,0,ikj,7.091743,37.85183078,0,true,20260809
llm,128,512,2048,5505024,262144,11,12,1,kij,7.535004,35.62512455,0,true,20260809
llm,128,512,2048,5505024,262144,11,13,0,kij,7.534704,35.62654299,0,true,20260809
llm,128,512,2048,5505024,262144,11,13,1,ikj,7.081568,37.90621738,0,true,20260809
llm,128,512,2048,5505024,262144,11,14,0,kij,7.549827,35.55517974,0,true,20260809
llm,128,512,2048,5505024,262144,11,14,1,ikj,7.091653,37.85231116,0,true,20260809
llm,128,512,2048,5505024,262144,11,15,0,ikj,7.084382,37.89116058,0,true,20260809
llm,128,512,2048,5505024,262144,11,15,1,kij,7.547823,35.56461989,0,true,20260809
llm,128,512,2048,5505024,262144,11,16,0,kij,7.572941,35.44665883,0,true,20260809
llm,128,512,2048,5505024,262144,11,16,1,ikj,7.090831,37.85669917,0,true,20260809
llm,128,512,2048,5505024,262144,11,17,0,ikj,7.086836,37.87803979,0,true,20260809
llm,128,512,2048,5505024,262144,11,17,1,kij,7.551148,35.54895971,0,true,20260809
llm,128,512,2048,5505024,262144,11,18,0,ikj,7.085553,37.88489847,0,true,20260809
llm,128,512,2048,5505024,262144,11,18,1,kij,7.531009,35.64402273,0,true,20260809
llm,128,512,2048,5505024,262144,11,19,0,ikj,7.087948,37.87209726,0,true,20260809
llm,128,512,2048,5505024,262144,11,19,1,kij,7.543437,35.58529832,0,true,20260809
llm,128,512,2048,5505024,262144,29,0,0,ikj,7.087117,37.87653795,0,true,20260809
llm,128,512,2048,5505024,262144,29,0,1,kij,7.546551,35.57061444,0,true,20260809
llm,128,512,2048,5505024,262144,29,1,0,kij,7.541444,35.59470255,0,true,20260809
llm,128,512,2048,5505024,262144,29,1,1,ikj,7.091192,37.85477195,0,true,20260809
llm,128,512,2048,5505024,262144,29,2,0,ikj,7.084572,37.89014439,0,true,20260809
llm,128,512,2048,5505024,262144,29,2,1,kij,7.542716,35.58869988,0,true,20260809
llm,128,512,2048,5505024,262144,29,3,0,kij,7.533923,35.6302362,0,true,20260809
llm,128,512,2048,5505024,262144,29,3,1,ikj,7.128529,37.65650052,0,true,20260809
llm,128,512,2048,5505024,262144,29,4,0,kij,7.535735,35.62166876,0,true,20260809
llm,128,512,2048,5505024,262144,29,4,1,ikj,7.087857,37.87258349,0,true,20260809
llm,128,512,2048,5505024,262144,29,5,0,kij,7.546061,35.57292421,0,true,20260809
llm,128,512,2048,5505024,262144,29,5,1,ikj,7.091673,37.85220441,0,true,20260809
llm,128,512,2048,5505024,262144,29,6,0,ikj,7.087867,37.87253006,0,true,20260809
llm,128,512,2048,5505024,262144,29,6,1,kij,7.54593,35.57354176,0,true,20260809
llm,128,512,2048,5505024,262144,29,7,0,kij,7.549086,35.55866975,0,true,20260809
llm,128,512,2048,5505024,262144,29,7,1,ikj,7.087186,37.87616919,0,true,20260809
llm,128,512,2048,5505024,262144,29,8,0,ikj,7.081788,37.9050398,0,true,20260809
llm,128,512,2048,5505024,262144,29,8,1,kij,7.549356,35.55739801,0,true,20260809
llm,128,512,2048,5505024,262144,29,9,0,kij,7.567083,35.4740996,0,true,20260809
llm,128,512,2048,5505024,262144,29,9,1,ikj,7.08936,37.86455421,0,true,20260809
llm,128,512,2048,5505024,262144,29,10,0,kij,7.540603,35.59867241,0,true,20260809
llm,128,512,2048,5505024,262144,29,10,1,ikj,7.083742,37.89458396,0,true,20260809
llm,128,512,2048,5505024,262144,29,11,0,ikj,7.082048,37.90364821,0,true,20260809
llm,128,512,2048,5505024,262144,29,11,1,kij,7.548165,35.56300849,0,true,20260809
llm,128,512,2048,5505024,262144,29,12,0,kij,7.554523,35.53307813,0,true,20260809
llm,128,512,2048,5505024,262144,29,12,1,ikj,7.092594,37.84728916,0,true,20260809
llm,128,512,2048,5505024,262144,29,13,0,ikj,7.08934,37.86466103,0,true,20260809
llm,128,512,2048,5505024,262144,29,13,1,kij,7.535604,35.62228801,0,true,20260809
llm,128,512,2048,5505024,262144,29,14,0,ikj,7.124182,37.67947759,0,true,20260809
llm,128,512,2048,5505024,262144,29,14,1,kij,7.546892,35.56900722,0,true,20260809
llm,128,512,2048,5505024,262144,29,15,0,kij,7.550327,35.5528252,0,true,20260809
llm,128,512,2048,5505024,262144,29,15,1,ikj,7.093907,37.84028406,0,true,20260809
llm,128,512,2048,5505024,262144,29,16,0,ikj,7.084192,37.89217684,0,true,20260809
llm,128,512,2048,5505024,262144,29,16,1,kij,7.550848,35.55037209,0,true,20260809
llm,128,512,2048,5505024,262144,29,17,0,ikj,7.086806,37.87820014,0,true,20260809
llm,128,512,2048,5505024,262144,29,17,1,kij,7.534333,35.62829729,0,true,20260809
llm,128,512,2048,5505024,262144,29,18,0,kij,7.547012,35.56844166,0,true,20260809
llm,128,512,2048,5505024,262144,29,18,1,ikj,7.170763,37.43471315,0,true,20260809
llm,128,512,2048,5505024,262144,29,19,0,ikj,7.090973,37.85594107,0,true,20260809
llm,128,512,2048,5505024,262144,29,19,1,kij,7.531558,35.64142452,0,true,20260809
llm,128,512,2048,5505024,262144,47,0,0,ikj,7.084132,37.89249777,0,true,20260809
llm,128,512,2048,5505024,262144,47,0,1,kij,7.535244,35.62398988,0,true,20260809
llm,128,512,2048,5505024,262144,47,1,0,kij,7.54483,35.57872822,0,true,20260809
llm,128,512,2048,5505024,262144,47,1,1,ikj,7.083281,37.89705025,0,true,20260809
llm,128,512,2048,5505024,262144,47,2,0,kij,7.556866,35.52206113,0,true,20260809
llm,128,512,2048,5505024,262144,47,2,1,ikj,7.092354,37.84856988,0,true,20260809
llm,128,512,2048,5505024,262144,47,3,0,ikj,7.091013,37.85572752,0,true,20260809
llm,128,512,2048,5505024,262144,47,3,1,kij,7.539851,35.60222291,0,true,20260809
llm,128,512,2048,5505024,262144,47,4,0,kij,7.55173,35.54622001,0,true,20260809
llm,128,512,2048,5505024,262144,47,4,1,ikj,7.077822,37.92627958,0,true,20260809
llm,128,512,2048,5505024,262144,47,5,0,kij,7.551299,35.54824885,0,true,20260809
llm,128,512,2048,5505024,262144,47,5,1,ikj,7.094878,37.83510527,0,true,20260809
llm,128,512,2048,5505024,262144,47,6,0,kij,7.626213,35.19905043,0,true,20260809
llm,128,512,2048,5505024,262144,47,6,1,ikj,7.090311,37.85947556,0,true,20260809
llm,128,512,2048,5505024,262144,47,7,0,kij,7.537719,35.61229279,0,true,20260809
llm,128,512,2048,5505024,262144,47,7,1,ikj,7.091793,37.85156391,0,true,20260809
llm,128,512,2048,5505024,262144,47,8,0,kij,7.576367,35.43063001,0,true,20260809
llm,128,512,2048,5505024,262144,47,8,1,ikj,7.099935,37.80815684,0,true,20260809
llm,128,512,2048,5505024,262144,47,9,0,kij,7.540672,35.59834667,0,true,20260809
llm,128,512,2048,5505024,262144,47,9,1,ikj,7.093757,37.84108421,0,true,20260809
llm,128,512,2048,5505024,262144,47,10,0,ikj,7.092274,37.84899681,0,true,20260809
llm,128,512,2048,5505024,262144,47,10,1,kij,7.542966,35.58752035,0,true,20260809
llm,128,512,2048,5505024,262144,47,11,0,ikj,7.088128,37.87113551,0,true,20260809
llm,128,512,2048,5505024,262144,47,11,1,kij,7.544999,35.57793129,0,true,20260809
llm,128,512,2048,5505024,262144,47,12,0,ikj,7.080516,37.91184936,0,true,20260809
llm,128,512,2048,5505024,262144,47,12,1,kij,7.531399,35.64217697,0,true,20260809
llm,128,512,2048,5505024,262144,47,13,0,kij,7.537358,35.61399843,0,true,20260809
llm,128,512,2048,5505024,262144,47,13,1,ikj,7.08962,37.86316559,0,true,20260809
llm,128,512,2048,5505024,262144,47,14,0,ikj,7.083431,37.89624774,0,true,20260809
llm,128,512,2048,5505024,262144,47,14,1,kij,7.546812,35.56938426,0,true,20260809
llm,128,512,2048,5505024,262144,47,15,0,kij,7.549466,35.55687992,0,true,20260809
llm,128,512,2048,5505024,262144,47,15,1,ikj,7.084553,37.890246,0,true,20260809
llm,128,512,2048,5505024,262144,47,16,0,kij,7.535455,35.62299237,0,true,20260809
llm,128,512,2048,5505024,262144,47,16,1,ikj,7.079355,37.91806683,0,true,20260809
llm,128,512,2048,5505024,262144,47,17,0,ikj,7.08242,37.90165734,0,true,20260809
llm,128,512,2048,5505024,262144,47,17,1,kij,7.542475,35.58983702,0,true,20260809
llm,128,512,2048,5505024,262144,47,18,0,kij,7.535365,35.62341784,0,true,20260809
llm,128,512,2048,5505024,262144,47,18,1,ikj,7.086185,37.8815196,0,true,20260809
llm,128,512,2048,5505024,262144,47,19,0,ikj,7.088168,37.8709218,0,true,20260809
llm,128,512,2048,5505024,262144,47,19,1,kij,7.542526,35.58959638,0,true,20260809
llm,128,512,8192,21233664,262144,11,0,0,kij,38.992886,27.53686465,0,true,20260809
llm,128,512,8192,21233664,262144,11,0,1,ikj,31.777444,33.78943328,0,true,20260809
llm,128,512,8192,21233664,262144,11,1,0,kij,39.028309,27.51187155,0,true,20260809
llm,128,512,8192,21233664,262144,11,1,1,ikj,31.731105,33.8387782,0,true,20260809
llm,128,512,8192,21233664,262144,11,2,0,kij,38.973747,27.55038729,0,true,20260809
llm,128,512,8192,21233664,262144,11,2,1,ikj,31.751846,33.81667397,0,true,20260809
llm,128,512,8192,21233664,262144,11,3,0,kij,38.991513,27.5378343,0,true,20260809
llm,128,512,8192,21233664,262144,11,3,1,ikj,31.750314,33.81830567,0,true,20260809
llm,128,512,8192,21233664,262144,11,4,0,kij,38.945463,27.57039566,0,true,20260809
llm,128,512,8192,21233664,262144,11,4,1,ikj,31.708191,33.86323187,0,true,20260809
llm,128,512,8192,21233664,262144,11,5,0,kij,39.010452,27.52446508,0,true,20260809
llm,128,512,8192,21233664,262144,11,5,1,ikj,31.811667,33.7530826,0,true,20260809
llm,128,512,8192,21233664,262144,11,6,0,kij,38.954337,27.56411498,0,true,20260809
llm,128,512,8192,21233664,262144,11,6,1,ikj,31.791166,33.77484877,0,true,20260809
llm,128,512,8192,21233664,262144,11,7,0,ikj,31.674239,33.89953028,0,true,20260809
llm,128,512,8192,21233664,262144,11,7,1,kij,38.92989,27.58142456,0,true,20260809
llm,128,512,8192,21233664,262144,11,8,0,ikj,31.724755,33.84555134,0,true,20260809
llm,128,512,8192,21233664,262144,11,8,1,kij,39.017853,27.51924418,0,true,20260809
llm,128,512,8192,21233664,262144,11,9,0,ikj,31.759728,33.80828148,0,true,20260809
llm,128,512,8192,21233664,262144,11,9,1,kij,38.977231,27.54792468,0,true,20260809
llm,128,512,8192,21233664,262144,11,10,0,ikj,31.765006,33.80266398,0,true,20260809
llm,128,512,8192,21233664,262144,11,10,1,kij,39.059758,27.48972034,0,true,20260809
llm,128,512,8192,21233664,262144,11,11,0,ikj,31.743153,33.82593481,0,true,20260809
llm,128,512,8192,21233664,262144,11,11,1,kij,39.043552,27.50113063,0,true,20260809
llm,128,512,8192,21233664,262144,11,12,0,ikj,31.721191,33.84935402,0,true,20260809
llm,128,512,8192,21233664,262144,11,12,1,kij,39.039245,27.50416469,0,true,20260809
llm,128,512,8192,21233664,262144,11,13,0,ikj,31.78745,33.7787971,0,true,20260809
llm,128,512,8192,21233664,262144,11,13,1,kij,38.950592,27.5667652,0,true,20260809
llm,128,512,8192,21233664,262144,11,14,0,kij,38.973887,27.55028833,0,true,20260809
llm,128,512,8192,21233664,262144,11,14,1,ikj,31.801972,33.76337241,0,true,20260809
llm,128,512,8192,21233664,262144,11,15,0,ikj,31.703243,33.86851698,0,true,20260809
llm,128,512,8192,21233664,262144,11,15,1,kij,38.959184,27.56068567,0,true,20260809
llm,128,512,8192,21233664,262144,11,16,0,ikj,31.770325,33.79700472,0,true,20260809
llm,128,512,8192,21233664,262144,11,16,1,kij,39.006697,27.52711474,0,true,20260809
llm,128,512,8192,21233664,262144,11,17,0,kij,38.979325,27.54644479,0,true,20260809
llm,128,512,8192,21233664,262144,11,17,1,ikj,31.723123,33.84729253,0,true,20260809
llm,128,512,8192,21233664,262144,11,18,0,ikj,31.715802,33.85510554,0,true,20260809
llm,128,512,8192,21233664,262144,11,18,1,kij,38.986436,27.54142041,0,true,20260809
llm,128,512,8192,21233664,262144,11,19,0,ikj,31.719717,33.85092698,0,true,20260809
llm,128,512,8192,21233664,262144,11,19,1,kij,39.119097,27.44802172,0,true,20260809
llm,128,512,8192,21233664,262144,29,0,0,kij,39.034128,27.50777023,0,true,20260809
llm,128,512,8192,21233664,262144,29,0,1,ikj,31.763985,33.80375051,0,true,20260809
llm,128,512,8192,21233664,262144,29,1,0,ikj,31.740269,33.82900832,0,true,20260809
llm,128,512,8192,21233664,262144,29,1,1,kij,38.953626,27.56461809,0,true,20260809
llm,128,512,8192,21233664,262144,29,2,0,kij,38.996932,27.53400765,0,true,20260809
llm,128,512,8192,21233664,262144,29,2,1,ikj,31.801491,33.76388308,0,true,20260809
llm,128,512,8192,21233664,262144,29,3,0,kij,38.968519,27.55408344,0,true,20260809
llm,128,512,8192,21233664,262144,29,3,1,ikj,31.764856,33.8028236,0,true,20260809
llm,128,512,8192,21233664,262144,29,4,0,kij,38.967858,27.55455083,0,true,20260809
llm,128,512,8192,21233664,262144,29,4,1,ikj,31.740349,33.82892305,0,true,20260809
llm,128,512,8192,21233664,262144,29,5,0,ikj,31.694089,33.87829901,0,true,20260809
llm,128,512,8192,21233664,262144,29,5,1,kij,38.960267,27.55991955,0,true,20260809
llm,128,512,8192,21233664,262144,29,6,0,ikj,31.761621,33.8062665,0,true,20260809
llm,128,512,8192,21233664,262144,29,6,1,kij,38.935498,27.57745192,0,true,20260809
llm,128,512,8192,21233664,262144,29,7,0,kij,38.987448,27.54070551,0,true,20260809
llm,128,512,8192,21233664,262144,29,7,1,ikj,31.710774,33.86047354,0,true,20260809
llm,128,512,8192,21233664,262144,29,8,0,ikj,31.707789,33.8636612,0,true,20260809
llm,128,512,8192,21233664,262144,29,8,1,kij,38.944233,27.57126643,0,true,20260809
llm,128,512,8192,21233664,262144,29,9,0,kij,38.933015,27.5792107,0,true,20260809
llm,128,512,8192,21233664,262144,29,9,1,ikj,31.814581,33.74999105,0,true,20260809
llm,128,512,8192,21233664,262144,29,10,0,ikj,31.726978,33.8431799,0,true,20260809
llm,128,512,8192,21233664,262144,29,10,1,kij,39.066387,27.48505573,0,true,20260809
llm,128,512,8192,21233664,262144,29,11,0,ikj,31.755992,33.81225893,0,true,20260809
llm,128,512,8192,21233664,262144,29,11,1,kij,38.988449,27.53999842,0,true,20260809
llm,128,512,8192,21233664,262144,29,12,0,kij,39.00898,27.52550372,0,true,20260809
llm,128,512,8192,21233664,262144,29,12,1,ikj,31.75472,33.81361335,0,true,20260809
llm,128,512,8192,21233664,262144,29,13,0,ikj,31.697835,33.87429533,0,true,20260809
llm,128,512,8192,21233664,262144,29,13,1,kij,39.019957,27.51776031,0,true,20260809
llm,128,512,8192,21233664,262144,29,14,0,kij,38.95606,27.56289584,0,true,20260809
llm,128,512,8192,21233664,262144,29,14,1,ikj,31.798808,33.76673189,0,true,20260809
llm,128,512,8192,21233664,262144,29,15,0,ikj,31.726408,33.84378793,0,true,20260809
llm,128,512,8192,21233664,262144,29,15,1,kij,39.025906,27.51356558,0,true,20260809
llm,128,512,8192,21233664,262144,29,16,0,kij,38.955769,27.56310173,0,true,20260809
llm,128,512,8192,21233664,262144,29,16,1,ikj,31.74704,33.82179328,0,true,20260809
llm,128,512,8192,21233664,262144,29,17,0,ikj,31.727329,33.84280549,0,true,20260809
llm,128,512,8192,21233664,262144,29,17,1,kij,38.978314,27.54715927,0,true,20260809
llm,128,512,8192,21233664,262144,29,18,0,ikj,31.750875,33.81770814,0,true,20260809
llm,128,512,8192,21233664,262144,29,18,1,kij,38.98269,27.54406697,0,true,20260809
llm,128,512,8192,21233664,262144,29,19,0,ikj,31.702271,33.8695554,0,true,20260809
llm,128,512,8192,21233664,262144,29,19,1,kij,38.939435,27.57466368,0,true,20260809
llm,128,512,8192,21233664,262144,47,0,0,kij,38.978123,27.54729426,0,true,20260809
llm,128,512,8192,21233664,262144,47,0,1,ikj,31.734289,33.83538305,0,true,20260809
llm,128,512,8192,21233664,262144,47,1,0,kij,38.944082,27.57137333,0,true,20260809
llm,128,512,8192,21233664,262144,47,1,1,ikj,31.72181,33.8486935,0,true,20260809
llm,128,512,8192,21233664,262144,47,2,0,kij,39.091395,27.46747268,0,true,20260809
llm,128,512,8192,21233664,262144,47,2,1,ikj,31.778637,33.7881648,0,true,20260809
llm,128,512,8192,21233664,262144,47,3,0,ikj,31.755231,33.81306922,0,true,20260809
llm,128,512,8192,21233664,262144,47,3,1,kij,38.960867,27.55949512,0,true,20260809
llm,128,512,8192,21233664,262144,47,4,0,kij,39.007087,27.52683952,0,true,20260809
llm,128,512,8192,21233664,262144,47,4,1,ikj,31.815413,33.74910846,0,true,20260809
llm,128,512,8192,21233664,262144,47,5,0,kij,38.994028,27.53605819,0,true,20260809
llm,128,512,8192,21233664,262144,47,5,1,ikj,31.755953,33.81230045,0,true,20260809
llm,128,512,8192,21233664,262144,47,6,0,kij,38.92937,27.58179298,0,true,20260809
llm,128,512,8192,21233664,262144,47,6,1,ikj,31.740659,33.82859266,0,true,20260809
llm,128,512,8192,21233664,262144,47,7,0,ikj,31.736864,33.83263778,0,true,20260809
llm,128,512,8192,21233664,262144,47,7,1,kij,38.955379,27.56337768,0,true,20260809
llm,128,512,8192,21233664,262144,47,8,0,kij,38.989821,27.53902933,0,true,20260809
llm,128,512,8192,21233664,262144,47,8,1,ikj,31.73477,33.83487021,0,true,20260809
llm,128,512,8192,21233664,262144,47,9,0,ikj,31.733559,33.8361614,0,true,20260809
llm,128,512,8192,21233664,262144,47,9,1,kij,38.954618,27.56391614,0,true,20260809
llm,128,512,8192,21233664,262144,47,10,0,ikj,31.80064,33.76478662,0,true,20260809
llm,128,512,8192,21233664,262144,47,10,1,kij,38.978234,27.54721581,0,true,20260809
llm,128,512,8192,21233664,262144,47,11,0,ikj,31.803013,33.76226724,0,true,20260809
llm,128,512,8192,21233664,262144,47,11,1,kij,38.936721,27.57658571,0,true,20260809
llm,128,512,8192,21233664,262144,47,12,0,kij,38.977322,27.54786037,0,true,20260809
llm,128,512,8192,21233664,262144,47,12,1,ikj,31.739038,33.83032038,0,true,20260809
llm,128,512,8192,21233664,262144,47,13,0,kij,38.974848,27.54960902,0,true,20260809
llm,128,512,8192,21233664,262144,47,13,1,ikj,31.730854,33.83904587,0,true,20260809
llm,128,512,8192,21233664,262144,47,14,0,ikj,31.72774,33.84236709,0,true,20260809
llm,128,512,8192,21233664,262144,47,14,1,kij,38.953776,27.56451195,0,true,20260809
llm,128,512,8192,21233664,262144,47,15,0,ikj,31.734611,33.83503973,0,true,20260809
llm,128,512,8192,21233664,262144,47,15,1,kij,38.980857,27.54536218,0,true,20260809
llm,128,512,8192,21233664,262144,47,16,0,ikj,31.728821,33.84121408,0,true,20260809
llm,128,512,8192,21233664,262144,47,16,1,kij,39.060417,27.48925655,0,true,20260809
llm,128,512,8192,21233664,262144,47,17,0,ikj,31.789183,33.77695564,0,true,20260809
llm,128,512,8192,21233664,262144,47,17,1,kij,38.97594,27.54883715,0,true,20260809
llm,128,512,8192,21233664,262144,47,18,0,ikj,31.724044,33.84630988,0,true,20260809
llm,128,512,8192,21233664,262144,47,18,1,kij,38.965063,27.55652734,0,true,20260809
llm,128,512,8192,21233664,262144,47,19,0,kij,39.04826,27.49781486,0,true,20260809
llm,128,512,8192,21233664,262144,47,19,1,ikj,31.81404,33.75056497,0,true,20260809
llm,128,512,16384,42205184,262144,11,0,0,ikj,92.33577,23.25733189,0,true,20260809
llm,128,512,16384,42205184,262144,11,0,1,kij,89.024128,24.12249012,0,true,20260809
llm,128,512,16384,42205184,262144,11,1,0,ikj,92.147284,23.30490444,0,true,20260809
llm,128,512,16384,42205184,262144,11,1,1,kij,89.073032,24.10924608,0,true,20260809
llm,128,512,16384,42205184,262144,11,2,0,kij,89.035055,24.11952964,0,true,20260809
llm,128,512,16384,42205184,262144,11,2,1,ikj,92.056657,23.32784741,0,true,20260809
llm,128,512,16384,42205184,262144,11,3,0,kij,89.044148,24.1170666,0,true,20260809
llm,128,512,16384,42205184,262144,11,3,1,ikj,91.942756,23.35674654,0,true,20260809
llm,128,512,16384,42205184,262144,11,4,0,ikj,92.101064,23.31659977,0,true,20260809
llm,128,512,16384,42205184,262144,11,4,1,kij,88.943917,24.14424415,0,true,20260809
llm,128,512,16384,42205184,262144,11,5,0,ikj,91.66159,23.42839185,0,true,20260809
llm,128,512,16384,42205184,262144,11,5,1,kij,88.95353,24.14163494,0,true,20260809
llm,128,512,16384,42205184,262144,11,6,0,kij,88.991408,24.13135938,0,true,20260809
llm,128,512,16384,42205184,262144,11,6,1,ikj,92.25688,23.27721952,0,true,20260809
llm,128,512,16384,42205184,262144,11,7,0,kij,89.095115,24.1032704,0,true,20260809
llm,128,512,16384,42205184,262144,11,7,1,ikj,92.143789,23.30578839,0,true,20260809
llm,128,512,16384,42205184,262144,11,8,0,kij,88.986491,24.13269277,0,true,20260809
llm,128,512,16384,42205184,262144,11,8,1,ikj,92.155257,23.30288817,0,true,20260809
llm,128,512,16384,42205184,262144,11,9,0,kij,89.07152,24.10965534,0,true,20260809
llm,128,512,16384,42205184,262144,11,9,1,ikj,92.050929,23.32929902,0,true,20260809
llm,128,512,16384,42205184,262144,11,10,0,kij,88.984518,24.13322785,0,true,20260809
llm,128,512,16384,42205184,262144,11,10,1,ikj,92.244952,23.28022945,0,true,20260809
llm,128,512,16384,42205184,262144,11,11,0,ikj,92.074524,23.32332066,0,true,20260809
llm,128,512,16384,42205184,262144,11,11,1,kij,88.997528,24.12969996,0,true,20260809
llm,128,512,16384,42205184,262144,11,12,0,ikj,92.116567,23.31267564,0,true,20260809
llm,128,512,16384,42205184,262144,11,12,1,kij,88.9793,24.13464309,0,true,20260809
llm,128,512,16384,42205184,262144,11,13,0,kij,89.149178,24.08865338,0,true,20260809
llm,128,512,16384,42205184,262144,11,13,1,ikj,92.152422,23.30360506,0,true,20260809
llm,128,512,16384,42205184,262144,11,14,0,ikj,91.630242,23.43640703,0,true,20260809
llm,128,512,16384,42205184,262144,11,14,1,kij,88.937196,24.14606874,0,true,20260809
llm,128,512,16384,42205184,262144,11,15,0,kij,88.986081,24.13280396,0,true,20260809
llm,128,512,16384,42205184,262144,11,15,1,ikj,92.116659,23.31265236,0,true,20260809
llm,128,512,16384,42205184,262144,11,16,0,ikj,92.340506,23.25613906,0,true,20260809
llm,128,512,16384,42205184,262144,11,16,1,kij,88.980712,24.13426011,0,true,20260809
llm,128,512,16384,42205184,262144,11,17,0,kij,89.067924,24.11062874,0,true,20260809
llm,128,512,16384,42205184,262144,11,17,1,ikj,92.377953,23.24671178,0,true,20260809
llm,128,512,16384,42205184,262144,11,18,0,kij,89.078019,24.10789634,0,true,20260809
llm,128,512,16384,42205184,262144,11,18,1,ikj,92.13781,23.30730075,0,true,20260809
llm,128,512,16384,42205184,262144,11,19,0,kij,89.05869,24.11312863,0,true,20260809
llm,128,512,16384,42205184,262144,11,19,1,ikj,92.185803,23.2951667,0,true,20260809
llm,128,512,16384,42205184,262144,29,0,0,kij,89.112492,24.09857024,0,true,20260809
llm,128,512,16384,42205184,262144,29,0,1,ikj,91.834902,23.38417749,0,true,20260809
llm,128,512,16384,42205184,262144,29,1,0,kij,89.161515,24.08532031,0,true,20260809
llm,128,512,16384,42205184,262144,29,1,1,ikj,92.035546,23.33319833,0,true,20260809
llm,128,512,16384,42205184,262144,29,2,0,kij,89.163699,24.08473036,0,true,20260809
llm,128,512,16384,42205184,262144,29,2,1,ikj,91.934203,23.35891951,0,true,20260809
llm,128,512,16384,42205184,262144,29,3,0,kij,89.155997,24.08681099,0,true,20260809
llm,128,512,16384,42205184,262144,29,3,1,ikj,92.277362,23.27205288,0,true,20260809
llm,128,512,16384,42205184,262144,29,4,0,ikj,91.997077,23.34295521,0,true,20260809
llm,128,512,16384,42205184,262144,29,4,1,kij,89.133753,24.09282203,0,true,20260809
llm,128,512,16384,42205184,262144,29,5,0,ikj,92.148066,23.30470667,0,true,20260809
llm,128,512,16384,42205184,262144,29,5,1,kij,89.076297,24.10836239,0,true,20260809
llm,128,512,16384,42205184,262144,29,6,0,kij,89.130138,24.0937992,0,true,20260809
llm,128,512,16384,42205184,262144,29,6,1,ikj,92.11163,23.31392516,0,true,20260809
llm,128,512,16384,42205184,262144,29,7,0,kij,89.083007,24.10654647,0,true,20260809
llm,128,512,16384,42205184,262144,29,7,1,ikj,92.278823,23.27168443,0,true,20260809
llm,128,512,16384,42205184,262144,29,8,0,ikj,92.193615,23.29319279,0,true,20260809
llm,128,512,16384,42205184,262144,29,8,1,kij,89.188016,24.07816369,0,true,20260809
llm,128,512,16384,42205184,262144,29,9,0,kij,89.081564,24.10693696,0,true,20260809
llm,128,512,16384,42205184,262144,29,9,1,ikj,91.889935,23.37017267,0,true,20260809
llm,128,512,16384,42205184,262144,29,10,0,kij,88.975945,24.13555313,0,true,20260809
llm,128,512,16384,42205184,262144,29,10,1,ikj,92.020022,23.33713469,0,true,20260809
llm,128,512,16384,42205184,262144,29,11,0,ikj,92.193324,23.29326631,0,true,20260809
llm,128,512,16384,42205184,262144,29,11,1,kij,89.070468,24.1099401,0,true,20260809
llm,128,512,16384,42205184,262144,29,12,0,ikj,92.33636,23.25718328,0,true,20260809
llm,128,512,16384,42205184,262144,29,12,1,kij,89.139943,24.09114899,0,true,20260809
llm,128,512,16384,42205184,262144,29,13,0,kij,89.28975,24.05072976,0,true,20260809
llm,128,512,16384,42205184,262144,29,13,1,ikj,92.280526,23.27125496,0,true,20260809
llm,128,512,16384,42205184,262144,29,14,0,ikj,92.093784,23.31844295,0,true,20260809
llm,128,512,16384,42205184,262144,29,14,1,kij,89.091188,24.10433283,0,true,20260809
llm,128,512,16384,42205184,262144,29,15,0,ikj,92.043197,23.33125878,0,true,20260809
llm,128,512,16384,42205184,262144,29,15,1,kij,89.141775,24.09065388,0,true,20260809
llm,128,512,16384,42205184,262144,29,16,0,ikj,92.377323,23.24687032,0,true,20260809
llm,128,512,16384,42205184,262144,29,16,1,kij,89.101745,24.10147689,0,true,20260809
llm,128,512,16384,42205184,262144,29,17,0,kij,89.026661,24.12180378,0,true,20260809
llm,128,512,16384,42205184,262144,29,17,1,ikj,92.451145,23.22830775,0,true,20260809
llm,128,512,16384,42205184,262144,29,18,0,kij,89.129527,24.09396437,0,true,20260809
llm,128,512,16384,42205184,262144,29,18,1,ikj,91.884977,23.3714337,0,true,20260809
llm,128,512,16384,42205184,262144,29,19,0,ikj,92.029256,23.3347931,0,true,20260809
llm,128,512,16384,42205184,262144,29,19,1,kij,89.200735,24.07473042,0,true,20260809
llm,128,512,16384,42205184,262144,47,0,0,ikj,91.909746,23.36513527,0,true,20260809
llm,128,512,16384,42205184,262144,47,0,1,kij,89.007181,24.12708305,0,true,20260809
llm,128,512,16384,42205184,262144,47,1,0,kij,89.020653,24.12343176,0,true,20260809
llm,128,512,16384,42205184,262144,47,1,1,ikj,92.549533,23.20361409,0,true,20260809
llm,128,512,16384,42205184,262144,47,2,0,ikj,92.130279,23.30920596,0,true,20260809
llm,128,512,16384,42205184,262144,47,2,1,kij,88.947932,24.14315431,0,true,20260809
llm,128,512,16384,42205184,262144,47,3,0,ikj,91.88695,23.37093187,0,true,20260809
llm,128,512,16384,42205184,262144,47,3,1,kij,88.876784,24.16248149,0,true,20260809
llm,128,512,16384,42205184,262144,47,4,0,ikj,92.021835,23.33667491,0,true,20260809
llm,128,512,16384,42205184,262144,47,4,1,kij,88.867911,24.16489399,0,true,20260809
llm,128,512,16384,42205184,262144,47,5,0,ikj,92.063838,23.32602784,0,true,20260809
llm,128,512,16384,42205184,262144,47,5,1,kij,88.938978,24.14558494,0,true,20260809
llm,128,512,16384,42205184,262144,47,6,0,ikj,92.378795,23.24649989,0,true,20260809
llm,128,512,16384,42205184,262144,47,6,1,kij,88.915724,24.1518997,0,true,20260809
llm,128,512,16384,42205184,262144,47,7,0,ikj,92.100955,23.31662737,0,true,20260809
llm,128,512,16384,42205184,262144,47,7,1,kij,88.781911,24.18830169,0,true,20260809
llm,128,512,16384,42205184,262144,47,8,0,kij,88.902183,24.15557836,0,true,20260809
llm,128,512,16384,42205184,262144,47,8,1,ikj,92.082737,23.32124042,0,true,20260809
llm,128,512,16384,42205184,262144,47,9,0,kij,88.826349,24.17620078,0,true,20260809
llm,128,512,16384,42205184,262144,47,9,1,ikj,92.163429,23.30082193,0,true,20260809
llm,128,512,16384,42205184,262144,47,10,0,ikj,91.961113,23.35208414,0,true,20260809
llm,128,512,16384,42205184,262144,47,10,1,kij,89.037037,24.11899273,0,true,20260809
llm,128,512,16384,42205184,262144,47,11,0,kij,88.91292,24.15266137,0,true,20260809
llm,128,512,16384,42205184,262144,47,11,1,ikj,92.164871,23.30045737,0,true,20260809
llm,128,512,16384,42205184,262144,47,12,0,kij,88.916664,24.15164438,0,true,20260809
llm,128,512,16384,42205184,262144,47,12,1,ikj,92.053112,23.32874578,0,true,20260809
llm,128,512,16384,42205184,262144,47,13,0,ikj,91.868253,23.37568831,0,true,20260809
llm,128,512,16384,42205184,262144,47,13,1,kij,88.888061,24.15941605,0,true,20260809
llm,128,512,16384,42205184,262144,47,14,0,kij,89.037277,24.11892772,0,true,20260809
llm,128,512,16384,42205184,262144,47,14,1,ikj,91.764916,23.40201181,0,true,20260809
llm,128,512,16384,42205184,262144,47,15,0,ikj,92.120515,23.31167654,0,true,20260809
llm,128,512,16384,42205184,262144,47,15,1,kij,88.872307,24.16369869,0,true,20260809
llm,128,512,16384,42205184,262144,47,16,0,ikj,92.070438,23.32435573,0,true,20260809
llm,128,512,16384,42205184,262144,47,16,1,kij,88.898558,24.15656335,0,true,20260809
llm,128,512,16384,42205184,262144,47,17,0,kij,89.029015,24.12116598,0,true,20260809
llm,128,512,16384,42205184,262144,47,17,1,ikj,92.041313,23.33173635,0,true,20260809
llm,128,512,16384,42205184,262144,47,18,0,ikj,92.43466,23.23245034,0,true,20260809
llm,128,512,16384,42205184,262144,47,18,1,kij,88.921712,24.15027331,0,true,20260809
llm,128,512,16384,42205184,262144,47,19,0,ikj,92.255698,23.27751775,0,true,20260809
llm,128,512,16384,42205184,262144,47,19,1,kij,88.925368,24.14928042,0,true,20260809
