matrix_size,round,order_position,loop_order,elapsed_ms,gflops,max_abs_error,correct,seed
32,0,0,kji,0.0463,1.415464363,0,true,20260809
32,0,1,jki,0.034743,1.886308033,0,true,20260809
32,0,2,ikj,0.009534,6.8739249,0,true,20260809
32,0,3,jik,0.044657,1.467541483,0,true,20260809
32,0,4,kij,0.005468,11.98536942,0,true,20260809
32,0,5,ijk,0.043586,1.503602074,0,true,20260809
32,1,0,ijk,0.043565,1.504326868,0,true,20260809
32,1,1,kji,0.04631,1.415158713,0,true,20260809
32,1,2,jki,0.034742,1.886362328,0,true,20260809
32,1,3,kij,0.005578,11.74901398,0,true,20260809
32,1,4,jik,0.044658,1.467508621,0,true,20260809
32,1,5,ikj,0.009535,6.873203985,0,true,20260809
32,2,0,jik,0.044648,1.467837305,0,true,20260809
32,2,1,kij,0.005459,12.00512914,0,true,20260809
32,2,2,jki,0.034723,1.887394522,0,true,20260809
32,2,3,ikj,0.009515,6.887651077,0,true,20260809
32,2,4,kji,0.04631,1.415158713,0,true,20260809
32,2,5,ijk,0.043575,1.503981641,0,true,20260809
32,3,0,ikj,0.009534,6.8739249,0,true,20260809
32,3,1,kji,0.04627,1.416382105,0,true,20260809
32,3,2,ijk,0.043776,1.497076023,0,true,20260809
32,3,3,kij,0.005479,11.96130681,0,true,20260809
32,3,4,jik,0.044628,1.468495115,0,true,20260809
32,3,5,jki,0.034733,1.886851121,0,true,20260809
32,4,0,ijk,0.043767,1.497383874,0,true,20260809
32,4,1,kji,0.0463,1.415464363,0,true,20260809
32,4,2,kij,0.005488,11.94169096,0,true,20260809
32,4,3,ikj,0.009694,6.760470394,0,true,20260809
32,4,4,jik,0.044637,1.468199028,0,true,20260809
32,4,5,jki,0.034733,1.886851121,0,true,20260809
32,5,0,jki,0.034733,1.886851121,0,true,20260809
32,5,1,ikj,0.009485,6.909435952,0,true,20260809
32,5,2,kij,0.005509,11.8961699,0,true,20260809
32,5,3,ijk,0.043575,1.503981641,0,true,20260809
32,5,4,kji,0.04631,1.415158713,0,true,20260809
32,5,5,jik,0.044677,1.466884527,0,true,20260809
32,6,0,jik,0.044667,1.467212931,0,true,20260809
32,6,1,ikj,0.009544,6.866722548,0,true,20260809
32,6,2,ijk,0.043576,1.503947127,0,true,20260809
32,6,3,kij,0.005469,11.98317791,0,true,20260809
32,6,4,jki,0.034723,1.887394522,0,true,20260809
32,6,5,kji,0.0463,1.415464363,0,true,20260809
32,7,0,kij,0.005468,11.98536942,0,true,20260809
32,7,1,jki,0.034732,1.886905447,0,true,20260809
32,7,2,jik,0.044667,1.467212931,0,true,20260809
32,7,3,ijk,0.043576,1.503947127,0,true,20260809
32,7,4,kji,0.04629,1.415770145,0,true,20260809
32,7,5,ikj,0.009554,6.859535273,0,true,20260809
32,8,0,ijk,0.043576,1.503947127,0,true,20260809
32,8,1,kji,0.04629,1.415770145,0,true,20260809
32,8,2,jik,0.044667,1.467212931,0,true,20260809
32,8,3,jki,0.034733,1.886851121,0,true,20260809
32,8,4,ikj,0.009494,6.902886033,0,true,20260809
32,8,5,kij,0.005458,12.00732869,0,true,20260809
32,9,0,ikj,0.009504,6.895622896,0,true,20260809
32,9,1,jik,0.044667,1.467212931,0,true,20260809
32,9,2,kji,0.04628,1.416076059,0,true,20260809
32,9,3,jki,0.034732,1.886905447,0,true,20260809
32,9,4,kij,0.005438,12.05148952,0,true,20260809
32,9,5,ijk,0.043575,1.503981641,0,true,20260809
32,10,0,kij,0.005378,12.18594273,0,true,20260809
32,10,1,kji,0.04629,1.415770145,0,true,20260809
32,10,2,jik,0.044678,1.466851694,0,true,20260809
32,10,3,ikj,0.009495,6.902159031,0,true,20260809
32,10,4,jki,0.034723,1.887394522,0,true,20260809
32,10,5,ijk,0.043556,1.504637708,0,true,20260809
32,11,0,jki,0.034733,1.886851121,0,true,20260809
32,11,1,kji,0.04633,1.414547809,0,true,20260809
32,11,2,ijk,0.043556,1.504637708,0,true,20260809
32,11,3,ikj,0.009515,6.887651077,0,true,20260809
32,11,4,jik,0.044638,1.468166136,0,true,20260809
32,11,5,kij,0.005459,12.00512914,0,true,20260809
32,12,0,ikj,0.009545,6.866003143,0,true,20260809
32,12,1,jki,0.034733,1.886851121,0,true,20260809
32,12,2,kij,0.005419,12.09374423,0,true,20260809
32,12,3,ijk,0.043566,1.504292338,0,true,20260809
32,12,4,kji,0.04628,1.416076059,0,true,20260809
32,12,5,jik,0.044818,1.462269624,0,true,20260809
32,13,0,kij,0.005448,12.02936858,0,true,20260809
32,13,1,kji,0.04628,1.416076059,0,true,20260809
32,13,2,jki,0.034733,1.886851121,0,true,20260809
32,13,3,ikj,0.009515,6.887651077,0,true,20260809
32,13,4,ijk,0.043556,1.504637708,0,true,20260809
32,13,5,jik,0.044617,1.468857162,0,true,20260809
32,14,0,kji,0.0463,1.415464363,0,true,20260809
32,14,1,jik,0.044618,1.468824241,0,true,20260809
32,14,2,ikj,0.009545,6.866003143,0,true,20260809
32,14,3,jki,0.034733,1.886851121,0,true,20260809
32,14,4,kij,0.005439,12.04927376,0,true,20260809
32,14,5,ijk,0.043556,1.504637708,0,true,20260809
32,15,0,jki,0.034732,1.886905447,0,true,20260809
32,15,1,kji,0.04629,1.415770145,0,true,20260809
32,15,2,ijk,0.043566,1.504292338,0,true,20260809
32,15,3,jik,0.044617,1.468857162,0,true,20260809
32,15,4,kij,0.005428,12.07369197,0,true,20260809
32,15,5,ikj,0.009494,6.902886033,0,true,20260809
32,16,0,kij,0.005438,12.05148952,0,true,20260809
32,16,1,jik,0.044617,1.468857162,0,true,20260809
32,16,2,ikj,0.009554,6.859535273,0,true,20260809
32,16,3,jki,0.044577,1.470175202,0,true,20260809
32,16,4,kji,0.0463,1.415464363,0,true,20260809
32,16,5,ijk,0.043586,1.503602074,0,true,20260809
32,17,0,jik,0.044647,1.467870182,0,true,20260809
32,17,1,ikj,0.009504,6.895622896,0,true,20260809
32,17,2,ijk,0.043566,1.504292338,0,true,20260809
32,17,3,jki,0.034733,1.886851121,0,true,20260809
32,17,4,kij,0.005509,11.8961699,0,true,20260809
32,17,5,kji,0.04628,1.416076059,0,true,20260809
32,18,0,jki,0.034722,1.88744888,0,true,20260809
32,18,1,kji,0.04625,1.416994595,0,true,20260809
32,18,2,ijk,0.043576,1.503947127,0,true,20260809
32,18,3,ikj,0.009524,6.881142377,0,true,20260809
32,18,4,kij,0.005488,11.94169096,0,true,20260809
32,18,5,jik,0.044637,1.468199028,0,true,20260809
32,19,0,jik,0.044637,1.468199028,0,true,20260809
32,19,1,kji,0.04629,1.415770145,0,true,20260809
32,19,2,kij,0.005459,12.00512914,0,true,20260809
32,19,3,ikj,0.009505,6.894897422,0,true,20260809
32,19,4,ijk,0.043556,1.504637708,0,true,20260809
32,19,5,jki,0.034732,1.886905447,0,true,20260809
32,20,0,ijk,0.043556,1.504637708,0,true,20260809
32,20,1,ikj,0.009555,6.858817373,0,true,20260809
32,20,2,kji,0.04629,1.415770145,0,true,20260809
32,20,3,kij,0.005478,11.96349032,0,true,20260809
32,20,4,jik,0.044637,1.468199028,0,true,20260809
32,20,5,jki,0.034722,1.88744888,0,true,20260809
32,21,0,jki,0.034722,1.88744888,0,true,20260809
32,21,1,ijk,0.043566,1.504292338,0,true,20260809
32,21,2,ikj,0.009515,6.887651077,0,true,20260809
32,21,3,jik,0.044657,1.467541483,0,true,20260809
32,21,4,kji,0.04631,1.415158713,0,true,20260809
32,21,5,kij,0.005629,11.64256529,0,true,20260809
32,22,0,kji,0.04628,1.416076059,0,true,20260809
32,22,1,ijk,0.043576,1.503947127,0,true,20260809
32,22,2,jki,0.034723,1.887394522,0,true,20260809
32,22,3,jik,0.044638,1.468166136,0,true,20260809
32,22,4,kij,0.005638,11.62398013,0,true,20260809
32,22,5,ikj,0.009544,6.866722548,0,true,20260809
32,23,0,kij,0.005598,11.70703823,0,true,20260809
32,23,1,jki,0.034732,1.886905447,0,true,20260809
32,23,2,ikj,0.009504,6.895622896,0,true,20260809
32,23,3,jik,0.044637,1.468199028,0,true,20260809
32,23,4,kji,0.04629,1.415770145,0,true,20260809
32,23,5,ijk,0.043566,1.504292338,0,true,20260809
32,24,0,ijk,0.043566,1.504292338,0,true,20260809
32,24,1,jki,0.034733,1.886851121,0,true,20260809
32,24,2,kij,0.005629,11.64256529,0,true,20260809
32,24,3,kji,0.04629,1.415770145,0,true,20260809
32,24,4,ikj,0.009525,6.880419948,0,true,20260809
32,24,5,jik,0.044638,1.468166136,0,true,20260809
32,25,0,jki,0.034723,1.887394522,0,true,20260809
32,25,1,kji,0.0463,1.415464363,0,true,20260809
32,25,2,ikj,0.009494,6.902886033,0,true,20260809
32,25,3,ijk,0.043576,1.503947127,0,true,20260809
32,25,4,jik,0.044638,1.468166136,0,true,20260809
32,25,5,kij,0.005629,11.64256529,0,true,20260809
32,26,0,ijk,0.043576,1.503947127,0,true,20260809
32,26,1,ikj,0.009524,6.881142377,0,true,20260809
32,26,2,kji,0.04629,1.415770145,0,true,20260809
32,26,3,jki,0.034733,1.886851121,0,true,20260809
32,26,4,jik,0.044638,1.468166136,0,true,20260809
32,26,5,kij,0.005638,11.62398013,0,true,20260809
32,27,0,kij,0.005598,11.70703823,0,true,20260809
32,27,1,jki,0.034722,1.88744888,0,true,20260809
32,27,2,jik,0.044647,1.467870182,0,true,20260809
32,27,3,kji,0.04629,1.415770145,0,true,20260809
32,27,4,ikj,0.009485,6.909435952,0,true,20260809
32,27,5,ijk,0.043576,1.503947127,0,true,20260809
32,28,0,ijk,0.043556,1.504637708,0,true,20260809
32,28,1,ikj,0.009515,6.887651077,0,true,20260809
32,28,2,jki,0.034723,1.887394522,0,true,20260809
32,28,3,kij,0.005589,11.72589014,0,true,20260809
32,28,4,jik,0.044628,1.468495115,0,true,20260809
32,28,5,kji,0.04629,1.415770145,0,true,20260809
32,29,0,ikj,0.009524,6.881142377,0,true,20260809
32,29,1,kij,0.005608,11.68616262,0,true,20260809
32,29,2,kji,0.04629,1.415770145,0,true,20260809
32,29,3,jki,0.034732,1.886905447,0,true,20260809
32,29,4,ijk,0.043576,1.503947127,0,true,20260809
32,29,5,jik,0.044638,1.468166136,0,true,20260809
32,30,0,jik,0.044648,1.467837305,0,true,20260809
32,30,1,kij,0.005559,11.78917071,0,true,20260809
32,30,2,ikj,0.009515,6.887651077,0,true,20260809
32,30,3,ijk,0.043576,1.503947127,0,true,20260809
32,30,4,kji,0.0463,1.415464363,0,true,20260809
32,30,5,jki,0.034752,1.885819521,0,true,20260809
32,31,0,jik,0.044618,1.468824241,0,true,20260809
32,31,1,jki,0.034713,1.887938236,0,true,20260809
32,31,2,ikj,0.009515,6.887651077,0,true,20260809
32,31,3,kij,0.005709,11.47941846,0,true,20260809
32,31,4,kji,0.04628,1.416076059,0,true,20260809
32,31,5,ijk,0.043586,1.503602074,0,true,20260809
32,32,0,ikj,0.009535,6.873203985,0,true,20260809
32,32,1,jki,0.034723,1.887394522,0,true,20260809
32,32,2,jik,0.044618,1.468824241,0,true,20260809
32,32,3,kji,0.046289,1.41580073,0,true,20260809
32,32,4,ijk,0.043576,1.503947127,0,true,20260809
32,32,5,kij,0.005609,11.68407916,0,true,20260809
32,33,0,jik,0.044607,1.469186451,0,true,20260809
32,33,1,kji,0.04629,1.415770145,0,true,20260809
32,33,2,ikj,0.009525,6.880419948,0,true,20260809
32,33,3,ijk,0.053942,1.214934559,0,true,20260809
32,33,4,kij,0.005679,11.54005987,0,true,20260809
32,33,5,jki,0.034733,1.886851121,0,true,20260809
32,34,0,ikj,0.009574,6.845205766,0,true,20260809
32,34,1,jik,0.044647,1.467870182,0,true,20260809
32,34,2,ijk,0.043576,1.503947127,0,true,20260809
32,34,3,kij,0.005669,11.5604163,0,true,20260809
32,34,4,jki,0.034733,1.886851121,0,true,20260809
32,34,5,kji,0.04629,1.415770145,0,true,20260809
32,35,0,jik,0.044647,1.467870182,0,true,20260809
32,35,1,jki,0.034723,1.887394522,0,true,20260809
32,35,2,ikj,0.009525,6.880419948,0,true,20260809
32,35,3,ijk,0.043566,1.504292338,0,true,20260809
32,35,4,kji,0.046279,1.416106657,0,true,20260809
32,35,5,kij,0.005679,11.54005987,0,true,20260809
32,36,0,ijk,0.043556,1.504637708,0,true,20260809
32,36,1,jki,0.034722,1.88744888,0,true,20260809
32,36,2,kji,0.04628,1.416076059,0,true,20260809
32,36,3,kij,0.005679,11.54005987,0,true,20260809
32,36,4,jik,0.044637,1.468199028,0,true,20260809
32,36,5,ikj,0.009584,6.838063439,0,true,20260809
32,37,0,kji,0.04629,1.415770145,0,true,20260809
32,37,1,kij,0.005689,11.519775,0,true,20260809
32,37,2,jik,0.044658,1.467508621,0,true,20260809
32,37,3,ikj,0.009494,6.902886033,0,true,20260809
32,37,4,jki,0.034732,1.886905447,0,true,20260809
32,37,5,ijk,0.043555,1.504672253,0,true,20260809
32,38,0,kij,0.005649,11.60134537,0,true,20260809
32,38,1,ijk,0.043536,1.505328923,0,true,20260809
32,38,2,jik,0.044657,1.467541483,0,true,20260809
32,38,3,ikj,0.009524,6.881142377,0,true,20260809
32,38,4,kji,0.04629,1.415770145,0,true,20260809
32,38,5,jki,0.034733,1.886851121,0,true,20260809
32,39,0,kji,0.04629,1.415770145,0,true,20260809
32,39,1,jki,0.034712,1.887992625,0,true,20260809
32,39,2,ijk,0.043566,1.504292338,0,true,20260809
32,39,3,kij,0.005669,11.5604163,0,true,20260809
32,39,4,jik,0.044657,1.467541483,0,true,20260809
32,39,5,ikj,0.009544,6.866722548,0,true,20260809
32,40,0,jik,0.044648,1.467837305,0,true,20260809
32,40,1,ijk,0.043556,1.504637708,0,true,20260809
32,40,2,kij,0.005748,11.40153097,0,true,20260809
32,40,3,kji,0.04628,1.416076059,0,true,20260809
32,40,4,jki,0.035244,1.859493815,0,true,20260809
32,40,5,ikj,0.009735,6.731997946,0,true,20260809
32,41,0,jki,0.034772,1.884734844,0,true,20260809
32,41,1,jik,0.044868,1.4606401,0,true,20260809
32,41,2,ikj,0.009525,6.880419948,0,true,20260809
32,41,3,kji,0.04652,1.408770421,0,true,20260809
32,41,4,kij,0.005969,10.97939353,0,true,20260809
32,41,5,ijk,0.043565,1.504326868,0,true,20260809
32,42,0,jik,0.044638,1.468166136,0,true,20260809
32,42,1,ijk,0.043546,1.504983236,0,true,20260809
32,42,2,jki,0.034732,1.886905447,0,true,20260809
32,42,3,kij,0.005658,11.58289148,0,true,20260809
32,42,4,kji,0.04628,1.416076059,0,true,20260809
32,42,5,ikj,0.009634,6.802574216,0,true,20260809
32,43,0,jik,0.044728,1.465211948,0,true,20260809
32,43,1,ikj,0.009535,6.873203985,0,true,20260809
32,43,2,jki,0.034783,1.884138803,0,true,20260809
32,43,3,ijk,0.043575,1.503981641,0,true,20260809
32,43,4,kji,0.04632,1.414853195,0,true,20260809
32,43,5,kij,0.005798,11.303208,0,true,20260809
32,44,0,ikj,0.009594,6.830936002,0,true,20260809
32,44,1,jki,0.034732,1.886905447,0,true,20260809
32,44,2,kji,0.04629,1.415770145,0,true,20260809
32,44,3,jik,0.044677,1.466884527,0,true,20260809
32,44,4,ijk,0.043556,1.504637708,0,true,20260809
32,44,5,kij,0.005679,11.54005987,0,true,20260809
32,45,0,kij,0.005679,11.54005987,0,true,20260809
32,45,1,kji,0.0463,1.415464363,0,true,20260809
32,45,2,jik,0.044668,1.467180084,0,true,20260809
32,45,3,ikj,0.009515,6.887651077,0,true,20260809
32,45,4,jki,0.034733,1.886851121,0,true,20260809
32,45,5,ijk,0.043566,1.504292338,0,true,20260809
32,46,0,jki,0.034732,1.886905447,0,true,20260809
32,46,1,kji,0.0464,1.412413793,0,true,20260809
32,46,2,ijk,0.043575,1.503981641,0,true,20260809
32,46,3,kij,0.005729,11.43934369,0,true,20260809
32,46,4,ikj,0.009595,6.830224075,0,true,20260809
32,46,5,jik,0.044668,1.467180084,0,true,20260809
32,47,0,kji,0.04629,1.415770145,0,true,20260809
32,47,1,ijk,0.043566,1.504292338,0,true,20260809
32,47,2,kij,0.005708,11.48142957,0,true,20260809
32,47,3,jik,0.044657,1.467541483,0,true,20260809
32,47,4,jki,0.034732,1.886905447,0,true,20260809
32,47,5,ikj,0.009595,6.830224075,0,true,20260809
32,48,0,jki,0.034733,1.886851121,0,true,20260809
32,48,1,kji,0.0463,1.415464363,0,true,20260809
32,48,2,kij,0.005608,11.68616262,0,true,20260809
32,48,3,jik,0.044667,1.467212931,0,true,20260809
32,48,4,ijk,0.043576,1.503947127,0,true,20260809
32,48,5,ikj,0.009535,6.873203985,0,true,20260809
32,49,0,kij,0.005609,11.68407916,0,true,20260809
32,49,1,kji,0.046279,1.416106657,0,true,20260809
32,49,2,ijk,0.043566,1.504292338,0,true,20260809
32,49,3,ikj,0.009535,6.873203985,0,true,20260809
32,49,4,jki,0.034723,1.887394522,0,true,20260809
32,49,5,jik,0.044667,1.467212931,0,true,20260809
48,0,0,jik,0.186692,1.184753498,0,true,20260809
48,0,1,kji,0.153031,1.445354209,0,true,20260809
48,0,2,kij,0.017717,12.48428063,0,true,20260809
48,0,3,ijk,0.174003,1.271150497,0,true,20260809
48,0,4,ikj,0.025538,8.660975801,0,true,20260809
48,0,5,jki,0.114754,1.927462224,0,true,20260809
48,1,0,ijk,0.173952,1.271523179,0,true,20260809
48,1,1,jik,0.174734,1.265832637,0,true,20260809
48,1,2,kij,0.017446,12.67820704,0,true,20260809
48,1,3,kji,0.153001,1.44563761,0,true,20260809
48,1,4,ikj,0.025659,8.620133287,0,true,20260809
48,1,5,jki,0.114633,1.929496742,0,true,20260809
48,2,0,ikj,0.025389,8.711804325,0,true,20260809
48,2,1,kij,0.017636,12.54161941,0,true,20260809
48,2,2,jik,0.174684,1.266194958,0,true,20260809
48,2,3,jki,0.114633,1.929496742,0,true,20260809
48,2,4,ijk,0.173963,1.271442778,0,true,20260809
48,2,5,kji,0.153011,1.445543131,0,true,20260809
48,3,0,jki,0.114633,1.929496742,0,true,20260809
48,3,1,kij,0.017527,12.61961545,0,true,20260809
48,3,2,jik,0.174744,1.265760198,0,true,20260809
48,3,3,ijk,0.173943,1.271588969,0,true,20260809
48,3,4,kji,0.153021,1.445448664,0,true,20260809
48,3,5,ikj,0.025398,8.708717222,0,true,20260809
48,4,0,jik,0.174594,1.266847658,0,true,20260809
48,4,1,kij,0.017646,12.53451207,0,true,20260809
48,4,2,kji,0.153012,1.445533684,0,true,20260809
48,4,3,jki,0.114653,1.929160162,0,true,20260809
48,4,4,ikj,0.025448,8.691606413,0,true,20260809
48,4,5,ijk,0.173923,1.271735193,0,true,20260809
48,5,0,jki,0.114643,1.929328437,0,true,20260809
48,5,1,kji,0.162365,1.362264035,0,true,20260809
48,5,2,kij,0.017556,12.59876965,0,true,20260809
48,5,3,jik,0.174734,1.265832637,0,true,20260809
48,5,4,ijk,0.173963,1.271442778,0,true,20260809
48,5,5,ikj,0.025438,8.695023194,0,true,20260809
48,6,0,jki,0.114603,1.930001832,0,true,20260809
48,6,1,ikj,0.025489,8.677625642,0,true,20260809
48,6,2,ijk,0.174063,1.270712328,0,true,20260809
48,6,3,kij,0.017447,12.67748037,0,true,20260809
48,6,4,jik,0.174704,1.266050005,0,true,20260809
48,6,5,kji,0.153011,1.445543131,0,true,20260809
48,7,0,kji,0.153732,1.438763563,0,true,20260809
48,7,1,ikj,0.025559,8.653859697,0,true,20260809
48,7,2,kij,0.017396,12.71464705,0,true,20260809
48,7,3,jki,0.114623,1.929665076,0,true,20260809
48,7,4,ijk,0.173923,1.271735193,0,true,20260809
48,7,5,jik,0.174664,1.266339944,0,true,20260809
48,8,0,kji,0.152981,1.445826606,0,true,20260809
48,8,1,jki,0.114653,1.929160162,0,true,20260809
48,8,2,jik,0.174684,1.266194958,0,true,20260809
48,8,3,ijk,0.173933,1.271662077,0,true,20260809
48,8,4,ikj,0.025448,8.691606413,0,true,20260809
48,8,5,kij,0.017406,12.7073423,0,true,20260809
48,9,0,kij,0.017446,12.67820704,0,true,20260809
48,9,1,jik,0.174694,1.266122477,0,true,20260809
48,9,2,kji,0.153021,1.445448664,0,true,20260809
48,9,3,jki,0.114653,1.929160162,0,true,20260809
48,9,4,ijk,0.173943,1.271588969,0,true,20260809
48,9,5,ikj,0.025359,8.722110493,0,true,20260809
48,10,0,jki,0.114633,1.929496742,0,true,20260809
48,10,1,kji,0.153001,1.44563761,0,true,20260809
48,10,2,kij,0.017616,12.55585831,0,true,20260809
48,10,3,jik,0.182045,1.214996292,0,true,20260809
48,10,4,ikj,0.025729,8.596680788,0,true,20260809
48,10,5,ijk,0.173923,1.271735193,0,true,20260809
48,11,0,kji,0.153021,1.445448664,0,true,20260809
48,11,1,ikj,0.025449,8.691264883,0,true,20260809
48,11,2,ijk,0.173922,1.271742505,0,true,20260809
48,11,3,kij,0.017617,12.5551456,0,true,20260809
48,11,4,jik,0.177568,1.245629843,0,true,20260809
48,11,5,jki,0.114613,1.929833439,0,true,20260809
48,12,0,jik,0.174684,1.266194958,0,true,20260809
48,12,1,ikj,0.025469,8.684439907,0,true,20260809
48,12,2,ijk,0.173942,1.271596279,0,true,20260809
48,12,3,kij,0.017607,12.56227637,0,true,20260809
48,12,4,kji,0.153001,1.44563761,0,true,20260809
48,12,5,jki,0.114643,1.929328437,0,true,20260809
48,13,0,kij,0.017447,12.67748037,0,true,20260809
48,13,1,jki,0.115434,1.916107906,0,true,20260809
48,13,2,ikj,0.025468,8.684780902,0,true,20260809
48,13,3,jik,0.174674,1.266267447,0,true,20260809
48,13,4,ijk,0.173943,1.271588969,0,true,20260809
48,13,5,kji,0.153021,1.445448664,0,true,20260809
48,14,0,jki,0.114623,1.929665076,0,true,20260809
48,14,1,kji,0.152971,1.445921122,0,true,20260809
48,14,2,ijk,0.173973,1.271369695,0,true,20260809
48,14,3,jik,0.174654,1.26641245,0,true,20260809
48,14,4,kij,0.017506,12.6347538,0,true,20260809
48,14,5,ikj,0.025639,8.626857522,0,true,20260809
48,15,0,ijk,0.174063,1.270712328,0,true,20260809
48,15,1,ikj,0.025549,8.657246859,0,true,20260809
48,15,2,jik,0.174694,1.266122477,0,true,20260809
48,15,3,jki,0.114623,1.929665076,0,true,20260809
48,15,4,kji,0.162075,1.364701527,0,true,20260809
48,15,5,kij,0.017576,12.58443332,0,true,20260809
48,16,0,ikj,0.025559,8.653859697,0,true,20260809
48,16,1,ijk,0.173943,1.271588969,0,true,20260809
48,16,2,jik,0.174663,1.266347194,0,true,20260809
48,16,3,jki,0.114604,1.929984992,0,true,20260809
48,16,4,kji,0.153001,1.44563761,0,true,20260809
48,16,5,kij,0.017576,12.58443332,0,true,20260809
48,17,0,jki,0.114623,1.929665076,0,true,20260809
48,17,1,ijk,0.173933,1.271662077,0,true,20260809
48,17,2,ikj,0.025609,8.636963567,0,true,20260809
48,17,3,jik,0.174644,1.266484964,0,true,20260809
48,17,4,kij,0.017426,12.69275795,0,true,20260809
48,17,5,kji,0.153001,1.44563761,0,true,20260809
48,18,0,kji,0.153001,1.44563761,0,true,20260809
48,18,1,jki,0.114664,1.928975092,0,true,20260809
48,18,2,jik,0.174663,1.266347194,0,true,20260809
48,18,3,ijk,0.173983,1.271296621,0,true,20260809
48,18,4,kij,0.017677,12.51253041,0,true,20260809
48,18,5,ikj,0.025468,8.684780902,0,true,20260809
48,19,0,ijk,0.173943,1.271588969,0,true,20260809
48,19,1,kji,0.153011,1.445543131,0,true,20260809
48,19,2,jik,0.174634,1.266557486,0,true,20260809
48,19,3,ikj,0.025459,8.687851055,0,true,20260809
48,19,4,kij,0.017386,12.7219602,0,true,20260809
48,19,5,jki,0.114623,1.929665076,0,true,20260809
48,20,0,kji,0.153873,1.437445166,0,true,20260809
48,20,1,jki,0.115014,1.923105013,0,true,20260809
48,20,2,jik,0.174634,1.266557486,0,true,20260809
48,20,3,ijk,0.173933,1.271662077,0,true,20260809
48,20,4,ikj,0.025438,8.695023194,0,true,20260809
48,20,5,kij,0.017727,12.47723811,0,true,20260809
48,21,0,jik,0.183417,1.205907849,0,true,20260809
48,21,1,ikj,0.025459,8.687851055,0,true,20260809
48,21,2,kji,0.153022,1.445439218,0,true,20260809
48,21,3,ijk,0.173952,1.271523179,0,true,20260809
48,21,4,kij,0.017447,12.67748037,0,true,20260809
48,21,5,jki,0.114613,1.929833439,0,true,20260809
48,22,0,ijk,0.173923,1.271735193,0,true,20260809
48,22,1,kji,0.153011,1.445543131,0,true,20260809
48,22,2,ikj,0.025428,8.698442662,0,true,20260809
48,22,3,jik,0.174604,1.266775103,0,true,20260809
48,22,4,kij,0.017646,12.53451207,0,true,20260809
48,22,5,jki,0.114624,1.929648241,0,true,20260809
48,23,0,kji,0.153021,1.445448664,0,true,20260809
48,23,1,ijk,0.173973,1.271369695,0,true,20260809
48,23,2,ikj,0.025508,8.671161988,0,true,20260809
48,23,3,kij,0.017497,12.64125279,0,true,20260809
48,23,4,jik,0.174684,1.266194958,0,true,20260809
48,23,5,jki,0.114633,1.929496742,0,true,20260809
48,24,0,ikj,0.025699,8.606716215,0,true,20260809
48,24,1,kji,0.153221,1.443561914,0,true,20260809
48,24,2,ijk,0.173983,1.271296621,0,true,20260809
48,24,3,jki,0.114633,1.929496742,0,true,20260809
48,24,4,kij,0.017326,12.76601639,0,true,20260809
48,24,5,jik,0.174634,1.266557486,0,true,20260809
48,25,0,jik,0.175635,1.25933897,0,true,20260809
48,25,1,ijk,0.173923,1.271735193,0,true,20260809
48,25,2,kij,0.017567,12.59088063,0,true,20260809
48,25,3,jki,0.114643,1.929328437,0,true,20260809
48,25,4,kji,0.153001,1.44563761,0,true,20260809
48,25,5,ikj,0.025488,8.677966102,0,true,20260809
48,26,0,ikj,0.025409,8.704947066,0,true,20260809
48,26,1,kij,0.017446,12.67820704,0,true,20260809
48,26,2,jik,0.182616,1.211197266,0,true,20260809
48,26,3,kji,0.153151,1.444221716,0,true,20260809
48,26,4,ijk,0.173963,1.271442778,0,true,20260809
48,26,5,jki,0.114643,1.929328437,0,true,20260809
48,27,0,kij,0.017507,12.6340321,0,true,20260809
48,27,1,jik,0.174704,1.266050005,0,true,20260809
48,27,2,ikj,0.025488,8.677966102,0,true,20260809
48,27,3,jki,0.114603,1.930001832,0,true,20260809
48,27,4,kji,0.153001,1.44563761,0,true,20260809
48,27,5,ijk,0.173973,1.271369695,0,true,20260809
48,28,0,jki,0.114623,1.929665076,0,true,20260809
48,28,1,kij,0.017487,12.64848173,0,true,20260809
48,28,2,kji,0.153001,1.44563761,0,true,20260809
48,28,3,ijk,0.173963,1.271442778,0,true,20260809
48,28,4,ikj,0.025388,8.712147471,0,true,20260809
48,28,5,jik,0.174654,1.26641245,0,true,20260809
48,29,0,jki,0.114623,1.929665076,0,true,20260809
48,29,1,kij,0.017657,12.52670329,0,true,20260809
48,29,2,jik,0.174653,1.266419701,0,true,20260809
48,29,3,ijk,0.173943,1.271588969,0,true,20260809
48,29,4,kji,0.153011,1.445543131,0,true,20260809
48,29,5,ikj,0.025479,8.681031438,0,true,20260809
48,30,0,ijk,0.173922,1.271742505,0,true,20260809
48,30,1,kji,0.153012,1.445533684,0,true,20260809
48,30,2,jki,0.114643,1.929328437,0,true,20260809
48,30,3,ikj,0.025368,8.719016083,0,true,20260809
48,30,4,jik,0.174724,1.265905085,0,true,20260809
48,30,5,kij,0.017426,12.69275795,0,true,20260809
48,31,0,kij,0.017367,12.73587839,0,true,20260809
48,31,1,jki,0.114643,1.929328437,0,true,20260809
48,31,2,jik,0.174644,1.266484964,0,true,20260809
48,31,3,ikj,0.036304,6.092551785,0,true,20260809
48,31,4,kji,0.153022,1.445439218,0,true,20260809
48,31,5,ijk,0.153142,1.444306591,0,true,20260809
48,32,0,kij,0.013921,15.88851376,0,true,20260809
48,32,1,ikj,0.02007,11.0206278,0,true,20260809
48,32,2,ijk,0.137327,1.610637384,0,true,20260809
48,32,3,jki,0.090507,2.443833074,0,true,20260809
48,32,4,kji,0.120803,1.830947907,0,true,20260809
48,32,5,jik,0.137858,1.604433548,0,true,20260809
48,33,0,kji,0.120792,1.831114643,0,true,20260809
48,33,1,ikj,0.02006,11.02612164,0,true,20260809
48,33,2,jik,0.137868,1.604317173,0,true,20260809
48,33,3,ijk,0.137317,1.610754677,0,true,20260809
48,33,4,jki,0.090496,2.444130127,0,true,20260809
48,33,5,kij,0.013881,15.93429868,0,true,20260809
48,34,0,kji,0.120793,1.831099484,0,true,20260809
48,34,1,ijk,0.137328,1.610625655,0,true,20260809
48,34,2,jki,0.090487,2.444373225,0,true,20260809
48,34,3,ikj,0.020021,11.04760002,0,true,20260809
48,34,4,kij,0.013841,15.98034824,0,true,20260809
48,34,5,jik,0.137908,1.603851843,0,true,20260809
48,35,0,kij,0.013911,15.8999353,0,true,20260809
48,35,1,kji,0.120793,1.831099484,0,true,20260809
48,35,2,ikj,0.02011,10.99870711,0,true,20260809
48,35,3,jki,0.090547,2.442753487,0,true,20260809
48,35,4,ijk,0.137327,1.610637384,0,true,20260809
48,35,5,jik,0.137918,1.603735553,0,true,20260809
48,36,0,jki,0.090497,2.444103119,0,true,20260809
48,36,1,ijk,0.137318,1.610742947,0,true,20260809
48,36,2,kij,0.013961,15.84299119,0,true,20260809
48,36,3,ikj,0.02011,10.99870711,0,true,20260809
48,36,4,kji,0.120812,1.830811509,0,true,20260809
48,36,5,jik,0.137848,1.604549939,0,true,20260809
48,37,0,kij,0.013991,15.80902008,0,true,20260809
48,37,1,kji,0.120783,1.831251087,0,true,20260809
48,37,2,jki,0.090507,2.443833074,0,true,20260809
48,37,3,jik,0.137879,1.60418918,0,true,20260809
48,37,4,ikj,0.020111,10.99816021,0,true,20260809
48,37,5,ijk,0.144348,1.532296949,0,true,20260809
48,38,0,ijk,0.137297,1.610989315,0,true,20260809
48,38,1,kji,0.120812,1.830811509,0,true,20260809
48,38,2,ikj,0.02005,11.03162095,0,true,20260809
48,38,3,jki,0.090476,2.44467041,0,true,20260809
48,38,4,kij,0.013801,16.02666473,0,true,20260809
48,38,5,jik,0.137928,1.60361928,0,true,20260809
48,39,0,ijk,0.137327,1.610637384,0,true,20260809
48,39,1,jik,0.137868,1.604317173,0,true,20260809
48,39,2,jki,0.090497,2.444103119,0,true,20260809
48,39,3,kij,0.013821,16.00347298,0,true,20260809
48,39,4,ikj,0.020791,10.63844933,0,true,20260809
48,39,5,kji,0.120802,1.830963064,0,true,20260809
48,40,0,kij,0.01375,16.08610909,0,true,20260809
48,40,1,kji,0.098949,2.235333354,0,true,20260809
48,40,2,jki,0.04648,4.75869191,0,true,20260809
48,40,3,jik,0.071017,3.114521875,0,true,20260809
48,40,4,ikj,0.010335,21.40145138,0,true,20260809
48,40,5,ijk,0.070517,3.136605358,0,true,20260809
48,41,0,ikj,0.010386,21.29636049,0,true,20260809
48,41,1,ijk,0.070517,3.136605358,0,true,20260809
48,41,2,kij,0.007151,30.93049923,0,true,20260809
48,41,3,jki,0.04648,4.75869191,0,true,20260809
48,41,4,kji,0.062034,3.565528581,0,true,20260809
48,41,5,jik,0.070817,3.123317847,0,true,20260809
48,42,0,ijk,0.070507,3.137050222,0,true,20260809
48,42,1,jik,0.070797,3.124200178,0,true,20260809
48,42,2,kij,0.00706,31.32917847,0,true,20260809
48,42,3,kji,0.062034,3.565528581,0,true,20260809
48,42,4,jki,0.04648,4.75869191,0,true,20260809
48,42,5,ikj,0.010346,21.37869708,0,true,20260809
48,43,0,kji,0.062034,3.565528581,0,true,20260809
48,43,1,kij,0.007101,31.14828897,0,true,20260809
48,43,2,ikj,0.010355,21.36011589,0,true,20260809
48,43,3,ijk,0.070516,3.136649838,0,true,20260809
48,43,4,jki,0.04646,4.760740422,0,true,20260809
48,43,5,jik,0.070797,3.124200178,0,true,20260809
48,44,0,ijk,0.070517,3.136605358,0,true,20260809
48,44,1,ikj,0.010296,21.48251748,0,true,20260809
48,44,2,kji,0.062034,3.565528581,0,true,20260809
48,44,3,jik,0.070837,3.122436015,0,true,20260809
48,44,4,kij,0.007061,31.32474154,0,true,20260809
48,44,5,jki,0.04648,4.75869191,0,true,20260809
48,45,0,kij,0.007031,31.45839852,0,true,20260809
48,45,1,jki,0.04647,4.759715946,0,true,20260809
48,45,2,jik,0.070797,3.124200178,0,true,20260809
48,45,3,ijk,0.070517,3.136605358,0,true,20260809
48,45,4,kji,0.062044,3.564953904,0,true,20260809
48,45,5,ikj,0.010355,21.36011589,0,true,20260809
48,46,0,kij,0.007171,30.84423372,0,true,20260809
48,46,1,jki,0.04647,4.759715946,0,true,20260809
48,46,2,jik,0.070797,3.124200178,0,true,20260809
48,46,3,ikj,0.010446,21.17403791,0,true,20260809
48,46,4,kji,0.062033,3.565586059,0,true,20260809
48,46,5,ijk,0.070527,3.136160619,0,true,20260809
48,47,0,kij,0.007101,31.14828897,0,true,20260809
48,47,1,jki,0.046471,4.759613522,0,true,20260809
48,47,2,ikj,0.010346,21.37869708,0,true,20260809
48,47,3,jik,0.070827,3.122876869,0,true,20260809
48,47,4,ijk,0.070506,3.137094715,0,true,20260809
48,47,5,kji,0.062043,3.565011363,0,true,20260809
48,48,0,jik,0.070807,3.12375895,0,true,20260809
48,48,1,kji,0.062013,3.566736007,0,true,20260809
48,48,2,kij,0.007101,31.14828897,0,true,20260809
48,48,3,ijk,0.074172,2.982041741,0,true,20260809
48,48,4,jki,0.04648,4.75869191,0,true,20260809
48,48,5,ikj,0.010266,21.54529515,0,true,20260809
48,49,0,kij,0.007121,31.06080607,0,true,20260809
48,49,1,ijk,0.070517,3.136605358,0,true,20260809
48,49,2,jik,0.070827,3.122876869,0,true,20260809
48,49,3,ikj,0.010296,21.48251748,0,true,20260809
48,49,4,jki,0.04648,4.75869191,0,true,20260809
48,49,5,kji,0.062034,3.565528581,0,true,20260809
64,0,0,jik,0.175275,2.991230923,0,true,20260809
64,0,1,jki,0.113922,4.602166395,0,true,20260809
64,0,2,ijk,0.17215,3.045530061,0,true,20260809
64,0,3,kji,0.14581,3.595693025,0,true,20260809
64,0,4,kij,0.015794,33.19539065,0,true,20260809
64,0,5,ikj,0.01944,26.96954733,0,true,20260809
64,1,0,kji,0.14573,3.597666918,0,true,20260809
64,1,1,jik,0.175095,2.994305948,0,true,20260809
64,1,2,kij,0.015743,33.30292829,0,true,20260809
64,1,3,jki,0.113652,4.613099637,0,true,20260809
64,1,4,ijk,0.17244,3.040408258,0,true,20260809
64,1,5,ikj,0.019479,26.91555008,0,true,20260809
64,2,0,kij,0.015884,33.00730295,0,true,20260809
64,2,1,ijk,0.17211,3.046237871,0,true,20260809
64,2,2,kji,0.145751,3.597148562,0,true,20260809
64,2,3,jki,0.113552,4.617162181,0,true,20260809
64,2,4,ikj,0.01945,26.95568123,0,true,20260809
64,2,5,jik,0.175064,2.994836174,0,true,20260809
64,3,0,jik,0.175355,2.989866271,0,true,20260809
64,3,1,kji,0.145801,3.59591498,0,true,20260809
64,3,2,kij,0.015774,33.2374794,0,true,20260809
64,3,3,ijk,0.17242,3.040760933,0,true,20260809
64,3,4,ikj,0.019429,26.98481651,0,true,20260809
64,3,5,jki,0.114503,4.578814529,0,true,20260809
64,4,0,ijk,0.17214,3.045706983,0,true,20260809
64,4,1,kij,0.015743,33.30292829,0,true,20260809
64,4,2,kji,0.14568,3.598901702,0,true,20260809
64,4,3,ikj,0.019399,27.02654776,0,true,20260809
64,4,4,jki,0.114653,4.572824087,0,true,20260809
64,4,5,jik,0.175094,2.994323049,0,true,20260809
64,5,0,jki,0.113362,4.62490076,0,true,20260809
64,5,1,ijk,0.176136,2.976608984,0,true,20260809
64,5,2,jik,0.175145,2.99345114,0,true,20260809
64,5,3,kji,0.1457,3.598407687,0,true,20260809
64,5,4,ikj,0.01942,26.99732235,0,true,20260809
64,5,5,kij,0.015774,33.2374794,0,true,20260809
64,6,0,ijk,0.17249,3.039526929,0,true,20260809
64,6,1,jik,0.175185,2.992767646,0,true,20260809
64,6,2,ikj,0.01937,27.06701084,0,true,20260809
64,6,3,kij,0.015704,33.38563423,0,true,20260809
64,6,4,kji,0.14576,3.596926454,0,true,20260809
64,6,5,jki,0.113942,4.601358586,0,true,20260809
64,7,0,kji,0.147092,3.564354282,0,true,20260809
64,7,1,kij,0.015995,32.7782432,0,true,20260809
64,7,2,jki,0.113382,4.624084952,0,true,20260809
64,7,3,ikj,0.0195,26.8865641,0,true,20260809
64,7,4,ijk,0.172471,3.039861774,0,true,20260809
64,7,5,jik,0.175194,2.992613902,0,true,20260809
64,8,0,jik,0.175385,2.989354848,0,true,20260809
64,8,1,ikj,0.019419,26.9987126,0,true,20260809
64,8,2,jki,0.113351,4.625349578,0,true,20260809
64,8,3,ijk,0.17211,3.046237871,0,true,20260809
64,8,4,kij,0.015823,33.13455097,0,true,20260809
64,8,5,kji,0.14574,3.597420063,0,true,20260809
64,9,0,kji,0.14572,3.597913807,0,true,20260809
64,9,1,kij,0.015824,33.13245703,0,true,20260809
64,9,2,ikj,0.019469,26.9293749,0,true,20260809
64,9,3,jik,0.175445,2.988332526,0,true,20260809
64,9,4,ijk,0.172471,3.039861774,0,true,20260809
64,9,5,jki,0.113451,4.62127262,0,true,20260809
64,10,0,ijk,0.17242,3.040760933,0,true,20260809
64,10,1,jki,0.113672,4.612287986,0,true,20260809
64,10,2,ikj,0.01954,26.83152508,0,true,20260809
64,10,3,kij,0.015894,32.9865358,0,true,20260809
64,10,4,jik,0.175245,2.991742988,0,true,20260809
64,10,5,kji,0.149475,3.507529687,0,true,20260809
64,11,0,jik,0.175165,2.993109354,0,true,20260809
64,11,1,kij,0.015714,33.36438844,0,true,20260809
64,11,2,jki,0.113882,4.603782863,0,true,20260809
64,11,3,ijk,0.17243,3.040584585,0,true,20260809
64,11,4,kji,0.14572,3.597913807,0,true,20260809
64,11,5,ikj,0.019449,26.9570672,0,true,20260809
64,12,0,jik,0.175335,2.990207317,0,true,20260809
64,12,1,ijk,0.172431,3.040566951,0,true,20260809
64,12,2,kij,0.015794,33.19539065,0,true,20260809
64,12,3,ikj,0.019369,27.06840828,0,true,20260809
64,12,4,kji,0.14566,3.599395853,0,true,20260809
64,12,5,jki,0.113401,4.6233102,0,true,20260809
64,13,0,kji,0.14569,3.598654678,0,true,20260809
64,13,1,ijk,0.172421,3.040743297,0,true,20260809
64,13,2,kij,0.015824,33.13245703,0,true,20260809
64,13,3,jik,0.175035,2.995332362,0,true,20260809
64,13,4,ikj,0.01944,26.96954733,0,true,20260809
64,13,5,jki,0.113582,4.615942667,0,true,20260809
64,14,0,ijk,0.17243,3.040584585,0,true,20260809
64,14,1,jik,0.175174,2.992955576,0,true,20260809
64,14,2,ikj,0.01947,26.92799178,0,true,20260809
64,14,3,jki,0.113652,4.613099637,0,true,20260809
64,14,4,kji,0.14575,3.597173242,0,true,20260809
64,14,5,kij,0.015814,33.15340837,0,true,20260809
64,15,0,ikj,0.019419,26.9987126,0,true,20260809
64,15,1,ijk,0.172411,3.040919663,0,true,20260809
64,15,2,jik,0.175045,2.995161244,0,true,20260809
64,15,3,jki,0.113842,4.605400467,0,true,20260809
64,15,4,kji,0.14576,3.596926454,0,true,20260809
64,15,5,kij,0.015644,33.51367937,0,true,20260809
64,16,0,ikj,0.019399,27.02654776,0,true,20260809
64,16,1,kji,0.1457,3.598407687,0,true,20260809
64,16,2,jik,0.182075,2.879516683,0,true,20260809
64,16,3,ijk,0.173833,3.016044134,0,true,20260809
64,16,4,jki,0.113141,4.633934648,0,true,20260809
64,16,5,kij,0.015784,33.21642169,0,true,20260809
64,17,0,kji,0.14572,3.597913807,0,true,20260809
64,17,1,kij,0.015753,33.2817876,0,true,20260809
64,17,2,ijk,0.172441,3.040390626,0,true,20260809
64,17,3,jki,0.114013,4.598493154,0,true,20260809
64,17,4,ikj,0.0195,26.8865641,0,true,20260809
64,17,5,jik,0.175185,2.992767646,0,true,20260809
64,18,0,jik,0.175185,2.992767646,0,true,20260809
64,18,1,jki,0.113652,4.613099637,0,true,20260809
64,18,2,kji,0.14567,3.599148761,0,true,20260809
64,18,3,ikj,0.01943,26.98342769,0,true,20260809
64,18,4,ijk,0.172431,3.040566951,0,true,20260809
64,18,5,kij,0.015693,33.40903588,0,true,20260809
64,19,0,kij,0.015704,33.38563423,0,true,20260809
64,19,1,ijk,0.17213,3.045883925,0,true,20260809
64,19,2,jki,0.114864,4.564424014,0,true,20260809
64,19,3,ikj,0.01943,26.98342769,0,true,20260809
64,19,4,jik,0.175054,2.995007255,0,true,20260809
64,19,5,kji,0.14573,3.597666918,0,true,20260809
64,20,0,ijk,0.17238,3.041466527,0,true,20260809
64,20,1,ikj,0.019529,26.84663833,0,true,20260809
64,20,2,jki,0.113311,4.626982376,0,true,20260809
64,20,3,kji,0.14574,3.597420063,0,true,20260809
64,20,4,jik,0.175244,2.99176006,0,true,20260809
64,20,5,kij,0.015784,33.21642169,0,true,20260809
64,21,0,jki,0.113682,4.611882268,0,true,20260809
64,21,1,ikj,0.01942,26.99732235,0,true,20260809
64,21,2,kji,0.145771,3.596655027,0,true,20260809
64,21,3,jik,0.175115,2.993963967,0,true,20260809
64,21,4,ijk,0.172121,3.046043191,0,true,20260809
64,21,5,kij,0.015714,33.36438844,0,true,20260809
64,22,0,kji,0.155324,3.375447452,0,true,20260809
64,22,1,jki,0.113652,4.613099637,0,true,20260809
64,22,2,ikj,0.01944,26.96954733,0,true,20260809
64,22,3,jik,0.175335,2.990207317,0,true,20260809
64,22,4,ijk,0.172461,3.040038038,0,true,20260809
64,22,5,kij,0.015784,33.21642169,0,true,20260809
64,23,0,ikj,0.019439,26.97093472,0,true,20260809
64,23,1,kij,0.015854,33.06976157,0,true,20260809
64,23,2,jik,0.175084,2.994494071,0,true,20260809
64,23,3,jki,0.113581,4.615983307,0,true,20260809
64,23,4,kji,0.14569,3.598654678,0,true,20260809
64,23,5,ijk,0.17209,3.0465919,0,true,20260809
64,24,0,jki,0.113622,4.61431765,0,true,20260809
64,24,1,jik,0.175395,2.989184412,0,true,20260809
64,24,2,ijk,0.172471,3.039861774,0,true,20260809
64,24,3,kji,0.14573,3.597666918,0,true,20260809
64,24,4,ikj,0.019379,27.05444037,0,true,20260809
64,24,5,kij,0.017066,30.72120005,0,true,20260809
64,25,0,jik,0.175325,2.99037787,0,true,20260809
64,25,1,ijk,0.17245,3.040231951,0,true,20260809
64,25,2,jki,0.113852,4.60499596,0,true,20260809
64,25,3,kji,0.146661,3.574829027,0,true,20260809
64,25,4,ikj,0.019439,26.97093472,0,true,20260809
64,25,5,kij,0.015964,32.84189426,0,true,20260809
64,26,0,jik,0.175275,2.991230923,0,true,20260809
64,26,1,kij,0.015754,33.279675,0,true,20260809
64,26,2,jki,0.113361,4.624941558,0,true,20260809
64,26,3,ikj,0.019419,26.9987126,0,true,20260809
64,26,4,kji,0.14576,3.596926454,0,true,20260809
64,26,5,ijk,0.17239,3.041290098,0,true,20260809
64,27,0,jik,0.175164,2.993126442,0,true,20260809
64,27,1,jki,0.113602,4.615130015,0,true,20260809
64,27,2,ijk,0.179181,2.926024523,0,true,20260809
64,27,3,ikj,0.019429,26.98481651,0,true,20260809
64,27,4,kij,0.015884,33.00730295,0,true,20260809
64,27,5,kji,0.14578,3.596432981,0,true,20260809
64,28,0,jik,0.175364,2.989712826,0,true,20260809
64,28,1,ikj,0.019399,27.02654776,0,true,20260809
64,28,2,jki,0.114323,4.58602381,0,true,20260809
64,28,3,kij,0.015763,33.26067373,0,true,20260809
64,28,4,kji,0.14582,3.595446441,0,true,20260809
64,28,5,ijk,0.172391,3.041272456,0,true,20260809
64,29,0,kji,0.14575,3.597173242,0,true,20260809
64,29,1,jik,0.174924,2.997233084,0,true,20260809
64,29,2,jki,0.113321,4.626574068,0,true,20260809
64,29,3,ijk,0.17215,3.045530061,0,true,20260809
64,29,4,kij,0.015723,33.34529034,0,true,20260809
64,29,5,ikj,0.019459,26.94321394,0,true,20260809
64,30,0,kji,0.14572,3.597913807,0,true,20260809
64,30,1,kij,0.015794,33.19539065,0,true,20260809
64,30,2,ijk,0.1721,3.046414875,0,true,20260809
64,30,3,jki,0.113582,4.615942667,0,true,20260809
64,30,4,ikj,0.019449,26.9570672,0,true,20260809
64,30,5,jik,0.174944,2.996890434,0,true,20260809
64,31,0,jki,0.113812,4.606614417,0,true,20260809
64,31,1,kji,0.14572,3.597913807,0,true,20260809
64,31,2,ijk,0.17208,3.046768945,0,true,20260809
64,31,3,jik,0.175274,2.991247989,0,true,20260809
64,31,4,kij,0.015604,33.59958985,0,true,20260809
64,31,5,ikj,0.01946,26.94182939,0,true,20260809
64,32,0,jik,0.175175,2.99293849,0,true,20260809
64,32,1,kij,0.015714,33.36438844,0,true,20260809
64,32,2,jki,0.113402,4.623269431,0,true,20260809
64,32,3,ikj,0.01949,26.90035916,0,true,20260809
64,32,4,ijk,0.172441,3.040390626,0,true,20260809
64,32,5,kji,0.14572,3.597913807,0,true,20260809
64,33,0,kji,0.150357,3.486954382,0,true,20260809
64,33,1,jki,0.113661,4.612734359,0,true,20260809
64,33,2,ijk,0.17211,3.046237871,0,true,20260809
64,33,3,jik,0.175254,2.99158935,0,true,20260809
64,33,4,ikj,0.01951,26.87278319,0,true,20260809
64,33,5,kij,0.015794,33.19539065,0,true,20260809
64,34,0,kij,0.015784,33.21642169,0,true,20260809
64,34,1,kji,0.145771,3.596655027,0,true,20260809
64,34,2,ijk,0.172401,3.041096049,0,true,20260809
64,34,3,jki,0.113682,4.611882268,0,true,20260809
64,34,4,jik,0.175315,2.990548441,0,true,20260809
64,34,5,ikj,0.01946,26.94182939,0,true,20260809
64,35,0,jki,0.113771,4.608274516,0,true,20260809
64,35,1,jik,0.174894,2.997747207,0,true,20260809
64,35,2,kij,0.015674,33.44953426,0,true,20260809
64,35,3,ikj,0.01949,26.90035916,0,true,20260809
64,35,4,kji,0.14575,3.597173242,0,true,20260809
64,35,5,ijk,0.172371,3.041625331,0,true,20260809
64,36,0,jik,0.176336,2.973232919,0,true,20260809
64,36,1,jki,0.113782,4.607829006,0,true,20260809
64,36,2,ijk,0.172741,3.035110368,0,true,20260809
64,36,3,kji,0.14569,3.598654678,0,true,20260809
64,36,4,kij,0.015854,33.06976157,0,true,20260809
64,36,5,ikj,0.01944,26.96954733,0,true,20260809
64,37,0,ikj,0.019459,26.94321394,0,true,20260809
64,37,1,kij,0.015763,33.26067373,0,true,20260809
64,37,2,ijk,0.172511,3.039156923,0,true,20260809
64,37,3,jki,0.113652,4.613099637,0,true,20260809
64,37,4,kji,0.1457,3.598407687,0,true,20260809
64,37,5,jik,0.175204,2.992443095,0,true,20260809
64,38,0,kji,0.14575,3.597173242,0,true,20260809
64,38,1,ikj,0.019479,26.91555008,0,true,20260809
64,38,2,ijk,0.17214,3.045706983,0,true,20260809
64,38,3,kij,0.015914,32.9450798,0,true,20260809
64,38,4,jki,0.113631,4.613952179,0,true,20260809
64,38,5,jik,0.17858,2.935871878,0,true,20260809
64,39,0,kji,0.145721,3.597889117,0,true,20260809
64,39,1,jki,0.113151,4.633525112,0,true,20260809
64,39,2,ikj,0.019459,26.94321394,0,true,20260809
64,39,3,kij,0.015764,33.25856382,0,true,20260809
64,39,4,jik,0.174955,2.996702009,0,true,20260809
64,39,5,ijk,0.17213,3.045883925,0,true,20260809
64,40,0,ijk,0.17212,3.046060888,0,true,20260809
64,40,1,jik,0.175365,2.989695777,0,true,20260809
64,40,2,kji,0.14575,3.597173242,0,true,20260809
64,40,3,kij,0.015734,33.32197788,0,true,20260809
64,40,4,jki,0.113171,4.632706259,0,true,20260809
64,40,5,ikj,0.01946,26.94182939,0,true,20260809
64,41,0,kji,0.147222,3.561206885,0,true,20260809
64,41,1,jik,0.175274,2.991247989,0,true,20260809
64,41,2,ijk,0.17209,3.0465919,0,true,20260809
64,41,3,kij,0.015854,33.06976157,0,true,20260809
64,41,4,ikj,0.01947,26.92799178,0,true,20260809
64,41,5,jki,0.113572,4.6163491,0,true,20260809
64,42,0,kji,0.14574,3.597420063,0,true,20260809
64,42,1,jki,0.113842,4.605400467,0,true,20260809
64,42,2,jik,0.175045,2.995161244,0,true,20260809
64,42,3,ikj,0.01946,26.94182939,0,true,20260809
64,42,4,ijk,0.172481,3.039685531,0,true,20260809
64,42,5,kij,0.015824,33.13245703,0,true,20260809
64,43,0,jik,0.175115,2.993963967,0,true,20260809
64,43,1,ijk,0.172161,3.045335471,0,true,20260809
64,43,2,ikj,0.01937,27.06701084,0,true,20260809
64,43,3,jki,0.113562,4.616755605,0,true,20260809
64,43,4,kji,0.146592,3.576511679,0,true,20260809
64,43,5,kij,0.015854,33.06976157,0,true,20260809
64,44,0,jki,0.113832,4.605805046,0,true,20260809
64,44,1,jik,0.17899,2.92914688,0,true,20260809
64,44,2,ijk,0.172431,3.040566951,0,true,20260809
64,44,3,kij,0.015924,32.92439086,0,true,20260809
64,44,4,ikj,0.019469,26.9293749,0,true,20260809
64,44,5,kji,0.14574,3.597420063,0,true,20260809
64,45,0,jki,0.113551,4.617202843,0,true,20260809
64,45,1,ikj,0.01952,26.85901639,0,true,20260809
64,45,2,jik,0.176737,2.966486927,0,true,20260809
64,45,3,ijk,0.172731,3.035286081,0,true,20260809
64,45,4,kji,0.14599,3.591259675,0,true,20260809
64,45,5,kij,0.015834,33.11153215,0,true,20260809
64,46,0,kji,0.14592,3.592982456,0,true,20260809
64,46,1,kij,0.015804,33.17438623,0,true,20260809
64,46,2,ikj,0.0194,27.02515464,0,true,20260809
64,46,3,jki,0.113702,4.611071045,0,true,20260809
64,46,4,ijk,0.17246,3.040055665,0,true,20260809
64,46,5,jik,0.175034,2.995349475,0,true,20260809
64,47,0,kji,0.1457,3.598407687,0,true,20260809
64,47,1,kij,0.015714,33.36438844,0,true,20260809
64,47,2,ijk,0.172431,3.040566951,0,true,20260809
64,47,3,jik,0.175035,2.995332362,0,true,20260809
64,47,4,jki,0.113212,4.631028513,0,true,20260809
64,47,5,ikj,0.01949,26.90035916,0,true,20260809
64,48,0,kij,0.015754,33.279675,0,true,20260809
64,48,1,ikj,0.019409,27.01262301,0,true,20260809
64,48,2,jki,0.113491,4.619643848,0,true,20260809
64,48,3,ijk,0.1724,3.041113689,0,true,20260809
64,48,4,kji,0.14577,3.596679701,0,true,20260809
64,48,5,jik,0.175485,2.987651366,0,true,20260809
64,49,0,kji,0.14571,3.59816073,0,true,20260809
64,49,1,jki,0.113301,4.627390756,0,true,20260809
64,49,2,kij,0.015784,33.21642169,0,true,20260809
64,49,3,ijk,0.17215,3.045530061,0,true,20260809
64,49,4,ikj,0.01949,26.90035916,0,true,20260809
64,49,5,jik,0.183297,2.860319591,0,true,20260809
80,0,0,kij,0.032869,31.15397487,0,true,20260809
80,0,1,ijk,0.354415,2.889268231,0,true,20260809
80,0,2,jik,0.360945,2.836997326,0,true,20260809
80,0,3,kji,0.284099,3.604377347,0,true,20260809
80,0,4,jki,0.212081,4.828343887,0,true,20260809
80,0,5,ikj,0.05976,17.1352075,0,true,20260809
80,1,0,jik,0.357369,2.865385638,0,true,20260809
80,1,1,kij,0.032759,31.25858543,0,true,20260809
80,1,2,ijk,0.354416,2.889260079,0,true,20260809
80,1,3,kji,0.282817,3.620715869,0,true,20260809
80,1,4,jki,0.211981,4.830621612,0,true,20260809
80,1,5,ikj,0.05956,17.19274681,0,true,20260809
80,2,0,ijk,0.354385,2.889512818,0,true,20260809
80,2,1,kji,0.282808,3.620831094,0,true,20260809
80,2,2,ikj,0.060842,16.83047895,0,true,20260809
80,2,3,kij,0.03279,31.22903324,0,true,20260809
80,2,4,jik,0.356108,2.875532142,0,true,20260809
80,2,5,jki,0.212,4.830188679,0,true,20260809
80,3,0,kij,0.03262,31.39178418,0,true,20260809
80,3,1,jik,0.361065,2.83605445,0,true,20260809
80,3,2,ikj,0.05961,17.17832578,0,true,20260809
80,3,3,kji,0.282817,3.620715869,0,true,20260809
80,3,4,ijk,0.354416,2.889260079,0,true,20260809
80,3,5,jki,0.21203,4.829505259,0,true,20260809
80,4,0,jik,0.356088,2.875693649,0,true,20260809
80,4,1,kji,0.282817,3.620715869,0,true,20260809
80,4,2,jki,0.21203,4.829505259,0,true,20260809
80,4,3,ijk,0.354396,2.889423131,0,true,20260809
80,4,4,kij,0.03291,31.11516256,0,true,20260809
80,4,5,ikj,0.060201,17.00968422,0,true,20260809
80,5,0,kij,0.032769,31.24904635,0,true,20260809
80,5,1,jik,0.356729,2.870526366,0,true,20260809
80,5,2,jki,0.21218,4.826091055,0,true,20260809
80,5,3,ijk,0.354405,2.889349755,0,true,20260809
80,5,4,ikj,0.05929,17.27104065,0,true,20260809
80,5,5,kji,0.287835,3.55759376,0,true,20260809
80,6,0,kji,0.282827,3.620587851,0,true,20260809
80,6,1,kij,0.032919,31.10665573,0,true,20260809
80,6,2,jki,0.21202,4.829733044,0,true,20260809
80,6,3,ikj,0.060141,17.02665403,0,true,20260809
80,6,4,jik,0.356649,2.871170254,0,true,20260809
80,6,5,ijk,0.354406,2.889341603,0,true,20260809
80,7,0,ikj,0.0599,17.0951586,0,true,20260809
80,7,1,jik,0.356017,2.876267145,0,true,20260809
80,7,2,jki,0.21201,4.829960851,0,true,20260809
80,7,3,kji,0.282807,3.620843897,0,true,20260809
80,7,4,kij,0.03282,31.20048751,0,true,20260809
80,7,5,ijk,0.354406,2.889341603,0,true,20260809
80,8,0,jik,0.356068,2.875855174,0,true,20260809
80,8,1,ikj,0.05964,17.16968478,0,true,20260809
80,8,2,ijk,0.354396,2.889423131,0,true,20260809
80,8,3,kij,0.032619,31.39274656,0,true,20260809
80,8,4,kji,0.288937,3.544025168,0,true,20260809
80,8,5,jki,0.21203,4.829505259,0,true,20260809
80,9,0,ikj,0.059389,17.24225025,0,true,20260809
80,9,1,jik,0.356097,2.875620968,0,true,20260809
80,9,2,kij,0.032789,31.22998567,0,true,20260809
80,9,3,kji,0.282808,3.620831094,0,true,20260809
80,9,4,ijk,0.355447,2.880879569,0,true,20260809
80,9,5,jki,0.212011,4.829938069,0,true,20260809
80,10,0,ikj,0.0594,17.23905724,0,true,20260809
80,10,1,kij,0.032799,31.22046404,0,true,20260809
80,10,2,kji,0.285392,3.588047317,0,true,20260809
80,10,3,ijk,0.354405,2.889349755,0,true,20260809
80,10,4,jki,0.212021,4.829710265,0,true,20260809
80,10,5,jik,0.356068,2.875855174,0,true,20260809
80,11,0,jik,0.356679,2.870928762,0,true,20260809
80,11,1,jki,0.212041,4.82925472,0,true,20260809
80,11,2,kji,0.286543,3.573634673,0,true,20260809
80,11,3,kij,0.032739,31.27768105,0,true,20260809
80,11,4,ijk,0.354405,2.889349755,0,true,20260809
80,11,5,ikj,0.060001,17.06638223,0,true,20260809
80,12,0,kji,0.282817,3.620715869,0,true,20260809
80,12,1,kij,0.032709,31.30636828,0,true,20260809
80,12,2,ijk,0.354386,2.889504664,0,true,20260809
80,12,3,jki,0.21202,4.829733044,0,true,20260809
80,12,4,ikj,0.059941,17.08346541,0,true,20260809
80,12,5,jik,0.35706,2.867865345,0,true,20260809
80,13,0,ijk,0.354395,2.889431284,0,true,20260809
80,13,1,kij,0.03278,31.2385601,0,true,20260809
80,13,2,jik,0.356048,2.876016717,0,true,20260809
80,13,3,ikj,0.060211,17.00685921,0,true,20260809
80,13,4,jki,0.212041,4.82925472,0,true,20260809
80,13,5,kji,0.282807,3.620843897,0,true,20260809
80,14,0,kji,0.282808,3.620831094,0,true,20260809
80,14,1,jik,0.359914,2.845124113,0,true,20260809
80,14,2,jki,0.21201,4.829960851,0,true,20260809
80,14,3,ikj,0.05924,17.28561783,0,true,20260809
80,14,4,kij,0.032659,31.35429744,0,true,20260809
80,14,5,ijk,0.354396,2.889423131,0,true,20260809
80,15,0,jki,0.21202,4.829733044,0,true,20260809
80,15,1,kji,0.282817,3.620715869,0,true,20260809
80,15,2,jik,0.356098,2.875612893,0,true,20260809
80,15,3,kij,0.03306,30.97398669,0,true,20260809
80,15,4,ikj,0.05923,17.28853621,0,true,20260809
80,15,5,ijk,0.354395,2.889431284,0,true,20260809
80,16,0,ijk,0.355377,2.881447027,0,true,20260809
80,16,1,jik,0.356117,2.87545947,0,true,20260809
80,16,2,kji,0.282827,3.620587851,0,true,20260809
80,16,3,jki,0.21203,4.829505259,0,true,20260809
80,16,4,ikj,0.05996,17.07805203,0,true,20260809
80,16,5,kij,0.03276,31.25763126,0,true,20260809
80,17,0,ikj,0.060151,17.02382338,0,true,20260809
80,17,1,jik,0.360835,2.837862181,0,true,20260809
80,17,2,kji,0.282908,3.619551232,0,true,20260809
80,17,3,ijk,0.354405,2.889349755,0,true,20260809
80,17,4,jki,0.21202,4.829733044,0,true,20260809
80,17,5,kij,0.03299,31.039709,0,true,20260809
80,18,0,kij,0.032709,31.30636828,0,true,20260809
80,18,1,ijk,0.354385,2.889512818,0,true,20260809
80,18,2,kji,0.282817,3.620715869,0,true,20260809
80,18,3,jki,0.21203,4.829505259,0,true,20260809
80,18,4,ikj,0.05954,17.198522,0,true,20260809
80,18,5,jik,0.356128,2.875370653,0,true,20260809
80,19,0,kij,0.032739,31.27768105,0,true,20260809
80,19,1,ijk,0.354396,2.889423131,0,true,20260809
80,19,2,ikj,0.0598,17.12374582,0,true,20260809
80,19,3,kji,0.282808,3.620831094,0,true,20260809
80,19,4,jki,0.21204,4.829277495,0,true,20260809
80,19,5,jik,0.356569,2.871814431,0,true,20260809
80,20,0,kji,0.288436,3.550180976,0,true,20260809
80,20,1,ikj,0.060261,16.99274821,0,true,20260809
80,20,2,jki,0.212041,4.82925472,0,true,20260809
80,20,3,ijk,0.354405,2.889349755,0,true,20260809
80,20,4,jik,0.356128,2.875370653,0,true,20260809
80,20,5,kij,0.032529,31.47960282,0,true,20260809
80,21,0,ikj,0.0599,17.0951586,0,true,20260809
80,21,1,kij,0.0328,31.2195122,0,true,20260809
80,21,2,ijk,0.354406,2.889341603,0,true,20260809
80,21,3,jik,0.356138,2.875289916,0,true,20260809
80,21,4,kji,0.282827,3.620587851,0,true,20260809
80,21,5,jki,0.21203,4.829505259,0,true,20260809
80,22,0,kji,0.283849,3.607551903,0,true,20260809
80,22,1,jki,0.21201,4.829960851,0,true,20260809
80,22,2,kij,0.032549,31.46025992,0,true,20260809
80,22,3,ikj,0.05949,17.21297697,0,true,20260809
80,22,4,ijk,0.354395,2.889431284,0,true,20260809
80,22,5,jik,0.360564,2.839995119,0,true,20260809
80,23,0,jki,0.21204,4.829277495,0,true,20260809
80,23,1,jik,0.356208,2.87472488,0,true,20260809
80,23,2,ijk,0.355748,2.878442043,0,true,20260809
80,23,3,ikj,0.059701,17.15214151,0,true,20260809
80,23,4,kij,0.032639,31.37351022,0,true,20260809
80,23,5,kji,0.28476,3.596010676,0,true,20260809
80,24,0,kji,0.282807,3.620843897,0,true,20260809
80,24,1,ijk,0.354415,2.889268231,0,true,20260809
80,24,2,jki,0.21201,4.829960851,0,true,20260809
80,24,3,jik,0.356158,2.875128454,0,true,20260809
80,24,4,ikj,0.059971,17.07491954,0,true,20260809
80,24,5,kij,0.03275,31.26717557,0,true,20260809
80,25,0,ijk,0.354405,2.889349755,0,true,20260809
80,25,1,ikj,0.0596,17.18120805,0,true,20260809
80,25,2,kji,0.282807,3.620843897,0,true,20260809
80,25,3,kij,0.032739,31.27768105,0,true,20260809
80,25,4,jik,0.378201,2.707554977,0,true,20260809
80,25,5,jki,0.21203,4.829505259,0,true,20260809
80,26,0,ikj,0.05961,17.17832578,0,true,20260809
80,26,1,jik,0.358231,2.85849075,0,true,20260809
80,26,2,kji,0.282808,3.620831094,0,true,20260809
80,26,3,jki,0.21201,4.829960851,0,true,20260809
80,26,4,kij,0.032959,31.06890379,0,true,20260809
80,26,5,ijk,0.354406,2.889341603,0,true,20260809
80,27,0,jki,0.21203,4.829505259,0,true,20260809
80,27,1,ijk,0.354385,2.889512818,0,true,20260809
80,27,2,kij,0.03324,30.80625752,0,true,20260809
80,27,3,jik,0.356138,2.875289916,0,true,20260809
80,27,4,ikj,0.05971,17.14955619,0,true,20260809
80,27,5,kji,0.282807,3.620843897,0,true,20260809
80,28,0,kij,0.032829,31.19193396,0,true,20260809
80,28,1,ikj,0.05949,17.21297697,0,true,20260809
80,28,2,jik,0.356168,2.87504773,0,true,20260809
80,28,3,ijk,0.358651,2.855143301,0,true,20260809
80,28,4,kji,0.282817,3.620715869,0,true,20260809
80,28,5,jki,0.213513,4.795960902,0,true,20260809
80,29,0,ikj,0.05952,17.20430108,0,true,20260809
80,29,1,ijk,0.354396,2.889423131,0,true,20260809
80,29,2,kji,0.282838,3.62044704,0,true,20260809
80,29,3,kij,0.032759,31.25858543,0,true,20260809
80,29,4,jki,0.21202,4.829733044,0,true,20260809
80,29,5,jik,0.356208,2.87472488,0,true,20260809
80,30,0,ikj,0.059389,17.24225025,0,true,20260809
80,30,1,jik,0.356139,2.875281842,0,true,20260809
80,30,2,kji,0.282917,3.619436089,0,true,20260809
80,30,3,kij,0.03281,31.20999695,0,true,20260809
80,30,4,jki,0.212321,4.822886102,0,true,20260809
80,30,5,ijk,0.354476,2.888771031,0,true,20260809
80,31,0,jik,0.356138,2.875289916,0,true,20260809
80,31,1,ijk,0.358291,2.858012063,0,true,20260809
80,31,2,jki,0.21203,4.829505259,0,true,20260809
80,31,3,kji,0.282817,3.620715869,0,true,20260809
80,31,4,ikj,0.059369,17.24805875,0,true,20260809
80,31,5,kij,0.032679,31.33510817,0,true,20260809
80,32,0,kji,0.282807,3.620843897,0,true,20260809
80,32,1,ijk,0.354395,2.889431284,0,true,20260809
80,32,2,jik,0.356138,2.875289916,0,true,20260809
80,32,3,ikj,0.05912,17.32070365,0,true,20260809
80,32,4,jki,0.21201,4.829960851,0,true,20260809
80,32,5,kij,0.03279,31.22903324,0,true,20260809
80,33,0,jki,0.212,4.830188679,0,true,20260809
80,33,1,jik,0.356108,2.875532142,0,true,20260809
80,33,2,kij,0.032679,31.33510817,0,true,20260809
80,33,3,ijk,0.354466,2.888852527,0,true,20260809
80,33,4,kji,0.282827,3.620587851,0,true,20260809
80,33,5,ikj,0.060101,17.03798606,0,true,20260809
80,34,0,ikj,0.05948,17.21587088,0,true,20260809
80,34,1,jki,0.215366,4.754696656,0,true,20260809
80,34,2,kji,0.282817,3.620715869,0,true,20260809
80,34,3,ijk,0.354396,2.889423131,0,true,20260809
80,34,4,kij,0.032709,31.30636828,0,true,20260809
80,34,5,jik,0.356118,2.875451395,0,true,20260809
80,35,0,ikj,0.059269,17.27716007,0,true,20260809
80,35,1,jik,0.356088,2.875693649,0,true,20260809
80,35,2,jki,0.21203,4.829505259,0,true,20260809
80,35,3,ijk,0.354385,2.889512818,0,true,20260809
80,35,4,kji,0.282807,3.620843897,0,true,20260809
80,35,5,kij,0.032479,31.52806429,0,true,20260809
80,36,0,ikj,0.060241,16.9983898,0,true,20260809
80,36,1,ijk,0.354395,2.889431284,0,true,20260809
80,36,2,kji,0.282817,3.620715869,0,true,20260809
80,36,3,jik,0.356198,2.874805586,0,true,20260809
80,36,4,kij,0.032809,31.21094822,0,true,20260809
80,36,5,jki,0.217698,4.70376393,0,true,20260809
80,37,0,ikj,0.060171,17.0181649,0,true,20260809
80,37,1,ijk,0.354485,2.888697688,0,true,20260809
80,37,2,jki,0.212051,4.829026979,0,true,20260809
80,37,3,jik,0.356118,2.875451395,0,true,20260809
80,37,4,kij,0.032649,31.36390089,0,true,20260809
80,37,5,kji,0.282807,3.620843897,0,true,20260809
80,38,0,kji,0.2843,3.601829054,0,true,20260809
80,38,1,jki,0.21205,4.829049752,0,true,20260809
80,38,2,ikj,0.060362,16.9643153,0,true,20260809
80,38,3,kij,0.032769,31.24904635,0,true,20260809
80,38,4,jik,0.356118,2.875451395,0,true,20260809
80,38,5,ijk,0.354375,2.889594356,0,true,20260809
80,39,0,jik,0.356168,2.87504773,0,true,20260809
80,39,1,ijk,0.354385,2.889512818,0,true,20260809
80,39,2,ikj,0.05974,17.14094409,0,true,20260809
80,39,3,jki,0.21205,4.829049752,0,true,20260809
80,39,4,kji,0.289277,3.539859719,0,true,20260809
80,39,5,kij,0.0326,31.41104294,0,true,20260809
80,40,0,ijk,0.354425,2.889186711,0,true,20260809
80,40,1,jik,0.356138,2.875289916,0,true,20260809
80,40,2,ikj,0.060351,16.96740733,0,true,20260809
80,40,3,kji,0.282817,3.620715869,0,true,20260809
80,40,4,jki,0.21202,4.829733044,0,true,20260809
80,40,5,kij,0.032619,31.39274656,0,true,20260809
80,41,0,ikj,0.05971,17.14955619,0,true,20260809
80,41,1,kij,0.032709,31.30636828,0,true,20260809
80,41,2,jki,0.21201,4.829960851,0,true,20260809
80,41,3,ijk,0.354385,2.889512818,0,true,20260809
80,41,4,jik,0.356148,2.875209183,0,true,20260809
80,41,5,kji,0.282807,3.620843897,0,true,20260809
80,42,0,jki,0.212031,4.829482481,0,true,20260809
80,42,1,ikj,0.05954,17.198522,0,true,20260809
80,42,2,kji,0.282817,3.620715869,0,true,20260809
80,42,3,ijk,0.362567,2.824305577,0,true,20260809
80,42,4,kij,0.032779,31.2395131,0,true,20260809
80,42,5,jik,0.356158,2.875128454,0,true,20260809
80,43,0,ikj,0.05921,17.29437595,0,true,20260809
80,43,1,jki,0.212381,4.821523583,0,true,20260809
80,43,2,ijk,0.354395,2.889431284,0,true,20260809
80,43,3,jik,0.356198,2.874805586,0,true,20260809
80,43,4,kji,0.282807,3.620843897,0,true,20260809
80,43,5,kij,0.03257,31.43997544,0,true,20260809
80,44,0,ijk,0.354405,2.889349755,0,true,20260809
80,44,1,kij,0.03272,31.29584352,0,true,20260809
80,44,2,jik,0.356148,2.875209183,0,true,20260809
80,44,3,kji,0.282817,3.620715869,0,true,20260809
80,44,4,jki,0.21204,4.829277495,0,true,20260809
80,44,5,ikj,0.05938,17.24486359,0,true,20260809
80,45,0,kji,0.282817,3.620715869,0,true,20260809
80,45,1,kij,0.03292,31.10571081,0,true,20260809
80,45,2,jki,0.212001,4.830165895,0,true,20260809
80,45,3,ijk,0.359383,2.849327876,0,true,20260809
80,45,4,jik,0.356158,2.875128454,0,true,20260809
80,45,5,ikj,0.059891,17.09772754,0,true,20260809
80,46,0,ikj,0.060151,17.02382338,0,true,20260809
80,46,1,ijk,0.354405,2.889349755,0,true,20260809
80,46,2,jki,0.21201,4.829960851,0,true,20260809
80,46,3,jik,0.357269,2.866187663,0,true,20260809
80,46,4,kji,0.282817,3.620715869,0,true,20260809
80,46,5,kij,0.03283,31.19098386,0,true,20260809
80,47,0,jik,0.356478,2.872547534,0,true,20260809
80,47,1,ikj,0.05971,17.14955619,0,true,20260809
80,47,2,kij,0.032569,31.44094077,0,true,20260809
80,47,3,ijk,0.354396,2.889423131,0,true,20260809
80,47,4,kji,0.282827,3.620587851,0,true,20260809
80,47,5,jki,0.212021,4.829710265,0,true,20260809
80,48,0,kji,0.282807,3.620843897,0,true,20260809
80,48,1,jki,0.216217,4.735982832,0,true,20260809
80,48,2,ijk,0.354406,2.889341603,0,true,20260809
80,48,3,kij,0.032689,31.32552235,0,true,20260809
80,48,4,jik,0.356128,2.875370653,0,true,20260809
80,48,5,ikj,0.06,17.06666667,0,true,20260809
80,49,0,kij,0.03263,31.38216365,0,true,20260809
80,49,1,ijk,0.354405,2.889349755,0,true,20260809
80,49,2,jki,0.212021,4.829710265,0,true,20260809
80,49,3,jik,0.356218,2.874644179,0,true,20260809
80,49,4,ikj,0.05941,17.23615553,0,true,20260809
80,49,5,kji,0.282818,3.620703067,0,true,20260809
96,0,0,ikj,0.091829,19.2692069,0,true,20260809
96,0,1,ijk,0.664143,2.664293684,0,true,20260809
96,0,2,jki,0.369478,4.78911329,0,true,20260809
96,0,3,kji,0.487216,3.631801911,0,true,20260809
96,0,4,kij,0.061043,28.98730403,0,true,20260809
96,0,5,jik,0.657182,2.692514402,0,true,20260809
96,1,0,kji,0.487026,3.63321876,0,true,20260809
96,1,1,kij,0.060852,29.07828831,0,true,20260809
96,1,2,ikj,0.090957,19.45393977,0,true,20260809
96,1,3,ijk,0.656743,2.694314214,0,true,20260809
96,1,4,jik,0.663312,2.667631522,0,true,20260809
96,1,5,jki,0.369328,4.791058355,0,true,20260809
96,2,0,ijk,0.656702,2.694482429,0,true,20260809
96,2,1,jki,0.369208,4.792615545,0,true,20260809
96,2,2,kij,0.060882,29.06395979,0,true,20260809
96,2,3,jik,0.658635,2.686574506,0,true,20260809
96,2,4,kji,0.487026,3.63321876,0,true,20260809
96,2,5,ikj,0.092229,19.18563575,0,true,20260809
96,3,0,kij,0.060752,29.12615223,0,true,20260809
96,3,1,kji,0.486996,3.633442574,0,true,20260809
96,3,2,jik,0.664594,2.662485668,0,true,20260809
96,3,3,ikj,0.091508,19.33680115,0,true,20260809
96,3,4,ijk,0.657864,2.689723104,0,true,20260809
96,3,5,jki,0.369398,4.790150461,0,true,20260809
96,4,0,ijk,0.656592,2.69493384,0,true,20260809
96,4,1,kji,0.486996,3.633442574,0,true,20260809
96,4,2,jki,0.369408,4.79002079,0,true,20260809
96,4,3,ikj,0.09266,19.09639542,0,true,20260809
96,4,4,jik,0.662761,2.669849312,0,true,20260809
96,4,5,kij,0.060862,29.07351056,0,true,20260809
96,5,0,ijk,0.656692,2.69452346,0,true,20260809
96,5,1,ikj,0.092319,19.16693205,0,true,20260809
96,5,2,jik,0.659507,2.683022318,0,true,20260809
96,5,3,jki,0.37083,4.771652779,0,true,20260809
96,5,4,kij,0.060932,29.04011029,0,true,20260809
96,5,5,kji,0.487016,3.633293362,0,true,20260809
96,6,0,jik,0.658224,2.688252024,0,true,20260809
96,6,1,kji,0.488318,3.623605929,0,true,20260809
96,6,2,jki,0.374656,4.722924496,0,true,20260809
96,6,3,ikj,0.092119,19.20854547,0,true,20260809
96,6,4,ijk,0.656712,2.694441399,0,true,20260809
96,6,5,kij,0.061123,28.9493644,0,true,20260809
96,7,0,ikj,0.092069,19.21897707,0,true,20260809
96,7,1,jik,0.659496,2.683067069,0,true,20260809
96,7,2,jki,0.369308,4.791317816,0,true,20260809
96,7,3,ijk,0.656702,2.694482429,0,true,20260809
96,7,4,kji,0.490732,3.605780752,0,true,20260809
96,7,5,kij,0.060952,29.03058144,0,true,20260809
96,8,0,kji,0.490701,3.606008547,0,true,20260809
96,8,1,ijk,0.656712,2.694441399,0,true,20260809
96,8,2,jki,0.369298,4.791447557,0,true,20260809
96,8,3,jik,0.658726,2.686203368,0,true,20260809
96,8,4,ikj,0.091167,19.4091283,0,true,20260809
96,8,5,kij,0.061103,28.95883999,0,true,20260809
96,9,0,ijk,0.657363,2.691773039,0,true,20260809
96,9,1,ikj,0.092029,19.22733052,0,true,20260809
96,9,2,kij,0.061243,28.89264079,0,true,20260809
96,9,3,jki,0.369307,4.79133079,0,true,20260809
96,9,4,kji,0.486996,3.633442574,0,true,20260809
96,9,5,jik,0.662341,2.671542302,0,true,20260809
96,10,0,kij,0.061042,28.98777891,0,true,20260809
96,10,1,kji,0.487006,3.633367967,0,true,20260809
96,10,2,jik,0.658094,2.688783061,0,true,20260809
96,10,3,ijk,0.656752,2.694277292,0,true,20260809
96,10,4,ikj,0.091338,19.37279117,0,true,20260809
96,10,5,jki,0.369288,4.791577306,0,true,20260809
96,11,0,jki,0.369378,4.790409824,0,true,20260809
96,11,1,ijk,0.661249,2.675954141,0,true,20260809
96,11,2,jik,0.658304,2.687925335,0,true,20260809
96,11,3,ikj,0.091869,19.26081703,0,true,20260809
96,11,4,kij,0.061233,28.89735927,0,true,20260809
96,11,5,kji,0.487005,3.633375427,0,true,20260809
96,12,0,ikj,0.09214,19.20416757,0,true,20260809
96,12,1,jki,0.369748,4.785616149,0,true,20260809
96,12,2,kij,0.060852,29.07828831,0,true,20260809
96,12,3,ijk,0.656722,2.69440037,0,true,20260809
96,12,4,kji,0.489359,3.615897531,0,true,20260809
96,12,5,jik,0.669292,2.643796728,0,true,20260809
96,13,0,jki,0.369247,4.792109347,0,true,20260809
96,13,1,kji,0.487036,3.633144162,0,true,20260809
96,13,2,kij,0.061733,28.66330812,0,true,20260809
96,13,3,ijk,0.657663,2.690545158,0,true,20260809
96,13,4,ikj,0.091829,19.2692069,0,true,20260809
96,13,5,jik,0.658505,2.687104882,0,true,20260809
96,14,0,jik,0.658145,2.688574706,0,true,20260809
96,14,1,kji,0.487026,3.63321876,0,true,20260809
96,14,2,kij,0.061503,28.770499,0,true,20260809
96,14,3,ijk,0.660497,2.679000813,0,true,20260809
96,14,4,ikj,0.091468,19.34525736,0,true,20260809
96,14,5,jki,0.369418,4.789891126,0,true,20260809
96,15,0,ikj,0.091458,19.34737256,0,true,20260809
96,15,1,kji,0.487006,3.633367967,0,true,20260809
96,15,2,ijk,0.656712,2.694441399,0,true,20260809
96,15,3,kij,0.061673,28.69119388,0,true,20260809
96,15,4,jki,0.369248,4.792096369,0,true,20260809
96,15,5,jik,0.659125,2.68457728,0,true,20260809
96,16,0,ijk,0.661399,2.675347256,0,true,20260809
96,16,1,jik,0.659537,2.682900277,0,true,20260809
96,16,2,jki,0.369278,4.791707061,0,true,20260809
96,16,3,ikj,0.091588,19.31991091,0,true,20260809
96,16,4,kji,0.487006,3.633367967,0,true,20260809
96,16,5,kij,0.061012,29.00203239,0,true,20260809
96,17,0,kij,0.061032,28.99252851,0,true,20260809
96,17,1,jki,0.369278,4.791707061,0,true,20260809
96,17,2,kji,0.487817,3.627327461,0,true,20260809
96,17,3,ikj,0.091809,19.27340457,0,true,20260809
96,17,4,ijk,0.656872,2.693785091,0,true,20260809
96,17,5,jik,0.660959,2.677128233,0,true,20260809
96,18,0,jki,0.369498,4.788854067,0,true,20260809
96,18,1,jik,0.658365,2.687676289,0,true,20260809
96,18,2,ijk,0.656692,2.69452346,0,true,20260809
96,18,3,kji,0.487036,3.633144162,0,true,20260809
96,18,4,kij,0.060962,29.02581936,0,true,20260809
96,18,5,ikj,0.091849,19.26501105,0,true,20260809
96,19,0,jik,0.657022,2.693170092,0,true,20260809
96,19,1,ijk,0.663813,2.665618179,0,true,20260809
96,19,2,ikj,0.091479,19.34293116,0,true,20260809
96,19,3,kji,0.487015,3.633300822,0,true,20260809
96,19,4,jki,0.369328,4.791058355,0,true,20260809
96,19,5,kij,0.060882,29.06395979,0,true,20260809
96,20,0,kji,0.487036,3.633144162,0,true,20260809
96,20,1,kij,0.060762,29.12135874,0,true,20260809
96,20,2,jki,0.369338,4.790928634,0,true,20260809
96,20,3,jik,0.657443,2.691445494,0,true,20260809
96,20,4,ijk,0.656732,2.694359343,0,true,20260809
96,20,5,ikj,0.091729,19.29021356,0,true,20260809
96,21,0,jki,0.369498,4.788854067,0,true,20260809
96,21,1,kij,0.061252,28.88839548,0,true,20260809
96,21,2,kji,0.488088,3.625313468,0,true,20260809
96,21,3,ijk,0.657583,2.690872483,0,true,20260809
96,21,4,ikj,0.091809,19.27340457,0,true,20260809
96,21,5,jik,0.658144,2.688578791,0,true,20260809
96,22,0,jki,0.369188,4.792875175,0,true,20260809
96,22,1,ijk,0.656722,2.69440037,0,true,20260809
96,22,2,kji,0.491873,3.597416406,0,true,20260809
96,22,3,jik,0.658465,2.687268116,0,true,20260809
96,22,4,ikj,0.091408,19.35795554,0,true,20260809
96,22,5,kij,0.060692,29.15494629,0,true,20260809
96,23,0,kji,0.487006,3.633367967,0,true,20260809
96,23,1,ijk,0.656752,2.694277292,0,true,20260809
96,23,2,kij,0.061333,28.85024375,0,true,20260809
96,23,3,jki,0.369328,4.791058355,0,true,20260809
96,23,4,ikj,0.091218,19.39827666,0,true,20260809
96,23,5,jik,0.658925,2.685392116,0,true,20260809
96,24,0,kji,0.495168,3.573478092,0,true,20260809
96,24,1,ijk,0.656712,2.694441399,0,true,20260809
96,24,2,jki,0.369829,4.784568003,0,true,20260809
96,24,3,ikj,0.091939,19.24615234,0,true,20260809
96,24,4,jik,0.657243,2.692264505,0,true,20260809
96,24,5,kij,0.060832,29.0878485,0,true,20260809
96,25,0,jik,0.658645,2.686533717,0,true,20260809
96,25,1,kij,0.061022,28.99727967,0,true,20260809
96,25,2,jki,0.369328,4.791058355,0,true,20260809
96,25,3,ikj,0.091698,19.29673493,0,true,20260809
96,25,4,kji,0.487016,3.633293362,0,true,20260809
96,25,5,ijk,0.662871,2.669406265,0,true,20260809
96,26,0,jik,0.658045,2.688983276,0,true,20260809
96,26,1,jki,0.369297,4.791460532,0,true,20260809
96,26,2,kij,0.061604,28.72332965,0,true,20260809
96,26,3,ijk,0.656692,2.69452346,0,true,20260809
96,26,4,kji,0.487766,3.627706728,0,true,20260809
96,26,5,ikj,0.09206,19.22085596,0,true,20260809
96,27,0,ikj,0.091888,19.25683441,0,true,20260809
96,27,1,ijk,0.656732,2.694359343,0,true,20260809
96,27,2,kji,0.492074,3.595946951,0,true,20260809
96,27,3,kij,0.061062,28.97828437,0,true,20260809
96,27,4,jik,0.657734,2.690254723,0,true,20260809
96,27,5,jki,0.369318,4.791188082,0,true,20260809
96,28,0,ijk,0.656782,2.694154225,0,true,20260809
96,28,1,kij,0.060792,29.10698776,0,true,20260809
96,28,2,jik,0.658174,2.688456244,0,true,20260809
96,28,3,jki,0.369348,4.790798921,0,true,20260809
96,28,4,ikj,0.091959,19.24196653,0,true,20260809
96,28,5,kji,0.491964,3.596750982,0,true,20260809
96,29,0,kij,0.061022,28.99727967,0,true,20260809
96,29,1,jki,0.369308,4.791317816,0,true,20260809
96,29,2,ijk,0.656942,2.693498056,0,true,20260809
96,29,3,kji,0.487026,3.63321876,0,true,20260809
96,29,4,jik,0.658545,2.686941667,0,true,20260809
96,29,5,ikj,0.091989,19.23569122,0,true,20260809
96,30,0,jki,0.369288,4.791577306,0,true,20260809
96,30,1,kij,0.061042,28.98777891,0,true,20260809
96,30,2,jik,0.658735,2.686166668,0,true,20260809
96,30,3,ikj,0.091809,19.27340457,0,true,20260809
96,30,4,kji,0.491061,3.603364959,0,true,20260809
96,30,5,ijk,0.656722,2.69440037,0,true,20260809
96,31,0,ikj,0.091528,19.33257582,0,true,20260809
96,31,1,ijk,0.656712,2.694441399,0,true,20260809
96,31,2,kji,0.487026,3.63321876,0,true,20260809
96,31,3,jki,0.369248,4.792096369,0,true,20260809
96,31,4,kij,0.061032,28.99252851,0,true,20260809
96,31,5,jik,0.657333,2.691895888,0,true,20260809
96,32,0,ikj,0.091779,19.27970451,0,true,20260809
96,32,1,ijk,0.662621,2.670413404,0,true,20260809
96,32,2,jik,0.657302,2.692022845,0,true,20260809
96,32,3,kij,0.060832,29.0878485,0,true,20260809
96,32,4,kji,0.487597,3.628964083,0,true,20260809
96,32,5,jki,0.37075,4.772682401,0,true,20260809
96,33,0,kij,0.061363,28.83613904,0,true,20260809
96,33,1,ijk,0.656712,2.694441399,0,true,20260809
96,33,2,jik,0.657563,2.690954327,0,true,20260809
96,33,3,kji,0.508458,3.48007505,0,true,20260809
96,33,4,jki,0.369839,4.784438634,0,true,20260809
96,33,5,ikj,0.091257,19.38998652,0,true,20260809
96,34,0,kij,0.061063,28.9778098,0,true,20260809
96,34,1,ikj,0.091778,19.27991458,0,true,20260809
96,34,2,ijk,0.657744,2.690213822,0,true,20260809
96,34,3,jik,0.657483,2.691281752,0,true,20260809
96,34,4,kji,0.487006,3.633367967,0,true,20260809
96,34,5,jki,0.369258,4.791966592,0,true,20260809
96,35,0,kji,0.487016,3.633293362,0,true,20260809
96,35,1,ikj,0.091448,19.34948823,0,true,20260809
96,35,2,jki,0.375948,4.706693479,0,true,20260809
96,35,3,jik,0.657724,2.690295626,0,true,20260809
96,35,4,ijk,0.656722,2.69440037,0,true,20260809
96,35,5,kij,0.060812,29.09741498,0,true,20260809
96,36,0,ikj,0.091909,19.25243447,0,true,20260809
96,36,1,jik,0.658124,2.688660496,0,true,20260809
96,36,2,kij,0.060962,29.02581936,0,true,20260809
96,36,3,kji,0.487006,3.633367967,0,true,20260809
96,36,4,ijk,0.657704,2.690377434,0,true,20260809
96,36,5,jki,0.379343,4.664570059,0,true,20260809
96,37,0,jki,0.369478,4.78911329,0,true,20260809
96,37,1,kij,0.060752,29.12615223,0,true,20260809
96,37,2,jik,0.658134,2.688619643,0,true,20260809
96,37,3,kji,0.487026,3.63321876,0,true,20260809
96,37,4,ikj,0.091268,19.38764956,0,true,20260809
96,37,5,ijk,0.656702,2.694482429,0,true,20260809
96,38,0,jki,0.369508,4.788724466,0,true,20260809
96,38,1,ikj,0.091779,19.27970451,0,true,20260809
96,38,2,jik,0.658054,2.6889465,0,true,20260809
96,38,3,ijk,0.663432,2.667149007,0,true,20260809
96,38,4,kij,0.060862,29.07351056,0,true,20260809
96,38,5,kji,0.487547,3.629336249,0,true,20260809
96,39,0,ikj,0.092139,19.204376,0,true,20260809
96,39,1,jik,0.658395,2.687553824,0,true,20260809
96,39,2,kji,0.49015,3.610062226,0,true,20260809
96,39,3,jki,0.369318,4.791188082,0,true,20260809
96,39,4,ijk,0.656732,2.694359343,0,true,20260809
96,39,5,kij,0.061694,28.68142769,0,true,20260809
96,40,0,kji,0.491172,3.602550634,0,true,20260809
96,40,1,jki,0.370449,4.776560336,0,true,20260809
96,40,2,ikj,0.09206,19.22085596,0,true,20260809
96,40,3,kij,0.061002,29.00678666,0,true,20260809
96,40,4,jik,0.659136,2.684532479,0,true,20260809
96,40,5,ijk,0.657853,2.689768079,0,true,20260809
96,41,0,kji,0.486976,3.633591799,0,true,20260809
96,41,1,jik,0.658415,2.687472187,0,true,20260809
96,41,2,kij,0.060852,29.07828831,0,true,20260809
96,41,3,jki,0.370349,4.777850082,0,true,20260809
96,41,4,ijk,0.661069,2.676682767,0,true,20260809
96,41,5,ikj,0.091087,19.42617498,0,true,20260809
96,42,0,ikj,0.091529,19.33236461,0,true,20260809
96,42,1,jik,0.657924,2.689477812,0,true,20260809
96,42,2,jki,0.369368,4.790539516,0,true,20260809
96,42,3,ijk,0.656782,2.694154225,0,true,20260809
96,42,4,kji,0.487606,3.628897101,0,true,20260809
96,42,5,kij,0.060933,29.0396337,0,true,20260809
96,43,0,kji,0.486995,3.633450035,0,true,20260809
96,43,1,jki,0.369308,4.791317816,0,true,20260809
96,43,2,kij,0.064538,27.41752146,0,true,20260809
96,43,3,jik,0.658835,2.685758953,0,true,20260809
96,43,4,ijk,0.656762,2.694236268,0,true,20260809
96,43,5,ikj,0.092009,19.23150996,0,true,20260809
96,44,0,ikj,0.091909,19.25243447,0,true,20260809
96,44,1,kij,0.060892,29.05918676,0,true,20260809
96,44,2,jki,0.369308,4.791317816,0,true,20260809
96,44,3,jik,0.657764,2.690132023,0,true,20260809
96,44,4,ijk,0.656712,2.694441399,0,true,20260809
96,44,5,kji,0.492494,3.592880319,0,true,20260809
96,45,0,kji,0.487005,3.633375427,0,true,20260809
96,45,1,jik,0.658735,2.686166668,0,true,20260809
96,45,2,ijk,0.657994,2.689191695,0,true,20260809
96,45,3,jki,0.369248,4.792096369,0,true,20260809
96,45,4,ikj,0.091669,19.30283956,0,true,20260809
96,45,5,kij,0.060892,29.05918676,0,true,20260809
96,46,0,ikj,0.091077,19.42830792,0,true,20260809
96,46,1,kij,0.060782,29.11177651,0,true,20260809
96,46,2,kji,0.4901,3.610430524,0,true,20260809
96,46,3,ijk,0.656703,2.694478326,0,true,20260809
96,46,4,jki,0.373063,4.743091649,0,true,20260809
96,46,5,jik,0.658695,2.686329788,0,true,20260809
96,47,0,ikj,0.091488,19.34102833,0,true,20260809
96,47,1,jik,0.657703,2.690381525,0,true,20260809
96,47,2,kji,0.487005,3.633375427,0,true,20260809
96,47,3,ijk,0.657323,2.691936841,0,true,20260809
96,47,4,kij,0.060752,29.12615223,0,true,20260809
96,47,5,jki,0.369268,4.791836823,0,true,20260809
96,48,0,jki,0.369478,4.78911329,0,true,20260809
96,48,1,ikj,0.094533,18.71803497,0,true,20260809
96,48,2,jik,0.658355,2.687717113,0,true,20260809
96,48,3,ijk,0.656783,2.694150123,0,true,20260809
96,48,4,kij,0.061102,28.95931393,0,true,20260809
96,48,5,kji,0.487016,3.633293362,0,true,20260809
96,49,0,kij,0.061123,28.9493644,0,true,20260809
96,49,1,jki,0.369338,4.790928634,0,true,20260809
96,49,2,jik,0.658725,2.686207446,0,true,20260809
96,49,3,ikj,0.092019,19.22942001,0,true,20260809
96,49,4,ijk,0.656712,2.694441399,0,true,20260809
96,49,5,kji,0.487016,3.633293362,0,true,20260809
112,0,0,jik,1.115956,2.517891386,0,true,20260809
112,0,1,ijk,1.119442,2.510050543,0,true,20260809
112,0,2,ikj,0.130427,21.54351476,0,true,20260809
112,0,3,jki,0.588489,4.774695874,0,true,20260809
112,0,4,kji,0.771446,3.642323636,0,true,20260809
112,0,5,kij,0.096456,29.13096127,0,true,20260809
112,1,0,kij,0.096356,29.16119391,0,true,20260809
112,1,1,jik,1.114874,2.520335033,0,true,20260809
112,1,2,ijk,1.119091,2.510837814,0,true,20260809
112,1,3,ikj,0.130647,21.50723706,0,true,20260809
112,1,4,kji,0.771445,3.642328358,0,true,20260809
112,1,5,jki,0.588169,4.777293601,0,true,20260809
112,2,0,jki,0.586396,4.791738006,0,true,20260809
112,2,1,kji,0.771426,3.642418067,0,true,20260809
112,2,2,kij,0.096415,29.14334906,0,true,20260809
112,2,3,ikj,0.130677,21.50229956,0,true,20260809
112,2,4,jik,1.118961,2.511129521,0,true,20260809
112,2,5,ijk,1.114374,2.521465863,0,true,20260809
112,3,0,jik,1.115786,2.51827501,0,true,20260809
112,3,1,jki,0.586286,4.792637041,0,true,20260809
112,3,2,ijk,1.11888,2.511311311,0,true,20260809
112,3,3,ikj,0.129515,21.69521677,0,true,20260809
112,3,4,kji,0.771455,3.642281144,0,true,20260809
112,3,5,kij,0.096356,29.16119391,0,true,20260809
112,4,0,jki,0.586336,4.792228347,0,true,20260809
112,4,1,kij,0.096947,28.98342393,0,true,20260809
112,4,2,ikj,0.130167,21.58654651,0,true,20260809
112,4,3,kji,0.771425,3.642422789,0,true,20260809
112,4,4,ijk,1.122416,2.503399809,0,true,20260809
112,4,5,jik,1.117418,2.514597044,0,true,20260809
112,5,0,jik,1.116516,2.516628512,0,true,20260809
112,5,1,kij,0.096817,29.02234112,0,true,20260809
112,5,2,kji,0.778236,3.610544873,0,true,20260809
112,5,3,ijk,1.116207,2.517325191,0,true,20260809
112,5,4,jki,0.586706,4.789206178,0,true,20260809
112,5,5,ikj,0.130447,21.54021173,0,true,20260809
112,6,0,jki,0.586316,4.792391816,0,true,20260809
112,6,1,kij,0.096586,29.09175243,0,true,20260809
112,6,2,kji,0.771426,3.642418067,0,true,20260809
112,6,3,ijk,1.135215,2.475175187,0,true,20260809
112,6,4,ikj,0.131719,21.33219961,0,true,20260809
112,6,5,jik,1.115395,2.519157787,0,true,20260809
112,7,0,kij,0.096415,29.14334906,0,true,20260809
112,7,1,jki,0.588029,4.778430996,0,true,20260809
112,7,2,kji,0.771425,3.642422789,0,true,20260809
112,7,3,jik,1.120182,2.508392386,0,true,20260809
112,7,4,ijk,1.114844,2.520402855,0,true,20260809
112,7,5,ikj,0.131269,21.40532799,0,true,20260809
112,8,0,ijk,1.114063,2.522169752,0,true,20260809
112,8,1,jki,0.590833,4.755753318,0,true,20260809
112,8,2,jik,1.115395,2.519157787,0,true,20260809
112,8,3,ikj,0.131429,21.37926942,0,true,20260809
112,8,4,kij,0.096386,29.15211753,0,true,20260809
112,8,5,kji,0.773989,3.630356504,0,true,20260809
112,9,0,ikj,0.132009,21.28533661,0,true,20260809
112,9,1,kji,0.771957,3.639912586,0,true,20260809
112,9,2,jik,1.119261,2.510456453,0,true,20260809
112,9,3,ijk,1.114073,2.522147112,0,true,20260809
112,9,4,kij,0.097207,28.90590184,0,true,20260809
112,9,5,jki,0.586286,4.792637041,0,true,20260809
112,10,0,kji,0.771446,3.642323636,0,true,20260809
112,10,1,jik,1.121004,2.506553054,0,true,20260809
112,10,2,kij,0.097036,28.95684076,0,true,20260809
112,10,3,jki,0.586566,4.790349253,0,true,20260809
112,10,4,ijk,1.114163,2.521943378,0,true,20260809
112,10,5,ikj,0.131219,21.41348433,0,true,20260809
112,11,0,kij,0.096696,29.05865806,0,true,20260809
112,11,1,jik,1.116286,2.517147039,0,true,20260809
112,11,2,jki,0.591293,4.75205355,0,true,20260809
112,11,3,ijk,1.114073,2.522147112,0,true,20260809
112,11,4,ikj,0.129666,21.66995203,0,true,20260809
112,11,5,kji,0.771425,3.642422789,0,true,20260809
112,12,0,kji,0.771456,3.642276423,0,true,20260809
112,12,1,jki,0.610923,4.599361949,0,true,20260809
112,12,2,kij,0.096165,29.21911298,0,true,20260809
112,12,3,jik,1.114413,2.521377622,0,true,20260809
112,12,4,ijk,1.114994,2.520063785,0,true,20260809
112,12,5,ikj,0.130257,21.57163147,0,true,20260809
112,13,0,ikj,0.130117,21.59484157,0,true,20260809
112,13,1,kji,0.773599,3.632186701,0,true,20260809
112,13,2,kij,0.096496,29.11888576,0,true,20260809
112,13,3,ijk,1.119201,2.510591038,0,true,20260809
112,13,4,jki,0.58865,4.77338996,0,true,20260809
112,13,5,jik,1.115916,2.51798164,0,true,20260809
112,14,0,ikj,0.130497,21.53195859,0,true,20260809
112,14,1,kij,0.096576,29.09476474,0,true,20260809
112,14,2,jik,1.119502,2.509916016,0,true,20260809
112,14,3,ijk,1.115495,2.518931954,0,true,20260809
112,14,4,jki,0.587878,4.779658364,0,true,20260809
112,14,5,kji,0.771456,3.642276423,0,true,20260809
112,15,0,ijk,1.115926,2.517959076,0,true,20260809
112,15,1,jki,0.591343,4.751651749,0,true,20260809
112,15,2,jik,1.115846,2.5181396,0,true,20260809
112,15,3,kji,0.773218,3.633976446,0,true,20260809
112,15,4,ikj,0.129986,21.61660487,0,true,20260809
112,15,5,kij,0.096676,29.06466962,0,true,20260809
112,16,0,jki,0.587928,4.779251881,0,true,20260809
112,16,1,kji,0.77458,3.627586563,0,true,20260809
112,16,2,jik,1.115235,2.519519204,0,true,20260809
112,16,3,ijk,1.114073,2.522147112,0,true,20260809
112,16,4,kij,0.096165,29.21911298,0,true,20260809
112,16,5,ikj,0.129295,21.73213195,0,true,20260809
112,17,0,ikj,0.130337,21.55839094,0,true,20260809
112,17,1,ijk,1.11859,2.511962381,0,true,20260809
112,17,2,jik,1.115946,2.517913949,0,true,20260809
112,17,3,jki,0.586666,4.789532715,0,true,20260809
112,17,4,kij,0.096787,29.03133685,0,true,20260809
112,17,5,kji,0.771445,3.642328358,0,true,20260809
112,18,0,ikj,0.130438,21.54169797,0,true,20260809
112,18,1,kij,0.096676,29.06466962,0,true,20260809
112,18,2,jik,1.121034,2.506485976,0,true,20260809
112,18,3,kji,0.771966,3.63987015,0,true,20260809
112,18,4,jki,0.587919,4.779325043,0,true,20260809
112,18,5,ijk,1.115715,2.518435263,0,true,20260809
112,19,0,jki,0.586265,4.792808713,0,true,20260809
112,19,1,kij,0.096616,29.08271922,0,true,20260809
112,19,2,ikj,0.130517,21.5286591,0,true,20260809
112,19,3,jik,1.120683,2.507271012,0,true,20260809
112,19,4,ijk,1.114063,2.522169752,0,true,20260809
112,19,5,kji,0.771475,3.64218672,0,true,20260809
112,20,0,ijk,1.122165,2.503959756,0,true,20260809
112,20,1,ikj,0.130337,21.55839094,0,true,20260809
112,20,2,jki,0.58897,4.770796475,0,true,20260809
112,20,3,jik,1.114504,2.52117175,0,true,20260809
112,20,4,kji,0.771456,3.642276423,0,true,20260809
112,20,5,kij,0.096335,29.16755073,0,true,20260809
112,21,0,kij,0.096476,29.12492226,0,true,20260809
112,21,1,kji,0.780009,3.602337922,0,true,20260809
112,21,2,ikj,0.130357,21.55508335,0,true,20260809
112,21,3,jki,0.586486,4.791002684,0,true,20260809
112,21,4,ijk,1.115545,2.518819053,0,true,20260809
112,21,5,jik,1.115786,2.51827501,0,true,20260809
112,22,0,ikj,0.130668,21.50378057,0,true,20260809
112,22,1,jki,0.586436,4.791411168,0,true,20260809
112,22,2,ijk,1.11895,2.511154207,0,true,20260809
112,22,3,kji,0.772076,3.639351566,0,true,20260809
112,22,4,kij,0.096326,29.17027594,0,true,20260809
112,22,5,jik,1.114774,2.520561118,0,true,20260809
112,23,0,ijk,1.132812,2.480425702,0,true,20260809
112,23,1,jki,0.58937,4.76755858,0,true,20260809
112,23,2,jik,1.115675,2.518525556,0,true,20260809
112,23,3,kji,0.773329,3.633454843,0,true,20260809
112,23,4,kij,0.096586,29.09175243,0,true,20260809
112,23,5,ikj,0.131108,21.43161363,0,true,20260809
112,24,0,jki,0.586385,4.791827895,0,true,20260809
112,24,1,ijk,1.117718,2.513922116,0,true,20260809
112,24,2,ikj,0.129877,21.63474672,0,true,20260809
112,24,3,kij,0.096776,29.03463669,0,true,20260809
112,24,4,jik,1.116026,2.517733458,0,true,20260809
112,24,5,kji,0.771435,3.642375573,0,true,20260809
112,25,0,ijk,1.118971,2.51110708,0,true,20260809
112,25,1,ikj,0.131018,21.44633562,0,true,20260809
112,25,2,kij,0.096807,29.02533908,0,true,20260809
112,25,3,jki,0.587387,4.783653707,0,true,20260809
112,25,4,kji,0.772397,3.637839091,0,true,20260809
112,25,5,jik,1.115976,2.517846262,0,true,20260809
112,26,0,ijk,1.121344,2.505793048,0,true,20260809
112,26,1,kij,0.096456,29.13096127,0,true,20260809
112,26,2,jik,1.115696,2.518478152,0,true,20260809
112,26,3,ikj,0.130337,21.55839094,0,true,20260809
112,26,4,jki,0.586536,4.790594269,0,true,20260809
112,26,5,kji,0.771425,3.642422789,0,true,20260809
112,27,0,jik,1.121755,2.50487495,0,true,20260809
112,27,1,jki,0.586516,4.790757626,0,true,20260809
112,27,2,kji,0.771415,3.642470006,0,true,20260809
112,27,3,kij,0.096135,29.22823113,0,true,20260809
112,27,4,ikj,0.131288,21.40223021,0,true,20260809
112,27,5,ijk,1.114113,2.52205656,0,true,20260809
112,28,0,kji,0.776443,3.618882519,0,true,20260809
112,28,1,ijk,1.114203,2.52185284,0,true,20260809
112,28,2,jik,1.115585,2.518728739,0,true,20260809
112,28,3,jki,0.586536,4.790594269,0,true,20260809
112,28,4,ikj,0.130648,21.50707244,0,true,20260809
112,28,5,kij,0.096656,29.07068366,0,true,20260809
112,29,0,kij,0.096416,29.1430468,0,true,20260809
112,29,1,ijk,1.120032,2.508728322,0,true,20260809
112,29,2,ikj,0.130817,21.47928786,0,true,20260809
112,29,3,jki,0.587358,4.783889893,0,true,20260809
112,29,4,jik,1.116607,2.516423415,0,true,20260809
112,29,5,kji,0.771967,3.639865435,0,true,20260809
112,30,0,ijk,1.11854,2.512074669,0,true,20260809
112,30,1,ikj,0.129516,21.69504926,0,true,20260809
112,30,2,jki,0.586466,4.791166069,0,true,20260809
112,30,3,jik,1.114874,2.520335033,0,true,20260809
112,30,4,kij,0.096475,29.12522415,0,true,20260809
112,30,5,kji,0.772867,3.635626828,0,true,20260809
112,31,0,ikj,0.130678,21.50213502,0,true,20260809
112,31,1,kji,0.777174,3.615478644,0,true,20260809
112,31,2,jik,1.114984,2.520086387,0,true,20260809
112,31,3,ijk,1.114164,2.521941115,0,true,20260809
112,31,4,jki,0.587277,4.78454971,0,true,20260809
112,31,5,kij,0.096586,29.09175243,0,true,20260809
112,32,0,ikj,0.130437,21.54186312,0,true,20260809
112,32,1,kij,0.096426,29.14002447,0,true,20260809
112,32,2,jki,0.586627,4.789851132,0,true,20260809
112,32,3,jik,1.115585,2.518728739,0,true,20260809
112,32,4,kji,0.771455,3.642281144,0,true,20260809
112,32,5,ijk,1.114074,2.522144849,0,true,20260809
112,33,0,ijk,1.117738,2.513877134,0,true,20260809
112,33,1,ikj,0.130968,21.45452324,0,true,20260809
112,33,2,kji,0.771445,3.642328358,0,true,20260809
112,33,3,jik,1.116006,2.517778578,0,true,20260809
112,33,4,kij,0.097046,28.95385693,0,true,20260809
112,33,5,jki,0.586376,4.791901442,0,true,20260809
112,34,0,jik,1.125411,2.496737636,0,true,20260809
112,34,1,ikj,0.130427,21.54351476,0,true,20260809
112,34,2,kij,0.097137,28.92673235,0,true,20260809
112,34,3,jki,0.586957,4.787158173,0,true,20260809
112,34,4,ijk,1.115265,2.519451431,0,true,20260809
112,34,5,kji,0.771425,3.642422789,0,true,20260809
112,35,0,ikj,0.130587,21.51711886,0,true,20260809
112,35,1,jik,1.116657,2.516310738,0,true,20260809
112,35,2,jki,0.587398,4.783564125,0,true,20260809
112,35,3,kij,0.096726,29.04964539,0,true,20260809
112,35,4,kji,0.771436,3.642370851,0,true,20260809
112,35,5,ijk,1.116216,2.517304894,0,true,20260809
112,36,0,kji,0.775311,3.624166302,0,true,20260809
112,36,1,jki,0.587037,4.786505791,0,true,20260809
112,36,2,kij,0.096186,29.21273366,0,true,20260809
112,36,3,ijk,1.114073,2.522147112,0,true,20260809
112,36,4,ikj,0.130728,21.49391102,0,true,20260809
112,36,5,jik,1.115585,2.518728739,0,true,20260809
112,37,0,ikj,0.135135,20.79295519,0,true,20260809
112,37,1,jik,1.116867,2.515837606,0,true,20260809
112,37,2,kij,0.096526,29.10983569,0,true,20260809
112,37,3,ijk,1.114183,2.521898108,0,true,20260809
112,37,4,kji,0.771526,3.641945962,0,true,20260809
112,37,5,jki,0.586386,4.791819723,0,true,20260809
112,38,0,ijk,1.121855,2.504651671,0,true,20260809
112,38,1,jik,1.115355,2.519248132,0,true,20260809
112,38,2,kji,0.771425,3.642422789,0,true,20260809
112,38,3,kij,0.096136,29.2279271,0,true,20260809
112,38,4,jki,0.586316,4.792391816,0,true,20260809
112,38,5,ikj,0.135254,20.77466101,0,true,20260809
112,39,0,jki,0.587076,4.786187819,0,true,20260809
112,39,1,jik,1.117107,2.515297102,0,true,20260809
112,39,2,ikj,0.130407,21.54681881,0,true,20260809
112,39,3,kji,0.772397,3.637839091,0,true,20260809
112,39,4,ijk,1.114714,2.520696789,0,true,20260809
112,39,5,kij,0.116116,24.19869785,0,true,20260809
112,40,0,ijk,1.114163,2.521943378,0,true,20260809
112,40,1,ikj,0.130087,21.59982166,0,true,20260809
112,40,2,kji,0.773268,3.633741471,0,true,20260809
112,40,3,jik,1.115375,2.519202959,0,true,20260809
112,40,4,jki,0.58957,4.765941279,0,true,20260809
112,40,5,kij,0.096626,29.07970939,0,true,20260809
112,41,0,jki,0.588719,4.772830501,0,true,20260809
112,41,1,ijk,1.114083,2.522124474,0,true,20260809
112,41,2,ikj,0.129846,21.6399119,0,true,20260809
112,41,3,kji,0.771766,3.640813407,0,true,20260809
112,41,4,kij,0.096897,28.99837972,0,true,20260809
112,41,5,jik,1.122195,2.503892817,0,true,20260809
112,42,0,kji,0.772186,3.638833131,0,true,20260809
112,42,1,kij,0.096266,29.18845698,0,true,20260809
112,42,2,jik,1.115415,2.519112617,0,true,20260809
112,42,3,ikj,0.130598,21.51530651,0,true,20260809
112,42,4,ijk,1.114103,2.522079197,0,true,20260809
112,42,5,jki,0.590763,4.756316831,0,true,20260809
112,43,0,ijk,1.115755,2.518344977,0,true,20260809
112,43,1,ikj,0.130737,21.49243137,0,true,20260809
112,43,2,jki,0.587868,4.779739669,0,true,20260809
112,43,3,kji,0.771425,3.642422789,0,true,20260809
112,43,4,jik,1.117699,2.513964851,0,true,20260809
112,43,5,kij,0.096396,29.14909332,0,true,20260809
112,44,0,jki,0.58887,4.771606636,0,true,20260809
112,44,1,kij,0.096205,29.20696429,0,true,20260809
112,44,2,ikj,0.131509,21.36626391,0,true,20260809
112,44,3,ijk,1.114254,2.521737414,0,true,20260809
112,44,4,jik,1.115796,2.51825244,0,true,20260809
112,44,5,kji,0.775742,3.622152726,0,true,20260809
112,45,0,jki,0.587748,4.780715545,0,true,20260809
112,45,1,ijk,1.115134,2.519747403,0,true,20260809
112,45,2,kji,0.771435,3.642375573,0,true,20260809
112,45,3,jik,1.120112,2.508549145,0,true,20260809
112,45,4,kij,0.096205,29.20696429,0,true,20260809
112,45,5,ikj,0.130898,21.46599642,0,true,20260809
112,46,0,kij,0.096266,29.18845698,0,true,20260809
112,46,1,jik,1.115675,2.518525556,0,true,20260809
112,46,2,ikj,0.131799,21.31925128,0,true,20260809
112,46,3,ijk,1.114073,2.522147112,0,true,20260809
112,46,4,jki,0.586877,4.787810734,0,true,20260809
112,46,5,kji,0.776994,3.616316214,0,true,20260809
112,47,0,kij,0.096506,29.11586844,0,true,20260809
112,47,1,ikj,0.130277,21.56831981,0,true,20260809
112,47,2,ijk,1.114313,2.521603894,0,true,20260809
112,47,3,jik,1.114684,2.520764629,0,true,20260809
112,47,4,jki,0.586295,4.792563471,0,true,20260809
112,47,5,kji,0.777434,3.614269507,0,true,20260809
112,48,0,kij,0.096757,29.04033817,0,true,20260809
112,48,1,kji,0.771435,3.642375573,0,true,20260809
112,48,2,jki,0.586456,4.791247766,0,true,20260809
112,48,3,ikj,0.130618,21.51201213,0,true,20260809
112,48,4,ijk,1.114133,2.522011286,0,true,20260809
112,48,5,jik,1.122085,2.504138278,0,true,20260809
112,49,0,ikj,0.131378,21.38756869,0,true,20260809
112,49,1,jik,1.115475,2.518977117,0,true,20260809
112,49,2,ijk,1.114063,2.522169752,0,true,20260809
112,49,3,jki,0.586396,4.791738006,0,true,20260809
112,49,4,kji,0.778326,3.610127376,0,true,20260809
112,49,5,kij,0.096446,29.13398171,0,true,20260809
128,0,0,jki,2.947082,1.423205734,0,true,20260809
128,0,1,jik,1.806439,2.321863069,0,true,20260809
128,0,2,ikj,0.177758,23.59558501,0,true,20260809
128,0,3,ijk,1.759388,2.383956239,0,true,20260809
128,0,4,kij,0.140181,29.92063118,0,true,20260809
128,0,5,kji,2.850216,1.471574084,0,true,20260809
128,1,0,jki,2.93884,1.427197125,0,true,20260809
128,1,1,jik,1.770915,2.368438914,0,true,20260809
128,1,2,ijk,1.763884,2.377879725,0,true,20260809
128,1,3,kij,0.140242,29.90761683,0,true,20260809
128,1,4,kji,2.837186,1.478332404,0,true,20260809
128,1,5,ikj,0.180353,23.25608113,0,true,20260809
128,2,0,jki,2.877397,1.457673029,0,true,20260809
128,2,1,ikj,0.177137,23.67830549,0,true,20260809
128,2,2,kji,2.847011,1.473230697,0,true,20260809
128,2,3,jik,1.777796,2.359271817,0,true,20260809
128,2,4,kij,0.141113,29.72301631,0,true,20260809
128,2,5,ijk,1.765958,2.375087063,0,true,20260809
128,3,0,ikj,0.177589,23.61803941,0,true,20260809
128,3,1,kji,2.893812,1.449404453,0,true,20260809
128,3,2,jik,1.780881,2.355184878,0,true,20260809
128,3,3,jki,2.977308,1.408757173,0,true,20260809
128,3,4,kij,0.140342,29.88630631,0,true,20260809
128,3,5,ijk,1.772337,2.366538644,0,true,20260809
128,4,0,ijk,1.759468,2.383847845,0,true,20260809
128,4,1,jik,1.790575,2.342434134,0,true,20260809
128,4,2,jki,2.894753,1.448933294,0,true,20260809
128,4,3,kji,2.854552,1.469338796,0,true,20260809
128,4,4,ikj,0.179111,23.41734455,0,true,20260809
128,4,5,kij,0.140953,29.7567558,0,true,20260809
128,5,0,jki,2.951429,1.421109571,0,true,20260809
128,5,1,kij,0.140262,29.9033523,0,true,20260809
128,5,2,ikj,0.175666,23.87658397,0,true,20260809
128,5,3,kji,2.865559,1.463694867,0,true,20260809
128,5,4,jik,1.782092,2.353584439,0,true,20260809
128,5,5,ijk,1.789995,2.343193137,0,true,20260809
128,6,0,kji,2.842874,1.475374568,0,true,20260809
128,6,1,kij,0.141063,29.73355168,0,true,20260809
128,6,2,ijk,1.775733,2.362012758,0,true,20260809
128,6,3,jki,2.955605,1.419101673,0,true,20260809
128,6,4,jik,1.774131,2.364145601,0,true,20260809
128,6,5,ikj,0.177649,23.61006254,0,true,20260809
128,7,0,ikj,0.176496,23.76430061,0,true,20260809
128,7,1,kji,2.866931,1.462994401,0,true,20260809
128,7,2,ijk,1.788392,2.345293426,0,true,20260809
128,7,3,jik,1.778787,2.357957417,0,true,20260809
128,7,4,jki,2.934523,1.429296686,0,true,20260809
128,7,5,kij,0.141283,29.68725183,0,true,20260809
128,8,0,ikj,0.184369,22.74950778,0,true,20260809
128,8,1,ijk,1.759258,2.384132401,0,true,20260809
128,8,2,jki,2.926351,1.433288078,0,true,20260809
128,8,3,kij,0.139791,30.00410613,0,true,20260809
128,8,4,jik,1.774942,2.363065385,0,true,20260809
128,8,5,kji,2.86626,1.463336892,0,true,20260809
128,9,0,jik,1.795973,2.335393684,0,true,20260809
128,9,1,kij,0.140462,29.86077373,0,true,20260809
128,9,2,ikj,0.182135,23.02854476,0,true,20260809
128,9,3,kji,2.867752,1.462575564,0,true,20260809
128,9,4,jki,2.935475,1.428833153,0,true,20260809
128,9,5,ijk,1.759207,2.384201518,0,true,20260809
128,10,0,ikj,0.180273,23.26640151,0,true,20260809
128,10,1,kij,0.140773,29.7948044,0,true,20260809
128,10,2,jki,2.945289,1.424072137,0,true,20260809
128,10,3,ijk,1.794611,2.337166105,0,true,20260809
128,10,4,jik,1.770535,2.368947239,0,true,20260809
128,10,5,kji,2.863746,1.464621513,0,true,20260809
128,11,0,ijk,1.789783,2.343470689,0,true,20260809
128,11,1,kji,2.888153,1.452244393,0,true,20260809
128,11,2,jik,1.776323,2.361228223,0,true,20260809
128,11,3,kij,0.140082,29.94177696,0,true,20260809
128,11,4,jki,2.896567,1.448025887,0,true,20260809
128,11,5,ikj,0.17857,23.48829031,0,true,20260809
128,12,0,ijk,1.763625,2.378228932,0,true,20260809
128,12,1,jki,2.889966,1.451333337,0,true,20260809
128,12,2,ikj,0.176877,23.71311137,0,true,20260809
128,12,3,kji,2.864397,1.464288644,0,true,20260809
128,12,4,kij,0.140652,29.82043625,0,true,20260809
128,12,5,jik,1.790014,2.343168266,0,true,20260809
128,13,0,ikj,0.17845,23.50408518,0,true,20260809
128,13,1,kij,0.140092,29.93963967,0,true,20260809
128,13,2,jik,1.809313,2.318174909,0,true,20260809
128,13,3,jki,2.95243,1.420627754,0,true,20260809
128,13,4,kji,2.86584,1.46355135,0,true,20260809
128,13,5,ijk,1.789343,2.344046949,0,true,20260809
128,14,0,ijk,1.794361,2.337491731,0,true,20260809
128,14,1,jik,1.797095,2.333935602,0,true,20260809
128,14,2,ikj,0.17874,23.46595054,0,true,20260809
128,14,3,kji,2.884938,1.453862787,0,true,20260809
128,14,4,kij,0.141183,29.70827933,0,true,20260809
128,14,5,jki,2.883506,1.454584801,0,true,20260809
128,15,0,ikj,0.179111,23.41734455,0,true,20260809
128,15,1,jki,2.900742,1.445941762,0,true,20260809
128,15,2,kji,2.854572,1.469328502,0,true,20260809
128,15,3,kij,0.14573,28.78133535,0,true,20260809
128,15,4,ijk,1.769283,2.37062358,0,true,20260809
128,15,5,jik,1.779378,2.357174249,0,true,20260809
128,16,0,ijk,1.794882,2.336813228,0,true,20260809
128,16,1,ikj,0.177989,23.56496188,0,true,20260809
128,16,2,kji,2.855234,1.468987831,0,true,20260809
128,16,3,jki,2.948565,1.422489923,0,true,20260809
128,16,4,jik,1.809804,2.317545988,0,true,20260809
128,16,5,kij,0.139961,29.96766242,0,true,20260809
128,17,0,kij,0.140833,29.78211073,0,true,20260809
128,17,1,ikj,0.177958,23.56906686,0,true,20260809
128,17,2,kji,2.867322,1.462794901,0,true,20260809
128,17,3,ijk,1.789864,2.343364636,0,true,20260809
128,17,4,jki,2.939441,1.42690532,0,true,20260809
128,17,5,jik,1.771316,2.367902734,0,true,20260809
128,18,0,ijk,1.763854,2.377920168,0,true,20260809
128,18,1,kij,0.140602,29.83104081,0,true,20260809
128,18,2,ikj,0.175896,23.84536317,0,true,20260809
128,18,3,jki,2.91947,1.436666244,0,true,20260809
128,18,4,jik,1.775332,2.362546273,0,true,20260809
128,18,5,kji,2.867412,1.462748988,0,true,20260809
128,19,0,jik,1.796143,2.335172645,0,true,20260809
128,19,1,ikj,0.176827,23.71981654,0,true,20260809
128,19,2,kij,0.140522,29.8480238,0,true,20260809
128,19,3,kji,2.840741,1.476482369,0,true,20260809
128,19,4,ijk,1.764986,2.376395054,0,true,20260809
128,19,5,jki,2.877237,1.457754088,0,true,20260809
128,20,0,ijk,1.766739,2.374037138,0,true,20260809
128,20,1,jik,1.780901,2.355158428,0,true,20260809
128,20,2,ikj,0.177508,23.62881673,0,true,20260809
128,20,3,kij,0.140753,29.79903803,0,true,20260809
128,20,4,jki,2.889064,1.451786461,0,true,20260809
128,20,5,kji,2.850706,1.471321139,0,true,20260809
128,21,0,ijk,1.759699,2.383534911,0,true,20260809
128,21,1,kij,0.141323,29.67884916,0,true,20260809
128,21,2,jki,2.895855,1.448381911,0,true,20260809
128,21,3,ikj,0.178029,23.55966725,0,true,20260809
128,21,4,kji,2.892079,1.45027297,0,true,20260809
128,21,5,jik,1.77434,2.363867128,0,true,20260809
128,22,0,ikj,0.177989,23.56496188,0,true,20260809
128,22,1,ijk,1.764936,2.376462376,0,true,20260809
128,22,2,jki,2.931289,1.430873585,0,true,20260809
128,22,3,kji,2.85274,1.470272089,0,true,20260809
128,22,4,jik,1.79404,2.337909969,0,true,20260809
128,22,5,kij,0.140372,29.87991907,0,true,20260809
128,23,0,ikj,0.177157,23.67563235,0,true,20260809
128,23,1,ijk,1.773109,2.365508268,0,true,20260809
128,23,2,jki,2.889526,1.451554338,0,true,20260809
128,23,3,kji,2.851598,1.4708609,0,true,20260809
128,23,4,kij,0.140062,29.94605246,0,true,20260809
128,23,5,jik,1.795352,2.33620148,0,true,20260809
128,24,0,jik,1.7939,2.338092424,0,true,20260809
128,24,1,jki,2.917688,1.437543699,0,true,20260809
128,24,2,ikj,0.179221,23.40297175,0,true,20260809
128,24,3,kij,0.140181,29.92063118,0,true,20260809
128,24,4,kji,2.835654,1.479131093,0,true,20260809
128,24,5,ijk,1.76753,2.372974716,0,true,20260809
128,25,0,jki,2.974293,1.41018521,0,true,20260809
128,25,1,ijk,1.789243,2.344177957,0,true,20260809
128,25,2,kji,2.837807,1.478008899,0,true,20260809
128,25,3,ikj,0.175926,23.84129691,0,true,20260809
128,25,4,jik,1.773169,2.365428225,0,true,20260809
128,25,5,kij,0.140322,29.89056598,0,true,20260809
128,26,0,jki,2.909165,1.44175528,0,true,20260809
128,26,1,kij,0.139891,29.98265793,0,true,20260809
128,26,2,kji,2.853441,1.46991089,0,true,20260809
128,26,3,ikj,0.175516,23.89698945,0,true,20260809
128,26,4,ijk,1.759338,2.384023991,0,true,20260809
128,26,5,jik,1.777024,2.360296766,0,true,20260809
128,27,0,jik,1.780981,2.355052637,0,true,20260809
128,27,1,ikj,0.178249,23.53058923,0,true,20260809
128,27,2,kji,2.860802,1.466128729,0,true,20260809
128,27,3,ijk,1.758847,2.384689515,0,true,20260809
128,27,4,kij,0.145229,28.88062302,0,true,20260809
128,27,5,jki,2.944338,1.424532102,0,true,20260809
128,28,0,jik,1.781131,2.354854303,0,true,20260809
128,28,1,kji,2.871147,1.460846136,0,true,20260809
128,28,2,kij,0.14565,28.79714384,0,true,20260809
128,28,3,ikj,0.175885,23.84685448,0,true,20260809
128,28,4,ijk,1.758887,2.384635284,0,true,20260809
128,28,5,jki,2.931679,1.430683236,0,true,20260809
128,29,0,ijk,1.758617,2.385001396,0,true,20260809
128,29,1,jki,2.945601,1.423921298,0,true,20260809
128,29,2,kji,2.865379,1.463786815,0,true,20260809
128,29,3,ikj,0.179091,23.41995969,0,true,20260809
128,29,4,jik,1.769994,2.36967131,0,true,20260809
128,29,5,kij,0.139801,30.00195993,0,true,20260809
128,30,0,ijk,1.763064,2.378985675,0,true,20260809
128,30,1,kij,0.140392,29.87566243,0,true,20260809
128,30,2,ikj,0.177408,23.64213564,0,true,20260809
128,30,3,kji,2.887822,1.452410848,0,true,20260809
128,30,4,jki,2.969627,1.412400951,0,true,20260809
128,30,5,jik,1.789283,2.344125552,0,true,20260809
128,31,0,kji,2.844817,1.474366892,0,true,20260809
128,31,1,jik,1.807981,2.319882786,0,true,20260809
128,31,2,jki,2.922425,1.435213564,0,true,20260809
128,31,3,ikj,0.176397,23.77763794,0,true,20260809
128,31,4,ijk,1.758998,2.384484803,0,true,20260809
128,31,5,kij,0.140642,29.82255656,0,true,20260809
128,32,0,ijk,1.763114,2.378918209,0,true,20260809
128,32,1,kji,2.850577,1.471387723,0,true,20260809
128,32,2,jik,1.801682,2.327993508,0,true,20260809
128,32,3,ikj,0.176687,23.73861122,0,true,20260809
128,32,4,kij,0.139922,29.97601521,0,true,20260809
128,32,5,jki,2.883916,1.454378005,0,true,20260809
128,33,0,jki,2.871528,1.460652308,0,true,20260809
128,33,1,kij,0.140472,29.85864799,0,true,20260809
128,33,2,kji,2.863275,1.464862439,0,true,20260809
128,33,3,ijk,1.777896,2.359139117,0,true,20260809
128,33,4,ikj,0.177058,23.68887031,0,true,20260809
128,33,5,jik,1.774361,2.363839151,0,true,20260809
128,34,0,jik,1.778717,2.358050213,0,true,20260809
128,34,1,kji,2.854553,1.469338282,0,true,20260809
128,34,2,ikj,0.175715,23.86992573,0,true,20260809
128,34,3,ijk,1.763845,2.377932301,0,true,20260809
128,34,4,jki,2.946762,1.423360285,0,true,20260809
128,34,5,kij,0.140402,29.87353457,0,true,20260809
128,35,0,kij,0.140192,29.9182835,0,true,20260809
128,35,1,ijk,1.758737,2.384838665,0,true,20260809
128,35,2,jik,1.778767,2.357983929,0,true,20260809
128,35,3,kji,2.854102,1.469570464,0,true,20260809
128,35,4,jki,2.897808,1.447405763,0,true,20260809
128,35,5,ikj,0.177468,23.63414249,0,true,20260809
128,36,0,kij,0.140312,29.89269628,0,true,20260809
128,36,1,kji,2.883736,1.454468786,0,true,20260809
128,36,2,jki,2.900973,1.445826624,0,true,20260809
128,36,3,jik,1.789153,2.344295876,0,true,20260809
128,36,4,ijk,1.794051,2.337895634,0,true,20260809
128,36,5,ikj,0.176607,23.74936441,0,true,20260809
128,37,0,kji,2.868313,1.462289506,0,true,20260809
128,37,1,jik,1.778347,2.358540825,0,true,20260809
128,37,2,ijk,1.758567,2.385069207,0,true,20260809
128,37,3,ikj,0.17884,23.45282934,0,true,20260809
128,37,4,kij,0.140722,29.80560254,0,true,20260809
128,37,5,jki,2.950477,1.421568106,0,true,20260809
128,38,0,kij,0.140042,29.95032919,0,true,20260809
128,38,1,jki,2.906891,1.442883135,0,true,20260809
128,38,2,ikj,0.177017,23.69435704,0,true,20260809
128,38,3,jik,1.769804,2.369925709,0,true,20260809
128,38,4,ijk,1.762813,2.379324409,0,true,20260809
128,38,5,kji,2.877377,1.457683161,0,true,20260809
128,39,0,ijk,1.774581,2.363546099,0,true,20260809
128,39,1,kji,2.86582,1.463561564,0,true,20260809
128,39,2,jki,2.877106,1.457820463,0,true,20260809
128,39,3,ikj,0.177548,23.62349337,0,true,20260809
128,39,4,kij,0.141313,29.68094938,0,true,20260809
128,39,5,jik,1.77392,2.364426806,0,true,20260809
128,40,0,kij,0.141173,29.71038371,0,true,20260809
128,40,1,jik,1.778807,2.357930905,0,true,20260809
128,40,2,ikj,0.177048,23.69020831,0,true,20260809
128,40,3,jki,2.920192,1.436311037,0,true,20260809
128,40,4,ijk,1.763184,2.378823764,0,true,20260809
128,40,5,kji,2.861562,1.465739341,0,true,20260809
128,41,0,kji,2.85303,1.470122642,0,true,20260809
128,41,1,jki,2.935385,1.428876962,0,true,20260809
128,41,2,jik,1.781241,2.35470888,0,true,20260809
128,41,3,ijk,1.789213,2.344217262,0,true,20260809
128,41,4,ikj,0.176677,23.73995483,0,true,20260809
128,41,5,kij,0.140372,29.87991907,0,true,20260809
128,42,0,ikj,0.178409,23.50948663,0,true,20260809
128,42,1,ijk,1.783995,2.351073854,0,true,20260809
128,42,2,jik,1.775052,2.362918945,0,true,20260809
128,42,3,kji,2.85235,1.470473119,0,true,20260809
128,42,4,jki,2.924308,1.434289411,0,true,20260809
128,42,5,kij,0.140262,29.9033523,0,true,20260809
128,43,0,ikj,0.176968,23.70091768,0,true,20260809
128,43,1,kij,0.141003,29.74620398,0,true,20260809
128,43,2,jki,2.962666,1.41571949,0,true,20260809
128,43,3,jik,1.777735,2.359352772,0,true,20260809
128,43,4,ijk,1.758877,2.384648841,0,true,20260809
128,43,5,kji,2.848212,1.472609483,0,true,20260809
128,44,0,kji,2.844497,1.474532756,0,true,20260809
128,44,1,jik,1.796974,2.334092758,0,true,20260809
128,44,2,ijk,1.765567,2.375613047,0,true,20260809
128,44,3,kij,0.140512,29.85014803,0,true,20260809
128,44,4,jki,2.917738,1.437519064,0,true,20260809
128,44,5,ikj,0.176296,23.79126015,0,true,20260809
128,45,0,jki,2.885058,1.453802315,0,true,20260809
128,45,1,ijk,1.79433,2.337532115,0,true,20260809
128,45,2,ikj,0.177628,23.61285383,0,true,20260809
128,45,3,kji,2.847963,1.472738234,0,true,20260809
128,45,4,jik,1.774902,2.36311864,0,true,20260809
128,45,5,kij,0.140191,29.91849691,0,true,20260809
128,46,0,jik,1.782063,2.353622739,0,true,20260809
128,46,1,kij,0.140252,29.90548441,0,true,20260809
128,46,2,kji,2.874893,1.458942646,0,true,20260809
128,46,3,ijk,1.764185,2.377474018,0,true,20260809
128,46,4,ikj,0.178019,23.56099068,0,true,20260809
128,46,5,jki,2.960453,1.41677777,0,true,20260809
128,47,0,ikj,0.177548,23.62349337,0,true,20260809
128,47,1,jki,2.929626,1.431685819,0,true,20260809
128,47,2,jik,1.775702,2.362053993,0,true,20260809
128,47,3,kij,0.140502,29.85227257,0,true,20260809
128,47,4,kji,2.840982,1.476357119,0,true,20260809
128,47,5,ijk,1.790184,2.342945753,0,true,20260809
128,48,0,kij,0.140793,29.79057197,0,true,20260809
128,48,1,ijk,1.789373,2.34400765,0,true,20260809
128,48,2,jik,1.771136,2.368143384,0,true,20260809
128,48,3,ikj,0.178359,23.51607713,0,true,20260809
128,48,4,jki,2.933301,1.429892125,0,true,20260809
128,48,5,kji,2.847602,1.472924938,0,true,20260809
128,49,0,kij,0.140252,29.90548441,0,true,20260809
128,49,1,jki,2.935374,1.428882316,0,true,20260809
128,49,2,kji,2.860361,1.466354771,0,true,20260809
128,49,3,ijk,1.795893,2.335497716,0,true,20260809
128,49,4,jik,1.770475,2.369027521,0,true,20260809
128,49,5,ikj,0.176827,23.71981654,0,true,20260809
160,0,0,ijk,3.632548,2.255166346,0,true,20260809
160,0,1,jki,3.10469,2.638588716,0,true,20260809
160,0,2,ikj,0.305702,26.79733858,0,true,20260809
160,0,3,jik,3.620009,2.262977799,0,true,20260809
160,0,4,kij,0.269638,30.38147442,0,true,20260809
160,0,5,kji,3.259445,2.513311315,0,true,20260809
160,1,0,kij,0.269738,30.37021109,0,true,20260809
160,1,1,jki,3.11063,2.633550117,0,true,20260809
160,1,2,ikj,0.30418,26.93142218,0,true,20260809
160,1,3,ijk,3.628342,2.257780551,0,true,20260809
160,1,4,jik,3.617715,2.264412758,0,true,20260809
160,1,5,kji,3.258774,2.51382882,0,true,20260809
160,2,0,kji,3.256129,2.515870839,0,true,20260809
160,2,1,kij,0.274675,29.82433785,0,true,20260809
160,2,2,jik,3.611966,2.268016919,0,true,20260809
160,2,3,ikj,0.30429,26.92168655,0,true,20260809
160,2,4,ijk,3.630955,2.25615575,0,true,20260809
160,2,5,jki,3.105071,2.638264954,0,true,20260809
160,3,0,jki,3.120694,2.625057119,0,true,20260809
160,3,1,jik,3.616574,2.265127162,0,true,20260809
160,3,2,ikj,0.303929,26.95366352,0,true,20260809
160,3,3,kji,3.24336,2.525775739,0,true,20260809
160,3,4,kij,0.269808,30.36233173,0,true,20260809
160,3,5,ijk,3.6343,2.25407919,0,true,20260809
160,4,0,jki,3.104159,2.639040075,0,true,20260809
160,4,1,ikj,0.303608,26.98216121,0,true,20260809
160,4,2,kji,3.25643,2.515638291,0,true,20260809
160,4,3,jik,3.615762,2.265635847,0,true,20260809
160,4,4,ijk,3.63437,2.254035775,0,true,20260809
160,4,5,kij,0.269958,30.34546115,0,true,20260809
160,5,0,ikj,0.303769,26.96786045,0,true,20260809
160,5,1,ijk,3.630665,2.25633596,0,true,20260809
160,5,2,kji,3.244401,2.524965317,0,true,20260809
160,5,3,jik,3.611335,2.268413205,0,true,20260809
160,5,4,kij,0.268916,30.46304422,0,true,20260809
160,5,5,jki,3.105112,2.638230119,0,true,20260809
160,6,0,kij,0.269197,30.43124552,0,true,20260809
160,6,1,ijk,3.634861,2.253731298,0,true,20260809
160,6,2,ikj,0.304349,26.91646761,0,true,20260809
160,6,3,kji,3.240375,2.528102457,0,true,20260809
160,6,4,jki,3.107394,2.636292662,0,true,20260809
160,6,5,jik,3.616814,2.264976855,0,true,20260809
160,7,0,jik,3.618076,2.264186822,0,true,20260809
160,7,1,kij,0.269847,30.35794358,0,true,20260809
160,7,2,kji,3.23661,2.531043283,0,true,20260809
160,7,3,jki,3.109739,2.63430468,0,true,20260809
160,7,4,ikj,0.30448,26.90488702,0,true,20260809
160,7,5,ijk,3.63458,2.253905541,0,true,20260809
160,8,0,kji,3.23038,2.535924566,0,true,20260809
160,8,1,jki,3.106474,2.637073415,0,true,20260809
160,8,2,ijk,3.63447,2.253973757,0,true,20260809
160,8,3,ikj,0.30426,26.92434102,0,true,20260809
160,8,4,kij,0.269057,30.44707999,0,true,20260809
160,8,5,jik,3.618026,2.264218112,0,true,20260809
160,9,0,kij,0.268496,30.51069662,0,true,20260809
160,9,1,ikj,0.304801,26.87655224,0,true,20260809
160,9,2,ijk,3.632248,2.255352608,0,true,20260809
160,9,3,jik,3.618006,2.264230629,0,true,20260809
160,9,4,jki,3.108777,2.635119856,0,true,20260809
160,9,5,kji,3.260726,2.512323943,0,true,20260809
160,10,0,kji,3.271522,2.504033291,0,true,20260809
160,10,1,kij,0.269177,30.43350658,0,true,20260809
160,10,2,ijk,3.632898,2.254949079,0,true,20260809
160,10,3,ikj,0.305191,26.84220701,0,true,20260809
160,10,4,jik,3.619628,2.263215999,0,true,20260809
160,10,5,jki,3.108496,2.635358064,0,true,20260809
160,11,0,kij,0.269628,30.38260121,0,true,20260809
160,11,1,ikj,0.3043,26.92080184,0,true,20260809
160,11,2,jik,3.614951,2.266144133,0,true,20260809
160,11,3,kji,3.25662,2.515491522,0,true,20260809
160,11,4,ijk,3.625427,2.259595904,0,true,20260809
160,11,5,jki,3.108856,2.635052894,0,true,20260809
160,12,0,ijk,3.637696,2.251974876,0,true,20260809
160,12,1,jik,3.617956,2.26426192,0,true,20260809
160,12,2,ikj,0.303458,26.99549855,0,true,20260809
160,12,3,jki,3.110859,2.633356253,0,true,20260809
160,12,4,kji,3.249739,2.520817826,0,true,20260809
160,12,5,kij,0.269777,30.36582066,0,true,20260809
160,13,0,ijk,3.633279,2.254712616,0,true,20260809
160,13,1,kij,0.269236,30.42683742,0,true,20260809
160,13,2,jik,3.615642,2.265711041,0,true,20260809
160,13,3,jki,3.11142,2.63288145,0,true,20260809
160,13,4,ikj,0.305542,26.81137127,0,true,20260809
160,13,5,kji,3.263241,2.510387679,0,true,20260809
160,14,0,ikj,0.303148,27.02310423,0,true,20260809
160,14,1,ijk,3.631065,2.256087401,0,true,20260809
160,14,2,kij,0.269286,30.42118788,0,true,20260809
160,14,3,jik,3.619308,2.263416101,0,true,20260809
160,14,4,kji,3.262239,2.511158747,0,true,20260809
160,14,5,jki,3.11154,2.63277991,0,true,20260809
160,15,0,jik,3.620159,2.262884034,0,true,20260809
160,15,1,jki,3.109528,2.634483433,0,true,20260809
160,15,2,kij,0.268746,30.48231416,0,true,20260809
160,15,3,kji,3.257651,2.514695405,0,true,20260809
160,15,4,ijk,3.634109,2.254197659,0,true,20260809
160,15,5,ikj,0.303459,26.99540959,0,true,20260809
160,16,0,kij,0.269648,30.38034771,0,true,20260809
160,16,1,ijk,3.631577,2.255769326,0,true,20260809
160,16,2,kji,3.258403,2.514115043,0,true,20260809
160,16,3,jki,3.129588,2.617596949,0,true,20260809
160,16,4,jik,3.611666,2.26820531,0,true,20260809
160,16,5,ikj,0.305051,26.85452596,0,true,20260809
160,17,0,kij,0.268766,30.48004584,0,true,20260809
160,17,1,ijk,3.632518,2.255184971,0,true,20260809
160,17,2,jik,3.619168,2.263503656,0,true,20260809
160,17,3,ikj,0.303678,26.97594162,0,true,20260809
160,17,4,kji,3.2566,2.51550697,0,true,20260809
160,17,5,jki,3.112242,2.632186058,0,true,20260809
160,18,0,ijk,3.632157,2.255409114,0,true,20260809
160,18,1,kij,0.269508,30.39612924,0,true,20260809
160,18,2,jki,3.110138,2.633966724,0,true,20260809
160,18,3,kji,3.248147,2.522053343,0,true,20260809
160,18,4,jik,3.618436,2.263961557,0,true,20260809
160,18,5,ikj,0.305822,26.78682371,0,true,20260809
160,19,0,ikj,0.304891,26.86861862,0,true,20260809
160,19,1,kji,3.259775,2.513056883,0,true,20260809
160,19,2,kij,0.270509,30.28365045,0,true,20260809
160,19,3,jki,3.11117,2.633093016,0,true,20260809
160,19,4,jik,3.618616,2.263848941,0,true,20260809
160,19,5,ijk,3.631796,2.255633301,0,true,20260809
160,20,0,ijk,3.63438,2.254029573,0,true,20260809
160,20,1,kji,3.264802,2.509187387,0,true,20260809
160,20,2,kij,0.270338,30.30280612,0,true,20260809
160,20,3,jik,3.618096,2.264174306,0,true,20260809
160,20,4,jki,3.105692,2.637737419,0,true,20260809
160,20,5,ikj,0.30427,26.92345614,0,true,20260809
160,21,0,ijk,3.631737,2.255669945,0,true,20260809
160,21,1,jki,3.107294,2.636377504,0,true,20260809
160,21,2,ikj,0.30467,26.88810845,0,true,20260809
160,21,3,kij,0.268616,30.49706644,0,true,20260809
160,21,4,kji,3.247206,2.522784203,0,true,20260809
160,21,5,jik,3.62101,2.262352217,0,true,20260809
160,22,0,kij,0.269678,30.37696809,0,true,20260809
160,22,1,ikj,0.306163,26.75698892,0,true,20260809
160,22,2,jik,3.616073,2.265440991,0,true,20260809
160,22,3,jki,3.109607,2.634416503,0,true,20260809
160,22,4,kji,3.258143,2.51431567,0,true,20260809
160,22,5,ijk,3.629803,2.256871792,0,true,20260809
160,23,0,jik,3.611676,2.26819903,0,true,20260809
160,23,1,ijk,3.626198,2.25911547,0,true,20260809
160,23,2,jki,3.11063,2.633550117,0,true,20260809
160,23,3,kij,0.268716,30.48571726,0,true,20260809
160,23,4,kji,3.261677,2.51159143,0,true,20260809
160,23,5,ikj,0.30446,26.9066544,0,true,20260809
160,24,0,ijk,3.630405,2.256497553,0,true,20260809
160,24,1,jki,3.106383,2.637150667,0,true,20260809
160,24,2,ikj,0.306242,26.75008653,0,true,20260809
160,24,3,kij,0.270138,30.32524117,0,true,20260809
160,24,4,kji,3.255107,2.516660743,0,true,20260809
160,24,5,jik,3.621481,2.262057981,0,true,20260809
160,25,0,ikj,0.306022,26.76931724,0,true,20260809
160,25,1,jik,3.618747,2.263766989,0,true,20260809
160,25,2,kji,3.259123,2.513559629,0,true,20260809
160,25,3,jki,3.112763,2.631745494,0,true,20260809
160,25,4,kij,0.269618,30.38372809,0,true,20260809
160,25,5,ijk,3.63407,2.25422185,0,true,20260809
160,26,0,kij,0.269417,30.40639603,0,true,20260809
160,26,1,jik,3.617265,2.264694458,0,true,20260809
160,26,2,jki,3.106694,2.636886671,0,true,20260809
160,26,3,kji,3.235407,2.531984384,0,true,20260809
160,26,4,ijk,3.632828,2.254992529,0,true,20260809
160,26,5,ikj,0.30457,26.89693666,0,true,20260809
160,27,0,jki,3.108286,2.635536112,0,true,20260809
160,27,1,ijk,3.632378,2.255271891,0,true,20260809
160,27,2,jik,3.650125,2.244306702,0,true,20260809
160,27,3,ikj,0.30474,26.88193214,0,true,20260809
160,27,4,kij,0.269016,30.45172034,0,true,20260809
160,27,5,kji,3.258773,2.513829592,0,true,20260809
160,28,0,jki,3.112121,2.632288398,0,true,20260809
160,28,1,ikj,0.30492,26.86606323,0,true,20260809
160,28,2,kji,3.257862,2.514532537,0,true,20260809
160,28,3,jik,3.616483,2.265184158,0,true,20260809
160,28,4,ijk,3.624115,2.260413922,0,true,20260809
160,28,5,kij,0.277138,29.55928094,0,true,20260809
160,29,0,jik,3.612187,2.267878158,0,true,20260809
160,29,1,jki,3.112583,2.631897688,0,true,20260809
160,29,2,kij,0.268957,30.45840041,0,true,20260809
160,29,3,ijk,3.630054,2.25671574,0,true,20260809
160,29,4,ikj,0.303889,26.95721135,0,true,20260809
160,29,5,kji,3.353126,2.4430934,0,true,20260809
160,30,0,jki,3.113464,2.631152954,0,true,20260809
160,30,1,ijk,3.630404,2.256498175,0,true,20260809
160,30,2,kij,0.268926,30.46191146,0,true,20260809
160,30,3,ikj,0.30469,26.8863435,0,true,20260809
160,30,4,jik,3.616403,2.265234267,0,true,20260809
160,30,5,kji,3.249679,2.520864368,0,true,20260809
160,31,0,ijk,3.630455,2.256466476,0,true,20260809
160,31,1,kij,0.269637,30.3815871,0,true,20260809
160,31,2,jik,3.618466,2.263942787,0,true,20260809
160,31,3,jki,3.109187,2.63477237,0,true,20260809
160,31,4,kji,3.239765,2.528578462,0,true,20260809
160,31,5,ikj,0.312472,26.21674902,0,true,20260809
160,32,0,ikj,0.30399,26.94825488,0,true,20260809
160,32,1,jik,3.617074,2.264814046,0,true,20260809
160,32,2,kji,3.232874,2.533968228,0,true,20260809
160,32,3,jki,3.109577,2.634441919,0,true,20260809
160,32,4,kij,0.269447,30.40301061,0,true,20260809
160,32,5,ijk,3.630154,2.256653574,0,true,20260809
160,33,0,jki,3.108927,2.634992716,0,true,20260809
160,33,1,ikj,0.304921,26.86597512,0,true,20260809
160,33,2,kji,3.267637,2.507010418,0,true,20260809
160,33,3,ijk,3.630745,2.256286244,0,true,20260809
160,33,4,kij,0.269787,30.36469511,0,true,20260809
160,33,5,jik,3.616293,2.265303171,0,true,20260809
160,34,0,ijk,3.62773,2.25816144,0,true,20260809
160,34,1,kij,0.268936,30.46077877,0,true,20260809
160,34,2,kji,3.258062,2.514378179,0,true,20260809
160,34,3,jik,3.618557,2.263885853,0,true,20260809
160,34,4,jki,3.107114,2.636530234,0,true,20260809
160,34,5,ikj,0.312562,26.20920009,0,true,20260809
160,35,0,kij,0.268987,30.4550034,0,true,20260809
160,35,1,ijk,3.633619,2.254501641,0,true,20260809
160,35,2,jik,3.610634,2.268853614,0,true,20260809
160,35,3,jki,3.107305,2.636368171,0,true,20260809
160,35,4,ikj,0.305251,26.83693092,0,true,20260809
160,35,5,kji,3.25649,2.515591941,0,true,20260809
160,36,0,ijk,3.631727,2.255676156,0,true,20260809
160,36,1,ikj,0.304069,26.94125347,0,true,20260809
160,36,2,jki,3.110789,2.63341551,0,true,20260809
160,36,3,kji,3.255308,2.516505351,0,true,20260809
160,36,4,kij,0.269887,30.35344422,0,true,20260809
160,36,5,jik,3.615973,2.265503642,0,true,20260809
160,37,0,jik,3.616714,2.265039481,0,true,20260809
160,37,1,kij,0.269927,30.3489462,0,true,20260809
160,37,2,jki,3.112221,2.632203818,0,true,20260809
160,37,3,ikj,0.304049,26.94302563,0,true,20260809
160,37,4,ijk,3.630214,2.256616277,0,true,20260809
160,37,5,kji,3.238943,2.529220181,0,true,20260809
160,38,0,jik,3.613759,2.266891622,0,true,20260809
160,38,1,jki,3.111901,2.632474491,0,true,20260809
160,38,2,kji,3.258492,2.514046375,0,true,20260809
160,38,3,ikj,0.305001,26.85892833,0,true,20260809
160,38,4,ijk,3.635493,2.253339506,0,true,20260809
160,38,5,kij,0.269807,30.36244427,0,true,20260809
160,39,0,jki,3.106633,2.636938448,0,true,20260809
160,39,1,kji,3.25668,2.515445177,0,true,20260809
160,39,2,ijk,3.631566,2.255776158,0,true,20260809
160,39,3,jik,3.61414,2.266652648,0,true,20260809
160,39,4,kij,0.268956,30.45851366,0,true,20260809
160,39,5,ikj,0.30487,26.87046938,0,true,20260809
160,40,0,kji,3.261888,2.511428964,0,true,20260809
160,40,1,ijk,3.63349,2.254581683,0,true,20260809
160,40,2,ikj,0.304099,26.93859565,0,true,20260809
160,40,3,jki,3.112351,2.632093874,0,true,20260809
160,40,4,jik,3.611987,2.268003733,0,true,20260809
160,40,5,kij,0.275606,29.72359092,0,true,20260809
160,41,0,ijk,3.624845,2.259958702,0,true,20260809
160,41,1,jik,3.618386,2.263992841,0,true,20260809
160,41,2,ikj,0.305101,26.85012504,0,true,20260809
160,41,3,kji,3.256771,2.515374891,0,true,20260809
160,41,4,kij,0.269638,30.38147442,0,true,20260809
160,41,5,jki,3.110289,2.633838849,0,true,20260809
160,42,0,kij,0.268636,30.49479593,0,true,20260809
160,42,1,jik,3.617916,2.264286954,0,true,20260809
160,42,2,jki,3.112793,2.63172013,0,true,20260809
160,42,3,kji,3.258132,2.514324159,0,true,20260809
160,42,4,ijk,3.631546,2.255788582,0,true,20260809
160,42,5,ikj,0.305071,26.85276542,0,true,20260809
160,43,0,jki,3.11156,2.632762987,0,true,20260809
160,43,1,jik,3.615252,2.265955458,0,true,20260809
160,43,2,ijk,3.633969,2.254284503,0,true,20260809
160,43,3,kji,3.236159,2.531396016,0,true,20260809
160,43,4,ikj,0.305201,26.84132752,0,true,20260809
160,43,5,kij,0.272381,30.07551922,0,true,20260809
160,44,0,jik,3.612147,2.267903272,0,true,20260809
160,44,1,ijk,3.630454,2.256467098,0,true,20260809
160,44,2,ikj,0.305251,26.83693092,0,true,20260809
160,44,3,jki,3.110859,2.633356253,0,true,20260809
160,44,4,kji,3.261678,2.51159066,0,true,20260809
160,44,5,kij,0.270028,30.33759462,0,true,20260809
160,45,0,jik,3.615182,2.265999333,0,true,20260809
160,45,1,ikj,0.304811,26.8756705,0,true,20260809
160,45,2,kji,3.255759,2.516156755,0,true,20260809
160,45,3,ijk,3.631226,2.255987372,0,true,20260809
160,45,4,jki,3.109878,2.634186936,0,true,20260809
160,45,5,kij,0.269006,30.45285235,0,true,20260809
160,46,0,ijk,3.637135,2.252322226,0,true,20260809
160,46,1,kji,3.248417,2.521843716,0,true,20260809
160,46,2,kij,0.270238,30.31401949,0,true,20260809
160,46,3,ikj,0.302747,27.05889736,0,true,20260809
160,46,4,jki,3.109046,2.634891861,0,true,20260809
160,46,5,jik,3.61472,2.266288952,0,true,20260809
160,47,0,jki,3.103459,2.639635323,0,true,20260809
160,47,1,kij,0.268716,30.48571726,0,true,20260809
160,47,2,jik,3.616523,2.265159104,0,true,20260809
160,47,3,kji,3.261066,2.512062007,0,true,20260809
160,47,4,ikj,0.303639,26.97940647,0,true,20260809
160,47,5,ijk,3.629844,2.2568463,0,true,20260809
160,48,0,jki,3.112112,2.63229601,0,true,20260809
160,48,1,ikj,0.30474,26.88193214,0,true,20260809
160,48,2,jik,3.616082,2.265435352,0,true,20260809
160,48,3,ijk,3.629793,2.256878009,0,true,20260809
160,48,4,kji,3.262589,2.510889358,0,true,20260809
160,48,5,kij,0.269417,30.40639603,0,true,20260809
160,49,0,kij,0.269076,30.44493006,0,true,20260809
160,49,1,jki,3.112252,2.6321776,0,true,20260809
160,49,2,ikj,0.304671,26.88802019,0,true,20260809
160,49,3,ijk,3.63369,2.25445759,0,true,20260809
160,49,4,jik,3.616843,2.264958695,0,true,20260809
160,49,5,kji,3.252033,2.519039628,0,true,20260809
192,0,0,jik,6.5331,2.166777793,0,true,20260809
192,0,1,ijk,6.50721,2.175398673,0,true,20260809
192,0,2,jki,7.985985,1.772577334,0,true,20260809
192,0,3,kji,7.927497,1.78565517,0,true,20260809
192,0,4,kij,0.460345,30.75036331,0,true,20260809
192,0,5,ikj,0.480566,29.45646592,0,true,20260809
192,1,0,kij,0.461468,30.67553113,0,true,20260809
192,1,1,kji,7.93614,1.783710469,0,true,20260809
192,1,2,jki,7.990862,1.771495491,0,true,20260809
192,1,3,ijk,6.503615,2.176601167,0,true,20260809
192,1,4,ikj,0.479435,29.52595451,0,true,20260809
192,1,5,jik,6.528273,2.168379907,0,true,20260809
192,2,0,jki,7.993696,1.770867444,0,true,20260809
192,2,1,ikj,0.481768,29.38297272,0,true,20260809
192,2,2,kji,7.948798,1.780870013,0,true,20260809
192,2,3,kij,0.462118,30.63238394,0,true,20260809
192,2,4,ijk,6.518959,2.171477992,0,true,20260809
192,2,5,jik,6.527912,2.16849982,0,true,20260809
192,3,0,jik,6.536584,2.1656229,0,true,20260809
192,3,1,ijk,6.507471,2.175311423,0,true,20260809
192,3,2,jki,7.998974,1.769698964,0,true,20260809
192,3,3,ikj,0.480236,29.47670729,0,true,20260809
192,3,4,kij,0.460886,30.71426774,0,true,20260809
192,3,5,kji,7.929909,1.785112036,0,true,20260809
192,4,0,kij,0.461477,30.67493288,0,true,20260809
192,4,1,jik,6.537997,2.165154863,0,true,20260809
192,4,2,ijk,6.50024,2.177731284,0,true,20260809
192,4,3,kji,7.948648,1.78090362,0,true,20260809
192,4,4,ikj,0.479565,29.51795064,0,true,20260809
192,4,5,jki,7.973226,1.775413866,0,true,20260809
192,5,0,jki,7.984302,1.772950973,0,true,20260809
192,5,1,kij,0.461547,30.6702806,0,true,20260809
192,5,2,jik,6.528863,2.168183955,0,true,20260809
192,5,3,ikj,0.479875,29.498882,0,true,20260809
192,5,4,kji,7.939544,1.782945721,0,true,20260809
192,5,5,ijk,6.511087,2.174103341,0,true,20260809
192,6,0,ijk,6.504947,2.176155471,0,true,20260809
192,6,1,jki,7.993266,1.770962708,0,true,20260809
192,6,2,kij,0.461147,30.69688407,0,true,20260809
192,6,3,jik,6.53993,2.164514911,0,true,20260809
192,6,4,ikj,0.478943,29.5562854,0,true,20260809
192,6,5,kji,7.936911,1.783537197,0,true,20260809
192,7,0,kji,7.927135,1.785736713,0,true,20260809
192,7,1,kij,0.461267,30.68889819,0,true,20260809
192,7,2,ikj,0.478803,29.56492754,0,true,20260809
192,7,3,jik,6.535534,2.16597083,0,true,20260809
192,7,4,jki,7.964211,1.777423526,0,true,20260809
192,7,5,ijk,6.510355,2.174347789,0,true,20260809
192,8,0,ikj,0.480786,29.44298711,0,true,20260809
192,8,1,kji,7.941868,1.782423984,0,true,20260809
192,8,2,ijk,6.50053,2.177634131,0,true,20260809
192,8,3,jik,6.531728,2.167232928,0,true,20260809
192,8,4,jki,7.972465,1.775583336,0,true,20260809
192,8,5,kij,0.461427,30.6782568,0,true,20260809
192,9,0,kij,0.461206,30.69295716,0,true,20260809
192,9,1,kji,7.961408,1.77804931,0,true,20260809
192,9,2,jik,6.535093,2.166116993,0,true,20260809
192,9,3,jki,7.962669,1.777767731,0,true,20260809
192,9,4,ijk,6.511667,2.173909692,0,true,20260809
192,9,5,ikj,0.479774,29.50509198,0,true,20260809
192,10,0,ijk,6.505208,2.17606816,0,true,20260809
192,10,1,kji,7.94329,1.782104896,0,true,20260809
192,10,2,jki,7.989981,1.771690821,0,true,20260809
192,10,3,ikj,0.480216,29.47793493,0,true,20260809
192,10,4,kij,0.46278,30.58856476,0,true,20260809
192,10,5,jik,6.534352,2.166362632,0,true,20260809
192,11,0,kij,0.460355,30.74969534,0,true,20260809
192,11,1,ikj,0.478483,29.58469998,0,true,20260809
192,11,2,ijk,6.498958,2.178160868,0,true,20260809
192,11,3,kji,7.926765,1.785820067,0,true,20260809
192,11,4,jik,6.532208,2.167073676,0,true,20260809
192,11,5,jki,7.958283,1.778747501,0,true,20260809
192,12,0,kji,7.961928,1.777933184,0,true,20260809
192,12,1,jik,6.538848,2.164873079,0,true,20260809
192,12,2,kij,0.461397,30.6802515,0,true,20260809
192,12,3,ijk,6.503225,2.176731699,0,true,20260809
192,12,4,ikj,0.479855,29.50011149,0,true,20260809
192,12,5,jki,7.959184,1.778546142,0,true,20260809
192,13,0,kij,0.461197,30.69355612,0,true,20260809
192,13,1,kji,7.933595,1.784282661,0,true,20260809
192,13,2,jik,6.544326,2.163060948,0,true,20260809
192,13,3,jki,7.973145,1.775431903,0,true,20260809
192,13,4,ijk,6.501522,2.177301869,0,true,20260809
192,13,5,ikj,0.478944,29.55622369,0,true,20260809
192,14,0,kij,0.466545,30.34171623,0,true,20260809
192,14,1,ikj,0.478102,29.60827606,0,true,20260809
192,14,2,kji,7.949219,1.780775696,0,true,20260809
192,14,3,jki,8.060437,1.756204533,0,true,20260809
192,14,4,ijk,6.502654,2.176922838,0,true,20260809
192,14,5,jik,6.534231,2.166402749,0,true,20260809
192,15,0,jki,8.000046,1.769461826,0,true,20260809
192,15,1,kji,7.945403,1.781630963,0,true,20260809
192,15,2,jik,6.535774,2.165891293,0,true,20260809
192,15,3,kij,0.461327,30.6849068,0,true,20260809
192,15,4,ikj,0.480786,29.44298711,0,true,20260809
192,15,5,ijk,6.50687,2.175512343,0,true,20260809
192,16,0,ijk,6.505368,2.176014639,0,true,20260809
192,16,1,kij,0.467275,30.29431491,0,true,20260809
192,16,2,kji,7.946345,1.78141976,0,true,20260809
192,16,3,ikj,0.482289,29.35123132,0,true,20260809
192,16,4,jki,7.968888,1.776380343,0,true,20260809
192,16,5,jik,6.529895,2.16784129,0,true,20260809
192,17,0,ijk,6.50702,2.175462193,0,true,20260809
192,17,1,jki,7.961748,1.77797338,0,true,20260809
192,17,2,kji,8.031693,1.762489677,0,true,20260809
192,17,3,ikj,0.480206,29.47854879,0,true,20260809
192,17,4,kij,0.460545,30.73700941,0,true,20260809
192,17,5,jik,6.551778,2.16060068,0,true,20260809
192,18,0,jki,7.979435,1.774032372,0,true,20260809
192,18,1,kij,0.460866,30.71560063,0,true,20260809
192,18,2,ikj,0.478683,29.57233911,0,true,20260809
192,18,3,jik,6.532089,2.167113155,0,true,20260809
192,18,4,kji,7.919264,1.787511567,0,true,20260809
192,18,5,ijk,6.51335,2.17334797,0,true,20260809
192,19,0,ijk,6.501782,2.1772148,0,true,20260809
192,19,1,jik,6.53261,2.166940319,0,true,20260809
192,19,2,kij,0.460065,30.76907828,0,true,20260809
192,19,3,jki,7.97613,1.774767462,0,true,20260809
192,19,4,kji,7.931943,1.784654277,0,true,20260809
192,19,5,ikj,0.481217,29.41661662,0,true,20260809
192,20,0,ijk,6.50681,2.175532404,0,true,20260809
192,20,1,kji,7.942028,1.782388075,0,true,20260809
192,20,2,jki,7.972855,1.775496481,0,true,20260809
192,20,3,jik,6.532759,2.166890896,0,true,20260809
192,20,4,ikj,0.479845,29.50072628,0,true,20260809
192,20,5,kij,0.461898,30.64697401,0,true,20260809
192,21,0,jki,7.944972,1.781727613,0,true,20260809
192,21,1,ikj,0.479445,29.52533867,0,true,20260809
192,21,2,kji,7.953486,1.77982032,0,true,20260809
192,21,3,ijk,6.51314,2.173418044,0,true,20260809
192,21,4,kij,0.461918,30.64564706,0,true,20260809
192,21,5,jik,6.534181,2.166419326,0,true,20260809
192,22,0,kji,7.940896,1.78264216,0,true,20260809
192,22,1,ijk,6.509775,2.174541516,0,true,20260809
192,22,2,ikj,0.479415,29.52718626,0,true,20260809
192,22,3,jki,7.986084,1.77255536,0,true,20260809
192,22,4,kij,0.466134,30.36846915,0,true,20260809
192,22,5,jik,6.528162,2.168416776,0,true,20260809
192,23,0,jki,7.997412,1.770044609,0,true,20260809
192,23,1,kij,0.460125,30.76506601,0,true,20260809
192,23,2,ikj,0.488227,28.99425063,0,true,20260809
192,23,3,kji,7.940426,1.782747676,0,true,20260809
192,23,4,jik,6.534021,2.166472376,0,true,20260809
192,23,5,ijk,6.541783,2.163901799,0,true,20260809
192,24,0,ijk,6.507622,2.175260948,0,true,20260809
192,24,1,kij,0.461597,30.66695841,0,true,20260809
192,24,2,ikj,0.481147,29.42089632,0,true,20260809
192,24,3,kji,7.956259,1.779199998,0,true,20260809
192,24,4,jik,6.535032,2.166137212,0,true,20260809
192,24,5,jki,7.976491,1.77468714,0,true,20260809
192,25,0,jik,6.528993,2.168140784,0,true,20260809
192,25,1,kij,0.461397,30.6802515,0,true,20260809
192,25,2,jki,7.991242,1.771411252,0,true,20260809
192,25,3,kji,7.93682,1.783557647,0,true,20260809
192,25,4,ikj,0.485113,29.18036829,0,true,20260809
192,25,5,ijk,6.503195,2.17674174,0,true,20260809
192,26,0,jki,8.008899,1.767505871,0,true,20260809
192,26,1,kji,7.944622,1.781806107,0,true,20260809
192,26,2,jik,6.53327,2.166721412,0,true,20260809
192,26,3,kij,0.461898,30.64697401,0,true,20260809
192,26,4,ijk,6.508402,2.175000254,0,true,20260809
192,26,5,ikj,0.479064,29.5488202,0,true,20260809
192,27,0,ikj,0.480436,29.46443647,0,true,20260809
192,27,1,ijk,6.510836,2.174187155,0,true,20260809
192,27,2,jik,6.529204,2.168070717,0,true,20260809
192,27,3,kij,0.461517,30.67227426,0,true,20260809
192,27,4,kji,7.947797,1.781094308,0,true,20260809
192,27,5,jki,7.984222,1.772968738,0,true,20260809
192,28,0,jik,6.531948,2.167159935,0,true,20260809
192,28,1,ijk,6.517887,2.171835136,0,true,20260809
192,28,2,jki,7.984643,1.772875256,0,true,20260809
192,28,3,kij,0.460526,30.73827753,0,true,20260809
192,28,4,ikj,0.480265,29.47492738,0,true,20260809
192,28,5,kji,7.942349,1.782316038,0,true,20260809
192,29,0,ikj,0.481427,29.403785,0,true,20260809
192,29,1,kij,0.460586,30.7342733,0,true,20260809
192,29,2,jik,6.534141,2.166432588,0,true,20260809
192,29,3,ijk,6.505247,2.176055114,0,true,20260809
192,29,4,kji,7.9631,1.77767151,0,true,20260809
192,29,5,jki,7.975058,1.775006025,0,true,20260809
192,30,0,kij,0.461447,30.67692714,0,true,20260809
192,30,1,kji,7.943571,1.782041855,0,true,20260809
192,30,2,ijk,6.509154,2.174748977,0,true,20260809
192,30,3,ikj,0.480185,29.47983798,0,true,20260809
192,30,4,jik,6.537977,2.165161486,0,true,20260809
192,30,5,jki,7.98939,1.771821879,0,true,20260809
192,31,0,jik,6.532859,2.166857726,0,true,20260809
192,31,1,ikj,0.480505,29.46020541,0,true,20260809
192,31,2,ijk,6.517106,2.172095406,0,true,20260809
192,31,3,kij,0.461557,30.6696161,0,true,20260809
192,31,4,kji,7.940366,1.782761147,0,true,20260809
192,31,5,jki,7.982319,1.773391417,0,true,20260809
192,32,0,jki,7.994067,1.770785259,0,true,20260809
192,32,1,kji,7.934416,1.784098036,0,true,20260809
192,32,2,kij,0.460615,30.73233829,0,true,20260809
192,32,3,jik,6.541623,2.163954725,0,true,20260809
192,32,4,ijk,6.521041,2.170784695,0,true,20260809
192,32,5,ikj,0.479455,29.52472286,0,true,20260809
192,33,0,kji,7.937291,1.78345181,0,true,20260809
192,33,1,ikj,0.480426,29.46504977,0,true,20260809
192,33,2,jki,7.975198,1.774974866,0,true,20260809
192,33,3,ijk,6.511988,2.173802532,0,true,20260809
192,33,4,kij,0.461908,30.64631052,0,true,20260809
192,33,5,jik,6.528743,2.168223807,0,true,20260809
192,34,0,ijk,6.508042,2.175120566,0,true,20260809
192,34,1,kji,7.978663,1.774204024,0,true,20260809
192,34,2,kij,0.462308,30.6197946,0,true,20260809
192,34,3,jki,7.964182,1.777429998,0,true,20260809
192,34,4,jik,6.534392,2.166349371,0,true,20260809
192,34,5,ikj,0.481397,29.4056174,0,true,20260809
192,35,0,kji,7.9365,1.78362956,0,true,20260809
192,35,1,ijk,6.511977,2.173806204,0,true,20260809
192,35,2,ikj,0.479434,29.52601609,0,true,20260809
192,35,3,jik,6.535393,2.16601756,0,true,20260809
192,35,4,kij,0.460936,30.71093601,0,true,20260809
192,35,5,jki,7.98305,1.773229029,0,true,20260809
192,36,0,jki,7.967466,1.776697384,0,true,20260809
192,36,1,jik,6.530325,2.167698545,0,true,20260809
192,36,2,kji,7.940767,1.78267112,0,true,20260809
192,36,3,ijk,6.506269,2.175713301,0,true,20260809
192,36,4,ikj,0.479916,29.49636186,0,true,20260809
192,36,5,kij,0.460887,30.71420109,0,true,20260809
192,37,0,jki,8.001007,1.769249296,0,true,20260809
192,37,1,jik,6.531958,2.167156617,0,true,20260809
192,37,2,ikj,0.480756,29.4448244,0,true,20260809
192,37,3,kji,7.909509,1.789716151,0,true,20260809
192,37,4,kij,0.461087,30.70087858,0,true,20260809
192,37,5,ijk,6.505788,2.17587416,0,true,20260809
192,38,0,kji,7.945594,1.781588136,0,true,20260809
192,38,1,jki,7.97657,1.774669563,0,true,20260809
192,38,2,ijk,6.505158,2.176084885,0,true,20260809
192,38,3,jik,6.534902,2.166180304,0,true,20260809
192,38,4,ikj,0.482589,29.33298521,0,true,20260809
192,38,5,kij,0.463981,30.50938724,0,true,20260809
192,39,0,kij,0.460717,30.72553433,0,true,20260809
192,39,1,jik,6.531227,2.167399173,0,true,20260809
192,39,2,kji,7.929098,1.78529462,0,true,20260809
192,39,3,jki,7.985744,1.772630828,0,true,20260809
192,39,4,ijk,6.510205,2.174397888,0,true,20260809
192,39,5,ikj,0.481047,29.42701233,0,true,20260809
192,40,0,ikj,0.479854,29.50017297,0,true,20260809
192,40,1,ijk,6.507281,2.175374938,0,true,20260809
192,40,2,jki,7.965143,1.77721555,0,true,20260809
192,40,3,kji,7.925954,1.786002795,0,true,20260809
192,40,4,kij,0.461267,30.68889819,0,true,20260809
192,40,5,jik,6.538198,2.165088301,0,true,20260809
192,41,0,jik,6.536555,2.165632508,0,true,20260809
192,41,1,ijk,6.50056,2.177624082,0,true,20260809
192,41,2,kij,0.461858,30.64962824,0,true,20260809
192,41,3,ikj,0.480676,29.44972497,0,true,20260809
192,41,4,jki,7.973156,1.775429454,0,true,20260809
192,41,5,kji,7.940086,1.782824015,0,true,20260809
192,42,0,ikj,0.480576,29.45585298,0,true,20260809
192,42,1,jki,7.97664,1.77465399,0,true,20260809
192,42,2,ijk,6.504266,2.176383315,0,true,20260809
192,42,3,kji,7.959635,1.778445368,0,true,20260809
192,42,4,jik,6.535624,2.165941003,0,true,20260809
192,42,5,kij,0.459534,30.80463252,0,true,20260809
192,43,0,jik,6.533981,2.166485639,0,true,20260809
192,43,1,ikj,0.480636,29.45217587,0,true,20260809
192,43,2,kij,0.462449,30.61045867,0,true,20260809
192,43,3,jki,7.9763,1.774729637,0,true,20260809
192,43,4,kji,7.95624,1.779204247,0,true,20260809
192,43,5,ijk,6.512889,2.173501805,0,true,20260809
192,44,0,kji,7.93638,1.783656529,0,true,20260809
192,44,1,jki,7.986946,1.772364055,0,true,20260809
192,44,2,ijk,6.50653,2.175626025,0,true,20260809
192,44,3,ikj,0.478763,29.56739765,0,true,20260809
192,44,4,jik,6.527401,2.168669582,0,true,20260809
192,44,5,kij,0.460405,30.74635593,0,true,20260809
192,45,0,kij,0.464792,30.45615243,0,true,20260809
192,45,1,kji,7.946344,1.781419984,0,true,20260809
192,45,2,ijk,6.533731,2.166568535,0,true,20260809
192,45,3,ikj,0.478943,29.5562854,0,true,20260809
192,45,4,jik,6.532119,2.167103202,0,true,20260809
192,45,5,jki,7.959445,1.778487822,0,true,20260809
192,46,0,ikj,0.480526,29.45891794,0,true,20260809
192,46,1,kij,0.461367,30.68224645,0,true,20260809
192,46,2,kji,7.931411,1.784773983,0,true,20260809
192,46,3,ijk,6.512899,2.173498468,0,true,20260809
192,46,4,jki,7.974428,1.775146255,0,true,20260809
192,46,5,jik,6.529213,2.168067729,0,true,20260809
192,47,0,jik,6.536975,2.165493367,0,true,20260809
192,47,1,kji,7.918673,1.787644975,0,true,20260809
192,47,2,kij,0.465453,30.41290098,0,true,20260809
192,47,3,ijk,6.498748,2.178231253,0,true,20260809
192,47,4,jki,7.985454,1.772695203,0,true,20260809
192,47,5,ikj,0.479334,29.53217589,0,true,20260809
192,48,0,ijk,6.510276,2.174374174,0,true,20260809
192,48,1,jki,7.972544,1.775565742,0,true,20260809
192,48,2,ikj,0.480656,29.45095037,0,true,20260809
192,48,3,kji,7.913235,1.788873451,0,true,20260809
192,48,4,jik,6.535453,2.165997675,0,true,20260809
192,48,5,kij,0.460005,30.7730916,0,true,20260809
192,49,0,ijk,6.511066,2.174110353,0,true,20260809
192,49,1,kij,0.461637,30.66430117,0,true,20260809
192,49,2,kji,7.950641,1.780457198,0,true,20260809
192,49,3,ikj,0.481116,29.42279201,0,true,20260809
192,49,4,jik,6.529244,2.168057435,0,true,20260809
192,49,5,jki,7.997552,1.770013624,0,true,20260809
224,0,0,kji,9.626103,2.33519712,0,true,20260809
224,0,1,ikj,0.854221,26.31502621,0,true,20260809
224,0,2,jik,10.815429,2.078405582,0,true,20260809
224,0,3,jki,9.345689,2.40526386,0,true,20260809
224,0,4,ijk,10.74947,2.091158727,0,true,20260809
224,0,5,kij,0.830855,27.05507941,0,true,20260809
224,1,0,jki,9.344847,2.405480582,0,true,20260809
224,1,1,jik,10.807357,2.07995794,0,true,20260809
224,1,2,kij,0.836925,26.85885593,0,true,20260809
224,1,3,ikj,0.853359,26.34160769,0,true,20260809
224,1,4,kji,9.622237,2.33613535,0,true,20260809
224,1,5,ijk,10.748618,2.091324485,0,true,20260809
224,2,0,kji,9.623048,2.335938468,0,true,20260809
224,2,1,jki,9.337976,2.407250565,0,true,20260809
224,2,2,jik,10.815699,2.078353697,0,true,20260809
224,2,3,ikj,0.856644,26.24059469,0,true,20260809
224,2,4,kij,0.832457,27.00301397,0,true,20260809
224,2,5,ijk,10.730781,2.094800742,0,true,20260809
224,3,0,kij,0.832468,27.00265716,0,true,20260809
224,3,1,jki,9.339099,2.4069611,0,true,20260809
224,3,2,kji,9.625742,2.335284698,0,true,20260809
224,3,3,jik,10.861269,2.069633668,0,true,20260809
224,3,4,ikj,0.854171,26.31656659,0,true,20260809
224,3,5,ijk,10.733485,2.094273016,0,true,20260809
224,4,0,jki,9.331478,2.40892686,0,true,20260809
224,4,1,kji,9.630229,2.334196622,0,true,20260809
224,4,2,kij,0.869273,25.85936524,0,true,20260809
224,4,3,ijk,10.731753,2.094611011,0,true,20260809
224,4,4,jik,10.825434,2.076484693,0,true,20260809
224,4,5,ikj,0.854671,26.30117086,0,true,20260809
224,5,0,jki,9.334091,2.408252502,0,true,20260809
224,5,1,kji,9.626593,2.335078257,0,true,20260809
224,5,2,jik,10.817312,2.078043788,0,true,20260809
224,5,3,ikj,0.856184,26.25469292,0,true,20260809
224,5,4,kij,0.832638,26.99714402,0,true,20260809
224,5,5,ijk,10.770321,2.08711031,0,true,20260809
224,6,0,ikj,0.853879,26.32556603,0,true,20260809
224,6,1,kij,0.836804,26.86273966,0,true,20260809
224,6,2,jik,10.813056,2.078861702,0,true,20260809
224,6,3,ijk,10.736049,2.093772858,0,true,20260809
224,6,4,kji,9.618872,2.336952607,0,true,20260809
224,6,5,jki,9.343725,2.405769433,0,true,20260809
224,7,0,ijk,10.737311,2.093526768,0,true,20260809
224,7,1,ikj,0.853369,26.34129902,0,true,20260809
224,7,2,jki,9.375083,2.397722559,0,true,20260809
224,7,3,jik,10.826946,2.076194709,0,true,20260809
224,7,4,kji,9.627375,2.334888586,0,true,20260809
224,7,5,kij,0.832267,27.00917854,0,true,20260809
224,8,0,ijk,10.730581,2.094839785,0,true,20260809
224,8,1,jki,9.33379,2.408330164,0,true,20260809
224,8,2,kji,9.615837,2.337690208,0,true,20260809
224,8,3,kij,0.838116,26.82068831,0,true,20260809
224,8,4,ikj,0.853209,26.34623873,0,true,20260809
224,8,5,jik,10.818394,2.077835952,0,true,20260809
224,9,0,ijk,10.727356,2.095469564,0,true,20260809
224,9,1,kij,0.831837,27.02314035,0,true,20260809
224,9,2,jki,9.326961,2.410093491,0,true,20260809
224,9,3,jik,10.877422,2.066560257,0,true,20260809
224,9,4,ikj,0.854361,26.31071409,0,true,20260809
224,9,5,kji,9.621826,2.336235139,0,true,20260809
224,10,0,kji,9.631901,2.333791429,0,true,20260809
224,10,1,jik,10.80942,2.079560976,0,true,20260809
224,10,2,ijk,10.744983,2.092031974,0,true,20260809
224,10,3,jki,9.35329,2.40330921,0,true,20260809
224,10,4,ikj,0.85373,26.33016059,0,true,20260809
224,10,5,kij,0.831586,27.03129682,0,true,20260809
224,11,0,jki,9.336365,2.407665939,0,true,20260809
224,11,1,jik,10.820567,2.077418679,0,true,20260809
224,11,2,kij,0.832077,27.01534594,0,true,20260809
224,11,3,ijk,10.746485,2.091739578,0,true,20260809
224,11,4,ikj,0.85368,26.33170275,0,true,20260809
224,11,5,kji,9.622057,2.336179052,0,true,20260809
224,12,0,jki,9.342554,2.406070974,0,true,20260809
224,12,1,ikj,0.861051,26.10629103,0,true,20260809
224,12,2,jik,10.824343,2.076693985,0,true,20260809
224,12,3,kij,0.833038,26.98418079,0,true,20260809
224,12,4,ijk,10.729189,2.095111569,0,true,20260809
224,12,5,kji,9.63116,2.333970986,0,true,20260809
224,13,0,kij,0.83404,26.95176251,0,true,20260809
224,13,1,ikj,0.853159,26.34778277,0,true,20260809
224,13,2,kji,9.660544,2.326871861,0,true,20260809
224,13,3,ijk,10.731142,2.094730272,0,true,20260809
224,13,4,jki,9.341963,2.406223189,0,true,20260809
224,13,5,jik,10.818564,2.077803302,0,true,20260809
224,14,0,ikj,0.861581,26.09023179,0,true,20260809
224,14,1,jki,9.336535,2.4076221,0,true,20260809
224,14,2,ijk,10.73649,2.093686857,0,true,20260809
224,14,3,kji,9.61794,2.337179063,0,true,20260809
224,14,4,kij,0.833689,26.96310974,0,true,20260809
224,14,5,jik,10.807327,2.079963714,0,true,20260809
224,15,0,ikj,0.85397,26.32276075,0,true,20260809
224,15,1,kji,9.627745,2.334798855,0,true,20260809
224,15,2,jki,9.333921,2.408296363,0,true,20260809
224,15,3,jik,10.828509,2.075895029,0,true,20260809
224,15,4,kij,0.831876,27.02187345,0,true,20260809
224,15,5,ijk,10.73675,2.093636156,0,true,20260809
224,16,0,jki,9.336895,2.40752927,0,true,20260809
224,16,1,kij,0.835663,26.89941759,0,true,20260809
224,16,2,ikj,0.852969,26.35365177,0,true,20260809
224,16,3,ijk,10.731563,2.094648096,0,true,20260809
224,16,4,jik,10.813606,2.078755967,0,true,20260809
224,16,5,kji,9.636458,2.332687799,0,true,20260809
224,17,0,ijk,10.732133,2.094536846,0,true,20260809
224,17,1,jki,9.338908,2.407010327,0,true,20260809
224,17,2,kij,0.83362,26.96534152,0,true,20260809
224,17,3,kji,9.628997,2.334495275,0,true,20260809
224,17,4,jik,10.807988,2.079836506,0,true,20260809
224,17,5,ikj,0.858938,26.17051289,0,true,20260809
224,18,0,ikj,0.855372,26.27961635,0,true,20260809
224,18,1,kji,9.623639,2.335795015,0,true,20260809
224,18,2,jik,10.911985,2.060014562,0,true,20260809
224,18,3,ijk,10.744271,2.092170609,0,true,20260809
224,18,4,kij,0.832228,27.01044425,0,true,20260809
224,18,5,jki,9.334712,2.40809229,0,true,20260809
224,19,0,jik,10.833096,2.075016043,0,true,20260809
224,19,1,kij,0.83389,26.95661058,0,true,20260809
224,19,2,ijk,10.740306,2.092942976,0,true,20260809
224,19,3,kji,9.627945,2.334750354,0,true,20260809
224,19,4,jki,9.347521,2.404792458,0,true,20260809
224,19,5,ikj,0.855312,26.28145986,0,true,20260809
224,20,0,jki,9.33974,2.406795907,0,true,20260809
224,20,1,ikj,0.855612,26.2722449,0,true,20260809
224,20,2,kji,9.616388,2.337556263,0,true,20260809
224,20,3,kij,0.832849,26.99030436,0,true,20260809
224,20,4,ijk,10.734046,2.094163561,0,true,20260809
224,20,5,jik,10.811352,2.079189356,0,true,20260809
224,21,0,ijk,10.733996,2.094173316,0,true,20260809
224,21,1,kij,0.832678,26.99584713,0,true,20260809
224,21,2,jki,9.341512,2.406339359,0,true,20260809
224,21,3,jik,10.816791,2.078143878,0,true,20260809
224,21,4,ikj,0.854861,26.2953252,0,true,20260809
224,21,5,kji,9.638641,2.332159482,0,true,20260809
224,22,0,ikj,0.855002,26.29098879,0,true,20260809
224,22,1,jki,9.331938,2.408808117,0,true,20260809
224,22,2,ijk,10.736429,2.093698752,0,true,20260809
224,22,3,kji,9.632392,2.333672467,0,true,20260809
224,22,4,jik,10.86265,2.06937055,0,true,20260809
224,22,5,kij,0.839789,26.76725701,0,true,20260809
224,23,0,ijk,10.728718,2.095203546,0,true,20260809
224,23,1,kji,9.632953,2.333536559,0,true,20260809
224,23,2,jik,10.84894,2.07198565,0,true,20260809
224,23,3,jki,9.342605,2.406057839,0,true,20260809
224,23,4,ikj,0.853189,26.34685632,0,true,20260809
224,23,5,kij,0.833049,26.98382448,0,true,20260809
224,24,0,ikj,0.856314,26.2507071,0,true,20260809
224,24,1,jki,9.327691,2.409904874,0,true,20260809
224,24,2,kji,9.659994,2.327004344,0,true,20260809
224,24,3,kij,0.841291,26.71946806,0,true,20260809
224,24,4,jik,10.807116,2.080004323,0,true,20260809
224,24,5,ijk,10.731773,2.094607107,0,true,20260809
224,25,0,kji,9.658832,2.327284293,0,true,20260809
224,25,1,ijk,10.734698,2.094036367,0,true,20260809
224,25,2,jik,10.815859,2.078322952,0,true,20260809
224,25,3,ikj,0.852878,26.35646364,0,true,20260809
224,25,4,kij,0.832157,27.0127488,0,true,20260809
224,25,5,jki,9.372469,2.398391288,0,true,20260809
224,26,0,ijk,10.747697,2.091503696,0,true,20260809
224,26,1,jki,9.338879,2.407017802,0,true,20260809
224,26,2,kij,0.831255,27.0420605,0,true,20260809
224,26,3,jik,10.814507,2.078582778,0,true,20260809
224,26,4,ikj,0.854631,26.30240186,0,true,20260809
224,26,5,kji,9.626843,2.335017617,0,true,20260809
224,27,0,kji,9.628226,2.334682215,0,true,20260809
224,27,1,jik,10.826786,2.076225391,0,true,20260809
224,27,2,ikj,0.856274,26.25193338,0,true,20260809
224,27,3,kij,0.830986,27.05081433,0,true,20260809
224,27,4,jki,9.341412,2.406365119,0,true,20260809
224,27,5,ijk,10.735258,2.093927132,0,true,20260809
224,28,0,kij,0.837836,26.82965163,0,true,20260809
224,28,1,jki,9.335704,2.40783641,0,true,20260809
224,28,2,ijk,10.745243,2.091981354,0,true,20260809
224,28,3,ikj,0.852598,26.36511932,0,true,20260809
224,28,4,jik,10.851053,2.071582177,0,true,20260809
224,28,5,kji,9.620544,2.336546457,0,true,20260809
224,29,0,kij,0.83398,26.95370153,0,true,20260809
224,29,1,jki,9.344938,2.405457158,0,true,20260809
224,29,2,jik,10.820316,2.077466869,0,true,20260809
224,29,3,kji,9.622176,2.33615016,0,true,20260809
224,29,4,ijk,10.738964,2.093204521,0,true,20260809
224,29,5,ikj,0.853469,26.33821264,0,true,20260809
224,30,0,jki,9.322654,2.411206937,0,true,20260809
224,30,1,kji,9.625732,2.335287124,0,true,20260809
224,30,2,jik,10.817422,2.078022656,0,true,20260809
224,30,3,kij,0.832207,27.01112584,0,true,20260809
224,30,4,ijk,10.748939,2.091262031,0,true,20260809
224,30,5,ikj,0.852908,26.35553659,0,true,20260809
224,31,0,jik,10.859296,2.070009695,0,true,20260809
224,31,1,jki,9.337175,2.407457073,0,true,20260809
224,31,2,kji,9.622707,2.336021246,0,true,20260809
224,31,3,ijk,10.76973,2.087224842,0,true,20260809
224,31,4,kij,0.832608,26.99811676,0,true,20260809
224,31,5,ikj,0.857646,26.20993743,0,true,20260809
224,32,0,jik,10.807387,2.079952166,0,true,20260809
224,32,1,kji,9.626624,2.335070737,0,true,20260809
224,32,2,ijk,10.737151,2.093557965,0,true,20260809
224,32,3,ikj,0.854751,26.29870921,0,true,20260809
224,32,4,kij,0.831477,27.03484041,0,true,20260809
224,32,5,jki,9.327041,2.410072819,0,true,20260809
224,33,0,jik,10.821859,2.07717066,0,true,20260809
224,33,1,jki,9.333341,2.408446022,0,true,20260809
224,33,2,kij,0.833118,26.98158964,0,true,20260809
224,33,3,ijk,10.737031,2.093581363,0,true,20260809
224,33,4,ikj,0.857686,26.20871508,0,true,20260809
224,33,5,kji,9.625282,2.335396303,0,true,20260809
224,34,0,jki,9.355463,2.402750992,0,true,20260809
224,34,1,ikj,0.855793,26.26668832,0,true,20260809
224,34,2,kji,9.622648,2.336035569,0,true,20260809
224,34,3,jik,10.818584,2.077799461,0,true,20260809
224,34,4,ijk,10.737762,2.093438838,0,true,20260809
224,34,5,kij,0.832077,27.01534594,0,true,20260809
224,35,0,ijk,10.735889,2.093804062,0,true,20260809
224,35,1,ikj,0.855072,26.2888365,0,true,20260809
224,35,2,jki,9.337246,2.407438767,0,true,20260809
224,35,3,jik,10.824583,2.076647941,0,true,20260809
224,35,4,kji,9.615326,2.337814443,0,true,20260809
224,35,5,kij,0.833319,26.97508157,0,true,20260809
224,36,0,jki,9.34016,2.40668768,0,true,20260809
224,36,1,ikj,0.854541,26.30517202,0,true,20260809
224,36,2,jik,10.827167,2.076152331,0,true,20260809
224,36,3,ijk,10.735358,2.093907627,0,true,20260809
224,36,4,kji,9.627515,2.334854633,0,true,20260809
224,36,5,kij,0.83437,26.94110287,0,true,20260809
224,37,0,ijk,10.731031,2.094751939,0,true,20260809
224,37,1,ikj,0.85364,26.3329366,0,true,20260809
224,37,2,jik,10.812054,2.079054359,0,true,20260809
224,37,3,kij,0.834892,26.92425847,0,true,20260809
224,37,4,jki,9.331317,2.408968423,0,true,20260809
224,37,5,kji,9.616699,2.337480668,0,true,20260809
224,38,0,jik,10.832314,2.075165842,0,true,20260809
224,38,1,kji,9.629287,2.334424968,0,true,20260809
224,38,2,jki,9.337437,2.407389522,0,true,20260809
224,38,3,ikj,0.85427,26.3135168,0,true,20260809
224,38,4,kij,0.832928,26.98774444,0,true,20260809
224,38,5,ijk,10.736099,2.093763107,0,true,20260809
224,39,0,kji,9.662978,2.326285748,0,true,20260809
224,39,1,ijk,10.740956,2.092816319,0,true,20260809
224,39,2,kij,0.833349,26.97411049,0,true,20260809
224,39,3,ikj,0.852948,26.35430061,0,true,20260809
224,39,4,jki,9.333921,2.408296363,0,true,20260809
224,39,5,jik,10.825674,2.076438659,0,true,20260809
224,40,0,ijk,10.740867,2.09283366,0,true,20260809
224,40,1,kji,9.626223,2.335168009,0,true,20260809
224,40,2,ikj,0.85358,26.3347876,0,true,20260809
224,40,3,kij,0.837255,26.84826964,0,true,20260809
224,40,4,jki,9.324797,2.4106528,0,true,20260809
224,40,5,jik,10.820327,2.077464757,0,true,20260809
224,41,0,jki,9.334672,2.408102609,0,true,20260809
224,41,1,kji,9.626193,2.335175287,0,true,20260809
224,41,2,jik,10.912055,2.060001347,0,true,20260809
224,41,3,ikj,0.854481,26.30701911,0,true,20260809
224,41,4,ijk,10.727376,2.095465657,0,true,20260809
224,41,5,kij,0.830584,27.06390684,0,true,20260809
224,42,0,kji,9.661325,2.326683762,0,true,20260809
224,42,1,jik,10.821859,2.07717066,0,true,20260809
224,42,2,jki,9.325028,2.410593083,0,true,20260809
224,42,3,kij,0.831977,27.01859306,0,true,20260809
224,42,4,ijk,10.779715,2.085291494,0,true,20260809
224,42,5,ikj,0.85391,26.32461032,0,true,20260809
224,43,0,jki,9.335834,2.407802881,0,true,20260809
224,43,1,kij,0.832267,27.00917854,0,true,20260809
224,43,2,kji,9.629848,2.334288973,0,true,20260809
224,43,3,ijk,10.740215,2.092960709,0,true,20260809
224,43,4,jik,10.817753,2.077959073,0,true,20260809
224,43,5,ikj,0.851867,26.38774363,0,true,20260809
224,44,0,jik,10.811604,2.079140893,0,true,20260809
224,44,1,jki,9.333761,2.408337647,0,true,20260809
224,44,2,kij,0.831616,27.03032169,0,true,20260809
224,44,3,ijk,10.734587,2.09405802,0,true,20260809
224,44,4,kji,9.632642,2.3336119,0,true,20260809
224,44,5,ikj,0.855712,26.26917468,0,true,20260809
224,45,0,jik,10.818804,2.077757209,0,true,20260809
224,45,1,ikj,0.852187,26.37783491,0,true,20260809
224,45,2,jki,9.336224,2.4077023,0,true,20260809
224,45,3,kij,0.831446,27.03584839,0,true,20260809
224,45,4,ijk,10.731372,2.094685377,0,true,20260809
224,45,5,kji,9.63125,2.333949176,0,true,20260809
224,46,0,kij,0.830846,27.05537248,0,true,20260809
224,46,1,jik,10.811303,2.079198779,0,true,20260809
224,46,2,jki,9.330376,2.409211376,0,true,20260809
224,46,3,kji,9.678783,2.322487032,0,true,20260809
224,46,4,ikj,0.862804,26.05324964,0,true,20260809
224,46,5,ijk,10.729749,2.095002222,0,true,20260809
224,47,0,kij,0.836323,26.87818941,0,true,20260809
224,47,1,ikj,0.853499,26.33728686,0,true,20260809
224,47,2,jik,10.812414,2.078985137,0,true,20260809
224,47,3,jki,9.335454,2.407900891,0,true,20260809
224,47,4,kji,9.61768,2.337242246,0,true,20260809
224,47,5,ijk,10.741888,2.09263474,0,true,20260809
224,48,0,jik,10.817833,2.077943706,0,true,20260809
224,48,1,jki,9.331627,2.408888396,0,true,20260809
224,48,2,kij,0.832358,27.00622569,0,true,20260809
224,48,3,ikj,0.852809,26.35859612,0,true,20260809
224,48,4,kji,9.628646,2.334580376,0,true,20260809
224,48,5,ijk,10.738403,2.093313875,0,true,20260809
224,49,0,jik,10.817292,2.07804763,0,true,20260809
224,49,1,kji,9.622037,2.336183908,0,true,20260809
224,49,2,ijk,10.736139,2.093755306,0,true,20260809
224,49,3,jki,9.33327,2.408464343,0,true,20260809
224,49,4,kij,0.833409,26.97216853,0,true,20260809
224,49,5,ikj,0.857907,26.20196362,0,true,20260809
256,0,0,kij,1.218991,27.52639847,0,true,20260809
256,0,1,kji,49.894528,0.6725072537,0,true,20260809
256,0,2,ijk,19.623025,1.709952059,0,true,20260809
256,0,3,jik,20.047917,1.673711638,0,true,20260809
256,0,4,ikj,1.203077,27.89051075,0,true,20260809
256,0,5,jki,50.885615,0.6594089901,0,true,20260809
256,1,0,ijk,19.623046,1.709950229,0,true,20260809
256,1,1,kji,49.917452,0.6721984127,0,true,20260809
256,1,2,ikj,1.202527,27.90326704,0,true,20260809
256,1,3,jik,19.981937,1.679238204,0,true,20260809
256,1,4,jki,50.858483,0.6597607719,0,true,20260809
256,1,5,kij,1.221676,27.46590094,0,true,20260809
256,2,0,jik,19.972183,1.680058309,0,true,20260809
256,2,1,kji,49.918864,0.672179399,0,true,20260809
256,2,2,jki,50.871724,0.6595890479,0,true,20260809
256,2,3,kij,1.223308,27.42925903,0,true,20260809
256,2,4,ijk,19.627441,1.709567335,0,true,20260809
256,2,5,ikj,1.202176,27.91141397,0,true,20260809
256,3,0,jki,50.886006,0.6594039233,0,true,20260809
256,3,1,jik,19.978583,1.679520114,0,true,20260809
256,3,2,kij,1.219602,27.51260821,0,true,20260809
256,3,3,ikj,1.208716,27.76039367,0,true,20260809
256,3,4,kji,49.916881,0.672206102,0,true,20260809
256,3,5,ijk,19.633351,1.709052724,0,true,20260809
256,4,0,ijk,19.647632,1.707810488,0,true,20260809
256,4,1,kji,49.943891,0.6718425683,0,true,20260809
256,4,2,jki,50.938705,0.6587217323,0,true,20260809
256,4,3,jik,20.000455,1.677683433,0,true,20260809
256,4,4,kij,1.225181,27.38732644,0,true,20260809
256,4,5,ikj,1.202888,27.89489296,0,true,20260809
256,5,0,ikj,1.203789,27.87401447,0,true,20260809
256,5,1,ijk,19.604757,1.711545417,0,true,20260809
256,5,2,kij,1.222747,27.44184365,0,true,20260809
256,5,3,jki,50.959938,0.6584472689,0,true,20260809
256,5,4,kji,49.915018,0.672231191,0,true,20260809
256,5,5,jik,20.003099,1.677461677,0,true,20260809
256,6,0,ijk,19.63296,1.70908676,0,true,20260809
256,6,1,kji,50.017083,0.6708594342,0,true,20260809
256,6,2,jki,50.705653,0.661749332,0,true,20260809
256,6,3,jik,19.984621,1.679012677,0,true,20260809
256,6,4,ikj,1.209026,27.75327578,0,true,20260809
256,6,5,kij,1.221535,27.46907129,0,true,20260809
256,7,0,jik,20.002168,1.677539755,0,true,20260809
256,7,1,ikj,1.202176,27.91141397,0,true,20260809
256,7,2,jki,50.782249,0.6607512007,0,true,20260809
256,7,3,kij,1.225391,27.38263297,0,true,20260809
256,7,4,kji,49.951554,0.6717395018,0,true,20260809
256,7,5,ijk,19.627191,1.70958911,0,true,20260809
256,8,0,kij,1.216838,27.57510203,0,true,20260809
256,8,1,kji,49.859835,0.6729751914,0,true,20260809
256,8,2,ijk,19.6327,1.709109394,0,true,20260809
256,8,3,jki,50.755698,0.6610968487,0,true,20260809
256,8,4,ikj,1.205752,27.82863474,0,true,20260809
256,8,5,jik,19.960776,1.681018413,0,true,20260809
256,9,0,ikj,1.20401,27.8688981,0,true,20260809
256,9,1,ijk,19.622785,1.709972973,0,true,20260809
256,9,2,jik,19.976919,1.679660012,0,true,20260809
256,9,3,jki,50.772254,0.6608812758,0,true,20260809
256,9,4,kji,49.88325,0.6726592995,0,true,20260809
256,9,5,kij,1.2245,27.40255778,0,true,20260809
256,10,0,ikj,1.201725,27.92188895,0,true,20260809
256,10,1,ijk,19.607452,1.711310169,0,true,20260809
256,10,2,kij,1.226623,27.3551303,0,true,20260809
256,10,3,kji,49.840506,0.6732361826,0,true,20260809
256,10,4,jik,20.055769,1.673056366,0,true,20260809
256,10,5,jki,50.685482,0.6620126844,0,true,20260809
256,11,0,jik,19.962538,1.680870038,0,true,20260809
256,11,1,ikj,1.205842,27.82655771,0,true,20260809
256,11,2,kij,1.228216,27.31965062,0,true,20260809
256,11,3,ijk,19.605559,1.711475403,0,true,20260809
256,11,4,jki,50.735147,0.6613646354,0,true,20260809
256,11,5,kji,49.896922,0.6724749875,0,true,20260809
256,12,0,ijk,19.617307,1.710450471,0,true,20260809
256,12,1,kji,49.885204,0.6726329514,0,true,20260809
256,12,2,jik,19.990691,1.678502859,0,true,20260809
256,12,3,kij,1.22492,27.393162,0,true,20260809
256,12,4,jki,50.760586,0.6610331882,0,true,20260809
256,12,5,ikj,1.20507,27.84438414,0,true,20260809
256,13,0,jki,50.812014,0.6603641414,0,true,20260809
256,13,1,ijk,19.62601,1.709691985,0,true,20260809
256,13,2,kji,49.965885,0.6715468364,0,true,20260809
256,13,3,jik,20.034687,1.674816881,0,true,20260809
256,13,4,kij,1.222817,27.44027275,0,true,20260809
256,13,5,ikj,1.203358,27.88399795,0,true,20260809
256,14,0,ijk,19.623246,1.709932801,0,true,20260809
256,14,1,ikj,1.203238,27.88677884,0,true,20260809
256,14,2,jki,50.601737,0.663108304,0,true,20260809
256,14,3,kij,1.220224,27.49858387,0,true,20260809
256,14,4,kji,49.943562,0.671846994,0,true,20260809
256,14,5,jik,20.013295,1.676607075,0,true,20260809
256,15,0,jki,50.682719,0.6620487745,0,true,20260809
256,15,1,ijk,19.655715,1.707108187,0,true,20260809
256,15,2,jik,20.038984,1.674457747,0,true,20260809
256,15,3,kij,1.220514,27.49205007,0,true,20260809
256,15,4,kji,49.884472,0.6726428216,0,true,20260809
256,15,5,ikj,1.2045,27.85756081,0,true,20260809
256,16,0,kij,1.218,27.54879475,0,true,20260809
256,16,1,jki,50.886456,0.6593980921,0,true,20260809
256,16,2,kji,49.82352,0.6734657046,0,true,20260809
256,16,3,jik,19.998663,1.677833763,0,true,20260809
256,16,4,ijk,19.629515,1.709386707,0,true,20260809
256,16,5,ikj,1.201014,27.9384187,0,true,20260809
256,17,0,kij,1.21799,27.54902093,0,true,20260809
256,17,1,jik,19.991211,1.678459199,0,true,20260809
256,17,2,kji,49.915219,0.6722284841,0,true,20260809
256,17,3,ijk,19.622995,1.709954673,0,true,20260809
256,17,4,ikj,1.203268,27.88608357,0,true,20260809
256,17,5,jki,50.761688,0.6610188377,0,true,20260809
256,18,0,ikj,1.206192,27.81848329,0,true,20260809
256,18,1,jik,19.966174,1.680563938,0,true,20260809
256,18,2,jki,50.691051,0.6619399546,0,true,20260809
256,18,3,ijk,19.622705,1.709979944,0,true,20260809
256,18,4,kij,1.219943,27.50491785,0,true,20260809
256,18,5,kji,49.923702,0.6721142595,0,true,20260809
256,19,0,kji,49.88322,0.672659704,0,true,20260809
256,19,1,jki,50.787036,0.6606889207,0,true,20260809
256,19,2,kij,1.220795,27.48572201,0,true,20260809
256,19,3,ijk,19.629165,1.709417186,0,true,20260809
256,19,4,ikj,1.208395,27.76776799,0,true,20260809
256,19,5,jik,19.988758,1.678665178,0,true,20260809
256,20,0,jik,20.046966,1.673791037,0,true,20260809
256,20,1,kij,1.219432,27.51644372,0,true,20260809
256,20,2,ikj,1.201535,27.92630427,0,true,20260809
256,20,3,jki,50.721087,0.6615479672,0,true,20260809
256,20,4,ijk,19.633321,1.709055335,0,true,20260809
256,20,5,kji,49.904182,0.6723771567,0,true,20260809
256,21,0,kij,1.221005,27.48099475,0,true,20260809
256,21,1,ikj,1.203278,27.88585181,0,true,20260809
256,21,2,ijk,19.635604,1.708856626,0,true,20260809
256,21,3,kji,49.978294,0.6713800995,0,true,20260809
256,21,4,jki,50.751643,0.6611496696,0,true,20260809
256,21,5,jik,19.987125,1.678802329,0,true,20260809
256,22,0,kji,49.871323,0.6728201696,0,true,20260809
256,22,1,jik,19.99702,1.677971618,0,true,20260809
256,22,2,jki,50.647565,0.6625082963,0,true,20260809
256,22,3,ikj,1.206503,27.81131253,0,true,20260809
256,22,4,kij,1.228756,27.30764448,0,true,20260809
256,22,5,ijk,19.651107,1.707508488,0,true,20260809
256,23,0,kji,49.879435,0.6727107474,0,true,20260809
256,23,1,ijk,19.63278,1.70910243,0,true,20260809
256,23,2,jki,50.676719,0.6621271594,0,true,20260809
256,23,3,jik,20.04941,1.673587003,0,true,20260809
256,23,4,kij,1.219512,27.51463864,0,true,20260809
256,23,5,ikj,1.207504,27.78825743,0,true,20260809
256,24,0,ijk,19.600842,1.711887275,0,true,20260809
256,24,1,jik,19.988037,1.67872573,0,true,20260809
256,24,2,ikj,1.203649,27.87725658,0,true,20260809
256,24,3,kji,49.926336,0.6720788003,0,true,20260809
256,24,4,kij,1.223298,27.42948325,0,true,20260809
256,24,5,jki,50.803851,0.6604702466,0,true,20260809
256,25,0,ijk,19.643346,1.708183117,0,true,20260809
256,25,1,ikj,1.202707,27.89909097,0,true,20260809
256,25,2,kij,1.218972,27.52682752,0,true,20260809
256,25,3,jik,19.984061,1.679059727,0,true,20260809
256,25,4,jki,50.666044,0.6622666652,0,true,20260809
256,25,5,kji,49.879054,0.6727158859,0,true,20260809
256,26,0,ijk,19.578408,1.713848848,0,true,20260809
256,26,1,jik,20.000315,1.677695176,0,true,20260809
256,26,2,kij,1.220063,27.50221259,0,true,20260809
256,26,3,jki,50.686183,0.6620035287,0,true,20260809
256,26,4,ikj,1.2048,27.85062417,0,true,20260809
256,26,5,kji,49.943041,0.6718540026,0,true,20260809
256,27,0,kji,49.961729,0.6716026981,0,true,20260809
256,27,1,ikj,1.2047,27.852936,0,true,20260809
256,27,2,jki,50.668798,0.6622306691,0,true,20260809
256,27,3,jik,19.989619,1.678592874,0,true,20260809
256,27,4,kij,1.220974,27.48169248,0,true,20260809
256,27,5,ijk,19.583667,1.713388611,0,true,20260809
256,28,0,kji,50.053578,0.670370298,0,true,20260809
256,28,1,kij,1.223338,27.42858638,0,true,20260809
256,28,2,jik,19.982298,1.679207867,0,true,20260809
256,28,3,jki,50.633013,0.6626987021,0,true,20260809
256,28,4,ikj,1.205231,27.84066457,0,true,20260809
256,28,5,ijk,19.561662,1.715316009,0,true,20260809
256,29,0,kij,1.226162,27.36541501,0,true,20260809
256,29,1,ikj,1.200083,27.96009276,0,true,20260809
256,29,2,kji,49.905123,0.6723644785,0,true,20260809
256,29,3,jik,19.994908,1.678148857,0,true,20260809
256,29,4,ijk,19.548272,1.716490951,0,true,20260809
256,29,5,jki,50.72351,0.6615163659,0,true,20260809
256,30,0,jki,50.733956,0.6613801612,0,true,20260809
256,30,1,ikj,1.20489,27.84854385,0,true,20260809
256,30,2,ijk,19.627421,1.709569077,0,true,20260809
256,30,3,kij,1.223228,27.43105292,0,true,20260809
256,30,4,kji,49.966497,0.6715386112,0,true,20260809
256,30,5,jik,19.995638,1.678087591,0,true,20260809
256,31,0,ikj,1.212201,27.68058433,0,true,20260809
256,31,1,ijk,19.607802,1.711279622,0,true,20260809
256,31,2,jki,50.894488,0.6592940281,0,true,20260809
256,31,3,kji,49.964984,0.6715589462,0,true,20260809
256,31,4,kij,1.226733,27.3526774,0,true,20260809
256,31,5,jik,20.001056,1.677633021,0,true,20260809
256,32,0,jki,50.947419,0.6586090652,0,true,20260809
256,32,1,kij,1.228666,27.30964477,0,true,20260809
256,32,2,ikj,1.202316,27.90816391,0,true,20260809
256,32,3,jik,19.960595,1.681033657,0,true,20260809
256,32,4,ijk,19.602634,1.711730781,0,true,20260809
256,32,5,kji,49.897753,0.6724637881,0,true,20260809
256,33,0,jki,50.836521,0.6600457966,0,true,20260809
256,33,1,kij,1.219362,27.51802336,0,true,20260809
256,33,2,ijk,19.586661,1.713126704,0,true,20260809
256,33,3,ikj,1.208906,27.75603066,0,true,20260809
256,33,4,kji,49.973157,0.6714491142,0,true,20260809
256,33,5,jik,19.93763,1.682969942,0,true,20260809
256,34,0,ikj,1.207935,27.77834238,0,true,20260809
256,34,1,kji,50.012726,0.670917878,0,true,20260809
256,34,2,kij,1.227595,27.33347073,0,true,20260809
256,34,3,jki,50.868239,0.6596342366,0,true,20260809
256,34,4,jik,19.93705,1.683018902,0,true,20260809
256,34,5,ijk,19.641473,1.708346008,0,true,20260809
256,35,0,ijk,19.581433,1.713584088,0,true,20260809
256,35,1,kji,49.978375,0.6713790114,0,true,20260809
256,35,2,ikj,1.20451,27.85732954,0,true,20260809
256,35,3,kij,1.22434,27.40613882,0,true,20260809
256,35,4,jik,19.958673,1.681195538,0,true,20260809
256,35,5,jki,50.934529,0.6587757393,0,true,20260809
256,36,0,kij,1.223579,27.42318395,0,true,20260809
256,36,1,ikj,1.203559,27.87934119,0,true,20260809
256,36,2,ijk,19.600531,1.711914437,0,true,20260809
256,36,3,jki,50.815289,0.6603215816,0,true,20260809
256,36,4,jik,19.975889,1.679746619,0,true,20260809
256,36,5,kji,49.992156,0.6711939369,0,true,20260809
256,37,0,jik,19.935437,1.683155077,0,true,20260809
256,37,1,kij,1.225671,27.37637751,0,true,20260809
256,37,2,kji,50.022932,0.670780993,0,true,20260809
256,37,3,ikj,1.209707,27.73765218,0,true,20260809
256,37,4,ijk,19.634984,1.708910585,0,true,20260809
256,37,5,jki,50.984144,0.6581346546,0,true,20260809
256,38,0,ijk,19.616435,1.710526505,0,true,20260809
256,38,1,kij,1.223779,27.41870223,0,true,20260809
256,38,2,jki,50.990543,0.6580520627,0,true,20260809
256,38,3,jik,19.968057,1.68040546,0,true,20260809
256,38,4,kji,49.977613,0.6713892478,0,true,20260809
256,38,5,ikj,1.204911,27.84805849,0,true,20260809
256,39,0,ikj,1.201045,27.93769759,0,true,20260809
256,39,1,jki,50.811884,0.660365831,0,true,20260809
256,39,2,kji,49.836621,0.6732886646,0,true,20260809
256,39,3,kij,1.223438,27.42634445,0,true,20260809
256,39,4,ijk,19.604307,1.711584704,0,true,20260809
256,39,5,jik,19.961206,1.680982201,0,true,20260809
256,40,0,jki,50.90871,0.6591098458,0,true,20260809
256,40,1,kij,1.225721,27.37526076,0,true,20260809
256,40,2,kji,49.904793,0.6723689246,0,true,20260809
256,40,3,jik,20.005974,1.677220614,0,true,20260809
256,40,4,ikj,1.210829,27.71194942,0,true,20260809
256,40,5,ijk,19.706632,1.702697447,0,true,20260809
256,41,0,ijk,19.61318,1.710810384,0,true,20260809
256,41,1,jik,19.938102,1.6829301,0,true,20260809
256,41,2,jki,50.948601,0.6585937855,0,true,20260809
256,41,3,kij,1.226032,27.36831665,0,true,20260809
256,41,4,kji,49.859245,0.6729831549,0,true,20260809
256,41,5,ikj,1.205952,27.82401953,0,true,20260809
256,42,0,kji,50.065717,0.6702077591,0,true,20260809
256,42,1,jik,19.968186,1.680394604,0,true,20260809
256,42,2,kij,1.222557,27.44610844,0,true,20260809
256,42,3,ijk,19.646491,1.707909672,0,true,20260809
256,42,4,jki,50.899606,0.6592277355,0,true,20260809
256,42,5,ikj,1.21112,27.70529097,0,true,20260809
256,43,0,kji,49.927658,0.6720610047,0,true,20260809
256,43,1,kij,1.223919,27.4155659,0,true,20260809
256,43,2,jik,20.027286,1.675435803,0,true,20260809
256,43,3,ikj,1.20433,27.86149311,0,true,20260809
256,43,4,jki,50.900678,0.6592138517,0,true,20260809
256,43,5,ijk,19.637017,1.708733664,0,true,20260809
256,44,0,jki,50.969222,0.6583273333,0,true,20260809
256,44,1,jik,19.99039,1.678528133,0,true,20260809
256,44,2,kij,1.225251,27.38576177,0,true,20260809
256,44,3,ijk,19.662355,1.706531695,0,true,20260809
256,44,4,kji,49.908158,0.6723235909,0,true,20260809
256,44,5,ikj,1.213583,27.64906232,0,true,20260809
256,45,0,jki,50.767147,0.6609477582,0,true,20260809
256,45,1,ijk,19.608203,1.711244626,0,true,20260809
256,45,2,ikj,1.20468,27.85339841,0,true,20260809
256,45,3,jik,20.066145,1.672191246,0,true,20260809
256,45,4,kji,49.934748,0.671965582,0,true,20260809
256,45,5,kij,1.228806,27.30653333,0,true,20260809
256,46,0,jki,50.712844,0.661655497,0,true,20260809
256,46,1,kji,49.954549,0.671699228,0,true,20260809
256,46,2,ijk,19.607342,1.71131977,0,true,20260809
256,46,3,ikj,1.199512,27.97340252,0,true,20260809
256,46,4,jik,19.952312,1.681731521,0,true,20260809
256,46,5,kij,1.225101,27.38911486,0,true,20260809
256,47,0,jki,50.908851,0.6591080203,0,true,20260809
256,47,1,kji,49.967097,0.6715305474,0,true,20260809
256,47,2,kij,1.221686,27.46567612,0,true,20260809
256,47,3,ijk,19.638859,1.708573395,0,true,20260809
256,47,4,jik,20.092244,1.670019138,0,true,20260809
256,47,5,ikj,1.207805,27.78133225,0,true,20260809
256,48,0,jik,19.992473,1.678353248,0,true,20260809
256,48,1,jki,50.984155,0.6581345126,0,true,20260809
256,48,2,kji,49.905385,0.6723609486,0,true,20260809
256,48,3,ijk,19.601313,1.71184614,0,true,20260809
256,48,4,ikj,1.200574,27.94865789,0,true,20260809
256,48,5,kij,1.223558,27.42365462,0,true,20260809
256,49,0,jik,20.010791,1.676816873,0,true,20260809
256,49,1,jki,51.050535,0.6572787533,0,true,20260809
256,49,2,ijk,19.616305,1.710537841,0,true,20260809
256,49,3,kji,49.88292,0.6726637494,0,true,20260809
256,49,4,ikj,1.201345,27.93072098,0,true,20260809
256,49,5,kij,1.246212,26.92513954,0,true,20260809
320,0,0,kij,2.384443,27.4848256,0,true,20260809
320,0,1,ikj,2.322278,28.22056619,0,true,20260809
320,0,2,ijk,33.264896,1.970124903,0,true,20260809
320,0,3,kji,36.631742,1.789049508,0,true,20260809
320,0,4,jik,33.580152,1.951629046,0,true,20260809
320,0,5,jki,36.805113,1.780622165,0,true,20260809
320,1,0,jki,36.854518,1.778235168,0,true,20260809
320,1,1,ikj,2.328288,28.14772056,0,true,20260809
320,1,2,kij,2.37648,27.57692049,0,true,20260809
320,1,3,ijk,33.296292,1.968267217,0,true,20260809
320,1,4,jik,33.55953,1.952828302,0,true,20260809
320,1,5,kji,36.653695,1.787977992,0,true,20260809
320,2,0,ikj,2.323911,28.20073574,0,true,20260809
320,2,1,jki,36.788178,1.781441853,0,true,20260809
320,2,2,kji,36.646824,1.788313225,0,true,20260809
320,2,3,jik,33.541693,1.953866789,0,true,20260809
320,2,4,kij,2.385654,27.47087381,0,true,20260809
320,2,5,ijk,33.268871,1.96988951,0,true,20260809
320,3,0,kij,2.388498,27.43816407,0,true,20260809
320,3,1,ikj,2.328667,28.1431394,0,true,20260809
320,3,2,jki,36.791713,1.78127069,0,true,20260809
320,3,3,ijk,33.266247,1.970044893,0,true,20260809
320,3,4,kji,36.632603,1.789007459,0,true,20260809
320,3,5,jik,33.539701,1.953982834,0,true,20260809
320,4,0,ijk,33.272286,1.969687325,0,true,20260809
320,4,1,ikj,2.325353,28.18324788,0,true,20260809
320,4,2,jik,33.57301,1.952044216,0,true,20260809
320,4,3,kij,2.385374,27.4740984,0,true,20260809
320,4,4,kji,36.670059,1.787180108,0,true,20260809
320,4,5,jki,36.805544,1.780601314,0,true,20260809
320,5,0,jik,33.56647,1.952424547,0,true,20260809
320,5,1,jki,36.753916,1.783102513,0,true,20260809
320,5,2,kji,36.684251,1.786488703,0,true,20260809
320,5,3,kij,2.38284,27.50331537,0,true,20260809
320,5,4,ijk,33.270344,1.969802296,0,true,20260809
320,5,5,ikj,2.321296,28.2325046,0,true,20260809
320,6,0,jik,33.550096,1.953377421,0,true,20260809
320,6,1,ikj,2.323189,28.20949996,0,true,20260809
320,6,2,jki,36.861499,1.777898397,0,true,20260809
320,6,3,ijk,33.323012,1.966688966,0,true,20260809
320,6,4,kij,2.388107,27.44265646,0,true,20260809
320,6,5,kji,36.665373,1.787408518,0,true,20260809
320,7,0,jik,33.553851,1.953158819,0,true,20260809
320,7,1,ijk,33.256041,1.970649483,0,true,20260809
320,7,2,kji,36.754538,1.783072338,0,true,20260809
320,7,3,kij,2.392044,27.39748934,0,true,20260809
320,7,4,jki,36.833135,1.779267499,0,true,20260809
320,7,5,ikj,2.327747,28.15426247,0,true,20260809
320,8,0,kji,36.671552,1.787107347,0,true,20260809
320,8,1,jki,36.820356,1.779885018,0,true,20260809
320,8,2,ikj,2.329199,28.13671138,0,true,20260809
320,8,3,jik,33.557838,1.952926765,0,true,20260809
320,8,4,kij,2.38292,27.50239202,0,true,20260809
320,8,5,ijk,33.305246,1.967738055,0,true,20260809
320,9,0,kij,2.379354,27.54361058,0,true,20260809
320,9,1,jki,36.770031,1.782321043,0,true,20260809
320,9,2,ikj,2.321737,28.22714201,0,true,20260809
320,9,3,ijk,33.296352,1.96826367,0,true,20260809
320,9,4,kji,36.685593,1.786423352,0,true,20260809
320,9,5,jik,33.569576,1.952243901,0,true,20260809
320,10,0,kji,36.650169,1.788150008,0,true,20260809
320,10,1,ijk,33.304866,1.967760507,0,true,20260809
320,10,2,jki,36.861199,1.777912867,0,true,20260809
320,10,3,kij,2.386936,27.45611948,0,true,20260809
320,10,4,jik,33.532499,1.954402504,0,true,20260809
320,10,5,ikj,2.331622,28.10747197,0,true,20260809
320,11,0,kij,2.392274,27.39485527,0,true,20260809
320,11,1,jki,36.763321,1.78264635,0,true,20260809
320,11,2,jik,33.536335,1.954178952,0,true,20260809
320,11,3,ikj,2.328137,28.14954618,0,true,20260809
320,11,4,ijk,33.30097,1.967990722,0,true,20260809
320,11,5,kji,36.648677,1.788222805,0,true,20260809
320,12,0,ijk,33.263383,1.970214515,0,true,20260809
320,12,1,kji,36.683239,1.786537988,0,true,20260809
320,12,2,jik,33.547933,1.953503365,0,true,20260809
320,12,3,ikj,2.320886,28.23749206,0,true,20260809
320,12,4,kij,2.378944,27.54835759,0,true,20260809
320,12,5,jki,36.776209,1.782021633,0,true,20260809
320,13,0,kij,2.383752,27.49279287,0,true,20260809
320,13,1,jik,33.634143,1.948496205,0,true,20260809
320,13,2,kji,36.636599,1.788812329,0,true,20260809
320,13,3,jki,36.857012,1.77811484,0,true,20260809
320,13,4,ikj,2.329059,28.13840268,0,true,20260809
320,13,5,ijk,33.286097,1.968870066,0,true,20260809
320,14,0,kji,36.665764,1.787389457,0,true,20260809
320,14,1,jki,36.910112,1.775556791,0,true,20260809
320,14,2,jik,33.57253,1.952072126,0,true,20260809
320,14,3,ijk,33.304505,1.967781836,0,true,20260809
320,14,4,kij,2.379214,27.54523132,0,true,20260809
320,14,5,ikj,2.327106,28.16201754,0,true,20260809
320,15,0,jki,36.786125,1.781541274,0,true,20260809
320,15,1,kij,2.394608,27.36815379,0,true,20260809
320,15,2,ikj,2.327015,28.16311885,0,true,20260809
320,15,3,kji,36.777502,1.781958981,0,true,20260809
320,15,4,jik,33.544707,1.953691234,0,true,20260809
320,15,5,ijk,33.2749,1.969532591,0,true,20260809
320,16,0,kij,2.381477,27.51905645,0,true,20260809
320,16,1,jki,36.777172,1.781974971,0,true,20260809
320,16,2,ikj,2.322679,28.21569403,0,true,20260809
320,16,3,kji,36.734257,1.784056773,0,true,20260809
320,16,4,ijk,33.281139,1.969163375,0,true,20260809
320,16,5,jik,33.542975,1.953792113,0,true,20260809
320,17,0,ikj,2.329559,28.13236325,0,true,20260809
320,17,1,jki,36.837693,1.779047347,0,true,20260809
320,17,2,ijk,33.27459,1.96955094,0,true,20260809
320,17,3,kij,2.379265,27.54464089,0,true,20260809
320,17,4,jik,33.575074,1.951924216,0,true,20260809
320,17,5,kji,36.62355,1.789449685,0,true,20260809
320,18,0,ijk,33.276973,1.969409898,0,true,20260809
320,18,1,kij,2.379035,27.54730384,0,true,20260809
320,18,2,jki,36.761267,1.782745954,0,true,20260809
320,18,3,jik,33.613332,1.949702576,0,true,20260809
320,18,4,kji,36.666574,1.787349972,0,true,20260809
320,18,5,ikj,2.332745,28.09394083,0,true,20260809
320,19,0,kij,2.379605,27.54070529,0,true,20260809
320,19,1,kji,36.646114,1.788347872,0,true,20260809
320,19,2,jki,36.874568,1.777268279,0,true,20260809
320,19,3,ijk,33.298195,1.96815473,0,true,20260809
320,19,4,jik,33.630177,1.948725991,0,true,20260809
320,19,5,ikj,2.329269,28.1358658,0,true,20260809
320,20,0,ijk,33.264434,1.970152265,0,true,20260809
320,20,1,kij,2.388949,27.43298413,0,true,20260809
320,20,2,jik,33.540552,1.953933257,0,true,20260809
320,20,3,ikj,2.331432,28.10976258,0,true,20260809
320,20,4,kji,36.658161,1.787760166,0,true,20260809
320,20,5,jki,36.843782,1.778753332,0,true,20260809
320,21,0,jki,36.836201,1.779119405,0,true,20260809
320,21,1,jik,33.571148,1.952152485,0,true,20260809
320,21,2,kji,36.700426,1.785701343,0,true,20260809
320,21,3,ikj,2.328257,28.14809533,0,true,20260809
320,21,4,kij,2.38289,27.50273827,0,true,20260809
320,21,5,ijk,33.259006,1.970473802,0,true,20260809
320,22,0,kij,2.385454,27.47317701,0,true,20260809
320,22,1,kji,36.660616,1.787640448,0,true,20260809
320,22,2,jki,36.835709,1.779143168,0,true,20260809
320,22,3,ikj,2.331021,28.11471883,0,true,20260809
320,22,4,ijk,33.315161,1.967152432,0,true,20260809
320,22,5,jik,33.567342,1.952373828,0,true,20260809
320,23,0,kji,36.642788,1.788510197,0,true,20260809
320,23,1,jki,36.854969,1.778213407,0,true,20260809
320,23,2,jik,33.55264,1.953229314,0,true,20260809
320,23,3,ijk,33.26771,1.969958257,0,true,20260809
320,23,4,ikj,2.3304,28.12221078,0,true,20260809
320,23,5,kij,2.383701,27.49338109,0,true,20260809
320,24,0,jki,36.840768,1.778898855,0,true,20260809
320,24,1,ikj,2.323961,28.200129,0,true,20260809
320,24,2,ijk,33.260659,1.970375873,0,true,20260809
320,24,3,jik,33.590597,1.951022186,0,true,20260809
320,24,4,kij,2.388849,27.4341325,0,true,20260809
320,24,5,kji,36.664892,1.787431966,0,true,20260809
320,25,0,jik,33.553061,1.953204806,0,true,20260809
320,25,1,kji,36.656369,1.787847563,0,true,20260809
320,25,2,ikj,2.331232,28.11217416,0,true,20260809
320,25,3,jki,36.770522,1.782297243,0,true,20260809
320,25,4,kij,2.384653,27.4824052,0,true,20260809
320,25,5,ijk,33.317625,1.967006952,0,true,20260809
320,26,0,ijk,33.26103,1.970353895,0,true,20260809
320,26,1,jik,33.543385,1.953768232,0,true,20260809
320,26,2,ikj,2.324191,28.19733834,0,true,20260809
320,26,3,kij,2.376951,27.57145604,0,true,20260809
320,26,4,jki,36.858495,1.778043298,0,true,20260809
320,26,5,kji,36.627145,1.789274048,0,true,20260809
320,27,0,jki,36.861359,1.77790515,0,true,20260809
320,27,1,kij,2.388328,27.4401171,0,true,20260809
320,27,2,ikj,2.322359,28.2195819,0,true,20260809
320,27,3,kji,36.69632,1.785901148,0,true,20260809
320,27,4,ijk,33.265195,1.970107195,0,true,20260809
320,27,5,jik,33.569535,1.952246285,0,true,20260809
320,28,0,kij,2.386595,27.46004245,0,true,20260809
320,28,1,ijk,33.261871,1.970304076,0,true,20260809
320,28,2,jki,36.759645,1.782824617,0,true,20260809
320,28,3,kji,36.677771,1.786804329,0,true,20260809
320,28,4,jik,33.574854,1.951937006,0,true,20260809
320,28,5,ikj,2.323941,28.2003717,0,true,20260809
320,29,0,kji,36.631051,1.789083256,0,true,20260809
320,29,1,jki,36.865115,1.777724008,0,true,20260809
320,29,2,ikj,2.322638,28.21619211,0,true,20260809
320,29,3,jik,33.545559,1.953641613,0,true,20260809
320,29,4,kij,2.380226,27.53351993,0,true,20260809
320,29,5,ijk,33.259878,1.97042214,0,true,20260809
320,30,0,kij,2.383671,27.49372711,0,true,20260809
320,30,1,kji,36.766495,1.782492457,0,true,20260809
320,30,2,ijk,33.27485,1.96953555,0,true,20260809
320,30,3,jik,33.544888,1.953680692,0,true,20260809
320,30,4,jki,36.791664,1.781273062,0,true,20260809
320,30,5,ikj,2.36322,27.73165427,0,true,20260809
320,31,0,jik,33.537097,1.954134551,0,true,20260809
320,31,1,ijk,33.2681,1.969935163,0,true,20260809
320,31,2,kji,36.694697,1.785980138,0,true,20260809
320,31,3,ikj,2.326455,28.16989798,0,true,20260809
320,31,4,jki,36.795669,1.781079181,0,true,20260809
320,31,5,kij,2.379995,27.5361923,0,true,20260809
320,32,0,jki,36.762679,1.782677481,0,true,20260809
320,32,1,jik,33.574884,1.951935262,0,true,20260809
320,32,2,ijk,33.262502,1.970266699,0,true,20260809
320,32,3,kji,36.669959,1.787184982,0,true,20260809
320,32,4,ikj,2.319965,28.24870203,0,true,20260809
320,32,5,kij,2.390922,27.4103463,0,true,20260809
320,33,0,jik,33.530617,1.9545122,0,true,20260809
320,33,1,kij,2.38267,27.50527769,0,true,20260809
320,33,2,kji,36.669408,1.787211836,0,true,20260809
320,33,3,ijk,33.369304,1.963960651,0,true,20260809
320,33,4,ikj,2.318212,28.27006331,0,true,20260809
320,33,5,jki,36.825024,1.779659397,0,true,20260809
320,34,0,kji,36.736049,1.783969746,0,true,20260809
320,34,1,jki,36.848659,1.77851791,0,true,20260809
320,34,2,jik,33.63851,1.948243249,0,true,20260809
320,34,3,kij,2.383611,27.49441918,0,true,20260809
320,34,4,ijk,33.278947,1.969293079,0,true,20260809
320,34,5,ikj,2.328968,28.13950213,0,true,20260809
320,35,0,jik,33.544468,1.953705153,0,true,20260809
320,35,1,kij,2.388538,27.43770457,0,true,20260809
320,35,2,ikj,2.322038,28.22348299,0,true,20260809
320,35,3,kji,36.689148,1.786250256,0,true,20260809
320,35,4,jki,36.785033,1.781594161,0,true,20260809
320,35,5,ijk,33.297164,1.968215671,0,true,20260809
320,36,0,ikj,2.373025,27.61707104,0,true,20260809
320,36,1,kji,36.638212,1.788733577,0,true,20260809
320,36,2,ijk,33.283173,1.969043036,0,true,20260809
320,36,3,jki,36.813216,1.78023023,0,true,20260809
320,36,4,jik,33.585419,1.951322983,0,true,20260809
320,36,5,kij,2.388408,27.43919799,0,true,20260809
320,37,0,ijk,33.264806,1.970130233,0,true,20260809
320,37,1,kji,36.646073,1.788349873,0,true,20260809
320,37,2,jik,33.536446,1.954172484,0,true,20260809
320,37,3,kij,2.387878,27.44528824,0,true,20260809
320,37,4,jki,36.752564,1.783168108,0,true,20260809
320,37,5,ikj,2.328759,28.14202758,0,true,20260809
320,38,0,ijk,33.264264,1.970162334,0,true,20260809
320,38,1,kji,36.651351,1.788092341,0,true,20260809
320,38,2,kij,2.387647,27.44794352,0,true,20260809
320,38,3,jki,36.801018,1.780820302,0,true,20260809
320,38,4,jik,33.580692,1.951597662,0,true,20260809
320,38,5,ikj,2.324021,28.19940095,0,true,20260809
320,39,0,jik,33.54553,1.953643302,0,true,20260809
320,39,1,kji,36.664862,1.787433429,0,true,20260809
320,39,2,ikj,2.327186,28.16104944,0,true,20260809
320,39,3,ijk,33.257223,1.970579444,0,true,20260809
320,39,4,jki,36.771803,1.782235154,0,true,20260809
320,39,5,kij,2.381698,27.51650293,0,true,20260809
320,40,0,kji,36.614275,1.789902982,0,true,20260809
320,40,1,ikj,2.328217,28.14857893,0,true,20260809
320,40,2,jki,36.876031,1.777197768,0,true,20260809
320,40,3,kij,2.391452,27.40427155,0,true,20260809
320,40,4,jik,33.538148,1.954073314,0,true,20260809
320,40,5,ijk,33.267319,1.96998141,0,true,20260809
320,41,0,ikj,2.320245,28.24529306,0,true,20260809
320,41,1,ijk,33.251686,1.97090758,0,true,20260809
320,41,2,jik,33.544538,1.953701076,0,true,20260809
320,41,3,jki,36.878285,1.777089146,0,true,20260809
320,41,4,kij,2.383161,27.49961081,0,true,20260809
320,41,5,kji,36.650721,1.788123077,0,true,20260809
320,42,0,ikj,2.32284,28.21373835,0,true,20260809
320,42,1,kji,36.695178,1.785956727,0,true,20260809
320,42,2,kij,2.38254,27.50677848,0,true,20260809
320,42,3,jik,33.568604,1.952300429,0,true,20260809
320,42,4,ijk,33.313609,1.967244077,0,true,20260809
320,42,5,jki,36.830121,1.779413106,0,true,20260809
320,43,0,kji,36.681397,1.786627701,0,true,20260809
320,43,1,jik,33.541343,1.953887177,0,true,20260809
320,43,2,ijk,33.304406,1.967787686,0,true,20260809
320,43,3,ikj,2.326585,28.16832396,0,true,20260809
320,43,4,jki,36.797483,1.780991379,0,true,20260809
320,43,5,kij,2.386735,27.45843171,0,true,20260809
320,44,0,jik,33.549806,1.953394306,0,true,20260809
320,44,1,jki,36.845104,1.778689511,0,true,20260809
320,44,2,kij,2.380225,27.53353149,0,true,20260809
320,44,3,ijk,33.258786,1.970486836,0,true,20260809
320,44,4,ikj,2.318463,28.26700275,0,true,20260809
320,44,5,kji,36.690951,1.786162479,0,true,20260809
320,45,0,jki,36.824624,1.779678728,0,true,20260809
320,45,1,kji,36.681417,1.786626727,0,true,20260809
320,45,2,ijk,33.287099,1.9688108,0,true,20260809
320,45,3,jik,33.594363,1.950803473,0,true,20260809
320,45,4,ikj,2.331452,28.10952145,0,true,20260809
320,45,5,kij,2.377672,27.56309533,0,true,20260809
320,46,0,kij,2.378743,27.55068538,0,true,20260809
320,46,1,kji,36.622107,1.789520193,0,true,20260809
320,46,2,jki,36.870042,1.777486448,0,true,20260809
320,46,3,ijk,33.32743,1.966428254,0,true,20260809
320,46,4,ikj,2.327376,28.15875046,0,true,20260809
320,46,5,jik,33.558179,1.95290692,0,true,20260809
320,47,0,ikj,2.332103,28.10167475,0,true,20260809
320,47,1,jik,33.624799,1.949037673,0,true,20260809
320,47,2,jki,36.831484,1.779347256,0,true,20260809
320,47,3,ijk,33.265147,1.970110037,0,true,20260809
320,47,4,kij,2.38343,27.49650713,0,true,20260809
320,47,5,kji,36.687787,1.78631652,0,true,20260809
320,48,0,jik,33.576677,1.951831028,0,true,20260809
320,48,1,ijk,33.271355,1.969742441,0,true,20260809
320,48,2,kij,2.383361,27.49730318,0,true,20260809
320,48,3,ikj,2.322328,28.21995859,0,true,20260809
320,48,4,kji,36.687346,1.786337992,0,true,20260809
320,48,5,jki,36.866366,1.777663684,0,true,20260809
320,49,0,jki,36.833547,1.779247597,0,true,20260809
320,49,1,kij,2.417883,27.10470275,0,true,20260809
320,49,2,ikj,2.32302,28.2115522,0,true,20260809
320,49,3,ijk,33.271926,1.969708637,0,true,20260809
320,49,4,kji,36.670371,1.787164902,0,true,20260809
320,49,5,jik,33.624649,1.949046368,0,true,20260809
384,0,0,ijk,60.431158,1.87397051,0,true,20260809
384,0,1,kji,78.904247,1.435235901,0,true,20260809
384,0,2,kij,4.135227,27.38572949,0,true,20260809
384,0,3,ikj,3.843567,29.46383086,0,true,20260809
384,0,4,jik,60.937813,1.858389765,0,true,20260809
384,0,5,jki,78.879518,1.435685852,0,true,20260809
384,1,0,ikj,3.809365,29.7283689,0,true,20260809
384,1,1,jik,60.939766,1.858330208,0,true,20260809
384,1,2,jki,78.766488,1.437746063,0,true,20260809
384,1,3,ijk,60.455905,1.87320342,0,true,20260809
384,1,4,kij,4.125283,27.45174283,0,true,20260809
384,1,5,kji,78.814902,1.436862892,0,true,20260809
384,2,0,jik,60.919776,1.858939993,0,true,20260809
384,2,1,ikj,3.808684,29.73368439,0,true,20260809
384,2,2,jki,78.623503,1.440360753,0,true,20260809
384,2,3,ijk,60.405419,1.874769017,0,true,20260809
384,2,4,kji,78.863835,1.435971355,0,true,20260809
384,2,5,kij,4.148397,27.29878746,0,true,20260809
384,3,0,jki,78.69489,1.43905415,0,true,20260809
384,3,1,kji,78.811787,1.436919683,0,true,20260809
384,3,2,kij,4.135508,27.38386868,0,true,20260809
384,3,3,ijk,60.507844,1.871595491,0,true,20260809
384,3,4,jik,60.911003,1.859207736,0,true,20260809
384,3,5,ikj,3.8258,29.60066078,0,true,20260809
384,4,0,jki,78.512015,1.442406083,0,true,20260809
384,4,1,jik,60.983892,1.856985579,0,true,20260809
384,4,2,kij,4.144451,27.32477908,0,true,20260809
384,4,3,ijk,60.445119,1.87353768,0,true,20260809
384,4,4,ikj,3.810827,29.7169638,0,true,20260809
384,4,5,kji,78.699217,1.438975028,0,true,20260809
384,5,0,ikj,3.81249,29.70400132,0,true,20260809
384,5,1,kij,4.119313,27.49152783,0,true,20260809
384,5,2,ijk,60.457017,1.873168966,0,true,20260809
384,5,3,kji,78.66113,1.439671767,0,true,20260809
384,5,4,jki,78.738587,1.438255528,0,true,20260809
384,5,5,jik,60.994599,1.856659604,0,true,20260809
384,6,0,ijk,60.437508,1.873773618,0,true,20260809
384,6,1,kji,78.722693,1.43854591,0,true,20260809
384,6,2,ikj,3.813201,29.69846279,0,true,20260809
384,6,3,jki,78.68759,1.439187653,0,true,20260809
384,6,4,jik,60.924333,1.858800949,0,true,20260809
384,6,5,kij,4.129969,27.42059517,0,true,20260809
384,7,0,kij,4.127175,27.43915826,0,true,20260809
384,7,1,ijk,60.507113,1.871618102,0,true,20260809
384,7,2,jik,60.956642,1.857815724,0,true,20260809
384,7,3,kji,78.661179,1.43967087,0,true,20260809
384,7,4,ikj,3.807642,29.74182132,0,true,20260809
384,7,5,jki,78.694811,1.439055594,0,true,20260809
384,8,0,jik,60.947649,1.85808985,0,true,20260809
384,8,1,jki,78.689141,1.439159286,0,true,20260809
384,8,2,kji,78.937978,1.43462261,0,true,20260809
384,8,3,ijk,60.478669,1.872498351,0,true,20260809
384,8,4,kij,4.115988,27.51373619,0,true,20260809
384,8,5,ikj,3.813932,29.69277061,0,true,20260809
384,9,0,jki,78.725867,1.438487911,0,true,20260809
384,9,1,ikj,3.813311,29.6976061,0,true,20260809
384,9,2,kji,78.712967,1.43872366,0,true,20260809
384,9,3,jik,60.914228,1.859109304,0,true,20260809
384,9,4,kij,4.129489,27.42378246,0,true,20260809
384,9,5,ijk,60.424598,1.874173958,0,true,20260809
384,10,0,jki,78.77392,1.437610417,0,true,20260809
384,10,1,kji,78.907562,1.435175605,0,true,20260809
384,10,2,jik,61.020168,1.855881616,0,true,20260809
384,10,3,ijk,60.460242,1.873069049,0,true,20260809
384,10,4,ikj,3.809886,29.72430356,0,true,20260809
384,10,5,kij,4.123881,27.46107562,0,true,20260809
384,11,0,kij,4.128497,27.43037188,0,true,20260809
384,11,1,jik,60.900598,1.859525386,0,true,20260809
384,11,2,ijk,60.413982,1.87450329,0,true,20260809
384,11,3,jki,78.617714,1.440466814,0,true,20260809
384,11,4,kji,78.658085,1.439727499,0,true,20260809
384,11,5,ikj,3.810838,29.71687802,0,true,20260809
384,12,0,kji,78.729493,1.43842166,0,true,20260809
384,12,1,kij,4.137351,27.37167042,0,true,20260809
384,12,2,jik,60.920738,1.858910639,0,true,20260809
384,12,3,ijk,60.4257,1.874139778,0,true,20260809
384,12,4,ikj,3.815304,29.68209296,0,true,20260809
384,12,5,jki,78.669662,1.439515629,0,true,20260809
384,13,0,ijk,60.409114,1.874654344,0,true,20260809
384,13,1,jki,78.741371,1.438204676,0,true,20260809
384,13,2,kij,4.131863,27.40802587,0,true,20260809
384,13,3,kji,78.639056,1.440075883,0,true,20260809
384,13,4,ikj,3.809315,29.72875911,0,true,20260809
384,13,5,jik,60.953988,1.857896615,0,true,20260809
384,14,0,jki,78.771386,1.437656664,0,true,20260809
384,14,1,kij,4.13686,27.37491914,0,true,20260809
384,14,2,kji,78.662292,1.4396505,0,true,20260809
384,14,3,ikj,3.811598,29.71095273,0,true,20260809
384,14,4,ijk,60.493172,1.872049427,0,true,20260809
384,14,5,jik,60.909761,1.859245647,0,true,20260809
384,15,0,jik,60.914268,1.859108083,0,true,20260809
384,15,1,jki,78.747561,1.438091625,0,true,20260809
384,15,2,ikj,3.816256,29.67468849,0,true,20260809
384,15,3,kij,4.121436,27.47736663,0,true,20260809
384,15,4,ijk,60.477679,1.872529004,0,true,20260809
384,15,5,kji,78.718176,1.438628456,0,true,20260809
384,16,0,jki,78.900772,1.435299112,0,true,20260809
384,16,1,ikj,3.811729,29.70993163,0,true,20260809
384,16,2,jik,60.977864,1.857169152,0,true,20260809
384,16,3,ijk,60.397798,1.875005576,0,true,20260809
384,16,4,kji,78.839188,1.436420274,0,true,20260809
384,16,5,kij,4.147005,27.30795068,0,true,20260809
384,17,0,jki,78.625416,1.440325708,0,true,20260809
384,17,1,kji,78.839679,1.436411328,0,true,20260809
384,17,2,jik,60.920849,1.858907252,0,true,20260809
384,17,3,ikj,3.808544,29.73477738,0,true,20260809
384,17,4,ijk,60.435986,1.873820806,0,true,20260809
384,17,5,kij,4.1301,27.41972543,0,true,20260809
384,18,0,jik,60.964284,1.857582843,0,true,20260809
384,18,1,kij,4.134907,27.38784887,0,true,20260809
384,18,2,jki,78.656433,1.439757737,0,true,20260809
384,18,3,kji,78.81982,1.436773238,0,true,20260809
384,18,4,ijk,60.492962,1.872055926,0,true,20260809
384,18,5,ikj,3.810277,29.72125334,0,true,20260809
384,19,0,jki,78.618646,1.440449738,0,true,20260809
384,19,1,ijk,60.429686,1.874016158,0,true,20260809
384,19,2,kij,4.121557,27.47655995,0,true,20260809
384,19,3,kji,78.669834,1.439512482,0,true,20260809
384,19,4,ikj,3.815975,29.67687367,0,true,20260809
384,19,5,jik,60.91542,1.859072924,0,true,20260809
384,20,0,kji,78.754301,1.43796855,0,true,20260809
384,20,1,ikj,3.81228,29.70563757,0,true,20260809
384,20,2,ijk,60.43839,1.873746273,0,true,20260809
384,20,3,jik,60.919046,1.858962269,0,true,20260809
384,20,4,kij,4.129619,27.42291916,0,true,20260809
384,20,5,jki,78.748372,1.438076815,0,true,20260809
384,21,0,kji,78.547168,1.441760548,0,true,20260809
384,21,1,jki,78.80662,1.437013896,0,true,20260809
384,21,2,kij,4.133755,27.39548135,0,true,20260809
384,21,3,ikj,3.809095,29.73047614,0,true,20260809
384,21,4,jik,60.979997,1.857104191,0,true,20260809
384,21,5,ijk,60.427143,1.874095024,0,true,20260809
384,22,0,kij,4.128538,27.43009947,0,true,20260809
384,22,1,jik,60.907738,1.8593074,0,true,20260809
384,22,2,ikj,3.802605,29.78121788,0,true,20260809
384,22,3,jki,78.671536,1.439481339,0,true,20260809
384,22,4,kji,78.761992,1.437828134,0,true,20260809
384,22,5,ijk,60.402786,1.87485074,0,true,20260809
384,23,0,kij,4.121737,27.47536002,0,true,20260809
384,23,1,ijk,60.427023,1.874098746,0,true,20260809
384,23,2,jki,78.698937,1.438980148,0,true,20260809
384,23,3,ikj,3.806471,29.75097091,0,true,20260809
384,23,4,kji,78.818027,1.436805923,0,true,20260809
384,23,5,jik,60.935431,1.858462411,0,true,20260809
384,24,0,jik,60.984535,1.856966,0,true,20260809
384,24,1,ijk,60.480934,1.872428227,0,true,20260809
384,24,2,jki,78.650114,1.439873412,0,true,20260809
384,24,3,kji,78.913462,1.435068303,0,true,20260809
384,24,4,ikj,3.813652,29.69495067,0,true,20260809
384,24,5,kij,4.120955,27.4805738,0,true,20260809
384,25,0,jik,60.945736,1.858148173,0,true,20260809
384,25,1,kji,78.783646,1.437432941,0,true,20260809
384,25,2,jki,78.693889,1.439072455,0,true,20260809
384,25,3,ijk,60.41266,1.874544309,0,true,20260809
384,25,4,ikj,3.810317,29.72094133,0,true,20260809
384,25,5,kij,4.133015,27.4003864,0,true,20260809
384,26,0,kij,4.126163,27.4458881,0,true,20260809
384,26,1,jik,60.898595,1.859586547,0,true,20260809
384,26,2,kji,78.831517,1.43656005,0,true,20260809
384,26,3,jki,78.750995,1.438028916,0,true,20260809
384,26,4,ikj,3.809145,29.73008589,0,true,20260809
384,26,5,ijk,60.38573,1.875380293,0,true,20260809
384,27,0,ijk,60.386982,1.875341411,0,true,20260809
384,27,1,kij,4.126264,27.4452163,0,true,20260809
384,27,2,ikj,3.810867,29.71665188,0,true,20260809
384,27,3,jki,78.669572,1.439517276,0,true,20260809
384,27,4,kji,78.720511,1.438585784,0,true,20260809
384,27,5,jik,61.067821,1.854433418,0,true,20260809
384,28,0,kij,4.132804,27.40178533,0,true,20260809
384,28,1,ijk,60.433633,1.873893764,0,true,20260809
384,28,2,jki,78.597675,1.44083407,0,true,20260809
384,28,3,ikj,3.808414,29.73579238,0,true,20260809
384,28,4,jik,60.942491,1.858247114,0,true,20260809
384,28,5,kji,78.7477,1.438089087,0,true,20260809
384,29,0,jik,60.976123,1.857222179,0,true,20260809
384,29,1,kji,78.787952,1.437354381,0,true,20260809
384,29,2,ijk,60.458831,1.873112763,0,true,20260809
384,29,3,ikj,3.809225,29.7294615,0,true,20260809
384,29,4,jki,78.612677,1.44055911,0,true,20260809
384,29,5,kij,4.154807,27.25667113,0,true,20260809
384,30,0,kij,4.128187,27.43243172,0,true,20260809
384,30,1,kji,78.824227,1.436692909,0,true,20260809
384,30,2,ijk,60.467494,1.872844408,0,true,20260809
384,30,3,jki,78.635662,1.440138038,0,true,20260809
384,30,4,ikj,3.814092,29.69152501,0,true,20260809
384,30,5,jik,60.907299,1.859320802,0,true,20260809
384,31,0,kij,4.1308,27.41507892,0,true,20260809
384,31,1,ikj,3.813983,29.69237356,0,true,20260809
384,31,2,jki,78.684666,1.439241135,0,true,20260809
384,31,3,kji,78.729734,1.438417257,0,true,20260809
384,31,4,jik,60.923103,1.858838477,0,true,20260809
384,31,5,ijk,60.405049,1.874780501,0,true,20260809
384,32,0,kij,4.180887,27.08664645,0,true,20260809
384,32,1,ijk,60.429056,1.874035696,0,true,20260809
384,32,2,kji,78.666058,1.439581579,0,true,20260809
384,32,3,ikj,3.829126,29.57494948,0,true,20260809
384,32,4,jki,78.787281,1.437366623,0,true,20260809
384,32,5,jik,60.976373,1.857214564,0,true,20260809
384,33,0,jik,60.975131,1.857252394,0,true,20260809
384,33,1,ijk,60.407603,1.874701236,0,true,20260809
384,33,2,ikj,3.806361,29.75183069,0,true,20260809
384,33,3,jki,78.715262,1.438681713,0,true,20260809
384,33,4,kij,4.139043,27.36048115,0,true,20260809
384,33,5,kji,78.749124,1.438063082,0,true,20260809
384,34,0,jik,60.931946,1.858568705,0,true,20260809
384,34,1,kji,78.846,1.436296172,0,true,20260809
384,34,2,jki,78.840411,1.436397991,0,true,20260809
384,34,3,ijk,60.553273,1.87019136,0,true,20260809
384,34,4,ikj,3.80642,29.75136953,0,true,20260809
384,34,5,kij,4.125973,27.44715198,0,true,20260809
384,35,0,kji,78.659178,1.439707494,0,true,20260809
384,35,1,jik,60.92882,1.858664061,0,true,20260809
384,35,2,ijk,60.476588,1.872562784,0,true,20260809
384,35,3,jki,78.69351,1.439079385,0,true,20260809
384,35,4,kij,4.132873,27.40132784,0,true,20260809
384,35,5,ikj,3.805099,29.76169818,0,true,20260809
384,36,0,kji,78.902054,1.435275791,0,true,20260809
384,36,1,jik,60.975331,1.857246302,0,true,20260809
384,36,2,jki,78.712147,1.438738649,0,true,20260809
384,36,3,ijk,60.414153,1.874497984,0,true,20260809
384,36,4,kij,4.120035,27.48671019,0,true,20260809
384,36,5,ikj,3.808134,29.73797876,0,true,20260809
384,37,0,kij,4.120575,27.48310806,0,true,20260809
384,37,1,kji,78.764116,1.437789361,0,true,20260809
384,37,2,jki,78.835073,1.436495251,0,true,20260809
384,37,3,ikj,3.810638,29.7184377,0,true,20260809
384,37,4,jik,60.907108,1.859326632,0,true,20260809
384,37,5,ijk,60.470028,1.872765926,0,true,20260809
384,38,0,jki,78.83911,1.436421695,0,true,20260809
384,38,1,ikj,3.808293,29.73673717,0,true,20260809
384,38,2,kji,78.711307,1.438754003,0,true,20260809
384,38,3,kij,4.133485,27.39727083,0,true,20260809
384,38,4,jik,60.910313,1.859228798,0,true,20260809
384,38,5,ijk,60.449857,1.873390834,0,true,20260809
384,39,0,jik,60.937875,1.858387875,0,true,20260809
384,39,1,ikj,3.812299,29.70548952,0,true,20260809
384,39,2,jki,78.491385,1.442785192,0,true,20260809
384,39,3,ijk,60.411139,1.874591505,0,true,20260809
384,39,4,kij,4.127847,27.43469126,0,true,20260809
384,39,5,kji,78.925269,1.434853621,0,true,20260809
384,40,0,ijk,60.402916,1.874846704,0,true,20260809
384,40,1,kij,4.122358,27.47122108,0,true,20260809
384,40,2,jki,78.547039,1.441762916,0,true,20260809
384,40,3,ikj,3.804768,29.76428734,0,true,20260809
384,40,4,jik,60.955321,1.857855986,0,true,20260809
384,40,5,kji,78.694201,1.439066749,0,true,20260809
384,41,0,ikj,3.814554,29.68792892,0,true,20260809
384,41,1,ijk,60.472381,1.872693056,0,true,20260809
384,41,2,kji,78.810437,1.436944297,0,true,20260809
384,41,3,jki,78.691187,1.439121868,0,true,20260809
384,41,4,jik,61.002482,1.856419678,0,true,20260809
384,41,5,kij,4.132864,27.40138751,0,true,20260809
384,42,0,jki,78.775985,1.437572732,0,true,20260809
384,42,1,jik,61.027791,1.855649797,0,true,20260809
384,42,2,ijk,60.448456,1.873434253,0,true,20260809
384,42,3,kji,78.707241,1.438828328,0,true,20260809
384,42,4,kij,4.140856,27.34850186,0,true,20260809
384,42,5,ikj,3.807733,29.74111052,0,true,20260809
384,43,0,kji,78.706238,1.438846664,0,true,20260809
384,43,1,jik,61.00029,1.856486387,0,true,20260809
384,43,2,ijk,60.448936,1.873419377,0,true,20260809
384,43,3,jki,78.694452,1.439062159,0,true,20260809
384,43,4,ikj,3.814052,29.6918364,0,true,20260809
384,43,5,kij,4.122027,27.47342703,0,true,20260809
384,44,0,jki,78.632048,1.440204228,0,true,20260809
384,44,1,ikj,3.839201,29.4973376,0,true,20260809
384,44,2,kij,4.125523,27.45014584,0,true,20260809
384,44,3,jik,60.977845,1.857169731,0,true,20260809
384,44,4,ijk,60.400142,1.874932811,0,true,20260809
384,44,5,kji,78.611116,1.440587715,0,true,20260809
384,45,0,ikj,3.815485,29.68068489,0,true,20260809
384,45,1,kij,4.122328,27.471421,0,true,20260809
384,45,2,jki,78.881484,1.43565007,0,true,20260809
384,45,3,kji,78.730366,1.43840571,0,true,20260809
384,45,4,ijk,60.461975,1.873015362,0,true,20260809
384,45,5,jik,60.988292,1.856851607,0,true,20260809
384,46,0,kji,78.803266,1.437075057,0,true,20260809
384,46,1,jik,60.967649,1.857480317,0,true,20260809
384,46,2,kij,4.178593,27.10151671,0,true,20260809
384,46,3,ijk,60.411549,1.874578783,0,true,20260809
384,46,4,ikj,3.8057,29.75699819,0,true,20260809
384,46,5,jki,78.665337,1.439594773,0,true,20260809
384,47,0,ikj,3.815844,29.67789249,0,true,20260809
384,47,1,jki,78.628241,1.44027396,0,true,20260809
384,47,2,kij,4.135578,27.38340517,0,true,20260809
384,47,3,ijk,60.441966,1.873635414,0,true,20260809
384,47,4,jik,60.973228,1.857310359,0,true,20260809
384,47,5,kji,78.889537,1.435503519,0,true,20260809
384,48,0,jik,60.989473,1.856815651,0,true,20260809
384,48,1,kji,78.900503,1.435304006,0,true,20260809
384,48,2,ijk,60.513163,1.871430981,0,true,20260809
384,48,3,ikj,3.809936,29.72391347,0,true,20260809
384,48,4,kij,4.12363,27.46274714,0,true,20260809
384,48,5,jki,78.645017,1.439966731,0,true,20260809
384,49,0,kji,78.588462,1.441002981,0,true,20260809
384,49,1,ikj,3.814823,29.68583549,0,true,20260809
384,49,2,kij,4.122298,27.47162093,0,true,20260809
384,49,3,jki,78.707121,1.438830522,0,true,20260809
384,49,4,ijk,60.409487,1.874642769,0,true,20260809
384,49,5,jik,60.936803,1.858420567,0,true,20260809
448,0,0,ijk,94.580463,1.901352333,0,true,20260809
448,0,1,jik,95.028811,1.892381711,0,true,20260809
448,0,2,jki,101.62831,1.769494976,0,true,20260809
448,0,3,ikj,5.892442,30.51888911,0,true,20260809
448,0,4,kij,6.761986,26.5943739,0,true,20260809
448,0,5,kji,101.330181,1.774701103,0,true,20260809
448,1,0,jki,101.592547,1.770117881,0,true,20260809
448,1,1,kji,101.362199,1.774140516,0,true,20260809
448,1,2,kij,6.779693,26.52491551,0,true,20260809
448,1,3,jik,95.198937,1.888999916,0,true,20260809
448,1,4,ijk,94.350897,1.90597853,0,true,20260809
448,1,5,ikj,5.89778,30.49126688,0,true,20260809
448,2,0,kji,101.433516,1.772893133,0,true,20260809
448,2,1,kij,6.779692,26.52491942,0,true,20260809
448,2,2,jik,95.060097,1.891758894,0,true,20260809
448,2,3,jki,101.546278,1.770924425,0,true,20260809
448,2,4,ikj,5.898091,30.48965911,0,true,20260809
448,2,5,ijk,94.533904,1.90228877,0,true,20260809
448,3,0,jki,101.458554,1.772455618,0,true,20260809
448,3,1,kji,101.46265,1.772384064,0,true,20260809
448,3,2,kij,6.769667,26.56419939,0,true,20260809
448,3,3,ijk,94.723559,1.898480018,0,true,20260809
448,3,4,jik,95.176223,1.88945073,0,true,20260809
448,3,5,ikj,5.900224,30.47863674,0,true,20260809
448,4,0,jik,95.06779,1.891605811,0,true,20260809
448,4,1,jki,101.595572,1.770065176,0,true,20260809
448,4,2,ikj,5.922959,30.36164593,0,true,20260809
448,4,3,ijk,94.36721,1.905649049,0,true,20260809
448,4,4,kji,101.252523,1.776062252,0,true,20260809
448,4,5,kij,6.788005,26.49243541,0,true,20260809
448,5,0,jki,101.516152,1.771449966,0,true,20260809
448,5,1,kij,6.770539,26.5607781,0,true,20260809
448,5,2,kji,101.470113,1.772253708,0,true,20260809
448,5,3,ikj,5.887455,30.5447403,0,true,20260809
448,5,4,jik,94.921749,1.894516124,0,true,20260809
448,5,5,ijk,94.485901,1.903255217,0,true,20260809
448,6,0,ikj,5.889118,30.53611492,0,true,20260809
448,6,1,kij,6.75769,26.61128048,0,true,20260809
448,6,2,ijk,94.317486,1.906653704,0,true,20260809
448,6,3,jik,95.05468,1.891866702,0,true,20260809
448,6,4,jki,101.732588,1.767681208,0,true,20260809
448,6,5,kji,101.42846,1.772981508,0,true,20260809
448,7,0,jik,95.083474,1.891293791,0,true,20260809
448,7,1,ijk,94.423316,1.904516719,0,true,20260809
448,7,2,jki,101.575492,1.770415092,0,true,20260809
448,7,3,ikj,5.885201,30.55643877,0,true,20260809
448,7,4,kij,6.751651,26.63508289,0,true,20260809
448,7,5,kji,101.318594,1.774904062,0,true,20260809
448,8,0,jik,95.093007,1.89110419,0,true,20260809
448,8,1,kij,6.767244,26.57371066,0,true,20260809
448,8,2,ikj,5.910369,30.42632093,0,true,20260809
448,8,3,kji,101.48185,1.772048736,0,true,20260809
448,8,4,jki,101.744467,1.767474825,0,true,20260809
448,8,5,ijk,94.736739,1.898215897,0,true,20260809
448,9,0,jik,95.180099,1.889373786,0,true,20260809
448,9,1,kji,101.432156,1.772916904,0,true,20260809
448,9,2,ijk,94.668967,1.899574799,0,true,20260809
448,9,3,kij,6.748455,26.64769699,0,true,20260809
448,9,4,ikj,5.886964,30.54728787,0,true,20260809
448,9,5,jki,101.602101,1.76995143,0,true,20260809
448,10,0,kij,6.778781,26.5284841,0,true,20260809
448,10,1,kji,101.290431,1.77539756,0,true,20260809
448,10,2,ijk,94.299879,1.9070097,0,true,20260809
448,10,3,jki,101.386246,1.773719721,0,true,20260809
448,10,4,jik,95.192038,1.88913682,0,true,20260809
448,10,5,ikj,5.886494,30.54972688,0,true,20260809
448,11,0,ijk,94.552021,1.901924275,0,true,20260809
448,11,1,ikj,5.883379,30.56590167,0,true,20260809
448,11,2,kij,6.755056,26.62165702,0,true,20260809
448,11,3,kji,101.333256,1.774647249,0,true,20260809
448,11,4,jki,101.674502,1.768691073,0,true,20260809
448,11,5,jik,95.210526,1.888769987,0,true,20260809
448,12,0,kij,6.773794,26.54801489,0,true,20260809
448,12,1,ijk,94.325999,1.906481627,0,true,20260809
448,12,2,jki,101.411514,1.773277776,0,true,20260809
448,12,3,ikj,5.885723,30.55372874,0,true,20260809
448,12,4,kji,101.36942,1.774014136,0,true,20260809
448,12,5,jik,95.045226,1.892054883,0,true,20260809
448,13,0,kji,101.512307,1.771517063,0,true,20260809
448,13,1,kij,6.769768,26.56380307,0,true,20260809
448,13,2,jki,101.521651,1.771354014,0,true,20260809
448,13,3,jik,94.954349,1.893865693,0,true,20260809
448,13,4,ikj,5.886203,30.55123719,0,true,20260809
448,13,5,ijk,94.609958,1.90075958,0,true,20260809
448,14,0,jki,101.396873,1.773533825,0,true,20260809
448,14,1,jik,94.998356,1.89298838,0,true,20260809
448,14,2,kij,6.780744,26.52080421,0,true,20260809
448,14,3,ijk,94.67721,1.899409414,0,true,20260809
448,14,4,kji,101.285333,1.775486921,0,true,20260809
448,14,5,ikj,5.892413,30.51903931,0,true,20260809
448,15,0,jki,101.46221,1.772391751,0,true,20260809
448,15,1,kij,6.792963,26.47309929,0,true,20260809
448,15,2,jik,95.030133,1.892355386,0,true,20260809
448,15,3,ijk,94.678282,1.899387908,0,true,20260809
448,15,4,ikj,5.897871,30.49079642,0,true,20260809
448,15,5,kji,101.450813,1.772590861,0,true,20260809
448,16,0,jik,95.035051,1.892257458,0,true,20260809
448,16,1,ikj,5.895176,30.5047354,0,true,20260809
448,16,2,jki,101.390323,1.773648398,0,true,20260809
448,16,3,ijk,94.616869,1.900620744,0,true,20260809
448,16,4,kji,101.406117,1.773372153,0,true,20260809
448,16,5,kij,6.771841,26.55567135,0,true,20260809
448,17,0,ikj,5.880334,30.58172954,0,true,20260809
448,17,1,jki,101.406567,1.773364283,0,true,20260809
448,17,2,kji,101.390022,1.773653664,0,true,20260809
448,17,3,jik,94.969012,1.893573285,0,true,20260809
448,17,4,kij,6.770499,26.56093502,0,true,20260809
448,17,5,ijk,94.361804,1.905758224,0,true,20260809
448,18,0,kji,101.383122,1.773774376,0,true,20260809
448,18,1,jki,101.796566,1.76657024,0,true,20260809
448,18,2,ijk,94.553102,1.901902531,0,true,20260809
448,18,3,jik,95.092338,1.891117495,0,true,20260809
448,18,4,kij,6.778771,26.52852324,0,true,20260809
448,18,5,ikj,5.888776,30.53788835,0,true,20260809
448,19,0,kij,6.759432,26.60442238,0,true,20260809
448,19,1,kji,101.363993,1.774109116,0,true,20260809
448,19,2,ijk,94.73021,1.898346726,0,true,20260809
448,19,3,ikj,5.921807,30.36755234,0,true,20260809
448,19,4,jki,101.425035,1.77304138,0,true,20260809
448,19,5,jik,95.077225,1.891418097,0,true,20260809
448,20,0,ikj,5.896709,30.49680491,0,true,20260809
448,20,1,jki,101.447369,1.772651038,0,true,20260809
448,20,2,ijk,94.595087,1.901058392,0,true,20260809
448,20,3,kji,101.386107,1.773722153,0,true,20260809
448,20,4,kij,6.776869,26.53596875,0,true,20260809
448,20,5,jik,94.82921,1.896364886,0,true,20260809
448,21,0,ikj,5.88453,30.55992305,0,true,20260809
448,21,1,kji,101.376402,1.773891956,0,true,20260809
448,21,2,kij,6.786623,26.49783022,0,true,20260809
448,21,3,jik,95.090796,1.891148161,0,true,20260809
448,21,4,jki,101.655624,1.769019528,0,true,20260809
448,21,5,ijk,94.584361,1.901273975,0,true,20260809
448,22,0,kji,101.339687,1.77453463,0,true,20260809
448,22,1,ijk,94.460032,1.903776446,0,true,20260809
448,22,2,jki,101.458677,1.772453469,0,true,20260809
448,22,3,jik,95.127762,1.890413274,0,true,20260809
448,22,4,kij,6.772562,26.55284426,0,true,20260809
448,22,5,ikj,5.903399,30.46224455,0,true,20260809
448,23,0,kij,6.740283,26.68000498,0,true,20260809
448,23,1,jki,101.460299,1.772425133,0,true,20260809
448,23,2,ikj,5.918973,30.3820923,0,true,20260809
448,23,3,ijk,94.626905,1.900419167,0,true,20260809
448,23,4,jik,95.099428,1.890976505,0,true,20260809
448,23,5,kji,101.437925,1.772816074,0,true,20260809
448,24,0,ikj,5.895336,30.5039075,0,true,20260809
448,24,1,kij,6.737018,26.69293506,0,true,20260809
448,24,2,jik,95.193571,1.889106398,0,true,20260809
448,24,3,kji,101.403654,1.773415226,0,true,20260809
448,24,4,ijk,94.633364,1.900289458,0,true,20260809
448,24,5,jki,101.458426,1.772457854,0,true,20260809
448,25,0,kji,101.511106,1.771538023,0,true,20260809
448,25,1,ijk,94.644021,1.900075484,0,true,20260809
448,25,2,jik,95.163014,1.889712993,0,true,20260809
448,25,3,ikj,5.900214,30.4786884,0,true,20260809
448,25,4,kij,6.754134,26.62529112,0,true,20260809
448,25,5,jki,101.350353,1.77434788,0,true,20260809
448,26,0,kij,6.79737,26.45593575,0,true,20260809
448,26,1,kji,101.340278,1.774524281,0,true,20260809
448,26,2,ikj,5.883198,30.56684205,0,true,20260809
448,26,3,jik,95.00137,1.892928323,0,true,20260809
448,26,4,ijk,94.644432,1.900067233,0,true,20260809
448,26,5,jki,101.476855,1.772135961,0,true,20260809
448,27,0,ijk,94.654637,1.899862381,0,true,20260809
448,27,1,kij,6.756598,26.61558139,0,true,20260809
448,27,2,jki,101.393278,1.773596707,0,true,20260809
448,27,3,kji,101.465537,1.772333635,0,true,20260809
448,27,4,jik,95.057696,1.891806677,0,true,20260809
448,27,5,ikj,5.901446,30.4723256,0,true,20260809
448,28,0,jik,95.045237,1.892054664,0,true,20260809
448,28,1,kij,6.763188,26.58964737,0,true,20260809
448,28,2,kji,101.505287,1.77163958,0,true,20260809
448,28,3,jki,101.580181,1.770333368,0,true,20260809
448,28,4,ijk,94.70292,1.898893762,0,true,20260809
448,28,5,ikj,5.892062,30.52085738,0,true,20260809
448,29,0,kij,6.75134,26.63630983,0,true,20260809
448,29,1,jik,95.06052,1.891750476,0,true,20260809
448,29,2,ijk,94.642759,1.90010082,0,true,20260809
448,29,3,ikj,5.881627,30.57500654,0,true,20260809
448,29,4,jki,101.528603,1.771232723,0,true,20260809
448,29,5,kji,101.569274,1.770523475,0,true,20260809
448,30,0,ikj,5.883259,30.56652512,0,true,20260809
448,30,1,ijk,94.693245,1.899087775,0,true,20260809
448,30,2,kji,101.455342,1.772511732,0,true,20260809
448,30,3,jik,95.076795,1.891426651,0,true,20260809
448,30,4,jki,101.798611,1.766534752,0,true,20260809
448,30,5,kij,6.778471,26.52969733,0,true,20260809
448,31,0,jki,101.43444,1.772876983,0,true,20260809
448,31,1,ikj,5.887415,30.54494783,0,true,20260809
448,31,2,ijk,94.69561,1.899040346,0,true,20260809
448,31,3,kij,6.747404,26.65184773,0,true,20260809
448,31,4,jik,94.983995,1.893274588,0,true,20260809
448,31,5,kji,101.57295,1.770459399,0,true,20260809
448,32,0,kij,6.776759,26.53639948,0,true,20260809
448,32,1,kji,101.456915,1.772484251,0,true,20260809
448,32,2,jki,101.640141,1.769289006,0,true,20260809
448,32,3,ijk,94.515036,1.902668524,0,true,20260809
448,32,4,jik,95.22593,1.888464455,0,true,20260809
448,32,5,ikj,5.889258,30.53538901,0,true,20260809
448,33,0,jik,95.09933,1.890978454,0,true,20260809
448,33,1,kij,6.764851,26.58311085,0,true,20260809
448,33,2,jki,101.450084,1.772603599,0,true,20260809
448,33,3,ijk,94.67598,1.899434091,0,true,20260809
448,33,4,ikj,5.881706,30.57459587,0,true,20260809
448,33,5,kji,101.446839,1.772660299,0,true,20260809
448,34,0,jki,101.612841,1.769764355,0,true,20260809
448,34,1,jik,95.022293,1.892511518,0,true,20260809
448,34,2,ijk,94.448015,1.904018671,0,true,20260809
448,34,3,kij,6.75773,26.61112297,0,true,20260809
448,34,4,ikj,5.882358,30.57120699,0,true,20260809
448,34,5,kji,101.296422,1.775292557,0,true,20260809
448,35,0,ikj,5.893925,30.5112101,0,true,20260809
448,35,1,ijk,94.678013,1.899393305,0,true,20260809
448,35,2,jik,94.93381,1.894275433,0,true,20260809
448,35,3,jki,101.509224,1.771570867,0,true,20260809
448,35,4,kji,101.52671,1.771265749,0,true,20260809
448,35,5,kij,6.782548,26.51375029,0,true,20260809
448,36,0,ikj,5.9036,30.4612074,0,true,20260809
448,36,1,ijk,94.649691,1.89996166,0,true,20260809
448,36,2,kji,101.412839,1.773254607,0,true,20260809
448,36,3,kij,6.791571,26.47852522,0,true,20260809
448,36,4,jki,101.54642,1.770921949,0,true,20260809
448,36,5,jik,95.004867,1.892858647,0,true,20260809
448,37,0,jki,101.661314,1.768920516,0,true,20260809
448,37,1,kij,6.784119,26.50761049,0,true,20260809
448,37,2,ikj,5.903429,30.46208974,0,true,20260809
448,37,3,ijk,94.532765,1.902311691,0,true,20260809
448,37,4,kji,101.337895,1.77456601,0,true,20260809
448,37,5,jik,95.004778,1.89286042,0,true,20260809
448,38,0,jik,95.025298,1.892451671,0,true,20260809
448,38,1,ijk,94.724624,1.898458673,0,true,20260809
448,38,2,jki,101.471167,1.772235299,0,true,20260809
448,38,3,kji,101.438948,1.772798196,0,true,20260809
448,38,4,kij,6.7842,26.50729401,0,true,20260809
448,38,5,ikj,5.927205,30.33989612,0,true,20260809
448,39,0,ikj,5.883509,30.5652263,0,true,20260809
448,39,1,kij,6.749937,26.64184629,0,true,20260809
448,39,2,kji,101.405557,1.773381946,0,true,20260809
448,39,3,jik,95.134804,1.890273343,0,true,20260809
448,39,4,jki,101.721455,1.767874673,0,true,20260809
448,39,5,ijk,94.478902,1.90339621,0,true,20260809
448,40,0,kji,101.338948,1.774547571,0,true,20260809
448,40,1,kij,6.773524,26.54907313,0,true,20260809
448,40,2,ikj,5.906334,30.44710712,0,true,20260809
448,40,3,jki,101.517466,1.771427037,0,true,20260809
448,40,4,jik,95.11876,1.890592182,0,true,20260809
448,40,5,ijk,94.434286,1.90429548,0,true,20260809
448,41,0,ikj,5.894606,30.50768516,0,true,20260809
448,41,1,kij,6.750449,26.63982559,0,true,20260809
448,41,2,jik,95.135864,1.890252282,0,true,20260809
448,41,3,ijk,94.587837,1.901204105,0,true,20260809
448,41,4,kji,101.391277,1.77363171,0,true,20260809
448,41,5,jki,101.622255,1.769600409,0,true,20260809
448,42,0,ijk,94.65583,1.899838436,0,true,20260809
448,42,1,jki,101.606702,1.769871283,0,true,20260809
448,42,2,kji,101.544187,1.770960892,0,true,20260809
448,42,3,jik,95.054372,1.891872833,0,true,20260809
448,42,4,ikj,5.888266,30.54053333,0,true,20260809
448,42,5,kij,6.748977,26.64563592,0,true,20260809
448,43,0,jki,101.427541,1.772997573,0,true,20260809
448,43,1,kji,101.496676,1.771789886,0,true,20260809
448,43,2,ijk,94.650843,1.899938535,0,true,20260809
448,43,3,jik,95.215967,1.888662056,0,true,20260809
448,43,4,kij,6.761175,26.59756388,0,true,20260809
448,43,5,ikj,5.887485,30.54458466,0,true,20260809
448,44,0,ijk,94.353163,1.905932756,0,true,20260809
448,44,1,kij,6.755827,26.61861886,0,true,20260809
448,44,2,ikj,5.896949,30.49556372,0,true,20260809
448,44,3,kji,101.397605,1.773521022,0,true,20260809
448,44,4,jik,95.146492,1.890041138,0,true,20260809
448,44,5,jki,101.640413,1.769284271,0,true,20260809
448,45,0,ijk,94.661709,1.899720446,0,true,20260809
448,45,1,jik,94.885187,1.895246136,0,true,20260809
448,45,2,ikj,5.888687,30.53834989,0,true,20260809
448,45,3,kij,6.744099,26.66490869,0,true,20260809
448,45,4,kji,101.430806,1.772940501,0,true,20260809
448,45,5,jki,101.535344,1.77111513,0,true,20260809
448,46,0,jik,95.090908,1.891145934,0,true,20260809
448,46,1,kij,6.778512,26.52953687,0,true,20260809
448,46,2,kji,101.322633,1.774833309,0,true,20260809
448,46,3,ijk,94.571623,1.90153006,0,true,20260809
448,46,4,ikj,5.881516,30.57558357,0,true,20260809
448,46,5,jki,101.384917,1.773742972,0,true,20260809
448,47,0,jik,94.940701,1.894137942,0,true,20260809
448,47,1,kji,101.402985,1.773426926,0,true,20260809
448,47,2,jki,101.679714,1.768600411,0,true,20260809
448,47,3,ijk,94.514938,1.902670496,0,true,20260809
448,47,4,ikj,5.900004,30.47977323,0,true,20260809
448,47,5,kij,6.835286,26.30918209,0,true,20260809
448,48,0,ikj,5.879834,30.5843301,0,true,20260809
448,48,1,ijk,94.709282,1.898766205,0,true,20260809
448,48,2,jik,95.041933,1.892120439,0,true,20260809
448,48,3,kij,6.781526,26.51774601,0,true,20260809
448,48,4,kji,101.495073,1.771817869,0,true,20260809
448,48,5,jki,101.701045,1.768229461,0,true,20260809
448,49,0,ijk,94.739567,1.898159235,0,true,20260809
448,49,1,ikj,5.893294,30.51447696,0,true,20260809
448,49,2,kji,101.324065,1.774808225,0,true,20260809
448,49,3,jik,95.160183,1.889769212,0,true,20260809
448,49,4,jki,101.625341,1.769546672,0,true,20260809
448,49,5,kij,6.759733,26.60323773,0,true,20260809
512,0,0,kij,10.02776,26.76923421,0,true,20260809
512,0,1,jik,300.121175,0.8944235807,0,true,20260809
512,0,2,ikj,8.987449,29.8678141,0,true,20260809
512,0,3,ijk,288.088666,0.93178069,0,true,20260809
512,0,4,jki,875.350867,0.3066604103,0,true,20260809
512,0,5,kji,870.526009,0.3083600642,0,true,20260809
512,1,0,jki,875.041803,0.3067687225,0,true,20260809
512,1,1,ijk,287.935657,0.9322758383,0,true,20260809
512,1,2,kij,10.039689,26.73742742,0,true,20260809
512,1,3,kji,870.548837,0.3083519782,0,true,20260809
512,1,4,jik,300.562145,0.8931113264,0,true,20260809
512,1,5,ikj,8.984795,29.8766367,0,true,20260809
512,2,0,kji,870.855092,0.3082435396,0,true,20260809
512,2,1,ikj,8.975411,29.90787341,0,true,20260809
512,2,2,jik,300.303384,0.8938808895,0,true,20260809
512,2,3,ijk,288.108509,0.9317165152,0,true,20260809
512,2,4,kij,10.046459,26.71940989,0,true,20260809
512,2,5,jki,875.041379,0.3067688711,0,true,20260809
512,3,0,kij,10.038427,26.74078877,0,true,20260809
512,3,1,ijk,287.842929,0.932576169,0,true,20260809
512,3,2,ikj,8.973719,29.91351256,0,true,20260809
512,3,3,kji,870.661183,0.3083121899,0,true,20260809
512,3,4,jik,300.285358,0.8939345488,0,true,20260809
512,3,5,jki,875.115966,0.3067427249,0,true,20260809
512,4,0,jki,874.996216,0.306784705,0,true,20260809
512,4,1,kji,870.762941,0.3082761603,0,true,20260809
512,4,2,ijk,288.004765,0.9320521346,0,true,20260809
512,4,3,kij,10.060391,26.68240787,0,true,20260809
512,4,4,jik,300.101503,0.8944822112,0,true,20260809
512,4,5,ikj,8.958395,29.96468184,0,true,20260809
512,5,0,jki,875.264275,0.3066907489,0,true,20260809
512,5,1,kji,870.875716,0.3082362398,0,true,20260809
512,5,2,kij,10.06708,26.66467893,0,true,20260809
512,5,3,jik,300.202487,0.8941813197,0,true,20260809
512,5,4,ijk,288.103637,0.9317322711,0,true,20260809
512,5,5,ikj,9.006798,29.80365009,0,true,20260809
512,6,0,kij,10.015973,26.80073678,0,true,20260809
512,6,1,ijk,287.704994,0.9330232759,0,true,20260809
512,6,2,ikj,8.977655,29.90039782,0,true,20260809
512,6,3,jki,875.053241,0.3067647126,0,true,20260809
512,6,4,jik,300.221425,0.8941249146,0,true,20260809
512,6,5,kji,870.8279,0.3082531646,0,true,20260809
512,7,0,jik,300.130179,0.8943967478,0,true,20260809
512,7,1,ikj,8.956402,29.97134966,0,true,20260809
512,7,2,ijk,288.076838,0.9318189476,0,true,20260809
512,7,3,kji,870.759398,0.3082774147,0,true,20260809
512,7,4,kij,10.085869,26.61500521,0,true,20260809
512,7,5,jki,874.716739,0.3068827245,0,true,20260809
512,8,0,kji,870.786642,0.3082677697,0,true,20260809
512,8,1,jik,300.392827,0.8936147334,0,true,20260809
512,8,2,ijk,288.023209,0.9319924493,0,true,20260809
512,8,3,ikj,8.950833,29.98999713,0,true,20260809
512,8,4,kij,9.990504,26.86906046,0,true,20260809
512,8,5,jki,875.347666,0.3066615317,0,true,20260809
512,9,0,jik,300.409273,0.8935658121,0,true,20260809
512,9,1,ijk,287.887294,0.9324324539,0,true,20260809
512,9,2,kji,870.714759,0.3082932191,0,true,20260809
512,9,3,ikj,8.959137,29.96220015,0,true,20260809
512,9,4,kij,9.998016,26.84887242,0,true,20260809
512,9,5,jki,875.540191,0.306594099,0,true,20260809
512,10,0,kij,10.059219,26.68551664,0,true,20260809
512,10,1,jik,300.067798,0.8945826836,0,true,20260809
512,10,2,jki,875.38633,0.3066479871,0,true,20260809
512,10,3,ijk,288.133888,0.9316344491,0,true,20260809
512,10,4,kji,871.05003,0.3081745557,0,true,20260809
512,10,5,ikj,8.971776,29.91999087,0,true,20260809
512,11,0,ijk,287.989941,0.9321001111,0,true,20260809
512,11,1,jik,300.110715,0.8944547548,0,true,20260809
512,11,2,kij,10.044156,26.72553632,0,true,20260809
512,11,3,ikj,8.935451,30.04162364,0,true,20260809
512,11,4,kji,870.692182,0.3083012132,0,true,20260809
512,11,5,jki,875.200675,0.3067130358,0,true,20260809
512,12,0,kij,10.037927,26.74212076,0,true,20260809
512,12,1,ikj,8.933989,30.04653979,0,true,20260809
512,12,2,jki,875.490785,0.3066114008,0,true,20260809
512,12,3,ijk,288.098547,0.9317487325,0,true,20260809
512,12,4,jik,300.146862,0.8943470347,0,true,20260809
512,12,5,kji,870.613969,0.3083289099,0,true,20260809
512,13,0,kij,10.063405,26.67441646,0,true,20260809
512,13,1,jki,875.338039,0.3066649043,0,true,20260809
512,13,2,ikj,9.053529,29.64981456,0,true,20260809
512,13,3,jik,300.376329,0.8936638146,0,true,20260809
512,13,4,kji,870.856319,0.3082431053,0,true,20260809
512,13,5,ijk,288.117888,0.9316861853,0,true,20260809
512,14,0,jki,875.240085,0.3066992253,0,true,20260809
512,14,1,kij,10.046158,26.72021045,0,true,20260809
512,14,2,ijk,287.874611,0.9324735345,0,true,20260809
512,14,3,jik,300.211051,0.8941558117,0,true,20260809
512,14,4,kji,870.56918,0.3083447728,0,true,20260809
512,14,5,ikj,9.071737,29.59030404,0,true,20260809
512,15,0,kij,10.079299,26.6323537,0,true,20260809
512,15,1,jik,300.279876,0.8939508687,0,true,20260809
512,15,2,kji,870.683364,0.3083043355,0,true,20260809
512,15,3,jki,875.345299,0.3066623609,0,true,20260809
512,15,4,ijk,288.107325,0.9317203441,0,true,20260809
512,15,5,ikj,8.94835,29.9983188,0,true,20260809
512,16,0,jik,300.296833,0.8939003896,0,true,20260809
512,16,1,kji,870.554843,0.3083498509,0,true,20260809
512,16,2,jki,875.206353,0.306711046,0,true,20260809
512,16,3,kij,10.025418,26.77548767,0,true,20260809
512,16,4,ijk,287.775315,0.9327952816,0,true,20260809
512,16,5,ikj,8.96112,29.95556984,0,true,20260809
512,17,0,ijk,288.005351,0.9320502382,0,true,20260809
512,17,1,jki,875.353578,0.3066594605,0,true,20260809
512,17,2,kji,870.629021,0.3083235793,0,true,20260809
512,17,3,ikj,8.963303,29.9482742,0,true,20260809
512,17,4,jik,300.190945,0.8942156999,0,true,20260809
512,17,5,kij,10.043616,26.72697323,0,true,20260809
512,18,0,ikj,8.942942,30.01645946,0,true,20260809
512,18,1,ijk,287.755156,0.9328606296,0,true,20260809
512,18,2,jik,300.185217,0.894232763,0,true,20260809
512,18,3,kji,870.618638,0.3083272564,0,true,20260809
512,18,4,kij,10.082414,26.62412553,0,true,20260809
512,18,5,jki,875.228635,0.3067032376,0,true,20260809
512,19,0,jik,300.361925,0.8937066707,0,true,20260809
512,19,1,ijk,288.110313,0.9317106812,0,true,20260809
512,19,2,jki,875.116218,0.3067426366,0,true,20260809
512,19,3,kij,10.04002,26.73654594,0,true,20260809
512,19,4,ikj,8.934289,30.04553088,0,true,20260809
512,19,5,kji,870.675339,0.3083071772,0,true,20260809
512,20,0,kji,870.737614,0.3082851271,0,true,20260809
512,20,1,jik,300.31075,0.8938589644,0,true,20260809
512,20,2,ikj,8.959908,29.95962191,0,true,20260809
512,20,3,jki,875.16769,0.3067245958,0,true,20260809
512,20,4,ijk,288.112659,0.9317030947,0,true,20260809
512,20,5,kij,10.027651,26.76952519,0,true,20260809
512,21,0,kji,870.615073,0.3083285189,0,true,20260809
512,21,1,kij,10.072299,26.65086253,0,true,20260809
512,21,2,ikj,8.94055,30.02449022,0,true,20260809
512,21,3,jki,875.211509,0.3067092391,0,true,20260809
512,21,4,jik,300.4955,0.893309404,0,true,20260809
512,21,5,ijk,287.938598,0.932266316,0,true,20260809
512,22,0,kji,870.728918,0.308288206,0,true,20260809
512,22,1,ikj,8.979618,29.89386141,0,true,20260809
512,22,2,jki,875.269201,0.3066890229,0,true,20260809
512,22,3,kij,10.044076,26.72574919,0,true,20260809
512,22,4,jik,300.36135,0.8937083816,0,true,20260809
512,22,5,ijk,287.940732,0.9322594068,0,true,20260809
512,23,0,jik,300.386788,0.8936326987,0,true,20260809
512,23,1,ikj,8.95472,29.97697929,0,true,20260809
512,23,2,kji,870.608842,0.3083307256,0,true,20260809
512,23,3,jki,875.208903,0.3067101524,0,true,20260809
512,23,4,kij,10.042604,26.72966653,0,true,20260809
512,23,5,ijk,288.001385,0.9320630732,0,true,20260809
512,24,0,ikj,8.965316,29.94154986,0,true,20260809
512,24,1,kji,870.868718,0.3082387166,0,true,20260809
512,24,2,kij,10.096896,26.58593849,0,true,20260809
512,24,3,jki,874.951357,0.3068004339,0,true,20260809
512,24,4,ijk,288.07052,0.9318393843,0,true,20260809
512,24,5,jik,300.262082,0.8940038456,0,true,20260809
512,25,0,ijk,288.062578,0.9318650755,0,true,20260809
512,25,1,jik,300.103452,0.8944764021,0,true,20260809
512,25,2,jki,875.158434,0.3067278399,0,true,20260809
512,25,3,ikj,8.961341,29.95483109,0,true,20260809
512,25,4,kji,870.958809,0.3082068328,0,true,20260809
512,25,5,kij,10.064527,26.67144278,0,true,20260809
512,26,0,ijk,287.97021,0.9321639763,0,true,20260809
512,26,1,jik,300.157515,0.8943152931,0,true,20260809
512,26,2,jki,875.088472,0.3067523623,0,true,20260809
512,26,3,kji,870.895387,0.3082292776,0,true,20260809
512,26,4,ikj,8.959218,29.96192927,0,true,20260809
512,26,5,kij,9.989795,26.87096742,0,true,20260809
512,27,0,jik,300.35871,0.8937162368,0,true,20260809
512,27,1,ijk,288.018975,0.9320061499,0,true,20260809
512,27,2,jki,875.269448,0.3066889363,0,true,20260809
512,27,3,kij,10.046911,26.71820782,0,true,20260809
512,27,4,ikj,9.00018,29.82556527,0,true,20260809
512,27,5,kji,870.711603,0.3082943366,0,true,20260809
512,28,0,jki,874.971181,0.3067934828,0,true,20260809
512,28,1,kij,10.087112,26.61172554,0,true,20260809
512,28,2,ikj,8.93498,30.04320726,0,true,20260809
512,28,3,ijk,287.907388,0.9323673764,0,true,20260809
512,28,4,jik,300.329889,0.8938020018,0,true,20260809
512,28,5,kji,870.661891,0.3083119392,0,true,20260809
512,29,0,jik,300.35051,0.8937406366,0,true,20260809
512,29,1,kji,870.819942,0.3082559816,0,true,20260809
512,29,2,kij,10.129927,26.49924881,0,true,20260809
512,29,3,ijk,287.844875,0.9325698642,0,true,20260809
512,29,4,jki,875.169226,0.3067240575,0,true,20260809
512,29,5,ikj,8.960128,29.9588863,0,true,20260809
512,30,0,ijk,288.064097,0.9318601617,0,true,20260809
512,30,1,kij,10.062675,26.67635157,0,true,20260809
512,30,2,ikj,8.950905,29.9897559,0,true,20260809
512,30,3,kji,870.661567,0.3083120539,0,true,20260809
512,30,4,jki,875.361229,0.3066567802,0,true,20260809
512,30,5,jik,300.342831,0.8937634872,0,true,20260809
512,31,0,ikj,8.968411,29.93121702,0,true,20260809
512,31,1,ijk,288.127564,0.9316548971,0,true,20260809
512,31,2,kji,870.561509,0.3083474898,0,true,20260809
512,31,3,jik,300.33552,0.8937852439,0,true,20260809
512,31,4,jki,875.209965,0.3067097802,0,true,20260809
512,31,5,kij,10.081584,26.62631745,0,true,20260809
512,32,0,jki,875.23259,0.3067018517,0,true,20260809
512,32,1,jik,300.365568,0.8936958313,0,true,20260809
512,32,2,ikj,8.968192,29.93194793,0,true,20260809
512,32,3,ijk,288.182779,0.9314763947,0,true,20260809
512,32,4,kji,870.575155,0.3083426565,0,true,20260809
512,32,5,kij,10.068554,26.66077532,0,true,20260809
512,33,0,kji,870.526904,0.3083597471,0,true,20260809
512,33,1,kij,10.080261,26.62981207,0,true,20260809
512,33,2,ikj,8.931907,30.05354355,0,true,20260809
512,33,3,jik,300.37965,0.8936539343,0,true,20260809
512,33,4,ijk,288.054717,0.9318905061,0,true,20260809
512,33,5,jki,875.046024,0.3067672427,0,true,20260809
512,34,0,ijk,288.042068,0.9319314288,0,true,20260809
512,34,1,kij,10.027041,26.77115372,0,true,20260809
512,34,2,ikj,8.972738,29.91678304,0,true,20260809
512,34,3,jik,300.532321,0.8931999564,0,true,20260809
512,34,4,kji,870.974184,0.3082013921,0,true,20260809
512,34,5,jki,874.987589,0.3067877298,0,true,20260809
512,35,0,ijk,288.007377,0.9320436816,0,true,20260809
512,35,1,jik,300.473824,0.8933738468,0,true,20260809
512,35,2,ikj,8.989263,29.86178689,0,true,20260809
512,35,3,jki,875.156386,0.3067285577,0,true,20260809
512,35,4,kij,10.037016,26.74454798,0,true,20260809
512,35,5,kji,870.904884,0.3082259164,0,true,20260809
512,36,0,kij,10.103837,26.56767483,0,true,20260809
512,36,1,ijk,288.015361,0.9320178447,0,true,20260809
512,36,2,jki,875.290462,0.3066815733,0,true,20260809
512,36,3,ikj,8.96044,29.95784314,0,true,20260809
512,36,4,kji,870.644423,0.308318125,0,true,20260809
512,36,5,jik,300.237329,0.8940775516,0,true,20260809
512,37,0,ikj,8.963545,29.94746565,0,true,20260809
512,37,1,jki,875.145406,0.306732406,0,true,20260809
512,37,2,jik,300.104318,0.8944738209,0,true,20260809
512,37,3,kji,870.8315,0.3082518903,0,true,20260809
512,37,4,ijk,288.062173,0.9318663857,0,true,20260809
512,37,5,kij,10.063095,26.67523818,0,true,20260809
512,38,0,kij,9.99302,26.86229548,0,true,20260809
512,38,1,kji,870.648055,0.3083168388,0,true,20260809
512,38,2,ijk,288.022273,0.931995478,0,true,20260809
512,38,3,jik,300.28888,0.8939240641,0,true,20260809
512,38,4,ikj,8.956964,29.96946912,0,true,20260809
512,38,5,jki,875.32242,0.3066703764,0,true,20260809
512,39,0,ijk,287.95338,0.9322184584,0,true,20260809
512,39,1,jik,300.351514,0.893737649,0,true,20260809
512,39,2,kji,870.962193,0.3082056353,0,true,20260809
512,39,3,kij,10.070888,26.6545965,0,true,20260809
512,39,4,jki,875.144343,0.3067327786,0,true,20260809
512,39,5,ikj,8.963595,29.9472986,0,true,20260809
512,40,0,jki,875.047308,0.3067667925,0,true,20260809
512,40,1,jik,300.319377,0.8938332874,0,true,20260809
512,40,2,kji,870.707753,0.3082956998,0,true,20260809
512,40,3,ikj,9.038227,29.70001262,0,true,20260809
512,40,4,ijk,288.085162,0.9317920234,0,true,20260809
512,40,5,kij,10.041013,26.73390185,0,true,20260809
512,41,0,ijk,287.991901,0.9320937675,0,true,20260809
512,41,1,ikj,8.960129,29.95888296,0,true,20260809
512,41,2,kji,870.706022,0.3082963127,0,true,20260809
512,41,3,jki,875.044759,0.3067676862,0,true,20260809
512,41,4,jik,300.287882,0.893927035,0,true,20260809
512,41,5,kij,10.026,26.77393337,0,true,20260809
512,42,0,kij,9.995454,26.85575423,0,true,20260809
512,42,1,kji,870.629209,0.3083235127,0,true,20260809
512,42,2,jik,300.310486,0.8938597502,0,true,20260809
512,42,3,jki,875.371057,0.3066533373,0,true,20260809
512,42,4,ijk,288.103551,0.9317325492,0,true,20260809
512,42,5,ikj,8.961051,29.9558005,0,true,20260809
512,43,0,ikj,8.971576,29.92065786,0,true,20260809
512,43,1,ijk,288.038283,0.931943675,0,true,20260809
512,43,2,kij,10.028594,26.76700802,0,true,20260809
512,43,3,jki,875.044154,0.3067678983,0,true,20260809
512,43,4,jik,300.306521,0.893871552,0,true,20260809
512,43,5,kji,870.717949,0.3082920897,0,true,20260809
512,44,0,ikj,8.966019,29.93920223,0,true,20260809
512,44,1,kij,10.002214,26.83760375,0,true,20260809
512,44,2,kji,870.624078,0.3083253298,0,true,20260809
512,44,3,jki,875.486707,0.306612829,0,true,20260809
512,44,4,ijk,288.03486,0.9319547502,0,true,20260809
512,44,5,jik,300.366544,0.8936929274,0,true,20260809
512,45,0,kji,870.438902,0.3083909225,0,true,20260809
512,45,1,ijk,288.151447,0.9315776783,0,true,20260809
512,45,2,kij,10.031088,26.76035301,0,true,20260809
512,45,3,ikj,8.937785,30.03377862,0,true,20260809
512,45,4,jki,875.244044,0.306697838,0,true,20260809
512,45,5,jik,300.328998,0.8938046535,0,true,20260809
512,46,0,ikj,8.969784,29.92663547,0,true,20260809
512,46,1,ijk,288.045057,0.9319217583,0,true,20260809
512,46,2,kij,10.031708,26.75869912,0,true,20260809
512,46,3,jik,300.49526,0.8933101174,0,true,20260809
512,46,4,kji,870.787173,0.3082675817,0,true,20260809
512,46,5,jki,874.969252,0.3067941592,0,true,20260809
512,47,0,ikj,8.957515,29.96762562,0,true,20260809
512,47,1,kji,870.809588,0.3082596468,0,true,20260809
512,47,2,kij,10.115045,26.53823646,0,true,20260809
512,47,3,jik,300.182869,0.8942397576,0,true,20260809
512,47,4,ijk,288.010697,0.9320329377,0,true,20260809
512,47,5,jki,875.293526,0.3066804998,0,true,20260809
512,48,0,kji,870.709411,0.3082951127,0,true,20260809
512,48,1,ikj,8.963965,29.94606248,0,true,20260809
512,48,2,kij,9.995945,26.85443507,0,true,20260809
512,48,3,jik,300.203221,0.8941791334,0,true,20260809
512,48,4,ijk,287.974582,0.9321498243,0,true,20260809
512,48,5,jki,875.356545,0.3066584211,0,true,20260809
512,49,0,kij,10.106703,26.56014093,0,true,20260809
512,49,1,kji,870.687661,0.308302814,0,true,20260809
512,49,2,jik,300.22804,0.8941052142,0,true,20260809
512,49,3,ijk,288.136679,0.9316254249,0,true,20260809
512,49,4,jki,875.110666,0.3067445826,0,true,20260809
512,49,5,ikj,8.976184,29.90529784,0,true,20260809
